INSERT INTO Users VALUES (620000000,'Deborah','Robertson','DeborahRobertson@gmail.com','RobertsonDeborah');
INSERT INTO Students VALUES (620000000,'UNDERGRAD','01-01-2020');
INSERT INTO Enrolled (u_id,courseCode) VALUES (620000000,'CHEM1494'),(620000000,'BIOC1598'),(620000000,'ECON3063'),(620000000,'PHYS1173'),(620000000,'ECON1498'),(620000000,'MATH3613');
INSERT INTO Users VALUES (620000001,'Antionette','Walker','AntionetteWalker@gmail.com','WalkerAntionette');
INSERT INTO Students VALUES (620000001,'UNDERGRAD','01-01-2020');
INSERT INTO Enrolled (u_id,courseCode) VALUES (620000001,'CHEM2177'),(620000001,'MATH1578'),(620000001,'MATH1262'),(620000001,'BIOC1052'),(620000001,'COMP2965'),(620000001,'ECON2703');
INSERT INTO Users VALUES (620000002,'Kasey','Busse','KaseyBusse@gmail.com','BusseKasey');
INSERT INTO Students VALUES (620000002,'UNDERGRAD','01-01-2020');
INSERT INTO Enrolled (u_id,courseCode) VALUES (620000002,'MATH3613'),(620000002,'ECON1098'),(620000002,'ECON1498'),(620000002,'PHYS3354'),(620000002,'INFO2270'),(620000002,'MATH1309');
INSERT INTO Users VALUES (620000003,'Betsy','Baccus','BetsyBaccus@gmail.com','BaccusBetsy');
INSERT INTO Students VALUES (620000003,'UNDERGRAD','01-01-2020');
INSERT INTO Enrolled (u_id,courseCode) VALUES (620000003,'COMP3506'),(620000003,'ECON3311'),(620000003,'CHEM2031'),(620000003,'INFO1825'),(620000003,'CHEM2797');
INSERT INTO Users VALUES (620000004,'Derek','Joaquin','DerekJoaquin@gmail.com','JoaquinDerek');
INSERT INTO Students VALUES (620000004,'UNDERGRAD','01-01-2020');
INSERT INTO Enrolled (u_id,courseCode) VALUES (620000004,'BIOC1910'),(620000004,'COMP3238'),(620000004,'CHEM3617'),(620000004,'PHYS2977'),(620000004,'BIOC2054');
INSERT INTO Users VALUES (620000005,'Daniel','Nunn','DanielNunn@gmail.com','NunnDaniel');
INSERT INTO Students VALUES (620000005,'UNDERGRAD','01-01-2020');
INSERT INTO Enrolled (u_id,courseCode) VALUES (620000005,'BIOC3604'),(620000005,'COMP2400'),(620000005,'ECON3228'),(620000005,'BIOC1725'),(620000005,'CHEM2481');
INSERT INTO Users VALUES (620000006,'Robert','Petersen','RobertPetersen@gmail.com','PetersenRobert');
INSERT INTO Students VALUES (620000006,'UNDERGRAD','01-01-2020');
INSERT INTO Enrolled (u_id,courseCode) VALUES (620000006,'PHYS3876'),(620000006,'CHEM1494'),(620000006,'PHYS3729');
INSERT INTO Users VALUES (620000007,'Brooke','Klein','BrookeKlein@gmail.com','KleinBrooke');
INSERT INTO Students VALUES (620000007,'UNDERGRAD','01-01-2020');
INSERT INTO Enrolled (u_id,courseCode) VALUES (620000007,'ECON1561'),(620000007,'INFO2337'),(620000007,'CHEM2220'),(620000007,'BIOC2981'),(620000007,'CHEM2065'),(620000007,'PHYS2451');
INSERT INTO Users VALUES (620000008,'Andrew','Moore','AndrewMoore@gmail.com','MooreAndrew');
INSERT INTO Students VALUES (620000008,'UNDERGRAD','01-01-2020');
INSERT INTO Enrolled (u_id,courseCode) VALUES (620000008,'CHEM3347'),(620000008,'COMP2400'),(620000008,'COMP3639'),(620000008,'INFO2813'),(620000008,'CHEM1340'),(620000008,'INFO2860');
INSERT INTO Users VALUES (620000009,'Margaret','Chappell','MargaretChappell@gmail.com','ChappellMargaret');
INSERT INTO Students VALUES (620000009,'UNDERGRAD','01-01-2020');
INSERT INTO Enrolled (u_id,courseCode) VALUES (620000009,'PHYS1140'),(620000009,'ECON1012'),(620000009,'COMP2651');
INSERT INTO Users VALUES (620000010,'Walter','Lamar','WalterLamar@gmail.com','LamarWalter');
INSERT INTO Students VALUES (620000010,'UNDERGRAD','01-01-2020');
INSERT INTO Enrolled (u_id,courseCode) VALUES (620000010,'INFO2813'),(620000010,'INFO3935'),(620000010,'PHYS2117'),(620000010,'BIOC3604'),(620000010,'CHEM2446');
INSERT INTO Users VALUES (620000011,'Luella','Comley','LuellaComley@gmail.com','ComleyLuella');
INSERT INTO Students VALUES (620000011,'UNDERGRAD','01-01-2020');
INSERT INTO Enrolled (u_id,courseCode) VALUES (620000011,'BIOC3457'),(620000011,'ECON3550'),(620000011,'INFO3645'),(620000011,'COMP3685');
INSERT INTO Users VALUES (620000012,'Rodney','Finkenbinder','RodneyFinkenbinder@gmail.com','FinkenbinderRodney');
INSERT INTO Students VALUES (620000012,'UNDERGRAD','01-01-2020');
INSERT INTO Enrolled (u_id,courseCode) VALUES (620000012,'CHEM3347'),(620000012,'CHEM2446'),(620000012,'INFO2797'),(620000012,'CHEM3054'),(620000012,'INFO3636');
INSERT INTO Users VALUES (620000013,'Jimmy','Sandlin','JimmySandlin@gmail.com','SandlinJimmy');
INSERT INTO Students VALUES (620000013,'UNDERGRAD','01-01-2020');
INSERT INTO Enrolled (u_id,courseCode) VALUES (620000013,'CHEM2066'),(620000013,'CHEM2867'),(620000013,'ECON3288'),(620000013,'PHYS3729');
INSERT INTO Users VALUES (620000014,'Marie','Robles','MarieRobles@gmail.com','RoblesMarie');
INSERT INTO Students VALUES (620000014,'UNDERGRAD','01-01-2020');
INSERT INTO Enrolled (u_id,courseCode) VALUES (620000014,'COMP3746'),(620000014,'BIOC2983'),(620000014,'CHEM2149'),(620000014,'PHYS1993'),(620000014,'INFO2213'),(620000014,'MATH2067');
INSERT INTO Users VALUES (620000015,'Lindsey','Pero','LindseyPero@gmail.com','PeroLindsey');
INSERT INTO Students VALUES (620000015,'UNDERGRAD','01-01-2020');
INSERT INTO Enrolled (u_id,courseCode) VALUES (620000015,'COMP2400'),(620000015,'MATH1148'),(620000015,'CHEM1807');
INSERT INTO Users VALUES (620000016,'Alvin','Lowrey','AlvinLowrey@gmail.com','LowreyAlvin');
INSERT INTO Students VALUES (620000016,'UNDERGRAD','01-01-2020');
INSERT INTO Enrolled (u_id,courseCode) VALUES (620000016,'COMP3536'),(620000016,'ECON1783'),(620000016,'ECON3004');
INSERT INTO Users VALUES (620000017,'Byron','Busse','ByronBusse@gmail.com','BusseByron');
INSERT INTO Students VALUES (620000017,'UNDERGRAD','01-01-2020');
INSERT INTO Enrolled (u_id,courseCode) VALUES (620000017,'BIOC2983'),(620000017,'PHYS2448'),(620000017,'COMP3536'),(620000017,'COMP2400'),(620000017,'INFO3603'),(620000017,'BIOC2981');
INSERT INTO Users VALUES (620000018,'Stephanie','Howe','StephanieHowe@gmail.com','HoweStephanie');
INSERT INTO Students VALUES (620000018,'UNDERGRAD','01-01-2020');
INSERT INTO Enrolled (u_id,courseCode) VALUES (620000018,'CHEM2727'),(620000018,'MATH1148'),(620000018,'INFO2860'),(620000018,'INFO1833');
INSERT INTO Users VALUES (620000019,'Howard','Gilmore','HowardGilmore@gmail.com','GilmoreHoward');
INSERT INTO Students VALUES (620000019,'UNDERGRAD','01-01-2020');
INSERT INTO Enrolled (u_id,courseCode) VALUES (620000019,'ECON1458'),(620000019,'CHEM3347'),(620000019,'COMP1543'),(620000019,'CHEM2481'),(620000019,'MATH2501');
INSERT INTO Users VALUES (620000020,'Danielle','Cardona','DanielleCardona@gmail.com','CardonaDanielle');
INSERT INTO Students VALUES (620000020,'UNDERGRAD','01-01-2020');
INSERT INTO Enrolled (u_id,courseCode) VALUES (620000020,'CHEM2066'),(620000020,'MATH2957'),(620000020,'INFO3935');
INSERT INTO Users VALUES (620000021,'Sandra','Carrington','SandraCarrington@gmail.com','CarringtonSandra');
INSERT INTO Students VALUES (620000021,'UNDERGRAD','01-01-2020');
INSERT INTO Enrolled (u_id,courseCode) VALUES (620000021,'PHYS2451'),(620000021,'BIOC2054'),(620000021,'MATH1648'),(620000021,'CHEM2065'),(620000021,'CHEM2727');
INSERT INTO Users VALUES (620000022,'Gregory','Hamilton','GregoryHamilton@gmail.com','HamiltonGregory');
INSERT INTO Students VALUES (620000022,'UNDERGRAD','01-01-2020');
INSERT INTO Enrolled (u_id,courseCode) VALUES (620000022,'PHYS2113'),(620000022,'MATH2067'),(620000022,'MATH3173');
INSERT INTO Users VALUES (620000023,'Dale','Shani','DaleShani@gmail.com','ShaniDale');
INSERT INTO Students VALUES (620000023,'UNDERGRAD','01-01-2020');
INSERT INTO Enrolled (u_id,courseCode) VALUES (620000023,'MATH1972'),(620000023,'BIOC1534'),(620000023,'COMP2965'),(620000023,'COMP2541');
INSERT INTO Users VALUES (620000024,'Mason','Marshall','MasonMarshall@gmail.com','MarshallMason');
INSERT INTO Students VALUES (620000024,'UNDERGRAD','01-01-2020');
INSERT INTO Enrolled (u_id,courseCode) VALUES (620000024,'BIOC1986'),(620000024,'COMP1184'),(620000024,'PHYS2448'),(620000024,'BIOC2981'),(620000024,'INFO1014');
INSERT INTO Users VALUES (620000025,'Margaret','Hawkins','MargaretHawkins@gmail.com','HawkinsMargaret');
INSERT INTO Students VALUES (620000025,'UNDERGRAD','01-01-2020');
INSERT INTO Enrolled (u_id,courseCode) VALUES (620000025,'PHYS3290'),(620000025,'BIOC1052'),(620000025,'BIOC1534'),(620000025,'INFO2213'),(620000025,'ECON3311');
INSERT INTO Users VALUES (620000026,'Manuel','Culpepper','ManuelCulpepper@gmail.com','CulpepperManuel');
INSERT INTO Students VALUES (620000026,'UNDERGRAD','01-01-2020');
INSERT INTO Enrolled (u_id,courseCode) VALUES (620000026,'ECON2703'),(620000026,'COMP3697'),(620000026,'BIOC2983');
INSERT INTO Users VALUES (620000027,'Dora','Casteel','DoraCasteel@gmail.com','CasteelDora');
INSERT INTO Students VALUES (620000027,'UNDERGRAD','01-01-2020');
INSERT INTO Enrolled (u_id,courseCode) VALUES (620000027,'INFO2521'),(620000027,'ECON3523'),(620000027,'ECON3020'),(620000027,'BIOC2981');
INSERT INTO Users VALUES (620000028,'Orlando','Calvert','OrlandoCalvert@gmail.com','CalvertOrlando');
INSERT INTO Students VALUES (620000028,'UNDERGRAD','01-01-2020');
INSERT INTO Enrolled (u_id,courseCode) VALUES (620000028,'CHEM2797'),(620000028,'CHEM3747'),(620000028,'COMP3536');
INSERT INTO Users VALUES (620000029,'Wayne','Winner','WayneWinner@gmail.com','WinnerWayne');
INSERT INTO Students VALUES (620000029,'UNDERGRAD','01-01-2020');
INSERT INTO Enrolled (u_id,courseCode) VALUES (620000029,'COMP3639'),(620000029,'COMP3167'),(620000029,'ECON1561'),(620000029,'INFO3935'),(620000029,'CHEM2797'),(620000029,'MATH1638');
INSERT INTO Users VALUES (620000030,'Georgie','Cummins','GeorgieCummins@gmail.com','CumminsGeorgie');
INSERT INTO Students VALUES (620000030,'UNDERGRAD','01-01-2020');
INSERT INTO Enrolled (u_id,courseCode) VALUES (620000030,'BIOC1794'),(620000030,'INFO1990'),(620000030,'CHEM2065'),(620000030,'BIOC1534'),(620000030,'INFO3419');
INSERT INTO Users VALUES (620000031,'Demetrice','Mchenry','DemetriceMchenry@gmail.com','MchenryDemetrice');
INSERT INTO Students VALUES (620000031,'UNDERGRAD','01-01-2020');
INSERT INTO Enrolled (u_id,courseCode) VALUES (620000031,'INFO1825'),(620000031,'CHEM3793'),(620000031,'BIOC1104'),(620000031,'MATH1262'),(620000031,'BIOC1725'),(620000031,'MATH3209');
INSERT INTO Users VALUES (620000032,'Tia','Oconnell','TiaOconnell@gmail.com','OconnellTia');
INSERT INTO Students VALUES (620000032,'UNDERGRAD','01-01-2020');
INSERT INTO Enrolled (u_id,courseCode) VALUES (620000032,'BIOC1744'),(620000032,'ECON3311'),(620000032,'INFO2811'),(620000032,'PHYS2117');
INSERT INTO Users VALUES (620000033,'Marcus','Krout','MarcusKrout@gmail.com','KroutMarcus');
INSERT INTO Students VALUES (620000033,'UNDERGRAD','01-01-2020');
INSERT INTO Enrolled (u_id,courseCode) VALUES (620000033,'INFO1833'),(620000033,'ECON3228'),(620000033,'CHEM3409');
INSERT INTO Users VALUES (620000034,'Dominick','Aybar','DominickAybar@gmail.com','AybarDominick');
INSERT INTO Students VALUES (620000034,'UNDERGRAD','01-01-2020');
INSERT INTO Enrolled (u_id,courseCode) VALUES (620000034,'CHEM3793'),(620000034,'INFO3645'),(620000034,'ECON3288'),(620000034,'INFO1014');
INSERT INTO Users VALUES (620000035,'Maria','Diggs','MariaDiggs@gmail.com','DiggsMaria');
INSERT INTO Students VALUES (620000035,'UNDERGRAD','01-01-2020');
INSERT INTO Enrolled (u_id,courseCode) VALUES (620000035,'COMP1867'),(620000035,'INFO1288'),(620000035,'CHEM2604');
INSERT INTO Users VALUES (620000036,'Christine','Saunders','ChristineSaunders@gmail.com','SaundersChristine');
INSERT INTO Students VALUES (620000036,'UNDERGRAD','01-01-2020');
INSERT INTO Enrolled (u_id,courseCode) VALUES (620000036,'PHYS2306'),(620000036,'MATH3857'),(620000036,'INFO1648'),(620000036,'ECON1645');
INSERT INTO Users VALUES (620000037,'Mary','Gaffney','MaryGaffney@gmail.com','GaffneyMary');
INSERT INTO Students VALUES (620000037,'UNDERGRAD','01-01-2020');
INSERT INTO Enrolled (u_id,courseCode) VALUES (620000037,'COMP3418'),(620000037,'BIOC3457'),(620000037,'CHEM3888'),(620000037,'ECON3989');
INSERT INTO Users VALUES (620000038,'Ben','Wesley','BenWesley@gmail.com','WesleyBen');
INSERT INTO Students VALUES (620000038,'UNDERGRAD','01-01-2020');
INSERT INTO Enrolled (u_id,courseCode) VALUES (620000038,'MATH1309'),(620000038,'COMP2361'),(620000038,'INFO3419'),(620000038,'COMP1543'),(620000038,'PHYS1399'),(620000038,'CHEM3327');
INSERT INTO Users VALUES (620000039,'Richard','Koehn','RichardKoehn@gmail.com','KoehnRichard');
INSERT INTO Students VALUES (620000039,'UNDERGRAD','01-01-2020');
INSERT INTO Enrolled (u_id,courseCode) VALUES (620000039,'PHYS3052'),(620000039,'PHYS3339'),(620000039,'PHYS2667');
INSERT INTO Users VALUES (620000040,'Angie','Truitt','AngieTruitt@gmail.com','TruittAngie');
INSERT INTO Students VALUES (620000040,'UNDERGRAD','01-01-2020');
INSERT INTO Enrolled (u_id,courseCode) VALUES (620000040,'ECON1170'),(620000040,'INFO2559'),(620000040,'MATH3059');
INSERT INTO Users VALUES (620000041,'Jeffrey','Butler','JeffreyButler@gmail.com','ButlerJeffrey');
INSERT INTO Students VALUES (620000041,'UNDERGRAD','01-01-2020');
INSERT INTO Enrolled (u_id,courseCode) VALUES (620000041,'INFO1648'),(620000041,'INFO3868'),(620000041,'INFO3935');
INSERT INTO Users VALUES (620000042,'Bernard','Velasquez','BernardVelasquez@gmail.com','VelasquezBernard');
INSERT INTO Students VALUES (620000042,'UNDERGRAD','01-01-2020');
INSERT INTO Enrolled (u_id,courseCode) VALUES (620000042,'PHYS3464'),(620000042,'CHEM1340'),(620000042,'PHYS2451'),(620000042,'PHYS1140'),(620000042,'BIOC1794');
INSERT INTO Users VALUES (620000043,'Sergio','Collins','SergioCollins@gmail.com','CollinsSergio');
INSERT INTO Students VALUES (620000043,'UNDERGRAD','01-01-2020');
INSERT INTO Enrolled (u_id,courseCode) VALUES (620000043,'PHYS3052'),(620000043,'COMP2400'),(620000043,'MATH2550'),(620000043,'INFO1014');
INSERT INTO Users VALUES (620000044,'Mary','Washinski','MaryWashinski@gmail.com','WashinskiMary');
INSERT INTO Students VALUES (620000044,'UNDERGRAD','01-01-2020');
INSERT INTO Enrolled (u_id,courseCode) VALUES (620000044,'MATH2717'),(620000044,'BIOC1104'),(620000044,'MATH3613'),(620000044,'BIOC1485'),(620000044,'COMP3849'),(620000044,'COMP3746');
INSERT INTO Users VALUES (620000045,'Joe','Sullivan','JoeSullivan@gmail.com','SullivanJoe');
INSERT INTO Students VALUES (620000045,'UNDERGRAD','01-01-2020');
INSERT INTO Enrolled (u_id,courseCode) VALUES (620000045,'ECON2387'),(620000045,'ECON3228'),(620000045,'ECON3004'),(620000045,'CHEM2481');
INSERT INTO Users VALUES (620000046,'Katherine','Petty','KatherinePetty@gmail.com','PettyKatherine');
INSERT INTO Students VALUES (620000046,'UNDERGRAD','01-01-2020');
INSERT INTO Enrolled (u_id,courseCode) VALUES (620000046,'MATH1648'),(620000046,'PHYS2338'),(620000046,'ECON2722'),(620000046,'PHYS1993');
INSERT INTO Users VALUES (620000047,'Taylor','Hodge','TaylorHodge@gmail.com','HodgeTaylor');
INSERT INTO Students VALUES (620000047,'UNDERGRAD','01-01-2020');
INSERT INTO Enrolled (u_id,courseCode) VALUES (620000047,'COMP3084'),(620000047,'COMP1051'),(620000047,'PHYS3876');
INSERT INTO Users VALUES (620000048,'Lori','Jackson','LoriJackson@gmail.com','JacksonLori');
INSERT INTO Students VALUES (620000048,'UNDERGRAD','01-01-2020');
INSERT INTO Enrolled (u_id,courseCode) VALUES (620000048,'PHYS3876'),(620000048,'CHEM3614'),(620000048,'BIOC1744'),(620000048,'INFO2337'),(620000048,'INFO3935');
INSERT INTO Users VALUES (620000049,'Mason','Coleman','MasonColeman@gmail.com','ColemanMason');
INSERT INTO Students VALUES (620000049,'UNDERGRAD','01-01-2020');
INSERT INTO Enrolled (u_id,courseCode) VALUES (620000049,'PHYS3686'),(620000049,'INFO3935'),(620000049,'INFO1447'),(620000049,'ECON3276');
INSERT INTO Users VALUES (620000050,'Luella','Gaffney','LuellaGaffney@gmail.com','GaffneyLuella');
INSERT INTO Students VALUES (620000050,'UNDERGRAD','01-01-2020');
INSERT INTO Enrolled (u_id,courseCode) VALUES (620000050,'PHYS3876'),(620000050,'BIOC2981'),(620000050,'ECON3989'),(620000050,'MATH3059'),(620000050,'INFO1145');
INSERT INTO Users VALUES (620000051,'Jamison','Butcher','JamisonButcher@gmail.com','ButcherJamison');
INSERT INTO Students VALUES (620000051,'UNDERGRAD','01-01-2020');
INSERT INTO Enrolled (u_id,courseCode) VALUES (620000051,'ECON3737'),(620000051,'BIOC2236'),(620000051,'COMP1867');
INSERT INTO Users VALUES (620000052,'Francisca','Granado','FranciscaGranado@gmail.com','GranadoFrancisca');
INSERT INTO Students VALUES (620000052,'UNDERGRAD','01-01-2020');
INSERT INTO Enrolled (u_id,courseCode) VALUES (620000052,'INFO1145'),(620000052,'ECON3063'),(620000052,'INFO2521'),(620000052,'BIOC2550');
INSERT INTO Users VALUES (620000053,'Marcus','Gilman','MarcusGilman@gmail.com','GilmanMarcus');
INSERT INTO Students VALUES (620000053,'UNDERGRAD','01-01-2020');
INSERT INTO Enrolled (u_id,courseCode) VALUES (620000053,'ECON2703'),(620000053,'PHYS2338'),(620000053,'INFO3868'),(620000053,'COMP3536');
INSERT INTO Users VALUES (620000054,'Ruth','Pulley','RuthPulley@gmail.com','PulleyRuth');
INSERT INTO Students VALUES (620000054,'UNDERGRAD','01-01-2020');
INSERT INTO Enrolled (u_id,courseCode) VALUES (620000054,'COMP2717'),(620000054,'ECON3523'),(620000054,'ECON3085'),(620000054,'INFO2147'),(620000054,'COMP2080');
INSERT INTO Users VALUES (620000055,'Shonda','Jensen','ShondaJensen@gmail.com','JensenShonda');
INSERT INTO Students VALUES (620000055,'UNDERGRAD','01-01-2020');
INSERT INTO Enrolled (u_id,courseCode) VALUES (620000055,'CHEM2797'),(620000055,'MATH1648'),(620000055,'MATH2550'),(620000055,'ECON1498'),(620000055,'CHEM1485');
INSERT INTO Users VALUES (620000056,'Scott','Saunders','ScottSaunders@gmail.com','SaundersScott');
INSERT INTO Students VALUES (620000056,'UNDERGRAD','01-01-2020');
INSERT INTO Enrolled (u_id,courseCode) VALUES (620000056,'CHEM3054'),(620000056,'ECON3063'),(620000056,'PHYS3686'),(620000056,'INFO1825'),(620000056,'COMP3173'),(620000056,'INFO2813');
INSERT INTO Users VALUES (620000057,'Sadie','Ryan','SadieRyan@gmail.com','RyanSadie');
INSERT INTO Students VALUES (620000057,'UNDERGRAD','01-01-2020');
INSERT INTO Enrolled (u_id,courseCode) VALUES (620000057,'COMP3849'),(620000057,'ECON1230'),(620000057,'MATH1638');
INSERT INTO Users VALUES (620000058,'Gina','Brock','GinaBrock@gmail.com','BrockGina');
INSERT INTO Students VALUES (620000058,'UNDERGRAD','01-01-2020');
INSERT INTO Enrolled (u_id,courseCode) VALUES (620000058,'COMP1573'),(620000058,'ECON2345'),(620000058,'ECON3447');
INSERT INTO Users VALUES (620000059,'Delmar','Heckstall','DelmarHeckstall@gmail.com','HeckstallDelmar');
INSERT INTO Students VALUES (620000059,'UNDERGRAD','01-01-2020');
INSERT INTO Enrolled (u_id,courseCode) VALUES (620000059,'ECON3228'),(620000059,'MATH3029'),(620000059,'INFO3603'),(620000059,'INFO2797'),(620000059,'INFO2813'),(620000059,'INFO3935');
INSERT INTO Users VALUES (620000060,'Elmer','Walker','ElmerWalker@gmail.com','WalkerElmer');
INSERT INTO Students VALUES (620000060,'UNDERGRAD','01-01-2020');
INSERT INTO Enrolled (u_id,courseCode) VALUES (620000060,'PHYS3659'),(620000060,'INFO1833'),(620000060,'INFO1648'),(620000060,'INFO2337'),(620000060,'COMP3506');
INSERT INTO Users VALUES (620000061,'Colin','Velasquez','ColinVelasquez@gmail.com','VelasquezColin');
INSERT INTO Students VALUES (620000061,'UNDERGRAD','01-01-2020');
INSERT INTO Enrolled (u_id,courseCode) VALUES (620000061,'COMP3506'),(620000061,'COMP2651'),(620000061,'MATH2801'),(620000061,'COMP3685');
INSERT INTO Users VALUES (620000062,'Joseph','Waugh','JosephWaugh@gmail.com','WaughJoseph');
INSERT INTO Students VALUES (620000062,'UNDERGRAD','01-01-2020');
INSERT INTO Enrolled (u_id,courseCode) VALUES (620000062,'ECON2814'),(620000062,'INFO2270'),(620000062,'PHYS2977'),(620000062,'MATH2957'),(620000062,'INFO1288'),(620000062,'MATH2873');
INSERT INTO Users VALUES (620000063,'Sadie','Laudat','SadieLaudat@gmail.com','LaudatSadie');
INSERT INTO Students VALUES (620000063,'UNDERGRAD','01-01-2020');
INSERT INTO Enrolled (u_id,courseCode) VALUES (620000063,'BIOC2550'),(620000063,'CHEM1807'),(620000063,'BIOC2671'),(620000063,'ECON3372'),(620000063,'MATH3029'),(620000063,'ECON2814');
INSERT INTO Users VALUES (620000064,'Mason','Rivera','MasonRivera@gmail.com','RiveraMason');
INSERT INTO Students VALUES (620000064,'UNDERGRAD','01-01-2020');
INSERT INTO Enrolled (u_id,courseCode) VALUES (620000064,'MATH3179'),(620000064,'INFO1288'),(620000064,'CHEM2066'),(620000064,'CHEM1340'),(620000064,'ECON1783');
INSERT INTO Users VALUES (620000065,'Warren','Mertens','WarrenMertens@gmail.com','MertensWarren');
INSERT INTO Students VALUES (620000065,'UNDERGRAD','01-01-2020');
INSERT INTO Enrolled (u_id,courseCode) VALUES (620000065,'CHEM1485'),(620000065,'MATH3173'),(620000065,'COMP1051'),(620000065,'CHEM3614');
INSERT INTO Users VALUES (620000066,'Greg','Watson','GregWatson@gmail.com','WatsonGreg');
INSERT INTO Students VALUES (620000066,'UNDERGRAD','01-01-2020');
INSERT INTO Enrolled (u_id,courseCode) VALUES (620000066,'COMP3685'),(620000066,'MATH3029'),(620000066,'ECON3989'),(620000066,'INFO3868'),(620000066,'INFO2860');
INSERT INTO Users VALUES (620000067,'Nicole','Marshall','NicoleMarshall@gmail.com','MarshallNicole');
INSERT INTO Students VALUES (620000067,'UNDERGRAD','01-01-2020');
INSERT INTO Enrolled (u_id,courseCode) VALUES (620000067,'ECON1170'),(620000067,'MATH1250'),(620000067,'INFO2521'),(620000067,'PHYS2563'),(620000067,'COMP3167');
INSERT INTO Users VALUES (620000068,'Lois','Oswalt','LoisOswalt@gmail.com','OswaltLois');
INSERT INTO Students VALUES (620000068,'UNDERGRAD','01-01-2020');
INSERT INTO Enrolled (u_id,courseCode) VALUES (620000068,'MATH1250'),(620000068,'PHYS2238'),(620000068,'PHYS2667'),(620000068,'INFO2270'),(620000068,'INFO1833');
INSERT INTO Users VALUES (620000069,'Tony','Figueroa','TonyFigueroa@gmail.com','FigueroaTony');
INSERT INTO Students VALUES (620000069,'UNDERGRAD','01-01-2020');
INSERT INTO Enrolled (u_id,courseCode) VALUES (620000069,'CHEM1807'),(620000069,'INFO1014'),(620000069,'BIOC1485'),(620000069,'BIOC1744'),(620000069,'INFO2860'),(620000069,'CHEM3793');
INSERT INTO Users VALUES (620000070,'Diane','Cash','DianeCash@gmail.com','CashDiane');
INSERT INTO Students VALUES (620000070,'UNDERGRAD','01-01-2020');
INSERT INTO Enrolled (u_id,courseCode) VALUES (620000070,'CHEM1485'),(620000070,'ECON1783'),(620000070,'MATH1638'),(620000070,'COMP3418'),(620000070,'PHYS3290');
INSERT INTO Users VALUES (620000071,'Deborah','Wilson','DeborahWilson@gmail.com','WilsonDeborah');
INSERT INTO Students VALUES (620000071,'UNDERGRAD','01-01-2020');
INSERT INTO Enrolled (u_id,courseCode) VALUES (620000071,'CHEM3617'),(620000071,'ECON3737'),(620000071,'MATH2067');
INSERT INTO Users VALUES (620000072,'Aaron','Terry','AaronTerry@gmail.com','TerryAaron');
INSERT INTO Students VALUES (620000072,'UNDERGRAD','01-01-2020');
INSERT INTO Enrolled (u_id,courseCode) VALUES (620000072,'ECON2387'),(620000072,'ECON3281'),(620000072,'ECON1498'),(620000072,'PHYS2448');
INSERT INTO Users VALUES (620000073,'Patricia','Kaupp','PatriciaKaupp@gmail.com','KauppPatricia');
INSERT INTO Students VALUES (620000073,'UNDERGRAD','01-01-2020');
INSERT INTO Enrolled (u_id,courseCode) VALUES (620000073,'MATH1648'),(620000073,'ECON3550'),(620000073,'BIOC1439'),(620000073,'ECON3311'),(620000073,'ECON3281');
INSERT INTO Users VALUES (620000074,'Grace','Ryan','GraceRyan@gmail.com','RyanGrace');
INSERT INTO Students VALUES (620000074,'UNDERGRAD','01-01-2020');
INSERT INTO Enrolled (u_id,courseCode) VALUES (620000074,'PHYS3354'),(620000074,'MATH3544'),(620000074,'BIOC1104'),(620000074,'BIOC1485'),(620000074,'CHEM3409');
INSERT INTO Users VALUES (620000075,'Daniel','Jackson','DanielJackson@gmail.com','JacksonDaniel');
INSERT INTO Students VALUES (620000075,'UNDERGRAD','01-01-2020');
INSERT INTO Enrolled (u_id,courseCode) VALUES (620000075,'MATH2501'),(620000075,'PHYS1979'),(620000075,'PHYS2563'),(620000075,'INFO2797'),(620000075,'INFO1014');
INSERT INTO Users VALUES (620000076,'Mildred','Bourgoin','MildredBourgoin@gmail.com','BourgoinMildred');
INSERT INTO Students VALUES (620000076,'UNDERGRAD','01-01-2020');
INSERT INTO Enrolled (u_id,courseCode) VALUES (620000076,'CHEM1807'),(620000076,'INFO3645'),(620000076,'COMP3084');
INSERT INTO Users VALUES (620000077,'Melanie','Decker','MelanieDecker@gmail.com','DeckerMelanie');
INSERT INTO Students VALUES (620000077,'UNDERGRAD','01-01-2020');
INSERT INTO Enrolled (u_id,courseCode) VALUES (620000077,'COMP3697'),(620000077,'MATH3613'),(620000077,'PHYS3876');
INSERT INTO Users VALUES (620000078,'Charlotte','Turkus','CharlotteTurkus@gmail.com','TurkusCharlotte');
INSERT INTO Students VALUES (620000078,'UNDERGRAD','01-01-2020');
INSERT INTO Enrolled (u_id,courseCode) VALUES (620000078,'BIOC1866'),(620000078,'MATH1638'),(620000078,'MATH3613');
INSERT INTO Users VALUES (620000079,'Sara','Prince','SaraPrince@gmail.com','PrinceSara');
INSERT INTO Students VALUES (620000079,'UNDERGRAD','01-01-2020');
INSERT INTO Enrolled (u_id,courseCode) VALUES (620000079,'BIOC1164'),(620000079,'COMP2361'),(620000079,'BIOC3604'),(620000079,'CHEM2031'),(620000079,'BIOC1986');
INSERT INTO Users VALUES (620000080,'Sandra','Mitchell','SandraMitchell@gmail.com','MitchellSandra');
INSERT INTO Students VALUES (620000080,'UNDERGRAD','01-01-2020');
INSERT INTO Enrolled (u_id,courseCode) VALUES (620000080,'PHYS2229'),(620000080,'PHYS2238'),(620000080,'MATH3613'),(620000080,'INFO3935'),(620000080,'MATH2801'),(620000080,'ECON3228');
INSERT INTO Users VALUES (620000081,'Howard','Hanks','HowardHanks@gmail.com','HanksHoward');
INSERT INTO Students VALUES (620000081,'UNDERGRAD','01-01-2020');
INSERT INTO Enrolled (u_id,courseCode) VALUES (620000081,'BIOC1744'),(620000081,'PHYS3354'),(620000081,'ECON2814'),(620000081,'BIOC1598'),(620000081,'BIOC1986'),(620000081,'COMP1460');
INSERT INTO Users VALUES (620000082,'Roy','Rivera','RoyRivera@gmail.com','RiveraRoy');
INSERT INTO Students VALUES (620000082,'UNDERGRAD','01-01-2020');
INSERT INTO Enrolled (u_id,courseCode) VALUES (620000082,'COMP3685'),(620000082,'CHEM2797'),(620000082,'MATH3173'),(620000082,'COMP1543');
INSERT INTO Users VALUES (620000083,'Ladawn','Dahlheimer','LadawnDahlheimer@gmail.com','DahlheimerLadawn');
INSERT INTO Students VALUES (620000083,'UNDERGRAD','01-01-2020');
INSERT INTO Enrolled (u_id,courseCode) VALUES (620000083,'PHYS1140'),(620000083,'INFO2270'),(620000083,'MATH3173'),(620000083,'MATH3179'),(620000083,'COMP2361'),(620000083,'INFO1288');
INSERT INTO Users VALUES (620000084,'Benjamin','Comley','BenjaminComley@gmail.com','ComleyBenjamin');
INSERT INTO Students VALUES (620000084,'UNDERGRAD','01-01-2020');
INSERT INTO Enrolled (u_id,courseCode) VALUES (620000084,'PHYS2667'),(620000084,'COMP2541'),(620000084,'COMP2077');
INSERT INTO Users VALUES (620000085,'Eugene','Kenney','EugeneKenney@gmail.com','KenneyEugene');
INSERT INTO Students VALUES (620000085,'UNDERGRAD','01-01-2020');
INSERT INTO Enrolled (u_id,courseCode) VALUES (620000085,'ECON1996'),(620000085,'BIOC1910'),(620000085,'CHEM2797');
INSERT INTO Users VALUES (620000086,'Juanita','Grinstead','JuanitaGrinstead@gmail.com','GrinsteadJuanita');
INSERT INTO Students VALUES (620000086,'UNDERGRAD','01-01-2020');
INSERT INTO Enrolled (u_id,courseCode) VALUES (620000086,'ECON3020'),(620000086,'MATH2067'),(620000086,'ECON1645'),(620000086,'CHEM1494'),(620000086,'PHYS1930');
INSERT INTO Users VALUES (620000087,'Daisy','Tallent','DaisyTallent@gmail.com','TallentDaisy');
INSERT INTO Students VALUES (620000087,'UNDERGRAD','01-01-2020');
INSERT INTO Enrolled (u_id,courseCode) VALUES (620000087,'ECON3989'),(620000087,'CHEM3327'),(620000087,'ECON3372'),(620000087,'CHEM2727'),(620000087,'INFO1145'),(620000087,'CHEM2481');
INSERT INTO Users VALUES (620000088,'Young','Scully','YoungScully@gmail.com','ScullyYoung');
INSERT INTO Students VALUES (620000088,'UNDERGRAD','01-01-2020');
INSERT INTO Enrolled (u_id,courseCode) VALUES (620000088,'PHYS3354'),(620000088,'INFO1990'),(620000088,'COMP1543'),(620000088,'CHEM3793'),(620000088,'BIOC1986');
INSERT INTO Users VALUES (620000089,'Philip','Decker','PhilipDecker@gmail.com','DeckerPhilip');
INSERT INTO Students VALUES (620000089,'UNDERGRAD','01-01-2020');
INSERT INTO Enrolled (u_id,courseCode) VALUES (620000089,'BIOC1598'),(620000089,'INFO2950'),(620000089,'INFO1648'),(620000089,'BIOC2981'),(620000089,'INFO2270'),(620000089,'ECON3020');
INSERT INTO Users VALUES (620000090,'Vernon','Saunders','VernonSaunders@gmail.com','SaundersVernon');
INSERT INTO Students VALUES (620000090,'UNDERGRAD','01-01-2020');
INSERT INTO Enrolled (u_id,courseCode) VALUES (620000090,'BIOC3604'),(620000090,'CHEM2697'),(620000090,'INFO3868'),(620000090,'INFO2337');
INSERT INTO Users VALUES (620000091,'Cliff','Boyer','CliffBoyer@gmail.com','BoyerCliff');
INSERT INTO Students VALUES (620000091,'UNDERGRAD','01-01-2020');
INSERT INTO Enrolled (u_id,courseCode) VALUES (620000091,'PHYS2977'),(620000091,'PHYS2338'),(620000091,'CHEM2797'),(620000091,'MATH2188'),(620000091,'PHYS1399');
INSERT INTO Users VALUES (620000092,'Lisa','Ryan','LisaRyan@gmail.com','RyanLisa');
INSERT INTO Students VALUES (620000092,'UNDERGRAD','01-01-2020');
INSERT INTO Enrolled (u_id,courseCode) VALUES (620000092,'MATH2801'),(620000092,'MATH1638'),(620000092,'BIOC1986'),(620000092,'COMP3685'),(620000092,'MATH2501');
INSERT INTO Users VALUES (620000093,'Chad','Cummings','ChadCummings@gmail.com','CummingsChad');
INSERT INTO Students VALUES (620000093,'UNDERGRAD','01-01-2020');
INSERT INTO Enrolled (u_id,courseCode) VALUES (620000093,'COMP2717'),(620000093,'COMP3746'),(620000093,'COMP1184'),(620000093,'INFO2636');
INSERT INTO Users VALUES (620000094,'Kirk','Gray','KirkGray@gmail.com','GrayKirk');
INSERT INTO Students VALUES (620000094,'UNDERGRAD','01-01-2020');
INSERT INTO Enrolled (u_id,courseCode) VALUES (620000094,'COMP1460'),(620000094,'INFO3645'),(620000094,'INFO2337'),(620000094,'ECON3085'),(620000094,'ECON1783'),(620000094,'CHEM2626');
INSERT INTO Users VALUES (620000095,'Roberta','Mertens','RobertaMertens@gmail.com','MertensRoberta');
INSERT INTO Students VALUES (620000095,'UNDERGRAD','01-01-2020');
INSERT INTO Enrolled (u_id,courseCode) VALUES (620000095,'PHYS3354'),(620000095,'CHEM3054'),(620000095,'PHYS3052'),(620000095,'BIOC1744'),(620000095,'PHYS3876'),(620000095,'PHYS1993');
INSERT INTO Users VALUES (620000096,'Josh','Truong','JoshTruong@gmail.com','TruongJosh');
INSERT INTO Students VALUES (620000096,'UNDERGRAD','01-01-2020');
INSERT INTO Enrolled (u_id,courseCode) VALUES (620000096,'MATH1638'),(620000096,'BIOC1910'),(620000096,'PHYS3354');
INSERT INTO Users VALUES (620000097,'Francis','Ekberg','FrancisEkberg@gmail.com','EkbergFrancis');
INSERT INTO Students VALUES (620000097,'UNDERGRAD','01-01-2020');
INSERT INTO Enrolled (u_id,courseCode) VALUES (620000097,'CHEM2481'),(620000097,'MATH3029'),(620000097,'COMP3536'),(620000097,'INFO1833'),(620000097,'CHEM1613');
INSERT INTO Users VALUES (620000098,'George','Tallent','GeorgeTallent@gmail.com','TallentGeorge');
INSERT INTO Students VALUES (620000098,'UNDERGRAD','01-01-2020');
INSERT INTO Enrolled (u_id,courseCode) VALUES (620000098,'BIOC1164'),(620000098,'MATH1578'),(620000098,'ECON1098');
INSERT INTO Users VALUES (620000099,'Debbie','Mance','DebbieMance@gmail.com','ManceDebbie');
INSERT INTO Students VALUES (620000099,'UNDERGRAD','01-01-2020');
INSERT INTO Enrolled (u_id,courseCode) VALUES (620000099,'MATH3059'),(620000099,'ECON3063'),(620000099,'BIOC3604'),(620000099,'COMP3506'),(620000099,'COMP1867');
INSERT INTO Users VALUES (620000100,'Antionette','Casteel','AntionetteCasteel@gmail.com','CasteelAntionette');
INSERT INTO Students VALUES (620000100,'UNDERGRAD','01-01-2020');
INSERT INTO Enrolled (u_id,courseCode) VALUES (620000100,'MATH1972'),(620000100,'ECON1561'),(620000100,'PHYS2229');
INSERT INTO Users VALUES (620000101,'Cassie','Kent','CassieKent@gmail.com','KentCassie');
INSERT INTO Students VALUES (620000101,'UNDERGRAD','01-01-2020');
INSERT INTO Enrolled (u_id,courseCode) VALUES (620000101,'CHEM2066'),(620000101,'INFO3868'),(620000101,'PHYS1173'),(620000101,'ECON2703');
INSERT INTO Users VALUES (620000102,'Elmer','Waugh','ElmerWaugh@gmail.com','WaughElmer');
INSERT INTO Students VALUES (620000102,'UNDERGRAD','01-01-2020');
INSERT INTO Enrolled (u_id,courseCode) VALUES (620000102,'INFO1825'),(620000102,'PHYS3659'),(620000102,'INFO3419');
INSERT INTO Users VALUES (620000103,'Georgie','Starks','GeorgieStarks@gmail.com','StarksGeorgie');
INSERT INTO Students VALUES (620000103,'UNDERGRAD','01-01-2020');
INSERT INTO Enrolled (u_id,courseCode) VALUES (620000103,'ECON1098'),(620000103,'PHYS2563'),(620000103,'PHYS3876');
INSERT INTO Users VALUES (620000104,'Evelyn','Oswalt','EvelynOswalt@gmail.com','OswaltEvelyn');
INSERT INTO Students VALUES (620000104,'UNDERGRAD','01-01-2020');
INSERT INTO Enrolled (u_id,courseCode) VALUES (620000104,'INFO2811'),(620000104,'MATH2067'),(620000104,'INFO2860'),(620000104,'MATH2873');
INSERT INTO Users VALUES (620000105,'Michael','Shani','MichaelShani@gmail.com','ShaniMichael');
INSERT INTO Students VALUES (620000105,'UNDERGRAD','01-01-2020');
INSERT INTO Enrolled (u_id,courseCode) VALUES (620000105,'PHYS2113'),(620000105,'CHEM1485'),(620000105,'PHYS2563'),(620000105,'CHEM2697'),(620000105,'INFO2636');
INSERT INTO Users VALUES (620000106,'Dominick','Miller','DominickMiller@gmail.com','MillerDominick');
INSERT INTO Students VALUES (620000106,'UNDERGRAD','01-01-2020');
INSERT INTO Enrolled (u_id,courseCode) VALUES (620000106,'ECON3004'),(620000106,'PHYS2117'),(620000106,'INFO1447'),(620000106,'CHEM3793'),(620000106,'ECON3989');
INSERT INTO Users VALUES (620000107,'Howard','Rankin','HowardRankin@gmail.com','RankinHoward');
INSERT INTO Students VALUES (620000107,'UNDERGRAD','01-01-2020');
INSERT INTO Enrolled (u_id,courseCode) VALUES (620000107,'BIOC1485'),(620000107,'ECON3020'),(620000107,'CHEM2604'),(620000107,'INFO3645');
INSERT INTO Users VALUES (620000108,'Kelly','Bras','KellyBras@gmail.com','BrasKelly');
INSERT INTO Students VALUES (620000108,'UNDERGRAD','01-01-2020');
INSERT INTO Enrolled (u_id,courseCode) VALUES (620000108,'BIOC2589'),(620000108,'CHEM1485'),(620000108,'COMP2077'),(620000108,'CHEM2867'),(620000108,'CHEM3054');
INSERT INTO Users VALUES (620000109,'Lois','Gilman','LoisGilman@gmail.com','GilmanLois');
INSERT INTO Students VALUES (620000109,'UNDERGRAD','01-01-2020');
INSERT INTO Enrolled (u_id,courseCode) VALUES (620000109,'INFO2559'),(620000109,'MATH1454'),(620000109,'COMP3639'),(620000109,'BIOC3604'),(620000109,'COMP3167');
INSERT INTO Users VALUES (620000110,'Denise','Oconnell','DeniseOconnell@gmail.com','OconnellDenise');
INSERT INTO Students VALUES (620000110,'UNDERGRAD','01-01-2020');
INSERT INTO Enrolled (u_id,courseCode) VALUES (620000110,'MATH1648'),(620000110,'COMP1867'),(620000110,'BIOC1104'),(620000110,'COMP1357');
INSERT INTO Users VALUES (620000111,'Stephanie','Miraglia','StephanieMiraglia@gmail.com','MiragliaStephanie');
INSERT INTO Students VALUES (620000111,'UNDERGRAD','01-01-2020');
INSERT INTO Enrolled (u_id,courseCode) VALUES (620000111,'BIOC1439'),(620000111,'PHYS2113'),(620000111,'INFO2147'),(620000111,'MATH2501'),(620000111,'CHEM1613');
INSERT INTO Users VALUES (620000112,'Rhoda','Jones','RhodaJones@gmail.com','JonesRhoda');
INSERT INTO Students VALUES (620000112,'UNDERGRAD','01-01-2020');
INSERT INTO Enrolled (u_id,courseCode) VALUES (620000112,'CHEM1613'),(620000112,'ECON3020'),(620000112,'COMP3506'),(620000112,'BIOC1448');
INSERT INTO Users VALUES (620000113,'Marilyn','Wilbanks','MarilynWilbanks@gmail.com','WilbanksMarilyn');
INSERT INTO Students VALUES (620000113,'UNDERGRAD','01-01-2020');
INSERT INTO Enrolled (u_id,courseCode) VALUES (620000113,'BIOC1725'),(620000113,'INFO3868'),(620000113,'CHEM3793');
INSERT INTO Users VALUES (620000114,'Randy','Krout','RandyKrout@gmail.com','KroutRandy');
INSERT INTO Students VALUES (620000114,'UNDERGRAD','01-01-2020');
INSERT INTO Enrolled (u_id,courseCode) VALUES (620000114,'PHYS3787'),(620000114,'INFO2636'),(620000114,'CHEM1494'),(620000114,'COMP3697');
INSERT INTO Users VALUES (620000115,'Glenda','Bradford','GlendaBradford@gmail.com','BradfordGlenda');
INSERT INTO Students VALUES (620000115,'UNDERGRAD','01-01-2020');
INSERT INTO Enrolled (u_id,courseCode) VALUES (620000115,'CHEM2446'),(620000115,'BIOC1598'),(620000115,'BIOC3230'),(620000115,'CHEM2031'),(620000115,'INFO3419'),(620000115,'ECON3311');
INSERT INTO Users VALUES (620000116,'Melodie','Braun','MelodieBraun@gmail.com','BraunMelodie');
INSERT INTO Students VALUES (620000116,'UNDERGRAD','01-01-2020');
INSERT INTO Enrolled (u_id,courseCode) VALUES (620000116,'BIOC2054'),(620000116,'BIOC2589'),(620000116,'COMP2965');
INSERT INTO Users VALUES (620000117,'Deborah','Alvarez','DeborahAlvarez@gmail.com','AlvarezDeborah');
INSERT INTO Students VALUES (620000117,'UNDERGRAD','01-01-2020');
INSERT INTO Enrolled (u_id,courseCode) VALUES (620000117,'MATH3613'),(620000117,'COMP2717'),(620000117,'MATH2501'),(620000117,'MATH2717');
INSERT INTO Users VALUES (620000118,'Wilbur','Harms','WilburHarms@gmail.com','HarmsWilbur');
INSERT INTO Students VALUES (620000118,'UNDERGRAD','01-01-2020');
INSERT INTO Enrolled (u_id,courseCode) VALUES (620000118,'COMP1573'),(620000118,'BIOC2054'),(620000118,'BIOC1052'),(620000118,'MATH3844');
INSERT INTO Users VALUES (620000119,'Marcus','Danker','MarcusDanker@gmail.com','DankerMarcus');
INSERT INTO Students VALUES (620000119,'UNDERGRAD','01-01-2020');
INSERT INTO Enrolled (u_id,courseCode) VALUES (620000119,'MATH1454'),(620000119,'ECON3004'),(620000119,'INFO2811'),(620000119,'ECON2722'),(620000119,'INFO1990');
INSERT INTO Users VALUES (620000120,'Cheryl','Orchard','CherylOrchard@gmail.com','OrchardCheryl');
INSERT INTO Students VALUES (620000120,'UNDERGRAD','01-01-2020');
INSERT INTO Enrolled (u_id,courseCode) VALUES (620000120,'PHYS2667'),(620000120,'PHYS1993'),(620000120,'MATH1250'),(620000120,'BIOC2981'),(620000120,'INFO2636');
INSERT INTO Users VALUES (620000121,'Mason','Nelson','MasonNelson@gmail.com','NelsonMason');
INSERT INTO Students VALUES (620000121,'UNDERGRAD','01-01-2020');
INSERT INTO Enrolled (u_id,courseCode) VALUES (620000121,'PHYS1399'),(620000121,'BIOC1598'),(620000121,'CHEM3747');
INSERT INTO Users VALUES (620000122,'Roger','Vanhamlin','RogerVanhamlin@gmail.com','VanhamlinRoger');
INSERT INTO Students VALUES (620000122,'UNDERGRAD','01-01-2020');
INSERT INTO Enrolled (u_id,courseCode) VALUES (620000122,'PHYS3290'),(620000122,'CHEM3347'),(620000122,'COMP1543');
INSERT INTO Users VALUES (620000123,'Jake','Lopez','JakeLopez@gmail.com','LopezJake');
INSERT INTO Students VALUES (620000123,'UNDERGRAD','01-01-2020');
INSERT INTO Enrolled (u_id,courseCode) VALUES (620000123,'INFO2813'),(620000123,'COMP2717'),(620000123,'INFO1145'),(620000123,'COMP3084'),(620000123,'ECON2703');
INSERT INTO Users VALUES (620000124,'Cynthia','Ekberg','CynthiaEkberg@gmail.com','EkbergCynthia');
INSERT INTO Students VALUES (620000124,'UNDERGRAD','01-01-2020');
INSERT INTO Enrolled (u_id,courseCode) VALUES (620000124,'COMP1460'),(620000124,'PHYS3787'),(620000124,'BIOC1104'),(620000124,'CHEM2481'),(620000124,'BIOC1439');
INSERT INTO Users VALUES (620000125,'Angie','Mitchell','AngieMitchell@gmail.com','MitchellAngie');
INSERT INTO Students VALUES (620000125,'UNDERGRAD','01-01-2020');
INSERT INTO Enrolled (u_id,courseCode) VALUES (620000125,'INFO2213'),(620000125,'CHEM2697'),(620000125,'PHYS3339'),(620000125,'INFO2797');
INSERT INTO Users VALUES (620000126,'Donald','Pulley','DonaldPulley@gmail.com','PulleyDonald');
INSERT INTO Students VALUES (620000126,'UNDERGRAD','01-01-2020');
INSERT INTO Enrolled (u_id,courseCode) VALUES (620000126,'ECON1012'),(620000126,'CHEM3793'),(620000126,'COMP3167'),(620000126,'COMP2080'),(620000126,'BIOC3604');
INSERT INTO Users VALUES (620000127,'Joyce','Robles','JoyceRobles@gmail.com','RoblesJoyce');
INSERT INTO Students VALUES (620000127,'UNDERGRAD','01-01-2020');
INSERT INTO Enrolled (u_id,courseCode) VALUES (620000127,'BIOC1439'),(620000127,'ECON1589'),(620000127,'CHEM3614'),(620000127,'CHEM2697'),(620000127,'ECON3085');
INSERT INTO Users VALUES (620000128,'Keith','Pantoja','KeithPantoja@gmail.com','PantojaKeith');
INSERT INTO Students VALUES (620000128,'UNDERGRAD','01-01-2020');
INSERT INTO Enrolled (u_id,courseCode) VALUES (620000128,'INFO2213'),(620000128,'PHYS1173'),(620000128,'ECON2703'),(620000128,'CHEM1613'),(620000128,'ECON3020');
INSERT INTO Users VALUES (620000129,'Peter','Hauser','PeterHauser@gmail.com','HauserPeter');
INSERT INTO Students VALUES (620000129,'UNDERGRAD','01-01-2020');
INSERT INTO Enrolled (u_id,courseCode) VALUES (620000129,'PHYS2113'),(620000129,'MATH3613'),(620000129,'INFO2860'),(620000129,'ECON1170');
INSERT INTO Users VALUES (620000130,'Willie','Colley','WillieColley@gmail.com','ColleyWillie');
INSERT INTO Students VALUES (620000130,'UNDERGRAD','01-01-2020');
INSERT INTO Enrolled (u_id,courseCode) VALUES (620000130,'COMP2965'),(620000130,'CHEM2177'),(620000130,'BIOC3191');
INSERT INTO Users VALUES (620000131,'Iris','Smith','IrisSmith@gmail.com','SmithIris');
INSERT INTO Students VALUES (620000131,'UNDERGRAD','01-01-2020');
INSERT INTO Enrolled (u_id,courseCode) VALUES (620000131,'PHYS2451'),(620000131,'MATH1262'),(620000131,'CHEM3614');
INSERT INTO Users VALUES (620000132,'Holly','Dahlheimer','HollyDahlheimer@gmail.com','DahlheimerHolly');
INSERT INTO Students VALUES (620000132,'UNDERGRAD','01-01-2020');
INSERT INTO Enrolled (u_id,courseCode) VALUES (620000132,'ECON3288'),(620000132,'CHEM2220'),(620000132,'MATH1309'),(620000132,'ECON3311'),(620000132,'INFO1288');
INSERT INTO Users VALUES (620000133,'Rodney','Koehn','RodneyKoehn@gmail.com','KoehnRodney');
INSERT INTO Students VALUES (620000133,'UNDERGRAD','01-01-2020');
INSERT INTO Enrolled (u_id,courseCode) VALUES (620000133,'CHEM1485'),(620000133,'ECON1498'),(620000133,'BIOC2589'),(620000133,'CHEM3409'),(620000133,'CHEM3747');
INSERT INTO Users VALUES (620000134,'Amee','Orchard','AmeeOrchard@gmail.com','OrchardAmee');
INSERT INTO Students VALUES (620000134,'UNDERGRAD','01-01-2020');
INSERT INTO Enrolled (u_id,courseCode) VALUES (620000134,'ECON1589'),(620000134,'MATH1250'),(620000134,'ECON1561'),(620000134,'MATH2555');
INSERT INTO Users VALUES (620000135,'Adrienne','Gaffney','AdrienneGaffney@gmail.com','GaffneyAdrienne');
INSERT INTO Students VALUES (620000135,'UNDERGRAD','01-01-2020');
INSERT INTO Enrolled (u_id,courseCode) VALUES (620000135,'MATH2717'),(620000135,'COMP1867'),(620000135,'CHEM2797'),(620000135,'PHYS3354');
INSERT INTO Users VALUES (620000136,'Betsy','Vanhamlin','BetsyVanhamlin@gmail.com','VanhamlinBetsy');
INSERT INTO Students VALUES (620000136,'UNDERGRAD','01-01-2020');
INSERT INTO Enrolled (u_id,courseCode) VALUES (620000136,'ECON1996'),(620000136,'ECON3523'),(620000136,'COMP3167'),(620000136,'MATH3613');
INSERT INTO Users VALUES (620000137,'George','Marshall','GeorgeMarshall@gmail.com','MarshallGeorge');
INSERT INTO Students VALUES (620000137,'UNDERGRAD','01-01-2020');
INSERT INTO Enrolled (u_id,courseCode) VALUES (620000137,'CHEM3888'),(620000137,'COMP2541'),(620000137,'ECON2814');
INSERT INTO Users VALUES (620000138,'Jewell','Fields','JewellFields@gmail.com','FieldsJewell');
INSERT INTO Students VALUES (620000138,'UNDERGRAD','01-01-2020');
INSERT INTO Enrolled (u_id,courseCode) VALUES (620000138,'COMP2965'),(620000138,'MATH2550'),(620000138,'COMP1867');
INSERT INTO Users VALUES (620000139,'Rhonda','Gilman','RhondaGilman@gmail.com','GilmanRhonda');
INSERT INTO Students VALUES (620000139,'UNDERGRAD','01-01-2020');
INSERT INTO Enrolled (u_id,courseCode) VALUES (620000139,'CHEM3347'),(620000139,'ECON1783'),(620000139,'COMP3506'),(620000139,'COMP2651'),(620000139,'MATH1578'),(620000139,'BIOC3341');
INSERT INTO Users VALUES (620000140,'Catherine','Jeanbaptiste','CatherineJeanbaptiste@gmail.com','JeanbaptisteCatherine');
INSERT INTO Students VALUES (620000140,'UNDERGRAD','01-01-2020');
INSERT INTO Enrolled (u_id,courseCode) VALUES (620000140,'MATH1638'),(620000140,'BIOC2589'),(620000140,'CHEM1485'),(620000140,'MATH3613');
INSERT INTO Users VALUES (620000141,'Magdalen','Sultzer','MagdalenSultzer@gmail.com','SultzerMagdalen');
INSERT INTO Students VALUES (620000141,'UNDERGRAD','01-01-2020');
INSERT INTO Enrolled (u_id,courseCode) VALUES (620000141,'BIOC1794'),(620000141,'INFO1145'),(620000141,'MATH1735'),(620000141,'BIOC2671'),(620000141,'CHEM1340');
INSERT INTO Users VALUES (620000142,'Debbie','Sudduth','DebbieSudduth@gmail.com','SudduthDebbie');
INSERT INTO Students VALUES (620000142,'UNDERGRAD','01-01-2020');
INSERT INTO Enrolled (u_id,courseCode) VALUES (620000142,'CHEM3747'),(620000142,'COMP3238'),(620000142,'INFO1242'),(620000142,'MATH2801'),(620000142,'MATH3613'),(620000142,'ECON2703');
INSERT INTO Users VALUES (620000143,'Antwan','Golden','AntwanGolden@gmail.com','GoldenAntwan');
INSERT INTO Students VALUES (620000143,'UNDERGRAD','01-01-2020');
INSERT INTO Enrolled (u_id,courseCode) VALUES (620000143,'INFO3645'),(620000143,'CHEM3327'),(620000143,'ECON1098'),(620000143,'COMP3173'),(620000143,'INFO3636'),(620000143,'CHEM3617');
INSERT INTO Users VALUES (620000144,'Vernon','Richardson','VernonRichardson@gmail.com','RichardsonVernon');
INSERT INTO Students VALUES (620000144,'UNDERGRAD','01-01-2020');
INSERT INTO Enrolled (u_id,courseCode) VALUES (620000144,'MATH3222'),(620000144,'BIOC1986'),(620000144,'COMP3506'),(620000144,'COMP2400'),(620000144,'COMP3746');
INSERT INTO Users VALUES (620000145,'Chad','Ferretti','ChadFerretti@gmail.com','FerrettiChad');
INSERT INTO Students VALUES (620000145,'UNDERGRAD','01-01-2020');
INSERT INTO Enrolled (u_id,courseCode) VALUES (620000145,'CHEM3747'),(620000145,'ECON1645'),(620000145,'COMP3639');
INSERT INTO Users VALUES (620000146,'Esmeralda','Robinson','EsmeraldaRobinson@gmail.com','RobinsonEsmeralda');
INSERT INTO Students VALUES (620000146,'UNDERGRAD','01-01-2020');
INSERT INTO Enrolled (u_id,courseCode) VALUES (620000146,'INFO1242'),(620000146,'CHEM3347'),(620000146,'CHEM2481'),(620000146,'CHEM2626'),(620000146,'BIOC2589');
INSERT INTO Users VALUES (620000147,'Charles','Fields','CharlesFields@gmail.com','FieldsCharles');
INSERT INTO Students VALUES (620000147,'UNDERGRAD','01-01-2020');
INSERT INTO Enrolled (u_id,courseCode) VALUES (620000147,'MATH1735'),(620000147,'PHYS2563'),(620000147,'COMP1357'),(620000147,'INFO1833'),(620000147,'BIOC1910'),(620000147,'PHYS3052');
INSERT INTO Users VALUES (620000148,'Vickie','Early','VickieEarly@gmail.com','EarlyVickie');
INSERT INTO Students VALUES (620000148,'UNDERGRAD','01-01-2020');
INSERT INTO Enrolled (u_id,courseCode) VALUES (620000148,'INFO1288'),(620000148,'INFO1990'),(620000148,'ECON2703');
INSERT INTO Users VALUES (620000149,'Kim','Culpepper','KimCulpepper@gmail.com','CulpepperKim');
INSERT INTO Students VALUES (620000149,'UNDERGRAD','01-01-2020');
INSERT INTO Enrolled (u_id,courseCode) VALUES (620000149,'PHYS1173'),(620000149,'COMP3849'),(620000149,'ECON2814'),(620000149,'INFO3419'),(620000149,'MATH1250');
INSERT INTO Users VALUES (620000150,'Nicholas','Atkins','NicholasAtkins@gmail.com','AtkinsNicholas');
INSERT INTO Students VALUES (620000150,'UNDERGRAD','01-01-2020');
INSERT INTO Enrolled (u_id,courseCode) VALUES (620000150,'PHYS3052'),(620000150,'PHYS3729'),(620000150,'INFO2860'),(620000150,'ECON1170');
INSERT INTO Users VALUES (620000151,'Ernesto','Phinney','ErnestoPhinney@gmail.com','PhinneyErnesto');
INSERT INTO Students VALUES (620000151,'UNDERGRAD','01-01-2020');
INSERT INTO Enrolled (u_id,courseCode) VALUES (620000151,'BIOC1534'),(620000151,'PHYS3787'),(620000151,'BIOC1104');
INSERT INTO Users VALUES (620000152,'Rene','Williamson','ReneWilliamson@gmail.com','WilliamsonRene');
INSERT INTO Students VALUES (620000152,'UNDERGRAD','01-01-2020');
INSERT INTO Enrolled (u_id,courseCode) VALUES (620000152,'PHYS2306'),(620000152,'COMP2400'),(620000152,'INFO2813'),(620000152,'BIOC2981'),(620000152,'MATH1454'),(620000152,'CHEM2066');
INSERT INTO Users VALUES (620000153,'Bryan','Garrett','BryanGarrett@gmail.com','GarrettBryan');
INSERT INTO Students VALUES (620000153,'UNDERGRAD','01-01-2020');
INSERT INTO Enrolled (u_id,courseCode) VALUES (620000153,'ECON3372'),(620000153,'ECON1458'),(620000153,'MATH3173'),(620000153,'INFO1014'),(620000153,'PHYS3686'),(620000153,'MATH3613');
INSERT INTO Users VALUES (620000154,'Walter','Sultzer','WalterSultzer@gmail.com','SultzerWalter');
INSERT INTO Students VALUES (620000154,'UNDERGRAD','01-01-2020');
INSERT INTO Enrolled (u_id,courseCode) VALUES (620000154,'BIOC1534'),(620000154,'BIOC3341'),(620000154,'INFO2636'),(620000154,'COMP3849'),(620000154,'CHEM2220'),(620000154,'ECON1012');
INSERT INTO Users VALUES (620000155,'Marcus','Dohse','MarcusDohse@gmail.com','DohseMarcus');
INSERT INTO Students VALUES (620000155,'UNDERGRAD','01-01-2020');
INSERT INTO Enrolled (u_id,courseCode) VALUES (620000155,'BIOC2983'),(620000155,'CHEM2481'),(620000155,'COMP1184'),(620000155,'INFO1145'),(620000155,'CHEM2697'),(620000155,'COMP3084');
INSERT INTO Users VALUES (620000156,'Vivian','Eaton','VivianEaton@gmail.com','EatonVivian');
INSERT INTO Students VALUES (620000156,'UNDERGRAD','01-01-2020');
INSERT INTO Enrolled (u_id,courseCode) VALUES (620000156,'PHYS1930'),(620000156,'INFO2797'),(620000156,'MATH3059'),(620000156,'COMP2400');
INSERT INTO Users VALUES (620000157,'Tony','Noggle','TonyNoggle@gmail.com','NoggleTony');
INSERT INTO Students VALUES (620000157,'UNDERGRAD','01-01-2020');
INSERT INTO Enrolled (u_id,courseCode) VALUES (620000157,'COMP2400'),(620000157,'ECON1996'),(620000157,'CHEM2220');
INSERT INTO Users VALUES (620000158,'Wendell','Halford','WendellHalford@gmail.com','HalfordWendell');
INSERT INTO Students VALUES (620000158,'UNDERGRAD','01-01-2020');
INSERT INTO Enrolled (u_id,courseCode) VALUES (620000158,'MATH3179'),(620000158,'MATH1454'),(620000158,'BIOC1794'),(620000158,'ECON2703'),(620000158,'COMP3536');
INSERT INTO Users VALUES (620000159,'Blake','Myrick','BlakeMyrick@gmail.com','MyrickBlake');
INSERT INTO Students VALUES (620000159,'UNDERGRAD','01-01-2020');
INSERT INTO Enrolled (u_id,courseCode) VALUES (620000159,'CHEM2626'),(620000159,'INFO2559'),(620000159,'MATH1638');
INSERT INTO Users VALUES (620000160,'Adam','James','AdamJames@gmail.com','JamesAdam');
INSERT INTO Students VALUES (620000160,'UNDERGRAD','01-01-2020');
INSERT INTO Enrolled (u_id,courseCode) VALUES (620000160,'INFO1288'),(620000160,'ECON3550'),(620000160,'COMP1867'),(620000160,'BIOC3191'),(620000160,'ECON1561'),(620000160,'PHYS3464');
INSERT INTO Users VALUES (620000161,'Kelly','Steinbach','KellySteinbach@gmail.com','SteinbachKelly');
INSERT INTO Students VALUES (620000161,'UNDERGRAD','01-01-2020');
INSERT INTO Enrolled (u_id,courseCode) VALUES (620000161,'PHYS2977'),(620000161,'ECON1589'),(620000161,'BIOC1744');
INSERT INTO Users VALUES (620000162,'Philip','Golden','PhilipGolden@gmail.com','GoldenPhilip');
INSERT INTO Students VALUES (620000162,'UNDERGRAD','01-01-2020');
INSERT INTO Enrolled (u_id,courseCode) VALUES (620000162,'ECON1458'),(620000162,'ECON2703'),(620000162,'COMP1867');
INSERT INTO Users VALUES (620000163,'Eugene','Vargas','EugeneVargas@gmail.com','VargasEugene');
INSERT INTO Students VALUES (620000163,'UNDERGRAD','01-01-2020');
INSERT INTO Enrolled (u_id,courseCode) VALUES (620000163,'COMP2080'),(620000163,'MATH1735'),(620000163,'INFO3419'),(620000163,'PHYS2338'),(620000163,'COMP2651');
INSERT INTO Users VALUES (620000164,'Tiara','Armstead','TiaraArmstead@gmail.com','ArmsteadTiara');
INSERT INTO Students VALUES (620000164,'UNDERGRAD','01-01-2020');
INSERT INTO Enrolled (u_id,courseCode) VALUES (620000164,'ECON3550'),(620000164,'PHYS3729'),(620000164,'ECON3228');
INSERT INTO Users VALUES (620000165,'Dominique','Truong','DominiqueTruong@gmail.com','TruongDominique');
INSERT INTO Students VALUES (620000165,'UNDERGRAD','01-01-2020');
INSERT INTO Enrolled (u_id,courseCode) VALUES (620000165,'PHYS3659'),(620000165,'CHEM2626'),(620000165,'CHEM3747');
INSERT INTO Users VALUES (620000166,'Patricia','Decker','PatriciaDecker@gmail.com','DeckerPatricia');
INSERT INTO Students VALUES (620000166,'UNDERGRAD','01-01-2020');
INSERT INTO Enrolled (u_id,courseCode) VALUES (620000166,'BIOC1794'),(620000166,'BIOC3457'),(620000166,'COMP3173');
INSERT INTO Users VALUES (620000167,'Evelyn','Barron','EvelynBarron@gmail.com','BarronEvelyn');
INSERT INTO Students VALUES (620000167,'UNDERGRAD','01-01-2020');
INSERT INTO Enrolled (u_id,courseCode) VALUES (620000167,'PHYS2117'),(620000167,'BIOC2550'),(620000167,'MATH1735');
INSERT INTO Users VALUES (620000168,'Rhonda','Armstead','RhondaArmstead@gmail.com','ArmsteadRhonda');
INSERT INTO Students VALUES (620000168,'UNDERGRAD','01-01-2020');
INSERT INTO Enrolled (u_id,courseCode) VALUES (620000168,'BIOC1534'),(620000168,'INFO2716'),(620000168,'MATH3209'),(620000168,'INFO1648'),(620000168,'CHEM2604');
INSERT INTO Users VALUES (620000169,'Homer','Jesse','HomerJesse@gmail.com','JesseHomer');
INSERT INTO Students VALUES (620000169,'UNDERGRAD','01-01-2020');
INSERT INTO Enrolled (u_id,courseCode) VALUES (620000169,'BIOC1794'),(620000169,'MATH2555'),(620000169,'PHYS3464'),(620000169,'BIOC1485');
INSERT INTO Users VALUES (620000170,'Catherine','Huffman','CatherineHuffman@gmail.com','HuffmanCatherine');
INSERT INTO Students VALUES (620000170,'UNDERGRAD','01-01-2020');
INSERT INTO Enrolled (u_id,courseCode) VALUES (620000170,'INFO3868'),(620000170,'MATH2873'),(620000170,'INFO2521'),(620000170,'CHEM2177');
INSERT INTO Users VALUES (620000171,'Holly','Hoyer','HollyHoyer@gmail.com','HoyerHolly');
INSERT INTO Students VALUES (620000171,'UNDERGRAD','01-01-2020');
INSERT INTO Enrolled (u_id,courseCode) VALUES (620000171,'INFO2860'),(620000171,'PHYS2448'),(620000171,'BIOC1598'),(620000171,'CHEM3327'),(620000171,'PHYS1399');
INSERT INTO Users VALUES (620000172,'Cristina','Hamilton','CristinaHamilton@gmail.com','HamiltonCristina');
INSERT INTO Students VALUES (620000172,'UNDERGRAD','01-01-2020');
INSERT INTO Enrolled (u_id,courseCode) VALUES (620000172,'BIOC2589'),(620000172,'PHYS2563'),(620000172,'MATH2555'),(620000172,'BIOC1439'),(620000172,'ECON3372');
INSERT INTO Users VALUES (620000173,'Nathan','Sultzer','NathanSultzer@gmail.com','SultzerNathan');
INSERT INTO Students VALUES (620000173,'UNDERGRAD','01-01-2020');
INSERT INTO Enrolled (u_id,courseCode) VALUES (620000173,'MATH3844'),(620000173,'MATH3544'),(620000173,'PHYS2117'),(620000173,'BIOC1725'),(620000173,'PHYS3052'),(620000173,'INFO3419');
INSERT INTO Users VALUES (620000174,'Kimberly','Pelletier','KimberlyPelletier@gmail.com','PelletierKimberly');
INSERT INTO Students VALUES (620000174,'UNDERGRAD','01-01-2020');
INSERT INTO Enrolled (u_id,courseCode) VALUES (620000174,'MATH2555'),(620000174,'MATH3209'),(620000174,'PHYS3659'),(620000174,'ECON3737');
INSERT INTO Users VALUES (620000175,'Katie','Stallings','KatieStallings@gmail.com','StallingsKatie');
INSERT INTO Students VALUES (620000175,'UNDERGRAD','01-01-2020');
INSERT INTO Enrolled (u_id,courseCode) VALUES (620000175,'MATH1454'),(620000175,'ECON1996'),(620000175,'PHYS2306'),(620000175,'PHYS2117'),(620000175,'PHYS1930'),(620000175,'PHYS2451');
INSERT INTO Users VALUES (620000176,'Jeffrey','Vineyard','JeffreyVineyard@gmail.com','VineyardJeffrey');
INSERT INTO Students VALUES (620000176,'UNDERGRAD','01-01-2020');
INSERT INTO Enrolled (u_id,courseCode) VALUES (620000176,'ECON2722'),(620000176,'ECON3372'),(620000176,'ECON1230');
INSERT INTO Users VALUES (620000177,'Kathy','Calloway','KathyCalloway@gmail.com','CallowayKathy');
INSERT INTO Students VALUES (620000177,'UNDERGRAD','01-01-2020');
INSERT INTO Enrolled (u_id,courseCode) VALUES (620000177,'CHEM3617'),(620000177,'PHYS1993'),(620000177,'MATH3222'),(620000177,'INFO3419');
INSERT INTO Users VALUES (620000178,'Cheryl','Vanhamlin','CherylVanhamlin@gmail.com','VanhamlinCheryl');
INSERT INTO Students VALUES (620000178,'UNDERGRAD','01-01-2020');
INSERT INTO Enrolled (u_id,courseCode) VALUES (620000178,'MATH3222'),(620000178,'INFO1833'),(620000178,'MATH3179'),(620000178,'INFO2797'),(620000178,'COMP3167'),(620000178,'INFO1145');
INSERT INTO Users VALUES (620000179,'Stephen','Chatcho','StephenChatcho@gmail.com','ChatchoStephen');
INSERT INTO Students VALUES (620000179,'UNDERGRAD','01-01-2020');
INSERT INTO Enrolled (u_id,courseCode) VALUES (620000179,'BIOC3341'),(620000179,'COMP3238'),(620000179,'MATH2957'),(620000179,'COMP2651'),(620000179,'PHYS2338');
INSERT INTO Users VALUES (620000180,'Nicholas','Wright','NicholasWright@gmail.com','WrightNicholas');
INSERT INTO Students VALUES (620000180,'UNDERGRAD','01-01-2020');
INSERT INTO Enrolled (u_id,courseCode) VALUES (620000180,'MATH3222'),(620000180,'CHEM2867'),(620000180,'ECON1170'),(620000180,'BIOC1485'),(620000180,'PHYS1140'),(620000180,'BIOC1794');
INSERT INTO Users VALUES (620000181,'Douglas','English','DouglasEnglish@gmail.com','EnglishDouglas');
INSERT INTO Students VALUES (620000181,'UNDERGRAD','01-01-2020');
INSERT INTO Enrolled (u_id,courseCode) VALUES (620000181,'MATH2801'),(620000181,'COMP2651'),(620000181,'MATH1148');
INSERT INTO Users VALUES (620000182,'Gloria','Crawford','GloriaCrawford@gmail.com','CrawfordGloria');
INSERT INTO Students VALUES (620000182,'UNDERGRAD','01-01-2020');
INSERT INTO Enrolled (u_id,courseCode) VALUES (620000182,'ECON3281'),(620000182,'CHEM2177'),(620000182,'ECON3737'),(620000182,'MATH2957'),(620000182,'INFO3935'),(620000182,'PHYS3686');
INSERT INTO Users VALUES (620000183,'Sharon','Tallent','SharonTallent@gmail.com','TallentSharon');
INSERT INTO Students VALUES (620000183,'UNDERGRAD','01-01-2020');
INSERT INTO Enrolled (u_id,courseCode) VALUES (620000183,'ECON1012'),(620000183,'ECON2703'),(620000183,'BIOC1485'),(620000183,'CHEM3409');
INSERT INTO Users VALUES (620000184,'Cliff','Vargas','CliffVargas@gmail.com','VargasCliff');
INSERT INTO Students VALUES (620000184,'UNDERGRAD','01-01-2020');
INSERT INTO Enrolled (u_id,courseCode) VALUES (620000184,'CHEM3327'),(620000184,'ECON3020'),(620000184,'COMP1357'),(620000184,'PHYS1930');
INSERT INTO Users VALUES (620000185,'Stanley','Woomer','StanleyWoomer@gmail.com','WoomerStanley');
INSERT INTO Students VALUES (620000185,'UNDERGRAD','01-01-2020');
INSERT INTO Enrolled (u_id,courseCode) VALUES (620000185,'CHEM3347'),(620000185,'INFO3868'),(620000185,'COMP3418'),(620000185,'INFO3935'),(620000185,'ECON3228'),(620000185,'MATH1638');
INSERT INTO Users VALUES (620000186,'John','Bordelon','JohnBordelon@gmail.com','BordelonJohn');
INSERT INTO Students VALUES (620000186,'UNDERGRAD','01-01-2020');
INSERT INTO Enrolled (u_id,courseCode) VALUES (620000186,'COMP3084'),(620000186,'BIOC1052'),(620000186,'PHYS2229'),(620000186,'BIOC2671'),(620000186,'CHEM1494'),(620000186,'COMP2080');
INSERT INTO Users VALUES (620000187,'Earl','Mchenry','EarlMchenry@gmail.com','MchenryEarl');
INSERT INTO Students VALUES (620000187,'UNDERGRAD','01-01-2020');
INSERT INTO Enrolled (u_id,courseCode) VALUES (620000187,'BIOC1534'),(620000187,'COMP1357'),(620000187,'CHEM2005');
INSERT INTO Users VALUES (620000188,'Cliff','Fields','CliffFields@gmail.com','FieldsCliff');
INSERT INTO Students VALUES (620000188,'UNDERGRAD','01-01-2020');
INSERT INTO Enrolled (u_id,courseCode) VALUES (620000188,'ECON1230'),(620000188,'BIOC1052'),(620000188,'ECON1783'),(620000188,'ECON1170');
INSERT INTO Users VALUES (620000189,'Louise','Amberg','LouiseAmberg@gmail.com','AmbergLouise');
INSERT INTO Students VALUES (620000189,'UNDERGRAD','01-01-2020');
INSERT INTO Enrolled (u_id,courseCode) VALUES (620000189,'COMP1460'),(620000189,'PHYS3464'),(620000189,'BIOC3230'),(620000189,'ECON1783'),(620000189,'MATH2067');
INSERT INTO Users VALUES (620000190,'Wanda','Crites','WandaCrites@gmail.com','CritesWanda');
INSERT INTO Students VALUES (620000190,'UNDERGRAD','01-01-2020');
INSERT INTO Enrolled (u_id,courseCode) VALUES (620000190,'BIOC2589'),(620000190,'MATH1638'),(620000190,'PHYS3686'),(620000190,'COMP1357'),(620000190,'CHEM3793'),(620000190,'INFO3636');
INSERT INTO Users VALUES (620000191,'Rick','Garrett','RickGarrett@gmail.com','GarrettRick');
INSERT INTO Students VALUES (620000191,'UNDERGRAD','01-01-2020');
INSERT INTO Enrolled (u_id,courseCode) VALUES (620000191,'PHYS1930'),(620000191,'BIOC1986'),(620000191,'COMP2717');
INSERT INTO Users VALUES (620000192,'Colin','Vineyard','ColinVineyard@gmail.com','VineyardColin');
INSERT INTO Students VALUES (620000192,'UNDERGRAD','01-01-2020');
INSERT INTO Enrolled (u_id,courseCode) VALUES (620000192,'MATH3222'),(620000192,'BIOC1448'),(620000192,'MATH1454');
INSERT INTO Users VALUES (620000193,'Edward','Wesley','EdwardWesley@gmail.com','WesleyEdward');
INSERT INTO Students VALUES (620000193,'UNDERGRAD','01-01-2020');
INSERT INTO Enrolled (u_id,courseCode) VALUES (620000193,'INFO2950'),(620000193,'CHEM3747'),(620000193,'COMP2651'),(620000193,'MATH2501'),(620000193,'BIOC1485'),(620000193,'ECON3063');
INSERT INTO Users VALUES (620000194,'Katherine','Hart','KatherineHart@gmail.com','HartKatherine');
INSERT INTO Students VALUES (620000194,'UNDERGRAD','01-01-2020');
INSERT INTO Enrolled (u_id,courseCode) VALUES (620000194,'MATH3059'),(620000194,'PHYS3354'),(620000194,'MATH3179'),(620000194,'COMP1573'),(620000194,'COMP3697'),(620000194,'CHEM1613');
INSERT INTO Users VALUES (620000195,'Patricia','Gilmore','PatriciaGilmore@gmail.com','GilmorePatricia');
INSERT INTO Students VALUES (620000195,'UNDERGRAD','01-01-2020');
INSERT INTO Enrolled (u_id,courseCode) VALUES (620000195,'MATH1972'),(620000195,'INFO3603'),(620000195,'MATH1148'),(620000195,'ECON3989'),(620000195,'CHEM1485'),(620000195,'CHEM2065');
INSERT INTO Users VALUES (620000196,'Arthur','Mitchell','ArthurMitchell@gmail.com','MitchellArthur');
INSERT INTO Students VALUES (620000196,'UNDERGRAD','01-01-2020');
INSERT INTO Enrolled (u_id,courseCode) VALUES (620000196,'COMP1460'),(620000196,'ECON3737'),(620000196,'MATH1735'),(620000196,'ECON1645');
INSERT INTO Users VALUES (620000197,'Nancy','Sniezek','NancySniezek@gmail.com','SniezekNancy');
INSERT INTO Students VALUES (620000197,'UNDERGRAD','01-01-2020');
INSERT INTO Enrolled (u_id,courseCode) VALUES (620000197,'CHEM3347'),(620000197,'PHYS3052'),(620000197,'CHEM1807'),(620000197,'ECON1783'),(620000197,'PHYS2667'),(620000197,'PHYS1930');
INSERT INTO Users VALUES (620000198,'Juanita','Long','JuanitaLong@gmail.com','LongJuanita');
INSERT INTO Students VALUES (620000198,'UNDERGRAD','01-01-2020');
INSERT INTO Enrolled (u_id,courseCode) VALUES (620000198,'COMP3418'),(620000198,'PHYS3052'),(620000198,'CHEM2604'),(620000198,'ECON3063'),(620000198,'COMP3084'),(620000198,'INFO3935');
INSERT INTO Users VALUES (620000199,'Cheryl','Hart','CherylHart@gmail.com','HartCheryl');
INSERT INTO Students VALUES (620000199,'UNDERGRAD','01-01-2020');
INSERT INTO Enrolled (u_id,courseCode) VALUES (620000199,'MATH3059'),(620000199,'CHEM2481'),(620000199,'CHEM2797');
INSERT INTO Users VALUES (620000200,'Nan','Nunn','NanNunn@gmail.com','NunnNan');
INSERT INTO Students VALUES (620000200,'UNDERGRAD','01-01-2020');
INSERT INTO Enrolled (u_id,courseCode) VALUES (620000200,'CHEM2481'),(620000200,'ECON3063'),(620000200,'ECON3989'),(620000200,'ECON3288'),(620000200,'PHYS2113');
INSERT INTO Users VALUES (620000201,'Magdalen','Meraz','MagdalenMeraz@gmail.com','MerazMagdalen');
INSERT INTO Students VALUES (620000201,'UNDERGRAD','01-01-2020');
INSERT INTO Enrolled (u_id,courseCode) VALUES (620000201,'ECON1098'),(620000201,'MATH3209'),(620000201,'INFO1014');
INSERT INTO Users VALUES (620000202,'Willie','Wilson','WillieWilson@gmail.com','WilsonWillie');
INSERT INTO Students VALUES (620000202,'UNDERGRAD','01-01-2020');
INSERT INTO Enrolled (u_id,courseCode) VALUES (620000202,'MATH3179'),(620000202,'COMP2965'),(620000202,'ECON3311'),(620000202,'INFO2813');
INSERT INTO Users VALUES (620000203,'Mason','Finkenbinder','MasonFinkenbinder@gmail.com','FinkenbinderMason');
INSERT INTO Students VALUES (620000203,'UNDERGRAD','01-01-2020');
INSERT INTO Enrolled (u_id,courseCode) VALUES (620000203,'PHYS3052'),(620000203,'CHEM1807'),(620000203,'CHEM2604');
INSERT INTO Users VALUES (620000204,'Frankie','Eubank','FrankieEubank@gmail.com','EubankFrankie');
INSERT INTO Students VALUES (620000204,'UNDERGRAD','01-01-2020');
INSERT INTO Enrolled (u_id,courseCode) VALUES (620000204,'ECON3288'),(620000204,'BIOC2054'),(620000204,'PHYS3290'),(620000204,'COMP3639');
INSERT INTO Users VALUES (620000205,'Lorenza','Alexander','LorenzaAlexander@gmail.com','AlexanderLorenza');
INSERT INTO Students VALUES (620000205,'UNDERGRAD','01-01-2020');
INSERT INTO Enrolled (u_id,courseCode) VALUES (620000205,'PHYS2306'),(620000205,'INFO2337'),(620000205,'BIOC3191');
INSERT INTO Users VALUES (620000206,'Jake','Duffy','JakeDuffy@gmail.com','DuffyJake');
INSERT INTO Students VALUES (620000206,'UNDERGRAD','01-01-2020');
INSERT INTO Enrolled (u_id,courseCode) VALUES (620000206,'COMP2651'),(620000206,'MATH1309'),(620000206,'BIOC3230'),(620000206,'COMP2400'),(620000206,'INFO3419');
INSERT INTO Users VALUES (620000207,'Lauren','Mejias','LaurenMejias@gmail.com','MejiasLauren');
INSERT INTO Students VALUES (620000207,'UNDERGRAD','01-01-2020');
INSERT INTO Enrolled (u_id,courseCode) VALUES (620000207,'BIOC1485'),(620000207,'BIOC1164'),(620000207,'ECON3372'),(620000207,'BIOC1104'),(620000207,'COMP3173');
INSERT INTO Users VALUES (620000208,'Gary','Pearson','GaryPearson@gmail.com','PearsonGary');
INSERT INTO Students VALUES (620000208,'UNDERGRAD','01-01-2020');
INSERT INTO Enrolled (u_id,courseCode) VALUES (620000208,'CHEM3747'),(620000208,'CHEM3793'),(620000208,'BIOC3341'),(620000208,'COMP3697');
INSERT INTO Users VALUES (620000209,'Jose','Lamar','JoseLamar@gmail.com','LamarJose');
INSERT INTO Students VALUES (620000209,'UNDERGRAD','01-01-2020');
INSERT INTO Enrolled (u_id,courseCode) VALUES (620000209,'CHEM3347'),(620000209,'COMP3506'),(620000209,'INFO1648'),(620000209,'MATH3173');
INSERT INTO Users VALUES (620000210,'Rick','Stallings','RickStallings@gmail.com','StallingsRick');
INSERT INTO Students VALUES (620000210,'UNDERGRAD','01-01-2020');
INSERT INTO Enrolled (u_id,courseCode) VALUES (620000210,'INFO2797'),(620000210,'CHEM2177'),(620000210,'BIOC1910'),(620000210,'MATH2188'),(620000210,'COMP3047'),(620000210,'COMP2651');
INSERT INTO Users VALUES (620000211,'Rene','Tate','ReneTate@gmail.com','TateRene');
INSERT INTO Students VALUES (620000211,'UNDERGRAD','01-01-2020');
INSERT INTO Enrolled (u_id,courseCode) VALUES (620000211,'COMP3167'),(620000211,'COMP1051'),(620000211,'MATH2717'),(620000211,'INFO1447'),(620000211,'INFO3419'),(620000211,'INFO2521');
INSERT INTO Users VALUES (620000212,'Kurt','Johnson','KurtJohnson@gmail.com','JohnsonKurt');
INSERT INTO Students VALUES (620000212,'UNDERGRAD','01-01-2020');
INSERT INTO Enrolled (u_id,courseCode) VALUES (620000212,'ECON3004'),(620000212,'MATH2873'),(620000212,'CHEM2446');
INSERT INTO Users VALUES (620000213,'Wilbur','Jones','WilburJones@gmail.com','JonesWilbur');
INSERT INTO Students VALUES (620000213,'UNDERGRAD','01-01-2020');
INSERT INTO Enrolled (u_id,courseCode) VALUES (620000213,'PHYS3659'),(620000213,'ECON1498'),(620000213,'COMP2400'),(620000213,'CHEM1807');
INSERT INTO Users VALUES (620000214,'Clarence','Winner','ClarenceWinner@gmail.com','WinnerClarence');
INSERT INTO Students VALUES (620000214,'UNDERGRAD','01-01-2020');
INSERT INTO Enrolled (u_id,courseCode) VALUES (620000214,'CHEM3347'),(620000214,'PHYS1993'),(620000214,'ECON1098');
INSERT INTO Users VALUES (620000215,'Colin','Jackson','ColinJackson@gmail.com','JacksonColin');
INSERT INTO Students VALUES (620000215,'UNDERGRAD','01-01-2020');
INSERT INTO Enrolled (u_id,courseCode) VALUES (620000215,'MATH3222'),(620000215,'ECON2722'),(620000215,'COMP3167'),(620000215,'INFO1288'),(620000215,'INFO3419'),(620000215,'CHEM2220');
INSERT INTO Users VALUES (620000216,'Vernon','Briggs','VernonBriggs@gmail.com','BriggsVernon');
INSERT INTO Students VALUES (620000216,'UNDERGRAD','01-01-2020');
INSERT INTO Enrolled (u_id,courseCode) VALUES (620000216,'MATH1578'),(620000216,'PHYS1140'),(620000216,'MATH3222'),(620000216,'INFO2797'),(620000216,'PHYS2563');
INSERT INTO Users VALUES (620000217,'Magdalen','Sullivan','MagdalenSullivan@gmail.com','SullivanMagdalen');
INSERT INTO Students VALUES (620000217,'UNDERGRAD','01-01-2020');
INSERT INTO Enrolled (u_id,courseCode) VALUES (620000217,'ECON1561'),(620000217,'MATH3844'),(620000217,'BIOC3191'),(620000217,'INFO2813'),(620000217,'MATH3222'),(620000217,'PHYS1993');
INSERT INTO Users VALUES (620000218,'Shirley','Chappell','ShirleyChappell@gmail.com','ChappellShirley');
INSERT INTO Students VALUES (620000218,'UNDERGRAD','01-01-2020');
INSERT INTO Enrolled (u_id,courseCode) VALUES (620000218,'MATH3688'),(620000218,'CHEM3793'),(620000218,'COMP2717'),(620000218,'INFO2950');
INSERT INTO Users VALUES (620000219,'Danielle','Nighman','DanielleNighman@gmail.com','NighmanDanielle');
INSERT INTO Students VALUES (620000219,'UNDERGRAD','01-01-2020');
INSERT INTO Enrolled (u_id,courseCode) VALUES (620000219,'PHYS2563'),(620000219,'PHYS2117'),(620000219,'CHEM2005'),(620000219,'CHEM3888'),(620000219,'BIOC1439'),(620000219,'ECON3288');
INSERT INTO Users VALUES (620000220,'Eunice','Wright','EuniceWright@gmail.com','WrightEunice');
INSERT INTO Students VALUES (620000220,'UNDERGRAD','01-01-2020');
INSERT INTO Enrolled (u_id,courseCode) VALUES (620000220,'INFO1242'),(620000220,'ECON2345'),(620000220,'PHYS3339'),(620000220,'INFO2813'),(620000220,'ECON1996');
INSERT INTO Users VALUES (620000221,'Justin','Morey','JustinMorey@gmail.com','MoreyJustin');
INSERT INTO Students VALUES (620000221,'UNDERGRAD','01-01-2020');
INSERT INTO Enrolled (u_id,courseCode) VALUES (620000221,'COMP1051'),(620000221,'COMP1573'),(620000221,'ECON2722'),(620000221,'CHEM2149'),(620000221,'MATH3029');
INSERT INTO Users VALUES (620000222,'Dwight','Grinstead','DwightGrinstead@gmail.com','GrinsteadDwight');
INSERT INTO Students VALUES (620000222,'UNDERGRAD','01-01-2020');
INSERT INTO Enrolled (u_id,courseCode) VALUES (620000222,'ECON2703'),(620000222,'ECON1783'),(620000222,'ECON1645');
INSERT INTO Users VALUES (620000223,'Shonda','Golden','ShondaGolden@gmail.com','GoldenShonda');
INSERT INTO Students VALUES (620000223,'UNDERGRAD','01-01-2020');
INSERT INTO Enrolled (u_id,courseCode) VALUES (620000223,'INFO3645'),(620000223,'MATH3688'),(620000223,'PHYS3290');
INSERT INTO Users VALUES (620000224,'Justin','Lundholm','JustinLundholm@gmail.com','LundholmJustin');
INSERT INTO Students VALUES (620000224,'UNDERGRAD','01-01-2020');
INSERT INTO Enrolled (u_id,courseCode) VALUES (620000224,'COMP1573'),(620000224,'MATH3844'),(620000224,'ECON2722');
INSERT INTO Users VALUES (620000225,'Trina','Griffitts','TrinaGriffitts@gmail.com','GriffittsTrina');
INSERT INTO Students VALUES (620000225,'UNDERGRAD','01-01-2020');
INSERT INTO Enrolled (u_id,courseCode) VALUES (620000225,'ECON3085'),(620000225,'ECON1230'),(620000225,'INFO1288'),(620000225,'COMP1867');
INSERT INTO Users VALUES (620000226,'Roberto','Dunn','RobertoDunn@gmail.com','DunnRoberto');
INSERT INTO Students VALUES (620000226,'UNDERGRAD','01-01-2020');
INSERT INTO Enrolled (u_id,courseCode) VALUES (620000226,'INFO3603'),(620000226,'INFO3636'),(620000226,'INFO2797'),(620000226,'BIOC1598');
INSERT INTO Users VALUES (620000227,'Nathan','Koehn','NathanKoehn@gmail.com','KoehnNathan');
INSERT INTO Students VALUES (620000227,'UNDERGRAD','01-01-2020');
INSERT INTO Enrolled (u_id,courseCode) VALUES (620000227,'INFO3645'),(620000227,'CHEM1340'),(620000227,'PHYS2451'),(620000227,'INFO2337'),(620000227,'CHEM1613'),(620000227,'PHYS2229');
INSERT INTO Users VALUES (620000228,'Caroline','Cardona','CarolineCardona@gmail.com','CardonaCaroline');
INSERT INTO Students VALUES (620000228,'UNDERGRAD','01-01-2020');
INSERT INTO Enrolled (u_id,courseCode) VALUES (620000228,'BIOC1485'),(620000228,'COMP3536'),(620000228,'MATH3059'),(620000228,'ECON1012'),(620000228,'PHYS2306');
INSERT INTO Users VALUES (620000229,'Marie','Withrow','MarieWithrow@gmail.com','WithrowMarie');
INSERT INTO Students VALUES (620000229,'UNDERGRAD','01-01-2020');
INSERT INTO Enrolled (u_id,courseCode) VALUES (620000229,'CHEM1494'),(620000229,'PHYS3876'),(620000229,'PHYS3290'),(620000229,'BIOC2054');
INSERT INTO Users VALUES (620000230,'Teresa','Lamar','TeresaLamar@gmail.com','LamarTeresa');
INSERT INTO Students VALUES (620000230,'UNDERGRAD','01-01-2020');
INSERT INTO Enrolled (u_id,courseCode) VALUES (620000230,'INFO3645'),(620000230,'CHEM3054'),(620000230,'COMP1357'),(620000230,'PHYS3052'),(620000230,'CHEM2727');
INSERT INTO Users VALUES (620000231,'Dwayne','Hawkins','DwayneHawkins@gmail.com','HawkinsDwayne');
INSERT INTO Students VALUES (620000231,'UNDERGRAD','01-01-2020');
INSERT INTO Enrolled (u_id,courseCode) VALUES (620000231,'PHYS2117'),(620000231,'BIOC1164'),(620000231,'PHYS2338');
INSERT INTO Users VALUES (620000232,'Reggie','Imoto','ReggieImoto@gmail.com','ImotoReggie');
INSERT INTO Students VALUES (620000232,'UNDERGRAD','01-01-2020');
INSERT INTO Enrolled (u_id,courseCode) VALUES (620000232,'INFO2147'),(620000232,'BIOC1866'),(620000232,'COMP1460'),(620000232,'INFO2950'),(620000232,'INFO1648');
INSERT INTO Users VALUES (620000233,'Nicholas','Baccus','NicholasBaccus@gmail.com','BaccusNicholas');
INSERT INTO Students VALUES (620000233,'UNDERGRAD','01-01-2020');
INSERT INTO Enrolled (u_id,courseCode) VALUES (620000233,'ECON2345'),(620000233,'ECON1996'),(620000233,'CHEM2005'),(620000233,'CHEM3747');
INSERT INTO Users VALUES (620000234,'Rick','Walker','RickWalker@gmail.com','WalkerRick');
INSERT INTO Students VALUES (620000234,'UNDERGRAD','01-01-2020');
INSERT INTO Enrolled (u_id,courseCode) VALUES (620000234,'COMP2965'),(620000234,'ECON3020'),(620000234,'COMP1184'),(620000234,'CHEM3327'),(620000234,'CHEM2626');
INSERT INTO Users VALUES (620000235,'Rosa','Crespo','RosaCrespo@gmail.com','CrespoRosa');
INSERT INTO Students VALUES (620000235,'UNDERGRAD','01-01-2020');
INSERT INTO Enrolled (u_id,courseCode) VALUES (620000235,'INFO3935'),(620000235,'PHYS2306'),(620000235,'INFO1990'),(620000235,'PHYS3339');
INSERT INTO Users VALUES (620000236,'Stacy','Braun','StacyBraun@gmail.com','BraunStacy');
INSERT INTO Students VALUES (620000236,'UNDERGRAD','01-01-2020');
INSERT INTO Enrolled (u_id,courseCode) VALUES (620000236,'CHEM2005'),(620000236,'BIOC1794'),(620000236,'PHYS3464'),(620000236,'BIOC2981');
INSERT INTO Users VALUES (620000237,'David','Best','DavidBest@gmail.com','BestDavid');
INSERT INTO Students VALUES (620000237,'UNDERGRAD','01-01-2020');
INSERT INTO Enrolled (u_id,courseCode) VALUES (620000237,'PHYS2117'),(620000237,'ECON1498'),(620000237,'CHEM1340'),(620000237,'INFO2716');
INSERT INTO Users VALUES (620000238,'Sam','Harness','SamHarness@gmail.com','HarnessSam');
INSERT INTO Students VALUES (620000238,'UNDERGRAD','01-01-2020');
INSERT INTO Enrolled (u_id,courseCode) VALUES (620000238,'COMP2717'),(620000238,'INFO3419'),(620000238,'MATH3179');
INSERT INTO Users VALUES (620000239,'Dominique','Shane','DominiqueShane@gmail.com','ShaneDominique');
INSERT INTO Students VALUES (620000239,'UNDERGRAD','01-01-2020');
INSERT INTO Enrolled (u_id,courseCode) VALUES (620000239,'INFO1242'),(620000239,'CHEM3747'),(620000239,'COMP3084'),(620000239,'INFO1648');
INSERT INTO Users VALUES (620000240,'Arthur','Dohse','ArthurDohse@gmail.com','DohseArthur');
INSERT INTO Students VALUES (620000240,'UNDERGRAD','01-01-2020');
INSERT INTO Enrolled (u_id,courseCode) VALUES (620000240,'PHYS2563'),(620000240,'BIOC3721'),(620000240,'BIOC1164'),(620000240,'MATH2188');
INSERT INTO Users VALUES (620000241,'Shirley','Vario','ShirleyVario@gmail.com','VarioShirley');
INSERT INTO Students VALUES (620000241,'UNDERGRAD','01-01-2020');
INSERT INTO Enrolled (u_id,courseCode) VALUES (620000241,'ECON3085'),(620000241,'CHEM3793'),(620000241,'PHYS2113'),(620000241,'CHEM2626'),(620000241,'COMP3238');
INSERT INTO Users VALUES (620000242,'Peter','Pearson','PeterPearson@gmail.com','PearsonPeter');
INSERT INTO Students VALUES (620000242,'UNDERGRAD','01-01-2020');
INSERT INTO Enrolled (u_id,courseCode) VALUES (620000242,'COMP1867'),(620000242,'ECON3737'),(620000242,'PHYS3052'),(620000242,'PHYS2667');
INSERT INTO Users VALUES (620000243,'Shayne','Burney','ShayneBurney@gmail.com','BurneyShayne');
INSERT INTO Students VALUES (620000243,'UNDERGRAD','01-01-2020');
INSERT INTO Enrolled (u_id,courseCode) VALUES (620000243,'INFO2813'),(620000243,'CHEM2727'),(620000243,'CHEM3888'),(620000243,'MATH3857'),(620000243,'INFO1648'),(620000243,'BIOC3721');
INSERT INTO Users VALUES (620000244,'Floyd','Marshall','FloydMarshall@gmail.com','MarshallFloyd');
INSERT INTO Students VALUES (620000244,'UNDERGRAD','01-01-2020');
INSERT INTO Enrolled (u_id,courseCode) VALUES (620000244,'INFO2950'),(620000244,'PHYS1399'),(620000244,'COMP1460'),(620000244,'ECON3737'),(620000244,'BIOC3721');
INSERT INTO Users VALUES (620000245,'Isreal','Russ','IsrealRuss@gmail.com','RussIsreal');
INSERT INTO Students VALUES (620000245,'UNDERGRAD','01-01-2020');
INSERT INTO Enrolled (u_id,courseCode) VALUES (620000245,'MATH2801'),(620000245,'INFO2270'),(620000245,'CHEM1807'),(620000245,'CHEM2604');
INSERT INTO Users VALUES (620000246,'Sandra','English','SandraEnglish@gmail.com','EnglishSandra');
INSERT INTO Students VALUES (620000246,'UNDERGRAD','01-01-2020');
INSERT INTO Enrolled (u_id,courseCode) VALUES (620000246,'BIOC1744'),(620000246,'COMP3238'),(620000246,'CHEM1613');
INSERT INTO Users VALUES (620000247,'Clyde','Calder','ClydeCalder@gmail.com','CalderClyde');
INSERT INTO Students VALUES (620000247,'UNDERGRAD','01-01-2020');
INSERT INTO Enrolled (u_id,courseCode) VALUES (620000247,'ECON1561'),(620000247,'PHYS3354'),(620000247,'MATH3613'),(620000247,'PHYS1979'),(620000247,'CHEM2697');
INSERT INTO Users VALUES (620000248,'Evelyn','Morey','EvelynMorey@gmail.com','MoreyEvelyn');
INSERT INTO Students VALUES (620000248,'UNDERGRAD','01-01-2020');
INSERT INTO Enrolled (u_id,courseCode) VALUES (620000248,'ECON3447'),(620000248,'INFO3603'),(620000248,'CHEM3617');
INSERT INTO Users VALUES (620000249,'Esmeralda','Garcia','EsmeraldaGarcia@gmail.com','GarciaEsmeralda');
INSERT INTO Students VALUES (620000249,'UNDERGRAD','01-01-2020');
INSERT INTO Enrolled (u_id,courseCode) VALUES (620000249,'CHEM2446'),(620000249,'ECON1589'),(620000249,'INFO3603');
INSERT INTO Users VALUES (620000250,'Delia','Mertens','DeliaMertens@gmail.com','MertensDelia');
INSERT INTO Students VALUES (620000250,'UNDERGRAD','01-01-2020');
INSERT INTO Enrolled (u_id,courseCode) VALUES (620000250,'COMP2361'),(620000250,'INFO2559'),(620000250,'CHEM2727'),(620000250,'COMP1184'),(620000250,'BIOC1910'),(620000250,'INFO3603');
INSERT INTO Users VALUES (620000251,'Dora','Turkus','DoraTurkus@gmail.com','TurkusDora');
INSERT INTO Students VALUES (620000251,'UNDERGRAD','01-01-2020');
INSERT INTO Enrolled (u_id,courseCode) VALUES (620000251,'INFO1288'),(620000251,'ECON1170'),(620000251,'MATH3209');
INSERT INTO Users VALUES (620000252,'Willard','Ekberg','WillardEkberg@gmail.com','EkbergWillard');
INSERT INTO Students VALUES (620000252,'UNDERGRAD','01-01-2020');
INSERT INTO Enrolled (u_id,courseCode) VALUES (620000252,'ECON1996'),(620000252,'BIOC1910'),(620000252,'INFO3636'),(620000252,'MATH1148'),(620000252,'PHYS2306');
INSERT INTO Users VALUES (620000253,'Joyce','Ramlall','JoyceRamlall@gmail.com','RamlallJoyce');
INSERT INTO Students VALUES (620000253,'UNDERGRAD','01-01-2020');
INSERT INTO Enrolled (u_id,courseCode) VALUES (620000253,'ECON3085'),(620000253,'MATH3688'),(620000253,'MATH1309');
INSERT INTO Users VALUES (620000254,'Rachel','Watson','RachelWatson@gmail.com','WatsonRachel');
INSERT INTO Students VALUES (620000254,'UNDERGRAD','01-01-2020');
INSERT INTO Enrolled (u_id,courseCode) VALUES (620000254,'COMP3047'),(620000254,'COMP1867'),(620000254,'ECON1561'),(620000254,'ECON3447'),(620000254,'CHEM1807'),(620000254,'MATH3222');
INSERT INTO Users VALUES (620000255,'Thomas','Baptiste','ThomasBaptiste@gmail.com','BaptisteThomas');
INSERT INTO Students VALUES (620000255,'UNDERGRAD','01-01-2020');
INSERT INTO Enrolled (u_id,courseCode) VALUES (620000255,'CHEM3793'),(620000255,'COMP2361'),(620000255,'INFO3935'),(620000255,'INFO2521');
INSERT INTO Users VALUES (620000256,'Elwood','Garcia','ElwoodGarcia@gmail.com','GarciaElwood');
INSERT INTO Students VALUES (620000256,'UNDERGRAD','01-01-2020');
INSERT INTO Enrolled (u_id,courseCode) VALUES (620000256,'CHEM2626'),(620000256,'ECON2387'),(620000256,'MATH2957'),(620000256,'MATH3173');
INSERT INTO Users VALUES (620000257,'Shonda','Wesley','ShondaWesley@gmail.com','WesleyShonda');
INSERT INTO Students VALUES (620000257,'UNDERGRAD','01-01-2020');
INSERT INTO Enrolled (u_id,courseCode) VALUES (620000257,'ECON1170'),(620000257,'ECON3447'),(620000257,'BIOC3230'),(620000257,'CHEM3327'),(620000257,'PHYS3686'),(620000257,'MATH3029');
INSERT INTO Users VALUES (620000258,'Adrienne','Dillis','AdrienneDillis@gmail.com','DillisAdrienne');
INSERT INTO Students VALUES (620000258,'UNDERGRAD','01-01-2020');
INSERT INTO Enrolled (u_id,courseCode) VALUES (620000258,'INFO2636'),(620000258,'ECON3447'),(620000258,'MATH3173'),(620000258,'MATH2957'),(620000258,'PHYS2306');
INSERT INTO Users VALUES (620000259,'Catherine','Briggs','CatherineBriggs@gmail.com','BriggsCatherine');
INSERT INTO Students VALUES (620000259,'UNDERGRAD','01-01-2020');
INSERT INTO Enrolled (u_id,courseCode) VALUES (620000259,'MATH2873'),(620000259,'ECON1783'),(620000259,'MATH3844');
INSERT INTO Users VALUES (620000260,'Flora','Wilson','FloraWilson@gmail.com','WilsonFlora');
INSERT INTO Students VALUES (620000260,'UNDERGRAD','01-01-2020');
INSERT INTO Enrolled (u_id,courseCode) VALUES (620000260,'COMP2965'),(620000260,'PHYS2113'),(620000260,'PHYS2451'),(620000260,'CHEM2005'),(620000260,'PHYS1930'),(620000260,'CHEM3347');
INSERT INTO Users VALUES (620000261,'Kathleen','Gillis','KathleenGillis@gmail.com','GillisKathleen');
INSERT INTO Students VALUES (620000261,'UNDERGRAD','01-01-2020');
INSERT INTO Enrolled (u_id,courseCode) VALUES (620000261,'INFO1990'),(620000261,'BIOC1866'),(620000261,'ECON3288'),(620000261,'MATH1454');
INSERT INTO Users VALUES (620000262,'Jason','Watson','JasonWatson@gmail.com','WatsonJason');
INSERT INTO Students VALUES (620000262,'UNDERGRAD','01-01-2020');
INSERT INTO Enrolled (u_id,courseCode) VALUES (620000262,'MATH2873'),(620000262,'CHEM1613'),(620000262,'INFO2270'),(620000262,'COMP2541'),(620000262,'COMP3697');
INSERT INTO Users VALUES (620000263,'Tiara','Golden','TiaraGolden@gmail.com','GoldenTiara');
INSERT INTO Students VALUES (620000263,'UNDERGRAD','01-01-2020');
INSERT INTO Enrolled (u_id,courseCode) VALUES (620000263,'ECON2387'),(620000263,'CHEM2031'),(620000263,'INFO3636'),(620000263,'COMP2080'),(620000263,'ECON3085'),(620000263,'BIOC3341');
INSERT INTO Users VALUES (620000264,'Toby','Klein','TobyKlein@gmail.com','KleinToby');
INSERT INTO Students VALUES (620000264,'UNDERGRAD','01-01-2020');
INSERT INTO Enrolled (u_id,courseCode) VALUES (620000264,'MATH2550'),(620000264,'COMP3536'),(620000264,'COMP1184'),(620000264,'PHYS2448'),(620000264,'MATH2067'),(620000264,'CHEM1340');
INSERT INTO Users VALUES (620000265,'Jeffrey','Cochran','JeffreyCochran@gmail.com','CochranJeffrey');
INSERT INTO Students VALUES (620000265,'UNDERGRAD','01-01-2020');
INSERT INTO Enrolled (u_id,courseCode) VALUES (620000265,'PHYS3686'),(620000265,'BIOC1866'),(620000265,'CHEM2220'),(620000265,'COMP2717'),(620000265,'ECON1498');
INSERT INTO Users VALUES (620000266,'Dale','Lopez','DaleLopez@gmail.com','LopezDale');
INSERT INTO Students VALUES (620000266,'UNDERGRAD','01-01-2020');
INSERT INTO Enrolled (u_id,courseCode) VALUES (620000266,'BIOC2550'),(620000266,'INFO2811'),(620000266,'INFO3603'),(620000266,'MATH1638'),(620000266,'INFO3636'),(620000266,'ECON2814');
INSERT INTO Users VALUES (620000267,'Joseph','Petersen','JosephPetersen@gmail.com','PetersenJoseph');
INSERT INTO Students VALUES (620000267,'UNDERGRAD','01-01-2020');
INSERT INTO Enrolled (u_id,courseCode) VALUES (620000267,'BIOC1744'),(620000267,'COMP2077'),(620000267,'PHYS2306'),(620000267,'CHEM2177');
INSERT INTO Users VALUES (620000268,'Kirk','Joeckel','KirkJoeckel@gmail.com','JoeckelKirk');
INSERT INTO Students VALUES (620000268,'UNDERGRAD','01-01-2020');
INSERT INTO Enrolled (u_id,courseCode) VALUES (620000268,'PHYS1979'),(620000268,'BIOC1485'),(620000268,'BIOC1866'),(620000268,'INFO3645'),(620000268,'ECON3372');
INSERT INTO Users VALUES (620000269,'Sergio','Blackwell','SergioBlackwell@gmail.com','BlackwellSergio');
INSERT INTO Students VALUES (620000269,'UNDERGRAD','01-01-2020');
INSERT INTO Enrolled (u_id,courseCode) VALUES (620000269,'MATH1735'),(620000269,'CHEM2220'),(620000269,'ECON3372'),(620000269,'PHYS3052'),(620000269,'COMP3238'),(620000269,'COMP1184');
INSERT INTO Users VALUES (620000270,'Timothy','Atkins','TimothyAtkins@gmail.com','AtkinsTimothy');
INSERT INTO Students VALUES (620000270,'UNDERGRAD','01-01-2020');
INSERT INTO Enrolled (u_id,courseCode) VALUES (620000270,'ECON1230'),(620000270,'MATH3179'),(620000270,'ECON3737'),(620000270,'CHEM2626'),(620000270,'MATH2801');
INSERT INTO Users VALUES (620000271,'Randy','Phinney','RandyPhinney@gmail.com','PhinneyRandy');
INSERT INTO Students VALUES (620000271,'UNDERGRAD','01-01-2020');
INSERT INTO Enrolled (u_id,courseCode) VALUES (620000271,'CHEM2604'),(620000271,'BIOC1598'),(620000271,'PHYS2306');
INSERT INTO Users VALUES (620000272,'Clifford','Gondek','CliffordGondek@gmail.com','GondekClifford');
INSERT INTO Students VALUES (620000272,'UNDERGRAD','01-01-2020');
INSERT INTO Enrolled (u_id,courseCode) VALUES (620000272,'PHYS2338'),(620000272,'PHYS2113'),(620000272,'COMP3506'),(620000272,'MATH1648'),(620000272,'INFO2270'),(620000272,'INFO2797');
INSERT INTO Users VALUES (620000273,'Steven','Ryan','StevenRyan@gmail.com','RyanSteven');
INSERT INTO Students VALUES (620000273,'UNDERGRAD','01-01-2020');
INSERT INTO Enrolled (u_id,courseCode) VALUES (620000273,'BIOC3457'),(620000273,'BIOC2981'),(620000273,'ECON1561'),(620000273,'COMP1051'),(620000273,'COMP3418'),(620000273,'PHYS2563');
INSERT INTO Users VALUES (620000274,'Dominique','Pere','DominiquePere@gmail.com','PereDominique');
INSERT INTO Students VALUES (620000274,'UNDERGRAD','01-01-2020');
INSERT INTO Enrolled (u_id,courseCode) VALUES (620000274,'INFO3645'),(620000274,'PHYS3729'),(620000274,'ECON1230'),(620000274,'PHYS2229'),(620000274,'COMP2651'),(620000274,'ECON1589');
INSERT INTO Users VALUES (620000275,'Stanley','Jones','StanleyJones@gmail.com','JonesStanley');
INSERT INTO Students VALUES (620000275,'UNDERGRAD','01-01-2020');
INSERT INTO Enrolled (u_id,courseCode) VALUES (620000275,'INFO1990'),(620000275,'MATH2188'),(620000275,'MATH3029'),(620000275,'PHYS3339'),(620000275,'INFO2559');
INSERT INTO Users VALUES (620000276,'Dale','Alvarez','DaleAlvarez@gmail.com','AlvarezDale');
INSERT INTO Students VALUES (620000276,'UNDERGRAD','01-01-2020');
INSERT INTO Enrolled (u_id,courseCode) VALUES (620000276,'ECON3281'),(620000276,'BIOC3191'),(620000276,'PHYS2306'),(620000276,'PHYS2977'),(620000276,'INFO2636'),(620000276,'ECON1098');
INSERT INTO Users VALUES (620000277,'Doris','Alexander','DorisAlexander@gmail.com','AlexanderDoris');
INSERT INTO Students VALUES (620000277,'UNDERGRAD','01-01-2020');
INSERT INTO Enrolled (u_id,courseCode) VALUES (620000277,'COMP3536'),(620000277,'MATH3029'),(620000277,'CHEM1340');
INSERT INTO Users VALUES (620000278,'Young','Swan','YoungSwan@gmail.com','SwanYoung');
INSERT INTO Students VALUES (620000278,'UNDERGRAD','01-01-2020');
INSERT INTO Enrolled (u_id,courseCode) VALUES (620000278,'ECON1458'),(620000278,'COMP3685'),(620000278,'CHEM2149'),(620000278,'MATH3688'),(620000278,'ECON3020');
INSERT INTO Users VALUES (620000279,'Philip','Nerbonne','PhilipNerbonne@gmail.com','NerbonnePhilip');
INSERT INTO Students VALUES (620000279,'UNDERGRAD','01-01-2020');
INSERT INTO Enrolled (u_id,courseCode) VALUES (620000279,'COMP1357'),(620000279,'CHEM2697'),(620000279,'INFO1145');
INSERT INTO Users VALUES (620000280,'William','Lamar','WilliamLamar@gmail.com','LamarWilliam');
INSERT INTO Students VALUES (620000280,'UNDERGRAD','01-01-2020');
INSERT INTO Enrolled (u_id,courseCode) VALUES (620000280,'CHEM1807'),(620000280,'INFO1825'),(620000280,'BIOC3457');
INSERT INTO Users VALUES (620000281,'Caroline','Jaworski','CarolineJaworski@gmail.com','JaworskiCaroline');
INSERT INTO Students VALUES (620000281,'UNDERGRAD','01-01-2020');
INSERT INTO Enrolled (u_id,courseCode) VALUES (620000281,'ECON2722'),(620000281,'INFO2811'),(620000281,'MATH2873');
INSERT INTO Users VALUES (620000282,'Jeremy','Richardson','JeremyRichardson@gmail.com','RichardsonJeremy');
INSERT INTO Students VALUES (620000282,'UNDERGRAD','01-01-2020');
INSERT INTO Enrolled (u_id,courseCode) VALUES (620000282,'MATH1578'),(620000282,'COMP1573'),(620000282,'BIOC1164'),(620000282,'BIOC3457'),(620000282,'ECON1498');
INSERT INTO Users VALUES (620000283,'Warren','Vanwyck','WarrenVanwyck@gmail.com','VanwyckWarren');
INSERT INTO Students VALUES (620000283,'UNDERGRAD','01-01-2020');
INSERT INTO Enrolled (u_id,courseCode) VALUES (620000283,'BIOC1534'),(620000283,'INFO2559'),(620000283,'MATH2550'),(620000283,'PHYS2229'),(620000283,'CHEM1485'),(620000283,'CHEM2065');
INSERT INTO Users VALUES (620000284,'Larry','Dohse','LarryDohse@gmail.com','DohseLarry');
INSERT INTO Students VALUES (620000284,'UNDERGRAD','01-01-2020');
INSERT INTO Enrolled (u_id,courseCode) VALUES (620000284,'ECON2345'),(620000284,'COMP3238'),(620000284,'CHEM2220'),(620000284,'PHYS2306'),(620000284,'CHEM2065'),(620000284,'BIOC1794');
INSERT INTO Users VALUES (620000285,'Lori','Joeckel','LoriJoeckel@gmail.com','JoeckelLori');
INSERT INTO Students VALUES (620000285,'UNDERGRAD','01-01-2020');
INSERT INTO Enrolled (u_id,courseCode) VALUES (620000285,'ECON3063'),(620000285,'COMP2541'),(620000285,'COMP2077'),(620000285,'PHYS1979'),(620000285,'BIOC1598'),(620000285,'CHEM3747');
INSERT INTO Users VALUES (620000286,'Jesus','Carrillo','JesusCarrillo@gmail.com','CarrilloJesus');
INSERT INTO Students VALUES (620000286,'UNDERGRAD','01-01-2020');
INSERT INTO Enrolled (u_id,courseCode) VALUES (620000286,'ECON2703'),(620000286,'ECON3372'),(620000286,'CHEM1494');
INSERT INTO Users VALUES (620000287,'Nicholas','Tallent','NicholasTallent@gmail.com','TallentNicholas');
INSERT INTO Students VALUES (620000287,'UNDERGRAD','01-01-2020');
INSERT INTO Enrolled (u_id,courseCode) VALUES (620000287,'COMP2541'),(620000287,'PHYS1173'),(620000287,'ECON1458'),(620000287,'ECON3311');
INSERT INTO Users VALUES (620000288,'Samuel','Boyer','SamuelBoyer@gmail.com','BoyerSamuel');
INSERT INTO Students VALUES (620000288,'UNDERGRAD','01-01-2020');
INSERT INTO Enrolled (u_id,courseCode) VALUES (620000288,'CHEM2177'),(620000288,'PHYS2977'),(620000288,'ECON3276'),(620000288,'COMP3418'),(620000288,'COMP2361'),(620000288,'MATH2801');
INSERT INTO Users VALUES (620000289,'Gilbert','Flemming','GilbertFlemming@gmail.com','FlemmingGilbert');
INSERT INTO Students VALUES (620000289,'UNDERGRAD','01-01-2020');
INSERT INTO Enrolled (u_id,courseCode) VALUES (620000289,'BIOC2589'),(620000289,'MATH3857'),(620000289,'INFO2636'),(620000289,'ECON1170'),(620000289,'MATH3059');
INSERT INTO Users VALUES (620000290,'Edwin','Shane','EdwinShane@gmail.com','ShaneEdwin');
INSERT INTO Students VALUES (620000290,'UNDERGRAD','01-01-2020');
INSERT INTO Enrolled (u_id,courseCode) VALUES (620000290,'CHEM3793'),(620000290,'PHYS2977'),(620000290,'COMP3685'),(620000290,'INFO3645');
INSERT INTO Users VALUES (620000291,'Diane','Huffman','DianeHuffman@gmail.com','HuffmanDiane');
INSERT INTO Students VALUES (620000291,'UNDERGRAD','01-01-2020');
INSERT INTO Enrolled (u_id,courseCode) VALUES (620000291,'PHYS2667'),(620000291,'ECON3281'),(620000291,'BIOC3604'),(620000291,'INFO1447');
INSERT INTO Users VALUES (620000292,'Catherine','Lockwood','CatherineLockwood@gmail.com','LockwoodCatherine');
INSERT INTO Students VALUES (620000292,'UNDERGRAD','01-01-2020');
INSERT INTO Enrolled (u_id,courseCode) VALUES (620000292,'INFO2813'),(620000292,'COMP3084'),(620000292,'PHYS2229');
INSERT INTO Users VALUES (620000293,'Kimberly','Stallings','KimberlyStallings@gmail.com','StallingsKimberly');
INSERT INTO Students VALUES (620000293,'UNDERGRAD','01-01-2020');
INSERT INTO Enrolled (u_id,courseCode) VALUES (620000293,'ECON1458'),(620000293,'ECON3020'),(620000293,'INFO1447'),(620000293,'INFO3603'),(620000293,'COMP3536'),(620000293,'ECON3550');
INSERT INTO Users VALUES (620000294,'Casey','Lorenz','CaseyLorenz@gmail.com','LorenzCasey');
INSERT INTO Students VALUES (620000294,'UNDERGRAD','01-01-2020');
INSERT INTO Enrolled (u_id,courseCode) VALUES (620000294,'ECON3063'),(620000294,'INFO2797'),(620000294,'CHEM3793');
INSERT INTO Users VALUES (620000295,'Alvin','Pantoja','AlvinPantoja@gmail.com','PantojaAlvin');
INSERT INTO Students VALUES (620000295,'UNDERGRAD','01-01-2020');
INSERT INTO Enrolled (u_id,courseCode) VALUES (620000295,'MATH3688'),(620000295,'PHYS3290'),(620000295,'ECON3085');
INSERT INTO Users VALUES (620000296,'Earl','Dumas','EarlDumas@gmail.com','DumasEarl');
INSERT INTO Students VALUES (620000296,'UNDERGRAD','01-01-2020');
INSERT INTO Enrolled (u_id,courseCode) VALUES (620000296,'BIOC1866'),(620000296,'MATH1454'),(620000296,'MATH2067'),(620000296,'INFO1990'),(620000296,'ECON3085'),(620000296,'BIOC3721');
INSERT INTO Users VALUES (620000297,'Stanley','Krause','StanleyKrause@gmail.com','KrauseStanley');
INSERT INTO Students VALUES (620000297,'UNDERGRAD','01-01-2020');
INSERT INTO Enrolled (u_id,courseCode) VALUES (620000297,'INFO1014'),(620000297,'MATH1972'),(620000297,'PHYS1930'),(620000297,'PHYS3787'),(620000297,'ECON1498'),(620000297,'ECON2703');
INSERT INTO Users VALUES (620000298,'Miss','Porter','MissPorter@gmail.com','PorterMiss');
INSERT INTO Students VALUES (620000298,'UNDERGRAD','01-01-2020');
INSERT INTO Enrolled (u_id,courseCode) VALUES (620000298,'ECON3085'),(620000298,'CHEM2481'),(620000298,'MATH3222'),(620000298,'ECON3550'),(620000298,'ECON3276'),(620000298,'PHYS2563');
INSERT INTO Users VALUES (620000299,'Angela','Best','AngelaBest@gmail.com','BestAngela');
INSERT INTO Students VALUES (620000299,'UNDERGRAD','01-01-2020');
INSERT INTO Enrolled (u_id,courseCode) VALUES (620000299,'INFO2716'),(620000299,'PHYS3354'),(620000299,'BIOC1910');
INSERT INTO Users VALUES (620000300,'Larry','Carlson','LarryCarlson@gmail.com','CarlsonLarry');
INSERT INTO Students VALUES (620000300,'UNDERGRAD','01-01-2020');
INSERT INTO Enrolled (u_id,courseCode) VALUES (620000300,'INFO2950'),(620000300,'MATH3209'),(620000300,'MATH2501'),(620000300,'MATH2873');
INSERT INTO Users VALUES (620000301,'Byron','Mcalister','ByronMcalister@gmail.com','McalisterByron');
INSERT INTO Students VALUES (620000301,'UNDERGRAD','01-01-2020');
INSERT INTO Enrolled (u_id,courseCode) VALUES (620000301,'BIOC2236'),(620000301,'INFO2716'),(620000301,'CHEM2481'),(620000301,'INFO2213'),(620000301,'INFO3868'),(620000301,'PHYS3787');
INSERT INTO Users VALUES (620000302,'Timothy','Robles','TimothyRobles@gmail.com','RoblesTimothy');
INSERT INTO Students VALUES (620000302,'UNDERGRAD','01-01-2020');
INSERT INTO Enrolled (u_id,courseCode) VALUES (620000302,'ECON3228'),(620000302,'BIOC1986'),(620000302,'COMP2541'),(620000302,'ECON2703'),(620000302,'INFO1014'),(620000302,'COMP1573');
INSERT INTO Users VALUES (620000303,'Neal','Brown','NealBrown@gmail.com','BrownNeal');
INSERT INTO Students VALUES (620000303,'UNDERGRAD','01-01-2020');
INSERT INTO Enrolled (u_id,courseCode) VALUES (620000303,'PHYS2667'),(620000303,'MATH1972'),(620000303,'BIOC1534');
INSERT INTO Users VALUES (620000304,'Stephen','Truong','StephenTruong@gmail.com','TruongStephen');
INSERT INTO Students VALUES (620000304,'UNDERGRAD','01-01-2020');
INSERT INTO Enrolled (u_id,courseCode) VALUES (620000304,'INFO1648'),(620000304,'BIOC2981'),(620000304,'PHYS2667');
INSERT INTO Users VALUES (620000305,'Jason','Boyer','JasonBoyer@gmail.com','BoyerJason');
INSERT INTO Students VALUES (620000305,'UNDERGRAD','01-01-2020');
INSERT INTO Enrolled (u_id,courseCode) VALUES (620000305,'PHYS1979'),(620000305,'PHYS3290'),(620000305,'PHYS1930');
INSERT INTO Users VALUES (620000306,'Kurt','Petersen','KurtPetersen@gmail.com','PetersenKurt');
INSERT INTO Students VALUES (620000306,'UNDERGRAD','01-01-2020');
INSERT INTO Enrolled (u_id,courseCode) VALUES (620000306,'BIOC2236'),(620000306,'MATH2801'),(620000306,'CHEM1485'),(620000306,'ECON1012'),(620000306,'CHEM2797');
INSERT INTO Users VALUES (620000307,'Paul','Williamson','PaulWilliamson@gmail.com','WilliamsonPaul');
INSERT INTO Students VALUES (620000307,'UNDERGRAD','01-01-2020');
INSERT INTO Enrolled (u_id,courseCode) VALUES (620000307,'BIOC1052'),(620000307,'COMP3238'),(620000307,'MATH2717'),(620000307,'MATH1735'),(620000307,'MATH2555');
INSERT INTO Users VALUES (620000308,'Orlando','Ebbs','OrlandoEbbs@gmail.com','EbbsOrlando');
INSERT INTO Students VALUES (620000308,'UNDERGRAD','01-01-2020');
INSERT INTO Enrolled (u_id,courseCode) VALUES (620000308,'MATH3029'),(620000308,'MATH1648'),(620000308,'CHEM3793'),(620000308,'MATH3209');
INSERT INTO Users VALUES (620000309,'Thomas','Busse','ThomasBusse@gmail.com','BusseThomas');
INSERT INTO Students VALUES (620000309,'UNDERGRAD','01-01-2020');
INSERT INTO Enrolled (u_id,courseCode) VALUES (620000309,'MATH1250'),(620000309,'PHYS3464'),(620000309,'MATH3857'),(620000309,'BIOC1485'),(620000309,'MATH1454'),(620000309,'MATH2555');
INSERT INTO Users VALUES (620000310,'Brian','Valenzuela','BrianValenzuela@gmail.com','ValenzuelaBrian');
INSERT INTO Students VALUES (620000310,'UNDERGRAD','01-01-2020');
INSERT INTO Enrolled (u_id,courseCode) VALUES (620000310,'CHEM2604'),(620000310,'MATH2501'),(620000310,'INFO2797'),(620000310,'ECON2814'),(620000310,'CHEM2867');
INSERT INTO Users VALUES (620000311,'Weldon','Petty','WeldonPetty@gmail.com','PettyWeldon');
INSERT INTO Students VALUES (620000311,'UNDERGRAD','01-01-2020');
INSERT INTO Enrolled (u_id,courseCode) VALUES (620000311,'ECON1589'),(620000311,'ECON3228'),(620000311,'PHYS3290'),(620000311,'INFO2636'),(620000311,'ECON1498'),(620000311,'ECON3311');
INSERT INTO Users VALUES (620000312,'Teresa','Rodriguez','TeresaRodriguez@gmail.com','RodriguezTeresa');
INSERT INTO Students VALUES (620000312,'UNDERGRAD','01-01-2020');
INSERT INTO Enrolled (u_id,courseCode) VALUES (620000312,'PHYS2977'),(620000312,'INFO2559'),(620000312,'CHEM2220'),(620000312,'PHYS2448'),(620000312,'BIOC2981');
INSERT INTO Users VALUES (620000313,'David','Letchworth','DavidLetchworth@gmail.com','LetchworthDavid');
INSERT INTO Students VALUES (620000313,'UNDERGRAD','01-01-2020');
INSERT INTO Enrolled (u_id,courseCode) VALUES (620000313,'MATH3209'),(620000313,'COMP1543'),(620000313,'CHEM2031'),(620000313,'PHYS1173'),(620000313,'ECON3523');
INSERT INTO Users VALUES (620000314,'Toby','Garcia','TobyGarcia@gmail.com','GarciaToby');
INSERT INTO Students VALUES (620000314,'UNDERGRAD','01-01-2020');
INSERT INTO Enrolled (u_id,courseCode) VALUES (620000314,'COMP3167'),(620000314,'PHYS2238'),(620000314,'CHEM2065'),(620000314,'COMP3639'),(620000314,'BIOC1104');
INSERT INTO Users VALUES (620000315,'Walter','Bradford','WalterBradford@gmail.com','BradfordWalter');
INSERT INTO Students VALUES (620000315,'UNDERGRAD','01-01-2020');
INSERT INTO Enrolled (u_id,courseCode) VALUES (620000315,'COMP2651'),(620000315,'BIOC2981'),(620000315,'INFO3868'),(620000315,'ECON3372'),(620000315,'CHEM3614');
INSERT INTO Users VALUES (620000316,'Peter','Hunt','PeterHunt@gmail.com','HuntPeter');
INSERT INTO Students VALUES (620000316,'UNDERGRAD','01-01-2020');
INSERT INTO Enrolled (u_id,courseCode) VALUES (620000316,'BIOC3191'),(620000316,'INFO2797'),(620000316,'ECON1458');
INSERT INTO Users VALUES (620000317,'Blake','Colley','BlakeColley@gmail.com','ColleyBlake');
INSERT INTO Students VALUES (620000317,'UNDERGRAD','01-01-2020');
INSERT INTO Enrolled (u_id,courseCode) VALUES (620000317,'ECON3085'),(620000317,'CHEM3409'),(620000317,'ECON3372'),(620000317,'BIOC2981'),(620000317,'PHYS1979');
INSERT INTO Users VALUES (620000318,'Gary','Alvarez','GaryAlvarez@gmail.com','AlvarezGary');
INSERT INTO Students VALUES (620000318,'UNDERGRAD','01-01-2020');
INSERT INTO Enrolled (u_id,courseCode) VALUES (620000318,'ECON1783'),(620000318,'PHYS3659'),(620000318,'INFO3636'),(620000318,'COMP3849'),(620000318,'PHYS1140');
INSERT INTO Users VALUES (620000319,'Danielle','Sniezek','DanielleSniezek@gmail.com','SniezekDanielle');
INSERT INTO Students VALUES (620000319,'UNDERGRAD','01-01-2020');
INSERT INTO Enrolled (u_id,courseCode) VALUES (620000319,'MATH2801'),(620000319,'COMP3746'),(620000319,'BIOC1439'),(620000319,'PHYS1173'),(620000319,'CHEM3614');
INSERT INTO Users VALUES (620000320,'Gina','Monte','GinaMonte@gmail.com','MonteGina');
INSERT INTO Students VALUES (620000320,'UNDERGRAD','01-01-2020');
INSERT INTO Enrolled (u_id,courseCode) VALUES (620000320,'CHEM3054'),(620000320,'PHYS2117'),(620000320,'INFO2813');
INSERT INTO Users VALUES (620000321,'Janice','Barnett','JaniceBarnett@gmail.com','BarnettJanice');
INSERT INTO Students VALUES (620000321,'UNDERGRAD','01-01-2020');
INSERT INTO Enrolled (u_id,courseCode) VALUES (620000321,'CHEM3888'),(620000321,'BIOC3191'),(620000321,'CHEM3793'),(620000321,'MATH2067'),(620000321,'MATH3688');
INSERT INTO Users VALUES (620000322,'Karen','Washinski','KarenWashinski@gmail.com','WashinskiKaren');
INSERT INTO Students VALUES (620000322,'UNDERGRAD','01-01-2020');
INSERT INTO Enrolled (u_id,courseCode) VALUES (620000322,'ECON1589'),(620000322,'BIOC1448'),(620000322,'INFO2213'),(620000322,'MATH2501'),(620000322,'PHYS2117'),(620000322,'MATH2873');
INSERT INTO Users VALUES (620000323,'Ben','White','BenWhite@gmail.com','WhiteBen');
INSERT INTO Students VALUES (620000323,'UNDERGRAD','01-01-2020');
INSERT INTO Enrolled (u_id,courseCode) VALUES (620000323,'MATH2067'),(620000323,'CHEM2604'),(620000323,'BIOC1104'),(620000323,'MATH3544'),(620000323,'MATH2873'),(620000323,'PHYS2238');
INSERT INTO Users VALUES (620000324,'Blake','Decker','BlakeDecker@gmail.com','DeckerBlake');
INSERT INTO Students VALUES (620000324,'UNDERGRAD','01-01-2020');
INSERT INTO Enrolled (u_id,courseCode) VALUES (620000324,'ECON1645'),(620000324,'COMP3746'),(620000324,'INFO1833');
INSERT INTO Users VALUES (620000325,'Dorothy','Nunn','DorothyNunn@gmail.com','NunnDorothy');
INSERT INTO Students VALUES (620000325,'UNDERGRAD','01-01-2020');
INSERT INTO Enrolled (u_id,courseCode) VALUES (620000325,'INFO1447'),(620000325,'INFO1145'),(620000325,'CHEM2066'),(620000325,'CHEM3409');
INSERT INTO Users VALUES (620000326,'Peggy','Huffman','PeggyHuffman@gmail.com','HuffmanPeggy');
INSERT INTO Students VALUES (620000326,'UNDERGRAD','01-01-2020');
INSERT INTO Enrolled (u_id,courseCode) VALUES (620000326,'CHEM3347'),(620000326,'BIOC2671'),(620000326,'COMP1543'),(620000326,'COMP1184'),(620000326,'PHYS3787');
INSERT INTO Users VALUES (620000327,'Bobby','Wesley','BobbyWesley@gmail.com','WesleyBobby');
INSERT INTO Students VALUES (620000327,'UNDERGRAD','01-01-2020');
INSERT INTO Enrolled (u_id,courseCode) VALUES (620000327,'COMP2400'),(620000327,'MATH1309'),(620000327,'INFO2813'),(620000327,'PHYS2451'),(620000327,'ECON3737');
INSERT INTO Users VALUES (620000328,'Deanne','Robertson','DeanneRobertson@gmail.com','RobertsonDeanne');
INSERT INTO Students VALUES (620000328,'UNDERGRAD','01-01-2020');
INSERT INTO Enrolled (u_id,courseCode) VALUES (620000328,'CHEM3888'),(620000328,'CHEM3614'),(620000328,'CHEM3617'),(620000328,'INFO2213'),(620000328,'INFO2716');
INSERT INTO Users VALUES (620000329,'Jesus','Henderson','JesusHenderson@gmail.com','HendersonJesus');
INSERT INTO Students VALUES (620000329,'UNDERGRAD','01-01-2020');
INSERT INTO Enrolled (u_id,courseCode) VALUES (620000329,'BIOC1052'),(620000329,'CHEM3347'),(620000329,'MATH1262'),(620000329,'MATH2067'),(620000329,'MATH3209');
INSERT INTO Users VALUES (620000330,'Kasey','Hanks','KaseyHanks@gmail.com','HanksKasey');
INSERT INTO Students VALUES (620000330,'UNDERGRAD','01-01-2020');
INSERT INTO Enrolled (u_id,courseCode) VALUES (620000330,'INFO3419'),(620000330,'INFO3645'),(620000330,'PHYS1930');
INSERT INTO Users VALUES (620000331,'Juan','Santos','JuanSantos@gmail.com','SantosJuan');
INSERT INTO Students VALUES (620000331,'UNDERGRAD','01-01-2020');
INSERT INTO Enrolled (u_id,courseCode) VALUES (620000331,'INFO2270'),(620000331,'COMP2651'),(620000331,'ECON1498');
INSERT INTO Users VALUES (620000332,'Kathy','Smith','KathySmith@gmail.com','SmithKathy');
INSERT INTO Students VALUES (620000332,'UNDERGRAD','01-01-2020');
INSERT INTO Enrolled (u_id,courseCode) VALUES (620000332,'INFO1990'),(620000332,'BIOC2550'),(620000332,'CHEM1340'),(620000332,'ECON2387'),(620000332,'CHEM2149'),(620000332,'ECON3276');
INSERT INTO Users VALUES (620000333,'Tracy','Marshall','TracyMarshall@gmail.com','MarshallTracy');
INSERT INTO Students VALUES (620000333,'UNDERGRAD','01-01-2020');
INSERT INTO Enrolled (u_id,courseCode) VALUES (620000333,'BIOC1725'),(620000333,'ECON2387'),(620000333,'CHEM2005'),(620000333,'ECON3281');
INSERT INTO Users VALUES (620000334,'Delia','Meraz','DeliaMeraz@gmail.com','MerazDelia');
INSERT INTO Students VALUES (620000334,'UNDERGRAD','01-01-2020');
INSERT INTO Enrolled (u_id,courseCode) VALUES (620000334,'INFO3935'),(620000334,'MATH3029'),(620000334,'PHYS1173'),(620000334,'COMP3685'),(620000334,'INFO3645'),(620000334,'PHYS2451');
INSERT INTO Users VALUES (620000335,'Ernesto','Amberg','ErnestoAmberg@gmail.com','AmbergErnesto');
INSERT INTO Students VALUES (620000335,'UNDERGRAD','01-01-2020');
INSERT INTO Enrolled (u_id,courseCode) VALUES (620000335,'PHYS1173'),(620000335,'INFO1145'),(620000335,'ECON3276'),(620000335,'ECON1098'),(620000335,'MATH1148');
INSERT INTO Users VALUES (620000336,'Patsy','Mance','PatsyMance@gmail.com','MancePatsy');
INSERT INTO Students VALUES (620000336,'UNDERGRAD','01-01-2020');
INSERT INTO Enrolled (u_id,courseCode) VALUES (620000336,'COMP1867'),(620000336,'ECON3311'),(620000336,'COMP3167'),(620000336,'INFO3603'),(620000336,'INFO1242');
INSERT INTO Users VALUES (620000337,'Ashley','Sharp','AshleySharp@gmail.com','SharpAshley');
INSERT INTO Students VALUES (620000337,'UNDERGRAD','01-01-2020');
INSERT INTO Enrolled (u_id,courseCode) VALUES (620000337,'CHEM2697'),(620000337,'COMP2400'),(620000337,'INFO2213'),(620000337,'BIOC3604'),(620000337,'ECON3085'),(620000337,'MATH2717');
INSERT INTO Users VALUES (620000338,'Agnes','Mance','AgnesMance@gmail.com','ManceAgnes');
INSERT INTO Students VALUES (620000338,'UNDERGRAD','01-01-2020');
INSERT INTO Enrolled (u_id,courseCode) VALUES (620000338,'MATH2717'),(620000338,'INFO2337'),(620000338,'CHEM2481'),(620000338,'INFO1447');
INSERT INTO Users VALUES (620000339,'Shawn','Long','ShawnLong@gmail.com','LongShawn');
INSERT INTO Students VALUES (620000339,'UNDERGRAD','01-01-2020');
INSERT INTO Enrolled (u_id,courseCode) VALUES (620000339,'COMP2651'),(620000339,'INFO1990'),(620000339,'CHEM2446'),(620000339,'BIOC1534'),(620000339,'ECON1098');
INSERT INTO Users VALUES (620000340,'Bryon','Rankin','BryonRankin@gmail.com','RankinBryon');
INSERT INTO Students VALUES (620000340,'UNDERGRAD','01-01-2020');
INSERT INTO Enrolled (u_id,courseCode) VALUES (620000340,'INFO2860'),(620000340,'BIOC1448'),(620000340,'INFO1447'),(620000340,'PHYS2338'),(620000340,'BIOC2054');
INSERT INTO Users VALUES (620000341,'Brian','Gaffney','BrianGaffney@gmail.com','GaffneyBrian');
INSERT INTO Students VALUES (620000341,'UNDERGRAD','01-01-2020');
INSERT INTO Enrolled (u_id,courseCode) VALUES (620000341,'MATH2873'),(620000341,'COMP3506'),(620000341,'CHEM2727');
INSERT INTO Users VALUES (620000342,'Sergio','Cannon','SergioCannon@gmail.com','CannonSergio');
INSERT INTO Students VALUES (620000342,'UNDERGRAD','01-01-2020');
INSERT INTO Enrolled (u_id,courseCode) VALUES (620000342,'COMP3047'),(620000342,'BIOC2671'),(620000342,'PHYS3729');
INSERT INTO Users VALUES (620000343,'Stephen','Pearson','StephenPearson@gmail.com','PearsonStephen');
INSERT INTO Students VALUES (620000343,'UNDERGRAD','01-01-2020');
INSERT INTO Enrolled (u_id,courseCode) VALUES (620000343,'CHEM1613'),(620000343,'BIOC2550'),(620000343,'MATH2067');
INSERT INTO Users VALUES (620000344,'Steven','Gilmore','StevenGilmore@gmail.com','GilmoreSteven');
INSERT INTO Students VALUES (620000344,'UNDERGRAD','01-01-2020');
INSERT INTO Enrolled (u_id,courseCode) VALUES (620000344,'INFO1648'),(620000344,'COMP2080'),(620000344,'MATH3209'),(620000344,'COMP2717'),(620000344,'COMP1573'),(620000344,'CHEM2867');
INSERT INTO Users VALUES (620000345,'Francisca','Eddins','FranciscaEddins@gmail.com','EddinsFrancisca');
INSERT INTO Students VALUES (620000345,'UNDERGRAD','01-01-2020');
INSERT INTO Enrolled (u_id,courseCode) VALUES (620000345,'MATH2501'),(620000345,'BIOC2054'),(620000345,'INFO1833'),(620000345,'MATH1454'),(620000345,'CHEM3747');
INSERT INTO Users VALUES (620000346,'Willard','Sudduth','WillardSudduth@gmail.com','SudduthWillard');
INSERT INTO Students VALUES (620000346,'UNDERGRAD','01-01-2020');
INSERT INTO Enrolled (u_id,courseCode) VALUES (620000346,'BIOC1866'),(620000346,'INFO1288'),(620000346,'CHEM2005');
INSERT INTO Users VALUES (620000347,'Kirk','Chan','KirkChan@gmail.com','ChanKirk');
INSERT INTO Students VALUES (620000347,'UNDERGRAD','01-01-2020');
INSERT INTO Enrolled (u_id,courseCode) VALUES (620000347,'PHYS3052'),(620000347,'CHEM3793'),(620000347,'CHEM3888');
INSERT INTO Users VALUES (620000348,'Ashleigh','Walker','AshleighWalker@gmail.com','WalkerAshleigh');
INSERT INTO Students VALUES (620000348,'UNDERGRAD','01-01-2020');
INSERT INTO Enrolled (u_id,courseCode) VALUES (620000348,'ECON3523'),(620000348,'CHEM3747'),(620000348,'PHYS3052');
INSERT INTO Users VALUES (620000349,'Manuel','Brown','ManuelBrown@gmail.com','BrownManuel');
INSERT INTO Students VALUES (620000349,'UNDERGRAD','01-01-2020');
INSERT INTO Enrolled (u_id,courseCode) VALUES (620000349,'COMP3506'),(620000349,'MATH3059'),(620000349,'CHEM3747'),(620000349,'ECON2814'),(620000349,'BIOC1725');
INSERT INTO Users VALUES (620000350,'Sarah','Atkins','SarahAtkins@gmail.com','AtkinsSarah');
INSERT INTO Students VALUES (620000350,'UNDERGRAD','01-01-2020');
INSERT INTO Enrolled (u_id,courseCode) VALUES (620000350,'INFO3645'),(620000350,'ECON2814'),(620000350,'ECON1589'),(620000350,'ECON3523'),(620000350,'BIOC2671');
INSERT INTO Users VALUES (620000351,'Mason','Bradford','MasonBradford@gmail.com','BradfordMason');
INSERT INTO Students VALUES (620000351,'UNDERGRAD','01-01-2020');
INSERT INTO Enrolled (u_id,courseCode) VALUES (620000351,'COMP1573'),(620000351,'CHEM2604'),(620000351,'BIOC3604'),(620000351,'MATH3857');
INSERT INTO Users VALUES (620000352,'Trina','Citizen','TrinaCitizen@gmail.com','CitizenTrina');
INSERT INTO Students VALUES (620000352,'UNDERGRAD','01-01-2020');
INSERT INTO Enrolled (u_id,courseCode) VALUES (620000352,'BIOC1598'),(620000352,'PHYS3339'),(620000352,'INFO1288'),(620000352,'CHEM2797'),(620000352,'BIOC1794'),(620000352,'ECON3020');
INSERT INTO Users VALUES (620000353,'Christopher','Horth','ChristopherHorth@gmail.com','HorthChristopher');
INSERT INTO Students VALUES (620000353,'UNDERGRAD','01-01-2020');
INSERT INTO Enrolled (u_id,courseCode) VALUES (620000353,'INFO2147'),(620000353,'PHYS3052'),(620000353,'INFO3419'),(620000353,'INFO3636');
INSERT INTO Users VALUES (620000354,'Harold','Tate','HaroldTate@gmail.com','TateHarold');
INSERT INTO Students VALUES (620000354,'UNDERGRAD','01-01-2020');
INSERT INTO Enrolled (u_id,courseCode) VALUES (620000354,'BIOC3191'),(620000354,'INFO1833'),(620000354,'CHEM2626'),(620000354,'MATH2957'),(620000354,'ECON1996'),(620000354,'BIOC1725');
INSERT INTO Users VALUES (620000355,'Latoya','English','LatoyaEnglish@gmail.com','EnglishLatoya');
INSERT INTO Students VALUES (620000355,'UNDERGRAD','01-01-2020');
INSERT INTO Enrolled (u_id,courseCode) VALUES (620000355,'INFO1825'),(620000355,'BIOC1725'),(620000355,'MATH3844'),(620000355,'PHYS3659');
INSERT INTO Users VALUES (620000356,'Michelle','Nighman','MichelleNighman@gmail.com','NighmanMichelle');
INSERT INTO Students VALUES (620000356,'UNDERGRAD','01-01-2020');
INSERT INTO Enrolled (u_id,courseCode) VALUES (620000356,'COMP3746'),(620000356,'BIOC1794'),(620000356,'ECON3004'),(620000356,'PHYS3787'),(620000356,'BIOC2236'),(620000356,'CHEM2066');
INSERT INTO Users VALUES (620000357,'Marilyn','Amberg','MarilynAmberg@gmail.com','AmbergMarilyn');
INSERT INTO Students VALUES (620000357,'UNDERGRAD','01-01-2020');
INSERT INTO Enrolled (u_id,courseCode) VALUES (620000357,'BIOC1598'),(620000357,'PHYS2306'),(620000357,'MATH1735'),(620000357,'COMP1573');
INSERT INTO Users VALUES (620000358,'Howard','Tallent','HowardTallent@gmail.com','TallentHoward');
INSERT INTO Students VALUES (620000358,'UNDERGRAD','01-01-2020');
INSERT INTO Enrolled (u_id,courseCode) VALUES (620000358,'PHYS2113'),(620000358,'INFO1145'),(620000358,'ECON1458'),(620000358,'CHEM1340');
INSERT INTO Users VALUES (620000359,'Joe','Hunt','JoeHunt@gmail.com','HuntJoe');
INSERT INTO Students VALUES (620000359,'UNDERGRAD','01-01-2020');
INSERT INTO Enrolled (u_id,courseCode) VALUES (620000359,'INFO2811'),(620000359,'INFO1014'),(620000359,'PHYS3354'),(620000359,'PHYS2229'),(620000359,'PHYS1173');
INSERT INTO Users VALUES (620000360,'Joe','Richardson','JoeRichardson@gmail.com','RichardsonJoe');
INSERT INTO Students VALUES (620000360,'UNDERGRAD','01-01-2020');
INSERT INTO Enrolled (u_id,courseCode) VALUES (620000360,'PHYS3052'),(620000360,'BIOC1744'),(620000360,'INFO2147'),(620000360,'PHYS3787'),(620000360,'CHEM1613');
INSERT INTO Users VALUES (620000361,'Nan','Kent','NanKent@gmail.com','KentNan');
INSERT INTO Students VALUES (620000361,'UNDERGRAD','01-01-2020');
INSERT INTO Enrolled (u_id,courseCode) VALUES (620000361,'MATH2067'),(620000361,'CHEM2604'),(620000361,'INFO1288');
INSERT INTO Users VALUES (620000362,'Melodie','Guidry','MelodieGuidry@gmail.com','GuidryMelodie');
INSERT INTO Students VALUES (620000362,'UNDERGRAD','01-01-2020');
INSERT INTO Enrolled (u_id,courseCode) VALUES (620000362,'INFO1648'),(620000362,'CHEM2604'),(620000362,'COMP3238'),(620000362,'INFO1242'),(620000362,'PHYS3659');
INSERT INTO Users VALUES (620000363,'Antwan','Crites','AntwanCrites@gmail.com','CritesAntwan');
INSERT INTO Students VALUES (620000363,'UNDERGRAD','01-01-2020');
INSERT INTO Enrolled (u_id,courseCode) VALUES (620000363,'CHEM3614'),(620000363,'PHYS2229'),(620000363,'CHEM3054'),(620000363,'COMP2651');
INSERT INTO Users VALUES (620000364,'Glenda','Spohn','GlendaSpohn@gmail.com','SpohnGlenda');
INSERT INTO Students VALUES (620000364,'UNDERGRAD','01-01-2020');
INSERT INTO Enrolled (u_id,courseCode) VALUES (620000364,'MATH1578'),(620000364,'CHEM2727'),(620000364,'INFO2521'),(620000364,'MATH3179'),(620000364,'COMP3849');
INSERT INTO Users VALUES (620000365,'Sergio','Lauritsen','SergioLauritsen@gmail.com','LauritsenSergio');
INSERT INTO Students VALUES (620000365,'UNDERGRAD','01-01-2020');
INSERT INTO Enrolled (u_id,courseCode) VALUES (620000365,'CHEM2066'),(620000365,'COMP3173'),(620000365,'ECON3311'),(620000365,'BIOC1104'),(620000365,'ECON1589'),(620000365,'PHYS2667');
INSERT INTO Users VALUES (620000366,'Michelle','Hawkins','MichelleHawkins@gmail.com','HawkinsMichelle');
INSERT INTO Students VALUES (620000366,'UNDERGRAD','01-01-2020');
INSERT INTO Enrolled (u_id,courseCode) VALUES (620000366,'BIOC3457'),(620000366,'MATH3222'),(620000366,'ECON1012'),(620000366,'ECON1170'),(620000366,'INFO2270'),(620000366,'CHEM1340');
INSERT INTO Users VALUES (620000367,'Sheila','Wilbanks','SheilaWilbanks@gmail.com','WilbanksSheila');
INSERT INTO Students VALUES (620000367,'UNDERGRAD','01-01-2020');
INSERT INTO Enrolled (u_id,courseCode) VALUES (620000367,'MATH1638'),(620000367,'BIOC2236'),(620000367,'CHEM2066'),(620000367,'INFO2521');
INSERT INTO Users VALUES (620000368,'Helen','Stallings','HelenStallings@gmail.com','StallingsHelen');
INSERT INTO Students VALUES (620000368,'UNDERGRAD','01-01-2020');
INSERT INTO Enrolled (u_id,courseCode) VALUES (620000368,'PHYS3659'),(620000368,'INFO2337'),(620000368,'MATH3613'),(620000368,'BIOC3457'),(620000368,'CHEM2446');
INSERT INTO Users VALUES (620000369,'Richard','Evans','RichardEvans@gmail.com','EvansRichard');
INSERT INTO Students VALUES (620000369,'UNDERGRAD','01-01-2020');
INSERT INTO Enrolled (u_id,courseCode) VALUES (620000369,'PHYS3787'),(620000369,'ECON1230'),(620000369,'PHYS3052'),(620000369,'COMP3084');
INSERT INTO Users VALUES (620000370,'Bobby','Hoffman','BobbyHoffman@gmail.com','HoffmanBobby');
INSERT INTO Students VALUES (620000370,'UNDERGRAD','01-01-2020');
INSERT INTO Enrolled (u_id,courseCode) VALUES (620000370,'COMP3047'),(620000370,'BIOC3604'),(620000370,'COMP1357');
INSERT INTO Users VALUES (620000371,'Demetrice','James','DemetriceJames@gmail.com','JamesDemetrice');
INSERT INTO Students VALUES (620000371,'UNDERGRAD','01-01-2020');
INSERT INTO Enrolled (u_id,courseCode) VALUES (620000371,'MATH1309'),(620000371,'MATH2873'),(620000371,'BIOC1534'),(620000371,'PHYS3354'),(620000371,'MATH3209'),(620000371,'CHEM2446');
INSERT INTO Users VALUES (620000372,'Floyd','Garnes','FloydGarnes@gmail.com','GarnesFloyd');
INSERT INTO Students VALUES (620000372,'UNDERGRAD','01-01-2020');
INSERT INTO Enrolled (u_id,courseCode) VALUES (620000372,'MATH3544'),(620000372,'CHEM2727'),(620000372,'BIOC1439'),(620000372,'ECON3020');
INSERT INTO Users VALUES (620000373,'Sharon','Dahlheimer','SharonDahlheimer@gmail.com','DahlheimerSharon');
INSERT INTO Students VALUES (620000373,'UNDERGRAD','01-01-2020');
INSERT INTO Enrolled (u_id,courseCode) VALUES (620000373,'ECON1561'),(620000373,'CHEM2604'),(620000373,'COMP1357'),(620000373,'CHEM3327');
INSERT INTO Users VALUES (620000374,'Sadie','Taylor','SadieTaylor@gmail.com','TaylorSadie');
INSERT INTO Students VALUES (620000374,'UNDERGRAD','01-01-2020');
INSERT INTO Enrolled (u_id,courseCode) VALUES (620000374,'INFO2813'),(620000374,'PHYS3876'),(620000374,'BIOC2589'),(620000374,'COMP1573'),(620000374,'INFO3645');
INSERT INTO Users VALUES (620000375,'Gabriel','Lundholm','GabrielLundholm@gmail.com','LundholmGabriel');
INSERT INTO Students VALUES (620000375,'UNDERGRAD','01-01-2020');
INSERT INTO Enrolled (u_id,courseCode) VALUES (620000375,'MATH3613'),(620000375,'ECON3989'),(620000375,'MATH1638'),(620000375,'BIOC1910'),(620000375,'ECON1561');
INSERT INTO Users VALUES (620000376,'Alice','Lockwood','AliceLockwood@gmail.com','LockwoodAlice');
INSERT INTO Students VALUES (620000376,'UNDERGRAD','01-01-2020');
INSERT INTO Enrolled (u_id,courseCode) VALUES (620000376,'PHYS1173'),(620000376,'ECON3447'),(620000376,'CHEM2005');
INSERT INTO Users VALUES (620000377,'Deanna','Rankin','DeannaRankin@gmail.com','RankinDeanna');
INSERT INTO Students VALUES (620000377,'UNDERGRAD','01-01-2020');
INSERT INTO Enrolled (u_id,courseCode) VALUES (620000377,'CHEM3347'),(620000377,'CHEM3793'),(620000377,'CHEM1613'),(620000377,'PHYS2667');
INSERT INTO Users VALUES (620000378,'George','Williams','GeorgeWilliams@gmail.com','WilliamsGeorge');
INSERT INTO Students VALUES (620000378,'UNDERGRAD','01-01-2020');
INSERT INTO Enrolled (u_id,courseCode) VALUES (620000378,'ECON3228'),(620000378,'BIOC2550'),(620000378,'CHEM2697'),(620000378,'ECON3550');
INSERT INTO Users VALUES (620000379,'Shalanda','Felipe','ShalandaFelipe@gmail.com','FelipeShalanda');
INSERT INTO Students VALUES (620000379,'UNDERGRAD','01-01-2020');
INSERT INTO Enrolled (u_id,courseCode) VALUES (620000379,'MATH1972'),(620000379,'ECON3020'),(620000379,'ECON3447');
INSERT INTO Users VALUES (620000380,'Michael','English','MichaelEnglish@gmail.com','EnglishMichael');
INSERT INTO Students VALUES (620000380,'UNDERGRAD','01-01-2020');
INSERT INTO Enrolled (u_id,courseCode) VALUES (620000380,'CHEM2727'),(620000380,'INFO1145'),(620000380,'CHEM2797'),(620000380,'PHYS3464'),(620000380,'COMP3084');
INSERT INTO Users VALUES (620000381,'Clarence','Stovall','ClarenceStovall@gmail.com','StovallClarence');
INSERT INTO Students VALUES (620000381,'UNDERGRAD','01-01-2020');
INSERT INTO Enrolled (u_id,courseCode) VALUES (620000381,'BIOC2236'),(620000381,'BIOC1598'),(620000381,'CHEM3747'),(620000381,'COMP3506'),(620000381,'INFO3935');
INSERT INTO Users VALUES (620000382,'Dorcas','Mance','DorcasMance@gmail.com','ManceDorcas');
INSERT INTO Students VALUES (620000382,'UNDERGRAD','01-01-2020');
INSERT INTO Enrolled (u_id,courseCode) VALUES (620000382,'COMP1573'),(620000382,'CHEM3888'),(620000382,'BIOC1485'),(620000382,'PHYS3876'),(620000382,'INFO1447');
INSERT INTO Users VALUES (620000383,'Evelyn','Calder','EvelynCalder@gmail.com','CalderEvelyn');
INSERT INTO Students VALUES (620000383,'UNDERGRAD','01-01-2020');
INSERT INTO Enrolled (u_id,courseCode) VALUES (620000383,'BIOC1986'),(620000383,'ECON1170'),(620000383,'INFO1447'),(620000383,'INFO2716'),(620000383,'PHYS2117');
INSERT INTO Users VALUES (620000384,'Christopher','Halford','ChristopherHalford@gmail.com','HalfordChristopher');
INSERT INTO Students VALUES (620000384,'UNDERGRAD','01-01-2020');
INSERT INTO Enrolled (u_id,courseCode) VALUES (620000384,'PHYS2117'),(620000384,'ECON1996'),(620000384,'MATH3544'),(620000384,'ECON1561'),(620000384,'MATH3222'),(620000384,'INFO1145');
INSERT INTO Users VALUES (620000385,'Eunice','Coleman','EuniceColeman@gmail.com','ColemanEunice');
INSERT INTO Students VALUES (620000385,'UNDERGRAD','01-01-2020');
INSERT INTO Enrolled (u_id,courseCode) VALUES (620000385,'BIOC1534'),(620000385,'BIOC1485'),(620000385,'CHEM2604');
INSERT INTO Users VALUES (620000386,'Melvin','Valenzuela','MelvinValenzuela@gmail.com','ValenzuelaMelvin');
INSERT INTO Students VALUES (620000386,'UNDERGRAD','01-01-2020');
INSERT INTO Enrolled (u_id,courseCode) VALUES (620000386,'CHEM1485'),(620000386,'ECON3020'),(620000386,'INFO3636'),(620000386,'CHEM1613');
INSERT INTO Users VALUES (620000387,'Bobby','Congdon','BobbyCongdon@gmail.com','CongdonBobby');
INSERT INTO Students VALUES (620000387,'UNDERGRAD','01-01-2020');
INSERT INTO Enrolled (u_id,courseCode) VALUES (620000387,'BIOC1534'),(620000387,'PHYS3339'),(620000387,'ECON3523'),(620000387,'ECON3550');
INSERT INTO Users VALUES (620000388,'Traci','Petersen','TraciPetersen@gmail.com','PetersenTraci');
INSERT INTO Students VALUES (620000388,'UNDERGRAD','01-01-2020');
INSERT INTO Enrolled (u_id,courseCode) VALUES (620000388,'PHYS3052'),(620000388,'MATH1454'),(620000388,'CHEM1485'),(620000388,'ECON3281');
INSERT INTO Users VALUES (620000389,'Aaron','Dohse','AaronDohse@gmail.com','DohseAaron');
INSERT INTO Students VALUES (620000389,'UNDERGRAD','01-01-2020');
INSERT INTO Enrolled (u_id,courseCode) VALUES (620000389,'MATH2801'),(620000389,'ECON3989'),(620000389,'INFO1014'),(620000389,'ECON3311'),(620000389,'MATH3857');
INSERT INTO Users VALUES (620000390,'Hector','Joaquin','HectorJoaquin@gmail.com','JoaquinHector');
INSERT INTO Students VALUES (620000390,'UNDERGRAD','01-01-2020');
INSERT INTO Enrolled (u_id,courseCode) VALUES (620000390,'INFO2716'),(620000390,'COMP2077'),(620000390,'INFO3935'),(620000390,'COMP1051'),(620000390,'BIOC2589'),(620000390,'CHEM1613');
INSERT INTO Users VALUES (620000391,'Tim','Merna','TimMerna@gmail.com','MernaTim');
INSERT INTO Students VALUES (620000391,'UNDERGRAD','01-01-2020');
INSERT INTO Enrolled (u_id,courseCode) VALUES (620000391,'PHYS3052'),(620000391,'ECON3085'),(620000391,'BIOC1986'),(620000391,'ECON1783'),(620000391,'MATH1638'),(620000391,'BIOC1598');
INSERT INTO Users VALUES (620000392,'Shayne','Letchworth','ShayneLetchworth@gmail.com','LetchworthShayne');
INSERT INTO Students VALUES (620000392,'UNDERGRAD','01-01-2020');
INSERT INTO Enrolled (u_id,courseCode) VALUES (620000392,'PHYS2448'),(620000392,'PHYS2977'),(620000392,'PHYS3787'),(620000392,'INFO2813'),(620000392,'ECON3276'),(620000392,'COMP1184');
INSERT INTO Users VALUES (620000393,'Jason','Scales','JasonScales@gmail.com','ScalesJason');
INSERT INTO Students VALUES (620000393,'UNDERGRAD','01-01-2020');
INSERT INTO Enrolled (u_id,courseCode) VALUES (620000393,'CHEM2867'),(620000393,'BIOC1052'),(620000393,'INFO3645'),(620000393,'MATH1972'),(620000393,'BIOC2589');
INSERT INTO Users VALUES (620000394,'Dean','Dillis','DeanDillis@gmail.com','DillisDean');
INSERT INTO Students VALUES (620000394,'UNDERGRAD','01-01-2020');
INSERT INTO Enrolled (u_id,courseCode) VALUES (620000394,'MATH3844'),(620000394,'INFO1288'),(620000394,'MATH3179'),(620000394,'BIOC1986');
INSERT INTO Users VALUES (620000395,'Nicholas','Jaworski','NicholasJaworski@gmail.com','JaworskiNicholas');
INSERT INTO Students VALUES (620000395,'UNDERGRAD','01-01-2020');
INSERT INTO Enrolled (u_id,courseCode) VALUES (620000395,'BIOC3604'),(620000395,'ECON1458'),(620000395,'INFO1825'),(620000395,'PHYS2667'),(620000395,'COMP3697'),(620000395,'ECON3063');
INSERT INTO Users VALUES (620000396,'Roberta','Daniels','RobertaDaniels@gmail.com','DanielsRoberta');
INSERT INTO Students VALUES (620000396,'UNDERGRAD','01-01-2020');
INSERT INTO Enrolled (u_id,courseCode) VALUES (620000396,'MATH1454'),(620000396,'ECON2722'),(620000396,'BIOC1598'),(620000396,'CHEM3327'),(620000396,'ECON3228'),(620000396,'BIOC1794');
INSERT INTO Users VALUES (620000397,'Evelyn','Wilson','EvelynWilson@gmail.com','WilsonEvelyn');
INSERT INTO Students VALUES (620000397,'UNDERGRAD','01-01-2020');
INSERT INTO Enrolled (u_id,courseCode) VALUES (620000397,'PHYS3876'),(620000397,'INFO2213'),(620000397,'ECON3550'),(620000397,'CHEM3347'),(620000397,'BIOC3457');
INSERT INTO Users VALUES (620000398,'Adam','Davis','AdamDavis@gmail.com','DavisAdam');
INSERT INTO Students VALUES (620000398,'UNDERGRAD','01-01-2020');
INSERT INTO Enrolled (u_id,courseCode) VALUES (620000398,'PHYS2113'),(620000398,'COMP3849'),(620000398,'COMP1051'),(620000398,'MATH2801'),(620000398,'ECON2387');
INSERT INTO Users VALUES (620000399,'Antionette','Gondek','AntionetteGondek@gmail.com','GondekAntionette');
INSERT INTO Students VALUES (620000399,'UNDERGRAD','01-01-2020');
INSERT INTO Enrolled (u_id,courseCode) VALUES (620000399,'BIOC1104'),(620000399,'CHEM3054'),(620000399,'MATH3613');
INSERT INTO Users VALUES (620000400,'Lindsey','Washinski','LindseyWashinski@gmail.com','WashinskiLindsey');
INSERT INTO Students VALUES (620000400,'UNDERGRAD','01-01-2020');
INSERT INTO Enrolled (u_id,courseCode) VALUES (620000400,'INFO1833'),(620000400,'BIOC1164'),(620000400,'BIOC1866'),(620000400,'MATH1578'),(620000400,'ECON1012');
INSERT INTO Users VALUES (620000401,'Kathleen','Mcclanahan','KathleenMcclanahan@gmail.com','McclanahanKathleen');
INSERT INTO Students VALUES (620000401,'UNDERGRAD','01-01-2020');
INSERT INTO Enrolled (u_id,courseCode) VALUES (620000401,'COMP3746'),(620000401,'ECON2345'),(620000401,'CHEM2867');
INSERT INTO Users VALUES (620000402,'Thomas','Martin','ThomasMartin@gmail.com','MartinThomas');
INSERT INTO Students VALUES (620000402,'UNDERGRAD','01-01-2020');
INSERT INTO Enrolled (u_id,courseCode) VALUES (620000402,'PHYS2306'),(620000402,'INFO3935'),(620000402,'MATH2555');
INSERT INTO Users VALUES (620000403,'Patricia','Butler','PatriciaButler@gmail.com','ButlerPatricia');
INSERT INTO Students VALUES (620000403,'UNDERGRAD','01-01-2020');
INSERT INTO Enrolled (u_id,courseCode) VALUES (620000403,'INFO3935'),(620000403,'ECON1170'),(620000403,'COMP3173'),(620000403,'INFO2950'),(620000403,'MATH2501');
INSERT INTO Users VALUES (620000404,'Shirley','Congdon','ShirleyCongdon@gmail.com','CongdonShirley');
INSERT INTO Students VALUES (620000404,'UNDERGRAD','01-01-2020');
INSERT INTO Enrolled (u_id,courseCode) VALUES (620000404,'CHEM2626'),(620000404,'BIOC1725'),(620000404,'MATH1148');
INSERT INTO Users VALUES (620000405,'Greg','Lauritsen','GregLauritsen@gmail.com','LauritsenGreg');
INSERT INTO Students VALUES (620000405,'UNDERGRAD','01-01-2020');
INSERT INTO Enrolled (u_id,courseCode) VALUES (620000405,'INFO3645'),(620000405,'COMP3173'),(620000405,'BIOC1052'),(620000405,'COMP2651');
INSERT INTO Users VALUES (620000406,'Shayne','Ryan','ShayneRyan@gmail.com','RyanShayne');
INSERT INTO Students VALUES (620000406,'UNDERGRAD','01-01-2020');
INSERT INTO Enrolled (u_id,courseCode) VALUES (620000406,'COMP3418'),(620000406,'ECON1589'),(620000406,'INFO1447'),(620000406,'COMP2717'),(620000406,'INFO2521');
INSERT INTO Users VALUES (620000407,'Samuel','Eaton','SamuelEaton@gmail.com','EatonSamuel');
INSERT INTO Students VALUES (620000407,'UNDERGRAD','01-01-2020');
INSERT INTO Enrolled (u_id,courseCode) VALUES (620000407,'INFO2813'),(620000407,'MATH1262'),(620000407,'PHYS2338'),(620000407,'ECON3085');
INSERT INTO Users VALUES (620000408,'Chad','Nunn','ChadNunn@gmail.com','NunnChad');
INSERT INTO Students VALUES (620000408,'UNDERGRAD','01-01-2020');
INSERT INTO Enrolled (u_id,courseCode) VALUES (620000408,'CHEM2697'),(620000408,'INFO3935'),(620000408,'CHEM1340'),(620000408,'ECON1783'),(620000408,'INFO1242'),(620000408,'CHEM3617');
INSERT INTO Users VALUES (620000409,'Lindsey','Wilson','LindseyWilson@gmail.com','WilsonLindsey');
INSERT INTO Students VALUES (620000409,'UNDERGRAD','01-01-2020');
INSERT INTO Enrolled (u_id,courseCode) VALUES (620000409,'COMP2651'),(620000409,'MATH3029'),(620000409,'MATH1309');
INSERT INTO Users VALUES (620000410,'Tia','Carlson','TiaCarlson@gmail.com','CarlsonTia');
INSERT INTO Students VALUES (620000410,'UNDERGRAD','01-01-2020');
INSERT INTO Enrolled (u_id,courseCode) VALUES (620000410,'BIOC3721'),(620000410,'CHEM3617'),(620000410,'BIOC1744'),(620000410,'INFO1014');
INSERT INTO Users VALUES (620000411,'Louise','Chan','LouiseChan@gmail.com','ChanLouise');
INSERT INTO Students VALUES (620000411,'UNDERGRAD','01-01-2020');
INSERT INTO Enrolled (u_id,courseCode) VALUES (620000411,'PHYS1140'),(620000411,'ECON3737'),(620000411,'INFO2521');
INSERT INTO Users VALUES (620000412,'Anderson','Merna','AndersonMerna@gmail.com','MernaAnderson');
INSERT INTO Students VALUES (620000412,'UNDERGRAD','01-01-2020');
INSERT INTO Enrolled (u_id,courseCode) VALUES (620000412,'INFO1145'),(620000412,'CHEM2149'),(620000412,'ECON1458');
INSERT INTO Users VALUES (620000413,'Nancy','Baccus','NancyBaccus@gmail.com','BaccusNancy');
INSERT INTO Students VALUES (620000413,'UNDERGRAD','01-01-2020');
INSERT INTO Enrolled (u_id,courseCode) VALUES (620000413,'ECON3523'),(620000413,'INFO2337'),(620000413,'MATH3179'),(620000413,'COMP1573');
INSERT INTO Users VALUES (620000414,'Leticia','Grinstead','LeticiaGrinstead@gmail.com','GrinsteadLeticia');
INSERT INTO Students VALUES (620000414,'UNDERGRAD','01-01-2020');
INSERT INTO Enrolled (u_id,courseCode) VALUES (620000414,'INFO2860'),(620000414,'CHEM2065'),(620000414,'COMP1051');
INSERT INTO Users VALUES (620000415,'Joseph','Maze','JosephMaze@gmail.com','MazeJoseph');
INSERT INTO Students VALUES (620000415,'UNDERGRAD','01-01-2020');
INSERT INTO Enrolled (u_id,courseCode) VALUES (620000415,'MATH1972'),(620000415,'COMP1460'),(620000415,'INFO1447'),(620000415,'BIOC1485'),(620000415,'CHEM2727'),(620000415,'ECON3281');
INSERT INTO Users VALUES (620000416,'Nathan','Barrett','NathanBarrett@gmail.com','BarrettNathan');
INSERT INTO Students VALUES (620000416,'UNDERGRAD','01-01-2020');
INSERT INTO Enrolled (u_id,courseCode) VALUES (620000416,'INFO3636'),(620000416,'ECON3020'),(620000416,'CHEM1340'),(620000416,'COMP2080'),(620000416,'INFO2716');
INSERT INTO Users VALUES (620000417,'Juan','Flowers','JuanFlowers@gmail.com','FlowersJuan');
INSERT INTO Students VALUES (620000417,'UNDERGRAD','01-01-2020');
INSERT INTO Enrolled (u_id,courseCode) VALUES (620000417,'ECON1783'),(620000417,'COMP3238'),(620000417,'ECON3311');
INSERT INTO Users VALUES (620000418,'Caroline','Russ','CarolineRuss@gmail.com','RussCaroline');
INSERT INTO Students VALUES (620000418,'UNDERGRAD','01-01-2020');
INSERT INTO Enrolled (u_id,courseCode) VALUES (620000418,'BIOC1485'),(620000418,'MATH2801'),(620000418,'MATH1735'),(620000418,'CHEM2797'),(620000418,'ECON3523');
INSERT INTO Users VALUES (620000419,'Samuel','Walker','SamuelWalker@gmail.com','WalkerSamuel');
INSERT INTO Students VALUES (620000419,'UNDERGRAD','01-01-2020');
INSERT INTO Enrolled (u_id,courseCode) VALUES (620000419,'INFO2813'),(620000419,'BIOC2589'),(620000419,'BIOC1052'),(620000419,'ECON3288');
INSERT INTO Users VALUES (620000420,'Francisca','Atkins','FranciscaAtkins@gmail.com','AtkinsFrancisca');
INSERT INTO Students VALUES (620000420,'UNDERGRAD','01-01-2020');
INSERT INTO Enrolled (u_id,courseCode) VALUES (620000420,'CHEM2066'),(620000420,'COMP1573'),(620000420,'COMP2080');
INSERT INTO Users VALUES (620000421,'Judith','Moore','JudithMoore@gmail.com','MooreJudith');
INSERT INTO Students VALUES (620000421,'UNDERGRAD','01-01-2020');
INSERT INTO Enrolled (u_id,courseCode) VALUES (620000421,'BIOC2236'),(620000421,'CHEM2604'),(620000421,'MATH3544'),(620000421,'MATH3179'),(620000421,'INFO3935'),(620000421,'MATH1309');
INSERT INTO Users VALUES (620000422,'Miguel','Tate','MiguelTate@gmail.com','TateMiguel');
INSERT INTO Students VALUES (620000422,'UNDERGRAD','01-01-2020');
INSERT INTO Enrolled (u_id,courseCode) VALUES (620000422,'PHYS2667'),(620000422,'CHEM3617'),(620000422,'CHEM3347'),(620000422,'CHEM2065');
INSERT INTO Users VALUES (620000423,'Adam','Mcalister','AdamMcalister@gmail.com','McalisterAdam');
INSERT INTO Students VALUES (620000423,'UNDERGRAD','01-01-2020');
INSERT INTO Enrolled (u_id,courseCode) VALUES (620000423,'CHEM1340'),(620000423,'BIOC3230'),(620000423,'PHYS3659'),(620000423,'PHYS2977');
INSERT INTO Users VALUES (620000424,'Benjamin','Ratterman','BenjaminRatterman@gmail.com','RattermanBenjamin');
INSERT INTO Students VALUES (620000424,'UNDERGRAD','01-01-2020');
INSERT INTO Enrolled (u_id,courseCode) VALUES (620000424,'ECON1783'),(620000424,'COMP1460'),(620000424,'PHYS3729'),(620000424,'CHEM1485'),(620000424,'CHEM1807');
INSERT INTO Users VALUES (620000425,'Jake','Brock','JakeBrock@gmail.com','BrockJake');
INSERT INTO Students VALUES (620000425,'UNDERGRAD','01-01-2020');
INSERT INTO Enrolled (u_id,courseCode) VALUES (620000425,'PHYS2448'),(620000425,'PHYS2563'),(620000425,'CHEM1485'),(620000425,'ECON1098'),(620000425,'MATH3222');
INSERT INTO Users VALUES (620000426,'Elwood','Miles','ElwoodMiles@gmail.com','MilesElwood');
INSERT INTO Students VALUES (620000426,'UNDERGRAD','01-01-2020');
INSERT INTO Enrolled (u_id,courseCode) VALUES (620000426,'INFO2860'),(620000426,'BIOC1725'),(620000426,'INFO1833'),(620000426,'PHYS2338'),(620000426,'PHYS3876');
INSERT INTO Users VALUES (620000427,'Ralph','Calvert','RalphCalvert@gmail.com','CalvertRalph');
INSERT INTO Students VALUES (620000427,'UNDERGRAD','01-01-2020');
INSERT INTO Enrolled (u_id,courseCode) VALUES (620000427,'PHYS3787'),(620000427,'CHEM2867'),(620000427,'COMP3238');
INSERT INTO Users VALUES (620000428,'Shannon','Shane','ShannonShane@gmail.com','ShaneShannon');
INSERT INTO Students VALUES (620000428,'UNDERGRAD','01-01-2020');
INSERT INTO Enrolled (u_id,courseCode) VALUES (620000428,'PHYS3052'),(620000428,'ECON3523'),(620000428,'ECON3288'),(620000428,'INFO3868'),(620000428,'PHYS3876');
INSERT INTO Users VALUES (620000429,'Eric','Mitchell','EricMitchell@gmail.com','MitchellEric');
INSERT INTO Students VALUES (620000429,'UNDERGRAD','01-01-2020');
INSERT INTO Enrolled (u_id,courseCode) VALUES (620000429,'CHEM3347'),(620000429,'ECON3228'),(620000429,'MATH3688'),(620000429,'ECON1498'),(620000429,'COMP3639');
INSERT INTO Users VALUES (620000430,'Thomas','Nunn','ThomasNunn@gmail.com','NunnThomas');
INSERT INTO Students VALUES (620000430,'UNDERGRAD','01-01-2020');
INSERT INTO Enrolled (u_id,courseCode) VALUES (620000430,'INFO2813'),(620000430,'COMP3536'),(620000430,'ECON1498'),(620000430,'ECON2345');
INSERT INTO Users VALUES (620000431,'Deborah','Danker','DeborahDanker@gmail.com','DankerDeborah');
INSERT INTO Students VALUES (620000431,'UNDERGRAD','01-01-2020');
INSERT INTO Enrolled (u_id,courseCode) VALUES (620000431,'COMP3506'),(620000431,'BIOC1485'),(620000431,'BIOC1104'),(620000431,'PHYS3339');
INSERT INTO Users VALUES (620000432,'Carolyn','Dunn','CarolynDunn@gmail.com','DunnCarolyn');
INSERT INTO Students VALUES (620000432,'UNDERGRAD','01-01-2020');
INSERT INTO Enrolled (u_id,courseCode) VALUES (620000432,'PHYS2113'),(620000432,'INFO2811'),(620000432,'CHEM1485'),(620000432,'INFO2860'),(620000432,'BIOC1744');
INSERT INTO Users VALUES (620000433,'Sergio','Mertens','SergioMertens@gmail.com','MertensSergio');
INSERT INTO Students VALUES (620000433,'UNDERGRAD','01-01-2020');
INSERT INTO Enrolled (u_id,courseCode) VALUES (620000433,'COMP3849'),(620000433,'CHEM2481'),(620000433,'INFO1648');
INSERT INTO Users VALUES (620000434,'Laila','Decker','LailaDecker@gmail.com','DeckerLaila');
INSERT INTO Students VALUES (620000434,'UNDERGRAD','01-01-2020');
INSERT INTO Enrolled (u_id,courseCode) VALUES (620000434,'ECON2345'),(620000434,'INFO2559'),(620000434,'MATH2555'),(620000434,'ECON2722'),(620000434,'BIOC2983'),(620000434,'ECON3311');
INSERT INTO Users VALUES (620000435,'Traci','Waugh','TraciWaugh@gmail.com','WaughTraci');
INSERT INTO Students VALUES (620000435,'UNDERGRAD','01-01-2020');
INSERT INTO Enrolled (u_id,courseCode) VALUES (620000435,'BIOC1104'),(620000435,'BIOC2054'),(620000435,'PHYS1930');
INSERT INTO Users VALUES (620000436,'Lorenza','Mitchell','LorenzaMitchell@gmail.com','MitchellLorenza');
INSERT INTO Students VALUES (620000436,'UNDERGRAD','01-01-2020');
INSERT INTO Enrolled (u_id,courseCode) VALUES (620000436,'ECON2387'),(620000436,'CHEM2031'),(620000436,'CHEM2066'),(620000436,'MATH2717'),(620000436,'PHYS3876');
INSERT INTO Users VALUES (620000437,'Melvin','Shattuck','MelvinShattuck@gmail.com','ShattuckMelvin');
INSERT INTO Students VALUES (620000437,'UNDERGRAD','01-01-2020');
INSERT INTO Enrolled (u_id,courseCode) VALUES (620000437,'ECON3281'),(620000437,'MATH2555'),(620000437,'MATH3613'),(620000437,'ECON3063'),(620000437,'ECON2345'),(620000437,'INFO2270');
INSERT INTO Users VALUES (620000438,'Jeremy','Ratterman','JeremyRatterman@gmail.com','RattermanJeremy');
INSERT INTO Students VALUES (620000438,'UNDERGRAD','01-01-2020');
INSERT INTO Enrolled (u_id,courseCode) VALUES (620000438,'MATH1648'),(620000438,'BIOC2550'),(620000438,'INFO2337'),(620000438,'COMP2400'),(620000438,'ECON1458'),(620000438,'ECON3550');
INSERT INTO Users VALUES (620000439,'Matthew','Laudat','MatthewLaudat@gmail.com','LaudatMatthew');
INSERT INTO Students VALUES (620000439,'UNDERGRAD','01-01-2020');
INSERT INTO Enrolled (u_id,courseCode) VALUES (620000439,'CHEM2626'),(620000439,'CHEM2446'),(620000439,'ECON2722'),(620000439,'INFO2636');
INSERT INTO Users VALUES (620000440,'Deborah','Butcher','DeborahButcher@gmail.com','ButcherDeborah');
INSERT INTO Students VALUES (620000440,'UNDERGRAD','01-01-2020');
INSERT INTO Enrolled (u_id,courseCode) VALUES (620000440,'INFO3419'),(620000440,'COMP3639'),(620000440,'CHEM3793');
INSERT INTO Users VALUES (620000441,'Chad','Lauritsen','ChadLauritsen@gmail.com','LauritsenChad');
INSERT INTO Students VALUES (620000441,'UNDERGRAD','01-01-2020');
INSERT INTO Enrolled (u_id,courseCode) VALUES (620000441,'BIOC1744'),(620000441,'MATH3222'),(620000441,'BIOC1534'),(620000441,'COMP3084');
INSERT INTO Users VALUES (620000442,'Elmer','Brock','ElmerBrock@gmail.com','BrockElmer');
INSERT INTO Students VALUES (620000442,'UNDERGRAD','01-01-2020');
INSERT INTO Enrolled (u_id,courseCode) VALUES (620000442,'PHYS2229'),(620000442,'COMP3746'),(620000442,'CHEM2065');
INSERT INTO Users VALUES (620000443,'Stanley','Calloway','StanleyCalloway@gmail.com','CallowayStanley');
INSERT INTO Students VALUES (620000443,'UNDERGRAD','01-01-2020');
INSERT INTO Enrolled (u_id,courseCode) VALUES (620000443,'INFO2213'),(620000443,'CHEM2066'),(620000443,'PHYS2977');
INSERT INTO Users VALUES (620000444,'Cristina','Bower','CristinaBower@gmail.com','BowerCristina');
INSERT INTO Students VALUES (620000444,'UNDERGRAD','01-01-2020');
INSERT INTO Enrolled (u_id,courseCode) VALUES (620000444,'MATH1262'),(620000444,'COMP3697'),(620000444,'BIOC1534'),(620000444,'MATH3179');
INSERT INTO Users VALUES (620000445,'Shalanda','Bennett','ShalandaBennett@gmail.com','BennettShalanda');
INSERT INTO Students VALUES (620000445,'UNDERGRAD','01-01-2020');
INSERT INTO Enrolled (u_id,courseCode) VALUES (620000445,'COMP3536'),(620000445,'CHEM1807'),(620000445,'CHEM1485'),(620000445,'PHYS3354'),(620000445,'MATH3059');
INSERT INTO Users VALUES (620000446,'Blake','Griffitts','BlakeGriffitts@gmail.com','GriffittsBlake');
INSERT INTO Students VALUES (620000446,'UNDERGRAD','01-01-2020');
INSERT INTO Enrolled (u_id,courseCode) VALUES (620000446,'COMP3536'),(620000446,'CHEM3747'),(620000446,'MATH3173'),(620000446,'INFO3868'),(620000446,'CHEM3054'),(620000446,'BIOC3230');
INSERT INTO Users VALUES (620000447,'Christine','Chatcho','ChristineChatcho@gmail.com','ChatchoChristine');
INSERT INTO Students VALUES (620000447,'UNDERGRAD','01-01-2020');
INSERT INTO Enrolled (u_id,courseCode) VALUES (620000447,'BIOC1986'),(620000447,'MATH2717'),(620000447,'CHEM2867'),(620000447,'MATH2957'),(620000447,'BIOC1866');
INSERT INTO Users VALUES (620000448,'Justin','Citizen','JustinCitizen@gmail.com','CitizenJustin');
INSERT INTO Students VALUES (620000448,'UNDERGRAD','01-01-2020');
INSERT INTO Enrolled (u_id,courseCode) VALUES (620000448,'ECON1458'),(620000448,'BIOC1910'),(620000448,'ECON1561'),(620000448,'BIOC3457'),(620000448,'CHEM2626');
INSERT INTO Users VALUES (620000449,'Douglas','Merna','DouglasMerna@gmail.com','MernaDouglas');
INSERT INTO Students VALUES (620000449,'UNDERGRAD','01-01-2020');
INSERT INTO Enrolled (u_id,courseCode) VALUES (620000449,'COMP3746'),(620000449,'INFO2559'),(620000449,'INFO2636');
INSERT INTO Users VALUES (620000450,'Louise','Mcclain','LouiseMcclain@gmail.com','McclainLouise');
INSERT INTO Students VALUES (620000450,'UNDERGRAD','01-01-2020');
INSERT INTO Enrolled (u_id,courseCode) VALUES (620000450,'ECON2722'),(620000450,'MATH3059'),(620000450,'INFO3868'),(620000450,'CHEM2867'),(620000450,'BIOC2983');
INSERT INTO Users VALUES (620000451,'Glenda','Golden','GlendaGolden@gmail.com','GoldenGlenda');
INSERT INTO Students VALUES (620000451,'UNDERGRAD','01-01-2020');
INSERT INTO Enrolled (u_id,courseCode) VALUES (620000451,'INFO2813'),(620000451,'BIOC1104'),(620000451,'MATH2717'),(620000451,'ECON1498'),(620000451,'INFO1648'),(620000451,'INFO1145');
INSERT INTO Users VALUES (620000452,'Douglas','Harness','DouglasHarness@gmail.com','HarnessDouglas');
INSERT INTO Students VALUES (620000452,'UNDERGRAD','01-01-2020');
INSERT INTO Enrolled (u_id,courseCode) VALUES (620000452,'INFO2559'),(620000452,'MATH3222'),(620000452,'ECON1012'),(620000452,'BIOC1794'),(620000452,'CHEM2149');
INSERT INTO Users VALUES (620000453,'Peggy','Jensen','PeggyJensen@gmail.com','JensenPeggy');
INSERT INTO Students VALUES (620000453,'UNDERGRAD','01-01-2020');
INSERT INTO Enrolled (u_id,courseCode) VALUES (620000453,'INFO2147'),(620000453,'INFO2636'),(620000453,'BIOC1052'),(620000453,'BIOC2983');
INSERT INTO Users VALUES (620000454,'Danielle','Valenzuela','DanielleValenzuela@gmail.com','ValenzuelaDanielle');
INSERT INTO Students VALUES (620000454,'UNDERGRAD','01-01-2020');
INSERT INTO Enrolled (u_id,courseCode) VALUES (620000454,'COMP2965'),(620000454,'COMP2541'),(620000454,'PHYS3052'),(620000454,'BIOC2236');
INSERT INTO Users VALUES (620000455,'Jonathan','Figueroa','JonathanFigueroa@gmail.com','FigueroaJonathan');
INSERT INTO Students VALUES (620000455,'UNDERGRAD','01-01-2020');
INSERT INTO Enrolled (u_id,courseCode) VALUES (620000455,'MATH3209'),(620000455,'ECON2722'),(620000455,'ECON1458'),(620000455,'BIOC3230'),(620000455,'PHYS3354'),(620000455,'MATH3059');
INSERT INTO Users VALUES (620000456,'Marcus','Steere','MarcusSteere@gmail.com','SteereMarcus');
INSERT INTO Students VALUES (620000456,'UNDERGRAD','01-01-2020');
INSERT INTO Enrolled (u_id,courseCode) VALUES (620000456,'BIOC3721'),(620000456,'BIOC3604'),(620000456,'ECON1589'),(620000456,'ECON3447'),(620000456,'CHEM3054'),(620000456,'INFO1242');
INSERT INTO Users VALUES (620000457,'Leo','Gray','LeoGray@gmail.com','GrayLeo');
INSERT INTO Students VALUES (620000457,'UNDERGRAD','01-01-2020');
INSERT INTO Enrolled (u_id,courseCode) VALUES (620000457,'MATH2717'),(620000457,'PHYS1993'),(620000457,'BIOC3341'),(620000457,'BIOC1598'),(620000457,'MATH3844'),(620000457,'PHYS1140');
INSERT INTO Users VALUES (620000458,'Rhonda','Valenzuela','RhondaValenzuela@gmail.com','ValenzuelaRhonda');
INSERT INTO Students VALUES (620000458,'UNDERGRAD','01-01-2020');
INSERT INTO Enrolled (u_id,courseCode) VALUES (620000458,'INFO2270'),(620000458,'INFO1014'),(620000458,'COMP3173'),(620000458,'MATH2501'),(620000458,'COMP2651');
INSERT INTO Users VALUES (620000459,'Nicole','Washinski','NicoleWashinski@gmail.com','WashinskiNicole');
INSERT INTO Students VALUES (620000459,'UNDERGRAD','01-01-2020');
INSERT INTO Enrolled (u_id,courseCode) VALUES (620000459,'PHYS3464'),(620000459,'PHYS2448'),(620000459,'MATH3857'),(620000459,'BIOC2981');
INSERT INTO Users VALUES (620000460,'Dora','Finkenbinder','DoraFinkenbinder@gmail.com','FinkenbinderDora');
INSERT INTO Students VALUES (620000460,'UNDERGRAD','01-01-2020');
INSERT INTO Enrolled (u_id,courseCode) VALUES (620000460,'COMP1051'),(620000460,'INFO3603'),(620000460,'MATH3544'),(620000460,'ECON3004');
INSERT INTO Users VALUES (620000461,'Clyde','Kent','ClydeKent@gmail.com','KentClyde');
INSERT INTO Students VALUES (620000461,'UNDERGRAD','01-01-2020');
INSERT INTO Enrolled (u_id,courseCode) VALUES (620000461,'ECON1645'),(620000461,'ECON1783'),(620000461,'BIOC3721'),(620000461,'MATH1250'),(620000461,'CHEM3617'),(620000461,'PHYS2117');
INSERT INTO Users VALUES (620000462,'Rebecca','Lyford','RebeccaLyford@gmail.com','LyfordRebecca');
INSERT INTO Students VALUES (620000462,'UNDERGRAD','01-01-2020');
INSERT INTO Enrolled (u_id,courseCode) VALUES (620000462,'COMP3536'),(620000462,'PHYS2238'),(620000462,'BIOC2236'),(620000462,'COMP3685'),(620000462,'INFO2636');
INSERT INTO Users VALUES (620000463,'Stacy','Sniezek','StacySniezek@gmail.com','SniezekStacy');
INSERT INTO Students VALUES (620000463,'UNDERGRAD','01-01-2020');
INSERT INTO Enrolled (u_id,courseCode) VALUES (620000463,'ECON3737'),(620000463,'PHYS2977'),(620000463,'MATH2555');
INSERT INTO Users VALUES (620000464,'Curtis','Briggs','CurtisBriggs@gmail.com','BriggsCurtis');
INSERT INTO Students VALUES (620000464,'UNDERGRAD','01-01-2020');
INSERT INTO Enrolled (u_id,courseCode) VALUES (620000464,'BIOC2589'),(620000464,'INFO1825'),(620000464,'INFO2636'),(620000464,'MATH3688'),(620000464,'MATH3544');
INSERT INTO Users VALUES (620000465,'Vickie','Truong','VickieTruong@gmail.com','TruongVickie');
INSERT INTO Students VALUES (620000465,'UNDERGRAD','01-01-2020');
INSERT INTO Enrolled (u_id,courseCode) VALUES (620000465,'PHYS2338'),(620000465,'BIOC2589'),(620000465,'COMP3697');
INSERT INTO Users VALUES (620000466,'Manuel','Quintero','ManuelQuintero@gmail.com','QuinteroManuel');
INSERT INTO Students VALUES (620000466,'UNDERGRAD','01-01-2020');
INSERT INTO Enrolled (u_id,courseCode) VALUES (620000466,'BIOC2589'),(620000466,'CHEM2031'),(620000466,'INFO2270'),(620000466,'BIOC1725');
INSERT INTO Users VALUES (620000467,'Stephen','Ratterman','StephenRatterman@gmail.com','RattermanStephen');
INSERT INTO Students VALUES (620000467,'UNDERGRAD','01-01-2020');
INSERT INTO Enrolled (u_id,courseCode) VALUES (620000467,'ECON3063'),(620000467,'ECON3281'),(620000467,'MATH3688'),(620000467,'ECON3228');
INSERT INTO Users VALUES (620000468,'Delmar','Walker','DelmarWalker@gmail.com','WalkerDelmar');
INSERT INTO Students VALUES (620000468,'UNDERGRAD','01-01-2020');
INSERT INTO Enrolled (u_id,courseCode) VALUES (620000468,'MATH2067'),(620000468,'COMP2080'),(620000468,'CHEM1485'),(620000468,'COMP2651'),(620000468,'CHEM2177'),(620000468,'BIOC1910');
INSERT INTO Users VALUES (620000469,'Dorcas','Knox','DorcasKnox@gmail.com','KnoxDorcas');
INSERT INTO Students VALUES (620000469,'UNDERGRAD','01-01-2020');
INSERT INTO Enrolled (u_id,courseCode) VALUES (620000469,'COMP2077'),(620000469,'MATH3179'),(620000469,'ECON2814'),(620000469,'INFO1288');
INSERT INTO Users VALUES (620000470,'Dennis','Wilson','DennisWilson@gmail.com','WilsonDennis');
INSERT INTO Students VALUES (620000470,'UNDERGRAD','01-01-2020');
INSERT INTO Enrolled (u_id,courseCode) VALUES (620000470,'COMP2080'),(620000470,'COMP3685'),(620000470,'BIOC1052'),(620000470,'CHEM3793');
INSERT INTO Users VALUES (620000471,'Kurt','Shields','KurtShields@gmail.com','ShieldsKurt');
INSERT INTO Students VALUES (620000471,'UNDERGRAD','01-01-2020');
INSERT INTO Enrolled (u_id,courseCode) VALUES (620000471,'ECON3523'),(620000471,'BIOC1534'),(620000471,'BIOC3604');
INSERT INTO Users VALUES (620000472,'Walter','Sharp','WalterSharp@gmail.com','SharpWalter');
INSERT INTO Students VALUES (620000472,'UNDERGRAD','01-01-2020');
INSERT INTO Enrolled (u_id,courseCode) VALUES (620000472,'BIOC1598'),(620000472,'BIOC3457'),(620000472,'MATH2501'),(620000472,'MATH1148'),(620000472,'PHYS2451'),(620000472,'INFO2813');
INSERT INTO Users VALUES (620000473,'Nathan','Collins','NathanCollins@gmail.com','CollinsNathan');
INSERT INTO Students VALUES (620000473,'UNDERGRAD','01-01-2020');
INSERT INTO Enrolled (u_id,courseCode) VALUES (620000473,'INFO3603'),(620000473,'PHYS2977'),(620000473,'ECON3989'),(620000473,'INFO2813'),(620000473,'CHEM3888');
INSERT INTO Users VALUES (620000474,'Rachel','Early','RachelEarly@gmail.com','EarlyRachel');
INSERT INTO Students VALUES (620000474,'UNDERGRAD','01-01-2020');
INSERT INTO Enrolled (u_id,courseCode) VALUES (620000474,'BIOC2550'),(620000474,'ECON1996'),(620000474,'CHEM1340');
INSERT INTO Users VALUES (620000475,'Gary','Saunders','GarySaunders@gmail.com','SaundersGary');
INSERT INTO Students VALUES (620000475,'UNDERGRAD','01-01-2020');
INSERT INTO Enrolled (u_id,courseCode) VALUES (620000475,'BIOC2236'),(620000475,'BIOC3457'),(620000475,'CHEM3888');
INSERT INTO Users VALUES (620000476,'Sara','Hoffman','SaraHoffman@gmail.com','HoffmanSara');
INSERT INTO Students VALUES (620000476,'UNDERGRAD','01-01-2020');
INSERT INTO Enrolled (u_id,courseCode) VALUES (620000476,'COMP3697'),(620000476,'CHEM2066'),(620000476,'PHYS3686');
INSERT INTO Users VALUES (620000477,'Latoya','Bordelon','LatoyaBordelon@gmail.com','BordelonLatoya');
INSERT INTO Students VALUES (620000477,'UNDERGRAD','01-01-2020');
INSERT INTO Enrolled (u_id,courseCode) VALUES (620000477,'PHYS1993'),(620000477,'PHYS2338'),(620000477,'INFO2950');
INSERT INTO Users VALUES (620000478,'Krista','Baptiste','KristaBaptiste@gmail.com','BaptisteKrista');
INSERT INTO Students VALUES (620000478,'UNDERGRAD','01-01-2020');
INSERT INTO Enrolled (u_id,courseCode) VALUES (620000478,'BIOC3457'),(620000478,'INFO2797'),(620000478,'MATH1578');
INSERT INTO Users VALUES (620000479,'Brooke','Pulley','BrookePulley@gmail.com','PulleyBrooke');
INSERT INTO Students VALUES (620000479,'UNDERGRAD','01-01-2020');
INSERT INTO Enrolled (u_id,courseCode) VALUES (620000479,'MATH1148'),(620000479,'ECON3447'),(620000479,'MATH2717'),(620000479,'CHEM2697'),(620000479,'INFO3868');
INSERT INTO Users VALUES (620000480,'Doris','Hernandez','DorisHernandez@gmail.com','HernandezDoris');
INSERT INTO Students VALUES (620000480,'UNDERGRAD','01-01-2020');
INSERT INTO Enrolled (u_id,courseCode) VALUES (620000480,'PHYS3787'),(620000480,'CHEM1485'),(620000480,'INFO2270'),(620000480,'PHYS2451');
INSERT INTO Users VALUES (620000481,'Jeffrey','Wilbanks','JeffreyWilbanks@gmail.com','WilbanksJeffrey');
INSERT INTO Students VALUES (620000481,'UNDERGRAD','01-01-2020');
INSERT INTO Enrolled (u_id,courseCode) VALUES (620000481,'INFO2636'),(620000481,'PHYS1140'),(620000481,'PHYS3290'),(620000481,'MATH1309'),(620000481,'BIOC2981');
INSERT INTO Users VALUES (620000482,'Daniel','Carrington','DanielCarrington@gmail.com','CarringtonDaniel');
INSERT INTO Students VALUES (620000482,'UNDERGRAD','01-01-2020');
INSERT INTO Enrolled (u_id,courseCode) VALUES (620000482,'MATH3857'),(620000482,'ECON3550'),(620000482,'ECON3288'),(620000482,'ECON2345'),(620000482,'PHYS2338');
INSERT INTO Users VALUES (620000483,'Lindsey','Jefferson','LindseyJefferson@gmail.com','JeffersonLindsey');
INSERT INTO Students VALUES (620000483,'UNDERGRAD','01-01-2020');
INSERT INTO Enrolled (u_id,courseCode) VALUES (620000483,'MATH2555'),(620000483,'COMP2651'),(620000483,'BIOC2550'),(620000483,'CHEM2446'),(620000483,'PHYS1140');
INSERT INTO Users VALUES (620000484,'Allison','Reyes','AllisonReyes@gmail.com','ReyesAllison');
INSERT INTO Students VALUES (620000484,'UNDERGRAD','01-01-2020');
INSERT INTO Enrolled (u_id,courseCode) VALUES (620000484,'COMP2541'),(620000484,'MATH1250'),(620000484,'COMP2400');
INSERT INTO Users VALUES (620000485,'Gina','English','GinaEnglish@gmail.com','EnglishGina');
INSERT INTO Students VALUES (620000485,'UNDERGRAD','01-01-2020');
INSERT INTO Enrolled (u_id,courseCode) VALUES (620000485,'ECON1589'),(620000485,'PHYS3686'),(620000485,'COMP3173');
INSERT INTO Users VALUES (620000486,'Louise','Griffin','LouiseGriffin@gmail.com','GriffinLouise');
INSERT INTO Students VALUES (620000486,'UNDERGRAD','01-01-2020');
INSERT INTO Enrolled (u_id,courseCode) VALUES (620000486,'COMP3536'),(620000486,'BIOC1744'),(620000486,'MATH3688'),(620000486,'BIOC1866'),(620000486,'BIOC3457'),(620000486,'PHYS3729');
INSERT INTO Users VALUES (620000487,'Don','Hernandez','DonHernandez@gmail.com','HernandezDon');
INSERT INTO Students VALUES (620000487,'UNDERGRAD','01-01-2020');
INSERT INTO Enrolled (u_id,courseCode) VALUES (620000487,'PHYS2667'),(620000487,'ECON2387'),(620000487,'ECON3989'),(620000487,'COMP3238');
INSERT INTO Users VALUES (620000488,'Glenda','Early','GlendaEarly@gmail.com','EarlyGlenda');
INSERT INTO Students VALUES (620000488,'UNDERGRAD','01-01-2020');
INSERT INTO Enrolled (u_id,courseCode) VALUES (620000488,'ECON1783'),(620000488,'CHEM1485'),(620000488,'BIOC3721'),(620000488,'INFO1288'),(620000488,'MATH1309');
INSERT INTO Users VALUES (620000489,'Vernon','Casteel','VernonCasteel@gmail.com','CasteelVernon');
INSERT INTO Students VALUES (620000489,'UNDERGRAD','01-01-2020');
INSERT INTO Enrolled (u_id,courseCode) VALUES (620000489,'ECON3550'),(620000489,'ECON2387'),(620000489,'ECON1458');
INSERT INTO Users VALUES (620000490,'Teresa','Mchenry','TeresaMchenry@gmail.com','MchenryTeresa');
INSERT INTO Students VALUES (620000490,'UNDERGRAD','01-01-2020');
INSERT INTO Enrolled (u_id,courseCode) VALUES (620000490,'ECON3550'),(620000490,'COMP3167'),(620000490,'ECON3281'),(620000490,'ECON1783'),(620000490,'BIOC2236'),(620000490,'ECON3085');
INSERT INTO Users VALUES (620000491,'Joyce','Gaffney','JoyceGaffney@gmail.com','GaffneyJoyce');
INSERT INTO Students VALUES (620000491,'UNDERGRAD','01-01-2020');
INSERT INTO Enrolled (u_id,courseCode) VALUES (620000491,'CHEM3327'),(620000491,'CHEM3888'),(620000491,'PHYS3729'),(620000491,'INFO2521'),(620000491,'CHEM3617'),(620000491,'COMP2717');
INSERT INTO Users VALUES (620000492,'Wilbur','Deen','WilburDeen@gmail.com','DeenWilbur');
INSERT INTO Students VALUES (620000492,'UNDERGRAD','01-01-2020');
INSERT INTO Enrolled (u_id,courseCode) VALUES (620000492,'INFO2811'),(620000492,'ECON1098'),(620000492,'MATH2801'),(620000492,'INFO2559'),(620000492,'PHYS2113'),(620000492,'MATH2550');
INSERT INTO Users VALUES (620000493,'Georgie','Stallings','GeorgieStallings@gmail.com','StallingsGeorgie');
INSERT INTO Students VALUES (620000493,'UNDERGRAD','01-01-2020');
INSERT INTO Enrolled (u_id,courseCode) VALUES (620000493,'MATH3029'),(620000493,'CHEM3347'),(620000493,'INFO3636'),(620000493,'ECON3737'),(620000493,'MATH1648');
INSERT INTO Users VALUES (620000494,'Gabriel','Knox','GabrielKnox@gmail.com','KnoxGabriel');
INSERT INTO Students VALUES (620000494,'UNDERGRAD','01-01-2020');
INSERT INTO Enrolled (u_id,courseCode) VALUES (620000494,'INFO2716'),(620000494,'INFO2270'),(620000494,'ECON3523'),(620000494,'COMP3238');
INSERT INTO Users VALUES (620000495,'Charles','Taylor','CharlesTaylor@gmail.com','TaylorCharles');
INSERT INTO Students VALUES (620000495,'UNDERGRAD','01-01-2020');
INSERT INTO Enrolled (u_id,courseCode) VALUES (620000495,'COMP1573'),(620000495,'COMP2080'),(620000495,'PHYS2117'),(620000495,'CHEM3747'),(620000495,'ECON1230');
INSERT INTO Users VALUES (620000496,'Gloria','Mcclain','GloriaMcclain@gmail.com','McclainGloria');
INSERT INTO Students VALUES (620000496,'UNDERGRAD','01-01-2020');
INSERT INTO Enrolled (u_id,courseCode) VALUES (620000496,'COMP2541'),(620000496,'CHEM1494'),(620000496,'INFO3636'),(620000496,'COMP2400'),(620000496,'BIOC3457'),(620000496,'BIOC2550');
INSERT INTO Users VALUES (620000497,'Katherine','Calvert','KatherineCalvert@gmail.com','CalvertKatherine');
INSERT INTO Students VALUES (620000497,'UNDERGRAD','01-01-2020');
INSERT INTO Enrolled (u_id,courseCode) VALUES (620000497,'MATH3857'),(620000497,'CHEM2727'),(620000497,'ECON2814'),(620000497,'COMP1357'),(620000497,'COMP1460');
INSERT INTO Users VALUES (620000498,'Weldon','White','WeldonWhite@gmail.com','WhiteWeldon');
INSERT INTO Students VALUES (620000498,'UNDERGRAD','01-01-2020');
INSERT INTO Enrolled (u_id,courseCode) VALUES (620000498,'CHEM2177'),(620000498,'MATH3173'),(620000498,'CHEM3888');
INSERT INTO Users VALUES (620000499,'Michelle','Gilman','MichelleGilman@gmail.com','GilmanMichelle');
INSERT INTO Students VALUES (620000499,'UNDERGRAD','01-01-2020');
INSERT INTO Enrolled (u_id,courseCode) VALUES (620000499,'ECON3288'),(620000499,'ECON2387'),(620000499,'ECON3228');
INSERT INTO Users VALUES (620000500,'Bethany','Citizen','BethanyCitizen@gmail.com','CitizenBethany');
INSERT INTO Students VALUES (620000500,'UNDERGRAD','01-01-2020');
INSERT INTO Enrolled (u_id,courseCode) VALUES (620000500,'ECON1645'),(620000500,'MATH3209'),(620000500,'PHYS2306'),(620000500,'COMP1573'),(620000500,'ECON3989'),(620000500,'ECON1012');
INSERT INTO Users VALUES (620000501,'Marshall','Gillman','MarshallGillman@gmail.com','GillmanMarshall');
INSERT INTO Students VALUES (620000501,'UNDERGRAD','01-01-2020');
INSERT INTO Enrolled (u_id,courseCode) VALUES (620000501,'COMP1543'),(620000501,'CHEM3793'),(620000501,'MATH1972'),(620000501,'ECON1783'),(620000501,'BIOC1439'),(620000501,'ECON2345');
INSERT INTO Users VALUES (620000502,'Sara','Pedersen','SaraPedersen@gmail.com','PedersenSara');
INSERT INTO Students VALUES (620000502,'UNDERGRAD','01-01-2020');
INSERT INTO Enrolled (u_id,courseCode) VALUES (620000502,'MATH2873'),(620000502,'CHEM3614'),(620000502,'INFO2270'),(620000502,'COMP3506');
INSERT INTO Users VALUES (620000503,'Lorenza','Steinbach','LorenzaSteinbach@gmail.com','SteinbachLorenza');
INSERT INTO Students VALUES (620000503,'UNDERGRAD','01-01-2020');
INSERT INTO Enrolled (u_id,courseCode) VALUES (620000503,'BIOC3230'),(620000503,'PHYS1979'),(620000503,'MATH3059'),(620000503,'INFO3419'),(620000503,'BIOC2236'),(620000503,'CHEM2066');
INSERT INTO Users VALUES (620000504,'Ralph','Cummings','RalphCummings@gmail.com','CummingsRalph');
INSERT INTO Students VALUES (620000504,'UNDERGRAD','01-01-2020');
INSERT INTO Enrolled (u_id,courseCode) VALUES (620000504,'INFO3645'),(620000504,'MATH1648'),(620000504,'ECON1098');
INSERT INTO Users VALUES (620000505,'Young','Gillis','YoungGillis@gmail.com','GillisYoung');
INSERT INTO Students VALUES (620000505,'UNDERGRAD','01-01-2020');
INSERT INTO Enrolled (u_id,courseCode) VALUES (620000505,'INFO3935'),(620000505,'MATH2957'),(620000505,'CHEM2005'),(620000505,'ECON2387');
INSERT INTO Users VALUES (620000506,'Steven','Campbell','StevenCampbell@gmail.com','CampbellSteven');
INSERT INTO Students VALUES (620000506,'UNDERGRAD','01-01-2020');
INSERT INTO Enrolled (u_id,courseCode) VALUES (620000506,'COMP2651'),(620000506,'COMP3173'),(620000506,'ECON2722'),(620000506,'MATH1454'),(620000506,'BIOC1598'),(620000506,'BIOC3457');
INSERT INTO Users VALUES (620000507,'Nathan','Miller','NathanMiller@gmail.com','MillerNathan');
INSERT INTO Students VALUES (620000507,'UNDERGRAD','01-01-2020');
INSERT INTO Enrolled (u_id,courseCode) VALUES (620000507,'COMP3167'),(620000507,'BIOC3230'),(620000507,'PHYS1140'),(620000507,'BIOC1744'),(620000507,'PHYS2338');
INSERT INTO Users VALUES (620000508,'Rick','Davis','RickDavis@gmail.com','DavisRick');
INSERT INTO Students VALUES (620000508,'UNDERGRAD','01-01-2020');
INSERT INTO Enrolled (u_id,courseCode) VALUES (620000508,'CHEM2604'),(620000508,'INFO3419'),(620000508,'MATH3857'),(620000508,'INFO1825');
INSERT INTO Users VALUES (620000509,'Tia','Lorenz','TiaLorenz@gmail.com','LorenzTia');
INSERT INTO Students VALUES (620000509,'UNDERGRAD','01-01-2020');
INSERT INTO Enrolled (u_id,courseCode) VALUES (620000509,'INFO2797'),(620000509,'INFO3636'),(620000509,'MATH1309'),(620000509,'ECON2345');
INSERT INTO Users VALUES (620000510,'Randall','Bordelon','RandallBordelon@gmail.com','BordelonRandall');
INSERT INTO Students VALUES (620000510,'UNDERGRAD','01-01-2020');
INSERT INTO Enrolled (u_id,courseCode) VALUES (620000510,'PHYS2563'),(620000510,'ECON3523'),(620000510,'INFO2147'),(620000510,'COMP2361'),(620000510,'INFO1825'),(620000510,'COMP3173');
INSERT INTO Users VALUES (620000511,'Bernie','Aybar','BernieAybar@gmail.com','AybarBernie');
INSERT INTO Students VALUES (620000511,'UNDERGRAD','01-01-2020');
INSERT INTO Enrolled (u_id,courseCode) VALUES (620000511,'ECON2345'),(620000511,'MATH1309'),(620000511,'ECON3276');
INSERT INTO Users VALUES (620000512,'Charles','Harness','CharlesHarness@gmail.com','HarnessCharles');
INSERT INTO Students VALUES (620000512,'UNDERGRAD','01-01-2020');
INSERT INTO Enrolled (u_id,courseCode) VALUES (620000512,'PHYS3052'),(620000512,'PHYS2229'),(620000512,'COMP3506'),(620000512,'COMP2651'),(620000512,'PHYS2451');
INSERT INTO Users VALUES (620000513,'Dorothy','English','DorothyEnglish@gmail.com','EnglishDorothy');
INSERT INTO Students VALUES (620000513,'UNDERGRAD','01-01-2020');
INSERT INTO Enrolled (u_id,courseCode) VALUES (620000513,'CHEM3888'),(620000513,'ECON1230'),(620000513,'MATH2550'),(620000513,'INFO3603'),(620000513,'ECON1561');
INSERT INTO Users VALUES (620000514,'Wendell','Swan','WendellSwan@gmail.com','SwanWendell');
INSERT INTO Students VALUES (620000514,'UNDERGRAD','01-01-2020');
INSERT INTO Enrolled (u_id,courseCode) VALUES (620000514,'CHEM2604'),(620000514,'COMP1867'),(620000514,'COMP2717'),(620000514,'CHEM2005');
INSERT INTO Users VALUES (620000515,'Hector','Halford','HectorHalford@gmail.com','HalfordHector');
INSERT INTO Students VALUES (620000515,'UNDERGRAD','01-01-2020');
INSERT INTO Enrolled (u_id,courseCode) VALUES (620000515,'COMP1184'),(620000515,'BIOC1448'),(620000515,'PHYS2117');
INSERT INTO Users VALUES (620000516,'Philip','Stovall','PhilipStovall@gmail.com','StovallPhilip');
INSERT INTO Students VALUES (620000516,'UNDERGRAD','01-01-2020');
INSERT INTO Enrolled (u_id,courseCode) VALUES (620000516,'CHEM2031'),(620000516,'PHYS2117'),(620000516,'COMP1460'),(620000516,'BIOC1866'),(620000516,'INFO1825'),(620000516,'MATH3173');
INSERT INTO Users VALUES (620000517,'Evelyn','Comley','EvelynComley@gmail.com','ComleyEvelyn');
INSERT INTO Students VALUES (620000517,'UNDERGRAD','01-01-2020');
INSERT INTO Enrolled (u_id,courseCode) VALUES (620000517,'ECON3311'),(620000517,'INFO1990'),(620000517,'INFO2797');
INSERT INTO Users VALUES (620000518,'Sharon','Garnes','SharonGarnes@gmail.com','GarnesSharon');
INSERT INTO Students VALUES (620000518,'UNDERGRAD','01-01-2020');
INSERT INTO Enrolled (u_id,courseCode) VALUES (620000518,'ECON3228'),(620000518,'BIOC2589'),(620000518,'MATH3059'),(620000518,'INFO2213'),(620000518,'PHYS1979'),(620000518,'ECON1589');
INSERT INTO Users VALUES (620000519,'Kimberly','Lauritsen','KimberlyLauritsen@gmail.com','LauritsenKimberly');
INSERT INTO Students VALUES (620000519,'UNDERGRAD','01-01-2020');
INSERT INTO Enrolled (u_id,courseCode) VALUES (620000519,'BIOC2671'),(620000519,'MATH3857'),(620000519,'BIOC2589'),(620000519,'INFO1825'),(620000519,'MATH2717'),(620000519,'CHEM2177');
INSERT INTO Users VALUES (620000520,'Angie','Pedersen','AngiePedersen@gmail.com','PedersenAngie');
INSERT INTO Students VALUES (620000520,'UNDERGRAD','01-01-2020');
INSERT INTO Enrolled (u_id,courseCode) VALUES (620000520,'INFO3419'),(620000520,'COMP1573'),(620000520,'ECON1783'),(620000520,'BIOC1986');
INSERT INTO Users VALUES (620000521,'Hector','Huffman','HectorHuffman@gmail.com','HuffmanHector');
INSERT INTO Students VALUES (620000521,'UNDERGRAD','01-01-2020');
INSERT INTO Enrolled (u_id,courseCode) VALUES (620000521,'CHEM2220'),(620000521,'COMP3746'),(620000521,'CHEM3888'),(620000521,'BIOC2981');
INSERT INTO Users VALUES (620000522,'Sadie','Howe','SadieHowe@gmail.com','HoweSadie');
INSERT INTO Students VALUES (620000522,'UNDERGRAD','01-01-2020');
INSERT INTO Enrolled (u_id,courseCode) VALUES (620000522,'COMP2965'),(620000522,'MATH2801'),(620000522,'MATH3209'),(620000522,'PHYS2563'),(620000522,'CHEM2604');
INSERT INTO Users VALUES (620000523,'Jewell','Lamar','JewellLamar@gmail.com','LamarJewell');
INSERT INTO Students VALUES (620000523,'UNDERGRAD','01-01-2020');
INSERT INTO Enrolled (u_id,courseCode) VALUES (620000523,'ECON3020'),(620000523,'BIOC2671'),(620000523,'MATH3173'),(620000523,'CHEM2481'),(620000523,'BIOC1598'),(620000523,'BIOC1104');
INSERT INTO Users VALUES (620000524,'Stephanie','Luper','StephanieLuper@gmail.com','LuperStephanie');
INSERT INTO Students VALUES (620000524,'UNDERGRAD','01-01-2020');
INSERT INTO Enrolled (u_id,courseCode) VALUES (620000524,'PHYS3876'),(620000524,'PHYS1979'),(620000524,'BIOC1439'),(620000524,'CHEM3327'),(620000524,'MATH1250');
INSERT INTO Users VALUES (620000525,'Andrew','Culpepper','AndrewCulpepper@gmail.com','CulpepperAndrew');
INSERT INTO Students VALUES (620000525,'UNDERGRAD','01-01-2020');
INSERT INTO Enrolled (u_id,courseCode) VALUES (620000525,'CHEM3054'),(620000525,'CHEM2697'),(620000525,'INFO2950'),(620000525,'PHYS3729');
INSERT INTO Users VALUES (620000526,'Helen','Sniezek','HelenSniezek@gmail.com','SniezekHelen');
INSERT INTO Students VALUES (620000526,'UNDERGRAD','01-01-2020');
INSERT INTO Enrolled (u_id,courseCode) VALUES (620000526,'INFO1825'),(620000526,'BIOC3341'),(620000526,'CHEM3054'),(620000526,'BIOC1598');
INSERT INTO Users VALUES (620000527,'Marie','Nunn','MarieNunn@gmail.com','NunnMarie');
INSERT INTO Students VALUES (620000527,'UNDERGRAD','01-01-2020');
INSERT INTO Enrolled (u_id,courseCode) VALUES (620000527,'CHEM3793'),(620000527,'BIOC1534'),(620000527,'CHEM3409'),(620000527,'ECON3085');
INSERT INTO Users VALUES (620000528,'Roberta','Valenzuela','RobertaValenzuela@gmail.com','ValenzuelaRoberta');
INSERT INTO Students VALUES (620000528,'UNDERGRAD','01-01-2020');
INSERT INTO Enrolled (u_id,courseCode) VALUES (620000528,'PHYS3052'),(620000528,'MATH2550'),(620000528,'CHEM3793'),(620000528,'COMP2651'),(620000528,'INFO2813'),(620000528,'ECON3737');
INSERT INTO Users VALUES (620000529,'Don','Garnes','DonGarnes@gmail.com','GarnesDon');
INSERT INTO Students VALUES (620000529,'UNDERGRAD','01-01-2020');
INSERT INTO Enrolled (u_id,courseCode) VALUES (620000529,'MATH3029'),(620000529,'INFO2813'),(620000529,'INFO2521');
INSERT INTO Users VALUES (620000530,'Chad','Best','ChadBest@gmail.com','BestChad');
INSERT INTO Students VALUES (620000530,'UNDERGRAD','01-01-2020');
INSERT INTO Enrolled (u_id,courseCode) VALUES (620000530,'BIOC3604'),(620000530,'ECON3276'),(620000530,'MATH1309'),(620000530,'MATH3222'),(620000530,'PHYS2306');
INSERT INTO Users VALUES (620000531,'Randall','Woomer','RandallWoomer@gmail.com','WoomerRandall');
INSERT INTO Students VALUES (620000531,'UNDERGRAD','01-01-2020');
INSERT INTO Enrolled (u_id,courseCode) VALUES (620000531,'CHEM2481'),(620000531,'BIOC2981'),(620000531,'ECON1458'),(620000531,'ECON3550'),(620000531,'COMP3084');
INSERT INTO Users VALUES (620000532,'Eunice','Brown','EuniceBrown@gmail.com','BrownEunice');
INSERT INTO Students VALUES (620000532,'UNDERGRAD','01-01-2020');
INSERT INTO Enrolled (u_id,courseCode) VALUES (620000532,'ECON3447'),(620000532,'ECON3523'),(620000532,'COMP2400'),(620000532,'BIOC1534'),(620000532,'ECON3372');
INSERT INTO Users VALUES (620000533,'Trina','Myrick','TrinaMyrick@gmail.com','MyrickTrina');
INSERT INTO Students VALUES (620000533,'UNDERGRAD','01-01-2020');
INSERT INTO Enrolled (u_id,courseCode) VALUES (620000533,'COMP3746'),(620000533,'MATH1972'),(620000533,'INFO3636'),(620000533,'MATH3544'),(620000533,'CHEM2066');
INSERT INTO Users VALUES (620000534,'Marshall','Henderson','MarshallHenderson@gmail.com','HendersonMarshall');
INSERT INTO Students VALUES (620000534,'UNDERGRAD','01-01-2020');
INSERT INTO Enrolled (u_id,courseCode) VALUES (620000534,'INFO2811'),(620000534,'BIOC1794'),(620000534,'INFO2813'),(620000534,'CHEM2065');
INSERT INTO Users VALUES (620000535,'Wanda','Campbell','WandaCampbell@gmail.com','CampbellWanda');
INSERT INTO Students VALUES (620000535,'UNDERGRAD','01-01-2020');
INSERT INTO Enrolled (u_id,courseCode) VALUES (620000535,'CHEM3747'),(620000535,'COMP3685'),(620000535,'PHYS3787'),(620000535,'ECON1645'),(620000535,'INFO1648'),(620000535,'CHEM3617');
INSERT INTO Users VALUES (620000536,'Michelle','Hayes','MichelleHayes@gmail.com','HayesMichelle');
INSERT INTO Students VALUES (620000536,'UNDERGRAD','01-01-2020');
INSERT INTO Enrolled (u_id,courseCode) VALUES (620000536,'COMP3746'),(620000536,'MATH2067'),(620000536,'CHEM3614'),(620000536,'PHYS3052'),(620000536,'MATH2957'),(620000536,'COMP3685');
INSERT INTO Users VALUES (620000537,'Bethany','King','BethanyKing@gmail.com','KingBethany');
INSERT INTO Students VALUES (620000537,'UNDERGRAD','01-01-2020');
INSERT INTO Enrolled (u_id,courseCode) VALUES (620000537,'PHYS1399'),(620000537,'INFO1825'),(620000537,'MATH1638'),(620000537,'BIOC3191'),(620000537,'BIOC1439');
INSERT INTO Users VALUES (620000538,'Evelyn','Crites','EvelynCrites@gmail.com','CritesEvelyn');
INSERT INTO Students VALUES (620000538,'UNDERGRAD','01-01-2020');
INSERT INTO Enrolled (u_id,courseCode) VALUES (620000538,'ECON1589'),(620000538,'COMP1051'),(620000538,'MATH3179');
INSERT INTO Users VALUES (620000539,'George','Gillis','GeorgeGillis@gmail.com','GillisGeorge');
INSERT INTO Students VALUES (620000539,'UNDERGRAD','01-01-2020');
INSERT INTO Enrolled (u_id,courseCode) VALUES (620000539,'PHYS3686'),(620000539,'COMP2651'),(620000539,'MATH2873');
INSERT INTO Users VALUES (620000540,'Suzanne','Mauk','SuzanneMauk@gmail.com','MaukSuzanne');
INSERT INTO Students VALUES (620000540,'UNDERGRAD','01-01-2020');
INSERT INTO Enrolled (u_id,courseCode) VALUES (620000540,'PHYS2113'),(620000540,'BIOC3721'),(620000540,'CHEM3793'),(620000540,'PHYS2448'),(620000540,'ECON1996');
INSERT INTO Users VALUES (620000541,'Ernesto','Atkins','ErnestoAtkins@gmail.com','AtkinsErnesto');
INSERT INTO Students VALUES (620000541,'UNDERGRAD','01-01-2020');
INSERT INTO Enrolled (u_id,courseCode) VALUES (620000541,'COMP3697'),(620000541,'ECON3550'),(620000541,'PHYS1140'),(620000541,'PHYS2667');
INSERT INTO Users VALUES (620000542,'Magdalen','Christenberry','MagdalenChristenberry@gmail.com','ChristenberryMagdalen');
INSERT INTO Students VALUES (620000542,'UNDERGRAD','01-01-2020');
INSERT INTO Enrolled (u_id,courseCode) VALUES (620000542,'MATH2957'),(620000542,'MATH2717'),(620000542,'ECON3523'),(620000542,'ECON1561'),(620000542,'PHYS3729'),(620000542,'PHYS3354');
INSERT INTO Users VALUES (620000543,'Sergio','Kenney','SergioKenney@gmail.com','KenneySergio');
INSERT INTO Students VALUES (620000543,'UNDERGRAD','01-01-2020');
INSERT INTO Enrolled (u_id,courseCode) VALUES (620000543,'COMP2965'),(620000543,'COMP3639'),(620000543,'ECON3372'),(620000543,'CHEM1494'),(620000543,'PHYS1140'),(620000543,'COMP2361');
INSERT INTO Users VALUES (620000544,'Kendra','Moldrem','KendraMoldrem@gmail.com','MoldremKendra');
INSERT INTO Students VALUES (620000544,'UNDERGRAD','01-01-2020');
INSERT INTO Enrolled (u_id,courseCode) VALUES (620000544,'COMP3238'),(620000544,'CHEM2066'),(620000544,'INFO1648'),(620000544,'INFO2716');
INSERT INTO Users VALUES (620000545,'Katie','Nerbonne','KatieNerbonne@gmail.com','NerbonneKatie');
INSERT INTO Students VALUES (620000545,'UNDERGRAD','01-01-2020');
INSERT INTO Enrolled (u_id,courseCode) VALUES (620000545,'BIOC1534'),(620000545,'ECON1098'),(620000545,'ECON1645'),(620000545,'INFO2521');
INSERT INTO Users VALUES (620000546,'Lilla','Mcalister','LillaMcalister@gmail.com','McalisterLilla');
INSERT INTO Students VALUES (620000546,'UNDERGRAD','01-01-2020');
INSERT INTO Enrolled (u_id,courseCode) VALUES (620000546,'ECON2814'),(620000546,'INFO1990'),(620000546,'COMP3418'),(620000546,'PHYS3464'),(620000546,'ECON3004'),(620000546,'PHYS3339');
INSERT INTO Users VALUES (620000547,'Young','Shields','YoungShields@gmail.com','ShieldsYoung');
INSERT INTO Students VALUES (620000547,'UNDERGRAD','01-01-2020');
INSERT INTO Enrolled (u_id,courseCode) VALUES (620000547,'BIOC1794'),(620000547,'BIOC2550'),(620000547,'BIOC3604'),(620000547,'PHYS3659'),(620000547,'INFO2860'),(620000547,'CHEM3888');
INSERT INTO Users VALUES (620000548,'Amee','Turner','AmeeTurner@gmail.com','TurnerAmee');
INSERT INTO Students VALUES (620000548,'UNDERGRAD','01-01-2020');
INSERT INTO Enrolled (u_id,courseCode) VALUES (620000548,'CHEM3409'),(620000548,'INFO1990'),(620000548,'COMP3849'),(620000548,'BIOC1448'),(620000548,'COMP1184');
INSERT INTO Users VALUES (620000549,'Deanna','Figueroa','DeannaFigueroa@gmail.com','FigueroaDeanna');
INSERT INTO Students VALUES (620000549,'UNDERGRAD','01-01-2020');
INSERT INTO Enrolled (u_id,courseCode) VALUES (620000549,'INFO2337'),(620000549,'ECON1498'),(620000549,'BIOC1866');
INSERT INTO Users VALUES (620000550,'Ethel','Gondek','EthelGondek@gmail.com','GondekEthel');
INSERT INTO Students VALUES (620000550,'UNDERGRAD','01-01-2020');
INSERT INTO Enrolled (u_id,courseCode) VALUES (620000550,'MATH3688'),(620000550,'COMP1051'),(620000550,'BIOC1439'),(620000550,'ECON1458'),(620000550,'CHEM2065');
INSERT INTO Users VALUES (620000551,'Mason','Reyes','MasonReyes@gmail.com','ReyesMason');
INSERT INTO Students VALUES (620000551,'UNDERGRAD','01-01-2020');
INSERT INTO Enrolled (u_id,courseCode) VALUES (620000551,'BIOC2550'),(620000551,'MATH1638'),(620000551,'ECON3737'),(620000551,'COMP2541'),(620000551,'PHYS2338');
INSERT INTO Users VALUES (620000552,'Shawn','Grinstead','ShawnGrinstead@gmail.com','GrinsteadShawn');
INSERT INTO Students VALUES (620000552,'UNDERGRAD','01-01-2020');
INSERT INTO Enrolled (u_id,courseCode) VALUES (620000552,'INFO1288'),(620000552,'CHEM2149'),(620000552,'ECON3989'),(620000552,'MATH3544'),(620000552,'INFO1014');
INSERT INTO Users VALUES (620000553,'Nancy','Uribe','NancyUribe@gmail.com','UribeNancy');
INSERT INTO Students VALUES (620000553,'UNDERGRAD','01-01-2020');
INSERT INTO Enrolled (u_id,courseCode) VALUES (620000553,'MATH3173'),(620000553,'BIOC3457'),(620000553,'CHEM2446'),(620000553,'COMP2541'),(620000553,'ECON3737');
INSERT INTO Users VALUES (620000554,'Linda','Carrillo','LindaCarrillo@gmail.com','CarrilloLinda');
INSERT INTO Students VALUES (620000554,'UNDERGRAD','01-01-2020');
INSERT INTO Enrolled (u_id,courseCode) VALUES (620000554,'COMP3639'),(620000554,'BIOC2981'),(620000554,'INFO2559'),(620000554,'COMP1051'),(620000554,'ECON1458');
INSERT INTO Users VALUES (620000555,'Gilbert','Watson','GilbertWatson@gmail.com','WatsonGilbert');
INSERT INTO Students VALUES (620000555,'UNDERGRAD','01-01-2020');
INSERT INTO Enrolled (u_id,courseCode) VALUES (620000555,'COMP3167'),(620000555,'MATH2188'),(620000555,'BIOC1744'),(620000555,'ECON3276'),(620000555,'ECON3228'),(620000555,'BIOC1986');
INSERT INTO Users VALUES (620000556,'Bethany','Turkus','BethanyTurkus@gmail.com','TurkusBethany');
INSERT INTO Students VALUES (620000556,'UNDERGRAD','01-01-2020');
INSERT INTO Enrolled (u_id,courseCode) VALUES (620000556,'BIOC1866'),(620000556,'BIOC1534'),(620000556,'MATH2717'),(620000556,'BIOC2983');
INSERT INTO Users VALUES (620000557,'Gina','Mauk','GinaMauk@gmail.com','MaukGina');
INSERT INTO Students VALUES (620000557,'UNDERGRAD','01-01-2020');
INSERT INTO Enrolled (u_id,courseCode) VALUES (620000557,'BIOC3341'),(620000557,'CHEM2727'),(620000557,'PHYS1930'),(620000557,'ECON2814'),(620000557,'ECON2345'),(620000557,'PHYS2977');
INSERT INTO Users VALUES (620000558,'Geoffrey','Wolfe','GeoffreyWolfe@gmail.com','WolfeGeoffrey');
INSERT INTO Students VALUES (620000558,'UNDERGRAD','01-01-2020');
INSERT INTO Enrolled (u_id,courseCode) VALUES (620000558,'COMP3167'),(620000558,'PHYS1930'),(620000558,'CHEM2867'),(620000558,'COMP3173');
INSERT INTO Users VALUES (620000559,'Ashleigh','Nerbonne','AshleighNerbonne@gmail.com','NerbonneAshleigh');
INSERT INTO Students VALUES (620000559,'UNDERGRAD','01-01-2020');
INSERT INTO Enrolled (u_id,courseCode) VALUES (620000559,'INFO3419'),(620000559,'CHEM2697'),(620000559,'COMP3536'),(620000559,'PHYS2451'),(620000559,'INFO1145'),(620000559,'COMP3639');
INSERT INTO Users VALUES (620000560,'Patricia','Gillman','PatriciaGillman@gmail.com','GillmanPatricia');
INSERT INTO Students VALUES (620000560,'UNDERGRAD','01-01-2020');
INSERT INTO Enrolled (u_id,courseCode) VALUES (620000560,'INFO2147'),(620000560,'MATH2957'),(620000560,'CHEM2481'),(620000560,'INFO3636');
INSERT INTO Users VALUES (620000561,'Brooke','Bourgoin','BrookeBourgoin@gmail.com','BourgoinBrooke');
INSERT INTO Students VALUES (620000561,'UNDERGRAD','01-01-2020');
INSERT INTO Enrolled (u_id,courseCode) VALUES (620000561,'COMP2717'),(620000561,'MATH2873'),(620000561,'CHEM3888'),(620000561,'CHEM3614');
INSERT INTO Users VALUES (620000562,'Walter','Dahlheimer','WalterDahlheimer@gmail.com','DahlheimerWalter');
INSERT INTO Students VALUES (620000562,'UNDERGRAD','01-01-2020');
INSERT INTO Enrolled (u_id,courseCode) VALUES (620000562,'CHEM2697'),(620000562,'PHYS1399'),(620000562,'CHEM2604'),(620000562,'COMP2080'),(620000562,'COMP2717'),(620000562,'MATH3857');
INSERT INTO Users VALUES (620000563,'Marshall','Harms','MarshallHarms@gmail.com','HarmsMarshall');
INSERT INTO Students VALUES (620000563,'UNDERGRAD','01-01-2020');
INSERT INTO Enrolled (u_id,courseCode) VALUES (620000563,'PHYS2338'),(620000563,'BIOC1866'),(620000563,'BIOC3457'),(620000563,'BIOC2236'),(620000563,'MATH3844');
INSERT INTO Users VALUES (620000564,'Mack','Koehn','MackKoehn@gmail.com','KoehnMack');
INSERT INTO Students VALUES (620000564,'UNDERGRAD','01-01-2020');
INSERT INTO Enrolled (u_id,courseCode) VALUES (620000564,'BIOC2671'),(620000564,'COMP1184'),(620000564,'MATH1972'),(620000564,'ECON3085'),(620000564,'ECON1498'),(620000564,'BIOC2983');
INSERT INTO Users VALUES (620000565,'Samuel','Withrow','SamuelWithrow@gmail.com','WithrowSamuel');
INSERT INTO Students VALUES (620000565,'UNDERGRAD','01-01-2020');
INSERT INTO Enrolled (u_id,courseCode) VALUES (620000565,'ECON1458'),(620000565,'PHYS2448'),(620000565,'PHYS2338');
INSERT INTO Users VALUES (620000566,'Craig','Richardson','CraigRichardson@gmail.com','RichardsonCraig');
INSERT INTO Students VALUES (620000566,'UNDERGRAD','01-01-2020');
INSERT INTO Enrolled (u_id,courseCode) VALUES (620000566,'COMP2651'),(620000566,'COMP3084'),(620000566,'CHEM3327'),(620000566,'BIOC2236');
INSERT INTO Users VALUES (620000567,'Mark','Joeckel','MarkJoeckel@gmail.com','JoeckelMark');
INSERT INTO Students VALUES (620000567,'UNDERGRAD','01-01-2020');
INSERT INTO Enrolled (u_id,courseCode) VALUES (620000567,'BIOC3457'),(620000567,'MATH3544'),(620000567,'BIOC2550');
INSERT INTO Users VALUES (620000568,'Laila','Gillman','LailaGillman@gmail.com','GillmanLaila');
INSERT INTO Students VALUES (620000568,'UNDERGRAD','01-01-2020');
INSERT INTO Enrolled (u_id,courseCode) VALUES (620000568,'ECON1561'),(620000568,'INFO1825'),(620000568,'COMP3084'),(620000568,'COMP3506');
INSERT INTO Users VALUES (620000569,'Richard','Ramlall','RichardRamlall@gmail.com','RamlallRichard');
INSERT INTO Students VALUES (620000569,'UNDERGRAD','01-01-2020');
INSERT INTO Enrolled (u_id,courseCode) VALUES (620000569,'PHYS3354'),(620000569,'BIOC2236'),(620000569,'BIOC1598'),(620000569,'INFO2521'),(620000569,'COMP3238'),(620000569,'CHEM3793');
INSERT INTO Users VALUES (620000570,'Rebecca','Boyer','RebeccaBoyer@gmail.com','BoyerRebecca');
INSERT INTO Students VALUES (620000570,'UNDERGRAD','01-01-2020');
INSERT INTO Enrolled (u_id,courseCode) VALUES (620000570,'COMP1573'),(620000570,'INFO2270'),(620000570,'ECON3523'),(620000570,'MATH2188');
INSERT INTO Users VALUES (620000571,'Geraldine','Golden','GeraldineGolden@gmail.com','GoldenGeraldine');
INSERT INTO Students VALUES (620000571,'UNDERGRAD','01-01-2020');
INSERT INTO Enrolled (u_id,courseCode) VALUES (620000571,'INFO3935'),(620000571,'COMP3849'),(620000571,'CHEM2065'),(620000571,'CHEM2727');
INSERT INTO Users VALUES (620000572,'Gregory','Griffitts','GregoryGriffitts@gmail.com','GriffittsGregory');
INSERT INTO Students VALUES (620000572,'UNDERGRAD','01-01-2020');
INSERT INTO Enrolled (u_id,courseCode) VALUES (620000572,'COMP1357'),(620000572,'PHYS2338'),(620000572,'ECON3989');
INSERT INTO Users VALUES (620000573,'Chris','Congdon','ChrisCongdon@gmail.com','CongdonChris');
INSERT INTO Students VALUES (620000573,'UNDERGRAD','01-01-2020');
INSERT INTO Enrolled (u_id,courseCode) VALUES (620000573,'MATH3222'),(620000573,'CHEM2149'),(620000573,'INFO3935');
INSERT INTO Users VALUES (620000574,'Aaron','Oswalt','AaronOswalt@gmail.com','OswaltAaron');
INSERT INTO Students VALUES (620000574,'UNDERGRAD','01-01-2020');
INSERT INTO Enrolled (u_id,courseCode) VALUES (620000574,'CHEM1807'),(620000574,'COMP2965'),(620000574,'MATH1309'),(620000574,'ECON3276');
INSERT INTO Users VALUES (620000575,'Latoya','Colley','LatoyaColley@gmail.com','ColleyLatoya');
INSERT INTO Students VALUES (620000575,'UNDERGRAD','01-01-2020');
INSERT INTO Enrolled (u_id,courseCode) VALUES (620000575,'COMP1184'),(620000575,'PHYS2338'),(620000575,'COMP3167'),(620000575,'ECON3550'),(620000575,'PHYS2229'),(620000575,'PHYS3686');
INSERT INTO Users VALUES (620000576,'Adelle','Turner','AdelleTurner@gmail.com','TurnerAdelle');
INSERT INTO Students VALUES (620000576,'UNDERGRAD','01-01-2020');
INSERT INTO Enrolled (u_id,courseCode) VALUES (620000576,'CHEM3747'),(620000576,'CHEM2177'),(620000576,'INFO3645'),(620000576,'COMP3849'),(620000576,'MATH3857'),(620000576,'BIOC1534');
INSERT INTO Users VALUES (620000577,'Ed','Pere','EdPere@gmail.com','PereEd');
INSERT INTO Students VALUES (620000577,'UNDERGRAD','01-01-2020');
INSERT INTO Enrolled (u_id,courseCode) VALUES (620000577,'INFO2797'),(620000577,'INFO1833'),(620000577,'PHYS3339'),(620000577,'MATH1148');
INSERT INTO Users VALUES (620000578,'Ladawn','Carrillo','LadawnCarrillo@gmail.com','CarrilloLadawn');
INSERT INTO Students VALUES (620000578,'UNDERGRAD','01-01-2020');
INSERT INTO Enrolled (u_id,courseCode) VALUES (620000578,'PHYS2563'),(620000578,'CHEM2065'),(620000578,'MATH2555');
INSERT INTO Users VALUES (620000579,'Craig','Butler','CraigButler@gmail.com','ButlerCraig');
INSERT INTO Students VALUES (620000579,'UNDERGRAD','01-01-2020');
INSERT INTO Enrolled (u_id,courseCode) VALUES (620000579,'ECON1645'),(620000579,'ECON2345'),(620000579,'BIOC1104');
INSERT INTO Users VALUES (620000580,'Roberto','Pulley','RobertoPulley@gmail.com','PulleyRoberto');
INSERT INTO Students VALUES (620000580,'UNDERGRAD','01-01-2020');
INSERT INTO Enrolled (u_id,courseCode) VALUES (620000580,'CHEM2177'),(620000580,'PHYS2113'),(620000580,'MATH2873'),(620000580,'CHEM1485');
INSERT INTO Users VALUES (620000581,'Patsy','James','PatsyJames@gmail.com','JamesPatsy');
INSERT INTO Students VALUES (620000581,'UNDERGRAD','01-01-2020');
INSERT INTO Enrolled (u_id,courseCode) VALUES (620000581,'PHYS1993'),(620000581,'PHYS3052'),(620000581,'PHYS1979'),(620000581,'PHYS1399'),(620000581,'INFO2811'),(620000581,'COMP3084');
INSERT INTO Users VALUES (620000582,'Katie','Diggs','KatieDiggs@gmail.com','DiggsKatie');
INSERT INTO Students VALUES (620000582,'UNDERGRAD','01-01-2020');
INSERT INTO Enrolled (u_id,courseCode) VALUES (620000582,'PHYS2448'),(620000582,'PHYS1173'),(620000582,'CHEM2149'),(620000582,'COMP2361'),(620000582,'MATH3059');
INSERT INTO Users VALUES (620000583,'Kimberly','White','KimberlyWhite@gmail.com','WhiteKimberly');
INSERT INTO Students VALUES (620000583,'UNDERGRAD','01-01-2020');
INSERT INTO Enrolled (u_id,courseCode) VALUES (620000583,'BIOC1794'),(620000583,'MATH2801'),(620000583,'ECON3989'),(620000583,'MATH3059');
INSERT INTO Users VALUES (620000584,'Reggie','Crites','ReggieCrites@gmail.com','CritesReggie');
INSERT INTO Students VALUES (620000584,'UNDERGRAD','01-01-2020');
INSERT INTO Enrolled (u_id,courseCode) VALUES (620000584,'BIOC1448'),(620000584,'BIOC2236'),(620000584,'ECON3737');
INSERT INTO Users VALUES (620000585,'Antwan','Nerbonne','AntwanNerbonne@gmail.com','NerbonneAntwan');
INSERT INTO Students VALUES (620000585,'UNDERGRAD','01-01-2020');
INSERT INTO Enrolled (u_id,courseCode) VALUES (620000585,'BIOC3457'),(620000585,'CHEM2697'),(620000585,'ECON1098');
INSERT INTO Users VALUES (620000586,'Rosa','Tallent','RosaTallent@gmail.com','TallentRosa');
INSERT INTO Students VALUES (620000586,'UNDERGRAD','01-01-2020');
INSERT INTO Enrolled (u_id,courseCode) VALUES (620000586,'COMP1543'),(620000586,'MATH3029'),(620000586,'COMP3418'),(620000586,'BIOC1164');
INSERT INTO Users VALUES (620000587,'Curtis','Braun','CurtisBraun@gmail.com','BraunCurtis');
INSERT INTO Students VALUES (620000587,'UNDERGRAD','01-01-2020');
INSERT INTO Enrolled (u_id,courseCode) VALUES (620000587,'PHYS2229'),(620000587,'PHYS1173'),(620000587,'INFO1145');
INSERT INTO Users VALUES (620000588,'Deanne','Martin','DeanneMartin@gmail.com','MartinDeanne');
INSERT INTO Students VALUES (620000588,'UNDERGRAD','01-01-2020');
INSERT INTO Enrolled (u_id,courseCode) VALUES (620000588,'ECON3523'),(620000588,'ECON3020'),(620000588,'MATH3029');
INSERT INTO Users VALUES (620000589,'Antwan','Deen','AntwanDeen@gmail.com','DeenAntwan');
INSERT INTO Students VALUES (620000589,'UNDERGRAD','01-01-2020');
INSERT INTO Enrolled (u_id,courseCode) VALUES (620000589,'CHEM2797'),(620000589,'INFO2270'),(620000589,'MATH2717'),(620000589,'MATH2801');
INSERT INTO Users VALUES (620000590,'Jeanna','Wright','JeannaWright@gmail.com','WrightJeanna');
INSERT INTO Students VALUES (620000590,'UNDERGRAD','01-01-2020');
INSERT INTO Enrolled (u_id,courseCode) VALUES (620000590,'INFO2559'),(620000590,'ECON3288'),(620000590,'INFO2636');
INSERT INTO Users VALUES (620000591,'Christopher','Gondek','ChristopherGondek@gmail.com','GondekChristopher');
INSERT INTO Students VALUES (620000591,'UNDERGRAD','01-01-2020');
INSERT INTO Enrolled (u_id,courseCode) VALUES (620000591,'MATH1250'),(620000591,'BIOC2983'),(620000591,'PHYS1140');
INSERT INTO Users VALUES (620000592,'Erin','Robles','ErinRobles@gmail.com','RoblesErin');
INSERT INTO Students VALUES (620000592,'UNDERGRAD','01-01-2020');
INSERT INTO Enrolled (u_id,courseCode) VALUES (620000592,'COMP3849'),(620000592,'MATH1648'),(620000592,'BIOC2589'),(620000592,'BIOC3341'),(620000592,'MATH3613');
INSERT INTO Users VALUES (620000593,'Adelle','Griffitts','AdelleGriffitts@gmail.com','GriffittsAdelle');
INSERT INTO Students VALUES (620000593,'UNDERGRAD','01-01-2020');
INSERT INTO Enrolled (u_id,courseCode) VALUES (620000593,'CHEM2177'),(620000593,'CHEM1613'),(620000593,'MATH1454'),(620000593,'PHYS2338'),(620000593,'MATH3688'),(620000593,'CHEM2797');
INSERT INTO Users VALUES (620000594,'Stacy','Joeckel','StacyJoeckel@gmail.com','JoeckelStacy');
INSERT INTO Students VALUES (620000594,'UNDERGRAD','01-01-2020');
INSERT INTO Enrolled (u_id,courseCode) VALUES (620000594,'CHEM2066'),(620000594,'ECON3020'),(620000594,'ECON1230'),(620000594,'PHYS2448');
INSERT INTO Users VALUES (620000595,'Taylor','Russ','TaylorRuss@gmail.com','RussTaylor');
INSERT INTO Students VALUES (620000595,'UNDERGRAD','01-01-2020');
INSERT INTO Enrolled (u_id,courseCode) VALUES (620000595,'ECON1589'),(620000595,'COMP3238'),(620000595,'CHEM3614'),(620000595,'CHEM2005'),(620000595,'CHEM3409'),(620000595,'BIOC2671');
INSERT INTO Users VALUES (620000596,'Chad','White','ChadWhite@gmail.com','WhiteChad');
INSERT INTO Students VALUES (620000596,'UNDERGRAD','01-01-2020');
INSERT INTO Enrolled (u_id,courseCode) VALUES (620000596,'COMP2400'),(620000596,'COMP2965'),(620000596,'CHEM3617');
INSERT INTO Users VALUES (620000597,'Katherine','Dahlheimer','KatherineDahlheimer@gmail.com','DahlheimerKatherine');
INSERT INTO Students VALUES (620000597,'UNDERGRAD','01-01-2020');
INSERT INTO Enrolled (u_id,courseCode) VALUES (620000597,'BIOC1485'),(620000597,'CHEM2446'),(620000597,'COMP1867'),(620000597,'COMP2077'),(620000597,'CHEM2066'),(620000597,'COMP3506');
INSERT INTO Users VALUES (620000598,'Francisca','Jensen','FranciscaJensen@gmail.com','JensenFrancisca');
INSERT INTO Students VALUES (620000598,'UNDERGRAD','01-01-2020');
INSERT INTO Enrolled (u_id,courseCode) VALUES (620000598,'CHEM2867'),(620000598,'COMP2541'),(620000598,'ECON3281'),(620000598,'ECON1783');
INSERT INTO Users VALUES (620000599,'Taylor','Cochran','TaylorCochran@gmail.com','CochranTaylor');
INSERT INTO Students VALUES (620000599,'UNDERGRAD','01-01-2020');
INSERT INTO Enrolled (u_id,courseCode) VALUES (620000599,'BIOC2236'),(620000599,'PHYS3052'),(620000599,'PHYS2451'),(620000599,'COMP1357');
INSERT INTO Users VALUES (620000600,'Caroline','Bordelon','CarolineBordelon@gmail.com','BordelonCaroline');
INSERT INTO Students VALUES (620000600,'UNDERGRAD','01-01-2020');
INSERT INTO Enrolled (u_id,courseCode) VALUES (620000600,'MATH1454'),(620000600,'ECON2345'),(620000600,'PHYS2113');
INSERT INTO Users VALUES (620000601,'Joseph','Davis','JosephDavis@gmail.com','DavisJoseph');
INSERT INTO Students VALUES (620000601,'UNDERGRAD','01-01-2020');
INSERT INTO Enrolled (u_id,courseCode) VALUES (620000601,'BIOC3341'),(620000601,'MATH2067'),(620000601,'INFO2950'),(620000601,'ECON3281'),(620000601,'MATH1309');
INSERT INTO Users VALUES (620000602,'Janice','Hoffman','JaniceHoffman@gmail.com','HoffmanJanice');
INSERT INTO Students VALUES (620000602,'UNDERGRAD','01-01-2020');
INSERT INTO Enrolled (u_id,courseCode) VALUES (620000602,'PHYS2117'),(620000602,'COMP2080'),(620000602,'COMP1573'),(620000602,'COMP3047');
INSERT INTO Users VALUES (620000603,'Gilbert','Wilson','GilbertWilson@gmail.com','WilsonGilbert');
INSERT INTO Students VALUES (620000603,'UNDERGRAD','01-01-2020');
INSERT INTO Enrolled (u_id,courseCode) VALUES (620000603,'BIOC2236'),(620000603,'ECON3085'),(620000603,'COMP1867'),(620000603,'BIOC2983'),(620000603,'COMP2361'),(620000603,'BIOC1794');
INSERT INTO Users VALUES (620000604,'Eugene','Shane','EugeneShane@gmail.com','ShaneEugene');
INSERT INTO Students VALUES (620000604,'UNDERGRAD','01-01-2020');
INSERT INTO Enrolled (u_id,courseCode) VALUES (620000604,'ECON3085'),(620000604,'BIOC1052'),(620000604,'BIOC1794'),(620000604,'ECON3004'),(620000604,'ECON1783');
INSERT INTO Users VALUES (620000605,'Frances','Ebbs','FrancesEbbs@gmail.com','EbbsFrances');
INSERT INTO Students VALUES (620000605,'UNDERGRAD','01-01-2020');
INSERT INTO Enrolled (u_id,courseCode) VALUES (620000605,'COMP2400'),(620000605,'BIOC2983'),(620000605,'PHYS2448'),(620000605,'PHYS2451'),(620000605,'CHEM3888'),(620000605,'MATH2717');
INSERT INTO Users VALUES (620000606,'Chris','Cummings','ChrisCummings@gmail.com','CummingsChris');
INSERT INTO Students VALUES (620000606,'UNDERGRAD','01-01-2020');
INSERT INTO Enrolled (u_id,courseCode) VALUES (620000606,'BIOC1866'),(620000606,'MATH3059'),(620000606,'PHYS2451'),(620000606,'ECON1561'),(620000606,'INFO1648');
INSERT INTO Users VALUES (620000607,'Rene','Thomas','ReneThomas@gmail.com','ThomasRene');
INSERT INTO Students VALUES (620000607,'UNDERGRAD','01-01-2020');
INSERT INTO Enrolled (u_id,courseCode) VALUES (620000607,'MATH1578'),(620000607,'PHYS2113'),(620000607,'COMP2717'),(620000607,'INFO1990');
INSERT INTO Users VALUES (620000608,'Vivian','Monte','VivianMonte@gmail.com','MonteVivian');
INSERT INTO Students VALUES (620000608,'UNDERGRAD','01-01-2020');
INSERT INTO Enrolled (u_id,courseCode) VALUES (620000608,'ECON1996'),(620000608,'BIOC1866'),(620000608,'MATH1648'),(620000608,'BIOC2589'),(620000608,'PHYS3290');
INSERT INTO Users VALUES (620000609,'Cleveland','Robinson','ClevelandRobinson@gmail.com','RobinsonCleveland');
INSERT INTO Students VALUES (620000609,'UNDERGRAD','01-01-2020');
INSERT INTO Enrolled (u_id,courseCode) VALUES (620000609,'ECON3447'),(620000609,'ECON1498'),(620000609,'COMP1543'),(620000609,'ECON1645'),(620000609,'INFO1833'),(620000609,'ECON1170');
INSERT INTO Users VALUES (620000610,'Nicholas','Gillman','NicholasGillman@gmail.com','GillmanNicholas');
INSERT INTO Students VALUES (620000610,'UNDERGRAD','01-01-2020');
INSERT INTO Enrolled (u_id,courseCode) VALUES (620000610,'CHEM3617'),(620000610,'CHEM3793'),(620000610,'COMP1867');
INSERT INTO Users VALUES (620000611,'Tia','Deen','TiaDeen@gmail.com','DeenTia');
INSERT INTO Students VALUES (620000611,'UNDERGRAD','01-01-2020');
INSERT INTO Enrolled (u_id,courseCode) VALUES (620000611,'PHYS2113'),(620000611,'ECON2814'),(620000611,'BIOC2981'),(620000611,'CHEM3617'),(620000611,'BIOC1910'),(620000611,'PHYS3354');
INSERT INTO Users VALUES (620000612,'Rodney','Rios','RodneyRios@gmail.com','RiosRodney');
INSERT INTO Students VALUES (620000612,'UNDERGRAD','01-01-2020');
INSERT INTO Enrolled (u_id,courseCode) VALUES (620000612,'CHEM3409'),(620000612,'BIOC2981'),(620000612,'MATH3173'),(620000612,'MATH3209'),(620000612,'COMP2651'),(620000612,'MATH2555');
INSERT INTO Users VALUES (620000613,'Patricia','Vario','PatriciaVario@gmail.com','VarioPatricia');
INSERT INTO Students VALUES (620000613,'UNDERGRAD','01-01-2020');
INSERT INTO Enrolled (u_id,courseCode) VALUES (620000613,'ECON2345'),(620000613,'INFO1242'),(620000613,'ECON1230'),(620000613,'BIOC2983'),(620000613,'ECON1098');
INSERT INTO Users VALUES (620000614,'Mark','Hanks','MarkHanks@gmail.com','HanksMark');
INSERT INTO Students VALUES (620000614,'UNDERGRAD','01-01-2020');
INSERT INTO Enrolled (u_id,courseCode) VALUES (620000614,'MATH3857'),(620000614,'ECON3372'),(620000614,'PHYS3052'),(620000614,'CHEM3888');
INSERT INTO Users VALUES (620000615,'Ed','Atkins','EdAtkins@gmail.com','AtkinsEd');
INSERT INTO Students VALUES (620000615,'UNDERGRAD','01-01-2020');
INSERT INTO Enrolled (u_id,courseCode) VALUES (620000615,'INFO3935'),(620000615,'BIOC1052'),(620000615,'ECON1170');
INSERT INTO Users VALUES (620000616,'Wendell','Huffman','WendellHuffman@gmail.com','HuffmanWendell');
INSERT INTO Students VALUES (620000616,'UNDERGRAD','01-01-2020');
INSERT INTO Enrolled (u_id,courseCode) VALUES (620000616,'ECON3085'),(620000616,'ECON1645'),(620000616,'ECON3447'),(620000616,'COMP1573'),(620000616,'CHEM2031');
INSERT INTO Users VALUES (620000617,'Leticia','Jones','LeticiaJones@gmail.com','JonesLeticia');
INSERT INTO Students VALUES (620000617,'UNDERGRAD','01-01-2020');
INSERT INTO Enrolled (u_id,courseCode) VALUES (620000617,'COMP3697'),(620000617,'COMP2717'),(620000617,'BIOC2983'),(620000617,'CHEM2446'),(620000617,'CHEM2626');
INSERT INTO Users VALUES (620000618,'Charlotte','Blevins','CharlotteBlevins@gmail.com','BlevinsCharlotte');
INSERT INTO Students VALUES (620000618,'UNDERGRAD','01-01-2020');
INSERT INTO Enrolled (u_id,courseCode) VALUES (620000618,'INFO2811'),(620000618,'INFO1648'),(620000618,'BIOC1439'),(620000618,'PHYS1140'),(620000618,'PHYS2451');
INSERT INTO Users VALUES (620000619,'Katie','Williams','KatieWilliams@gmail.com','WilliamsKatie');
INSERT INTO Students VALUES (620000619,'UNDERGRAD','01-01-2020');
INSERT INTO Enrolled (u_id,courseCode) VALUES (620000619,'BIOC1866'),(620000619,'INFO1014'),(620000619,'BIOC2589');
INSERT INTO Users VALUES (620000620,'Grace','Stovall','GraceStovall@gmail.com','StovallGrace');
INSERT INTO Students VALUES (620000620,'UNDERGRAD','01-01-2020');
INSERT INTO Enrolled (u_id,courseCode) VALUES (620000620,'BIOC1485'),(620000620,'BIOC1104'),(620000620,'PHYS3787'),(620000620,'ECON3085'),(620000620,'INFO1648');
INSERT INTO Users VALUES (620000621,'Eric','Steere','EricSteere@gmail.com','SteereEric');
INSERT INTO Students VALUES (620000621,'UNDERGRAD','01-01-2020');
INSERT INTO Enrolled (u_id,courseCode) VALUES (620000621,'ECON1996'),(620000621,'COMP2717'),(620000621,'INFO2213');
INSERT INTO Users VALUES (620000622,'Grace','Merna','GraceMerna@gmail.com','MernaGrace');
INSERT INTO Students VALUES (620000622,'UNDERGRAD','01-01-2020');
INSERT INTO Enrolled (u_id,courseCode) VALUES (620000622,'ECON3281'),(620000622,'MATH1454'),(620000622,'COMP3167'),(620000622,'CHEM1613'),(620000622,'INFO1648');
INSERT INTO Users VALUES (620000623,'Scott','Carlos','ScottCarlos@gmail.com','CarlosScott');
INSERT INTO Students VALUES (620000623,'UNDERGRAD','01-01-2020');
INSERT INTO Enrolled (u_id,courseCode) VALUES (620000623,'CHEM2149'),(620000623,'INFO2337'),(620000623,'CHEM3347');
INSERT INTO Users VALUES (620000624,'Ashley','Phinney','AshleyPhinney@gmail.com','PhinneyAshley');
INSERT INTO Students VALUES (620000624,'UNDERGRAD','01-01-2020');
INSERT INTO Enrolled (u_id,courseCode) VALUES (620000624,'ECON3550'),(620000624,'MATH3544'),(620000624,'CHEM2626'),(620000624,'CHEM2177'),(620000624,'PHYS3052'),(620000624,'COMP2965');
INSERT INTO Users VALUES (620000625,'Byron','Lemieux','ByronLemieux@gmail.com','LemieuxByron');
INSERT INTO Students VALUES (620000625,'UNDERGRAD','01-01-2020');
INSERT INTO Enrolled (u_id,courseCode) VALUES (620000625,'PHYS2306'),(620000625,'BIOC1485'),(620000625,'ECON1561');
INSERT INTO Users VALUES (620000626,'Scott','Carrillo','ScottCarrillo@gmail.com','CarrilloScott');
INSERT INTO Students VALUES (620000626,'UNDERGRAD','01-01-2020');
INSERT INTO Enrolled (u_id,courseCode) VALUES (620000626,'INFO2270'),(620000626,'CHEM3614'),(620000626,'INFO1648'),(620000626,'ECON3989'),(620000626,'MATH1148');
INSERT INTO Users VALUES (620000627,'Toby','Alexander','TobyAlexander@gmail.com','AlexanderToby');
INSERT INTO Students VALUES (620000627,'UNDERGRAD','01-01-2020');
INSERT INTO Enrolled (u_id,courseCode) VALUES (620000627,'MATH1250'),(620000627,'ECON1996'),(620000627,'INFO1014'),(620000627,'CHEM2604'),(620000627,'CHEM2066');
INSERT INTO Users VALUES (620000628,'Isreal','Steinberger','IsrealSteinberger@gmail.com','SteinbergerIsreal');
INSERT INTO Students VALUES (620000628,'UNDERGRAD','01-01-2020');
INSERT INTO Enrolled (u_id,courseCode) VALUES (620000628,'ECON3737'),(620000628,'BIOC2054'),(620000628,'BIOC1910'),(620000628,'PHYS3787'),(620000628,'CHEM1340'),(620000628,'COMP3167');
INSERT INTO Users VALUES (620000629,'Kendra','Lopez','KendraLopez@gmail.com','LopezKendra');
INSERT INTO Students VALUES (620000629,'UNDERGRAD','01-01-2020');
INSERT INTO Enrolled (u_id,courseCode) VALUES (620000629,'BIOC1986'),(620000629,'INFO2950'),(620000629,'MATH1309'),(620000629,'CHEM1494'),(620000629,'ECON3085'),(620000629,'BIOC3721');
INSERT INTO Users VALUES (620000630,'Tiara','Monte','TiaraMonte@gmail.com','MonteTiara');
INSERT INTO Students VALUES (620000630,'UNDERGRAD','01-01-2020');
INSERT INTO Enrolled (u_id,courseCode) VALUES (620000630,'INFO2860'),(620000630,'ECON3228'),(620000630,'PHYS2306'),(620000630,'ECON2703'),(620000630,'ECON1230'),(620000630,'MATH3059');
INSERT INTO Users VALUES (620000631,'Brooke','Burney','BrookeBurney@gmail.com','BurneyBrooke');
INSERT INTO Students VALUES (620000631,'UNDERGRAD','01-01-2020');
INSERT INTO Enrolled (u_id,courseCode) VALUES (620000631,'COMP1051'),(620000631,'BIOC1744'),(620000631,'COMP3418');
INSERT INTO Users VALUES (620000632,'Celia','Orchard','CeliaOrchard@gmail.com','OrchardCelia');
INSERT INTO Students VALUES (620000632,'UNDERGRAD','01-01-2020');
INSERT INTO Enrolled (u_id,courseCode) VALUES (620000632,'MATH1309'),(620000632,'PHYS3729'),(620000632,'BIOC2550'),(620000632,'COMP1867'),(620000632,'MATH2957');
INSERT INTO Users VALUES (620000633,'Harold','Watson','HaroldWatson@gmail.com','WatsonHarold');
INSERT INTO Students VALUES (620000633,'UNDERGRAD','01-01-2020');
INSERT INTO Enrolled (u_id,courseCode) VALUES (620000633,'INFO3645'),(620000633,'PHYS3464'),(620000633,'MATH3173'),(620000633,'COMP1543'),(620000633,'INFO1825');
INSERT INTO Users VALUES (620000634,'Carolyn','Pearson','CarolynPearson@gmail.com','PearsonCarolyn');
INSERT INTO Students VALUES (620000634,'UNDERGRAD','01-01-2020');
INSERT INTO Enrolled (u_id,courseCode) VALUES (620000634,'ECON3020'),(620000634,'MATH2957'),(620000634,'COMP3047'),(620000634,'ECON3085'),(620000634,'ECON1170'),(620000634,'COMP3639');
INSERT INTO Users VALUES (620000635,'Miss','Walley','MissWalley@gmail.com','WalleyMiss');
INSERT INTO Students VALUES (620000635,'UNDERGRAD','01-01-2020');
INSERT INTO Enrolled (u_id,courseCode) VALUES (620000635,'INFO2337'),(620000635,'INFO3935'),(620000635,'INFO1833'),(620000635,'INFO2559'),(620000635,'BIOC2983'),(620000635,'MATH3222');
INSERT INTO Users VALUES (620000636,'Bethany','Letchworth','BethanyLetchworth@gmail.com','LetchworthBethany');
INSERT INTO Students VALUES (620000636,'UNDERGRAD','01-01-2020');
INSERT INTO Enrolled (u_id,courseCode) VALUES (620000636,'CHEM3409'),(620000636,'CHEM3888'),(620000636,'COMP3238'),(620000636,'ECON3004'),(620000636,'CHEM3747');
INSERT INTO Users VALUES (620000637,'Marjorie','Vanhamlin','MarjorieVanhamlin@gmail.com','VanhamlinMarjorie');
INSERT INTO Students VALUES (620000637,'UNDERGRAD','01-01-2020');
INSERT INTO Enrolled (u_id,courseCode) VALUES (620000637,'COMP1357'),(620000637,'PHYS3659'),(620000637,'INFO1288'),(620000637,'CHEM3347'),(620000637,'MATH3544');
INSERT INTO Users VALUES (620000638,'Denise','Mitchell','DeniseMitchell@gmail.com','MitchellDenise');
INSERT INTO Students VALUES (620000638,'UNDERGRAD','01-01-2020');
INSERT INTO Enrolled (u_id,courseCode) VALUES (620000638,'PHYS2229'),(620000638,'CHEM3617'),(620000638,'PHYS2113'),(620000638,'COMP2541'),(620000638,'PHYS2117');
INSERT INTO Users VALUES (620000639,'Elmer','Wilbanks','ElmerWilbanks@gmail.com','WilbanksElmer');
INSERT INTO Students VALUES (620000639,'UNDERGRAD','01-01-2020');
INSERT INTO Enrolled (u_id,courseCode) VALUES (620000639,'ECON3085'),(620000639,'INFO3645'),(620000639,'MATH3059'),(620000639,'BIOC1485');
INSERT INTO Users VALUES (620000640,'Rebecca','Washinski','RebeccaWashinski@gmail.com','WashinskiRebecca');
INSERT INTO Students VALUES (620000640,'UNDERGRAD','01-01-2020');
INSERT INTO Enrolled (u_id,courseCode) VALUES (620000640,'PHYS2238'),(620000640,'MATH2501'),(620000640,'CHEM3617');
INSERT INTO Users VALUES (620000641,'Bethany','Atkins','BethanyAtkins@gmail.com','AtkinsBethany');
INSERT INTO Students VALUES (620000641,'UNDERGRAD','01-01-2020');
INSERT INTO Enrolled (u_id,courseCode) VALUES (620000641,'COMP2651'),(620000641,'INFO3868'),(620000641,'INFO1990'),(620000641,'PHYS2238');
INSERT INTO Users VALUES (620000642,'Esmeralda','Martin','EsmeraldaMartin@gmail.com','MartinEsmeralda');
INSERT INTO Students VALUES (620000642,'UNDERGRAD','01-01-2020');
INSERT INTO Enrolled (u_id,courseCode) VALUES (620000642,'COMP3506'),(620000642,'CHEM2604'),(620000642,'INFO1242'),(620000642,'INFO2636');
INSERT INTO Users VALUES (620000643,'Tony','Daniels','TonyDaniels@gmail.com','DanielsTony');
INSERT INTO Students VALUES (620000643,'UNDERGRAD','01-01-2020');
INSERT INTO Enrolled (u_id,courseCode) VALUES (620000643,'COMP2080'),(620000643,'PHYS3290'),(620000643,'MATH1735'),(620000643,'PHYS2117'),(620000643,'PHYS2113'),(620000643,'PHYS2448');
INSERT INTO Users VALUES (620000644,'Willard','Duffy','WillardDuffy@gmail.com','DuffyWillard');
INSERT INTO Students VALUES (620000644,'UNDERGRAD','01-01-2020');
INSERT INTO Enrolled (u_id,courseCode) VALUES (620000644,'PHYS2338'),(620000644,'CHEM1807'),(620000644,'MATH3059');
INSERT INTO Users VALUES (620000645,'Blake','Flowers','BlakeFlowers@gmail.com','FlowersBlake');
INSERT INTO Students VALUES (620000645,'UNDERGRAD','01-01-2020');
INSERT INTO Enrolled (u_id,courseCode) VALUES (620000645,'PHYS3354'),(620000645,'MATH3857'),(620000645,'INFO2147'),(620000645,'ECON1498');
INSERT INTO Users VALUES (620000646,'Rebecca','Pulley','RebeccaPulley@gmail.com','PulleyRebecca');
INSERT INTO Students VALUES (620000646,'UNDERGRAD','01-01-2020');
INSERT INTO Enrolled (u_id,courseCode) VALUES (620000646,'ECON2345'),(620000646,'MATH3613'),(620000646,'CHEM3793');
INSERT INTO Users VALUES (620000647,'Joy','Gilman','JoyGilman@gmail.com','GilmanJoy');
INSERT INTO Students VALUES (620000647,'UNDERGRAD','01-01-2020');
INSERT INTO Enrolled (u_id,courseCode) VALUES (620000647,'ECON2345'),(620000647,'ECON3085'),(620000647,'PHYS1993'),(620000647,'PHYS2117');
INSERT INTO Users VALUES (620000648,'Jacqueline','Klein','JacquelineKlein@gmail.com','KleinJacqueline');
INSERT INTO Students VALUES (620000648,'UNDERGRAD','01-01-2020');
INSERT INTO Enrolled (u_id,courseCode) VALUES (620000648,'MATH3173'),(620000648,'BIOC3341'),(620000648,'COMP2541'),(620000648,'INFO1447'),(620000648,'CHEM3747');
INSERT INTO Users VALUES (620000649,'Nicholas','Carlyle','NicholasCarlyle@gmail.com','CarlyleNicholas');
INSERT INTO Students VALUES (620000649,'UNDERGRAD','01-01-2020');
INSERT INTO Enrolled (u_id,courseCode) VALUES (620000649,'BIOC3457'),(620000649,'INFO2860'),(620000649,'INFO2811');
INSERT INTO Users VALUES (620000650,'Francis','Gray','FrancisGray@gmail.com','GrayFrancis');
INSERT INTO Students VALUES (620000650,'UNDERGRAD','01-01-2020');
INSERT INTO Enrolled (u_id,courseCode) VALUES (620000650,'INFO1242'),(620000650,'BIOC1986'),(620000650,'BIOC3457'),(620000650,'COMP3685'),(620000650,'MATH3059'),(620000650,'ECON1996');
INSERT INTO Users VALUES (620000651,'Mary','Cummings','MaryCummings@gmail.com','CummingsMary');
INSERT INTO Students VALUES (620000651,'UNDERGRAD','01-01-2020');
INSERT INTO Enrolled (u_id,courseCode) VALUES (620000651,'MATH3844'),(620000651,'COMP3167'),(620000651,'INFO1833'),(620000651,'CHEM1613');
INSERT INTO Users VALUES (620000652,'Sean','Hamilton','SeanHamilton@gmail.com','HamiltonSean');
INSERT INTO Students VALUES (620000652,'UNDERGRAD','01-01-2020');
INSERT INTO Enrolled (u_id,courseCode) VALUES (620000652,'PHYS2977'),(620000652,'COMP3173'),(620000652,'PHYS1993'),(620000652,'ECON2345'),(620000652,'ECON3228');
INSERT INTO Users VALUES (620000653,'Samuel','Cummings','SamuelCummings@gmail.com','CummingsSamuel');
INSERT INTO Students VALUES (620000653,'UNDERGRAD','01-01-2020');
INSERT INTO Enrolled (u_id,courseCode) VALUES (620000653,'MATH2188'),(620000653,'PHYS3787'),(620000653,'PHYS2451'),(620000653,'ECON1783'),(620000653,'MATH2873');
INSERT INTO Users VALUES (620000654,'Wanda','Maione','WandaMaione@gmail.com','MaioneWanda');
INSERT INTO Students VALUES (620000654,'UNDERGRAD','01-01-2020');
INSERT INTO Enrolled (u_id,courseCode) VALUES (620000654,'COMP1460'),(620000654,'INFO2147'),(620000654,'CHEM1485'),(620000654,'INFO1990');
INSERT INTO Users VALUES (620000655,'Clifford','Miraglia','CliffordMiraglia@gmail.com','MiragliaClifford');
INSERT INTO Students VALUES (620000655,'UNDERGRAD','01-01-2020');
INSERT INTO Enrolled (u_id,courseCode) VALUES (620000655,'INFO2950'),(620000655,'BIOC1986'),(620000655,'COMP3047'),(620000655,'COMP1867'),(620000655,'MATH2873');
INSERT INTO Users VALUES (620000656,'Sadie','Cummins','SadieCummins@gmail.com','CumminsSadie');
INSERT INTO Students VALUES (620000656,'UNDERGRAD','01-01-2020');
INSERT INTO Enrolled (u_id,courseCode) VALUES (620000656,'PHYS2113'),(620000656,'ECON3281'),(620000656,'CHEM2481'),(620000656,'MATH2501'),(620000656,'INFO2811'),(620000656,'ECON2387');
INSERT INTO Users VALUES (620000657,'Lilla','Mitchell','LillaMitchell@gmail.com','MitchellLilla');
INSERT INTO Students VALUES (620000657,'UNDERGRAD','01-01-2020');
INSERT INTO Enrolled (u_id,courseCode) VALUES (620000657,'MATH1735'),(620000657,'BIOC3604'),(620000657,'PHYS1399'),(620000657,'CHEM1340'),(620000657,'BIOC3230'),(620000657,'CHEM1494');
INSERT INTO Users VALUES (620000658,'Rhonda','Hunt','RhondaHunt@gmail.com','HuntRhonda');
INSERT INTO Students VALUES (620000658,'UNDERGRAD','01-01-2020');
INSERT INTO Enrolled (u_id,courseCode) VALUES (620000658,'PHYS1173'),(620000658,'MATH3688'),(620000658,'BIOC1485'),(620000658,'MATH2555'),(620000658,'PHYS3464'),(620000658,'BIOC2671');
INSERT INTO Users VALUES (620000659,'Krista','Gillman','KristaGillman@gmail.com','GillmanKrista');
INSERT INTO Students VALUES (620000659,'UNDERGRAD','01-01-2020');
INSERT INTO Enrolled (u_id,courseCode) VALUES (620000659,'ECON1996'),(620000659,'COMP3047'),(620000659,'CHEM3617'),(620000659,'INFO2813'),(620000659,'INFO2950');
INSERT INTO Users VALUES (620000660,'Vanessa','Winner','VanessaWinner@gmail.com','WinnerVanessa');
INSERT INTO Students VALUES (620000660,'UNDERGRAD','01-01-2020');
INSERT INTO Enrolled (u_id,courseCode) VALUES (620000660,'BIOC1104'),(620000660,'BIOC1744'),(620000660,'INFO1288'),(620000660,'COMP3167');
INSERT INTO Users VALUES (620000661,'Tim','Bourgoin','TimBourgoin@gmail.com','BourgoinTim');
INSERT INTO Students VALUES (620000661,'UNDERGRAD','01-01-2020');
INSERT INTO Enrolled (u_id,courseCode) VALUES (620000661,'CHEM1613'),(620000661,'MATH1578'),(620000661,'COMP2717');
INSERT INTO Users VALUES (620000662,'Dean','Butcher','DeanButcher@gmail.com','ButcherDean');
INSERT INTO Students VALUES (620000662,'UNDERGRAD','01-01-2020');
INSERT INTO Enrolled (u_id,courseCode) VALUES (620000662,'ECON1498'),(620000662,'COMP3536'),(620000662,'ECON3020'),(620000662,'PHYS1140');
INSERT INTO Users VALUES (620000663,'Roberta','Johnson','RobertaJohnson@gmail.com','JohnsonRoberta');
INSERT INTO Students VALUES (620000663,'UNDERGRAD','01-01-2020');
INSERT INTO Enrolled (u_id,courseCode) VALUES (620000663,'INFO2813'),(620000663,'MATH1578'),(620000663,'ECON3311'),(620000663,'ECON3085');
INSERT INTO Users VALUES (620000664,'Jimmy','Larry','JimmyLarry@gmail.com','LarryJimmy');
INSERT INTO Students VALUES (620000664,'UNDERGRAD','01-01-2020');
INSERT INTO Enrolled (u_id,courseCode) VALUES (620000664,'COMP3536'),(620000664,'ECON3523'),(620000664,'MATH2555'),(620000664,'CHEM3347'),(620000664,'CHEM3793'),(620000664,'PHYS3787');
INSERT INTO Users VALUES (620000665,'Ernesto','Lindstrom','ErnestoLindstrom@gmail.com','LindstromErnesto');
INSERT INTO Students VALUES (620000665,'UNDERGRAD','01-01-2020');
INSERT INTO Enrolled (u_id,courseCode) VALUES (620000665,'MATH1454'),(620000665,'BIOC1986'),(620000665,'BIOC1598');
INSERT INTO Users VALUES (620000666,'Shirley','Burney','ShirleyBurney@gmail.com','BurneyShirley');
INSERT INTO Students VALUES (620000666,'UNDERGRAD','01-01-2020');
INSERT INTO Enrolled (u_id,courseCode) VALUES (620000666,'MATH2801'),(620000666,'INFO2950'),(620000666,'COMP3639'),(620000666,'MATH1578'),(620000666,'MATH2067'),(620000666,'PHYS2977');
INSERT INTO Users VALUES (620000667,'Lisa','Miraglia','LisaMiraglia@gmail.com','MiragliaLisa');
INSERT INTO Students VALUES (620000667,'UNDERGRAD','01-01-2020');
INSERT INTO Enrolled (u_id,courseCode) VALUES (620000667,'COMP2077'),(620000667,'INFO3868'),(620000667,'INFO2716');
INSERT INTO Users VALUES (620000668,'Vanessa','Schilling','VanessaSchilling@gmail.com','SchillingVanessa');
INSERT INTO Students VALUES (620000668,'UNDERGRAD','01-01-2020');
INSERT INTO Enrolled (u_id,courseCode) VALUES (620000668,'BIOC2671'),(620000668,'ECON1170'),(620000668,'PHYS1399');
INSERT INTO Users VALUES (620000669,'Ben','Mccarthy','BenMccarthy@gmail.com','MccarthyBen');
INSERT INTO Students VALUES (620000669,'UNDERGRAD','01-01-2020');
INSERT INTO Enrolled (u_id,courseCode) VALUES (620000669,'ECON1098'),(620000669,'ECON3276'),(620000669,'COMP3084');
INSERT INTO Users VALUES (620000670,'Sadie','Lundholm','SadieLundholm@gmail.com','LundholmSadie');
INSERT INTO Students VALUES (620000670,'UNDERGRAD','01-01-2020');
INSERT INTO Enrolled (u_id,courseCode) VALUES (620000670,'CHEM3793'),(620000670,'CHEM3617'),(620000670,'BIOC2550'),(620000670,'COMP3238'),(620000670,'BIOC1725');
INSERT INTO Users VALUES (620000671,'Terri','Winner','TerriWinner@gmail.com','WinnerTerri');
INSERT INTO Students VALUES (620000671,'UNDERGRAD','01-01-2020');
INSERT INTO Enrolled (u_id,courseCode) VALUES (620000671,'CHEM3793'),(620000671,'ECON3523'),(620000671,'MATH3173'),(620000671,'INFO3603'),(620000671,'MATH1638');
INSERT INTO Users VALUES (620000672,'Krista','Howe','KristaHowe@gmail.com','HoweKrista');
INSERT INTO Students VALUES (620000672,'UNDERGRAD','01-01-2020');
INSERT INTO Enrolled (u_id,courseCode) VALUES (620000672,'MATH3029'),(620000672,'MATH3222'),(620000672,'INFO2521'),(620000672,'ECON1498'),(620000672,'CHEM2005'),(620000672,'INFO2860');
INSERT INTO Users VALUES (620000673,'Lisa','Hawkins','LisaHawkins@gmail.com','HawkinsLisa');
INSERT INTO Students VALUES (620000673,'UNDERGRAD','01-01-2020');
INSERT INTO Enrolled (u_id,courseCode) VALUES (620000673,'MATH3857'),(620000673,'CHEM3793'),(620000673,'PHYS1399'),(620000673,'ECON3737'),(620000673,'ECON1561');
INSERT INTO Users VALUES (620000674,'Rachel','Danker','RachelDanker@gmail.com','DankerRachel');
INSERT INTO Students VALUES (620000674,'UNDERGRAD','01-01-2020');
INSERT INTO Enrolled (u_id,courseCode) VALUES (620000674,'COMP3685'),(620000674,'PHYS1930'),(620000674,'COMP2965'),(620000674,'PHYS3876'),(620000674,'BIOC3604');
INSERT INTO Users VALUES (620000675,'Don','Mcclain','DonMcclain@gmail.com','McclainDon');
INSERT INTO Students VALUES (620000675,'UNDERGRAD','01-01-2020');
INSERT INTO Enrolled (u_id,courseCode) VALUES (620000675,'COMP3697'),(620000675,'ECON2345'),(620000675,'CHEM3614'),(620000675,'BIOC1104');
INSERT INTO Users VALUES (620000676,'Marcus','Orchard','MarcusOrchard@gmail.com','OrchardMarcus');
INSERT INTO Students VALUES (620000676,'UNDERGRAD','01-01-2020');
INSERT INTO Enrolled (u_id,courseCode) VALUES (620000676,'MATH2188'),(620000676,'BIOC2550'),(620000676,'INFO3935'),(620000676,'INFO2716');
INSERT INTO Users VALUES (620000677,'Carolyn','Tirabassi','CarolynTirabassi@gmail.com','TirabassiCarolyn');
INSERT INTO Students VALUES (620000677,'UNDERGRAD','01-01-2020');
INSERT INTO Enrolled (u_id,courseCode) VALUES (620000677,'COMP3697'),(620000677,'MATH3209'),(620000677,'CHEM2177'),(620000677,'BIOC1448'),(620000677,'MATH3173');
INSERT INTO Users VALUES (620000678,'Ruth','Gillman','RuthGillman@gmail.com','GillmanRuth');
INSERT INTO Students VALUES (620000678,'UNDERGRAD','01-01-2020');
INSERT INTO Enrolled (u_id,courseCode) VALUES (620000678,'CHEM2065'),(620000678,'ECON3989'),(620000678,'COMP3418');
INSERT INTO Users VALUES (620000679,'Charles','Lindstrom','CharlesLindstrom@gmail.com','LindstromCharles');
INSERT INTO Students VALUES (620000679,'UNDERGRAD','01-01-2020');
INSERT INTO Enrolled (u_id,courseCode) VALUES (620000679,'BIOC2671'),(620000679,'MATH2188'),(620000679,'MATH1648');
INSERT INTO Users VALUES (620000680,'Eunice','Robles','EuniceRobles@gmail.com','RoblesEunice');
INSERT INTO Students VALUES (620000680,'UNDERGRAD','01-01-2020');
INSERT INTO Enrolled (u_id,courseCode) VALUES (620000680,'PHYS2229'),(620000680,'MATH3688'),(620000680,'COMP2077'),(620000680,'MATH2957'),(620000680,'INFO3868'),(620000680,'MATH3173');
INSERT INTO Users VALUES (620000681,'Willie','Bourgoin','WillieBourgoin@gmail.com','BourgoinWillie');
INSERT INTO Students VALUES (620000681,'UNDERGRAD','01-01-2020');
INSERT INTO Enrolled (u_id,courseCode) VALUES (620000681,'MATH1648'),(620000681,'ECON2703'),(620000681,'PHYS3052'),(620000681,'COMP3418'),(620000681,'ECON3276');
INSERT INTO Users VALUES (620000682,'Walter','Rice','WalterRice@gmail.com','RiceWalter');
INSERT INTO Students VALUES (620000682,'UNDERGRAD','01-01-2020');
INSERT INTO Enrolled (u_id,courseCode) VALUES (620000682,'ECON3311'),(620000682,'MATH3179'),(620000682,'INFO1833');
INSERT INTO Users VALUES (620000683,'Kim','Russ','KimRuss@gmail.com','RussKim');
INSERT INTO Students VALUES (620000683,'UNDERGRAD','01-01-2020');
INSERT INTO Enrolled (u_id,courseCode) VALUES (620000683,'MATH1454'),(620000683,'MATH1262'),(620000683,'BIOC2981'),(620000683,'INFO3636');
INSERT INTO Users VALUES (620000684,'Warren','Garrett','WarrenGarrett@gmail.com','GarrettWarren');
INSERT INTO Students VALUES (620000684,'UNDERGRAD','01-01-2020');
INSERT INTO Enrolled (u_id,courseCode) VALUES (620000684,'MATH1638'),(620000684,'ECON1498'),(620000684,'PHYS2306'),(620000684,'BIOC2589'),(620000684,'CHEM3347'),(620000684,'ECON3989');
INSERT INTO Users VALUES (620000685,'Glenda','Bras','GlendaBras@gmail.com','BrasGlenda');
INSERT INTO Students VALUES (620000685,'UNDERGRAD','01-01-2020');
INSERT INTO Enrolled (u_id,courseCode) VALUES (620000685,'PHYS1399'),(620000685,'COMP1460'),(620000685,'ECON1170'),(620000685,'CHEM2220');
INSERT INTO Users VALUES (620000686,'Greg','Morey','GregMorey@gmail.com','MoreyGreg');
INSERT INTO Students VALUES (620000686,'UNDERGRAD','01-01-2020');
INSERT INTO Enrolled (u_id,courseCode) VALUES (620000686,'CHEM3617'),(620000686,'BIOC1744'),(620000686,'ECON2345');
INSERT INTO Users VALUES (620000687,'Anderson','Chan','AndersonChan@gmail.com','ChanAnderson');
INSERT INTO Students VALUES (620000687,'UNDERGRAD','01-01-2020');
INSERT INTO Enrolled (u_id,courseCode) VALUES (620000687,'MATH2555'),(620000687,'BIOC3191'),(620000687,'COMP2080'),(620000687,'BIOC2054');
INSERT INTO Users VALUES (620000688,'Timothy','Bras','TimothyBras@gmail.com','BrasTimothy');
INSERT INTO Students VALUES (620000688,'UNDERGRAD','01-01-2020');
INSERT INTO Enrolled (u_id,courseCode) VALUES (620000688,'MATH1262'),(620000688,'BIOC3191'),(620000688,'INFO2337'),(620000688,'PHYS2977');
INSERT INTO Users VALUES (620000689,'Cheryl','Gray','CherylGray@gmail.com','GrayCheryl');
INSERT INTO Students VALUES (620000689,'UNDERGRAD','01-01-2020');
INSERT INTO Enrolled (u_id,courseCode) VALUES (620000689,'PHYS3052'),(620000689,'BIOC1439'),(620000689,'MATH3844');
INSERT INTO Users VALUES (620000690,'Toby','Citizen','TobyCitizen@gmail.com','CitizenToby');
INSERT INTO Students VALUES (620000690,'UNDERGRAD','01-01-2020');
INSERT INTO Enrolled (u_id,courseCode) VALUES (620000690,'ECON2703'),(620000690,'COMP2361'),(620000690,'CHEM2867'),(620000690,'ECON3276'),(620000690,'PHYS2451'),(620000690,'ECON3228');
INSERT INTO Users VALUES (620000691,'Eunice','Best','EuniceBest@gmail.com','BestEunice');
INSERT INTO Students VALUES (620000691,'UNDERGRAD','01-01-2020');
INSERT INTO Enrolled (u_id,courseCode) VALUES (620000691,'CHEM2065'),(620000691,'CHEM1485'),(620000691,'MATH3029'),(620000691,'MATH2188');
INSERT INTO Users VALUES (620000692,'Hector','Davis','HectorDavis@gmail.com','DavisHector');
INSERT INTO Students VALUES (620000692,'UNDERGRAD','01-01-2020');
INSERT INTO Enrolled (u_id,courseCode) VALUES (620000692,'CHEM2031'),(620000692,'ECON3281'),(620000692,'INFO2950');
INSERT INTO Users VALUES (620000693,'Sheila','Moldrem','SheilaMoldrem@gmail.com','MoldremSheila');
INSERT INTO Students VALUES (620000693,'UNDERGRAD','01-01-2020');
INSERT INTO Enrolled (u_id,courseCode) VALUES (620000693,'INFO1145'),(620000693,'ECON3550'),(620000693,'MATH2555'),(620000693,'ECON1498'),(620000693,'ECON1170');
INSERT INTO Users VALUES (620000694,'Philip','Gilman','PhilipGilman@gmail.com','GilmanPhilip');
INSERT INTO Students VALUES (620000694,'UNDERGRAD','01-01-2020');
INSERT INTO Enrolled (u_id,courseCode) VALUES (620000694,'INFO2716'),(620000694,'COMP3639'),(620000694,'COMP3685'),(620000694,'COMP3418'),(620000694,'INFO2860');
INSERT INTO Users VALUES (620000695,'Dean','Klein','DeanKlein@gmail.com','KleinDean');
INSERT INTO Students VALUES (620000695,'UNDERGRAD','01-01-2020');
INSERT INTO Enrolled (u_id,courseCode) VALUES (620000695,'BIOC1164'),(620000695,'INFO2813'),(620000695,'INFO1145'),(620000695,'PHYS3354'),(620000695,'CHEM3054'),(620000695,'ECON1498');
INSERT INTO Users VALUES (620000696,'Gabriel','Scarbrough','GabrielScarbrough@gmail.com','ScarbroughGabriel');
INSERT INTO Students VALUES (620000696,'UNDERGRAD','01-01-2020');
INSERT INTO Enrolled (u_id,courseCode) VALUES (620000696,'INFO1833'),(620000696,'INFO3603'),(620000696,'PHYS1173'),(620000696,'CHEM2446'),(620000696,'COMP2651'),(620000696,'BIOC2983');
INSERT INTO Users VALUES (620000697,'Hector','Carrington','HectorCarrington@gmail.com','CarringtonHector');
INSERT INTO Students VALUES (620000697,'UNDERGRAD','01-01-2020');
INSERT INTO Enrolled (u_id,courseCode) VALUES (620000697,'COMP3639'),(620000697,'ECON3020'),(620000697,'INFO1833');
INSERT INTO Users VALUES (620000698,'Alfred','Hauser','AlfredHauser@gmail.com','HauserAlfred');
INSERT INTO Students VALUES (620000698,'UNDERGRAD','01-01-2020');
INSERT INTO Enrolled (u_id,courseCode) VALUES (620000698,'CHEM3793'),(620000698,'BIOC2589'),(620000698,'BIOC1104');
INSERT INTO Users VALUES (620000699,'Sadie','Butcher','SadieButcher@gmail.com','ButcherSadie');
INSERT INTO Students VALUES (620000699,'UNDERGRAD','01-01-2020');
INSERT INTO Enrolled (u_id,courseCode) VALUES (620000699,'ECON1589'),(620000699,'PHYS3464'),(620000699,'INFO1288'),(620000699,'INFO2636'),(620000699,'ECON3372'),(620000699,'ECON3288');
INSERT INTO Users VALUES (620000700,'Wilbur','Kaupp','WilburKaupp@gmail.com','KauppWilbur');
INSERT INTO Students VALUES (620000700,'UNDERGRAD','01-01-2020');
INSERT INTO Enrolled (u_id,courseCode) VALUES (620000700,'CHEM2727'),(620000700,'CHEM3347'),(620000700,'CHEM2604');
INSERT INTO Users VALUES (620000701,'Magdalen','English','MagdalenEnglish@gmail.com','EnglishMagdalen');
INSERT INTO Students VALUES (620000701,'UNDERGRAD','01-01-2020');
INSERT INTO Enrolled (u_id,courseCode) VALUES (620000701,'BIOC1104'),(620000701,'BIOC1910'),(620000701,'BIOC2550');
INSERT INTO Users VALUES (620000702,'Sharon','Shane','SharonShane@gmail.com','ShaneSharon');
INSERT INTO Students VALUES (620000702,'UNDERGRAD','01-01-2020');
INSERT INTO Enrolled (u_id,courseCode) VALUES (620000702,'COMP2965'),(620000702,'CHEM3409'),(620000702,'COMP3047'),(620000702,'BIOC2589');
INSERT INTO Users VALUES (620000703,'Neal','Amberg','NealAmberg@gmail.com','AmbergNeal');
INSERT INTO Students VALUES (620000703,'UNDERGRAD','01-01-2020');
INSERT INTO Enrolled (u_id,courseCode) VALUES (620000703,'CHEM2604'),(620000703,'INFO2213'),(620000703,'INFO3603'),(620000703,'INFO1447'),(620000703,'PHYS3464'),(620000703,'CHEM2626');
INSERT INTO Users VALUES (620000704,'Lorenza','Bourgoin','LorenzaBourgoin@gmail.com','BourgoinLorenza');
INSERT INTO Students VALUES (620000704,'UNDERGRAD','01-01-2020');
INSERT INTO Enrolled (u_id,courseCode) VALUES (620000704,'CHEM2697'),(620000704,'COMP1573'),(620000704,'BIOC1485'),(620000704,'ECON1645'),(620000704,'INFO1990'),(620000704,'ECON3085');
INSERT INTO Users VALUES (620000705,'Curtis','Noggle','CurtisNoggle@gmail.com','NoggleCurtis');
INSERT INTO Students VALUES (620000705,'UNDERGRAD','01-01-2020');
INSERT INTO Enrolled (u_id,courseCode) VALUES (620000705,'BIOC3341'),(620000705,'BIOC1485'),(620000705,'INFO3868'),(620000705,'COMP3084'),(620000705,'BIOC1439');
INSERT INTO Users VALUES (620000706,'Wayne','Vineyard','WayneVineyard@gmail.com','VineyardWayne');
INSERT INTO Students VALUES (620000706,'UNDERGRAD','01-01-2020');
INSERT INTO Enrolled (u_id,courseCode) VALUES (620000706,'MATH2717'),(620000706,'BIOC2550'),(620000706,'CHEM2177'),(620000706,'CHEM2066');
INSERT INTO Users VALUES (620000707,'Catherine','Rankin','CatherineRankin@gmail.com','RankinCatherine');
INSERT INTO Students VALUES (620000707,'UNDERGRAD','01-01-2020');
INSERT INTO Enrolled (u_id,courseCode) VALUES (620000707,'COMP1573'),(620000707,'INFO2213'),(620000707,'MATH3179');
INSERT INTO Users VALUES (620000708,'Sean','Pantoja','SeanPantoja@gmail.com','PantojaSean');
INSERT INTO Students VALUES (620000708,'UNDERGRAD','01-01-2020');
INSERT INTO Enrolled (u_id,courseCode) VALUES (620000708,'MATH2188'),(620000708,'PHYS2667'),(620000708,'BIOC1598'),(620000708,'BIOC3230'),(620000708,'CHEM1340'),(620000708,'PHYS2117');
INSERT INTO Users VALUES (620000709,'Doris','Banks','DorisBanks@gmail.com','BanksDoris');
INSERT INTO Students VALUES (620000709,'UNDERGRAD','01-01-2020');
INSERT INTO Enrolled (u_id,courseCode) VALUES (620000709,'MATH3029'),(620000709,'BIOC2054'),(620000709,'INFO1014'),(620000709,'COMP3167');
INSERT INTO Users VALUES (620000710,'Marjorie','Fields','MarjorieFields@gmail.com','FieldsMarjorie');
INSERT INTO Students VALUES (620000710,'UNDERGRAD','01-01-2020');
INSERT INTO Enrolled (u_id,courseCode) VALUES (620000710,'BIOC3721'),(620000710,'INFO1288'),(620000710,'COMP2077'),(620000710,'BIOC3230');
INSERT INTO Users VALUES (620000711,'James','Cannon','JamesCannon@gmail.com','CannonJames');
INSERT INTO Students VALUES (620000711,'UNDERGRAD','01-01-2020');
INSERT INTO Enrolled (u_id,courseCode) VALUES (620000711,'INFO1833'),(620000711,'BIOC1986'),(620000711,'INFO2813'),(620000711,'ECON3737');
INSERT INTO Users VALUES (620000712,'Beverly','Lowry','BeverlyLowry@gmail.com','LowryBeverly');
INSERT INTO Students VALUES (620000712,'UNDERGRAD','01-01-2020');
INSERT INTO Enrolled (u_id,courseCode) VALUES (620000712,'BIOC1052'),(620000712,'BIOC3191'),(620000712,'BIOC2981'),(620000712,'INFO2860'),(620000712,'MATH1148');
INSERT INTO Users VALUES (620000713,'Stephen','Oconnell','StephenOconnell@gmail.com','OconnellStephen');
INSERT INTO Students VALUES (620000713,'UNDERGRAD','01-01-2020');
INSERT INTO Enrolled (u_id,courseCode) VALUES (620000713,'PHYS3659'),(620000713,'ECON3550'),(620000713,'INFO3935'),(620000713,'COMP2077'),(620000713,'MATH3613');
INSERT INTO Users VALUES (620000714,'Betty','Barron','BettyBarron@gmail.com','BarronBetty');
INSERT INTO Students VALUES (620000714,'UNDERGRAD','01-01-2020');
INSERT INTO Enrolled (u_id,courseCode) VALUES (620000714,'PHYS1140'),(620000714,'ECON3063'),(620000714,'BIOC1448'),(620000714,'INFO3868');
INSERT INTO Users VALUES (620000715,'Stanley','King','StanleyKing@gmail.com','KingStanley');
INSERT INTO Students VALUES (620000715,'UNDERGRAD','01-01-2020');
INSERT INTO Enrolled (u_id,courseCode) VALUES (620000715,'MATH3209'),(620000715,'BIOC1448'),(620000715,'BIOC1725'),(620000715,'MATH3059'),(620000715,'CHEM2727');
INSERT INTO Users VALUES (620000716,'Iris','Deen','IrisDeen@gmail.com','DeenIris');
INSERT INTO Students VALUES (620000716,'UNDERGRAD','01-01-2020');
INSERT INTO Enrolled (u_id,courseCode) VALUES (620000716,'CHEM1485'),(620000716,'INFO1288'),(620000716,'MATH3222'),(620000716,'CHEM1494');
INSERT INTO Users VALUES (620000717,'Don','Dahlheimer','DonDahlheimer@gmail.com','DahlheimerDon');
INSERT INTO Students VALUES (620000717,'UNDERGRAD','01-01-2020');
INSERT INTO Enrolled (u_id,courseCode) VALUES (620000717,'ECON1098'),(620000717,'CHEM3054'),(620000717,'MATH3613');
INSERT INTO Users VALUES (620000718,'Jamison','Aybar','JamisonAybar@gmail.com','AybarJamison');
INSERT INTO Students VALUES (620000718,'UNDERGRAD','01-01-2020');
INSERT INTO Enrolled (u_id,courseCode) VALUES (620000718,'MATH1454'),(620000718,'CHEM2066'),(620000718,'COMP2080');
INSERT INTO Users VALUES (620000719,'Kasey','Jefferson','KaseyJefferson@gmail.com','JeffersonKasey');
INSERT INTO Students VALUES (620000719,'UNDERGRAD','01-01-2020');
INSERT INTO Enrolled (u_id,courseCode) VALUES (620000719,'BIOC3341'),(620000719,'MATH3179'),(620000719,'BIOC1725'),(620000719,'INFO2716');
INSERT INTO Users VALUES (620000720,'Hector','Wurdeman','HectorWurdeman@gmail.com','WurdemanHector');
INSERT INTO Students VALUES (620000720,'UNDERGRAD','01-01-2020');
INSERT INTO Enrolled (u_id,courseCode) VALUES (620000720,'ECON1170'),(620000720,'PHYS2238'),(620000720,'INFO1990'),(620000720,'ECON3311'),(620000720,'ECON2722'),(620000720,'COMP3639');
INSERT INTO Users VALUES (620000721,'Warren','Merna','WarrenMerna@gmail.com','MernaWarren');
INSERT INTO Students VALUES (620000721,'UNDERGRAD','01-01-2020');
INSERT INTO Enrolled (u_id,courseCode) VALUES (620000721,'COMP3084'),(620000721,'COMP1184'),(620000721,'INFO1145'),(620000721,'MATH2067'),(620000721,'PHYS2667'),(620000721,'ECON3020');
INSERT INTO Users VALUES (620000722,'Luella','Larry','LuellaLarry@gmail.com','LarryLuella');
INSERT INTO Students VALUES (620000722,'UNDERGRAD','01-01-2020');
INSERT INTO Enrolled (u_id,courseCode) VALUES (620000722,'COMP2541'),(620000722,'PHYS3354'),(620000722,'COMP3536'),(620000722,'COMP1543'),(620000722,'ECON3737');
INSERT INTO Users VALUES (620000723,'Dwayne','Vineyard','DwayneVineyard@gmail.com','VineyardDwayne');
INSERT INTO Students VALUES (620000723,'UNDERGRAD','01-01-2020');
INSERT INTO Enrolled (u_id,courseCode) VALUES (620000723,'COMP2077'),(620000723,'BIOC2550'),(620000723,'ECON1996');
INSERT INTO Users VALUES (620000724,'Delia','Christenberry','DeliaChristenberry@gmail.com','ChristenberryDelia');
INSERT INTO Students VALUES (620000724,'UNDERGRAD','01-01-2020');
INSERT INTO Enrolled (u_id,courseCode) VALUES (620000724,'BIOC1910'),(620000724,'INFO1648'),(620000724,'BIOC1439'),(620000724,'INFO2716'),(620000724,'ECON3004'),(620000724,'MATH2717');
INSERT INTO Users VALUES (620000725,'Rodney','Pantoja','RodneyPantoja@gmail.com','PantojaRodney');
INSERT INTO Students VALUES (620000725,'UNDERGRAD','01-01-2020');
INSERT INTO Enrolled (u_id,courseCode) VALUES (620000725,'ECON1589'),(620000725,'MATH2501'),(620000725,'BIOC1866'),(620000725,'MATH2957'),(620000725,'CHEM2149'),(620000725,'MATH3059');
INSERT INTO Users VALUES (620000726,'Jewell','Evans','JewellEvans@gmail.com','EvansJewell');
INSERT INTO Students VALUES (620000726,'UNDERGRAD','01-01-2020');
INSERT INTO Enrolled (u_id,courseCode) VALUES (620000726,'MATH2801'),(620000726,'CHEM2065'),(620000726,'CHEM3409'),(620000726,'MATH3209'),(620000726,'INFO1648'),(620000726,'INFO2521');
INSERT INTO Users VALUES (620000727,'Melodie','Scully','MelodieScully@gmail.com','ScullyMelodie');
INSERT INTO Students VALUES (620000727,'UNDERGRAD','01-01-2020');
INSERT INTO Enrolled (u_id,courseCode) VALUES (620000727,'INFO2270'),(620000727,'PHYS2306'),(620000727,'COMP2077'),(620000727,'ECON1230'),(620000727,'COMP3506');
INSERT INTO Users VALUES (620000728,'Antionette','Uribe','AntionetteUribe@gmail.com','UribeAntionette');
INSERT INTO Students VALUES (620000728,'UNDERGRAD','01-01-2020');
INSERT INTO Enrolled (u_id,courseCode) VALUES (620000728,'COMP3849'),(620000728,'MATH1735'),(620000728,'INFO1825'),(620000728,'BIOC1485');
INSERT INTO Users VALUES (620000729,'Keith','Reyes','KeithReyes@gmail.com','ReyesKeith');
INSERT INTO Students VALUES (620000729,'UNDERGRAD','01-01-2020');
INSERT INTO Enrolled (u_id,courseCode) VALUES (620000729,'ECON1561'),(620000729,'BIOC2236'),(620000729,'ECON3550'),(620000729,'CHEM3747'),(620000729,'CHEM2149');
INSERT INTO Users VALUES (620000730,'Tia','Dunn','TiaDunn@gmail.com','DunnTia');
INSERT INTO Students VALUES (620000730,'UNDERGRAD','01-01-2020');
INSERT INTO Enrolled (u_id,courseCode) VALUES (620000730,'PHYS3659'),(620000730,'COMP1460'),(620000730,'BIOC1866');
INSERT INTO Users VALUES (620000731,'Joan','Swan','JoanSwan@gmail.com','SwanJoan');
INSERT INTO Students VALUES (620000731,'UNDERGRAD','01-01-2020');
INSERT INTO Enrolled (u_id,courseCode) VALUES (620000731,'PHYS1399'),(620000731,'MATH3688'),(620000731,'COMP3746'),(620000731,'INFO1990'),(620000731,'CHEM2066'),(620000731,'ECON3085');
INSERT INTO Users VALUES (620000732,'Brian','Garnes','BrianGarnes@gmail.com','GarnesBrian');
INSERT INTO Students VALUES (620000732,'UNDERGRAD','01-01-2020');
INSERT INTO Enrolled (u_id,courseCode) VALUES (620000732,'COMP1357'),(620000732,'COMP3746'),(620000732,'ECON3281'),(620000732,'INFO1990'),(620000732,'COMP3047');
INSERT INTO Users VALUES (620000733,'Taylor','Fuller','TaylorFuller@gmail.com','FullerTaylor');
INSERT INTO Students VALUES (620000733,'UNDERGRAD','01-01-2020');
INSERT INTO Enrolled (u_id,courseCode) VALUES (620000733,'BIOC2550'),(620000733,'PHYS3729'),(620000733,'PHYS3339'),(620000733,'CHEM2220');
INSERT INTO Users VALUES (620000734,'Willard','Wengerd','WillardWengerd@gmail.com','WengerdWillard');
INSERT INTO Students VALUES (620000734,'UNDERGRAD','01-01-2020');
INSERT INTO Enrolled (u_id,courseCode) VALUES (620000734,'ECON1458'),(620000734,'PHYS3686'),(620000734,'BIOC1598');
INSERT INTO Users VALUES (620000735,'Dale','Eaton','DaleEaton@gmail.com','EatonDale');
INSERT INTO Students VALUES (620000735,'UNDERGRAD','01-01-2020');
INSERT INTO Enrolled (u_id,courseCode) VALUES (620000735,'COMP3506'),(620000735,'PHYS2448'),(620000735,'ECON2703'),(620000735,'CHEM2065'),(620000735,'COMP1184');
INSERT INTO Users VALUES (620000736,'Sheila','Jesse','SheilaJesse@gmail.com','JesseSheila');
INSERT INTO Students VALUES (620000736,'UNDERGRAD','01-01-2020');
INSERT INTO Enrolled (u_id,courseCode) VALUES (620000736,'CHEM3347'),(620000736,'MATH2188'),(620000736,'ECON3311'),(620000736,'BIOC1052'),(620000736,'PHYS2977'),(620000736,'BIOC3721');
INSERT INTO Users VALUES (620000737,'Holly','Eaton','HollyEaton@gmail.com','EatonHolly');
INSERT INTO Students VALUES (620000737,'UNDERGRAD','01-01-2020');
INSERT INTO Enrolled (u_id,courseCode) VALUES (620000737,'ECON1561'),(620000737,'COMP1051'),(620000737,'CHEM3327'),(620000737,'MATH2555'),(620000737,'BIOC1104'),(620000737,'CHEM2066');
INSERT INTO Users VALUES (620000738,'Susan','Jackson','SusanJackson@gmail.com','JacksonSusan');
INSERT INTO Students VALUES (620000738,'UNDERGRAD','01-01-2020');
INSERT INTO Enrolled (u_id,courseCode) VALUES (620000738,'BIOC1910'),(620000738,'INFO1242'),(620000738,'BIOC3341'),(620000738,'COMP1460'),(620000738,'BIOC2054'),(620000738,'COMP1867');
INSERT INTO Users VALUES (620000739,'Gordon','Cochran','GordonCochran@gmail.com','CochranGordon');
INSERT INTO Students VALUES (620000739,'UNDERGRAD','01-01-2020');
INSERT INTO Enrolled (u_id,courseCode) VALUES (620000739,'COMP2400'),(620000739,'MATH2555'),(620000739,'CHEM2727'),(620000739,'CHEM3347'),(620000739,'MATH2873'),(620000739,'PHYS1140');
INSERT INTO Users VALUES (620000740,'Dwight','Lorenz','DwightLorenz@gmail.com','LorenzDwight');
INSERT INTO Students VALUES (620000740,'UNDERGRAD','01-01-2020');
INSERT INTO Enrolled (u_id,courseCode) VALUES (620000740,'CHEM2005'),(620000740,'INFO1145'),(620000740,'INFO2950');
INSERT INTO Users VALUES (620000741,'Jewell','Shani','JewellShani@gmail.com','ShaniJewell');
INSERT INTO Students VALUES (620000741,'UNDERGRAD','01-01-2020');
INSERT INTO Enrolled (u_id,courseCode) VALUES (620000741,'ECON3989'),(620000741,'MATH3029'),(620000741,'COMP3238'),(620000741,'MATH2957'),(620000741,'ECON2722');
INSERT INTO Users VALUES (620000742,'Clarence','Pulley','ClarencePulley@gmail.com','PulleyClarence');
INSERT INTO Students VALUES (620000742,'UNDERGRAD','01-01-2020');
INSERT INTO Enrolled (u_id,courseCode) VALUES (620000742,'COMP2077'),(620000742,'CHEM3054'),(620000742,'ECON2387'),(620000742,'BIOC1910'),(620000742,'ECON3063');
INSERT INTO Users VALUES (620000743,'Geraldine','Santos','GeraldineSantos@gmail.com','SantosGeraldine');
INSERT INTO Students VALUES (620000743,'UNDERGRAD','01-01-2020');
INSERT INTO Enrolled (u_id,courseCode) VALUES (620000743,'MATH3688'),(620000743,'ECON3276'),(620000743,'INFO1145'),(620000743,'BIOC2236');
INSERT INTO Users VALUES (620000744,'Bryan','Dumas','BryanDumas@gmail.com','DumasBryan');
INSERT INTO Students VALUES (620000744,'UNDERGRAD','01-01-2020');
INSERT INTO Enrolled (u_id,courseCode) VALUES (620000744,'COMP3047'),(620000744,'ECON3989'),(620000744,'MATH2067'),(620000744,'INFO2716'),(620000744,'CHEM3747');
INSERT INTO Users VALUES (620000745,'Elmer','Monte','ElmerMonte@gmail.com','MonteElmer');
INSERT INTO Students VALUES (620000745,'UNDERGRAD','01-01-2020');
INSERT INTO Enrolled (u_id,courseCode) VALUES (620000745,'ECON3063'),(620000745,'PHYS2229'),(620000745,'INFO1014'),(620000745,'MATH2957');
INSERT INTO Users VALUES (620000746,'Sandra','Brickey','SandraBrickey@gmail.com','BrickeySandra');
INSERT INTO Students VALUES (620000746,'UNDERGRAD','01-01-2020');
INSERT INTO Enrolled (u_id,courseCode) VALUES (620000746,'INFO3645'),(620000746,'COMP2541'),(620000746,'CHEM3793');
INSERT INTO Users VALUES (620000747,'Antionette','Shields','AntionetteShields@gmail.com','ShieldsAntionette');
INSERT INTO Students VALUES (620000747,'UNDERGRAD','01-01-2020');
INSERT INTO Enrolled (u_id,courseCode) VALUES (620000747,'COMP1573'),(620000747,'INFO1990'),(620000747,'ECON1170'),(620000747,'MATH3688'),(620000747,'COMP1543'),(620000747,'CHEM1613');
INSERT INTO Users VALUES (620000748,'Jessie','Scarbrough','JessieScarbrough@gmail.com','ScarbroughJessie');
INSERT INTO Students VALUES (620000748,'UNDERGRAD','01-01-2020');
INSERT INTO Enrolled (u_id,courseCode) VALUES (620000748,'COMP1357'),(620000748,'INFO2860'),(620000748,'MATH3688'),(620000748,'INFO1648'),(620000748,'PHYS2563');
INSERT INTO Users VALUES (620000749,'James','Collins','JamesCollins@gmail.com','CollinsJames');
INSERT INTO Students VALUES (620000749,'UNDERGRAD','01-01-2020');
INSERT INTO Enrolled (u_id,courseCode) VALUES (620000749,'PHYS1140'),(620000749,'COMP3506'),(620000749,'COMP2077');
INSERT INTO Users VALUES (620000750,'Teresa','Withrow','TeresaWithrow@gmail.com','WithrowTeresa');
INSERT INTO Students VALUES (620000750,'UNDERGRAD','01-01-2020');
INSERT INTO Enrolled (u_id,courseCode) VALUES (620000750,'MATH1638'),(620000750,'PHYS1173'),(620000750,'INFO2270'),(620000750,'CHEM2066');
INSERT INTO Users VALUES (620000751,'Ralph','Baccus','RalphBaccus@gmail.com','BaccusRalph');
INSERT INTO Students VALUES (620000751,'UNDERGRAD','01-01-2020');
INSERT INTO Enrolled (u_id,courseCode) VALUES (620000751,'BIOC1598'),(620000751,'ECON3550'),(620000751,'PHYS1173'),(620000751,'BIOC1164'),(620000751,'CHEM3888');
INSERT INTO Users VALUES (620000752,'Holly','Robles','HollyRobles@gmail.com','RoblesHolly');
INSERT INTO Students VALUES (620000752,'UNDERGRAD','01-01-2020');
INSERT INTO Enrolled (u_id,courseCode) VALUES (620000752,'COMP3639'),(620000752,'PHYS2229'),(620000752,'BIOC1448');
INSERT INTO Users VALUES (620000753,'David','Mcclanahan','DavidMcclanahan@gmail.com','McclanahanDavid');
INSERT INTO Students VALUES (620000753,'UNDERGRAD','01-01-2020');
INSERT INTO Enrolled (u_id,courseCode) VALUES (620000753,'ECON3550'),(620000753,'ECON3281'),(620000753,'INFO2811'),(620000753,'INFO2636'),(620000753,'MATH3613'),(620000753,'ECON1783');
INSERT INTO Users VALUES (620000754,'Mark','Krause','MarkKrause@gmail.com','KrauseMark');
INSERT INTO Students VALUES (620000754,'UNDERGRAD','01-01-2020');
INSERT INTO Enrolled (u_id,courseCode) VALUES (620000754,'MATH2188'),(620000754,'MATH1648'),(620000754,'PHYS2667'),(620000754,'ECON1458'),(620000754,'MATH3209');
INSERT INTO Users VALUES (620000755,'Vickie','Luper','VickieLuper@gmail.com','LuperVickie');
INSERT INTO Students VALUES (620000755,'UNDERGRAD','01-01-2020');
INSERT INTO Enrolled (u_id,courseCode) VALUES (620000755,'MATH3029'),(620000755,'CHEM2005'),(620000755,'INFO3603'),(620000755,'COMP3746');
INSERT INTO Users VALUES (620000756,'Bryon','Prince','BryonPrince@gmail.com','PrinceBryon');
INSERT INTO Students VALUES (620000756,'UNDERGRAD','01-01-2020');
INSERT INTO Enrolled (u_id,courseCode) VALUES (620000756,'PHYS3464'),(620000756,'PHYS3052'),(620000756,'ECON3447'),(620000756,'BIOC2054'),(620000756,'BIOC2236'),(620000756,'ECON3276');
INSERT INTO Users VALUES (620000757,'Adelia','Souza','AdeliaSouza@gmail.com','SouzaAdelia');
INSERT INTO Students VALUES (620000757,'UNDERGRAD','01-01-2020');
INSERT INTO Enrolled (u_id,courseCode) VALUES (620000757,'INFO3868'),(620000757,'BIOC2671'),(620000757,'COMP3506'),(620000757,'CHEM2031');
INSERT INTO Users VALUES (620000758,'Chad','Lemieux','ChadLemieux@gmail.com','LemieuxChad');
INSERT INTO Students VALUES (620000758,'UNDERGRAD','01-01-2020');
INSERT INTO Enrolled (u_id,courseCode) VALUES (620000758,'INFO2636'),(620000758,'ECON1170'),(620000758,'CHEM3347');
INSERT INTO Users VALUES (620000759,'Deanne','Allen','DeanneAllen@gmail.com','AllenDeanne');
INSERT INTO Students VALUES (620000759,'UNDERGRAD','01-01-2020');
INSERT INTO Enrolled (u_id,courseCode) VALUES (620000759,'ECON2345'),(620000759,'BIOC1794'),(620000759,'BIOC1448'),(620000759,'BIOC3230'),(620000759,'COMP3238');
INSERT INTO Users VALUES (620000760,'Cheryl','Calder','CherylCalder@gmail.com','CalderCheryl');
INSERT INTO Students VALUES (620000760,'UNDERGRAD','01-01-2020');
INSERT INTO Enrolled (u_id,courseCode) VALUES (620000760,'COMP2077'),(620000760,'BIOC1164'),(620000760,'MATH2957'),(620000760,'PHYS1930');
INSERT INTO Users VALUES (620000761,'Marshall','Williams','MarshallWilliams@gmail.com','WilliamsMarshall');
INSERT INTO Students VALUES (620000761,'UNDERGRAD','01-01-2020');
INSERT INTO Enrolled (u_id,courseCode) VALUES (620000761,'CHEM3617'),(620000761,'PHYS2667'),(620000761,'INFO3603'),(620000761,'CHEM3747');
INSERT INTO Users VALUES (620000762,'Randall','Bennett','RandallBennett@gmail.com','BennettRandall');
INSERT INTO Students VALUES (620000762,'UNDERGRAD','01-01-2020');
INSERT INTO Enrolled (u_id,courseCode) VALUES (620000762,'PHYS2229'),(620000762,'COMP3506'),(620000762,'INFO2337'),(620000762,'PHYS3290');
INSERT INTO Users VALUES (620000763,'Neal','Lauritsen','NealLauritsen@gmail.com','LauritsenNeal');
INSERT INTO Students VALUES (620000763,'UNDERGRAD','01-01-2020');
INSERT INTO Enrolled (u_id,courseCode) VALUES (620000763,'CHEM3793'),(620000763,'BIOC1485'),(620000763,'INFO2270'),(620000763,'ECON2703'),(620000763,'PHYS2451'),(620000763,'MATH2555');
INSERT INTO Users VALUES (620000764,'Linda','Sultzer','LindaSultzer@gmail.com','SultzerLinda');
INSERT INTO Students VALUES (620000764,'UNDERGRAD','01-01-2020');
INSERT INTO Enrolled (u_id,courseCode) VALUES (620000764,'MATH2801'),(620000764,'COMP3047'),(620000764,'INFO2521'),(620000764,'BIOC1534');
INSERT INTO Users VALUES (620000765,'Reginald','Mitchell','ReginaldMitchell@gmail.com','MitchellReginald');
INSERT INTO Students VALUES (620000765,'UNDERGRAD','01-01-2020');
INSERT INTO Enrolled (u_id,courseCode) VALUES (620000765,'PHYS3876'),(620000765,'ECON3288'),(620000765,'MATH3029'),(620000765,'MATH3222'),(620000765,'CHEM2481');
INSERT INTO Users VALUES (620000766,'Douglas','Cummins','DouglasCummins@gmail.com','CumminsDouglas');
INSERT INTO Students VALUES (620000766,'UNDERGRAD','01-01-2020');
INSERT INTO Enrolled (u_id,courseCode) VALUES (620000766,'MATH3179'),(620000766,'INFO3935'),(620000766,'INFO3645'),(620000766,'CHEM3617'),(620000766,'BIOC1485'),(620000766,'ECON2387');
INSERT INTO Users VALUES (620000767,'Brian','Hoyer','BrianHoyer@gmail.com','HoyerBrian');
INSERT INTO Students VALUES (620000767,'UNDERGRAD','01-01-2020');
INSERT INTO Enrolled (u_id,courseCode) VALUES (620000767,'ECON3276'),(620000767,'MATH3209'),(620000767,'BIOC1794'),(620000767,'MATH3688'),(620000767,'INFO2716'),(620000767,'ECON3372');
INSERT INTO Users VALUES (620000768,'Esmeralda','Duffy','EsmeraldaDuffy@gmail.com','DuffyEsmeralda');
INSERT INTO Students VALUES (620000768,'UNDERGRAD','01-01-2020');
INSERT INTO Enrolled (u_id,courseCode) VALUES (620000768,'PHYS2667'),(620000768,'ECON3063'),(620000768,'CHEM3347'),(620000768,'CHEM3747'),(620000768,'CHEM3054');
INSERT INTO Users VALUES (620000769,'Janet','Chatcho','JanetChatcho@gmail.com','ChatchoJanet');
INSERT INTO Students VALUES (620000769,'UNDERGRAD','01-01-2020');
INSERT INTO Enrolled (u_id,courseCode) VALUES (620000769,'COMP3849'),(620000769,'CHEM2604'),(620000769,'ECON1098');
INSERT INTO Users VALUES (620000770,'Robert','Richardson','RobertRichardson@gmail.com','RichardsonRobert');
INSERT INTO Students VALUES (620000770,'UNDERGRAD','01-01-2020');
INSERT INTO Enrolled (u_id,courseCode) VALUES (620000770,'COMP1573'),(620000770,'BIOC1866'),(620000770,'COMP2400'),(620000770,'COMP3047'),(620000770,'COMP2080');
INSERT INTO Users VALUES (620000771,'Dora','Hauser','DoraHauser@gmail.com','HauserDora');
INSERT INTO Students VALUES (620000771,'UNDERGRAD','01-01-2020');
INSERT INTO Enrolled (u_id,courseCode) VALUES (620000771,'ECON1230'),(620000771,'BIOC1744'),(620000771,'ECON3523'),(620000771,'ECON3311'),(620000771,'CHEM2626'),(620000771,'ECON3228');
INSERT INTO Users VALUES (620000772,'Warren','Decker','WarrenDecker@gmail.com','DeckerWarren');
INSERT INTO Students VALUES (620000772,'UNDERGRAD','01-01-2020');
INSERT INTO Enrolled (u_id,courseCode) VALUES (620000772,'CHEM1807'),(620000772,'CHEM1340'),(620000772,'CHEM3793'),(620000772,'COMP3238');
INSERT INTO Users VALUES (620000773,'Aaron','Gilman','AaronGilman@gmail.com','GilmanAaron');
INSERT INTO Students VALUES (620000773,'UNDERGRAD','01-01-2020');
INSERT INTO Enrolled (u_id,courseCode) VALUES (620000773,'COMP1573'),(620000773,'INFO2636'),(620000773,'COMP3167'),(620000773,'BIOC3230'),(620000773,'ECON3447');
INSERT INTO Users VALUES (620000774,'Agnes','Noonan','AgnesNoonan@gmail.com','NoonanAgnes');
INSERT INTO Students VALUES (620000774,'UNDERGRAD','01-01-2020');
INSERT INTO Enrolled (u_id,courseCode) VALUES (620000774,'MATH3857'),(620000774,'CHEM3888'),(620000774,'COMP1357'),(620000774,'COMP3697'),(620000774,'INFO1833');
INSERT INTO Users VALUES (620000775,'Manuel','Mcclenon','ManuelMcclenon@gmail.com','McclenonManuel');
INSERT INTO Students VALUES (620000775,'UNDERGRAD','01-01-2020');
INSERT INTO Enrolled (u_id,courseCode) VALUES (620000775,'INFO2270'),(620000775,'MATH3209'),(620000775,'CHEM1485'),(620000775,'CHEM3409'),(620000775,'ECON2387'),(620000775,'CHEM2031');
INSERT INTO Users VALUES (620000776,'Bryon','Duffie','BryonDuffie@gmail.com','DuffieBryon');
INSERT INTO Students VALUES (620000776,'UNDERGRAD','01-01-2020');
INSERT INTO Enrolled (u_id,courseCode) VALUES (620000776,'ECON1098'),(620000776,'INFO2270'),(620000776,'ECON1589'),(620000776,'PHYS3464'),(620000776,'BIOC3604');
INSERT INTO Users VALUES (620000777,'Eugene','Thompson','EugeneThompson@gmail.com','ThompsonEugene');
INSERT INTO Students VALUES (620000777,'UNDERGRAD','01-01-2020');
INSERT INTO Enrolled (u_id,courseCode) VALUES (620000777,'COMP3506'),(620000777,'MATH2501'),(620000777,'COMP3084'),(620000777,'ECON3276');
INSERT INTO Users VALUES (620000778,'Edwin','Maze','EdwinMaze@gmail.com','MazeEdwin');
INSERT INTO Students VALUES (620000778,'UNDERGRAD','01-01-2020');
INSERT INTO Enrolled (u_id,courseCode) VALUES (620000778,'PHYS3354'),(620000778,'INFO2811'),(620000778,'COMP3084');
INSERT INTO Users VALUES (620000779,'Betsy','Prince','BetsyPrince@gmail.com','PrinceBetsy');
INSERT INTO Students VALUES (620000779,'UNDERGRAD','01-01-2020');
INSERT INTO Enrolled (u_id,courseCode) VALUES (620000779,'CHEM2177'),(620000779,'COMP2077'),(620000779,'INFO2950'),(620000779,'MATH2555');
INSERT INTO Users VALUES (620000780,'Debbie','Pedersen','DebbiePedersen@gmail.com','PedersenDebbie');
INSERT INTO Students VALUES (620000780,'UNDERGRAD','01-01-2020');
INSERT INTO Enrolled (u_id,courseCode) VALUES (620000780,'ECON1783'),(620000780,'CHEM3793'),(620000780,'PHYS3339'),(620000780,'INFO1825');
INSERT INTO Users VALUES (620000781,'Alvin','Decker','AlvinDecker@gmail.com','DeckerAlvin');
INSERT INTO Students VALUES (620000781,'UNDERGRAD','01-01-2020');
INSERT INTO Enrolled (u_id,courseCode) VALUES (620000781,'ECON1561'),(620000781,'COMP2080'),(620000781,'PHYS2117'),(620000781,'BIOC1104'),(620000781,'PHYS3729'),(620000781,'CHEM1485');
INSERT INTO Users VALUES (620000782,'Bryan','Horth','BryanHorth@gmail.com','HorthBryan');
INSERT INTO Students VALUES (620000782,'UNDERGRAD','01-01-2020');
INSERT INTO Enrolled (u_id,courseCode) VALUES (620000782,'PHYS2229'),(620000782,'CHEM2697'),(620000782,'MATH2067'),(620000782,'ECON1170'),(620000782,'COMP3849'),(620000782,'COMP1867');
INSERT INTO Users VALUES (620000783,'Shannon','Baptiste','ShannonBaptiste@gmail.com','BaptisteShannon');
INSERT INTO Students VALUES (620000783,'UNDERGRAD','01-01-2020');
INSERT INTO Enrolled (u_id,courseCode) VALUES (620000783,'ECON3004'),(620000783,'MATH2957'),(620000783,'INFO1648'),(620000783,'PHYS2117'),(620000783,'INFO2213');
INSERT INTO Users VALUES (620000784,'Shalanda','Calloway','ShalandaCalloway@gmail.com','CallowayShalanda');
INSERT INTO Students VALUES (620000784,'UNDERGRAD','01-01-2020');
INSERT INTO Enrolled (u_id,courseCode) VALUES (620000784,'BIOC1866'),(620000784,'COMP3167'),(620000784,'CHEM2604');
INSERT INTO Users VALUES (620000785,'Eugene','Washinski','EugeneWashinski@gmail.com','WashinskiEugene');
INSERT INTO Students VALUES (620000785,'UNDERGRAD','01-01-2020');
INSERT INTO Enrolled (u_id,courseCode) VALUES (620000785,'BIOC3230'),(620000785,'COMP1357'),(620000785,'BIOC2054');
INSERT INTO Users VALUES (620000786,'Justin','Truong','JustinTruong@gmail.com','TruongJustin');
INSERT INTO Students VALUES (620000786,'UNDERGRAD','01-01-2020');
INSERT INTO Enrolled (u_id,courseCode) VALUES (620000786,'MATH1638'),(620000786,'CHEM2867'),(620000786,'MATH1309'),(620000786,'MATH3844'),(620000786,'MATH2067'),(620000786,'MATH3857');
INSERT INTO Users VALUES (620000787,'Antionette','Parker','AntionetteParker@gmail.com','ParkerAntionette');
INSERT INTO Students VALUES (620000787,'UNDERGRAD','01-01-2020');
INSERT INTO Enrolled (u_id,courseCode) VALUES (620000787,'CHEM3793'),(620000787,'PHYS3290'),(620000787,'CHEM3327'),(620000787,'COMP2717'),(620000787,'CHEM3888'),(620000787,'INFO2811');
INSERT INTO Users VALUES (620000788,'Cleveland','Jackson','ClevelandJackson@gmail.com','JacksonCleveland');
INSERT INTO Students VALUES (620000788,'UNDERGRAD','01-01-2020');
INSERT INTO Enrolled (u_id,courseCode) VALUES (620000788,'BIOC2550'),(620000788,'COMP2541'),(620000788,'MATH1648'),(620000788,'ECON3447'),(620000788,'INFO3645');
INSERT INTO Users VALUES (620000789,'Catherine','Sullivan','CatherineSullivan@gmail.com','SullivanCatherine');
INSERT INTO Students VALUES (620000789,'UNDERGRAD','01-01-2020');
INSERT INTO Enrolled (u_id,courseCode) VALUES (620000789,'ECON3276'),(620000789,'BIOC1104'),(620000789,'PHYS1140'),(620000789,'CHEM2697'),(620000789,'CHEM2797'),(620000789,'MATH3222');
INSERT INTO Users VALUES (620000790,'Douglas','Hanks','DouglasHanks@gmail.com','HanksDouglas');
INSERT INTO Students VALUES (620000790,'UNDERGRAD','01-01-2020');
INSERT INTO Enrolled (u_id,courseCode) VALUES (620000790,'COMP1051'),(620000790,'COMP1460'),(620000790,'CHEM2867'),(620000790,'ECON3276'),(620000790,'BIOC1052'),(620000790,'COMP2965');
INSERT INTO Users VALUES (620000791,'Kim','Decker','KimDecker@gmail.com','DeckerKim');
INSERT INTO Students VALUES (620000791,'UNDERGRAD','01-01-2020');
INSERT INTO Enrolled (u_id,courseCode) VALUES (620000791,'BIOC3604'),(620000791,'MATH2717'),(620000791,'CHEM3614'),(620000791,'INFO3645');
INSERT INTO Users VALUES (620000792,'Young','Fuller','YoungFuller@gmail.com','FullerYoung');
INSERT INTO Students VALUES (620000792,'UNDERGRAD','01-01-2020');
INSERT INTO Enrolled (u_id,courseCode) VALUES (620000792,'BIOC1866'),(620000792,'INFO1014'),(620000792,'CHEM2797');
INSERT INTO Users VALUES (620000793,'Amee','Burch','AmeeBurch@gmail.com','BurchAmee');
INSERT INTO Students VALUES (620000793,'UNDERGRAD','01-01-2020');
INSERT INTO Enrolled (u_id,courseCode) VALUES (620000793,'COMP3506'),(620000793,'CHEM3054'),(620000793,'BIOC2671'),(620000793,'COMP1357');
INSERT INTO Users VALUES (620000794,'David','Jesse','DavidJesse@gmail.com','JesseDavid');
INSERT INTO Students VALUES (620000794,'UNDERGRAD','01-01-2020');
INSERT INTO Enrolled (u_id,courseCode) VALUES (620000794,'MATH3857'),(620000794,'ECON3228'),(620000794,'MATH1638');
INSERT INTO Users VALUES (620000795,'Lilla','Mchenry','LillaMchenry@gmail.com','MchenryLilla');
INSERT INTO Students VALUES (620000795,'UNDERGRAD','01-01-2020');
INSERT INTO Enrolled (u_id,courseCode) VALUES (620000795,'MATH2873'),(620000795,'COMP2361'),(620000795,'ECON1561'),(620000795,'COMP3084'),(620000795,'MATH1250');
INSERT INTO Users VALUES (620000796,'Jeanna','Monte','JeannaMonte@gmail.com','MonteJeanna');
INSERT INTO Students VALUES (620000796,'UNDERGRAD','01-01-2020');
INSERT INTO Enrolled (u_id,courseCode) VALUES (620000796,'CHEM2177'),(620000796,'BIOC2981'),(620000796,'BIOC1534'),(620000796,'INFO2521'),(620000796,'MATH2801'),(620000796,'COMP2965');
INSERT INTO Users VALUES (620000797,'Randy','Taylor','RandyTaylor@gmail.com','TaylorRandy');
INSERT INTO Students VALUES (620000797,'UNDERGRAD','01-01-2020');
INSERT INTO Enrolled (u_id,courseCode) VALUES (620000797,'MATH3857'),(620000797,'BIOC3721'),(620000797,'COMP2361'),(620000797,'INFO2270'),(620000797,'PHYS3290');
INSERT INTO Users VALUES (620000798,'Latoya','Laramee','LatoyaLaramee@gmail.com','LarameeLatoya');
INSERT INTO Students VALUES (620000798,'UNDERGRAD','01-01-2020');
INSERT INTO Enrolled (u_id,courseCode) VALUES (620000798,'INFO3419'),(620000798,'PHYS1979'),(620000798,'MATH2873'),(620000798,'MATH2555');
INSERT INTO Users VALUES (620000799,'Anderson','Chappell','AndersonChappell@gmail.com','ChappellAnderson');
INSERT INTO Students VALUES (620000799,'UNDERGRAD','01-01-2020');
INSERT INTO Enrolled (u_id,courseCode) VALUES (620000799,'ECON1012'),(620000799,'ECON3550'),(620000799,'ECON1230');
INSERT INTO Users VALUES (620000800,'Greg','Jesse','GregJesse@gmail.com','JesseGreg');
INSERT INTO Students VALUES (620000800,'UNDERGRAD','01-01-2020');
INSERT INTO Enrolled (u_id,courseCode) VALUES (620000800,'ECON3550'),(620000800,'ECON3447'),(620000800,'ECON2722'),(620000800,'COMP1573'),(620000800,'BIOC1866');
INSERT INTO Users VALUES (620000801,'Andrew','Kenney','AndrewKenney@gmail.com','KenneyAndrew');
INSERT INTO Students VALUES (620000801,'UNDERGRAD','01-01-2020');
INSERT INTO Enrolled (u_id,courseCode) VALUES (620000801,'ECON2703'),(620000801,'COMP3849'),(620000801,'ECON1498');
INSERT INTO Users VALUES (620000802,'David','Crawford','DavidCrawford@gmail.com','CrawfordDavid');
INSERT INTO Students VALUES (620000802,'UNDERGRAD','01-01-2020');
INSERT INTO Enrolled (u_id,courseCode) VALUES (620000802,'ECON3523'),(620000802,'COMP2651'),(620000802,'BIOC1534'),(620000802,'PHYS2117'),(620000802,'PHYS3876');
INSERT INTO Users VALUES (620000803,'Ben','Rice','BenRice@gmail.com','RiceBen');
INSERT INTO Students VALUES (620000803,'UNDERGRAD','01-01-2020');
INSERT INTO Enrolled (u_id,courseCode) VALUES (620000803,'MATH3544'),(620000803,'ECON1561'),(620000803,'COMP3173');
INSERT INTO Users VALUES (620000804,'Milton','Busse','MiltonBusse@gmail.com','BusseMilton');
INSERT INTO Students VALUES (620000804,'UNDERGRAD','01-01-2020');
INSERT INTO Enrolled (u_id,courseCode) VALUES (620000804,'CHEM1807'),(620000804,'PHYS1979'),(620000804,'INFO3935');
INSERT INTO Users VALUES (620000805,'Brenda','Cochran','BrendaCochran@gmail.com','CochranBrenda');
INSERT INTO Students VALUES (620000805,'UNDERGRAD','01-01-2020');
INSERT INTO Enrolled (u_id,courseCode) VALUES (620000805,'PHYS3354'),(620000805,'INFO1825'),(620000805,'INFO1990'),(620000805,'BIOC2671');
INSERT INTO Users VALUES (620000806,'Carlos','Shane','CarlosShane@gmail.com','ShaneCarlos');
INSERT INTO Students VALUES (620000806,'UNDERGRAD','01-01-2020');
INSERT INTO Enrolled (u_id,courseCode) VALUES (620000806,'ECON1783'),(620000806,'MATH1148'),(620000806,'ECON2387'),(620000806,'PHYS3876'),(620000806,'PHYS1173');
INSERT INTO Users VALUES (620000807,'Betty','Gillman','BettyGillman@gmail.com','GillmanBetty');
INSERT INTO Students VALUES (620000807,'UNDERGRAD','01-01-2020');
INSERT INTO Enrolled (u_id,courseCode) VALUES (620000807,'PHYS3729'),(620000807,'PHYS3052'),(620000807,'BIOC1448'),(620000807,'CHEM1613'),(620000807,'INFO2813'),(620000807,'INFO1242');
INSERT INTO Users VALUES (620000808,'Kimberly','Scales','KimberlyScales@gmail.com','ScalesKimberly');
INSERT INTO Students VALUES (620000808,'UNDERGRAD','01-01-2020');
INSERT INTO Enrolled (u_id,courseCode) VALUES (620000808,'ECON1230'),(620000808,'ECON3737'),(620000808,'BIOC1104'),(620000808,'PHYS3787'),(620000808,'CHEM2031');
INSERT INTO Users VALUES (620000809,'Edna','Jackson','EdnaJackson@gmail.com','JacksonEdna');
INSERT INTO Students VALUES (620000809,'UNDERGRAD','01-01-2020');
INSERT INTO Enrolled (u_id,courseCode) VALUES (620000809,'CHEM3409'),(620000809,'CHEM2005'),(620000809,'PHYS3052'),(620000809,'INFO2950'),(620000809,'BIOC1439'),(620000809,'ECON1589');
INSERT INTO Users VALUES (620000810,'Geraldine','Oconnell','GeraldineOconnell@gmail.com','OconnellGeraldine');
INSERT INTO Students VALUES (620000810,'UNDERGRAD','01-01-2020');
INSERT INTO Enrolled (u_id,courseCode) VALUES (620000810,'CHEM3614'),(620000810,'CHEM2177'),(620000810,'PHYS2238'),(620000810,'CHEM1807');
INSERT INTO Users VALUES (620000811,'Nancy','Heckstall','NancyHeckstall@gmail.com','HeckstallNancy');
INSERT INTO Students VALUES (620000811,'UNDERGRAD','01-01-2020');
INSERT INTO Enrolled (u_id,courseCode) VALUES (620000811,'BIOC1104'),(620000811,'CHEM2031'),(620000811,'CHEM2177'),(620000811,'PHYS3659'),(620000811,'CHEM3747');
INSERT INTO Users VALUES (620000812,'Janice','Brickey','JaniceBrickey@gmail.com','BrickeyJanice');
INSERT INTO Students VALUES (620000812,'UNDERGRAD','01-01-2020');
INSERT INTO Enrolled (u_id,courseCode) VALUES (620000812,'CHEM2149'),(620000812,'ECON3281'),(620000812,'ECON2814'),(620000812,'PHYS2229'),(620000812,'COMP3849');
INSERT INTO Users VALUES (620000813,'Cassie','Butler','CassieButler@gmail.com','ButlerCassie');
INSERT INTO Students VALUES (620000813,'UNDERGRAD','01-01-2020');
INSERT INTO Enrolled (u_id,courseCode) VALUES (620000813,'INFO3868'),(620000813,'MATH3613'),(620000813,'BIOC2983'),(620000813,'COMP3418'),(620000813,'MATH1735'),(620000813,'CHEM2797');
INSERT INTO Users VALUES (620000814,'Erin','Flowers','ErinFlowers@gmail.com','FlowersErin');
INSERT INTO Students VALUES (620000814,'UNDERGRAD','01-01-2020');
INSERT INTO Enrolled (u_id,courseCode) VALUES (620000814,'BIOC1534'),(620000814,'PHYS3686'),(620000814,'CHEM3327');
INSERT INTO Users VALUES (620000815,'Vivian','Carlos','VivianCarlos@gmail.com','CarlosVivian');
INSERT INTO Students VALUES (620000815,'UNDERGRAD','01-01-2020');
INSERT INTO Enrolled (u_id,courseCode) VALUES (620000815,'MATH3613'),(620000815,'PHYS3729'),(620000815,'COMP2541');
INSERT INTO Users VALUES (620000816,'Kim','Flemming','KimFlemming@gmail.com','FlemmingKim');
INSERT INTO Students VALUES (620000816,'UNDERGRAD','01-01-2020');
INSERT INTO Enrolled (u_id,courseCode) VALUES (620000816,'BIOC3191'),(620000816,'CHEM3327'),(620000816,'CHEM3793');
INSERT INTO Users VALUES (620000817,'Chad','Turner','ChadTurner@gmail.com','TurnerChad');
INSERT INTO Students VALUES (620000817,'UNDERGRAD','01-01-2020');
INSERT INTO Enrolled (u_id,courseCode) VALUES (620000817,'MATH1148'),(620000817,'PHYS1173'),(620000817,'PHYS3290'),(620000817,'INFO2559');
INSERT INTO Users VALUES (620000818,'Iris','Barrett','IrisBarrett@gmail.com','BarrettIris');
INSERT INTO Students VALUES (620000818,'UNDERGRAD','01-01-2020');
INSERT INTO Enrolled (u_id,courseCode) VALUES (620000818,'BIOC1744'),(620000818,'CHEM2031'),(620000818,'PHYS2113'),(620000818,'INFO3603'),(620000818,'INFO2559');
INSERT INTO Users VALUES (620000819,'Reggie','Wilson','ReggieWilson@gmail.com','WilsonReggie');
INSERT INTO Students VALUES (620000819,'UNDERGRAD','01-01-2020');
INSERT INTO Enrolled (u_id,courseCode) VALUES (620000819,'INFO1833'),(620000819,'BIOC1598'),(620000819,'BIOC3457'),(620000819,'CHEM2481'),(620000819,'CHEM2727');
INSERT INTO Users VALUES (620000820,'Tia','Hunter','TiaHunter@gmail.com','HunterTia');
INSERT INTO Students VALUES (620000820,'UNDERGRAD','01-01-2020');
INSERT INTO Enrolled (u_id,courseCode) VALUES (620000820,'ECON3276'),(620000820,'INFO1648'),(620000820,'COMP2400'),(620000820,'INFO1833'),(620000820,'INFO1447');
INSERT INTO Users VALUES (620000821,'Janice','Cash','JaniceCash@gmail.com','CashJanice');
INSERT INTO Students VALUES (620000821,'UNDERGRAD','01-01-2020');
INSERT INTO Enrolled (u_id,courseCode) VALUES (620000821,'ECON3311'),(620000821,'BIOC1744'),(620000821,'CHEM1494'),(620000821,'COMP2965'),(620000821,'CHEM3793'),(620000821,'PHYS3876');
INSERT INTO Users VALUES (620000822,'Dean','Mcclenon','DeanMcclenon@gmail.com','McclenonDean');
INSERT INTO Students VALUES (620000822,'UNDERGRAD','01-01-2020');
INSERT INTO Enrolled (u_id,courseCode) VALUES (620000822,'COMP2361'),(620000822,'MATH1454'),(620000822,'ECON1458'),(620000822,'MATH2067'),(620000822,'ECON1098'),(620000822,'CHEM2867');
INSERT INTO Users VALUES (620000823,'Roberto','Collins','RobertoCollins@gmail.com','CollinsRoberto');
INSERT INTO Students VALUES (620000823,'UNDERGRAD','01-01-2020');
INSERT INTO Enrolled (u_id,courseCode) VALUES (620000823,'PHYS3729'),(620000823,'PHYS1399'),(620000823,'MATH1735'),(620000823,'BIOC1794'),(620000823,'MATH3613'),(620000823,'BIOC1448');
INSERT INTO Users VALUES (620000824,'Amee','Vario','AmeeVario@gmail.com','VarioAmee');
INSERT INTO Students VALUES (620000824,'UNDERGRAD','01-01-2020');
INSERT INTO Enrolled (u_id,courseCode) VALUES (620000824,'CHEM3327'),(620000824,'MATH3613'),(620000824,'PHYS3729');
INSERT INTO Users VALUES (620000825,'Marie','Orchard','MarieOrchard@gmail.com','OrchardMarie');
INSERT INTO Students VALUES (620000825,'UNDERGRAD','01-01-2020');
INSERT INTO Enrolled (u_id,courseCode) VALUES (620000825,'CHEM1807'),(620000825,'CHEM2867'),(620000825,'COMP1184');
INSERT INTO Users VALUES (620000826,'Young','Uribe','YoungUribe@gmail.com','UribeYoung');
INSERT INTO Students VALUES (620000826,'UNDERGRAD','01-01-2020');
INSERT INTO Enrolled (u_id,courseCode) VALUES (620000826,'INFO2213'),(620000826,'PHYS3729'),(620000826,'BIOC1725');
INSERT INTO Users VALUES (620000827,'Sadie','Barrett','SadieBarrett@gmail.com','BarrettSadie');
INSERT INTO Students VALUES (620000827,'UNDERGRAD','01-01-2020');
INSERT INTO Enrolled (u_id,courseCode) VALUES (620000827,'COMP2965'),(620000827,'MATH1148'),(620000827,'MATH2501'),(620000827,'CHEM1807'),(620000827,'INFO2270'),(620000827,'PHYS2667');
INSERT INTO Users VALUES (620000828,'Curtis','Boyer','CurtisBoyer@gmail.com','BoyerCurtis');
INSERT INTO Students VALUES (620000828,'UNDERGRAD','01-01-2020');
INSERT INTO Enrolled (u_id,courseCode) VALUES (620000828,'CHEM2604'),(620000828,'ECON2345'),(620000828,'CHEM3793'),(620000828,'COMP3746'),(620000828,'ECON1170');
INSERT INTO Users VALUES (620000829,'Alice','Vineyard','AliceVineyard@gmail.com','VineyardAlice');
INSERT INTO Students VALUES (620000829,'UNDERGRAD','01-01-2020');
INSERT INTO Enrolled (u_id,courseCode) VALUES (620000829,'CHEM3793'),(620000829,'INFO2337'),(620000829,'INFO1145'),(620000829,'CHEM2446'),(620000829,'CHEM3327');
INSERT INTO Users VALUES (620000830,'Eunice','Robertson','EuniceRobertson@gmail.com','RobertsonEunice');
INSERT INTO Students VALUES (620000830,'UNDERGRAD','01-01-2020');
INSERT INTO Enrolled (u_id,courseCode) VALUES (620000830,'MATH1972'),(620000830,'ECON2703'),(620000830,'PHYS3290'),(620000830,'ECON1098'),(620000830,'INFO2636'),(620000830,'CHEM1485');
INSERT INTO Users VALUES (620000831,'Marcus','Campbell','MarcusCampbell@gmail.com','CampbellMarcus');
INSERT INTO Students VALUES (620000831,'UNDERGRAD','01-01-2020');
INSERT INTO Enrolled (u_id,courseCode) VALUES (620000831,'COMP3639'),(620000831,'COMP2080'),(620000831,'MATH2957'),(620000831,'BIOC1485'),(620000831,'INFO2337'),(620000831,'COMP3685');
INSERT INTO Users VALUES (620000832,'Harold','Smith','HaroldSmith@gmail.com','SmithHarold');
INSERT INTO Students VALUES (620000832,'UNDERGRAD','01-01-2020');
INSERT INTO Enrolled (u_id,courseCode) VALUES (620000832,'CHEM1494'),(620000832,'ECON1783'),(620000832,'ECON3989'),(620000832,'INFO3636'),(620000832,'ECON1498'),(620000832,'ECON3085');
INSERT INTO Users VALUES (620000833,'Juan','Chappell','JuanChappell@gmail.com','ChappellJuan');
INSERT INTO Students VALUES (620000833,'UNDERGRAD','01-01-2020');
INSERT INTO Enrolled (u_id,courseCode) VALUES (620000833,'BIOC1104'),(620000833,'MATH3173'),(620000833,'MATH3544');
INSERT INTO Users VALUES (620000834,'Freddie','Pero','FreddiePero@gmail.com','PeroFreddie');
INSERT INTO Students VALUES (620000834,'UNDERGRAD','01-01-2020');
INSERT INTO Enrolled (u_id,courseCode) VALUES (620000834,'CHEM3409'),(620000834,'CHEM2005'),(620000834,'ECON2722'),(620000834,'COMP3047'),(620000834,'PHYS2117');
INSERT INTO Users VALUES (620000835,'Marie','Christinsen','MarieChristinsen@gmail.com','ChristinsenMarie');
INSERT INTO Students VALUES (620000835,'UNDERGRAD','01-01-2020');
INSERT INTO Enrolled (u_id,courseCode) VALUES (620000835,'MATH3857'),(620000835,'CHEM2149'),(620000835,'MATH3209');
INSERT INTO Users VALUES (620000836,'Warren','Williams','WarrenWilliams@gmail.com','WilliamsWarren');
INSERT INTO Students VALUES (620000836,'UNDERGRAD','01-01-2020');
INSERT INTO Enrolled (u_id,courseCode) VALUES (620000836,'CHEM1485'),(620000836,'BIOC1598'),(620000836,'MATH1578');
INSERT INTO Users VALUES (620000837,'Sam','Swan','SamSwan@gmail.com','SwanSam');
INSERT INTO Students VALUES (620000837,'UNDERGRAD','01-01-2020');
INSERT INTO Enrolled (u_id,courseCode) VALUES (620000837,'MATH1735'),(620000837,'INFO2813'),(620000837,'INFO1648');
INSERT INTO Users VALUES (620000838,'Marilyn','Gaffney','MarilynGaffney@gmail.com','GaffneyMarilyn');
INSERT INTO Students VALUES (620000838,'UNDERGRAD','01-01-2020');
INSERT INTO Enrolled (u_id,courseCode) VALUES (620000838,'COMP3418'),(620000838,'MATH3613'),(620000838,'ECON3020'),(620000838,'ECON3004');
INSERT INTO Users VALUES (620000839,'Bryon','Bras','BryonBras@gmail.com','BrasBryon');
INSERT INTO Students VALUES (620000839,'UNDERGRAD','01-01-2020');
INSERT INTO Enrolled (u_id,courseCode) VALUES (620000839,'ECON3276'),(620000839,'PHYS3729'),(620000839,'ECON3447'),(620000839,'ECON3989'),(620000839,'CHEM3347'),(620000839,'INFO3645');
INSERT INTO Users VALUES (620000840,'Rachel','Mertens','RachelMertens@gmail.com','MertensRachel');
INSERT INTO Students VALUES (620000840,'UNDERGRAD','01-01-2020');
INSERT INTO Enrolled (u_id,courseCode) VALUES (620000840,'MATH3857'),(620000840,'INFO3645'),(620000840,'BIOC2236'),(620000840,'INFO2521'),(620000840,'COMP2541');
INSERT INTO Users VALUES (620000841,'Anderson','Waugh','AndersonWaugh@gmail.com','WaughAnderson');
INSERT INTO Students VALUES (620000841,'UNDERGRAD','01-01-2020');
INSERT INTO Enrolled (u_id,courseCode) VALUES (620000841,'MATH2555'),(620000841,'COMP3506'),(620000841,'INFO1990');
INSERT INTO Users VALUES (620000842,'Nicole','Maze','NicoleMaze@gmail.com','MazeNicole');
INSERT INTO Students VALUES (620000842,'UNDERGRAD','01-01-2020');
INSERT INTO Enrolled (u_id,courseCode) VALUES (620000842,'PHYS3659'),(620000842,'BIOC1164'),(620000842,'INFO1242'),(620000842,'COMP3506');
INSERT INTO Users VALUES (620000843,'Cassie','Taylor','CassieTaylor@gmail.com','TaylorCassie');
INSERT INTO Students VALUES (620000843,'UNDERGRAD','01-01-2020');
INSERT INTO Enrolled (u_id,courseCode) VALUES (620000843,'INFO1648'),(620000843,'PHYS2229'),(620000843,'INFO2811');
INSERT INTO Users VALUES (620000844,'Daisy','Eaton','DaisyEaton@gmail.com','EatonDaisy');
INSERT INTO Students VALUES (620000844,'UNDERGRAD','01-01-2020');
INSERT INTO Enrolled (u_id,courseCode) VALUES (620000844,'CHEM3617'),(620000844,'BIOC2236'),(620000844,'MATH3613'),(620000844,'COMP3849');
INSERT INTO Users VALUES (620000845,'Wanda','Vanhamlin','WandaVanhamlin@gmail.com','VanhamlinWanda');
INSERT INTO Students VALUES (620000845,'UNDERGRAD','01-01-2020');
INSERT INTO Enrolled (u_id,courseCode) VALUES (620000845,'MATH3613'),(620000845,'INFO3868'),(620000845,'ECON1561'),(620000845,'PHYS3876');
INSERT INTO Users VALUES (620000846,'Joseph','Jeanbaptiste','JosephJeanbaptiste@gmail.com','JeanbaptisteJoseph');
INSERT INTO Students VALUES (620000846,'UNDERGRAD','01-01-2020');
INSERT INTO Enrolled (u_id,courseCode) VALUES (620000846,'ECON1012'),(620000846,'INFO2860'),(620000846,'CHEM2446'),(620000846,'BIOC1598');
INSERT INTO Users VALUES (620000847,'Hazel','Hinojosa','HazelHinojosa@gmail.com','HinojosaHazel');
INSERT INTO Students VALUES (620000847,'UNDERGRAD','01-01-2020');
INSERT INTO Enrolled (u_id,courseCode) VALUES (620000847,'CHEM3793'),(620000847,'INFO3603'),(620000847,'BIOC1986');
INSERT INTO Users VALUES (620000848,'Patricia','Kent','PatriciaKent@gmail.com','KentPatricia');
INSERT INTO Students VALUES (620000848,'UNDERGRAD','01-01-2020');
INSERT INTO Enrolled (u_id,courseCode) VALUES (620000848,'CHEM2031'),(620000848,'PHYS2977'),(620000848,'COMP2361'),(620000848,'MATH1262'),(620000848,'INFO2813');
INSERT INTO Users VALUES (620000849,'Jake','Armstead','JakeArmstead@gmail.com','ArmsteadJake');
INSERT INTO Students VALUES (620000849,'UNDERGRAD','01-01-2020');
INSERT INTO Enrolled (u_id,courseCode) VALUES (620000849,'MATH2555'),(620000849,'INFO2811'),(620000849,'MATH1972'),(620000849,'INFO2213'),(620000849,'ECON1645');
INSERT INTO Users VALUES (620000850,'Clifford','Walker','CliffordWalker@gmail.com','WalkerClifford');
INSERT INTO Students VALUES (620000850,'UNDERGRAD','01-01-2020');
INSERT INTO Enrolled (u_id,courseCode) VALUES (620000850,'INFO2636'),(620000850,'INFO2950'),(620000850,'PHYS2451'),(620000850,'INFO3868'),(620000850,'INFO3419'),(620000850,'MATH2501');
INSERT INTO Users VALUES (620000851,'Alice','Deen','AliceDeen@gmail.com','DeenAlice');
INSERT INTO Students VALUES (620000851,'UNDERGRAD','01-01-2020');
INSERT INTO Enrolled (u_id,courseCode) VALUES (620000851,'CHEM2220'),(620000851,'COMP1357'),(620000851,'CHEM3347'),(620000851,'CHEM3747'),(620000851,'CHEM2446');
INSERT INTO Users VALUES (620000852,'Mark','Hayes','MarkHayes@gmail.com','HayesMark');
INSERT INTO Students VALUES (620000852,'UNDERGRAD','01-01-2020');
INSERT INTO Enrolled (u_id,courseCode) VALUES (620000852,'MATH1735'),(620000852,'MATH1262'),(620000852,'INFO1833'),(620000852,'INFO2337'),(620000852,'PHYS3876');
INSERT INTO Users VALUES (620000853,'Katie','Estrada','KatieEstrada@gmail.com','EstradaKatie');
INSERT INTO Students VALUES (620000853,'UNDERGRAD','01-01-2020');
INSERT INTO Enrolled (u_id,courseCode) VALUES (620000853,'MATH1735'),(620000853,'ECON3372'),(620000853,'BIOC2983');
INSERT INTO Users VALUES (620000854,'Nathan','Rivera','NathanRivera@gmail.com','RiveraNathan');
INSERT INTO Students VALUES (620000854,'UNDERGRAD','01-01-2020');
INSERT INTO Enrolled (u_id,courseCode) VALUES (620000854,'BIOC3604'),(620000854,'CHEM2031'),(620000854,'INFO1242'),(620000854,'CHEM3614');
INSERT INTO Users VALUES (620000855,'Jennifer','Scully','JenniferScully@gmail.com','ScullyJennifer');
INSERT INTO Students VALUES (620000855,'UNDERGRAD','01-01-2020');
INSERT INTO Enrolled (u_id,courseCode) VALUES (620000855,'BIOC2550'),(620000855,'BIOC2671'),(620000855,'MATH3059'),(620000855,'PHYS3787'),(620000855,'ECON3020');
INSERT INTO Users VALUES (620000856,'Ed','Dumas','EdDumas@gmail.com','DumasEd');
INSERT INTO Students VALUES (620000856,'UNDERGRAD','01-01-2020');
INSERT INTO Enrolled (u_id,courseCode) VALUES (620000856,'PHYS1173'),(620000856,'ECON3004'),(620000856,'INFO3645'),(620000856,'BIOC1104'),(620000856,'COMP2080');
INSERT INTO Users VALUES (620000857,'Janice','Mcclenon','JaniceMcclenon@gmail.com','McclenonJanice');
INSERT INTO Students VALUES (620000857,'UNDERGRAD','01-01-2020');
INSERT INTO Enrolled (u_id,courseCode) VALUES (620000857,'MATH3613'),(620000857,'BIOC1598'),(620000857,'CHEM2481');
INSERT INTO Users VALUES (620000858,'Shayne','Krause','ShayneKrause@gmail.com','KrauseShayne');
INSERT INTO Students VALUES (620000858,'UNDERGRAD','01-01-2020');
INSERT INTO Enrolled (u_id,courseCode) VALUES (620000858,'BIOC1744'),(620000858,'BIOC2236'),(620000858,'CHEM2604');
INSERT INTO Users VALUES (620000859,'Jacqueline','Kenney','JacquelineKenney@gmail.com','KenneyJacqueline');
INSERT INTO Students VALUES (620000859,'UNDERGRAD','01-01-2020');
INSERT INTO Enrolled (u_id,courseCode) VALUES (620000859,'PHYS2117'),(620000859,'ECON3288'),(620000859,'ECON2814');
INSERT INTO Users VALUES (620000860,'Grace','Howe','GraceHowe@gmail.com','HoweGrace');
INSERT INTO Students VALUES (620000860,'UNDERGRAD','01-01-2020');
INSERT INTO Enrolled (u_id,courseCode) VALUES (620000860,'BIOC2550'),(620000860,'CHEM1340'),(620000860,'CHEM1807'),(620000860,'BIOC1744');
INSERT INTO Users VALUES (620000861,'Juan','Rivera','JuanRivera@gmail.com','RiveraJuan');
INSERT INTO Students VALUES (620000861,'UNDERGRAD','01-01-2020');
INSERT INTO Enrolled (u_id,courseCode) VALUES (620000861,'INFO2213'),(620000861,'INFO1447'),(620000861,'ECON2387'),(620000861,'BIOC2550'),(620000861,'BIOC1910'),(620000861,'BIOC1744');
INSERT INTO Users VALUES (620000862,'Francisca','Petersen','FranciscaPetersen@gmail.com','PetersenFrancisca');
INSERT INTO Students VALUES (620000862,'UNDERGRAD','01-01-2020');
INSERT INTO Enrolled (u_id,courseCode) VALUES (620000862,'BIOC1794'),(620000862,'CHEM2031'),(620000862,'MATH3029'),(620000862,'MATH3857');
INSERT INTO Users VALUES (620000863,'Craig','Mejias','CraigMejias@gmail.com','MejiasCraig');
INSERT INTO Students VALUES (620000863,'UNDERGRAD','01-01-2020');
INSERT INTO Enrolled (u_id,courseCode) VALUES (620000863,'BIOC1485'),(620000863,'INFO3868'),(620000863,'COMP3685'),(620000863,'INFO2636'),(620000863,'ECON1498'),(620000863,'MATH3059');
INSERT INTO Users VALUES (620000864,'Stacy','Tallent','StacyTallent@gmail.com','TallentStacy');
INSERT INTO Students VALUES (620000864,'UNDERGRAD','01-01-2020');
INSERT INTO Enrolled (u_id,courseCode) VALUES (620000864,'PHYS3290'),(620000864,'CHEM2065'),(620000864,'ECON1783'),(620000864,'BIOC1104'),(620000864,'BIOC2550'),(620000864,'COMP2361');
INSERT INTO Users VALUES (620000865,'Wanda','Bower','WandaBower@gmail.com','BowerWanda');
INSERT INTO Students VALUES (620000865,'UNDERGRAD','01-01-2020');
INSERT INTO Enrolled (u_id,courseCode) VALUES (620000865,'COMP1867'),(620000865,'BIOC1104'),(620000865,'INFO2521'),(620000865,'MATH1148'),(620000865,'PHYS3876');
INSERT INTO Users VALUES (620000866,'Cherise','Ryan','CheriseRyan@gmail.com','RyanCherise');
INSERT INTO Students VALUES (620000866,'UNDERGRAD','01-01-2020');
INSERT INTO Enrolled (u_id,courseCode) VALUES (620000866,'BIOC2981'),(620000866,'ECON3550'),(620000866,'MATH2188');
INSERT INTO Users VALUES (620000867,'Brooke','Golden','BrookeGolden@gmail.com','GoldenBrooke');
INSERT INTO Students VALUES (620000867,'UNDERGRAD','01-01-2020');
INSERT INTO Enrolled (u_id,courseCode) VALUES (620000867,'ECON3085'),(620000867,'ECON1098'),(620000867,'ECON3523'),(620000867,'BIOC2983'),(620000867,'BIOC1439'),(620000867,'MATH1638');
INSERT INTO Users VALUES (620000868,'Janet','Robertson','JanetRobertson@gmail.com','RobertsonJanet');
INSERT INTO Students VALUES (620000868,'UNDERGRAD','01-01-2020');
INSERT INTO Enrolled (u_id,courseCode) VALUES (620000868,'MATH1578'),(620000868,'MATH2873'),(620000868,'PHYS1979');
INSERT INTO Users VALUES (620000869,'Kim','Valenzuela','KimValenzuela@gmail.com','ValenzuelaKim');
INSERT INTO Students VALUES (620000869,'UNDERGRAD','01-01-2020');
INSERT INTO Enrolled (u_id,courseCode) VALUES (620000869,'COMP1867'),(620000869,'MATH3544'),(620000869,'ECON3372'),(620000869,'MATH3613'),(620000869,'MATH1578'),(620000869,'MATH1735');
INSERT INTO Users VALUES (620000870,'Carrie','Wengerd','CarrieWengerd@gmail.com','WengerdCarrie');
INSERT INTO Students VALUES (620000870,'UNDERGRAD','01-01-2020');
INSERT INTO Enrolled (u_id,courseCode) VALUES (620000870,'BIOC2981'),(620000870,'PHYS2563'),(620000870,'COMP2651'),(620000870,'MATH3209'),(620000870,'ECON3276');
INSERT INTO Users VALUES (620000871,'Willie','Citizen','WillieCitizen@gmail.com','CitizenWillie');
INSERT INTO Students VALUES (620000871,'UNDERGRAD','01-01-2020');
INSERT INTO Enrolled (u_id,courseCode) VALUES (620000871,'BIOC2236'),(620000871,'PHYS2667'),(620000871,'BIOC3604'),(620000871,'ECON1098'),(620000871,'INFO2521'),(620000871,'COMP2080');
INSERT INTO Users VALUES (620000872,'Shayne','Bradford','ShayneBradford@gmail.com','BradfordShayne');
INSERT INTO Students VALUES (620000872,'UNDERGRAD','01-01-2020');
INSERT INTO Enrolled (u_id,courseCode) VALUES (620000872,'INFO2213'),(620000872,'BIOC1725'),(620000872,'PHYS3729'),(620000872,'MATH1638'),(620000872,'MATH3173');
INSERT INTO Users VALUES (620000873,'Juan','Calloway','JuanCalloway@gmail.com','CallowayJuan');
INSERT INTO Students VALUES (620000873,'UNDERGRAD','01-01-2020');
INSERT INTO Enrolled (u_id,courseCode) VALUES (620000873,'MATH3857'),(620000873,'COMP1543'),(620000873,'COMP2077');
INSERT INTO Users VALUES (620000874,'Marcus','Jeanbaptiste','MarcusJeanbaptiste@gmail.com','JeanbaptisteMarcus');
INSERT INTO Students VALUES (620000874,'UNDERGRAD','01-01-2020');
INSERT INTO Enrolled (u_id,courseCode) VALUES (620000874,'COMP1543'),(620000874,'INFO1242'),(620000874,'MATH3173'),(620000874,'ECON3311');
INSERT INTO Users VALUES (620000875,'Magdalen','Chappell','MagdalenChappell@gmail.com','ChappellMagdalen');
INSERT INTO Students VALUES (620000875,'UNDERGRAD','01-01-2020');
INSERT INTO Enrolled (u_id,courseCode) VALUES (620000875,'COMP1573'),(620000875,'BIOC2550'),(620000875,'INFO2213'),(620000875,'PHYS3052'),(620000875,'MATH3173'),(620000875,'PHYS1993');
INSERT INTO Users VALUES (620000876,'David','Calvert','DavidCalvert@gmail.com','CalvertDavid');
INSERT INTO Students VALUES (620000876,'UNDERGRAD','01-01-2020');
INSERT INTO Enrolled (u_id,courseCode) VALUES (620000876,'MATH1972'),(620000876,'MATH1638'),(620000876,'PHYS3464'),(620000876,'INFO2147'),(620000876,'MATH2873'),(620000876,'COMP3746');
INSERT INTO Users VALUES (620000877,'Betty','Nunn','BettyNunn@gmail.com','NunnBetty');
INSERT INTO Students VALUES (620000877,'UNDERGRAD','01-01-2020');
INSERT INTO Enrolled (u_id,courseCode) VALUES (620000877,'CHEM2446'),(620000877,'ECON2345'),(620000877,'CHEM1485'),(620000877,'COMP1357'),(620000877,'BIOC2550');
INSERT INTO Users VALUES (620000878,'Donald','King','DonaldKing@gmail.com','KingDonald');
INSERT INTO Students VALUES (620000878,'UNDERGRAD','01-01-2020');
INSERT INTO Enrolled (u_id,courseCode) VALUES (620000878,'INFO1288'),(620000878,'ECON3447'),(620000878,'ECON3020'),(620000878,'BIOC1448'),(620000878,'INFO1833');
INSERT INTO Users VALUES (620000879,'Roger','Granado','RogerGranado@gmail.com','GranadoRoger');
INSERT INTO Students VALUES (620000879,'UNDERGRAD','01-01-2020');
INSERT INTO Enrolled (u_id,courseCode) VALUES (620000879,'COMP3536'),(620000879,'ECON1589'),(620000879,'CHEM3614'),(620000879,'BIOC2054'),(620000879,'BIOC2550'),(620000879,'PHYS2306');
INSERT INTO Users VALUES (620000880,'Stanley','Oswalt','StanleyOswalt@gmail.com','OswaltStanley');
INSERT INTO Students VALUES (620000880,'UNDERGRAD','01-01-2020');
INSERT INTO Enrolled (u_id,courseCode) VALUES (620000880,'ECON3523'),(620000880,'CHEM3793'),(620000880,'PHYS2563'),(620000880,'INFO2860'),(620000880,'COMP1460'),(620000880,'INFO2521');
INSERT INTO Users VALUES (620000881,'Hector','Tallent','HectorTallent@gmail.com','TallentHector');
INSERT INTO Students VALUES (620000881,'UNDERGRAD','01-01-2020');
INSERT INTO Enrolled (u_id,courseCode) VALUES (620000881,'PHYS2238'),(620000881,'CHEM2177'),(620000881,'CHEM2727');
INSERT INTO Users VALUES (620000882,'Manuel','Noonan','ManuelNoonan@gmail.com','NoonanManuel');
INSERT INTO Students VALUES (620000882,'UNDERGRAD','01-01-2020');
INSERT INTO Enrolled (u_id,courseCode) VALUES (620000882,'MATH1262'),(620000882,'CHEM1613'),(620000882,'ECON3085'),(620000882,'COMP2965');
INSERT INTO Users VALUES (620000883,'Ralph','Taylor','RalphTaylor@gmail.com','TaylorRalph');
INSERT INTO Students VALUES (620000883,'UNDERGRAD','01-01-2020');
INSERT INTO Enrolled (u_id,courseCode) VALUES (620000883,'MATH1578'),(620000883,'ECON1498'),(620000883,'CHEM2697'),(620000883,'CHEM2727'),(620000883,'PHYS3729'),(620000883,'MATH1262');
INSERT INTO Users VALUES (620000884,'Casey','Noonan','CaseyNoonan@gmail.com','NoonanCasey');
INSERT INTO Students VALUES (620000884,'UNDERGRAD','01-01-2020');
INSERT INTO Enrolled (u_id,courseCode) VALUES (620000884,'ECON3311'),(620000884,'COMP3167'),(620000884,'PHYS3659'),(620000884,'PHYS2563'),(620000884,'MATH2957');
INSERT INTO Users VALUES (620000885,'Guillermo','Hauser','GuillermoHauser@gmail.com','HauserGuillermo');
INSERT INTO Students VALUES (620000885,'UNDERGRAD','01-01-2020');
INSERT INTO Enrolled (u_id,courseCode) VALUES (620000885,'INFO1014'),(620000885,'BIOC3457'),(620000885,'MATH1454'),(620000885,'BIOC2550'),(620000885,'CHEM3347');
INSERT INTO Users VALUES (620000886,'Mark','English','MarkEnglish@gmail.com','EnglishMark');
INSERT INTO Students VALUES (620000886,'UNDERGRAD','01-01-2020');
INSERT INTO Enrolled (u_id,courseCode) VALUES (620000886,'PHYS1930'),(620000886,'BIOC3721'),(620000886,'BIOC1744'),(620000886,'COMP3238'),(620000886,'COMP1184');
INSERT INTO Users VALUES (620000887,'Bernie','Daniels','BernieDaniels@gmail.com','DanielsBernie');
INSERT INTO Students VALUES (620000887,'UNDERGRAD','01-01-2020');
INSERT INTO Enrolled (u_id,courseCode) VALUES (620000887,'MATH2957'),(620000887,'CHEM3614'),(620000887,'MATH3209'),(620000887,'ECON2387'),(620000887,'PHYS2229'),(620000887,'INFO1447');
INSERT INTO Users VALUES (620000888,'Traci','Thomas','TraciThomas@gmail.com','ThomasTraci');
INSERT INTO Students VALUES (620000888,'UNDERGRAD','01-01-2020');
INSERT INTO Enrolled (u_id,courseCode) VALUES (620000888,'ECON2814'),(620000888,'ECON1589'),(620000888,'INFO3868'),(620000888,'CHEM2727'),(620000888,'PHYS3354');
INSERT INTO Users VALUES (620000889,'Jewell','Laramee','JewellLaramee@gmail.com','LarameeJewell');
INSERT INTO Students VALUES (620000889,'UNDERGRAD','01-01-2020');
INSERT INTO Enrolled (u_id,courseCode) VALUES (620000889,'ECON3447'),(620000889,'CHEM1807'),(620000889,'BIOC1448');
INSERT INTO Users VALUES (620000890,'Craig','Estrada','CraigEstrada@gmail.com','EstradaCraig');
INSERT INTO Students VALUES (620000890,'UNDERGRAD','01-01-2020');
INSERT INTO Enrolled (u_id,courseCode) VALUES (620000890,'COMP3685'),(620000890,'COMP2651'),(620000890,'CHEM2446'),(620000890,'MATH1648'),(620000890,'BIOC2054');
INSERT INTO Users VALUES (620000891,'Lilla','Pantoja','LillaPantoja@gmail.com','PantojaLilla');
INSERT INTO Students VALUES (620000891,'UNDERGRAD','01-01-2020');
INSERT INTO Enrolled (u_id,courseCode) VALUES (620000891,'MATH3222'),(620000891,'COMP3084'),(620000891,'CHEM3409'),(620000891,'BIOC1052'),(620000891,'MATH1250');
INSERT INTO Users VALUES (620000892,'Casey','Caudill','CaseyCaudill@gmail.com','CaudillCasey');
INSERT INTO Students VALUES (620000892,'UNDERGRAD','01-01-2020');
INSERT INTO Enrolled (u_id,courseCode) VALUES (620000892,'PHYS1993'),(620000892,'MATH3857'),(620000892,'CHEM2031'),(620000892,'CHEM2697');
INSERT INTO Users VALUES (620000893,'Barbara','Duffie','BarbaraDuffie@gmail.com','DuffieBarbara');
INSERT INTO Students VALUES (620000893,'UNDERGRAD','01-01-2020');
INSERT INTO Enrolled (u_id,courseCode) VALUES (620000893,'MATH2801'),(620000893,'CHEM3347'),(620000893,'BIOC2983');
INSERT INTO Users VALUES (620000894,'Miguel','Bowerman','MiguelBowerman@gmail.com','BowermanMiguel');
INSERT INTO Students VALUES (620000894,'UNDERGRAD','01-01-2020');
INSERT INTO Enrolled (u_id,courseCode) VALUES (620000894,'COMP1184'),(620000894,'BIOC2550'),(620000894,'CHEM2481'),(620000894,'BIOC1485'),(620000894,'BIOC1164'),(620000894,'MATH3844');
INSERT INTO Users VALUES (620000895,'Delmar','Monte','DelmarMonte@gmail.com','MonteDelmar');
INSERT INTO Students VALUES (620000895,'UNDERGRAD','01-01-2020');
INSERT INTO Enrolled (u_id,courseCode) VALUES (620000895,'CHEM2220'),(620000895,'INFO3419'),(620000895,'PHYS3876'),(620000895,'CHEM3747'),(620000895,'MATH3688');
INSERT INTO Users VALUES (620000896,'Dale','Bradford','DaleBradford@gmail.com','BradfordDale');
INSERT INTO Students VALUES (620000896,'UNDERGRAD','01-01-2020');
INSERT INTO Enrolled (u_id,courseCode) VALUES (620000896,'PHYS3339'),(620000896,'ECON1561'),(620000896,'PHYS1140'),(620000896,'BIOC1794');
INSERT INTO Users VALUES (620000897,'Taylor','Joeckel','TaylorJoeckel@gmail.com','JoeckelTaylor');
INSERT INTO Students VALUES (620000897,'UNDERGRAD','01-01-2020');
INSERT INTO Enrolled (u_id,courseCode) VALUES (620000897,'PHYS2229'),(620000897,'BIOC1794'),(620000897,'MATH2550'),(620000897,'BIOC3721');
INSERT INTO Users VALUES (620000898,'Grace','Ferretti','GraceFerretti@gmail.com','FerrettiGrace');
INSERT INTO Students VALUES (620000898,'UNDERGRAD','01-01-2020');
INSERT INTO Enrolled (u_id,courseCode) VALUES (620000898,'BIOC3341'),(620000898,'CHEM2604'),(620000898,'BIOC2550'),(620000898,'ECON2703');
INSERT INTO Users VALUES (620000899,'Donald','Monte','DonaldMonte@gmail.com','MonteDonald');
INSERT INTO Students VALUES (620000899,'UNDERGRAD','01-01-2020');
INSERT INTO Enrolled (u_id,courseCode) VALUES (620000899,'COMP1573'),(620000899,'COMP2400'),(620000899,'MATH2801'),(620000899,'MATH1648'),(620000899,'CHEM2481');
INSERT INTO Users VALUES (620000900,'Hector','Early','HectorEarly@gmail.com','EarlyHector');
INSERT INTO Students VALUES (620000900,'UNDERGRAD','01-01-2020');
INSERT INTO Enrolled (u_id,courseCode) VALUES (620000900,'INFO2559'),(620000900,'INFO1833'),(620000900,'BIOC1164');
INSERT INTO Users VALUES (620000901,'Linda','Morey','LindaMorey@gmail.com','MoreyLinda');
INSERT INTO Students VALUES (620000901,'UNDERGRAD','01-01-2020');
INSERT INTO Enrolled (u_id,courseCode) VALUES (620000901,'ECON2387'),(620000901,'BIOC1448'),(620000901,'ECON1098'),(620000901,'MATH3844');
INSERT INTO Users VALUES (620000902,'Geraldine','Marshall','GeraldineMarshall@gmail.com','MarshallGeraldine');
INSERT INTO Students VALUES (620000902,'UNDERGRAD','01-01-2020');
INSERT INTO Enrolled (u_id,courseCode) VALUES (620000902,'BIOC1744'),(620000902,'ECON1589'),(620000902,'CHEM2031');
INSERT INTO Users VALUES (620000903,'Carol','Koehn','CarolKoehn@gmail.com','KoehnCarol');
INSERT INTO Students VALUES (620000903,'UNDERGRAD','01-01-2020');
INSERT INTO Enrolled (u_id,courseCode) VALUES (620000903,'INFO3935'),(620000903,'INFO1014'),(620000903,'ECON1561'),(620000903,'COMP2080');
INSERT INTO Users VALUES (620000904,'Miguel','Casteel','MiguelCasteel@gmail.com','CasteelMiguel');
INSERT INTO Students VALUES (620000904,'UNDERGRAD','01-01-2020');
INSERT INTO Enrolled (u_id,courseCode) VALUES (620000904,'BIOC1052'),(620000904,'INFO2797'),(620000904,'PHYS3339'),(620000904,'ECON1458'),(620000904,'COMP3639'),(620000904,'INFO1990');
INSERT INTO Users VALUES (620000905,'Charles','Woomer','CharlesWoomer@gmail.com','WoomerCharles');
INSERT INTO Students VALUES (620000905,'UNDERGRAD','01-01-2020');
INSERT INTO Enrolled (u_id,courseCode) VALUES (620000905,'BIOC3341'),(620000905,'MATH2873'),(620000905,'INFO2860');
INSERT INTO Users VALUES (620000906,'Kelly','Citizen','KellyCitizen@gmail.com','CitizenKelly');
INSERT INTO Students VALUES (620000906,'UNDERGRAD','01-01-2020');
INSERT INTO Enrolled (u_id,courseCode) VALUES (620000906,'BIOC2589'),(620000906,'MATH3029'),(620000906,'ECON2814'),(620000906,'COMP3238'),(620000906,'CHEM1485');
INSERT INTO Users VALUES (620000907,'Katherine','Felipe','KatherineFelipe@gmail.com','FelipeKatherine');
INSERT INTO Students VALUES (620000907,'UNDERGRAD','01-01-2020');
INSERT INTO Enrolled (u_id,courseCode) VALUES (620000907,'COMP3639'),(620000907,'CHEM1613'),(620000907,'INFO2270'),(620000907,'PHYS3354');
INSERT INTO Users VALUES (620000908,'Julius','Miles','JuliusMiles@gmail.com','MilesJulius');
INSERT INTO Students VALUES (620000908,'UNDERGRAD','01-01-2020');
INSERT INTO Enrolled (u_id,courseCode) VALUES (620000908,'BIOC3604'),(620000908,'MATH3179'),(620000908,'BIOC1794');
INSERT INTO Users VALUES (620000909,'Jason','Hinojosa','JasonHinojosa@gmail.com','HinojosaJason');
INSERT INTO Students VALUES (620000909,'UNDERGRAD','01-01-2020');
INSERT INTO Enrolled (u_id,courseCode) VALUES (620000909,'CHEM2066'),(620000909,'COMP1867'),(620000909,'MATH3173'),(620000909,'ECON1783');
INSERT INTO Users VALUES (620000910,'Josh','Shane','JoshShane@gmail.com','ShaneJosh');
INSERT INTO Students VALUES (620000910,'UNDERGRAD','01-01-2020');
INSERT INTO Enrolled (u_id,courseCode) VALUES (620000910,'ECON1645'),(620000910,'CHEM2005'),(620000910,'MATH1648'),(620000910,'INFO1825'),(620000910,'CHEM1807');
INSERT INTO Users VALUES (620000911,'Bethany','Williamson','BethanyWilliamson@gmail.com','WilliamsonBethany');
INSERT INTO Students VALUES (620000911,'UNDERGRAD','01-01-2020');
INSERT INTO Enrolled (u_id,courseCode) VALUES (620000911,'MATH2873'),(620000911,'ECON3228'),(620000911,'CHEM1613'),(620000911,'MATH1638');
INSERT INTO Users VALUES (620000912,'Kelly','Flowers','KellyFlowers@gmail.com','FlowersKelly');
INSERT INTO Students VALUES (620000912,'UNDERGRAD','01-01-2020');
INSERT INTO Enrolled (u_id,courseCode) VALUES (620000912,'BIOC2983'),(620000912,'PHYS2117'),(620000912,'COMP2717');
INSERT INTO Users VALUES (620000913,'Miss','Myrick','MissMyrick@gmail.com','MyrickMiss');
INSERT INTO Students VALUES (620000913,'UNDERGRAD','01-01-2020');
INSERT INTO Enrolled (u_id,courseCode) VALUES (620000913,'MATH1250'),(620000913,'BIOC1866'),(620000913,'CHEM2220'),(620000913,'MATH3209');
INSERT INTO Users VALUES (620000914,'Christine','Kent','ChristineKent@gmail.com','KentChristine');
INSERT INTO Students VALUES (620000914,'UNDERGRAD','01-01-2020');
INSERT INTO Enrolled (u_id,courseCode) VALUES (620000914,'ECON3550'),(620000914,'BIOC2983'),(620000914,'PHYS1140'),(620000914,'PHYS2451'),(620000914,'ECON1645'),(620000914,'MATH1148');
INSERT INTO Users VALUES (620000915,'Stephanie','Stovall','StephanieStovall@gmail.com','StovallStephanie');
INSERT INTO Students VALUES (620000915,'UNDERGRAD','01-01-2020');
INSERT INTO Enrolled (u_id,courseCode) VALUES (620000915,'CHEM1807'),(620000915,'ECON3020'),(620000915,'PHYS2563'),(620000915,'ECON1561'),(620000915,'BIOC2236'),(620000915,'CHEM3054');
INSERT INTO Users VALUES (620000916,'Jeffrey','Pearson','JeffreyPearson@gmail.com','PearsonJeffrey');
INSERT INTO Students VALUES (620000916,'UNDERGRAD','01-01-2020');
INSERT INTO Enrolled (u_id,courseCode) VALUES (620000916,'MATH3857'),(620000916,'MATH3179'),(620000916,'CHEM2727'),(620000916,'CHEM2220');
INSERT INTO Users VALUES (620000917,'Diane','Griffitts','DianeGriffitts@gmail.com','GriffittsDiane');
INSERT INTO Students VALUES (620000917,'UNDERGRAD','01-01-2020');
INSERT INTO Enrolled (u_id,courseCode) VALUES (620000917,'INFO1145'),(620000917,'MATH3688'),(620000917,'COMP2717'),(620000917,'BIOC1534'),(620000917,'PHYS1399');
INSERT INTO Users VALUES (620000918,'Sarah','James','SarahJames@gmail.com','JamesSarah');
INSERT INTO Students VALUES (620000918,'UNDERGRAD','01-01-2020');
INSERT INTO Enrolled (u_id,courseCode) VALUES (620000918,'ECON3372'),(620000918,'BIOC1052'),(620000918,'COMP2361'),(620000918,'CHEM3054');
INSERT INTO Users VALUES (620000919,'Evelyn','Chappell','EvelynChappell@gmail.com','ChappellEvelyn');
INSERT INTO Students VALUES (620000919,'UNDERGRAD','01-01-2020');
INSERT INTO Enrolled (u_id,courseCode) VALUES (620000919,'MATH1638'),(620000919,'MATH3173'),(620000919,'PHYS3686'),(620000919,'CHEM2797'),(620000919,'MATH2067'),(620000919,'BIOC1052');
INSERT INTO Users VALUES (620000920,'Jeremy','Deen','JeremyDeen@gmail.com','DeenJeremy');
INSERT INTO Students VALUES (620000920,'UNDERGRAD','01-01-2020');
INSERT INTO Enrolled (u_id,courseCode) VALUES (620000920,'MATH3029'),(620000920,'CHEM2867'),(620000920,'CHEM2031'),(620000920,'PHYS3052'),(620000920,'CHEM3327');
INSERT INTO Users VALUES (620000921,'Alfred','Scully','AlfredScully@gmail.com','ScullyAlfred');
INSERT INTO Students VALUES (620000921,'UNDERGRAD','01-01-2020');
INSERT INTO Enrolled (u_id,courseCode) VALUES (620000921,'INFO2950'),(620000921,'COMP1867'),(620000921,'BIOC2054'),(620000921,'COMP1573');
INSERT INTO Users VALUES (620000922,'Eric','Williams','EricWilliams@gmail.com','WilliamsEric');
INSERT INTO Students VALUES (620000922,'UNDERGRAD','01-01-2020');
INSERT INTO Enrolled (u_id,courseCode) VALUES (620000922,'MATH2501'),(620000922,'PHYS2977'),(620000922,'COMP2965');
INSERT INTO Users VALUES (620000923,'Mason','Cash','MasonCash@gmail.com','CashMason');
INSERT INTO Students VALUES (620000923,'UNDERGRAD','01-01-2020');
INSERT INTO Enrolled (u_id,courseCode) VALUES (620000923,'BIOC1104'),(620000923,'PHYS2451'),(620000923,'ECON3063'),(620000923,'BIOC2236'),(620000923,'CHEM2797'),(620000923,'PHYS1399');
INSERT INTO Users VALUES (620000924,'Dora','Mcclain','DoraMcclain@gmail.com','McclainDora');
INSERT INTO Students VALUES (620000924,'UNDERGRAD','01-01-2020');
INSERT INTO Enrolled (u_id,courseCode) VALUES (620000924,'MATH3209'),(620000924,'MATH1262'),(620000924,'ECON3737'),(620000924,'INFO3419'),(620000924,'INFO3636'),(620000924,'ECON1230');
INSERT INTO Users VALUES (620000925,'Sean','Fuller','SeanFuller@gmail.com','FullerSean');
INSERT INTO Students VALUES (620000925,'UNDERGRAD','01-01-2020');
INSERT INTO Enrolled (u_id,courseCode) VALUES (620000925,'COMP1573'),(620000925,'INFO2521'),(620000925,'PHYS2229'),(620000925,'ECON2703'),(620000925,'COMP2400'),(620000925,'MATH1578');
INSERT INTO Users VALUES (620000926,'Warren','Ramlall','WarrenRamlall@gmail.com','RamlallWarren');
INSERT INTO Students VALUES (620000926,'UNDERGRAD','01-01-2020');
INSERT INTO Enrolled (u_id,courseCode) VALUES (620000926,'ECON3020'),(620000926,'CHEM2220'),(620000926,'MATH2801'),(620000926,'COMP3685');
INSERT INTO Users VALUES (620000927,'Ruth','Spohn','RuthSpohn@gmail.com','SpohnRuth');
INSERT INTO Students VALUES (620000927,'UNDERGRAD','01-01-2020');
INSERT INTO Enrolled (u_id,courseCode) VALUES (620000927,'INFO2797'),(620000927,'MATH1648'),(620000927,'PHYS2448'),(620000927,'COMP1867'),(620000927,'COMP3849');
INSERT INTO Users VALUES (620000928,'Tiara','Saunders','TiaraSaunders@gmail.com','SaundersTiara');
INSERT INTO Students VALUES (620000928,'UNDERGRAD','01-01-2020');
INSERT INTO Enrolled (u_id,courseCode) VALUES (620000928,'INFO2521'),(620000928,'ECON3004'),(620000928,'CHEM2031');
INSERT INTO Users VALUES (620000929,'Mark','Estrada','MarkEstrada@gmail.com','EstradaMark');
INSERT INTO Students VALUES (620000929,'UNDERGRAD','01-01-2020');
INSERT INTO Enrolled (u_id,courseCode) VALUES (620000929,'CHEM2481'),(620000929,'PHYS2113'),(620000929,'PHYS3876'),(620000929,'CHEM1494');
INSERT INTO Users VALUES (620000930,'Ronald','Bradford','RonaldBradford@gmail.com','BradfordRonald');
INSERT INTO Students VALUES (620000930,'UNDERGRAD','01-01-2020');
INSERT INTO Enrolled (u_id,courseCode) VALUES (620000930,'PHYS1993'),(620000930,'MATH3688'),(620000930,'PHYS3876');
INSERT INTO Users VALUES (620000931,'Bernard','Eddins','BernardEddins@gmail.com','EddinsBernard');
INSERT INTO Students VALUES (620000931,'UNDERGRAD','01-01-2020');
INSERT INTO Enrolled (u_id,courseCode) VALUES (620000931,'COMP3685'),(620000931,'ECON3523'),(620000931,'BIOC1485'),(620000931,'CHEM3327'),(620000931,'ECON3737');
INSERT INTO Users VALUES (620000932,'Lisa','Thomas','LisaThomas@gmail.com','ThomasLisa');
INSERT INTO Students VALUES (620000932,'UNDERGRAD','01-01-2020');
INSERT INTO Enrolled (u_id,courseCode) VALUES (620000932,'INFO2716'),(620000932,'CHEM2031'),(620000932,'ECON1561'),(620000932,'MATH1148'),(620000932,'BIOC2981'),(620000932,'COMP3418');
INSERT INTO Users VALUES (620000933,'Philip','Hinojosa','PhilipHinojosa@gmail.com','HinojosaPhilip');
INSERT INTO Students VALUES (620000933,'UNDERGRAD','01-01-2020');
INSERT INTO Enrolled (u_id,courseCode) VALUES (620000933,'INFO1014'),(620000933,'CHEM2005'),(620000933,'BIOC3604');
INSERT INTO Users VALUES (620000934,'Marilyn','Pulley','MarilynPulley@gmail.com','PulleyMarilyn');
INSERT INTO Students VALUES (620000934,'UNDERGRAD','01-01-2020');
INSERT INTO Enrolled (u_id,courseCode) VALUES (620000934,'MATH2801'),(620000934,'COMP2651'),(620000934,'PHYS3729'),(620000934,'ECON2345'),(620000934,'COMP3418'),(620000934,'INFO1833');
INSERT INTO Users VALUES (620000935,'Lois','Wengerd','LoisWengerd@gmail.com','WengerdLois');
INSERT INTO Students VALUES (620000935,'UNDERGRAD','01-01-2020');
INSERT INTO Enrolled (u_id,courseCode) VALUES (620000935,'COMP1573'),(620000935,'MATH3688'),(620000935,'COMP3639'),(620000935,'BIOC3604'),(620000935,'ECON1012'),(620000935,'MATH1638');
INSERT INTO Users VALUES (620000936,'Betty','Taylor','BettyTaylor@gmail.com','TaylorBetty');
INSERT INTO Students VALUES (620000936,'UNDERGRAD','01-01-2020');
INSERT INTO Enrolled (u_id,courseCode) VALUES (620000936,'ECON3737'),(620000936,'BIOC2054'),(620000936,'CHEM1340');
INSERT INTO Users VALUES (620000937,'Freddie','Richardson','FreddieRichardson@gmail.com','RichardsonFreddie');
INSERT INTO Students VALUES (620000937,'UNDERGRAD','01-01-2020');
INSERT INTO Enrolled (u_id,courseCode) VALUES (620000937,'INFO1833'),(620000937,'CHEM2727'),(620000937,'BIOC3230');
INSERT INTO Users VALUES (620000938,'Judith','Brock','JudithBrock@gmail.com','BrockJudith');
INSERT INTO Students VALUES (620000938,'UNDERGRAD','01-01-2020');
INSERT INTO Enrolled (u_id,courseCode) VALUES (620000938,'CHEM2697'),(620000938,'MATH3173'),(620000938,'BIOC3457'),(620000938,'ECON2814'),(620000938,'MATH1454');
INSERT INTO Users VALUES (620000939,'Craig','Stovall','CraigStovall@gmail.com','StovallCraig');
INSERT INTO Students VALUES (620000939,'UNDERGRAD','01-01-2020');
INSERT INTO Enrolled (u_id,courseCode) VALUES (620000939,'BIOC1485'),(620000939,'PHYS1993'),(620000939,'MATH1250');
INSERT INTO Users VALUES (620000940,'Ernesto','Dumas','ErnestoDumas@gmail.com','DumasErnesto');
INSERT INTO Students VALUES (620000940,'UNDERGRAD','01-01-2020');
INSERT INTO Enrolled (u_id,courseCode) VALUES (620000940,'INFO3419'),(620000940,'INFO2813'),(620000940,'PHYS2238');
INSERT INTO Users VALUES (620000941,'Lorenza','Kenney','LorenzaKenney@gmail.com','KenneyLorenza');
INSERT INTO Students VALUES (620000941,'UNDERGRAD','01-01-2020');
INSERT INTO Enrolled (u_id,courseCode) VALUES (620000941,'BIOC1744'),(620000941,'COMP3685'),(620000941,'COMP2080');
INSERT INTO Users VALUES (620000942,'Miss','Taylor','MissTaylor@gmail.com','TaylorMiss');
INSERT INTO Students VALUES (620000942,'UNDERGRAD','01-01-2020');
INSERT INTO Enrolled (u_id,courseCode) VALUES (620000942,'ECON3020'),(620000942,'COMP1573'),(620000942,'PHYS3354'),(620000942,'CHEM2031'),(620000942,'ECON3276'),(620000942,'PHYS3659');
INSERT INTO Users VALUES (620000943,'Juan','Hudson','JuanHudson@gmail.com','HudsonJuan');
INSERT INTO Students VALUES (620000943,'UNDERGRAD','01-01-2020');
INSERT INTO Enrolled (u_id,courseCode) VALUES (620000943,'INFO1145'),(620000943,'INFO2147'),(620000943,'PHYS2977'),(620000943,'COMP3167');
INSERT INTO Users VALUES (620000944,'Roberta','Casteel','RobertaCasteel@gmail.com','CasteelRoberta');
INSERT INTO Students VALUES (620000944,'UNDERGRAD','01-01-2020');
INSERT INTO Enrolled (u_id,courseCode) VALUES (620000944,'INFO2559'),(620000944,'ECON3276'),(620000944,'COMP1867'),(620000944,'BIOC1052'),(620000944,'INFO2811');
INSERT INTO Users VALUES (620000945,'Randy','Reyes','RandyReyes@gmail.com','ReyesRandy');
INSERT INTO Students VALUES (620000945,'UNDERGRAD','01-01-2020');
INSERT INTO Enrolled (u_id,courseCode) VALUES (620000945,'ECON3737'),(620000945,'PHYS3290'),(620000945,'ECON1012'),(620000945,'PHYS3729'),(620000945,'INFO2813'),(620000945,'BIOC1744');
INSERT INTO Users VALUES (620000946,'Esmeralda','Ekberg','EsmeraldaEkberg@gmail.com','EkbergEsmeralda');
INSERT INTO Students VALUES (620000946,'UNDERGRAD','01-01-2020');
INSERT INTO Enrolled (u_id,courseCode) VALUES (620000946,'PHYS1173'),(620000946,'INFO1242'),(620000946,'COMP3173');
INSERT INTO Users VALUES (620000947,'Guillermo','Knox','GuillermoKnox@gmail.com','KnoxGuillermo');
INSERT INTO Students VALUES (620000947,'UNDERGRAD','01-01-2020');
INSERT INTO Enrolled (u_id,courseCode) VALUES (620000947,'COMP3173'),(620000947,'INFO3645'),(620000947,'INFO2950');
INSERT INTO Users VALUES (620000948,'Gordon','Armstead','GordonArmstead@gmail.com','ArmsteadGordon');
INSERT INTO Students VALUES (620000948,'UNDERGRAD','01-01-2020');
INSERT INTO Enrolled (u_id,courseCode) VALUES (620000948,'BIOC1485'),(620000948,'COMP2541'),(620000948,'INFO3645'),(620000948,'INFO2813'),(620000948,'MATH1250'),(620000948,'MATH1262');
INSERT INTO Users VALUES (620000949,'Bethany','Bennett','BethanyBennett@gmail.com','BennettBethany');
INSERT INTO Students VALUES (620000949,'UNDERGRAD','01-01-2020');
INSERT INTO Enrolled (u_id,courseCode) VALUES (620000949,'INFO3935'),(620000949,'INFO1447'),(620000949,'INFO3419');
INSERT INTO Users VALUES (620000950,'Patsy','Schilling','PatsySchilling@gmail.com','SchillingPatsy');
INSERT INTO Students VALUES (620000950,'UNDERGRAD','01-01-2020');
INSERT INTO Enrolled (u_id,courseCode) VALUES (620000950,'PHYS3729'),(620000950,'CHEM2149'),(620000950,'PHYS3787'),(620000950,'INFO3636'),(620000950,'PHYS1399'),(620000950,'CHEM2481');
INSERT INTO Users VALUES (620000951,'Ralph','Starks','RalphStarks@gmail.com','StarksRalph');
INSERT INTO Students VALUES (620000951,'UNDERGRAD','01-01-2020');
INSERT INTO Enrolled (u_id,courseCode) VALUES (620000951,'BIOC1485'),(620000951,'CHEM1494'),(620000951,'ECON3085');
INSERT INTO Users VALUES (620000952,'Michelle','Lowry','MichelleLowry@gmail.com','LowryMichelle');
INSERT INTO Students VALUES (620000952,'UNDERGRAD','01-01-2020');
INSERT INTO Enrolled (u_id,courseCode) VALUES (620000952,'INFO2147'),(620000952,'PHYS2977'),(620000952,'MATH3029');
INSERT INTO Users VALUES (620000953,'Kelly','Schilling','KellySchilling@gmail.com','SchillingKelly');
INSERT INTO Students VALUES (620000953,'UNDERGRAD','01-01-2020');
INSERT INTO Enrolled (u_id,courseCode) VALUES (620000953,'INFO1833'),(620000953,'PHYS3052'),(620000953,'ECON2387'),(620000953,'MATH2957'),(620000953,'MATH2555'),(620000953,'CHEM2066');
INSERT INTO Users VALUES (620000954,'Esmeralda','Gilman','EsmeraldaGilman@gmail.com','GilmanEsmeralda');
INSERT INTO Students VALUES (620000954,'UNDERGRAD','01-01-2020');
INSERT INTO Enrolled (u_id,courseCode) VALUES (620000954,'CHEM2446'),(620000954,'BIOC1866'),(620000954,'PHYS1979'),(620000954,'COMP1184'),(620000954,'INFO3603'),(620000954,'CHEM2481');
INSERT INTO Users VALUES (620000955,'Randall','Cash','RandallCash@gmail.com','CashRandall');
INSERT INTO Students VALUES (620000955,'UNDERGRAD','01-01-2020');
INSERT INTO Enrolled (u_id,courseCode) VALUES (620000955,'BIOC2671'),(620000955,'COMP3047'),(620000955,'BIOC1104'),(620000955,'COMP2361');
INSERT INTO Users VALUES (620000956,'Kasey','Butler','KaseyButler@gmail.com','ButlerKasey');
INSERT INTO Students VALUES (620000956,'UNDERGRAD','01-01-2020');
INSERT INTO Enrolled (u_id,courseCode) VALUES (620000956,'INFO2860'),(620000956,'CHEM2149'),(620000956,'INFO2716'),(620000956,'PHYS1979'),(620000956,'INFO2559');
INSERT INTO Users VALUES (620000957,'Eugene','Eddins','EugeneEddins@gmail.com','EddinsEugene');
INSERT INTO Students VALUES (620000957,'UNDERGRAD','01-01-2020');
INSERT INTO Enrolled (u_id,courseCode) VALUES (620000957,'MATH3029'),(620000957,'ECON3063'),(620000957,'CHEM3327'),(620000957,'BIOC1534'),(620000957,'INFO1648');
INSERT INTO Users VALUES (620000958,'Madaline','Monte','MadalineMonte@gmail.com','MonteMadaline');
INSERT INTO Students VALUES (620000958,'UNDERGRAD','01-01-2020');
INSERT INTO Enrolled (u_id,courseCode) VALUES (620000958,'MATH2555'),(620000958,'COMP2400'),(620000958,'PHYS2977'),(620000958,'INFO2950');
INSERT INTO Users VALUES (620000959,'Sharon','Siple','SharonSiple@gmail.com','SipleSharon');
INSERT INTO Students VALUES (620000959,'UNDERGRAD','01-01-2020');
INSERT INTO Enrolled (u_id,courseCode) VALUES (620000959,'BIOC1794'),(620000959,'BIOC1866'),(620000959,'INFO1242'),(620000959,'INFO2950'),(620000959,'MATH2957'),(620000959,'INFO1990');
INSERT INTO Users VALUES (620000960,'Deanne','Luper','DeanneLuper@gmail.com','LuperDeanne');
INSERT INTO Students VALUES (620000960,'UNDERGRAD','01-01-2020');
INSERT INTO Enrolled (u_id,courseCode) VALUES (620000960,'MATH1735'),(620000960,'MATH3688'),(620000960,'INFO2337'),(620000960,'MATH2550'),(620000960,'BIOC1485');
INSERT INTO Users VALUES (620000961,'Shonda','Early','ShondaEarly@gmail.com','EarlyShonda');
INSERT INTO Students VALUES (620000961,'UNDERGRAD','01-01-2020');
INSERT INTO Enrolled (u_id,courseCode) VALUES (620000961,'PHYS1979'),(620000961,'ECON3004'),(620000961,'PHYS3339');
INSERT INTO Users VALUES (620000962,'Melanie','Long','MelanieLong@gmail.com','LongMelanie');
INSERT INTO Students VALUES (620000962,'UNDERGRAD','01-01-2020');
INSERT INTO Enrolled (u_id,courseCode) VALUES (620000962,'BIOC2550'),(620000962,'PHYS2451'),(620000962,'BIOC3457'),(620000962,'COMP1051'),(620000962,'ECON3020'),(620000962,'PHYS3729');
INSERT INTO Users VALUES (620000963,'Roberta','Garrett','RobertaGarrett@gmail.com','GarrettRoberta');
INSERT INTO Students VALUES (620000963,'UNDERGRAD','01-01-2020');
INSERT INTO Enrolled (u_id,courseCode) VALUES (620000963,'COMP2965'),(620000963,'PHYS2667'),(620000963,'BIOC2054'),(620000963,'INFO1447'),(620000963,'BIOC1052'),(620000963,'INFO1014');
INSERT INTO Users VALUES (620000964,'Gina','Johnson','GinaJohnson@gmail.com','JohnsonGina');
INSERT INTO Students VALUES (620000964,'UNDERGRAD','01-01-2020');
INSERT INTO Enrolled (u_id,courseCode) VALUES (620000964,'BIOC1866'),(620000964,'MATH3857'),(620000964,'INFO1242'),(620000964,'MATH1262');
INSERT INTO Users VALUES (620000965,'Dwayne','Bowerman','DwayneBowerman@gmail.com','BowermanDwayne');
INSERT INTO Students VALUES (620000965,'UNDERGRAD','01-01-2020');
INSERT INTO Enrolled (u_id,courseCode) VALUES (620000965,'BIOC1164'),(620000965,'ECON1498'),(620000965,'MATH2067'),(620000965,'MATH1309'),(620000965,'PHYS3290');
INSERT INTO Users VALUES (620000966,'Gloria','Lyford','GloriaLyford@gmail.com','LyfordGloria');
INSERT INTO Students VALUES (620000966,'UNDERGRAD','01-01-2020');
INSERT INTO Enrolled (u_id,courseCode) VALUES (620000966,'ECON3085'),(620000966,'CHEM2604'),(620000966,'COMP2717');
INSERT INTO Users VALUES (620000967,'Kendra','Kimbrell','KendraKimbrell@gmail.com','KimbrellKendra');
INSERT INTO Students VALUES (620000967,'UNDERGRAD','01-01-2020');
INSERT INTO Enrolled (u_id,courseCode) VALUES (620000967,'BIOC1439'),(620000967,'CHEM3617'),(620000967,'COMP3536');
INSERT INTO Users VALUES (620000968,'George','Pedersen','GeorgePedersen@gmail.com','PedersenGeorge');
INSERT INTO Students VALUES (620000968,'UNDERGRAD','01-01-2020');
INSERT INTO Enrolled (u_id,courseCode) VALUES (620000968,'BIOC3230'),(620000968,'PHYS2667'),(620000968,'CHEM2697'),(620000968,'COMP3418');
INSERT INTO Users VALUES (620000969,'Nicole','Pearson','NicolePearson@gmail.com','PearsonNicole');
INSERT INTO Students VALUES (620000969,'UNDERGRAD','01-01-2020');
INSERT INTO Enrolled (u_id,courseCode) VALUES (620000969,'INFO3935'),(620000969,'PHYS1173'),(620000969,'ECON2703'),(620000969,'COMP3238'),(620000969,'INFO1447');
INSERT INTO Users VALUES (620000970,'Chris','Kent','ChrisKent@gmail.com','KentChris');
INSERT INTO Students VALUES (620000970,'UNDERGRAD','01-01-2020');
INSERT INTO Enrolled (u_id,courseCode) VALUES (620000970,'COMP1543'),(620000970,'ECON3989'),(620000970,'MATH3029');
INSERT INTO Users VALUES (620000971,'Mason','Lyford','MasonLyford@gmail.com','LyfordMason');
INSERT INTO Students VALUES (620000971,'UNDERGRAD','01-01-2020');
INSERT INTO Enrolled (u_id,courseCode) VALUES (620000971,'COMP3047'),(620000971,'INFO1990'),(620000971,'COMP2541');
INSERT INTO Users VALUES (620000972,'Bryan','Gillis','BryanGillis@gmail.com','GillisBryan');
INSERT INTO Students VALUES (620000972,'UNDERGRAD','01-01-2020');
INSERT INTO Enrolled (u_id,courseCode) VALUES (620000972,'CHEM1340'),(620000972,'MATH3209'),(620000972,'MATH3179'),(620000972,'CHEM2066'),(620000972,'CHEM2177');
INSERT INTO Users VALUES (620000973,'Barbara','Baptiste','BarbaraBaptiste@gmail.com','BaptisteBarbara');
INSERT INTO Students VALUES (620000973,'UNDERGRAD','01-01-2020');
INSERT INTO Enrolled (u_id,courseCode) VALUES (620000973,'BIOC2981'),(620000973,'CHEM3793'),(620000973,'BIOC1744'),(620000973,'MATH3688');
INSERT INTO Users VALUES (620000974,'Georgie','Miraglia','GeorgieMiraglia@gmail.com','MiragliaGeorgie');
INSERT INTO Students VALUES (620000974,'UNDERGRAD','01-01-2020');
INSERT INTO Enrolled (u_id,courseCode) VALUES (620000974,'INFO2860'),(620000974,'MATH3179'),(620000974,'PHYS3354'),(620000974,'CHEM3888'),(620000974,'ECON2387'),(620000974,'CHEM1613');
INSERT INTO Users VALUES (620000975,'Randy','Hoffman','RandyHoffman@gmail.com','HoffmanRandy');
INSERT INTO Students VALUES (620000975,'UNDERGRAD','01-01-2020');
INSERT INTO Enrolled (u_id,courseCode) VALUES (620000975,'MATH3544'),(620000975,'PHYS2306'),(620000975,'BIOC1598'),(620000975,'ECON3372'),(620000975,'INFO1648');
INSERT INTO Users VALUES (620000976,'Sean','Jones','SeanJones@gmail.com','JonesSean');
INSERT INTO Students VALUES (620000976,'UNDERGRAD','01-01-2020');
INSERT INTO Enrolled (u_id,courseCode) VALUES (620000976,'PHYS3787'),(620000976,'ECON1645'),(620000976,'ECON1783'),(620000976,'BIOC1448'),(620000976,'ECON3063'),(620000976,'INFO1288');
INSERT INTO Users VALUES (620000977,'Kendra','Pere','KendraPere@gmail.com','PereKendra');
INSERT INTO Students VALUES (620000977,'UNDERGRAD','01-01-2020');
INSERT INTO Enrolled (u_id,courseCode) VALUES (620000977,'ECON3523'),(620000977,'PHYS1140'),(620000977,'ECON1561'),(620000977,'ECON3989'),(620000977,'MATH3613'),(620000977,'INFO1242');
INSERT INTO Users VALUES (620000978,'Marie','Dahlheimer','MarieDahlheimer@gmail.com','DahlheimerMarie');
INSERT INTO Students VALUES (620000978,'UNDERGRAD','01-01-2020');
INSERT INTO Enrolled (u_id,courseCode) VALUES (620000978,'COMP2077'),(620000978,'BIOC2589'),(620000978,'PHYS2563'),(620000978,'CHEM3409'),(620000978,'MATH3544'),(620000978,'PHYS2448');
INSERT INTO Users VALUES (620000979,'Josh','Amberg','JoshAmberg@gmail.com','AmbergJosh');
INSERT INTO Students VALUES (620000979,'UNDERGRAD','01-01-2020');
INSERT INTO Enrolled (u_id,courseCode) VALUES (620000979,'INFO2147'),(620000979,'PHYS1173'),(620000979,'CHEM3617');
INSERT INTO Users VALUES (620000980,'Tracy','Schilling','TracySchilling@gmail.com','SchillingTracy');
INSERT INTO Students VALUES (620000980,'UNDERGRAD','01-01-2020');
INSERT INTO Enrolled (u_id,courseCode) VALUES (620000980,'CHEM3793'),(620000980,'INFO1447'),(620000980,'PHYS3052'),(620000980,'INFO3603'),(620000980,'INFO1825');
INSERT INTO Users VALUES (620000981,'Rhoda','Cardona','RhodaCardona@gmail.com','CardonaRhoda');
INSERT INTO Students VALUES (620000981,'UNDERGRAD','01-01-2020');
INSERT INTO Enrolled (u_id,courseCode) VALUES (620000981,'CHEM3793'),(620000981,'BIOC1910'),(620000981,'BIOC1598'),(620000981,'COMP3084');
INSERT INTO Users VALUES (620000982,'Judith','Horth','JudithHorth@gmail.com','HorthJudith');
INSERT INTO Students VALUES (620000982,'UNDERGRAD','01-01-2020');
INSERT INTO Enrolled (u_id,courseCode) VALUES (620000982,'MATH2873'),(620000982,'ECON3550'),(620000982,'PHYS3787'),(620000982,'COMP1184'),(620000982,'CHEM3054'),(620000982,'CHEM3888');
INSERT INTO Users VALUES (620000983,'Krista','Culpepper','KristaCulpepper@gmail.com','CulpepperKrista');
INSERT INTO Students VALUES (620000983,'UNDERGRAD','01-01-2020');
INSERT INTO Enrolled (u_id,courseCode) VALUES (620000983,'CHEM1807'),(620000983,'ECON3311'),(620000983,'MATH1578');
INSERT INTO Users VALUES (620000984,'Alfred','Casteel','AlfredCasteel@gmail.com','CasteelAlfred');
INSERT INTO Students VALUES (620000984,'UNDERGRAD','01-01-2020');
INSERT INTO Enrolled (u_id,courseCode) VALUES (620000984,'COMP3849'),(620000984,'INFO1825'),(620000984,'PHYS3464');
INSERT INTO Users VALUES (620000985,'Dennis','Diggs','DennisDiggs@gmail.com','DiggsDennis');
INSERT INTO Students VALUES (620000985,'UNDERGRAD','01-01-2020');
INSERT INTO Enrolled (u_id,courseCode) VALUES (620000985,'CHEM2031'),(620000985,'PHYS3464'),(620000985,'CHEM2446'),(620000985,'INFO3636'),(620000985,'ECON1645');
INSERT INTO Users VALUES (620000986,'Evelyn','Eddins','EvelynEddins@gmail.com','EddinsEvelyn');
INSERT INTO Students VALUES (620000986,'UNDERGRAD','01-01-2020');
INSERT INTO Enrolled (u_id,courseCode) VALUES (620000986,'BIOC1534'),(620000986,'ECON1458'),(620000986,'COMP3173'),(620000986,'INFO3935'),(620000986,'MATH1972'),(620000986,'INFO2636');
INSERT INTO Users VALUES (620000987,'Wanda','Wood','WandaWood@gmail.com','WoodWanda');
INSERT INTO Students VALUES (620000987,'UNDERGRAD','01-01-2020');
INSERT INTO Enrolled (u_id,courseCode) VALUES (620000987,'PHYS2229'),(620000987,'BIOC1104'),(620000987,'COMP3849'),(620000987,'INFO1825'),(620000987,'INFO3603'),(620000987,'ECON2814');
INSERT INTO Users VALUES (620000988,'Cassie','Thomas','CassieThomas@gmail.com','ThomasCassie');
INSERT INTO Students VALUES (620000988,'UNDERGRAD','01-01-2020');
INSERT INTO Enrolled (u_id,courseCode) VALUES (620000988,'CHEM3614'),(620000988,'BIOC3341'),(620000988,'INFO2811'),(620000988,'COMP1051'),(620000988,'CHEM1494');
INSERT INTO Users VALUES (620000989,'Sam','Wood','SamWood@gmail.com','WoodSam');
INSERT INTO Students VALUES (620000989,'UNDERGRAD','01-01-2020');
INSERT INTO Enrolled (u_id,courseCode) VALUES (620000989,'PHYS3876'),(620000989,'BIOC1744'),(620000989,'PHYS2113');
INSERT INTO Users VALUES (620000990,'Julius','Williamson','JuliusWilliamson@gmail.com','WilliamsonJulius');
INSERT INTO Students VALUES (620000990,'UNDERGRAD','01-01-2020');
INSERT INTO Enrolled (u_id,courseCode) VALUES (620000990,'PHYS3787'),(620000990,'BIOC1448'),(620000990,'INFO2213');
INSERT INTO Users VALUES (620000991,'Randy','Withrow','RandyWithrow@gmail.com','WithrowRandy');
INSERT INTO Students VALUES (620000991,'UNDERGRAD','01-01-2020');
INSERT INTO Enrolled (u_id,courseCode) VALUES (620000991,'INFO1447'),(620000991,'COMP3418'),(620000991,'CHEM2149'),(620000991,'BIOC1439'),(620000991,'BIOC2983');
INSERT INTO Users VALUES (620000992,'Dennis','Hodge','DennisHodge@gmail.com','HodgeDennis');
INSERT INTO Students VALUES (620000992,'UNDERGRAD','01-01-2020');
INSERT INTO Enrolled (u_id,courseCode) VALUES (620000992,'ECON1783'),(620000992,'BIOC1866'),(620000992,'ECON2345'),(620000992,'PHYS2977');
INSERT INTO Users VALUES (620000993,'Ashleigh','Lamar','AshleighLamar@gmail.com','LamarAshleigh');
INSERT INTO Students VALUES (620000993,'UNDERGRAD','01-01-2020');
INSERT INTO Enrolled (u_id,courseCode) VALUES (620000993,'BIOC2981'),(620000993,'ECON3281'),(620000993,'ECON1012');
INSERT INTO Users VALUES (620000994,'Carolyn','Souza','CarolynSouza@gmail.com','SouzaCarolyn');
INSERT INTO Students VALUES (620000994,'UNDERGRAD','01-01-2020');
INSERT INTO Enrolled (u_id,courseCode) VALUES (620000994,'MATH2555'),(620000994,'PHYS2229'),(620000994,'INFO1447'),(620000994,'PHYS2977'),(620000994,'COMP1184'),(620000994,'INFO1242');
INSERT INTO Users VALUES (620000995,'Roberto','Danker','RobertoDanker@gmail.com','DankerRoberto');
INSERT INTO Students VALUES (620000995,'UNDERGRAD','01-01-2020');
INSERT INTO Enrolled (u_id,courseCode) VALUES (620000995,'PHYS3052'),(620000995,'CHEM2005'),(620000995,'INFO1145');
INSERT INTO Users VALUES (620000996,'Angie','Avery','AngieAvery@gmail.com','AveryAngie');
INSERT INTO Students VALUES (620000996,'UNDERGRAD','01-01-2020');
INSERT INTO Enrolled (u_id,courseCode) VALUES (620000996,'MATH1262'),(620000996,'BIOC2054'),(620000996,'MATH2873'),(620000996,'PHYS3876'),(620000996,'ECON1561'),(620000996,'COMP3173');
INSERT INTO Users VALUES (620000997,'Toby','Robles','TobyRobles@gmail.com','RoblesToby');
INSERT INTO Students VALUES (620000997,'UNDERGRAD','01-01-2020');
INSERT INTO Enrolled (u_id,courseCode) VALUES (620000997,'INFO1145'),(620000997,'PHYS2977'),(620000997,'COMP2717'),(620000997,'PHYS1979'),(620000997,'COMP2400'),(620000997,'INFO2147');
INSERT INTO Users VALUES (620000998,'Shane','Gondek','ShaneGondek@gmail.com','GondekShane');
INSERT INTO Students VALUES (620000998,'UNDERGRAD','01-01-2020');
INSERT INTO Enrolled (u_id,courseCode) VALUES (620000998,'PHYS2563'),(620000998,'BIOC3230'),(620000998,'COMP3418'),(620000998,'COMP3685'),(620000998,'INFO3636'),(620000998,'MATH2873');
INSERT INTO Users VALUES (620000999,'Diane','Kenney','DianeKenney@gmail.com','KenneyDiane');
INSERT INTO Students VALUES (620000999,'UNDERGRAD','01-01-2020');
INSERT INTO Enrolled (u_id,courseCode) VALUES (620000999,'CHEM2149'),(620000999,'BIOC3604'),(620000999,'COMP3084'),(620000999,'INFO1825'),(620000999,'INFO2860'),(620000999,'ECON1645');
INSERT INTO Users VALUES (620001000,'Kirk','Luper','KirkLuper@gmail.com','LuperKirk');
INSERT INTO Students VALUES (620001000,'UNDERGRAD','01-01-2020');
INSERT INTO Enrolled (u_id,courseCode) VALUES (620001000,'COMP3506'),(620001000,'CHEM2446'),(620001000,'PHYS1993'),(620001000,'INFO2521');
INSERT INTO Users VALUES (620001001,'Wayne','Cardona','WayneCardona@gmail.com','CardonaWayne');
INSERT INTO Students VALUES (620001001,'UNDERGRAD','01-01-2020');
INSERT INTO Enrolled (u_id,courseCode) VALUES (620001001,'PHYS2306'),(620001001,'ECON3020'),(620001001,'PHYS3339');
INSERT INTO Users VALUES (620001002,'Stacy','Luper','StacyLuper@gmail.com','LuperStacy');
INSERT INTO Students VALUES (620001002,'UNDERGRAD','01-01-2020');
INSERT INTO Enrolled (u_id,courseCode) VALUES (620001002,'COMP3418'),(620001002,'CHEM3327'),(620001002,'BIOC1794'),(620001002,'CHEM2867'),(620001002,'CHEM2031');
INSERT INTO Users VALUES (620001003,'Joseph','Wurdeman','JosephWurdeman@gmail.com','WurdemanJoseph');
INSERT INTO Students VALUES (620001003,'UNDERGRAD','01-01-2020');
INSERT INTO Enrolled (u_id,courseCode) VALUES (620001003,'MATH3688'),(620001003,'CHEM2031'),(620001003,'BIOC3191'),(620001003,'BIOC3341');
INSERT INTO Users VALUES (620001004,'Vernon','Jefferson','VernonJefferson@gmail.com','JeffersonVernon');
INSERT INTO Students VALUES (620001004,'UNDERGRAD','01-01-2020');
INSERT INTO Enrolled (u_id,courseCode) VALUES (620001004,'ECON2703'),(620001004,'CHEM2065'),(620001004,'PHYS3290'),(620001004,'CHEM1613'),(620001004,'BIOC1104'),(620001004,'CHEM2697');
INSERT INTO Users VALUES (620001005,'Bryan','Parker','BryanParker@gmail.com','ParkerBryan');
INSERT INTO Students VALUES (620001005,'UNDERGRAD','01-01-2020');
INSERT INTO Enrolled (u_id,courseCode) VALUES (620001005,'MATH3173'),(620001005,'MATH2550'),(620001005,'PHYS3354');
INSERT INTO Users VALUES (620001006,'Kirk','Garnes','KirkGarnes@gmail.com','GarnesKirk');
INSERT INTO Students VALUES (620001006,'UNDERGRAD','01-01-2020');
INSERT INTO Enrolled (u_id,courseCode) VALUES (620001006,'BIOC2981'),(620001006,'BIOC3341'),(620001006,'COMP2541'),(620001006,'COMP1867');
INSERT INTO Users VALUES (620001007,'Charles','Knaub','CharlesKnaub@gmail.com','KnaubCharles');
INSERT INTO Students VALUES (620001007,'UNDERGRAD','01-01-2020');
INSERT INTO Enrolled (u_id,courseCode) VALUES (620001007,'INFO1447'),(620001007,'CHEM1494'),(620001007,'PHYS2306');
INSERT INTO Users VALUES (620001008,'Lauren','Howe','LaurenHowe@gmail.com','HoweLauren');
INSERT INTO Students VALUES (620001008,'UNDERGRAD','01-01-2020');
INSERT INTO Enrolled (u_id,courseCode) VALUES (620001008,'PHYS1930'),(620001008,'PHYS3290'),(620001008,'ECON1230'),(620001008,'CHEM2626');
INSERT INTO Users VALUES (620001009,'Elwood','Mccarthy','ElwoodMccarthy@gmail.com','MccarthyElwood');
INSERT INTO Students VALUES (620001009,'UNDERGRAD','01-01-2020');
INSERT INTO Enrolled (u_id,courseCode) VALUES (620001009,'PHYS1173'),(620001009,'MATH1648'),(620001009,'ECON3020'),(620001009,'ECON3276'),(620001009,'INFO1447');
INSERT INTO Users VALUES (620001010,'Cynthia','Felipe','CynthiaFelipe@gmail.com','FelipeCynthia');
INSERT INTO Students VALUES (620001010,'UNDERGRAD','01-01-2020');
INSERT INTO Enrolled (u_id,courseCode) VALUES (620001010,'CHEM2066'),(620001010,'BIOC3604'),(620001010,'COMP3418'),(620001010,'ECON3523'),(620001010,'MATH3209');
INSERT INTO Users VALUES (620001011,'Doris','Wright','DorisWright@gmail.com','WrightDoris');
INSERT INTO Students VALUES (620001011,'UNDERGRAD','01-01-2020');
INSERT INTO Enrolled (u_id,courseCode) VALUES (620001011,'COMP1357'),(620001011,'COMP1051'),(620001011,'MATH1735'),(620001011,'INFO2213'),(620001011,'BIOC2236'),(620001011,'PHYS2238');
INSERT INTO Users VALUES (620001012,'Clyde','Petty','ClydePetty@gmail.com','PettyClyde');
INSERT INTO Students VALUES (620001012,'UNDERGRAD','01-01-2020');
INSERT INTO Enrolled (u_id,courseCode) VALUES (620001012,'ECON2722'),(620001012,'INFO1242'),(620001012,'CHEM3054');
INSERT INTO Users VALUES (620001013,'Don','Myrick','DonMyrick@gmail.com','MyrickDon');
INSERT INTO Students VALUES (620001013,'UNDERGRAD','01-01-2020');
INSERT INTO Enrolled (u_id,courseCode) VALUES (620001013,'COMP3639'),(620001013,'INFO2950'),(620001013,'CHEM3747');
INSERT INTO Users VALUES (620001014,'Lorenza','Thompson','LorenzaThompson@gmail.com','ThompsonLorenza');
INSERT INTO Students VALUES (620001014,'UNDERGRAD','01-01-2020');
INSERT INTO Enrolled (u_id,courseCode) VALUES (620001014,'COMP1460'),(620001014,'CHEM2727'),(620001014,'MATH2067'),(620001014,'CHEM2031');
INSERT INTO Users VALUES (620001015,'Shawn','Gillis','ShawnGillis@gmail.com','GillisShawn');
INSERT INTO Students VALUES (620001015,'UNDERGRAD','01-01-2020');
INSERT INTO Enrolled (u_id,courseCode) VALUES (620001015,'COMP3047'),(620001015,'MATH3857'),(620001015,'BIOC1104');
INSERT INTO Users VALUES (620001016,'Jessie','Ratterman','JessieRatterman@gmail.com','RattermanJessie');
INSERT INTO Students VALUES (620001016,'UNDERGRAD','01-01-2020');
INSERT INTO Enrolled (u_id,courseCode) VALUES (620001016,'MATH2801'),(620001016,'MATH3209'),(620001016,'MATH1638'),(620001016,'BIOC1534');
INSERT INTO Users VALUES (620001017,'Shayne','Busse','ShayneBusse@gmail.com','BusseShayne');
INSERT INTO Students VALUES (620001017,'UNDERGRAD','01-01-2020');
INSERT INTO Enrolled (u_id,courseCode) VALUES (620001017,'INFO2797'),(620001017,'INFO1990'),(620001017,'BIOC3457');
INSERT INTO Users VALUES (620001018,'Dawn','Mejias','DawnMejias@gmail.com','MejiasDawn');
INSERT INTO Students VALUES (620001018,'UNDERGRAD','01-01-2020');
INSERT INTO Enrolled (u_id,courseCode) VALUES (620001018,'MATH3222'),(620001018,'BIOC1744'),(620001018,'INFO1990'),(620001018,'MATH2957');
INSERT INTO Users VALUES (620001019,'Sandra','Danker','SandraDanker@gmail.com','DankerSandra');
INSERT INTO Students VALUES (620001019,'UNDERGRAD','01-01-2020');
INSERT INTO Enrolled (u_id,courseCode) VALUES (620001019,'INFO3645'),(620001019,'INFO1242'),(620001019,'ECON1458'),(620001019,'ECON3281');
INSERT INTO Users VALUES (620001020,'Kendra','Huffman','KendraHuffman@gmail.com','HuffmanKendra');
INSERT INTO Students VALUES (620001020,'UNDERGRAD','01-01-2020');
INSERT INTO Enrolled (u_id,courseCode) VALUES (620001020,'BIOC2671'),(620001020,'ECON3004'),(620001020,'CHEM2065'),(620001020,'INFO2636'),(620001020,'PHYS3686');
INSERT INTO Users VALUES (620001021,'Gary','Monte','GaryMonte@gmail.com','MonteGary');
INSERT INTO Students VALUES (620001021,'UNDERGRAD','01-01-2020');
INSERT INTO Enrolled (u_id,courseCode) VALUES (620001021,'ECON2387'),(620001021,'BIOC1104'),(620001021,'PHYS2563'),(620001021,'ECON3288');
INSERT INTO Users VALUES (620001022,'Rhoda','Mauk','RhodaMauk@gmail.com','MaukRhoda');
INSERT INTO Students VALUES (620001022,'UNDERGRAD','01-01-2020');
INSERT INTO Enrolled (u_id,courseCode) VALUES (620001022,'MATH1309'),(620001022,'ECON2703'),(620001022,'CHEM3347'),(620001022,'COMP2080'),(620001022,'ECON1645');
INSERT INTO Users VALUES (620001023,'Brian','Chan','BrianChan@gmail.com','ChanBrian');
INSERT INTO Students VALUES (620001023,'UNDERGRAD','01-01-2020');
INSERT INTO Enrolled (u_id,courseCode) VALUES (620001023,'INFO2147'),(620001023,'BIOC2054'),(620001023,'MATH2717');
INSERT INTO Users VALUES (620001024,'Dean','Amberg','DeanAmberg@gmail.com','AmbergDean');
INSERT INTO Students VALUES (620001024,'UNDERGRAD','01-01-2020');
INSERT INTO Enrolled (u_id,courseCode) VALUES (620001024,'COMP3047'),(620001024,'PHYS2338'),(620001024,'INFO1014');
INSERT INTO Users VALUES (620001025,'Stephen','Mcneill','StephenMcneill@gmail.com','McneillStephen');
INSERT INTO Students VALUES (620001025,'UNDERGRAD','01-01-2020');
INSERT INTO Enrolled (u_id,courseCode) VALUES (620001025,'CHEM3409'),(620001025,'INFO2716'),(620001025,'INFO3935'),(620001025,'INFO2337'),(620001025,'COMP3746');
INSERT INTO Users VALUES (620001026,'Demetrice','Robinson','DemetriceRobinson@gmail.com','RobinsonDemetrice');
INSERT INTO Students VALUES (620001026,'UNDERGRAD','01-01-2020');
INSERT INTO Enrolled (u_id,courseCode) VALUES (620001026,'COMP3173'),(620001026,'COMP2361'),(620001026,'BIOC1598'),(620001026,'PHYS2113'),(620001026,'ECON1170');
INSERT INTO Users VALUES (620001027,'Jason','Baptiste','JasonBaptiste@gmail.com','BaptisteJason');
INSERT INTO Students VALUES (620001027,'UNDERGRAD','01-01-2020');
INSERT INTO Enrolled (u_id,courseCode) VALUES (620001027,'PHYS2229'),(620001027,'ECON3276'),(620001027,'MATH1972'),(620001027,'MATH1148');
INSERT INTO Users VALUES (620001028,'Suzanne','Chan','SuzanneChan@gmail.com','ChanSuzanne');
INSERT INTO Students VALUES (620001028,'UNDERGRAD','01-01-2020');
INSERT INTO Enrolled (u_id,courseCode) VALUES (620001028,'INFO3868'),(620001028,'ECON3020'),(620001028,'ECON1498'),(620001028,'CHEM3617'),(620001028,'CHEM2867');
INSERT INTO Users VALUES (620001029,'Edna','Sultzer','EdnaSultzer@gmail.com','SultzerEdna');
INSERT INTO Students VALUES (620001029,'UNDERGRAD','01-01-2020');
INSERT INTO Enrolled (u_id,courseCode) VALUES (620001029,'COMP2361'),(620001029,'MATH1250'),(620001029,'MATH3613'),(620001029,'MATH1148'),(620001029,'INFO2716'),(620001029,'ECON3989');
INSERT INTO Users VALUES (620001030,'Reginald','Calder','ReginaldCalder@gmail.com','CalderReginald');
INSERT INTO Students VALUES (620001030,'UNDERGRAD','01-01-2020');
INSERT INTO Enrolled (u_id,courseCode) VALUES (620001030,'BIOC2550'),(620001030,'MATH3544'),(620001030,'BIOC1725'),(620001030,'COMP3746');
INSERT INTO Users VALUES (620001031,'Ralph','Gilman','RalphGilman@gmail.com','GilmanRalph');
INSERT INTO Students VALUES (620001031,'UNDERGRAD','01-01-2020');
INSERT INTO Enrolled (u_id,courseCode) VALUES (620001031,'CHEM2446'),(620001031,'INFO2213'),(620001031,'BIOC2671'),(620001031,'COMP1357');
INSERT INTO Users VALUES (620001032,'Roger','Finkenbinder','RogerFinkenbinder@gmail.com','FinkenbinderRoger');
INSERT INTO Students VALUES (620001032,'UNDERGRAD','01-01-2020');
INSERT INTO Enrolled (u_id,courseCode) VALUES (620001032,'MATH3857'),(620001032,'BIOC1485'),(620001032,'INFO2636');
INSERT INTO Users VALUES (620001033,'Debbie','Lundholm','DebbieLundholm@gmail.com','LundholmDebbie');
INSERT INTO Students VALUES (620001033,'UNDERGRAD','01-01-2020');
INSERT INTO Enrolled (u_id,courseCode) VALUES (620001033,'CHEM3888'),(620001033,'PHYS1930'),(620001033,'CHEM2797'),(620001033,'ECON1996'),(620001033,'MATH2067'),(620001033,'COMP3084');
INSERT INTO Users VALUES (620001034,'Walter','Hayes','WalterHayes@gmail.com','HayesWalter');
INSERT INTO Students VALUES (620001034,'UNDERGRAD','01-01-2020');
INSERT INTO Enrolled (u_id,courseCode) VALUES (620001034,'CHEM3347'),(620001034,'BIOC1744'),(620001034,'BIOC1104'),(620001034,'BIOC1439'),(620001034,'MATH1454'),(620001034,'MATH3029');
INSERT INTO Users VALUES (620001035,'Joan','Wood','JoanWood@gmail.com','WoodJoan');
INSERT INTO Students VALUES (620001035,'UNDERGRAD','01-01-2020');
INSERT INTO Enrolled (u_id,courseCode) VALUES (620001035,'MATH3173'),(620001035,'MATH1262'),(620001035,'CHEM2727'),(620001035,'INFO1242'),(620001035,'INFO2797'),(620001035,'CHEM3888');
INSERT INTO Users VALUES (620001036,'Leticia','Larry','LeticiaLarry@gmail.com','LarryLeticia');
INSERT INTO Students VALUES (620001036,'UNDERGRAD','01-01-2020');
INSERT INTO Enrolled (u_id,courseCode) VALUES (620001036,'ECON3020'),(620001036,'COMP2965'),(620001036,'PHYS3787'),(620001036,'BIOC3341'),(620001036,'ECON2722'),(620001036,'ECON1645');
INSERT INTO Users VALUES (620001037,'Charles','Mcclain','CharlesMcclain@gmail.com','McclainCharles');
INSERT INTO Students VALUES (620001037,'UNDERGRAD','01-01-2020');
INSERT INTO Enrolled (u_id,courseCode) VALUES (620001037,'MATH3059'),(620001037,'CHEM2031'),(620001037,'ECON3288');
INSERT INTO Users VALUES (620001038,'Tracy','Figueroa','TracyFigueroa@gmail.com','FigueroaTracy');
INSERT INTO Students VALUES (620001038,'UNDERGRAD','01-01-2020');
INSERT INTO Enrolled (u_id,courseCode) VALUES (620001038,'INFO2337'),(620001038,'CHEM2604'),(620001038,'COMP3506'),(620001038,'CHEM2177');
INSERT INTO Users VALUES (620001039,'Lilla','Brickey','LillaBrickey@gmail.com','BrickeyLilla');
INSERT INTO Students VALUES (620001039,'UNDERGRAD','01-01-2020');
INSERT INTO Enrolled (u_id,courseCode) VALUES (620001039,'INFO2213'),(620001039,'COMP2361'),(620001039,'BIOC3191'),(620001039,'MATH1148');
INSERT INTO Users VALUES (620001040,'Carlos','Meisner','CarlosMeisner@gmail.com','MeisnerCarlos');
INSERT INTO Students VALUES (620001040,'UNDERGRAD','01-01-2020');
INSERT INTO Enrolled (u_id,courseCode) VALUES (620001040,'COMP3173'),(620001040,'CHEM2177'),(620001040,'CHEM2065');
INSERT INTO Users VALUES (620001041,'Brenda','Shattuck','BrendaShattuck@gmail.com','ShattuckBrenda');
INSERT INTO Students VALUES (620001041,'UNDERGRAD','01-01-2020');
INSERT INTO Enrolled (u_id,courseCode) VALUES (620001041,'PHYS3876'),(620001041,'PHYS2451'),(620001041,'PHYS2306'),(620001041,'CHEM2005');
INSERT INTO Users VALUES (620001042,'Frankie','Chappell','FrankieChappell@gmail.com','ChappellFrankie');
INSERT INTO Students VALUES (620001042,'UNDERGRAD','01-01-2020');
INSERT INTO Enrolled (u_id,courseCode) VALUES (620001042,'ECON3523'),(620001042,'PHYS2448'),(620001042,'CHEM2031'),(620001042,'MATH2801');
INSERT INTO Users VALUES (620001043,'Debbie','Atkins','DebbieAtkins@gmail.com','AtkinsDebbie');
INSERT INTO Students VALUES (620001043,'UNDERGRAD','01-01-2020');
INSERT INTO Enrolled (u_id,courseCode) VALUES (620001043,'INFO1014'),(620001043,'INFO2559'),(620001043,'INFO2716');
INSERT INTO Users VALUES (620001044,'Helen','Henderson','HelenHenderson@gmail.com','HendersonHelen');
INSERT INTO Students VALUES (620001044,'UNDERGRAD','01-01-2020');
INSERT INTO Enrolled (u_id,courseCode) VALUES (620001044,'INFO2813'),(620001044,'ECON3311'),(620001044,'MATH3179'),(620001044,'MATH3688'),(620001044,'ECON1458'),(620001044,'CHEM2031');
INSERT INTO Users VALUES (620001045,'Kelly','Lowry','KellyLowry@gmail.com','LowryKelly');
INSERT INTO Students VALUES (620001045,'UNDERGRAD','01-01-2020');
INSERT INTO Enrolled (u_id,courseCode) VALUES (620001045,'ECON2722'),(620001045,'CHEM3747'),(620001045,'ECON1996'),(620001045,'MATH1454'),(620001045,'COMP1573');
INSERT INTO Users VALUES (620001046,'Charles','Finkenbinder','CharlesFinkenbinder@gmail.com','FinkenbinderCharles');
INSERT INTO Students VALUES (620001046,'UNDERGRAD','01-01-2020');
INSERT INTO Enrolled (u_id,courseCode) VALUES (620001046,'ECON2387'),(620001046,'ECON1996'),(620001046,'INFO2860'),(620001046,'INFO2337');
INSERT INTO Users VALUES (620001047,'Frankie','Richardson','FrankieRichardson@gmail.com','RichardsonFrankie');
INSERT INTO Students VALUES (620001047,'UNDERGRAD','01-01-2020');
INSERT INTO Enrolled (u_id,courseCode) VALUES (620001047,'MATH1735'),(620001047,'ECON3063'),(620001047,'INFO1288'),(620001047,'CHEM2005');
INSERT INTO Users VALUES (620001048,'Earl','Citizen','EarlCitizen@gmail.com','CitizenEarl');
INSERT INTO Students VALUES (620001048,'UNDERGRAD','01-01-2020');
INSERT INTO Enrolled (u_id,courseCode) VALUES (620001048,'INFO2811'),(620001048,'PHYS2117'),(620001048,'PHYS3354'),(620001048,'MATH2801'),(620001048,'ECON1645');
INSERT INTO Users VALUES (620001049,'Magdalen','Imoto','MagdalenImoto@gmail.com','ImotoMagdalen');
INSERT INTO Students VALUES (620001049,'UNDERGRAD','01-01-2020');
INSERT INTO Enrolled (u_id,courseCode) VALUES (620001049,'PHYS3354'),(620001049,'COMP3238'),(620001049,'COMP3685');
INSERT INTO Users VALUES (620001050,'Francisca','Bennett','FranciscaBennett@gmail.com','BennettFrancisca');
INSERT INTO Students VALUES (620001050,'UNDERGRAD','01-01-2020');
INSERT INTO Enrolled (u_id,courseCode) VALUES (620001050,'INFO3645'),(620001050,'ECON1012'),(620001050,'ECON3004'),(620001050,'ECON1589'),(620001050,'PHYS3729'),(620001050,'PHYS2113');
INSERT INTO Users VALUES (620001051,'Kathleen','Petersen','KathleenPetersen@gmail.com','PetersenKathleen');
INSERT INTO Students VALUES (620001051,'UNDERGRAD','01-01-2020');
INSERT INTO Enrolled (u_id,courseCode) VALUES (620001051,'PHYS1993'),(620001051,'COMP1543'),(620001051,'PHYS3686');
INSERT INTO Users VALUES (620001052,'Gina','Butler','GinaButler@gmail.com','ButlerGina');
INSERT INTO Students VALUES (620001052,'UNDERGRAD','01-01-2020');
INSERT INTO Enrolled (u_id,courseCode) VALUES (620001052,'ECON1012'),(620001052,'MATH1250'),(620001052,'CHEM2697'),(620001052,'COMP3697'),(620001052,'CHEM3888');
INSERT INTO Users VALUES (620001053,'Tracy','Horth','TracyHorth@gmail.com','HorthTracy');
INSERT INTO Students VALUES (620001053,'UNDERGRAD','01-01-2020');
INSERT INTO Enrolled (u_id,courseCode) VALUES (620001053,'COMP3418'),(620001053,'ECON3276'),(620001053,'CHEM2697'),(620001053,'PHYS3729'),(620001053,'INFO1288');
INSERT INTO Users VALUES (620001054,'Larry','Pere','LarryPere@gmail.com','PereLarry');
INSERT INTO Students VALUES (620001054,'UNDERGRAD','01-01-2020');
INSERT INTO Enrolled (u_id,courseCode) VALUES (620001054,'BIOC1052'),(620001054,'CHEM2005'),(620001054,'PHYS3729'),(620001054,'PHYS3339'),(620001054,'CHEM3888'),(620001054,'ECON3311');
INSERT INTO Users VALUES (620001055,'Delia','Finkenbinder','DeliaFinkenbinder@gmail.com','FinkenbinderDelia');
INSERT INTO Students VALUES (620001055,'UNDERGRAD','01-01-2020');
INSERT INTO Enrolled (u_id,courseCode) VALUES (620001055,'COMP2400'),(620001055,'MATH2873'),(620001055,'PHYS2306'),(620001055,'PHYS2117'),(620001055,'CHEM3888');
INSERT INTO Users VALUES (620001056,'Terri','Pelletier','TerriPelletier@gmail.com','PelletierTerri');
INSERT INTO Students VALUES (620001056,'UNDERGRAD','01-01-2020');
INSERT INTO Enrolled (u_id,courseCode) VALUES (620001056,'CHEM2727'),(620001056,'COMP3639'),(620001056,'ECON1170');
INSERT INTO Users VALUES (620001057,'Rachel','Figueroa','RachelFigueroa@gmail.com','FigueroaRachel');
INSERT INTO Students VALUES (620001057,'UNDERGRAD','01-01-2020');
INSERT INTO Enrolled (u_id,courseCode) VALUES (620001057,'INFO1825'),(620001057,'PHYS1930'),(620001057,'MATH2717'),(620001057,'ECON1996'),(620001057,'BIOC2981');
INSERT INTO Users VALUES (620001058,'Patsy','Robinson','PatsyRobinson@gmail.com','RobinsonPatsy');
INSERT INTO Students VALUES (620001058,'UNDERGRAD','01-01-2020');
INSERT INTO Enrolled (u_id,courseCode) VALUES (620001058,'BIOC1910'),(620001058,'MATH2188'),(620001058,'COMP3173');
INSERT INTO Users VALUES (620001059,'Cynthia','Chatcho','CynthiaChatcho@gmail.com','ChatchoCynthia');
INSERT INTO Students VALUES (620001059,'UNDERGRAD','01-01-2020');
INSERT INTO Enrolled (u_id,courseCode) VALUES (620001059,'BIOC1485'),(620001059,'MATH3844'),(620001059,'CHEM2005'),(620001059,'BIOC1744');
INSERT INTO Users VALUES (620001060,'Betty','Spohn','BettySpohn@gmail.com','SpohnBetty');
INSERT INTO Students VALUES (620001060,'UNDERGRAD','01-01-2020');
INSERT INTO Enrolled (u_id,courseCode) VALUES (620001060,'COMP2080'),(620001060,'ECON2387'),(620001060,'CHEM2177'),(620001060,'PHYS2667');
INSERT INTO Users VALUES (620001061,'Ashley','Brickey','AshleyBrickey@gmail.com','BrickeyAshley');
INSERT INTO Students VALUES (620001061,'UNDERGRAD','01-01-2020');
INSERT INTO Enrolled (u_id,courseCode) VALUES (620001061,'MATH2550'),(620001061,'MATH1309'),(620001061,'MATH3222'),(620001061,'CHEM2626'),(620001061,'CHEM2727'),(620001061,'BIOC1794');
INSERT INTO Users VALUES (620001062,'Dominick','Guidry','DominickGuidry@gmail.com','GuidryDominick');
INSERT INTO Students VALUES (620001062,'UNDERGRAD','01-01-2020');
INSERT INTO Enrolled (u_id,courseCode) VALUES (620001062,'COMP1573'),(620001062,'INFO2213'),(620001062,'PHYS1993'),(620001062,'CHEM2481');
INSERT INTO Users VALUES (620001063,'Sheila','Brickey','SheilaBrickey@gmail.com','BrickeySheila');
INSERT INTO Students VALUES (620001063,'UNDERGRAD','01-01-2020');
INSERT INTO Enrolled (u_id,courseCode) VALUES (620001063,'BIOC3721'),(620001063,'PHYS2977'),(620001063,'CHEM2031'),(620001063,'ECON2722'),(620001063,'CHEM3347'),(620001063,'COMP3418');
INSERT INTO Users VALUES (620001064,'Adrienne','Taylor','AdrienneTaylor@gmail.com','TaylorAdrienne');
INSERT INTO Students VALUES (620001064,'UNDERGRAD','01-01-2020');
INSERT INTO Enrolled (u_id,courseCode) VALUES (620001064,'ECON3372'),(620001064,'CHEM2066'),(620001064,'BIOC2671'),(620001064,'INFO2716'),(620001064,'BIOC3604'),(620001064,'MATH1638');
INSERT INTO Users VALUES (620001065,'Dale','Rice','DaleRice@gmail.com','RiceDale');
INSERT INTO Students VALUES (620001065,'UNDERGRAD','01-01-2020');
INSERT INTO Enrolled (u_id,courseCode) VALUES (620001065,'ECON3311'),(620001065,'CHEM3054'),(620001065,'ECON3004');
INSERT INTO Users VALUES (620001066,'Georgie','Rankin','GeorgieRankin@gmail.com','RankinGeorgie');
INSERT INTO Students VALUES (620001066,'UNDERGRAD','01-01-2020');
INSERT INTO Enrolled (u_id,courseCode) VALUES (620001066,'CHEM2031'),(620001066,'BIOC1986'),(620001066,'INFO1833');
INSERT INTO Users VALUES (620001067,'Shalanda','Sultzer','ShalandaSultzer@gmail.com','SultzerShalanda');
INSERT INTO Students VALUES (620001067,'UNDERGRAD','01-01-2020');
INSERT INTO Enrolled (u_id,courseCode) VALUES (620001067,'COMP1051'),(620001067,'BIOC1448'),(620001067,'MATH3544'),(620001067,'INFO2147'),(620001067,'PHYS1979');
INSERT INTO Users VALUES (620001068,'Shalanda','Saunders','ShalandaSaunders@gmail.com','SaundersShalanda');
INSERT INTO Students VALUES (620001068,'UNDERGRAD','01-01-2020');
INSERT INTO Enrolled (u_id,courseCode) VALUES (620001068,'INFO2813'),(620001068,'MATH3029'),(620001068,'ECON3276'),(620001068,'MATH3059'),(620001068,'PHYS2667'),(620001068,'COMP1543');
INSERT INTO Users VALUES (620001069,'Taylor','Rivera','TaylorRivera@gmail.com','RiveraTaylor');
INSERT INTO Students VALUES (620001069,'UNDERGRAD','01-01-2020');
INSERT INTO Enrolled (u_id,courseCode) VALUES (620001069,'INFO3645'),(620001069,'CHEM1613'),(620001069,'COMP3849'),(620001069,'ECON1170'),(620001069,'COMP1357');
INSERT INTO Users VALUES (620001070,'Deanne','Givens','DeanneGivens@gmail.com','GivensDeanne');
INSERT INTO Students VALUES (620001070,'UNDERGRAD','01-01-2020');
INSERT INTO Enrolled (u_id,courseCode) VALUES (620001070,'INFO3636'),(620001070,'BIOC1725'),(620001070,'MATH1972'),(620001070,'BIOC1052');
INSERT INTO Users VALUES (620001071,'Dora','Luper','DoraLuper@gmail.com','LuperDora');
INSERT INTO Students VALUES (620001071,'UNDERGRAD','01-01-2020');
INSERT INTO Enrolled (u_id,courseCode) VALUES (620001071,'ECON3228'),(620001071,'PHYS3052'),(620001071,'ECON3288'),(620001071,'INFO3935'),(620001071,'COMP2651'),(620001071,'ECON2345');
INSERT INTO Users VALUES (620001072,'Shayne','Maze','ShayneMaze@gmail.com','MazeShayne');
INSERT INTO Students VALUES (620001072,'UNDERGRAD','01-01-2020');
INSERT INTO Enrolled (u_id,courseCode) VALUES (620001072,'MATH2188'),(620001072,'COMP3418'),(620001072,'INFO2213'),(620001072,'CHEM1340'),(620001072,'PHYS3290'),(620001072,'PHYS2451');
INSERT INTO Users VALUES (620001073,'William','Scully','WilliamScully@gmail.com','ScullyWilliam');
INSERT INTO Students VALUES (620001073,'UNDERGRAD','01-01-2020');
INSERT INTO Enrolled (u_id,courseCode) VALUES (620001073,'BIOC2236'),(620001073,'ECON3288'),(620001073,'ECON2387');
INSERT INTO Users VALUES (620001074,'Janet','Dahlheimer','JanetDahlheimer@gmail.com','DahlheimerJanet');
INSERT INTO Students VALUES (620001074,'UNDERGRAD','01-01-2020');
INSERT INTO Enrolled (u_id,courseCode) VALUES (620001074,'ECON3281'),(620001074,'INFO1288'),(620001074,'CHEM3793'),(620001074,'MATH2873'),(620001074,'INFO1242');
INSERT INTO Users VALUES (620001075,'Ruth','Lowrey','RuthLowrey@gmail.com','LowreyRuth');
INSERT INTO Students VALUES (620001075,'UNDERGRAD','01-01-2020');
INSERT INTO Enrolled (u_id,courseCode) VALUES (620001075,'CHEM2481'),(620001075,'COMP3746'),(620001075,'INFO3645'),(620001075,'ECON1783');
INSERT INTO Users VALUES (620001076,'Doris','Harrington','DorisHarrington@gmail.com','HarringtonDoris');
INSERT INTO Students VALUES (620001076,'UNDERGRAD','01-01-2020');
INSERT INTO Enrolled (u_id,courseCode) VALUES (620001076,'MATH2501'),(620001076,'COMP3697'),(620001076,'PHYS3354'),(620001076,'COMP3047'),(620001076,'PHYS2113'),(620001076,'PHYS3339');
INSERT INTO Users VALUES (620001077,'Jeremy','Washinski','JeremyWashinski@gmail.com','WashinskiJeremy');
INSERT INTO Students VALUES (620001077,'UNDERGRAD','01-01-2020');
INSERT INTO Enrolled (u_id,courseCode) VALUES (620001077,'MATH2957'),(620001077,'PHYS3052'),(620001077,'CHEM3614');
INSERT INTO Users VALUES (620001078,'Keith','Lopez','KeithLopez@gmail.com','LopezKeith');
INSERT INTO Students VALUES (620001078,'UNDERGRAD','01-01-2020');
INSERT INTO Enrolled (u_id,courseCode) VALUES (620001078,'COMP1184'),(620001078,'COMP2361'),(620001078,'MATH3222');
INSERT INTO Users VALUES (620001079,'Ronald','Swan','RonaldSwan@gmail.com','SwanRonald');
INSERT INTO Students VALUES (620001079,'UNDERGRAD','01-01-2020');
INSERT INTO Enrolled (u_id,courseCode) VALUES (620001079,'ECON3020'),(620001079,'BIOC1448'),(620001079,'MATH3059');
INSERT INTO Users VALUES (620001080,'Donald','Scully','DonaldScully@gmail.com','ScullyDonald');
INSERT INTO Students VALUES (620001080,'UNDERGRAD','01-01-2020');
INSERT INTO Enrolled (u_id,courseCode) VALUES (620001080,'MATH3844'),(620001080,'COMP3167'),(620001080,'COMP3238'),(620001080,'CHEM2481');
INSERT INTO Users VALUES (620001081,'Tiara','Sandlin','TiaraSandlin@gmail.com','SandlinTiara');
INSERT INTO Students VALUES (620001081,'UNDERGRAD','01-01-2020');
INSERT INTO Enrolled (u_id,courseCode) VALUES (620001081,'ECON1230'),(620001081,'COMP2717'),(620001081,'CHEM1613'),(620001081,'COMP3639'),(620001081,'COMP3167');
INSERT INTO Users VALUES (620001082,'Jimmy','Shane','JimmyShane@gmail.com','ShaneJimmy');
INSERT INTO Students VALUES (620001082,'UNDERGRAD','01-01-2020');
INSERT INTO Enrolled (u_id,courseCode) VALUES (620001082,'MATH1250'),(620001082,'COMP3746'),(620001082,'PHYS2338'),(620001082,'CHEM2066'),(620001082,'CHEM1807'),(620001082,'CHEM2177');
INSERT INTO Users VALUES (620001083,'Casey','Miller','CaseyMiller@gmail.com','MillerCasey');
INSERT INTO Students VALUES (620001083,'UNDERGRAD','01-01-2020');
INSERT INTO Enrolled (u_id,courseCode) VALUES (620001083,'COMP2541'),(620001083,'INFO2270'),(620001083,'CHEM2005'),(620001083,'COMP3536');
INSERT INTO Users VALUES (620001084,'Aaron','Early','AaronEarly@gmail.com','EarlyAaron');
INSERT INTO Students VALUES (620001084,'UNDERGRAD','01-01-2020');
INSERT INTO Enrolled (u_id,courseCode) VALUES (620001084,'CHEM3409'),(620001084,'COMP3506'),(620001084,'MATH3179');
INSERT INTO Users VALUES (620001085,'Dorcas','Ratterman','DorcasRatterman@gmail.com','RattermanDorcas');
INSERT INTO Students VALUES (620001085,'UNDERGRAD','01-01-2020');
INSERT INTO Enrolled (u_id,courseCode) VALUES (620001085,'MATH1972'),(620001085,'BIOC1910'),(620001085,'ECON3447'),(620001085,'MATH3059');
INSERT INTO Users VALUES (620001086,'Dean','Pantoja','DeanPantoja@gmail.com','PantojaDean');
INSERT INTO Students VALUES (620001086,'UNDERGRAD','01-01-2020');
INSERT INTO Enrolled (u_id,courseCode) VALUES (620001086,'INFO1145'),(620001086,'COMP3697'),(620001086,'CHEM3747'),(620001086,'BIOC1598'),(620001086,'INFO1833'),(620001086,'PHYS3876');
INSERT INTO Users VALUES (620001087,'Betty','Rivera','BettyRivera@gmail.com','RiveraBetty');
INSERT INTO Students VALUES (620001087,'UNDERGRAD','01-01-2020');
INSERT INTO Enrolled (u_id,courseCode) VALUES (620001087,'INFO1833'),(620001087,'ECON3372'),(620001087,'COMP1867'),(620001087,'INFO1990'),(620001087,'PHYS3464');
INSERT INTO Users VALUES (620001088,'Jessie','Citizen','JessieCitizen@gmail.com','CitizenJessie');
INSERT INTO Students VALUES (620001088,'UNDERGRAD','01-01-2020');
INSERT INTO Enrolled (u_id,courseCode) VALUES (620001088,'MATH3059'),(620001088,'CHEM3614'),(620001088,'BIOC2550'),(620001088,'ECON1098');
INSERT INTO Users VALUES (620001089,'Kelly','Wilbanks','KellyWilbanks@gmail.com','WilbanksKelly');
INSERT INTO Students VALUES (620001089,'UNDERGRAD','01-01-2020');
INSERT INTO Enrolled (u_id,courseCode) VALUES (620001089,'ECON1561'),(620001089,'MATH1578'),(620001089,'MATH3222');
INSERT INTO Users VALUES (620001090,'Maria','Brickey','MariaBrickey@gmail.com','BrickeyMaria');
INSERT INTO Students VALUES (620001090,'UNDERGRAD','01-01-2020');
INSERT INTO Enrolled (u_id,courseCode) VALUES (620001090,'BIOC1986'),(620001090,'PHYS3290'),(620001090,'BIOC1448'),(620001090,'MATH3029'),(620001090,'PHYS2229'),(620001090,'BIOC1794');
INSERT INTO Users VALUES (620001091,'Patricia','Bras','PatriciaBras@gmail.com','BrasPatricia');
INSERT INTO Students VALUES (620001091,'UNDERGRAD','01-01-2020');
INSERT INTO Enrolled (u_id,courseCode) VALUES (620001091,'INFO2797'),(620001091,'COMP3697'),(620001091,'PHYS2338'),(620001091,'INFO3636'),(620001091,'BIOC3230');
INSERT INTO Users VALUES (620001092,'Carolyn','Ekberg','CarolynEkberg@gmail.com','EkbergCarolyn');
INSERT INTO Students VALUES (620001092,'UNDERGRAD','01-01-2020');
INSERT INTO Enrolled (u_id,courseCode) VALUES (620001092,'PHYS3052'),(620001092,'COMP3084'),(620001092,'MATH2555'),(620001092,'INFO1990');
INSERT INTO Users VALUES (620001093,'Katherine','Hanks','KatherineHanks@gmail.com','HanksKatherine');
INSERT INTO Students VALUES (620001093,'UNDERGRAD','01-01-2020');
INSERT INTO Enrolled (u_id,courseCode) VALUES (620001093,'ECON3447'),(620001093,'INFO3868'),(620001093,'MATH1250'),(620001093,'ECON3020');
INSERT INTO Users VALUES (620001094,'Reginald','Rankin','ReginaldRankin@gmail.com','RankinReginald');
INSERT INTO Students VALUES (620001094,'UNDERGRAD','01-01-2020');
INSERT INTO Enrolled (u_id,courseCode) VALUES (620001094,'BIOC3230'),(620001094,'CHEM2220'),(620001094,'INFO3419'),(620001094,'BIOC2981');
INSERT INTO Users VALUES (620001095,'Kelly','Bourgoin','KellyBourgoin@gmail.com','BourgoinKelly');
INSERT INTO Students VALUES (620001095,'UNDERGRAD','01-01-2020');
INSERT INTO Enrolled (u_id,courseCode) VALUES (620001095,'INFO2860'),(620001095,'PHYS3464'),(620001095,'CHEM3054'),(620001095,'INFO2813'),(620001095,'INFO1825'),(620001095,'COMP2080');
INSERT INTO Users VALUES (620001096,'Dominique','Mance','DominiqueMance@gmail.com','ManceDominique');
INSERT INTO Students VALUES (620001096,'UNDERGRAD','01-01-2020');
INSERT INTO Enrolled (u_id,courseCode) VALUES (620001096,'PHYS2563'),(620001096,'PHYS2451'),(620001096,'INFO1648'),(620001096,'MATH1578'),(620001096,'CHEM2031'),(620001096,'INFO3645');
INSERT INTO Users VALUES (620001097,'Kathy','Knaub','KathyKnaub@gmail.com','KnaubKathy');
INSERT INTO Students VALUES (620001097,'UNDERGRAD','01-01-2020');
INSERT INTO Enrolled (u_id,courseCode) VALUES (620001097,'INFO2147'),(620001097,'CHEM1340'),(620001097,'PHYS1993'),(620001097,'CHEM3054'),(620001097,'COMP3746');
INSERT INTO Users VALUES (620001098,'Rebecca','Wolfe','RebeccaWolfe@gmail.com','WolfeRebecca');
INSERT INTO Students VALUES (620001098,'UNDERGRAD','01-01-2020');
INSERT INTO Enrolled (u_id,courseCode) VALUES (620001098,'ECON3737'),(620001098,'ECON3523'),(620001098,'INFO2860');
INSERT INTO Users VALUES (620001099,'Barbara','Crawford','BarbaraCrawford@gmail.com','CrawfordBarbara');
INSERT INTO Students VALUES (620001099,'UNDERGRAD','01-01-2020');
INSERT INTO Enrolled (u_id,courseCode) VALUES (620001099,'ECON1230'),(620001099,'INFO1648'),(620001099,'CHEM2446');
INSERT INTO Users VALUES (620001100,'Diane','Mitchell','DianeMitchell@gmail.com','MitchellDiane');
INSERT INTO Students VALUES (620001100,'UNDERGRAD','01-01-2020');
INSERT INTO Enrolled (u_id,courseCode) VALUES (620001100,'CHEM3793'),(620001100,'BIOC1910'),(620001100,'COMP3084'),(620001100,'PHYS2977');
INSERT INTO Users VALUES (620001101,'Kelly','Wesley','KellyWesley@gmail.com','WesleyKelly');
INSERT INTO Students VALUES (620001101,'UNDERGRAD','01-01-2020');
INSERT INTO Enrolled (u_id,courseCode) VALUES (620001101,'INFO1648'),(620001101,'INFO2950'),(620001101,'CHEM3409'),(620001101,'BIOC1986'),(620001101,'COMP1460'),(620001101,'ECON3228');
INSERT INTO Users VALUES (620001102,'Chad','Granado','ChadGranado@gmail.com','GranadoChad');
INSERT INTO Students VALUES (620001102,'UNDERGRAD','01-01-2020');
INSERT INTO Enrolled (u_id,courseCode) VALUES (620001102,'CHEM3617'),(620001102,'COMP3173'),(620001102,'COMP2717'),(620001102,'BIOC3230');
INSERT INTO Users VALUES (620001103,'Jeanna','White','JeannaWhite@gmail.com','WhiteJeanna');
INSERT INTO Students VALUES (620001103,'UNDERGRAD','01-01-2020');
INSERT INTO Enrolled (u_id,courseCode) VALUES (620001103,'COMP2400'),(620001103,'ECON1561'),(620001103,'MATH1262'),(620001103,'INFO2559'),(620001103,'BIOC3721');
INSERT INTO Users VALUES (620001104,'Judith','Vineyard','JudithVineyard@gmail.com','VineyardJudith');
INSERT INTO Students VALUES (620001104,'UNDERGRAD','01-01-2020');
INSERT INTO Enrolled (u_id,courseCode) VALUES (620001104,'ECON1230'),(620001104,'ECON3281'),(620001104,'COMP3084'),(620001104,'BIOC2981');
INSERT INTO Users VALUES (620001105,'Latoya','Henderson','LatoyaHenderson@gmail.com','HendersonLatoya');
INSERT INTO Students VALUES (620001105,'UNDERGRAD','01-01-2020');
INSERT INTO Enrolled (u_id,courseCode) VALUES (620001105,'ECON3523'),(620001105,'COMP3536'),(620001105,'MATH1972'),(620001105,'MATH3179');
INSERT INTO Users VALUES (620001106,'Joe','Harrington','JoeHarrington@gmail.com','HarringtonJoe');
INSERT INTO Students VALUES (620001106,'UNDERGRAD','01-01-2020');
INSERT INTO Enrolled (u_id,courseCode) VALUES (620001106,'MATH3222'),(620001106,'BIOC1448'),(620001106,'ECON3281'),(620001106,'PHYS3659');
INSERT INTO Users VALUES (620001107,'Shayne','Eaton','ShayneEaton@gmail.com','EatonShayne');
INSERT INTO Students VALUES (620001107,'UNDERGRAD','01-01-2020');
INSERT INTO Enrolled (u_id,courseCode) VALUES (620001107,'PHYS1979'),(620001107,'INFO2636'),(620001107,'ECON1783'),(620001107,'CHEM2727');
INSERT INTO Users VALUES (620001108,'Mark','Baccus','MarkBaccus@gmail.com','BaccusMark');
INSERT INTO Students VALUES (620001108,'UNDERGRAD','01-01-2020');
INSERT INTO Enrolled (u_id,courseCode) VALUES (620001108,'PHYS2117'),(620001108,'CHEM2727'),(620001108,'COMP2077'),(620001108,'PHYS3729'),(620001108,'MATH2550');
INSERT INTO Users VALUES (620001109,'Elwood','Dohse','ElwoodDohse@gmail.com','DohseElwood');
INSERT INTO Students VALUES (620001109,'UNDERGRAD','01-01-2020');
INSERT INTO Enrolled (u_id,courseCode) VALUES (620001109,'INFO2797'),(620001109,'BIOC3191'),(620001109,'COMP3418'),(620001109,'INFO2716'),(620001109,'PHYS1993');
INSERT INTO Users VALUES (620001110,'Georgie','Vanwyck','GeorgieVanwyck@gmail.com','VanwyckGeorgie');
INSERT INTO Students VALUES (620001110,'UNDERGRAD','01-01-2020');
INSERT INTO Enrolled (u_id,courseCode) VALUES (620001110,'CHEM1340'),(620001110,'ECON1170'),(620001110,'ECON3085'),(620001110,'MATH2873');
INSERT INTO Users VALUES (620001111,'Willard','Gilmore','WillardGilmore@gmail.com','GilmoreWillard');
INSERT INTO Students VALUES (620001111,'UNDERGRAD','01-01-2020');
INSERT INTO Enrolled (u_id,courseCode) VALUES (620001111,'PHYS2238'),(620001111,'INFO2521'),(620001111,'INFO2559'),(620001111,'ECON3523'),(620001111,'INFO2860'),(620001111,'BIOC1598');
INSERT INTO Users VALUES (620001112,'Marcus','Turkus','MarcusTurkus@gmail.com','TurkusMarcus');
INSERT INTO Students VALUES (620001112,'UNDERGRAD','01-01-2020');
INSERT INTO Enrolled (u_id,courseCode) VALUES (620001112,'PHYS3052'),(620001112,'MATH3179'),(620001112,'MATH3222');
INSERT INTO Users VALUES (620001113,'Carlos','Hayes','CarlosHayes@gmail.com','HayesCarlos');
INSERT INTO Students VALUES (620001113,'UNDERGRAD','01-01-2020');
INSERT INTO Enrolled (u_id,courseCode) VALUES (620001113,'COMP1573'),(620001113,'ECON1589'),(620001113,'MATH3029');
INSERT INTO Users VALUES (620001114,'Rosa','Terry','RosaTerry@gmail.com','TerryRosa');
INSERT INTO Students VALUES (620001114,'UNDERGRAD','01-01-2020');
INSERT INTO Enrolled (u_id,courseCode) VALUES (620001114,'COMP1460'),(620001114,'BIOC1598'),(620001114,'CHEM1485'),(620001114,'MATH1735'),(620001114,'MATH1262'),(620001114,'CHEM3747');
INSERT INTO Users VALUES (620001115,'Celia','Ferretti','CeliaFerretti@gmail.com','FerrettiCelia');
INSERT INTO Students VALUES (620001115,'UNDERGRAD','01-01-2020');
INSERT INTO Enrolled (u_id,courseCode) VALUES (620001115,'INFO1288'),(620001115,'PHYS2306'),(620001115,'COMP1573');
INSERT INTO Users VALUES (620001116,'Kenneth','Lauritsen','KennethLauritsen@gmail.com','LauritsenKenneth');
INSERT INTO Students VALUES (620001116,'UNDERGRAD','01-01-2020');
INSERT INTO Enrolled (u_id,courseCode) VALUES (620001116,'BIOC1104'),(620001116,'PHYS3686'),(620001116,'MATH1262');
INSERT INTO Users VALUES (620001117,'Demetrice','Pulley','DemetricePulley@gmail.com','PulleyDemetrice');
INSERT INTO Students VALUES (620001117,'UNDERGRAD','01-01-2020');
INSERT INTO Enrolled (u_id,courseCode) VALUES (620001117,'CHEM2697'),(620001117,'INFO2813'),(620001117,'CHEM1485');
INSERT INTO Users VALUES (620001118,'James','Pantoja','JamesPantoja@gmail.com','PantojaJames');
INSERT INTO Students VALUES (620001118,'UNDERGRAD','01-01-2020');
INSERT INTO Enrolled (u_id,courseCode) VALUES (620001118,'ECON3737'),(620001118,'COMP2541'),(620001118,'CHEM2867'),(620001118,'COMP2080'),(620001118,'COMP3506'),(620001118,'COMP1867');
INSERT INTO Users VALUES (620001119,'Carlos','Jones','CarlosJones@gmail.com','JonesCarlos');
INSERT INTO Students VALUES (620001119,'UNDERGRAD','01-01-2020');
INSERT INTO Enrolled (u_id,courseCode) VALUES (620001119,'MATH1972'),(620001119,'CHEM3888'),(620001119,'MATH2550'),(620001119,'CHEM2149');
INSERT INTO Users VALUES (620001120,'Doris','Turner','DorisTurner@gmail.com','TurnerDoris');
INSERT INTO Students VALUES (620001120,'UNDERGRAD','01-01-2020');
INSERT INTO Enrolled (u_id,courseCode) VALUES (620001120,'PHYS1399'),(620001120,'CHEM3347'),(620001120,'PHYS3787');
INSERT INTO Users VALUES (620001121,'Mack','Lavoy','MackLavoy@gmail.com','LavoyMack');
INSERT INTO Students VALUES (620001121,'UNDERGRAD','01-01-2020');
INSERT INTO Enrolled (u_id,courseCode) VALUES (620001121,'COMP1184'),(620001121,'BIOC2550'),(620001121,'PHYS1930'),(620001121,'PHYS1399'),(620001121,'INFO2950'),(620001121,'MATH3029');
INSERT INTO Users VALUES (620001122,'Gloria','Bourgoin','GloriaBourgoin@gmail.com','BourgoinGloria');
INSERT INTO Students VALUES (620001122,'UNDERGRAD','01-01-2020');
INSERT INTO Enrolled (u_id,courseCode) VALUES (620001122,'COMP3173'),(620001122,'PHYS2338'),(620001122,'PHYS2448'),(620001122,'PHYS3686');
INSERT INTO Users VALUES (620001123,'Dwight','Hodge','DwightHodge@gmail.com','HodgeDwight');
INSERT INTO Students VALUES (620001123,'UNDERGRAD','01-01-2020');
INSERT INTO Enrolled (u_id,courseCode) VALUES (620001123,'COMP3697'),(620001123,'COMP3167'),(620001123,'ECON1098'),(620001123,'PHYS2448'),(620001123,'MATH2555');
INSERT INTO Users VALUES (620001124,'Ed','Fuller','EdFuller@gmail.com','FullerEd');
INSERT INTO Students VALUES (620001124,'UNDERGRAD','01-01-2020');
INSERT INTO Enrolled (u_id,courseCode) VALUES (620001124,'BIOC1598'),(620001124,'ECON1589'),(620001124,'INFO3636'),(620001124,'COMP3167');
INSERT INTO Users VALUES (620001125,'Cristina','Scarbrough','CristinaScarbrough@gmail.com','ScarbroughCristina');
INSERT INTO Students VALUES (620001125,'UNDERGRAD','01-01-2020');
INSERT INTO Enrolled (u_id,courseCode) VALUES (620001125,'ECON3063'),(620001125,'MATH3029'),(620001125,'COMP2541');
INSERT INTO Users VALUES (620001126,'Sergio','Christenberry','SergioChristenberry@gmail.com','ChristenberrySergio');
INSERT INTO Students VALUES (620001126,'UNDERGRAD','01-01-2020');
INSERT INTO Enrolled (u_id,courseCode) VALUES (620001126,'CHEM3409'),(620001126,'MATH3544'),(620001126,'MATH1309'),(620001126,'ECON1645'),(620001126,'PHYS3052');
INSERT INTO Users VALUES (620001127,'Kirk','Brickey','KirkBrickey@gmail.com','BrickeyKirk');
INSERT INTO Students VALUES (620001127,'UNDERGRAD','01-01-2020');
INSERT INTO Enrolled (u_id,courseCode) VALUES (620001127,'ECON3281'),(620001127,'CHEM2727'),(620001127,'INFO2636'),(620001127,'MATH3613'),(620001127,'BIOC1794'),(620001127,'INFO3935');
INSERT INTO Users VALUES (620001128,'Anderson','Deen','AndersonDeen@gmail.com','DeenAnderson');
INSERT INTO Students VALUES (620001128,'UNDERGRAD','01-01-2020');
INSERT INTO Enrolled (u_id,courseCode) VALUES (620001128,'MATH2188'),(620001128,'ECON1098'),(620001128,'COMP3849'),(620001128,'INFO2270'),(620001128,'COMP3506');
INSERT INTO Users VALUES (620001129,'Samuel','Macpartland','SamuelMacpartland@gmail.com','MacpartlandSamuel');
INSERT INTO Students VALUES (620001129,'UNDERGRAD','01-01-2020');
INSERT INTO Enrolled (u_id,courseCode) VALUES (620001129,'INFO3603'),(620001129,'MATH2067'),(620001129,'MATH3179'),(620001129,'COMP3238');
INSERT INTO Users VALUES (620001130,'Adelia','Bras','AdeliaBras@gmail.com','BrasAdelia');
INSERT INTO Students VALUES (620001130,'UNDERGRAD','01-01-2020');
INSERT INTO Enrolled (u_id,courseCode) VALUES (620001130,'PHYS3339'),(620001130,'INFO1825'),(620001130,'CHEM2727'),(620001130,'CHEM2867'),(620001130,'BIOC1986'),(620001130,'COMP3685');
INSERT INTO Users VALUES (620001131,'Jewell','Gray','JewellGray@gmail.com','GrayJewell');
INSERT INTO Students VALUES (620001131,'UNDERGRAD','01-01-2020');
INSERT INTO Enrolled (u_id,courseCode) VALUES (620001131,'COMP3697'),(620001131,'ECON2387'),(620001131,'CHEM2697');
INSERT INTO Users VALUES (620001132,'Shannon','Caudill','ShannonCaudill@gmail.com','CaudillShannon');
INSERT INTO Students VALUES (620001132,'UNDERGRAD','01-01-2020');
INSERT INTO Enrolled (u_id,courseCode) VALUES (620001132,'BIOC1986'),(620001132,'ECON3311'),(620001132,'CHEM3347'),(620001132,'MATH3857'),(620001132,'ECON3550'),(620001132,'CHEM3617');
INSERT INTO Users VALUES (620001133,'Rebecca','Walker','RebeccaWalker@gmail.com','WalkerRebecca');
INSERT INTO Students VALUES (620001133,'UNDERGRAD','01-01-2020');
INSERT INTO Enrolled (u_id,courseCode) VALUES (620001133,'CHEM1485'),(620001133,'PHYS3659'),(620001133,'CHEM2626'),(620001133,'ECON1498'),(620001133,'INFO2950'),(620001133,'PHYS3464');
INSERT INTO Users VALUES (620001134,'Justin','Charland','JustinCharland@gmail.com','CharlandJustin');
INSERT INTO Students VALUES (620001134,'UNDERGRAD','01-01-2020');
INSERT INTO Enrolled (u_id,courseCode) VALUES (620001134,'INFO2950'),(620001134,'BIOC1866'),(620001134,'INFO2636'),(620001134,'MATH1578');
INSERT INTO Users VALUES (620001135,'Roberta','Flowers','RobertaFlowers@gmail.com','FlowersRoberta');
INSERT INTO Students VALUES (620001135,'UNDERGRAD','01-01-2020');
INSERT INTO Enrolled (u_id,courseCode) VALUES (620001135,'COMP2651'),(620001135,'MATH2801'),(620001135,'INFO1288'),(620001135,'PHYS3659'),(620001135,'CHEM1340');
INSERT INTO Users VALUES (620001136,'Geoffrey','Flemming','GeoffreyFlemming@gmail.com','FlemmingGeoffrey');
INSERT INTO Students VALUES (620001136,'UNDERGRAD','01-01-2020');
INSERT INTO Enrolled (u_id,courseCode) VALUES (620001136,'MATH1454'),(620001136,'PHYS3052'),(620001136,'ECON3228'),(620001136,'CHEM1340'),(620001136,'INFO2213');
INSERT INTO Users VALUES (620001137,'Marcus','Nichols','MarcusNichols@gmail.com','NicholsMarcus');
INSERT INTO Students VALUES (620001137,'UNDERGRAD','01-01-2020');
INSERT INTO Enrolled (u_id,courseCode) VALUES (620001137,'COMP3639'),(620001137,'PHYS1930'),(620001137,'CHEM1494'),(620001137,'CHEM3888'),(620001137,'COMP1357');
INSERT INTO Users VALUES (620001138,'Nicholas','Finkenbinder','NicholasFinkenbinder@gmail.com','FinkenbinderNicholas');
INSERT INTO Students VALUES (620001138,'UNDERGRAD','01-01-2020');
INSERT INTO Enrolled (u_id,courseCode) VALUES (620001138,'MATH2555'),(620001138,'MATH3179'),(620001138,'ECON3523'),(620001138,'BIOC1104');
INSERT INTO Users VALUES (620001139,'Reggie','Baccus','ReggieBaccus@gmail.com','BaccusReggie');
INSERT INTO Students VALUES (620001139,'UNDERGRAD','01-01-2020');
INSERT INTO Enrolled (u_id,courseCode) VALUES (620001139,'BIOC1794'),(620001139,'ECON3737'),(620001139,'PHYS3339'),(620001139,'ECON3311');
INSERT INTO Users VALUES (620001140,'Marcus','Vineyard','MarcusVineyard@gmail.com','VineyardMarcus');
INSERT INTO Students VALUES (620001140,'UNDERGRAD','01-01-2020');
INSERT INTO Enrolled (u_id,courseCode) VALUES (620001140,'CHEM2867'),(620001140,'ECON2345'),(620001140,'ECON1996'),(620001140,'COMP1543'),(620001140,'PHYS3339'),(620001140,'ECON1170');
INSERT INTO Users VALUES (620001141,'Carlos','Coleman','CarlosColeman@gmail.com','ColemanCarlos');
INSERT INTO Students VALUES (620001141,'UNDERGRAD','01-01-2020');
INSERT INTO Enrolled (u_id,courseCode) VALUES (620001141,'MATH3844'),(620001141,'MATH2717'),(620001141,'INFO1990'),(620001141,'MATH2550'),(620001141,'PHYS3686');
INSERT INTO Users VALUES (620001142,'Colin','Turkus','ColinTurkus@gmail.com','TurkusColin');
INSERT INTO Students VALUES (620001142,'UNDERGRAD','01-01-2020');
INSERT INTO Enrolled (u_id,courseCode) VALUES (620001142,'COMP3639'),(620001142,'COMP2400'),(620001142,'INFO1833');
INSERT INTO Users VALUES (620001143,'Homer','Bourgoin','HomerBourgoin@gmail.com','BourgoinHomer');
INSERT INTO Students VALUES (620001143,'UNDERGRAD','01-01-2020');
INSERT INTO Enrolled (u_id,courseCode) VALUES (620001143,'MATH1735'),(620001143,'CHEM1613'),(620001143,'INFO1825'),(620001143,'BIOC1986');
INSERT INTO Users VALUES (620001144,'Jeffrey','Truitt','JeffreyTruitt@gmail.com','TruittJeffrey');
INSERT INTO Students VALUES (620001144,'UNDERGRAD','01-01-2020');
INSERT INTO Enrolled (u_id,courseCode) VALUES (620001144,'CHEM3409'),(620001144,'MATH1148'),(620001144,'INFO3603'),(620001144,'INFO3935'),(620001144,'MATH2873'),(620001144,'ECON3288');
INSERT INTO Users VALUES (620001145,'Matthew','Ebbs','MatthewEbbs@gmail.com','EbbsMatthew');
INSERT INTO Students VALUES (620001145,'UNDERGRAD','01-01-2020');
INSERT INTO Enrolled (u_id,courseCode) VALUES (620001145,'PHYS2563'),(620001145,'ECON3020'),(620001145,'ECON3311'),(620001145,'COMP3173'),(620001145,'ECON3281');
INSERT INTO Users VALUES (620001146,'Gina','Vanhamlin','GinaVanhamlin@gmail.com','VanhamlinGina');
INSERT INTO Students VALUES (620001146,'UNDERGRAD','01-01-2020');
INSERT INTO Enrolled (u_id,courseCode) VALUES (620001146,'INFO2636'),(620001146,'MATH3173'),(620001146,'INFO1145'),(620001146,'BIOC1439'),(620001146,'ECON3447');
INSERT INTO Users VALUES (620001147,'Cheryl','Caudill','CherylCaudill@gmail.com','CaudillCheryl');
INSERT INTO Students VALUES (620001147,'UNDERGRAD','01-01-2020');
INSERT INTO Enrolled (u_id,courseCode) VALUES (620001147,'INFO2270'),(620001147,'CHEM2797'),(620001147,'COMP3084');
INSERT INTO Users VALUES (620001148,'Flora','Petersen','FloraPetersen@gmail.com','PetersenFlora');
INSERT INTO Students VALUES (620001148,'UNDERGRAD','01-01-2020');
INSERT INTO Enrolled (u_id,courseCode) VALUES (620001148,'PHYS1399'),(620001148,'PHYS3659'),(620001148,'INFO2950'),(620001148,'MATH3844'),(620001148,'ECON1012');
INSERT INTO Users VALUES (620001149,'Ben','Avery','BenAvery@gmail.com','AveryBen');
INSERT INTO Students VALUES (620001149,'UNDERGRAD','01-01-2020');
INSERT INTO Enrolled (u_id,courseCode) VALUES (620001149,'ECON3550'),(620001149,'BIOC1744'),(620001149,'BIOC1485');
INSERT INTO Users VALUES (620001150,'Edwin','Morey','EdwinMorey@gmail.com','MoreyEdwin');
INSERT INTO Students VALUES (620001150,'UNDERGRAD','01-01-2020');
INSERT INTO Enrolled (u_id,courseCode) VALUES (620001150,'ECON1645'),(620001150,'COMP3418'),(620001150,'ECON3447'),(620001150,'COMP1357');
INSERT INTO Users VALUES (620001151,'Dawn','Duffie','DawnDuffie@gmail.com','DuffieDawn');
INSERT INTO Students VALUES (620001151,'UNDERGRAD','01-01-2020');
INSERT INTO Enrolled (u_id,courseCode) VALUES (620001151,'CHEM3054'),(620001151,'CHEM2727'),(620001151,'ECON1498');
INSERT INTO Users VALUES (620001152,'Earl','Hauser','EarlHauser@gmail.com','HauserEarl');
INSERT INTO Students VALUES (620001152,'UNDERGRAD','01-01-2020');
INSERT INTO Enrolled (u_id,courseCode) VALUES (620001152,'CHEM3409'),(620001152,'ECON3447'),(620001152,'CHEM2065'),(620001152,'COMP1184');
INSERT INTO Users VALUES (620001153,'Bernard','Gillman','BernardGillman@gmail.com','GillmanBernard');
INSERT INTO Students VALUES (620001153,'UNDERGRAD','01-01-2020');
INSERT INTO Enrolled (u_id,courseCode) VALUES (620001153,'BIOC3604'),(620001153,'INFO3636'),(620001153,'ECON3550'),(620001153,'INFO2860');
INSERT INTO Users VALUES (620001154,'Sadie','Santos','SadieSantos@gmail.com','SantosSadie');
INSERT INTO Students VALUES (620001154,'UNDERGRAD','01-01-2020');
INSERT INTO Enrolled (u_id,courseCode) VALUES (620001154,'COMP2361'),(620001154,'COMP2080'),(620001154,'CHEM1807'),(620001154,'MATH1578');
INSERT INTO Users VALUES (620001155,'Gary','Kenney','GaryKenney@gmail.com','KenneyGary');
INSERT INTO Students VALUES (620001155,'UNDERGRAD','01-01-2020');
INSERT INTO Enrolled (u_id,courseCode) VALUES (620001155,'BIOC1164'),(620001155,'ECON1645'),(620001155,'CHEM2604'),(620001155,'BIOC1104'),(620001155,'COMP3238'),(620001155,'BIOC2981');
INSERT INTO Users VALUES (620001156,'Sheila','Davis','SheilaDavis@gmail.com','DavisSheila');
INSERT INTO Students VALUES (620001156,'UNDERGRAD','01-01-2020');
INSERT INTO Enrolled (u_id,courseCode) VALUES (620001156,'ECON3550'),(620001156,'CHEM2797'),(620001156,'MATH2717'),(620001156,'PHYS3354'),(620001156,'ECON1645'),(620001156,'MATH2957');
INSERT INTO Users VALUES (620001157,'Daniel','Reyes','DanielReyes@gmail.com','ReyesDaniel');
INSERT INTO Students VALUES (620001157,'UNDERGRAD','01-01-2020');
INSERT INTO Enrolled (u_id,courseCode) VALUES (620001157,'MATH2067'),(620001157,'BIOC3721'),(620001157,'ECON3288'),(620001157,'BIOC3604'),(620001157,'INFO3935');
INSERT INTO Users VALUES (620001158,'Lorenza','Fields','LorenzaFields@gmail.com','FieldsLorenza');
INSERT INTO Students VALUES (620001158,'UNDERGRAD','01-01-2020');
INSERT INTO Enrolled (u_id,courseCode) VALUES (620001158,'BIOC1725'),(620001158,'INFO3419'),(620001158,'ECON1230');
INSERT INTO Users VALUES (620001159,'Angie','Lundholm','AngieLundholm@gmail.com','LundholmAngie');
INSERT INTO Students VALUES (620001159,'UNDERGRAD','01-01-2020');
INSERT INTO Enrolled (u_id,courseCode) VALUES (620001159,'MATH2873'),(620001159,'COMP1573'),(620001159,'BIOC1986'),(620001159,'CHEM3888');
INSERT INTO Users VALUES (620001160,'Sadie','Souza','SadieSouza@gmail.com','SouzaSadie');
INSERT INTO Students VALUES (620001160,'UNDERGRAD','01-01-2020');
INSERT INTO Enrolled (u_id,courseCode) VALUES (620001160,'PHYS1930'),(620001160,'ECON1589'),(620001160,'PHYS3354');
INSERT INTO Users VALUES (620001161,'Miss','Daniels','MissDaniels@gmail.com','DanielsMiss');
INSERT INTO Students VALUES (620001161,'UNDERGRAD','01-01-2020');
INSERT INTO Enrolled (u_id,courseCode) VALUES (620001161,'PHYS3659'),(620001161,'ECON1098'),(620001161,'CHEM2031');
INSERT INTO Users VALUES (620001162,'Nicole','Baptiste','NicoleBaptiste@gmail.com','BaptisteNicole');
INSERT INTO Students VALUES (620001162,'UNDERGRAD','01-01-2020');
INSERT INTO Enrolled (u_id,courseCode) VALUES (620001162,'INFO1242'),(620001162,'BIOC1448'),(620001162,'CHEM2031'),(620001162,'BIOC3604'),(620001162,'PHYS2667'),(620001162,'MATH1309');
INSERT INTO Users VALUES (620001163,'Sarah','Scales','SarahScales@gmail.com','ScalesSarah');
INSERT INTO Students VALUES (620001163,'UNDERGRAD','01-01-2020');
INSERT INTO Enrolled (u_id,courseCode) VALUES (620001163,'BIOC2054'),(620001163,'MATH3029'),(620001163,'ECON3085'),(620001163,'BIOC2550'),(620001163,'MATH3613');
INSERT INTO Users VALUES (620001164,'Sadie','Crites','SadieCrites@gmail.com','CritesSadie');
INSERT INTO Students VALUES (620001164,'UNDERGRAD','01-01-2020');
INSERT INTO Enrolled (u_id,courseCode) VALUES (620001164,'BIOC2671'),(620001164,'MATH3209'),(620001164,'COMP3685'),(620001164,'INFO1242'),(620001164,'MATH2550');
INSERT INTO Users VALUES (620001165,'Kathy','Chan','KathyChan@gmail.com','ChanKathy');
INSERT INTO Students VALUES (620001165,'UNDERGRAD','01-01-2020');
INSERT INTO Enrolled (u_id,courseCode) VALUES (620001165,'ECON3288'),(620001165,'BIOC1104'),(620001165,'PHYS1993'),(620001165,'PHYS3339'),(620001165,'BIOC1164');
INSERT INTO Users VALUES (620001166,'Kathy','Evans','KathyEvans@gmail.com','EvansKathy');
INSERT INTO Students VALUES (620001166,'UNDERGRAD','01-01-2020');
INSERT INTO Enrolled (u_id,courseCode) VALUES (620001166,'PHYS1173'),(620001166,'ECON3004'),(620001166,'MATH3857'),(620001166,'COMP3639'),(620001166,'ECON1170'),(620001166,'ECON1645');
INSERT INTO Users VALUES (620001167,'Edna','Eubank','EdnaEubank@gmail.com','EubankEdna');
INSERT INTO Students VALUES (620001167,'UNDERGRAD','01-01-2020');
INSERT INTO Enrolled (u_id,courseCode) VALUES (620001167,'MATH3857'),(620001167,'CHEM1340'),(620001167,'COMP3536'),(620001167,'INFO1990');
INSERT INTO Users VALUES (620001168,'Dean','Terry','DeanTerry@gmail.com','TerryDean');
INSERT INTO Students VALUES (620001168,'UNDERGRAD','01-01-2020');
INSERT INTO Enrolled (u_id,courseCode) VALUES (620001168,'PHYS1979'),(620001168,'PHYS2448'),(620001168,'COMP3697'),(620001168,'ECON1458'),(620001168,'BIOC3457');
INSERT INTO Users VALUES (620001169,'Rick','Cummings','RickCummings@gmail.com','CummingsRick');
INSERT INTO Students VALUES (620001169,'UNDERGRAD','01-01-2020');
INSERT INTO Enrolled (u_id,courseCode) VALUES (620001169,'COMP1460'),(620001169,'ECON3311'),(620001169,'ECON3020'),(620001169,'COMP3639'),(620001169,'BIOC1052'),(620001169,'CHEM1807');
INSERT INTO Users VALUES (620001170,'Matthew','Hunt','MatthewHunt@gmail.com','HuntMatthew');
INSERT INTO Students VALUES (620001170,'UNDERGRAD','01-01-2020');
INSERT INTO Enrolled (u_id,courseCode) VALUES (620001170,'INFO2521'),(620001170,'BIOC1986'),(620001170,'MATH2067'),(620001170,'CHEM3409'),(620001170,'COMP3047'),(620001170,'PHYS1399');
INSERT INTO Users VALUES (620001171,'Kimberly','Scarbrough','KimberlyScarbrough@gmail.com','ScarbroughKimberly');
INSERT INTO Students VALUES (620001171,'UNDERGRAD','01-01-2020');
INSERT INTO Enrolled (u_id,courseCode) VALUES (620001171,'PHYS2117'),(620001171,'MATH3222'),(620001171,'COMP1867'),(620001171,'MATH1454'),(620001171,'CHEM3888');
INSERT INTO Users VALUES (620001172,'Kirk','Hanks','KirkHanks@gmail.com','HanksKirk');
INSERT INTO Students VALUES (620001172,'UNDERGRAD','01-01-2020');
INSERT INTO Enrolled (u_id,courseCode) VALUES (620001172,'COMP3639'),(620001172,'INFO2797'),(620001172,'ECON1170'),(620001172,'COMP1543');
INSERT INTO Users VALUES (620001173,'Cheryl','Hoyer','CherylHoyer@gmail.com','HoyerCheryl');
INSERT INTO Students VALUES (620001173,'UNDERGRAD','01-01-2020');
INSERT INTO Enrolled (u_id,courseCode) VALUES (620001173,'CHEM1340'),(620001173,'ECON1230'),(620001173,'INFO2860');
INSERT INTO Users VALUES (620001174,'Dale','Duffie','DaleDuffie@gmail.com','DuffieDale');
INSERT INTO Students VALUES (620001174,'UNDERGRAD','01-01-2020');
INSERT INTO Enrolled (u_id,courseCode) VALUES (620001174,'BIOC1448'),(620001174,'INFO2811'),(620001174,'ECON1230'),(620001174,'ECON2387'),(620001174,'INFO1648'),(620001174,'CHEM2626');
INSERT INTO Users VALUES (620001175,'Helen','Wright','HelenWright@gmail.com','WrightHelen');
INSERT INTO Students VALUES (620001175,'UNDERGRAD','01-01-2020');
INSERT INTO Enrolled (u_id,courseCode) VALUES (620001175,'ECON1458'),(620001175,'CHEM3614'),(620001175,'MATH3179');
INSERT INTO Users VALUES (620001176,'Kendra','Sultzer','KendraSultzer@gmail.com','SultzerKendra');
INSERT INTO Students VALUES (620001176,'UNDERGRAD','01-01-2020');
INSERT INTO Enrolled (u_id,courseCode) VALUES (620001176,'PHYS3659'),(620001176,'ECON2814'),(620001176,'MATH2957'),(620001176,'BIOC1448'),(620001176,'ECON3372');
INSERT INTO Users VALUES (620001177,'Susan','Robinson','SusanRobinson@gmail.com','RobinsonSusan');
INSERT INTO Students VALUES (620001177,'UNDERGRAD','01-01-2020');
INSERT INTO Enrolled (u_id,courseCode) VALUES (620001177,'ECON2387'),(620001177,'INFO1648'),(620001177,'PHYS1930'),(620001177,'MATH2957');
INSERT INTO Users VALUES (620001178,'Patricia','Gaffney','PatriciaGaffney@gmail.com','GaffneyPatricia');
INSERT INTO Students VALUES (620001178,'UNDERGRAD','01-01-2020');
INSERT INTO Enrolled (u_id,courseCode) VALUES (620001178,'CHEM2065'),(620001178,'CHEM3793'),(620001178,'INFO3636'),(620001178,'COMP3238');
INSERT INTO Users VALUES (620001179,'Eunice','Deen','EuniceDeen@gmail.com','DeenEunice');
INSERT INTO Students VALUES (620001179,'UNDERGRAD','01-01-2020');
INSERT INTO Enrolled (u_id,courseCode) VALUES (620001179,'COMP3047'),(620001179,'COMP2080'),(620001179,'MATH1972'),(620001179,'CHEM3793'),(620001179,'PHYS2229'),(620001179,'BIOC1986');
INSERT INTO Users VALUES (620001180,'Marcus','Robles','MarcusRobles@gmail.com','RoblesMarcus');
INSERT INTO Students VALUES (620001180,'UNDERGRAD','01-01-2020');
INSERT INTO Enrolled (u_id,courseCode) VALUES (620001180,'CHEM3617'),(620001180,'CHEM1613'),(620001180,'INFO2213'),(620001180,'ECON1783'),(620001180,'INFO1648');
INSERT INTO Users VALUES (620001181,'Sadie','Jesse','SadieJesse@gmail.com','JesseSadie');
INSERT INTO Students VALUES (620001181,'UNDERGRAD','01-01-2020');
INSERT INTO Enrolled (u_id,courseCode) VALUES (620001181,'CHEM1485'),(620001181,'ECON1458'),(620001181,'COMP3167'),(620001181,'BIOC1534');
INSERT INTO Users VALUES (620001182,'Marie','Walker','MarieWalker@gmail.com','WalkerMarie');
INSERT INTO Students VALUES (620001182,'UNDERGRAD','01-01-2020');
INSERT INTO Enrolled (u_id,courseCode) VALUES (620001182,'CHEM3347'),(620001182,'ECON2722'),(620001182,'ECON3311'),(620001182,'INFO2860');
INSERT INTO Users VALUES (620001183,'Gordon','Knaub','GordonKnaub@gmail.com','KnaubGordon');
INSERT INTO Students VALUES (620001183,'UNDERGRAD','01-01-2020');
INSERT INTO Enrolled (u_id,courseCode) VALUES (620001183,'PHYS2229'),(620001183,'BIOC2671'),(620001183,'PHYS3876');
INSERT INTO Users VALUES (620001184,'Catherine','Kent','CatherineKent@gmail.com','KentCatherine');
INSERT INTO Students VALUES (620001184,'UNDERGRAD','01-01-2020');
INSERT INTO Enrolled (u_id,courseCode) VALUES (620001184,'INFO2716'),(620001184,'BIOC2983'),(620001184,'PHYS3354'),(620001184,'COMP1867'),(620001184,'ECON3063'),(620001184,'PHYS2113');
INSERT INTO Users VALUES (620001185,'Cynthia','Phinney','CynthiaPhinney@gmail.com','PhinneyCynthia');
INSERT INTO Students VALUES (620001185,'UNDERGRAD','01-01-2020');
INSERT INTO Enrolled (u_id,courseCode) VALUES (620001185,'BIOC1485'),(620001185,'COMP1573'),(620001185,'INFO3868'),(620001185,'BIOC2054'),(620001185,'ECON1783');
INSERT INTO Users VALUES (620001186,'Jacqueline','Crites','JacquelineCrites@gmail.com','CritesJacqueline');
INSERT INTO Students VALUES (620001186,'UNDERGRAD','01-01-2020');
INSERT INTO Enrolled (u_id,courseCode) VALUES (620001186,'MATH1648'),(620001186,'MATH1638'),(620001186,'ECON3020'),(620001186,'PHYS3290'),(620001186,'BIOC2236');
INSERT INTO Users VALUES (620001187,'Dawn','Bordelon','DawnBordelon@gmail.com','BordelonDawn');
INSERT INTO Students VALUES (620001187,'UNDERGRAD','01-01-2020');
INSERT INTO Enrolled (u_id,courseCode) VALUES (620001187,'PHYS1930'),(620001187,'MATH2501'),(620001187,'MATH3544'),(620001187,'PHYS3686'),(620001187,'BIOC2236'),(620001187,'ECON1230');
INSERT INTO Users VALUES (620001188,'Gregory','Chan','GregoryChan@gmail.com','ChanGregory');
INSERT INTO Students VALUES (620001188,'UNDERGRAD','01-01-2020');
INSERT INTO Enrolled (u_id,courseCode) VALUES (620001188,'INFO2636'),(620001188,'CHEM3747'),(620001188,'MATH1148'),(620001188,'COMP3849');
INSERT INTO Users VALUES (620001189,'Magdalen','Bordelon','MagdalenBordelon@gmail.com','BordelonMagdalen');
INSERT INTO Students VALUES (620001189,'UNDERGRAD','01-01-2020');
INSERT INTO Enrolled (u_id,courseCode) VALUES (620001189,'INFO2147'),(620001189,'ECON1012'),(620001189,'INFO3935'),(620001189,'CHEM3054'),(620001189,'INFO2636'),(620001189,'COMP3697');
INSERT INTO Users VALUES (620001190,'Joyce','English','JoyceEnglish@gmail.com','EnglishJoyce');
INSERT INTO Students VALUES (620001190,'UNDERGRAD','01-01-2020');
INSERT INTO Enrolled (u_id,courseCode) VALUES (620001190,'MATH1648'),(620001190,'CHEM2031'),(620001190,'ECON1170');
INSERT INTO Users VALUES (620001191,'Janet','Pelletier','JanetPelletier@gmail.com','PelletierJanet');
INSERT INTO Students VALUES (620001191,'UNDERGRAD','01-01-2020');
INSERT INTO Enrolled (u_id,courseCode) VALUES (620001191,'CHEM3409'),(620001191,'ECON1170'),(620001191,'COMP3506'),(620001191,'PHYS1930'),(620001191,'INFO2950'),(620001191,'CHEM2481');
INSERT INTO Users VALUES (620001192,'Shirley','Luper','ShirleyLuper@gmail.com','LuperShirley');
INSERT INTO Students VALUES (620001192,'UNDERGRAD','01-01-2020');
INSERT INTO Enrolled (u_id,courseCode) VALUES (620001192,'COMP3238'),(620001192,'MATH2188'),(620001192,'MATH3222');
INSERT INTO Users VALUES (620001193,'Kasey','Fuller','KaseyFuller@gmail.com','FullerKasey');
INSERT INTO Students VALUES (620001193,'UNDERGRAD','01-01-2020');
INSERT INTO Enrolled (u_id,courseCode) VALUES (620001193,'BIOC3721'),(620001193,'ECON3737'),(620001193,'MATH3844'),(620001193,'ECON3085'),(620001193,'ECON3372');
INSERT INTO Users VALUES (620001194,'Taylor','Washinski','TaylorWashinski@gmail.com','WashinskiTaylor');
INSERT INTO Students VALUES (620001194,'UNDERGRAD','01-01-2020');
INSERT INTO Enrolled (u_id,courseCode) VALUES (620001194,'PHYS2238'),(620001194,'BIOC2054'),(620001194,'CHEM2446'),(620001194,'COMP3167');
INSERT INTO Users VALUES (620001195,'Geraldine','Fields','GeraldineFields@gmail.com','FieldsGeraldine');
INSERT INTO Students VALUES (620001195,'UNDERGRAD','01-01-2020');
INSERT INTO Enrolled (u_id,courseCode) VALUES (620001195,'MATH1578'),(620001195,'ECON1783'),(620001195,'MATH1262'),(620001195,'COMP2080'),(620001195,'CHEM2177');
INSERT INTO Users VALUES (620001196,'Marie','Walden','MarieWalden@gmail.com','WaldenMarie');
INSERT INTO Students VALUES (620001196,'UNDERGRAD','01-01-2020');
INSERT INTO Enrolled (u_id,courseCode) VALUES (620001196,'PHYS2451'),(620001196,'COMP3173'),(620001196,'MATH3209'),(620001196,'ECON3004'),(620001196,'PHYS1930'),(620001196,'BIOC2054');
INSERT INTO Users VALUES (620001197,'Bryan','Knox','BryanKnox@gmail.com','KnoxBryan');
INSERT INTO Students VALUES (620001197,'UNDERGRAD','01-01-2020');
INSERT INTO Enrolled (u_id,courseCode) VALUES (620001197,'CHEM3327'),(620001197,'CHEM2481'),(620001197,'CHEM2031');
INSERT INTO Users VALUES (620001198,'Manuel','Orchard','ManuelOrchard@gmail.com','OrchardManuel');
INSERT INTO Students VALUES (620001198,'UNDERGRAD','01-01-2020');
INSERT INTO Enrolled (u_id,courseCode) VALUES (620001198,'PHYS1979'),(620001198,'PHYS1993'),(620001198,'ECON1783');
INSERT INTO Users VALUES (620001199,'Matthew','Hinojosa','MatthewHinojosa@gmail.com','HinojosaMatthew');
INSERT INTO Students VALUES (620001199,'UNDERGRAD','01-01-2020');
INSERT INTO Enrolled (u_id,courseCode) VALUES (620001199,'PHYS3052'),(620001199,'COMP3685'),(620001199,'ECON3276'),(620001199,'MATH3613'),(620001199,'CHEM1485');
INSERT INTO Users VALUES (620001200,'Agnes','Eubank','AgnesEubank@gmail.com','EubankAgnes');
INSERT INTO Students VALUES (620001200,'UNDERGRAD','01-01-2020');
INSERT INTO Enrolled (u_id,courseCode) VALUES (620001200,'BIOC1052'),(620001200,'CHEM3888'),(620001200,'ECON1098'),(620001200,'CHEM2626'),(620001200,'COMP1867');
INSERT INTO Users VALUES (620001201,'Evelyn','Vanwyck','EvelynVanwyck@gmail.com','VanwyckEvelyn');
INSERT INTO Students VALUES (620001201,'UNDERGRAD','01-01-2020');
INSERT INTO Enrolled (u_id,courseCode) VALUES (620001201,'PHYS1993'),(620001201,'BIOC3604'),(620001201,'CHEM3054'),(620001201,'ECON2345'),(620001201,'INFO3636');
INSERT INTO Users VALUES (620001202,'Mildred','Knox','MildredKnox@gmail.com','KnoxMildred');
INSERT INTO Students VALUES (620001202,'UNDERGRAD','01-01-2020');
INSERT INTO Enrolled (u_id,courseCode) VALUES (620001202,'BIOC1534'),(620001202,'INFO2337'),(620001202,'ECON2387');
INSERT INTO Users VALUES (620001203,'Deanna','Hunt','DeannaHunt@gmail.com','HuntDeanna');
INSERT INTO Students VALUES (620001203,'UNDERGRAD','01-01-2020');
INSERT INTO Enrolled (u_id,courseCode) VALUES (620001203,'COMP1460'),(620001203,'ECON3228'),(620001203,'ECON3523'),(620001203,'CHEM3747'),(620001203,'MATH1262'),(620001203,'PHYS3052');
INSERT INTO Users VALUES (620001204,'Craig','Mertens','CraigMertens@gmail.com','MertensCraig');
INSERT INTO Students VALUES (620001204,'UNDERGRAD','01-01-2020');
INSERT INTO Enrolled (u_id,courseCode) VALUES (620001204,'BIOC3721'),(620001204,'BIOC2981'),(620001204,'MATH2873'),(620001204,'ECON1589'),(620001204,'INFO3603'),(620001204,'ECON3228');
INSERT INTO Users VALUES (620001205,'Bethany','Sniezek','BethanySniezek@gmail.com','SniezekBethany');
INSERT INTO Students VALUES (620001205,'UNDERGRAD','01-01-2020');
INSERT INTO Enrolled (u_id,courseCode) VALUES (620001205,'BIOC3341'),(620001205,'PHYS2117'),(620001205,'MATH1638'),(620001205,'INFO2147'),(620001205,'MATH1648');
INSERT INTO Users VALUES (620001206,'Helen','Lockwood','HelenLockwood@gmail.com','LockwoodHelen');
INSERT INTO Students VALUES (620001206,'UNDERGRAD','01-01-2020');
INSERT INTO Enrolled (u_id,courseCode) VALUES (620001206,'BIOC3721'),(620001206,'MATH1972'),(620001206,'COMP3418'),(620001206,'ECON1170'),(620001206,'ECON3288');
INSERT INTO Users VALUES (620001207,'James','Barrett','JamesBarrett@gmail.com','BarrettJames');
INSERT INTO Students VALUES (620001207,'UNDERGRAD','01-01-2020');
INSERT INTO Enrolled (u_id,courseCode) VALUES (620001207,'MATH2555'),(620001207,'CHEM1494'),(620001207,'CHEM3327');
INSERT INTO Users VALUES (620001208,'Sandra','Wilson','SandraWilson@gmail.com','WilsonSandra');
INSERT INTO Students VALUES (620001208,'UNDERGRAD','01-01-2020');
INSERT INTO Enrolled (u_id,courseCode) VALUES (620001208,'MATH1735'),(620001208,'ECON3085'),(620001208,'BIOC3341'),(620001208,'CHEM2626'),(620001208,'MATH2501'),(620001208,'COMP3697');
INSERT INTO Users VALUES (620001209,'Nancy','Alvarez','NancyAlvarez@gmail.com','AlvarezNancy');
INSERT INTO Students VALUES (620001209,'UNDERGRAD','01-01-2020');
INSERT INTO Enrolled (u_id,courseCode) VALUES (620001209,'INFO1014'),(620001209,'ECON3063'),(620001209,'BIOC1794'),(620001209,'MATH3029'),(620001209,'ECON3523');
INSERT INTO Users VALUES (620001210,'Ruth','Blackwell','RuthBlackwell@gmail.com','BlackwellRuth');
INSERT INTO Students VALUES (620001210,'UNDERGRAD','01-01-2020');
INSERT INTO Enrolled (u_id,courseCode) VALUES (620001210,'COMP1543'),(620001210,'ECON2703'),(620001210,'COMP2965'),(620001210,'COMP3849'),(620001210,'ECON2722'),(620001210,'MATH2550');
INSERT INTO Users VALUES (620001211,'Debbie','Truong','DebbieTruong@gmail.com','TruongDebbie');
INSERT INTO Students VALUES (620001211,'UNDERGRAD','01-01-2020');
INSERT INTO Enrolled (u_id,courseCode) VALUES (620001211,'PHYS3876'),(620001211,'INFO2147'),(620001211,'BIOC3604'),(620001211,'CHEM1494');
INSERT INTO Users VALUES (620001212,'Wayne','Dumas','WayneDumas@gmail.com','DumasWayne');
INSERT INTO Students VALUES (620001212,'UNDERGRAD','01-01-2020');
INSERT INTO Enrolled (u_id,courseCode) VALUES (620001212,'MATH3179'),(620001212,'BIOC2589'),(620001212,'PHYS2448'),(620001212,'BIOC3191'),(620001212,'PHYS3290'),(620001212,'CHEM2626');
INSERT INTO Users VALUES (620001213,'Gina','Krout','GinaKrout@gmail.com','KroutGina');
INSERT INTO Students VALUES (620001213,'UNDERGRAD','01-01-2020');
INSERT INTO Enrolled (u_id,courseCode) VALUES (620001213,'CHEM2481'),(620001213,'PHYS2451'),(620001213,'MATH3222'),(620001213,'CHEM1613'),(620001213,'COMP3047'),(620001213,'CHEM2697');
INSERT INTO Users VALUES (620001214,'Ronald','Hodge','RonaldHodge@gmail.com','HodgeRonald');
INSERT INTO Students VALUES (620001214,'UNDERGRAD','01-01-2020');
INSERT INTO Enrolled (u_id,courseCode) VALUES (620001214,'MATH1735'),(620001214,'COMP3746'),(620001214,'PHYS2338'),(620001214,'CHEM1485');
INSERT INTO Users VALUES (620001215,'Dwayne','Knaub','DwayneKnaub@gmail.com','KnaubDwayne');
INSERT INTO Students VALUES (620001215,'UNDERGRAD','01-01-2020');
INSERT INTO Enrolled (u_id,courseCode) VALUES (620001215,'CHEM1613'),(620001215,'PHYS3729'),(620001215,'COMP3506'),(620001215,'INFO3603'),(620001215,'CHEM1494');
INSERT INTO Users VALUES (620001216,'Dorothy','Deen','DorothyDeen@gmail.com','DeenDorothy');
INSERT INTO Students VALUES (620001216,'UNDERGRAD','01-01-2020');
INSERT INTO Enrolled (u_id,courseCode) VALUES (620001216,'CHEM2626'),(620001216,'INFO2716'),(620001216,'PHYS2977'),(620001216,'MATH2188');
INSERT INTO Users VALUES (620001217,'Michelle','May','MichelleMay@gmail.com','MayMichelle');
INSERT INTO Students VALUES (620001217,'UNDERGRAD','01-01-2020');
INSERT INTO Enrolled (u_id,courseCode) VALUES (620001217,'MATH1578'),(620001217,'INFO2716'),(620001217,'COMP1543'),(620001217,'COMP3173');
INSERT INTO Users VALUES (620001218,'Rhoda','Mccarthy','RhodaMccarthy@gmail.com','MccarthyRhoda');
INSERT INTO Students VALUES (620001218,'UNDERGRAD','01-01-2020');
INSERT INTO Enrolled (u_id,courseCode) VALUES (620001218,'CHEM2031'),(620001218,'MATH2801'),(620001218,'PHYS1173'),(620001218,'COMP3238'),(620001218,'MATH3209');
INSERT INTO Users VALUES (620001219,'Gina','Tallent','GinaTallent@gmail.com','TallentGina');
INSERT INTO Students VALUES (620001219,'UNDERGRAD','01-01-2020');
INSERT INTO Enrolled (u_id,courseCode) VALUES (620001219,'PHYS1930'),(620001219,'BIOC1744'),(620001219,'ECON1645'),(620001219,'BIOC2054'),(620001219,'MATH2873'),(620001219,'BIOC3457');
INSERT INTO Users VALUES (620001220,'Sarah','Burch','SarahBurch@gmail.com','BurchSarah');
INSERT INTO Students VALUES (620001220,'UNDERGRAD','01-01-2020');
INSERT INTO Enrolled (u_id,courseCode) VALUES (620001220,'MATH2555'),(620001220,'CHEM3327'),(620001220,'COMP3506'),(620001220,'CHEM2220'),(620001220,'PHYS3729');
INSERT INTO Users VALUES (620001221,'Dwayne','Hardman','DwayneHardman@gmail.com','HardmanDwayne');
INSERT INTO Students VALUES (620001221,'UNDERGRAD','01-01-2020');
INSERT INTO Enrolled (u_id,courseCode) VALUES (620001221,'CHEM2177'),(620001221,'INFO3603'),(620001221,'BIOC1910'),(620001221,'PHYS1930'),(620001221,'MATH2550'),(620001221,'COMP3084');
INSERT INTO Users VALUES (620001222,'Ronald','Lorenz','RonaldLorenz@gmail.com','LorenzRonald');
INSERT INTO Students VALUES (620001222,'UNDERGRAD','01-01-2020');
INSERT INTO Enrolled (u_id,courseCode) VALUES (620001222,'ECON2345'),(620001222,'PHYS2667'),(620001222,'BIOC1910'),(620001222,'MATH1578'),(620001222,'MATH3209');
INSERT INTO Users VALUES (620001223,'Isreal','Kenney','IsrealKenney@gmail.com','KenneyIsreal');
INSERT INTO Students VALUES (620001223,'UNDERGRAD','01-01-2020');
INSERT INTO Enrolled (u_id,courseCode) VALUES (620001223,'MATH3844'),(620001223,'INFO3603'),(620001223,'COMP3506'),(620001223,'CHEM2065'),(620001223,'ECON3063');
INSERT INTO Users VALUES (620001224,'Danielle','Colley','DanielleColley@gmail.com','ColleyDanielle');
INSERT INTO Students VALUES (620001224,'UNDERGRAD','01-01-2020');
INSERT INTO Enrolled (u_id,courseCode) VALUES (620001224,'ECON3281'),(620001224,'PHYS3729'),(620001224,'MATH1972'),(620001224,'CHEM2697');
INSERT INTO Users VALUES (620001225,'Ruby','Bourgoin','RubyBourgoin@gmail.com','BourgoinRuby');
INSERT INTO Students VALUES (620001225,'UNDERGRAD','01-01-2020');
INSERT INTO Enrolled (u_id,courseCode) VALUES (620001225,'BIOC2550'),(620001225,'ECON3311'),(620001225,'PHYS1140');
INSERT INTO Users VALUES (620001226,'Philip','Bowerman','PhilipBowerman@gmail.com','BowermanPhilip');
INSERT INTO Students VALUES (620001226,'UNDERGRAD','01-01-2020');
INSERT INTO Enrolled (u_id,courseCode) VALUES (620001226,'ECON2703'),(620001226,'ECON2814'),(620001226,'INFO3935');
INSERT INTO Users VALUES (620001227,'Toby','Horth','TobyHorth@gmail.com','HorthToby');
INSERT INTO Students VALUES (620001227,'UNDERGRAD','01-01-2020');
INSERT INTO Enrolled (u_id,courseCode) VALUES (620001227,'COMP1460'),(620001227,'MATH1454'),(620001227,'ECON1645'),(620001227,'COMP1573'),(620001227,'COMP3418'),(620001227,'CHEM1494');
INSERT INTO Users VALUES (620001228,'Gina','Crespo','GinaCrespo@gmail.com','CrespoGina');
INSERT INTO Students VALUES (620001228,'UNDERGRAD','01-01-2020');
INSERT INTO Enrolled (u_id,courseCode) VALUES (620001228,'ECON3372'),(620001228,'MATH3173'),(620001228,'MATH3222'),(620001228,'BIOC3604'),(620001228,'INFO2636');
INSERT INTO Users VALUES (620001229,'Esmeralda','Shattuck','EsmeraldaShattuck@gmail.com','ShattuckEsmeralda');
INSERT INTO Students VALUES (620001229,'UNDERGRAD','01-01-2020');
INSERT INTO Enrolled (u_id,courseCode) VALUES (620001229,'BIOC3604'),(620001229,'MATH3688'),(620001229,'INFO2147'),(620001229,'COMP1543'),(620001229,'COMP2361'),(620001229,'ECON3989');
INSERT INTO Users VALUES (620001230,'James','Tate','JamesTate@gmail.com','TateJames');
INSERT INTO Students VALUES (620001230,'UNDERGRAD','01-01-2020');
INSERT INTO Enrolled (u_id,courseCode) VALUES (620001230,'MATH3857'),(620001230,'MATH3613'),(620001230,'COMP3849'),(620001230,'PHYS3659');
INSERT INTO Users VALUES (620001231,'Frankie','Washinski','FrankieWashinski@gmail.com','WashinskiFrankie');
INSERT INTO Students VALUES (620001231,'UNDERGRAD','01-01-2020');
INSERT INTO Enrolled (u_id,courseCode) VALUES (620001231,'PHYS2229'),(620001231,'MATH2957'),(620001231,'MATH2501'),(620001231,'INFO1825'),(620001231,'INFO2813'),(620001231,'BIOC1448');
INSERT INTO Users VALUES (620001232,'Carrie','Amberg','CarrieAmberg@gmail.com','AmbergCarrie');
INSERT INTO Students VALUES (620001232,'UNDERGRAD','01-01-2020');
INSERT INTO Enrolled (u_id,courseCode) VALUES (620001232,'MATH1735'),(620001232,'MATH1262'),(620001232,'CHEM3747'),(620001232,'ECON2703'),(620001232,'COMP1051'),(620001232,'ECON3372');
INSERT INTO Users VALUES (620001233,'Kimberly','Kaupp','KimberlyKaupp@gmail.com','KauppKimberly');
INSERT INTO Students VALUES (620001233,'UNDERGRAD','01-01-2020');
INSERT INTO Enrolled (u_id,courseCode) VALUES (620001233,'CHEM2065'),(620001233,'COMP2400'),(620001233,'COMP2077'),(620001233,'BIOC3341'),(620001233,'INFO1145'),(620001233,'CHEM1340');
INSERT INTO Users VALUES (620001234,'Marshall','Armstead','MarshallArmstead@gmail.com','ArmsteadMarshall');
INSERT INTO Students VALUES (620001234,'UNDERGRAD','01-01-2020');
INSERT INTO Enrolled (u_id,courseCode) VALUES (620001234,'COMP3047'),(620001234,'CHEM2626'),(620001234,'CHEM2031'),(620001234,'COMP1573'),(620001234,'PHYS1979'),(620001234,'INFO2636');
INSERT INTO Users VALUES (620001235,'Latoya','Laudat','LatoyaLaudat@gmail.com','LaudatLatoya');
INSERT INTO Students VALUES (620001235,'UNDERGRAD','01-01-2020');
INSERT INTO Enrolled (u_id,courseCode) VALUES (620001235,'BIOC3191'),(620001235,'CHEM1485'),(620001235,'ECON3281');
INSERT INTO Users VALUES (620001236,'Betsy','Cochran','BetsyCochran@gmail.com','CochranBetsy');
INSERT INTO Students VALUES (620001236,'UNDERGRAD','01-01-2020');
INSERT INTO Enrolled (u_id,courseCode) VALUES (620001236,'INFO2559'),(620001236,'ECON2814'),(620001236,'BIOC2236'),(620001236,'ECON3276'),(620001236,'ECON3228');
INSERT INTO Users VALUES (620001237,'Richard','Thomas','RichardThomas@gmail.com','ThomasRichard');
INSERT INTO Students VALUES (620001237,'UNDERGRAD','01-01-2020');
INSERT INTO Enrolled (u_id,courseCode) VALUES (620001237,'COMP3697'),(620001237,'ECON1498'),(620001237,'PHYS3354'),(620001237,'ECON3311'),(620001237,'MATH1250');
INSERT INTO Users VALUES (620001238,'Jessie','Kenney','JessieKenney@gmail.com','KenneyJessie');
INSERT INTO Students VALUES (620001238,'UNDERGRAD','01-01-2020');
INSERT INTO Enrolled (u_id,courseCode) VALUES (620001238,'PHYS2229'),(620001238,'INFO3868'),(620001238,'PHYS2563');
INSERT INTO Users VALUES (620001239,'Rosa','Mcalister','RosaMcalister@gmail.com','McalisterRosa');
INSERT INTO Students VALUES (620001239,'UNDERGRAD','01-01-2020');
INSERT INTO Enrolled (u_id,courseCode) VALUES (620001239,'PHYS1140'),(620001239,'INFO3603'),(620001239,'PHYS2448'),(620001239,'INFO2270');
INSERT INTO Users VALUES (620001240,'Barbara','Reyes','BarbaraReyes@gmail.com','ReyesBarbara');
INSERT INTO Students VALUES (620001240,'UNDERGRAD','01-01-2020');
INSERT INTO Enrolled (u_id,courseCode) VALUES (620001240,'ECON3989'),(620001240,'BIOC1104'),(620001240,'COMP3697'),(620001240,'MATH3688');
INSERT INTO Users VALUES (620001241,'Debbie','Prince','DebbiePrince@gmail.com','PrinceDebbie');
INSERT INTO Students VALUES (620001241,'UNDERGRAD','01-01-2020');
INSERT INTO Enrolled (u_id,courseCode) VALUES (620001241,'CHEM3347'),(620001241,'MATH2188'),(620001241,'BIOC3191'),(620001241,'ECON3020'),(620001241,'BIOC1866'),(620001241,'ECON2387');
INSERT INTO Users VALUES (620001242,'Ronald','Flemming','RonaldFlemming@gmail.com','FlemmingRonald');
INSERT INTO Students VALUES (620001242,'UNDERGRAD','01-01-2020');
INSERT INTO Enrolled (u_id,courseCode) VALUES (620001242,'BIOC1598'),(620001242,'INFO3419'),(620001242,'CHEM3747'),(620001242,'BIOC2983'),(620001242,'PHYS2238');
INSERT INTO Users VALUES (620001243,'Arthur','Diggs','ArthurDiggs@gmail.com','DiggsArthur');
INSERT INTO Students VALUES (620001243,'UNDERGRAD','01-01-2020');
INSERT INTO Enrolled (u_id,courseCode) VALUES (620001243,'INFO2797'),(620001243,'INFO2813'),(620001243,'BIOC1986');
INSERT INTO Users VALUES (620001244,'Colin','Ekberg','ColinEkberg@gmail.com','EkbergColin');
INSERT INTO Students VALUES (620001244,'UNDERGRAD','01-01-2020');
INSERT INTO Enrolled (u_id,courseCode) VALUES (620001244,'COMP1543'),(620001244,'ECON2814'),(620001244,'MATH2501'),(620001244,'MATH3613');
INSERT INTO Users VALUES (620001245,'Byron','Horth','ByronHorth@gmail.com','HorthByron');
INSERT INTO Students VALUES (620001245,'UNDERGRAD','01-01-2020');
INSERT INTO Enrolled (u_id,courseCode) VALUES (620001245,'COMP3084'),(620001245,'PHYS2977'),(620001245,'COMP1051'),(620001245,'CHEM2446'),(620001245,'PHYS3876');
INSERT INTO Users VALUES (620001246,'Rene','Carrillo','ReneCarrillo@gmail.com','CarrilloRene');
INSERT INTO Students VALUES (620001246,'UNDERGRAD','01-01-2020');
INSERT INTO Enrolled (u_id,courseCode) VALUES (620001246,'INFO2636'),(620001246,'MATH2873'),(620001246,'BIOC1986');
INSERT INTO Users VALUES (620001247,'Shannon','Saunders','ShannonSaunders@gmail.com','SaundersShannon');
INSERT INTO Students VALUES (620001247,'UNDERGRAD','01-01-2020');
INSERT INTO Enrolled (u_id,courseCode) VALUES (620001247,'ECON3004'),(620001247,'PHYS2113'),(620001247,'CHEM2481'),(620001247,'PHYS2117'),(620001247,'MATH2501'),(620001247,'MATH3857');
INSERT INTO Users VALUES (620001248,'Bobby','Lorenz','BobbyLorenz@gmail.com','LorenzBobby');
INSERT INTO Students VALUES (620001248,'UNDERGRAD','01-01-2020');
INSERT INTO Enrolled (u_id,courseCode) VALUES (620001248,'ECON3550'),(620001248,'ECON1012'),(620001248,'COMP3849'),(620001248,'ECON2814');
INSERT INTO Users VALUES (620001249,'Hector','Crawford','HectorCrawford@gmail.com','CrawfordHector');
INSERT INTO Students VALUES (620001249,'UNDERGRAD','01-01-2020');
INSERT INTO Enrolled (u_id,courseCode) VALUES (620001249,'CHEM2177'),(620001249,'COMP1867'),(620001249,'MATH2188'),(620001249,'INFO2813'),(620001249,'PHYS2338');
INSERT INTO Users VALUES (620001250,'Eugene','Garcia','EugeneGarcia@gmail.com','GarciaEugene');
INSERT INTO Students VALUES (620001250,'UNDERGRAD','01-01-2020');
INSERT INTO Enrolled (u_id,courseCode) VALUES (620001250,'ECON1783'),(620001250,'BIOC1485'),(620001250,'BIOC1866');
INSERT INTO Users VALUES (620001251,'Michelle','Miraglia','MichelleMiraglia@gmail.com','MiragliaMichelle');
INSERT INTO Students VALUES (620001251,'UNDERGRAD','01-01-2020');
INSERT INTO Enrolled (u_id,courseCode) VALUES (620001251,'MATH1262'),(620001251,'INFO2950'),(620001251,'PHYS3686'),(620001251,'MATH3857');
INSERT INTO Users VALUES (620001252,'Benjamin','Nunn','BenjaminNunn@gmail.com','NunnBenjamin');
INSERT INTO Students VALUES (620001252,'UNDERGRAD','01-01-2020');
INSERT INTO Enrolled (u_id,courseCode) VALUES (620001252,'CHEM3347'),(620001252,'PHYS2977'),(620001252,'BIOC1744'),(620001252,'ECON1561'),(620001252,'MATH3209');
INSERT INTO Users VALUES (620001253,'Kirk','Lauritsen','KirkLauritsen@gmail.com','LauritsenKirk');
INSERT INTO Students VALUES (620001253,'UNDERGRAD','01-01-2020');
INSERT INTO Enrolled (u_id,courseCode) VALUES (620001253,'ECON1458'),(620001253,'CHEM3054'),(620001253,'PHYS3052'),(620001253,'INFO1990');
INSERT INTO Users VALUES (620001254,'Bernie','Scully','BernieScully@gmail.com','ScullyBernie');
INSERT INTO Students VALUES (620001254,'UNDERGRAD','01-01-2020');
INSERT INTO Enrolled (u_id,courseCode) VALUES (620001254,'CHEM3327'),(620001254,'ECON3550'),(620001254,'COMP2361'),(620001254,'MATH3688'),(620001254,'COMP3173');
INSERT INTO Users VALUES (620001255,'Daniel','Crites','DanielCrites@gmail.com','CritesDaniel');
INSERT INTO Students VALUES (620001255,'UNDERGRAD','01-01-2020');
INSERT INTO Enrolled (u_id,courseCode) VALUES (620001255,'MATH3179'),(620001255,'CHEM2697'),(620001255,'CHEM2066'),(620001255,'PHYS3729');
INSERT INTO Users VALUES (620001256,'Julius','Shane','JuliusShane@gmail.com','ShaneJulius');
INSERT INTO Students VALUES (620001256,'UNDERGRAD','01-01-2020');
INSERT INTO Enrolled (u_id,courseCode) VALUES (620001256,'INFO2636'),(620001256,'PHYS1399'),(620001256,'INFO1014'),(620001256,'ECON3228'),(620001256,'BIOC1052');
INSERT INTO Users VALUES (620001257,'Tony','Gilmore','TonyGilmore@gmail.com','GilmoreTony');
INSERT INTO Students VALUES (620001257,'UNDERGRAD','01-01-2020');
INSERT INTO Enrolled (u_id,courseCode) VALUES (620001257,'PHYS2113'),(620001257,'ECON2814'),(620001257,'INFO1447'),(620001257,'MATH2957');
INSERT INTO Users VALUES (620001258,'Lori','Turkus','LoriTurkus@gmail.com','TurkusLori');
INSERT INTO Students VALUES (620001258,'UNDERGRAD','01-01-2020');
INSERT INTO Enrolled (u_id,courseCode) VALUES (620001258,'ECON3737'),(620001258,'BIOC1448'),(620001258,'PHYS1930'),(620001258,'CHEM2604');
INSERT INTO Users VALUES (620001259,'Sara','Taylor','SaraTaylor@gmail.com','TaylorSara');
INSERT INTO Students VALUES (620001259,'UNDERGRAD','01-01-2020');
INSERT INTO Enrolled (u_id,courseCode) VALUES (620001259,'CHEM3747'),(620001259,'PHYS2338'),(620001259,'COMP2077');
INSERT INTO Users VALUES (620001260,'Stanley','Rivera','StanleyRivera@gmail.com','RiveraStanley');
INSERT INTO Students VALUES (620001260,'UNDERGRAD','01-01-2020');
INSERT INTO Enrolled (u_id,courseCode) VALUES (620001260,'INFO1833'),(620001260,'PHYS2977'),(620001260,'COMP3167'),(620001260,'PHYS3787');
INSERT INTO Users VALUES (620001261,'Ladawn','Scully','LadawnScully@gmail.com','ScullyLadawn');
INSERT INTO Students VALUES (620001261,'UNDERGRAD','01-01-2020');
INSERT INTO Enrolled (u_id,courseCode) VALUES (620001261,'INFO1990'),(620001261,'COMP1867'),(620001261,'BIOC1598');
INSERT INTO Users VALUES (620001262,'Leticia','Barron','LeticiaBarron@gmail.com','BarronLeticia');
INSERT INTO Students VALUES (620001262,'UNDERGRAD','01-01-2020');
INSERT INTO Enrolled (u_id,courseCode) VALUES (620001262,'ECON3085'),(620001262,'COMP3084'),(620001262,'ECON3063');
INSERT INTO Users VALUES (620001263,'Shayne','Jensen','ShayneJensen@gmail.com','JensenShayne');
INSERT INTO Students VALUES (620001263,'UNDERGRAD','01-01-2020');
INSERT INTO Enrolled (u_id,courseCode) VALUES (620001263,'COMP3746'),(620001263,'CHEM2626'),(620001263,'PHYS2117'),(620001263,'CHEM2066'),(620001263,'BIOC1534'),(620001263,'MATH3059');
INSERT INTO Users VALUES (620001264,'Louis','Hayes','LouisHayes@gmail.com','HayesLouis');
INSERT INTO Students VALUES (620001264,'UNDERGRAD','01-01-2020');
INSERT INTO Enrolled (u_id,courseCode) VALUES (620001264,'INFO1833'),(620001264,'COMP2965'),(620001264,'ECON3276');
INSERT INTO Users VALUES (620001265,'Manuel','Martin','ManuelMartin@gmail.com','MartinManuel');
INSERT INTO Students VALUES (620001265,'UNDERGRAD','01-01-2020');
INSERT INTO Enrolled (u_id,courseCode) VALUES (620001265,'ECON3447'),(620001265,'COMP2651'),(620001265,'ECON1589'),(620001265,'ECON3550'),(620001265,'ECON3085');
INSERT INTO Users VALUES (620001266,'Joy','Brock','JoyBrock@gmail.com','BrockJoy');
INSERT INTO Students VALUES (620001266,'UNDERGRAD','01-01-2020');
INSERT INTO Enrolled (u_id,courseCode) VALUES (620001266,'PHYS1140'),(620001266,'PHYS1399'),(620001266,'MATH1735'),(620001266,'INFO3868');
INSERT INTO Users VALUES (620001267,'Colin','Wolfe','ColinWolfe@gmail.com','WolfeColin');
INSERT INTO Students VALUES (620001267,'UNDERGRAD','01-01-2020');
INSERT INTO Enrolled (u_id,courseCode) VALUES (620001267,'INFO2521'),(620001267,'COMP1543'),(620001267,'CHEM2149');
INSERT INTO Users VALUES (620001268,'Jake','Luper','JakeLuper@gmail.com','LuperJake');
INSERT INTO Students VALUES (620001268,'UNDERGRAD','01-01-2020');
INSERT INTO Enrolled (u_id,courseCode) VALUES (620001268,'INFO3935'),(620001268,'MATH1262'),(620001268,'BIOC2981'),(620001268,'MATH2188');
INSERT INTO Users VALUES (620001269,'Aaron','Tallent','AaronTallent@gmail.com','TallentAaron');
INSERT INTO Students VALUES (620001269,'UNDERGRAD','01-01-2020');
INSERT INTO Enrolled (u_id,courseCode) VALUES (620001269,'ECON3447'),(620001269,'MATH1578'),(620001269,'ECON3372'),(620001269,'CHEM2797'),(620001269,'BIOC3721');
INSERT INTO Users VALUES (620001270,'Helen','Halford','HelenHalford@gmail.com','HalfordHelen');
INSERT INTO Students VALUES (620001270,'UNDERGRAD','01-01-2020');
INSERT INTO Enrolled (u_id,courseCode) VALUES (620001270,'ECON3228'),(620001270,'INFO1833'),(620001270,'ECON2814'),(620001270,'INFO2813'),(620001270,'MATH2873'),(620001270,'INFO2797');
INSERT INTO Users VALUES (620001271,'Jessie','Moore','JessieMoore@gmail.com','MooreJessie');
INSERT INTO Students VALUES (620001271,'UNDERGRAD','01-01-2020');
INSERT INTO Enrolled (u_id,courseCode) VALUES (620001271,'CHEM2065'),(620001271,'COMP3167'),(620001271,'CHEM3888'),(620001271,'CHEM2031');
INSERT INTO Users VALUES (620001272,'Marshall','Merna','MarshallMerna@gmail.com','MernaMarshall');
INSERT INTO Students VALUES (620001272,'UNDERGRAD','01-01-2020');
INSERT INTO Enrolled (u_id,courseCode) VALUES (620001272,'MATH2555'),(620001272,'CHEM3054'),(620001272,'COMP1543'),(620001272,'PHYS1979'),(620001272,'ECON3020');
INSERT INTO Users VALUES (620001273,'Dwayne','Boyer','DwayneBoyer@gmail.com','BoyerDwayne');
INSERT INTO Students VALUES (620001273,'UNDERGRAD','01-01-2020');
INSERT INTO Enrolled (u_id,courseCode) VALUES (620001273,'CHEM3327'),(620001273,'MATH3544'),(620001273,'CHEM2481'),(620001273,'PHYS3290'),(620001273,'MATH1638'),(620001273,'COMP2077');
INSERT INTO Users VALUES (620001274,'Vickie','Wright','VickieWright@gmail.com','WrightVickie');
INSERT INTO Students VALUES (620001274,'UNDERGRAD','01-01-2020');
INSERT INTO Enrolled (u_id,courseCode) VALUES (620001274,'BIOC2054'),(620001274,'INFO2797'),(620001274,'PHYS3686'),(620001274,'PHYS2113'),(620001274,'PHYS3464');
INSERT INTO Users VALUES (620001275,'Kenneth','Duffy','KennethDuffy@gmail.com','DuffyKenneth');
INSERT INTO Students VALUES (620001275,'UNDERGRAD','01-01-2020');
INSERT INTO Enrolled (u_id,courseCode) VALUES (620001275,'BIOC2054'),(620001275,'MATH1309'),(620001275,'ECON2722');
INSERT INTO Users VALUES (620001276,'Joy','Truitt','JoyTruitt@gmail.com','TruittJoy');
INSERT INTO Students VALUES (620001276,'UNDERGRAD','01-01-2020');
INSERT INTO Enrolled (u_id,courseCode) VALUES (620001276,'INFO3645'),(620001276,'ECON1458'),(620001276,'COMP2651');
INSERT INTO Users VALUES (620001277,'Nicole','Armstead','NicoleArmstead@gmail.com','ArmsteadNicole');
INSERT INTO Students VALUES (620001277,'UNDERGRAD','01-01-2020');
INSERT INTO Enrolled (u_id,courseCode) VALUES (620001277,'MATH1648'),(620001277,'MATH2873'),(620001277,'COMP3506'),(620001277,'COMP3639'),(620001277,'CHEM2604');
INSERT INTO Users VALUES (620001278,'Deanna','Parker','DeannaParker@gmail.com','ParkerDeanna');
INSERT INTO Students VALUES (620001278,'UNDERGRAD','01-01-2020');
INSERT INTO Enrolled (u_id,courseCode) VALUES (620001278,'CHEM2177'),(620001278,'INFO2860'),(620001278,'BIOC1485'),(620001278,'CHEM3747'),(620001278,'CHEM3327');
INSERT INTO Users VALUES (620001279,'Bobby','Hamilton','BobbyHamilton@gmail.com','HamiltonBobby');
INSERT INTO Students VALUES (620001279,'UNDERGRAD','01-01-2020');
INSERT INTO Enrolled (u_id,courseCode) VALUES (620001279,'MATH3029'),(620001279,'INFO2270'),(620001279,'INFO2636'),(620001279,'MATH1262'),(620001279,'MATH3544');
INSERT INTO Users VALUES (620001280,'Evelyn','Parker','EvelynParker@gmail.com','ParkerEvelyn');
INSERT INTO Students VALUES (620001280,'UNDERGRAD','01-01-2020');
INSERT INTO Enrolled (u_id,courseCode) VALUES (620001280,'COMP3238'),(620001280,'CHEM3793'),(620001280,'ECON2345'),(620001280,'BIOC1439');
INSERT INTO Users VALUES (620001281,'Vickie','Lockwood','VickieLockwood@gmail.com','LockwoodVickie');
INSERT INTO Students VALUES (620001281,'UNDERGRAD','01-01-2020');
INSERT INTO Enrolled (u_id,courseCode) VALUES (620001281,'MATH3688'),(620001281,'MATH2873'),(620001281,'ECON1783'),(620001281,'INFO2337'),(620001281,'CHEM3614');
INSERT INTO Users VALUES (620001282,'Delia','Sharp','DeliaSharp@gmail.com','SharpDelia');
INSERT INTO Students VALUES (620001282,'UNDERGRAD','01-01-2020');
INSERT INTO Enrolled (u_id,courseCode) VALUES (620001282,'BIOC3721'),(620001282,'BIOC3341'),(620001282,'CHEM1340'),(620001282,'INFO3645'),(620001282,'ECON3281'),(620001282,'INFO2716');
INSERT INTO Users VALUES (620001283,'Cassie','Laramee','CassieLaramee@gmail.com','LarameeCassie');
INSERT INTO Students VALUES (620001283,'UNDERGRAD','01-01-2020');
INSERT INTO Enrolled (u_id,courseCode) VALUES (620001283,'COMP3238'),(620001283,'INFO2813'),(620001283,'BIOC1164'),(620001283,'CHEM3747'),(620001283,'PHYS1140'),(620001283,'COMP2541');
INSERT INTO Users VALUES (620001284,'Tony','Baptiste','TonyBaptiste@gmail.com','BaptisteTony');
INSERT INTO Students VALUES (620001284,'UNDERGRAD','01-01-2020');
INSERT INTO Enrolled (u_id,courseCode) VALUES (620001284,'CHEM2697'),(620001284,'COMP1460'),(620001284,'COMP3418'),(620001284,'INFO2521');
INSERT INTO Users VALUES (620001285,'Flora','Jaworski','FloraJaworski@gmail.com','JaworskiFlora');
INSERT INTO Students VALUES (620001285,'UNDERGRAD','01-01-2020');
INSERT INTO Enrolled (u_id,courseCode) VALUES (620001285,'ECON1996'),(620001285,'INFO2797'),(620001285,'ECON2814'),(620001285,'CHEM1807');
INSERT INTO Users VALUES (620001286,'Hector','Chan','HectorChan@gmail.com','ChanHector');
INSERT INTO Students VALUES (620001286,'UNDERGRAD','01-01-2020');
INSERT INTO Enrolled (u_id,courseCode) VALUES (620001286,'COMP1867'),(620001286,'ECON1561'),(620001286,'MATH2957'),(620001286,'MATH1578');
INSERT INTO Users VALUES (620001287,'Traci','Bradford','TraciBradford@gmail.com','BradfordTraci');
INSERT INTO Students VALUES (620001287,'UNDERGRAD','01-01-2020');
INSERT INTO Enrolled (u_id,courseCode) VALUES (620001287,'PHYS2113'),(620001287,'PHYS2229'),(620001287,'PHYS1979'),(620001287,'COMP3746'),(620001287,'BIOC1485'),(620001287,'CHEM2697');
INSERT INTO Users VALUES (620001288,'Nathan','Steinberger','NathanSteinberger@gmail.com','SteinbergerNathan');
INSERT INTO Students VALUES (620001288,'UNDERGRAD','01-01-2020');
INSERT INTO Enrolled (u_id,courseCode) VALUES (620001288,'INFO2797'),(620001288,'MATH2957'),(620001288,'CHEM3347'),(620001288,'ECON1170'),(620001288,'MATH2550');
INSERT INTO Users VALUES (620001289,'Jessie','Flowers','JessieFlowers@gmail.com','FlowersJessie');
INSERT INTO Students VALUES (620001289,'UNDERGRAD','01-01-2020');
INSERT INTO Enrolled (u_id,courseCode) VALUES (620001289,'BIOC1725'),(620001289,'INFO2147'),(620001289,'ECON2814'),(620001289,'PHYS1930'),(620001289,'BIOC1910'),(620001289,'CHEM2604');
INSERT INTO Users VALUES (620001290,'Sara','Krout','SaraKrout@gmail.com','KroutSara');
INSERT INTO Students VALUES (620001290,'UNDERGRAD','01-01-2020');
INSERT INTO Enrolled (u_id,courseCode) VALUES (620001290,'BIOC3721'),(620001290,'MATH2188'),(620001290,'ECON2345'),(620001290,'COMP1051'),(620001290,'CHEM3888');
INSERT INTO Users VALUES (620001291,'Dominick','Madsen','DominickMadsen@gmail.com','MadsenDominick');
INSERT INTO Students VALUES (620001291,'UNDERGRAD','01-01-2020');
INSERT INTO Enrolled (u_id,courseCode) VALUES (620001291,'INFO1825'),(620001291,'INFO3419'),(620001291,'PHYS1140'),(620001291,'BIOC3457');
INSERT INTO Users VALUES (620001292,'Jamison','Morey','JamisonMorey@gmail.com','MoreyJamison');
INSERT INTO Students VALUES (620001292,'UNDERGRAD','01-01-2020');
INSERT INTO Enrolled (u_id,courseCode) VALUES (620001292,'BIOC1725'),(620001292,'INFO2716'),(620001292,'PHYS2238');
INSERT INTO Users VALUES (620001293,'Justin','Henderson','JustinHenderson@gmail.com','HendersonJustin');
INSERT INTO Students VALUES (620001293,'UNDERGRAD','01-01-2020');
INSERT INTO Enrolled (u_id,courseCode) VALUES (620001293,'CHEM1494'),(620001293,'INFO2811'),(620001293,'BIOC3230'),(620001293,'COMP2080'),(620001293,'INFO1288'),(620001293,'BIOC3721');
INSERT INTO Users VALUES (620001294,'Ashleigh','Congdon','AshleighCongdon@gmail.com','CongdonAshleigh');
INSERT INTO Students VALUES (620001294,'UNDERGRAD','01-01-2020');
INSERT INTO Enrolled (u_id,courseCode) VALUES (620001294,'ECON3004'),(620001294,'CHEM2149'),(620001294,'ECON1012');
INSERT INTO Users VALUES (620001295,'Scott','Hunt','ScottHunt@gmail.com','HuntScott');
INSERT INTO Students VALUES (620001295,'UNDERGRAD','01-01-2020');
INSERT INTO Enrolled (u_id,courseCode) VALUES (620001295,'COMP2077'),(620001295,'CHEM3617'),(620001295,'MATH2501'),(620001295,'MATH3209');
INSERT INTO Users VALUES (620001296,'Shawn','Sandlin','ShawnSandlin@gmail.com','SandlinShawn');
INSERT INTO Students VALUES (620001296,'UNDERGRAD','01-01-2020');
INSERT INTO Enrolled (u_id,courseCode) VALUES (620001296,'ECON1098'),(620001296,'MATH3613'),(620001296,'CHEM2446'),(620001296,'INFO1014'),(620001296,'CHEM1613');
INSERT INTO Users VALUES (620001297,'Marshall','Burch','MarshallBurch@gmail.com','BurchMarshall');
INSERT INTO Students VALUES (620001297,'UNDERGRAD','01-01-2020');
INSERT INTO Enrolled (u_id,courseCode) VALUES (620001297,'ECON3276'),(620001297,'PHYS1993'),(620001297,'ECON3311');
INSERT INTO Users VALUES (620001298,'Thomas','Lockwood','ThomasLockwood@gmail.com','LockwoodThomas');
INSERT INTO Students VALUES (620001298,'UNDERGRAD','01-01-2020');
INSERT INTO Enrolled (u_id,courseCode) VALUES (620001298,'MATH3173'),(620001298,'CHEM2066'),(620001298,'INFO2716'),(620001298,'PHYS1930');
INSERT INTO Users VALUES (620001299,'Teresa','Stallings','TeresaStallings@gmail.com','StallingsTeresa');
INSERT INTO Students VALUES (620001299,'UNDERGRAD','01-01-2020');
INSERT INTO Enrolled (u_id,courseCode) VALUES (620001299,'MATH3059'),(620001299,'CHEM2481'),(620001299,'ECON1170'),(620001299,'ECON3550');
INSERT INTO Users VALUES (620001300,'Byron','Stovall','ByronStovall@gmail.com','StovallByron');
INSERT INTO Students VALUES (620001300,'UNDERGRAD','01-01-2020');
INSERT INTO Enrolled (u_id,courseCode) VALUES (620001300,'INFO2813'),(620001300,'ECON3523'),(620001300,'MATH3613'),(620001300,'PHYS2306'),(620001300,'BIOC1725'),(620001300,'INFO3419');
INSERT INTO Users VALUES (620001301,'Ashleigh','Scarbrough','AshleighScarbrough@gmail.com','ScarbroughAshleigh');
INSERT INTO Students VALUES (620001301,'UNDERGRAD','01-01-2020');
INSERT INTO Enrolled (u_id,courseCode) VALUES (620001301,'BIOC2236'),(620001301,'PHYS3876'),(620001301,'PHYS3729'),(620001301,'BIOC1744'),(620001301,'COMP2080'),(620001301,'COMP3697');
INSERT INTO Users VALUES (620001302,'Robert','Baptiste','RobertBaptiste@gmail.com','BaptisteRobert');
INSERT INTO Students VALUES (620001302,'UNDERGRAD','01-01-2020');
INSERT INTO Enrolled (u_id,courseCode) VALUES (620001302,'ECON3004'),(620001302,'BIOC1986'),(620001302,'BIOC2550');
INSERT INTO Users VALUES (620001303,'George','Hunt','GeorgeHunt@gmail.com','HuntGeorge');
INSERT INTO Students VALUES (620001303,'UNDERGRAD','01-01-2020');
INSERT INTO Enrolled (u_id,courseCode) VALUES (620001303,'CHEM2005'),(620001303,'CHEM1807'),(620001303,'CHEM3409'),(620001303,'CHEM3327'),(620001303,'PHYS3729'),(620001303,'COMP3536');
INSERT INTO Users VALUES (620001304,'Shalanda','Shattuck','ShalandaShattuck@gmail.com','ShattuckShalanda');
INSERT INTO Students VALUES (620001304,'UNDERGRAD','01-01-2020');
INSERT INTO Enrolled (u_id,courseCode) VALUES (620001304,'INFO2213'),(620001304,'ECON3550'),(620001304,'COMP3849'),(620001304,'CHEM2031'),(620001304,'CHEM2005'),(620001304,'BIOC2236');
INSERT INTO Users VALUES (620001305,'Aaron','Mertens','AaronMertens@gmail.com','MertensAaron');
INSERT INTO Students VALUES (620001305,'UNDERGRAD','01-01-2020');
INSERT INTO Enrolled (u_id,courseCode) VALUES (620001305,'INFO2813'),(620001305,'BIOC1164'),(620001305,'INFO1990');
INSERT INTO Users VALUES (620001306,'Dawn','Carlson','DawnCarlson@gmail.com','CarlsonDawn');
INSERT INTO Students VALUES (620001306,'UNDERGRAD','01-01-2020');
INSERT INTO Enrolled (u_id,courseCode) VALUES (620001306,'PHYS2117'),(620001306,'PHYS2306'),(620001306,'CHEM1485'),(620001306,'ECON3550');
INSERT INTO Users VALUES (620001307,'Eric','Miraglia','EricMiraglia@gmail.com','MiragliaEric');
INSERT INTO Students VALUES (620001307,'UNDERGRAD','01-01-2020');
INSERT INTO Enrolled (u_id,courseCode) VALUES (620001307,'INFO3603'),(620001307,'MATH1648'),(620001307,'PHYS2563'),(620001307,'INFO1145'),(620001307,'BIOC1794');
INSERT INTO Users VALUES (620001308,'Dennis','Woomer','DennisWoomer@gmail.com','WoomerDennis');
INSERT INTO Students VALUES (620001308,'UNDERGRAD','01-01-2020');
INSERT INTO Enrolled (u_id,courseCode) VALUES (620001308,'MATH3857'),(620001308,'MATH1648'),(620001308,'BIOC1744'),(620001308,'COMP2077'),(620001308,'PHYS3464'),(620001308,'PHYS1173');
INSERT INTO Users VALUES (620001309,'Dale','Jones','DaleJones@gmail.com','JonesDale');
INSERT INTO Students VALUES (620001309,'UNDERGRAD','01-01-2020');
INSERT INTO Enrolled (u_id,courseCode) VALUES (620001309,'ECON1589'),(620001309,'INFO1242'),(620001309,'COMP3639');
INSERT INTO Users VALUES (620001310,'Gilbert','Garnes','GilbertGarnes@gmail.com','GarnesGilbert');
INSERT INTO Students VALUES (620001310,'UNDERGRAD','01-01-2020');
INSERT INTO Enrolled (u_id,courseCode) VALUES (620001310,'MATH1578'),(620001310,'MATH1148'),(620001310,'CHEM2005'),(620001310,'BIOC2983');
INSERT INTO Users VALUES (620001311,'Bernie','Wilson','BernieWilson@gmail.com','WilsonBernie');
INSERT INTO Students VALUES (620001311,'UNDERGRAD','01-01-2020');
INSERT INTO Enrolled (u_id,courseCode) VALUES (620001311,'MATH2188'),(620001311,'COMP1184'),(620001311,'COMP2541'),(620001311,'PHYS2338'),(620001311,'MATH1648'),(620001311,'INFO1447');
INSERT INTO Users VALUES (620001312,'Wilbur','Nunn','WilburNunn@gmail.com','NunnWilbur');
INSERT INTO Students VALUES (620001312,'UNDERGRAD','01-01-2020');
INSERT INTO Enrolled (u_id,courseCode) VALUES (620001312,'CHEM3054'),(620001312,'ECON1458'),(620001312,'CHEM2149');
INSERT INTO Users VALUES (620001313,'Deanne','Quintero','DeanneQuintero@gmail.com','QuinteroDeanne');
INSERT INTO Students VALUES (620001313,'UNDERGRAD','01-01-2020');
INSERT INTO Enrolled (u_id,courseCode) VALUES (620001313,'PHYS2229'),(620001313,'COMP3418'),(620001313,'ECON3550'),(620001313,'PHYS3659'),(620001313,'ECON1230');
INSERT INTO Users VALUES (620001314,'Hector','Macpartland','HectorMacpartland@gmail.com','MacpartlandHector');
INSERT INTO Students VALUES (620001314,'UNDERGRAD','01-01-2020');
INSERT INTO Enrolled (u_id,courseCode) VALUES (620001314,'PHYS2238'),(620001314,'ECON3004'),(620001314,'PHYS3876'),(620001314,'PHYS3464'),(620001314,'PHYS2306'),(620001314,'ECON1498');
INSERT INTO Users VALUES (620001315,'Debbie','Nunn','DebbieNunn@gmail.com','NunnDebbie');
INSERT INTO Students VALUES (620001315,'UNDERGRAD','01-01-2020');
INSERT INTO Enrolled (u_id,courseCode) VALUES (620001315,'INFO2521'),(620001315,'CHEM2867'),(620001315,'INFO3636');
INSERT INTO Users VALUES (620001316,'Gilbert','Tirabassi','GilbertTirabassi@gmail.com','TirabassiGilbert');
INSERT INTO Students VALUES (620001316,'UNDERGRAD','01-01-2020');
INSERT INTO Enrolled (u_id,courseCode) VALUES (620001316,'COMP2717'),(620001316,'ECON3063'),(620001316,'PHYS2338'),(620001316,'BIOC1725'),(620001316,'BIOC2550');
INSERT INTO Users VALUES (620001317,'Floyd','Pulley','FloydPulley@gmail.com','PulleyFloyd');
INSERT INTO Students VALUES (620001317,'UNDERGRAD','01-01-2020');
INSERT INTO Enrolled (u_id,courseCode) VALUES (620001317,'INFO2521'),(620001317,'COMP2361'),(620001317,'ECON3989'),(620001317,'COMP2077'),(620001317,'BIOC2550'),(620001317,'MATH1578');
INSERT INTO Users VALUES (620001318,'Taylor','Joaquin','TaylorJoaquin@gmail.com','JoaquinTaylor');
INSERT INTO Students VALUES (620001318,'UNDERGRAD','01-01-2020');
INSERT INTO Enrolled (u_id,courseCode) VALUES (620001318,'INFO3603'),(620001318,'INFO2213'),(620001318,'COMP1051'),(620001318,'INFO3419');
INSERT INTO Users VALUES (620001319,'Dora','Taylor','DoraTaylor@gmail.com','TaylorDora');
INSERT INTO Students VALUES (620001319,'UNDERGRAD','01-01-2020');
INSERT INTO Enrolled (u_id,courseCode) VALUES (620001319,'COMP3536'),(620001319,'MATH2717'),(620001319,'BIOC1986'),(620001319,'MATH3613'),(620001319,'PHYS3659'),(620001319,'CHEM2066');
INSERT INTO Users VALUES (620001320,'Young','Oconnell','YoungOconnell@gmail.com','OconnellYoung');
INSERT INTO Students VALUES (620001320,'UNDERGRAD','01-01-2020');
INSERT INTO Enrolled (u_id,courseCode) VALUES (620001320,'ECON2703'),(620001320,'MATH2555'),(620001320,'INFO2797');
INSERT INTO Users VALUES (620001321,'Wayne','Armstead','WayneArmstead@gmail.com','ArmsteadWayne');
INSERT INTO Students VALUES (620001321,'UNDERGRAD','01-01-2020');
INSERT INTO Enrolled (u_id,courseCode) VALUES (620001321,'ECON2345'),(620001321,'PHYS2338'),(620001321,'ECON1561'),(620001321,'PHYS2977'),(620001321,'MATH1454'),(620001321,'COMP3506');
INSERT INTO Users VALUES (620001322,'Nancy','Banks','NancyBanks@gmail.com','BanksNancy');
INSERT INTO Students VALUES (620001322,'UNDERGRAD','01-01-2020');
INSERT INTO Enrolled (u_id,courseCode) VALUES (620001322,'ECON3281'),(620001322,'INFO2270'),(620001322,'MATH3173'),(620001322,'ECON1589');
INSERT INTO Users VALUES (620001323,'Frankie','Campbell','FrankieCampbell@gmail.com','CampbellFrankie');
INSERT INTO Students VALUES (620001323,'UNDERGRAD','01-01-2020');
INSERT INTO Enrolled (u_id,courseCode) VALUES (620001323,'MATH1250'),(620001323,'BIOC1986'),(620001323,'INFO3603'),(620001323,'ECON2387'),(620001323,'COMP2717'),(620001323,'BIOC2983');
INSERT INTO Users VALUES (620001324,'Agnes','Cardona','AgnesCardona@gmail.com','CardonaAgnes');
INSERT INTO Students VALUES (620001324,'UNDERGRAD','01-01-2020');
INSERT INTO Enrolled (u_id,courseCode) VALUES (620001324,'COMP1867'),(620001324,'MATH3173'),(620001324,'COMP3506'),(620001324,'ECON1098');
INSERT INTO Users VALUES (620001325,'Jason','Miles','JasonMiles@gmail.com','MilesJason');
INSERT INTO Students VALUES (620001325,'UNDERGRAD','01-01-2020');
INSERT INTO Enrolled (u_id,courseCode) VALUES (620001325,'INFO2716'),(620001325,'INFO2860'),(620001325,'CHEM3617'),(620001325,'ECON3447'),(620001325,'ECON3311');
INSERT INTO Users VALUES (620001326,'Adelle','Gillis','AdelleGillis@gmail.com','GillisAdelle');
INSERT INTO Students VALUES (620001326,'UNDERGRAD','01-01-2020');
INSERT INTO Enrolled (u_id,courseCode) VALUES (620001326,'COMP3238'),(620001326,'PHYS3339'),(620001326,'CHEM2177'),(620001326,'INFO1447'),(620001326,'CHEM2697');
INSERT INTO Users VALUES (620001327,'Shalanda','Mance','ShalandaMance@gmail.com','ManceShalanda');
INSERT INTO Students VALUES (620001327,'UNDERGRAD','01-01-2020');
INSERT INTO Enrolled (u_id,courseCode) VALUES (620001327,'ECON1783'),(620001327,'ECON3737'),(620001327,'INFO1833');
INSERT INTO Users VALUES (620001328,'Philip','Lyford','PhilipLyford@gmail.com','LyfordPhilip');
INSERT INTO Students VALUES (620001328,'UNDERGRAD','01-01-2020');
INSERT INTO Enrolled (u_id,courseCode) VALUES (620001328,'BIOC3191'),(620001328,'BIOC3341'),(620001328,'INFO2213');
INSERT INTO Users VALUES (620001329,'Stanley','Eaton','StanleyEaton@gmail.com','EatonStanley');
INSERT INTO Students VALUES (620001329,'UNDERGRAD','01-01-2020');
INSERT INTO Enrolled (u_id,courseCode) VALUES (620001329,'CHEM2481'),(620001329,'COMP1573'),(620001329,'PHYS1993');
INSERT INTO Users VALUES (620001330,'Curtis','Johnson','CurtisJohnson@gmail.com','JohnsonCurtis');
INSERT INTO Students VALUES (620001330,'UNDERGRAD','01-01-2020');
INSERT INTO Enrolled (u_id,courseCode) VALUES (620001330,'CHEM3793'),(620001330,'COMP3849'),(620001330,'ECON1996'),(620001330,'MATH2188');
INSERT INTO Users VALUES (620001331,'Susan','Calder','SusanCalder@gmail.com','CalderSusan');
INSERT INTO Students VALUES (620001331,'UNDERGRAD','01-01-2020');
INSERT INTO Enrolled (u_id,courseCode) VALUES (620001331,'INFO2270'),(620001331,'COMP3418'),(620001331,'BIOC1164');
INSERT INTO Users VALUES (620001332,'Sharon','Lavoy','SharonLavoy@gmail.com','LavoySharon');
INSERT INTO Students VALUES (620001332,'UNDERGRAD','01-01-2020');
INSERT INTO Enrolled (u_id,courseCode) VALUES (620001332,'MATH2501'),(620001332,'COMP3536'),(620001332,'ECON3020');
INSERT INTO Users VALUES (620001333,'Ed','Jaworski','EdJaworski@gmail.com','JaworskiEd');
INSERT INTO Students VALUES (620001333,'UNDERGRAD','01-01-2020');
INSERT INTO Enrolled (u_id,courseCode) VALUES (620001333,'MATH3844'),(620001333,'PHYS1140'),(620001333,'INFO1242'),(620001333,'BIOC1485');
INSERT INTO Users VALUES (620001334,'Stacy','Bowerman','StacyBowerman@gmail.com','BowermanStacy');
INSERT INTO Students VALUES (620001334,'UNDERGRAD','01-01-2020');
INSERT INTO Enrolled (u_id,courseCode) VALUES (620001334,'MATH3173'),(620001334,'BIOC2236'),(620001334,'INFO2716'),(620001334,'BIOC1052');
INSERT INTO Users VALUES (620001335,'Ruby','Pere','RubyPere@gmail.com','PereRuby');
INSERT INTO Students VALUES (620001335,'UNDERGRAD','01-01-2020');
INSERT INTO Enrolled (u_id,courseCode) VALUES (620001335,'MATH2717'),(620001335,'MATH3173'),(620001335,'INFO1242'),(620001335,'BIOC1439');
INSERT INTO Users VALUES (620001336,'Kendra','Lundholm','KendraLundholm@gmail.com','LundholmKendra');
INSERT INTO Students VALUES (620001336,'UNDERGRAD','01-01-2020');
INSERT INTO Enrolled (u_id,courseCode) VALUES (620001336,'CHEM3347'),(620001336,'MATH1148'),(620001336,'MATH2067'),(620001336,'MATH1735'),(620001336,'MATH1309');
INSERT INTO Users VALUES (620001337,'Francisca','Stallings','FranciscaStallings@gmail.com','StallingsFrancisca');
INSERT INTO Students VALUES (620001337,'UNDERGRAD','01-01-2020');
INSERT INTO Enrolled (u_id,courseCode) VALUES (620001337,'BIOC1744'),(620001337,'MATH3173'),(620001337,'BIOC2983'),(620001337,'COMP1573'),(620001337,'COMP3685'),(620001337,'CHEM2031');
INSERT INTO Users VALUES (620001338,'Stephanie','Brock','StephanieBrock@gmail.com','BrockStephanie');
INSERT INTO Students VALUES (620001338,'UNDERGRAD','01-01-2020');
INSERT INTO Enrolled (u_id,courseCode) VALUES (620001338,'ECON3288'),(620001338,'BIOC3341'),(620001338,'ECON3447'),(620001338,'COMP1867');
INSERT INTO Users VALUES (620001339,'Aaron','Shani','AaronShani@gmail.com','ShaniAaron');
INSERT INTO Students VALUES (620001339,'UNDERGRAD','01-01-2020');
INSERT INTO Enrolled (u_id,courseCode) VALUES (620001339,'MATH2555'),(620001339,'MATH2550'),(620001339,'PHYS2563');
INSERT INTO Users VALUES (620001340,'Patricia','Carlos','PatriciaCarlos@gmail.com','CarlosPatricia');
INSERT INTO Students VALUES (620001340,'UNDERGRAD','01-01-2020');
INSERT INTO Enrolled (u_id,courseCode) VALUES (620001340,'MATH3029'),(620001340,'ECON1012'),(620001340,'BIOC1534');
INSERT INTO Users VALUES (620001341,'Robert','Estrada','RobertEstrada@gmail.com','EstradaRobert');
INSERT INTO Students VALUES (620001341,'UNDERGRAD','01-01-2020');
INSERT INTO Enrolled (u_id,courseCode) VALUES (620001341,'ECON3550'),(620001341,'INFO1014'),(620001341,'BIOC1448'),(620001341,'INFO2813');
INSERT INTO Users VALUES (620001342,'Demetrice','Thomas','DemetriceThomas@gmail.com','ThomasDemetrice');
INSERT INTO Students VALUES (620001342,'UNDERGRAD','01-01-2020');
INSERT INTO Enrolled (u_id,courseCode) VALUES (620001342,'MATH2067'),(620001342,'BIOC3457'),(620001342,'PHYS1930');
INSERT INTO Users VALUES (620001343,'Michelle','Oconnell','MichelleOconnell@gmail.com','OconnellMichelle');
INSERT INTO Students VALUES (620001343,'UNDERGRAD','01-01-2020');
INSERT INTO Enrolled (u_id,courseCode) VALUES (620001343,'BIOC1104'),(620001343,'ECON1645'),(620001343,'PHYS2448'),(620001343,'BIOC2589'),(620001343,'ECON2387');
INSERT INTO Users VALUES (620001344,'Lauren','Jackson','LaurenJackson@gmail.com','JacksonLauren');
INSERT INTO Students VALUES (620001344,'UNDERGRAD','01-01-2020');
INSERT INTO Enrolled (u_id,courseCode) VALUES (620001344,'ECON3989'),(620001344,'ECON3311'),(620001344,'ECON1458'),(620001344,'CHEM2005'),(620001344,'PHYS3729');
INSERT INTO Users VALUES (620001345,'Vickie','Hauser','VickieHauser@gmail.com','HauserVickie');
INSERT INTO Students VALUES (620001345,'UNDERGRAD','01-01-2020');
INSERT INTO Enrolled (u_id,courseCode) VALUES (620001345,'COMP3167'),(620001345,'ECON1012'),(620001345,'ECON1498'),(620001345,'BIOC1534'),(620001345,'BIOC2236'),(620001345,'CHEM2177');
INSERT INTO Users VALUES (620001346,'Lori','Pantoja','LoriPantoja@gmail.com','PantojaLori');
INSERT INTO Students VALUES (620001346,'UNDERGRAD','01-01-2020');
INSERT INTO Enrolled (u_id,courseCode) VALUES (620001346,'COMP3418'),(620001346,'COMP1543'),(620001346,'ECON3288'),(620001346,'ECON3085'),(620001346,'CHEM3793');
INSERT INTO Users VALUES (620001347,'Cherise','Lorenz','CheriseLorenz@gmail.com','LorenzCherise');
INSERT INTO Students VALUES (620001347,'UNDERGRAD','01-01-2020');
INSERT INTO Enrolled (u_id,courseCode) VALUES (620001347,'ECON2387'),(620001347,'ECON1561'),(620001347,'ECON1458'),(620001347,'COMP3167');
INSERT INTO Users VALUES (620001348,'Doris','Carlos','DorisCarlos@gmail.com','CarlosDoris');
INSERT INTO Students VALUES (620001348,'UNDERGRAD','01-01-2020');
INSERT INTO Enrolled (u_id,courseCode) VALUES (620001348,'MATH3613'),(620001348,'CHEM3409'),(620001348,'MATH1638'),(620001348,'MATH1454'),(620001348,'PHYS3464');
INSERT INTO Users VALUES (620001349,'Kim','Petty','KimPetty@gmail.com','PettyKim');
INSERT INTO Students VALUES (620001349,'UNDERGRAD','01-01-2020');
INSERT INTO Enrolled (u_id,courseCode) VALUES (620001349,'PHYS3787'),(620001349,'INFO2337'),(620001349,'CHEM1613'),(620001349,'MATH1250'),(620001349,'BIOC1534'),(620001349,'MATH3029');
INSERT INTO Users VALUES (620001350,'Susan','Porter','SusanPorter@gmail.com','PorterSusan');
INSERT INTO Students VALUES (620001350,'UNDERGRAD','01-01-2020');
INSERT INTO Enrolled (u_id,courseCode) VALUES (620001350,'ECON3523'),(620001350,'PHYS1140'),(620001350,'INFO3636'),(620001350,'MATH2801'),(620001350,'CHEM2626'),(620001350,'CHEM2220');
INSERT INTO Users VALUES (620001351,'Charlotte','Flowers','CharlotteFlowers@gmail.com','FlowersCharlotte');
INSERT INTO Students VALUES (620001351,'UNDERGRAD','01-01-2020');
INSERT INTO Enrolled (u_id,courseCode) VALUES (620001351,'ECON1645'),(620001351,'PHYS2667'),(620001351,'ECON3989'),(620001351,'INFO1447'),(620001351,'ECON3523'),(620001351,'MATH2717');
INSERT INTO Users VALUES (620001352,'Daniel','Oconnell','DanielOconnell@gmail.com','OconnellDaniel');
INSERT INTO Students VALUES (620001352,'UNDERGRAD','01-01-2020');
INSERT INTO Enrolled (u_id,courseCode) VALUES (620001352,'COMP3167'),(620001352,'INFO2797'),(620001352,'COMP3173'),(620001352,'INFO3645'),(620001352,'BIOC1485'),(620001352,'ECON3063');
INSERT INTO Users VALUES (620001353,'Frankie','Jesse','FrankieJesse@gmail.com','JesseFrankie');
INSERT INTO Students VALUES (620001353,'UNDERGRAD','01-01-2020');
INSERT INTO Enrolled (u_id,courseCode) VALUES (620001353,'COMP2361'),(620001353,'MATH1309'),(620001353,'CHEM3793'),(620001353,'CHEM2446'),(620001353,'ECON2722'),(620001353,'PHYS1173');
INSERT INTO Users VALUES (620001354,'Bernie','Washinski','BernieWashinski@gmail.com','WashinskiBernie');
INSERT INTO Students VALUES (620001354,'UNDERGRAD','01-01-2020');
INSERT INTO Enrolled (u_id,courseCode) VALUES (620001354,'INFO2811'),(620001354,'INFO2213'),(620001354,'CHEM3888'),(620001354,'MATH2501'),(620001354,'BIOC2671'),(620001354,'PHYS1140');
INSERT INTO Users VALUES (620001355,'Dwayne','Gillman','DwayneGillman@gmail.com','GillmanDwayne');
INSERT INTO Students VALUES (620001355,'UNDERGRAD','01-01-2020');
INSERT INTO Enrolled (u_id,courseCode) VALUES (620001355,'MATH2067'),(620001355,'ECON1012'),(620001355,'PHYS3876'),(620001355,'ECON2814');
INSERT INTO Users VALUES (620001356,'Adelia','Hauser','AdeliaHauser@gmail.com','HauserAdelia');
INSERT INTO Students VALUES (620001356,'UNDERGRAD','01-01-2020');
INSERT INTO Enrolled (u_id,courseCode) VALUES (620001356,'PHYS2113'),(620001356,'COMP3084'),(620001356,'INFO1990'),(620001356,'CHEM2149'),(620001356,'BIOC2589');
INSERT INTO Users VALUES (620001357,'Ethel','Christenberry','EthelChristenberry@gmail.com','ChristenberryEthel');
INSERT INTO Students VALUES (620001357,'UNDERGRAD','01-01-2020');
INSERT INTO Enrolled (u_id,courseCode) VALUES (620001357,'ECON3989'),(620001357,'INFO1145'),(620001357,'MATH1578'),(620001357,'BIOC1986'),(620001357,'PHYS2563'),(620001357,'MATH2873');
INSERT INTO Users VALUES (620001358,'Douglas','Hauser','DouglasHauser@gmail.com','HauserDouglas');
INSERT INTO Students VALUES (620001358,'UNDERGRAD','01-01-2020');
INSERT INTO Enrolled (u_id,courseCode) VALUES (620001358,'CHEM2727'),(620001358,'BIOC1866'),(620001358,'ECON2387'),(620001358,'INFO2860'),(620001358,'PHYS2229');
INSERT INTO Users VALUES (620001359,'Deborah','Siple','DeborahSiple@gmail.com','SipleDeborah');
INSERT INTO Students VALUES (620001359,'UNDERGRAD','01-01-2020');
INSERT INTO Enrolled (u_id,courseCode) VALUES (620001359,'CHEM2149'),(620001359,'COMP2541'),(620001359,'MATH1972'),(620001359,'MATH2957');
INSERT INTO Users VALUES (620001360,'Melodie','Colley','MelodieColley@gmail.com','ColleyMelodie');
INSERT INTO Students VALUES (620001360,'UNDERGRAD','01-01-2020');
INSERT INTO Enrolled (u_id,courseCode) VALUES (620001360,'COMP3536'),(620001360,'ECON2814'),(620001360,'CHEM3793'),(620001360,'BIOC2236'),(620001360,'COMP2400'),(620001360,'INFO3645');
INSERT INTO Users VALUES (620001361,'Juanita','Gilman','JuanitaGilman@gmail.com','GilmanJuanita');
INSERT INTO Students VALUES (620001361,'UNDERGRAD','01-01-2020');
INSERT INTO Enrolled (u_id,courseCode) VALUES (620001361,'ECON1589'),(620001361,'CHEM1485'),(620001361,'CHEM3793'),(620001361,'CHEM2626'),(620001361,'MATH3613');
INSERT INTO Users VALUES (620001362,'Michelle','Luper','MichelleLuper@gmail.com','LuperMichelle');
INSERT INTO Students VALUES (620001362,'UNDERGRAD','01-01-2020');
INSERT INTO Enrolled (u_id,courseCode) VALUES (620001362,'CHEM2727'),(620001362,'COMP1357'),(620001362,'ECON3281'),(620001362,'CHEM2697');
INSERT INTO Users VALUES (620001363,'Elwood','Mchenry','ElwoodMchenry@gmail.com','MchenryElwood');
INSERT INTO Students VALUES (620001363,'UNDERGRAD','01-01-2020');
INSERT INTO Enrolled (u_id,courseCode) VALUES (620001363,'COMP2361'),(620001363,'BIOC1744'),(620001363,'COMP3849'),(620001363,'BIOC2550'),(620001363,'CHEM2149'),(620001363,'CHEM3327');
INSERT INTO Users VALUES (620001364,'Sarah','Vanwyck','SarahVanwyck@gmail.com','VanwyckSarah');
INSERT INTO Students VALUES (620001364,'UNDERGRAD','01-01-2020');
INSERT INTO Enrolled (u_id,courseCode) VALUES (620001364,'COMP3697'),(620001364,'INFO2811'),(620001364,'INFO2147');
INSERT INTO Users VALUES (620001365,'Magdalen','Hart','MagdalenHart@gmail.com','HartMagdalen');
INSERT INTO Students VALUES (620001365,'UNDERGRAD','01-01-2020');
INSERT INTO Enrolled (u_id,courseCode) VALUES (620001365,'INFO2860'),(620001365,'ECON3085'),(620001365,'PHYS3659');
INSERT INTO Users VALUES (620001366,'Deanne','Gilman','DeanneGilman@gmail.com','GilmanDeanne');
INSERT INTO Students VALUES (620001366,'UNDERGRAD','01-01-2020');
INSERT INTO Enrolled (u_id,courseCode) VALUES (620001366,'COMP3746'),(620001366,'ECON3020'),(620001366,'ECON1783'),(620001366,'BIOC1744'),(620001366,'ECON1098');
INSERT INTO Users VALUES (620001367,'Katie','Lamar','KatieLamar@gmail.com','LamarKatie');
INSERT INTO Students VALUES (620001367,'UNDERGRAD','01-01-2020');
INSERT INTO Enrolled (u_id,courseCode) VALUES (620001367,'MATH1250'),(620001367,'ECON1458'),(620001367,'PHYS2306');
INSERT INTO Users VALUES (620001368,'Carrie','Larry','CarrieLarry@gmail.com','LarryCarrie');
INSERT INTO Students VALUES (620001368,'UNDERGRAD','01-01-2020');
INSERT INTO Enrolled (u_id,courseCode) VALUES (620001368,'PHYS2563'),(620001368,'CHEM1613'),(620001368,'BIOC2981'),(620001368,'CHEM2446'),(620001368,'MATH3029'),(620001368,'COMP1051');
INSERT INTO Users VALUES (620001369,'Joe','Gilman','JoeGilman@gmail.com','GilmanJoe');
INSERT INTO Students VALUES (620001369,'UNDERGRAD','01-01-2020');
INSERT INTO Enrolled (u_id,courseCode) VALUES (620001369,'INFO1242'),(620001369,'CHEM3617'),(620001369,'BIOC1598'),(620001369,'INFO1648'),(620001369,'INFO2636');
INSERT INTO Users VALUES (620001370,'Grace','Prince','GracePrince@gmail.com','PrinceGrace');
INSERT INTO Students VALUES (620001370,'UNDERGRAD','01-01-2020');
INSERT INTO Enrolled (u_id,courseCode) VALUES (620001370,'MATH1648'),(620001370,'INFO2811'),(620001370,'PHYS3290'),(620001370,'INFO1833'),(620001370,'INFO2521'),(620001370,'COMP1460');
INSERT INTO Users VALUES (620001371,'Shalanda','Hardman','ShalandaHardman@gmail.com','HardmanShalanda');
INSERT INTO Students VALUES (620001371,'UNDERGRAD','01-01-2020');
INSERT INTO Enrolled (u_id,courseCode) VALUES (620001371,'PHYS3464'),(620001371,'PHYS1173'),(620001371,'COMP1051');
INSERT INTO Users VALUES (620001372,'Young','Mance','YoungMance@gmail.com','ManceYoung');
INSERT INTO Students VALUES (620001372,'UNDERGRAD','01-01-2020');
INSERT INTO Enrolled (u_id,courseCode) VALUES (620001372,'COMP3047'),(620001372,'COMP1051'),(620001372,'MATH1148'),(620001372,'CHEM2446'),(620001372,'BIOC3230'),(620001372,'COMP3084');
INSERT INTO Users VALUES (620001373,'Christina','Banks','ChristinaBanks@gmail.com','BanksChristina');
INSERT INTO Students VALUES (620001373,'UNDERGRAD','01-01-2020');
INSERT INTO Enrolled (u_id,courseCode) VALUES (620001373,'BIOC1534'),(620001373,'INFO2811'),(620001373,'ECON1996'),(620001373,'BIOC1052');
INSERT INTO Users VALUES (620001374,'Marcus','Walley','MarcusWalley@gmail.com','WalleyMarcus');
INSERT INTO Students VALUES (620001374,'UNDERGRAD','01-01-2020');
INSERT INTO Enrolled (u_id,courseCode) VALUES (620001374,'ECON1783'),(620001374,'ECON3020'),(620001374,'COMP2080'),(620001374,'MATH2550'),(620001374,'MATH3173');
INSERT INTO Users VALUES (620001375,'Samuel','Rios','SamuelRios@gmail.com','RiosSamuel');
INSERT INTO Students VALUES (620001375,'UNDERGRAD','01-01-2020');
INSERT INTO Enrolled (u_id,courseCode) VALUES (620001375,'PHYS2563'),(620001375,'INFO3868'),(620001375,'ECON2703');
INSERT INTO Users VALUES (620001376,'Tiara','Richardson','TiaraRichardson@gmail.com','RichardsonTiara');
INSERT INTO Students VALUES (620001376,'UNDERGRAD','01-01-2020');
INSERT INTO Enrolled (u_id,courseCode) VALUES (620001376,'INFO2811'),(620001376,'ECON3004'),(620001376,'MATH2067');
INSERT INTO Users VALUES (620001377,'Tim','Griffin','TimGriffin@gmail.com','GriffinTim');
INSERT INTO Students VALUES (620001377,'UNDERGRAD','01-01-2020');
INSERT INTO Enrolled (u_id,courseCode) VALUES (620001377,'MATH2717'),(620001377,'BIOC3341'),(620001377,'BIOC1910'),(620001377,'BIOC1534'),(620001377,'ECON2345');
INSERT INTO Users VALUES (620001378,'Julius','Grinstead','JuliusGrinstead@gmail.com','GrinsteadJulius');
INSERT INTO Students VALUES (620001378,'UNDERGRAD','01-01-2020');
INSERT INTO Enrolled (u_id,courseCode) VALUES (620001378,'BIOC1910'),(620001378,'CHEM1613'),(620001378,'PHYS2451'),(620001378,'INFO1990'),(620001378,'CHEM3617');
INSERT INTO Users VALUES (620001379,'Betty','Sultzer','BettySultzer@gmail.com','SultzerBetty');
INSERT INTO Students VALUES (620001379,'UNDERGRAD','01-01-2020');
INSERT INTO Enrolled (u_id,courseCode) VALUES (620001379,'ECON1561'),(620001379,'PHYS2306'),(620001379,'CHEM3888');
INSERT INTO Users VALUES (620001380,'Susan','Mcalister','SusanMcalister@gmail.com','McalisterSusan');
INSERT INTO Students VALUES (620001380,'UNDERGRAD','01-01-2020');
INSERT INTO Enrolled (u_id,courseCode) VALUES (620001380,'BIOC3341'),(620001380,'ECON3085'),(620001380,'ECON1561'),(620001380,'INFO1990'),(620001380,'ECON3447');
INSERT INTO Users VALUES (620001381,'Rick','Boyer','RickBoyer@gmail.com','BoyerRick');
INSERT INTO Students VALUES (620001381,'UNDERGRAD','01-01-2020');
INSERT INTO Enrolled (u_id,courseCode) VALUES (620001381,'INFO2716'),(620001381,'MATH1250'),(620001381,'COMP3685');
INSERT INTO Users VALUES (620001382,'Nicole','Joeckel','NicoleJoeckel@gmail.com','JoeckelNicole');
INSERT INTO Students VALUES (620001382,'UNDERGRAD','01-01-2020');
INSERT INTO Enrolled (u_id,courseCode) VALUES (620001382,'ECON3281'),(620001382,'PHYS2977'),(620001382,'ECON3737'),(620001382,'BIOC1598');
INSERT INTO Users VALUES (620001383,'Byron','Saunders','ByronSaunders@gmail.com','SaundersByron');
INSERT INTO Students VALUES (620001383,'UNDERGRAD','01-01-2020');
INSERT INTO Enrolled (u_id,courseCode) VALUES (620001383,'COMP1867'),(620001383,'CHEM1807'),(620001383,'BIOC2983'),(620001383,'ECON1098'),(620001383,'INFO2147');
INSERT INTO Users VALUES (620001384,'Joe','Daniels','JoeDaniels@gmail.com','DanielsJoe');
INSERT INTO Students VALUES (620001384,'UNDERGRAD','01-01-2020');
INSERT INTO Enrolled (u_id,courseCode) VALUES (620001384,'BIOC1164'),(620001384,'ECON2722'),(620001384,'MATH3544'),(620001384,'INFO1648'),(620001384,'COMP1460');
INSERT INTO Users VALUES (620001385,'Gina','Shani','GinaShani@gmail.com','ShaniGina');
INSERT INTO Students VALUES (620001385,'UNDERGRAD','01-01-2020');
INSERT INTO Enrolled (u_id,courseCode) VALUES (620001385,'INFO2636'),(620001385,'CHEM2177'),(620001385,'BIOC2550');
INSERT INTO Users VALUES (620001386,'Suzanne','King','SuzanneKing@gmail.com','KingSuzanne');
INSERT INTO Students VALUES (620001386,'UNDERGRAD','01-01-2020');
INSERT INTO Enrolled (u_id,courseCode) VALUES (620001386,'MATH3222'),(620001386,'ECON1012'),(620001386,'COMP2965'),(620001386,'BIOC3604');
INSERT INTO Users VALUES (620001387,'Terri','Gillman','TerriGillman@gmail.com','GillmanTerri');
INSERT INTO Students VALUES (620001387,'UNDERGRAD','01-01-2020');
INSERT INTO Enrolled (u_id,courseCode) VALUES (620001387,'COMP1573'),(620001387,'BIOC1534'),(620001387,'MATH2957'),(620001387,'ECON3550'),(620001387,'CHEM3614'),(620001387,'BIOC1794');
INSERT INTO Users VALUES (620001388,'Kim','Briggs','KimBriggs@gmail.com','BriggsKim');
INSERT INTO Students VALUES (620001388,'UNDERGRAD','01-01-2020');
INSERT INTO Enrolled (u_id,courseCode) VALUES (620001388,'MATH1648'),(620001388,'COMP3849'),(620001388,'PHYS2113'),(620001388,'BIOC1104'),(620001388,'MATH1309');
INSERT INTO Users VALUES (620001389,'Orlando','Decker','OrlandoDecker@gmail.com','DeckerOrlando');
INSERT INTO Students VALUES (620001389,'UNDERGRAD','01-01-2020');
INSERT INTO Enrolled (u_id,courseCode) VALUES (620001389,'COMP1867'),(620001389,'MATH1454'),(620001389,'CHEM2481'),(620001389,'COMP2717'),(620001389,'COMP1184'),(620001389,'ECON1458');
INSERT INTO Users VALUES (620001390,'Shawn','Henderson','ShawnHenderson@gmail.com','HendersonShawn');
INSERT INTO Students VALUES (620001390,'UNDERGRAD','01-01-2020');
INSERT INTO Enrolled (u_id,courseCode) VALUES (620001390,'CHEM2727'),(620001390,'MATH2501'),(620001390,'MATH2188'),(620001390,'INFO2636');
INSERT INTO Users VALUES (620001391,'Edward','Morey','EdwardMorey@gmail.com','MoreyEdward');
INSERT INTO Students VALUES (620001391,'UNDERGRAD','01-01-2020');
INSERT INTO Enrolled (u_id,courseCode) VALUES (620001391,'CHEM3747'),(620001391,'ECON1098'),(620001391,'ECON1589'),(620001391,'CHEM1340'),(620001391,'BIOC1794'),(620001391,'MATH3222');
INSERT INTO Users VALUES (620001392,'Reggie','Tate','ReggieTate@gmail.com','TateReggie');
INSERT INTO Students VALUES (620001392,'UNDERGRAD','01-01-2020');
INSERT INTO Enrolled (u_id,courseCode) VALUES (620001392,'MATH3059'),(620001392,'CHEM2065'),(620001392,'BIOC2054'),(620001392,'COMP3639');
INSERT INTO Users VALUES (620001393,'Jennifer','Pearson','JenniferPearson@gmail.com','PearsonJennifer');
INSERT INTO Students VALUES (620001393,'UNDERGRAD','01-01-2020');
INSERT INTO Enrolled (u_id,courseCode) VALUES (620001393,'BIOC1794'),(620001393,'INFO2213'),(620001393,'INFO3935'),(620001393,'MATH3222');
INSERT INTO Users VALUES (620001394,'Linda','Calder','LindaCalder@gmail.com','CalderLinda');
INSERT INTO Students VALUES (620001394,'UNDERGRAD','01-01-2020');
INSERT INTO Enrolled (u_id,courseCode) VALUES (620001394,'PHYS3339'),(620001394,'MATH2717'),(620001394,'COMP3506'),(620001394,'PHYS3052');
INSERT INTO Users VALUES (620001395,'Mathew','Letchworth','MathewLetchworth@gmail.com','LetchworthMathew');
INSERT INTO Students VALUES (620001395,'UNDERGRAD','01-01-2020');
INSERT INTO Enrolled (u_id,courseCode) VALUES (620001395,'COMP1184'),(620001395,'MATH1262'),(620001395,'BIOC3230');
INSERT INTO Users VALUES (620001396,'Sharon','Spohn','SharonSpohn@gmail.com','SpohnSharon');
INSERT INTO Students VALUES (620001396,'UNDERGRAD','01-01-2020');
INSERT INTO Enrolled (u_id,courseCode) VALUES (620001396,'BIOC2589'),(620001396,'PHYS1140'),(620001396,'COMP2651'),(620001396,'PHYS1399'),(620001396,'ECON1645');
INSERT INTO Users VALUES (620001397,'Barbara','Meraz','BarbaraMeraz@gmail.com','MerazBarbara');
INSERT INTO Students VALUES (620001397,'UNDERGRAD','01-01-2020');
INSERT INTO Enrolled (u_id,courseCode) VALUES (620001397,'PHYS1140'),(620001397,'ECON1783'),(620001397,'COMP3418'),(620001397,'MATH3688'),(620001397,'ECON3523'),(620001397,'INFO2213');
INSERT INTO Users VALUES (620001398,'Paul','Evans','PaulEvans@gmail.com','EvansPaul');
INSERT INTO Students VALUES (620001398,'UNDERGRAD','01-01-2020');
INSERT INTO Enrolled (u_id,courseCode) VALUES (620001398,'PHYS2117'),(620001398,'COMP3167'),(620001398,'CHEM2065'),(620001398,'INFO1145'),(620001398,'MATH2957'),(620001398,'ECON1645');
INSERT INTO Users VALUES (620001399,'Casey','Wright','CaseyWright@gmail.com','WrightCasey');
INSERT INTO Students VALUES (620001399,'UNDERGRAD','01-01-2020');
INSERT INTO Enrolled (u_id,courseCode) VALUES (620001399,'INFO1833'),(620001399,'INFO2716'),(620001399,'COMP2541'),(620001399,'INFO2950'),(620001399,'ECON2703');
INSERT INTO Users VALUES (620001400,'Mildred','Gillman','MildredGillman@gmail.com','GillmanMildred');
INSERT INTO Students VALUES (620001400,'UNDERGRAD','01-01-2020');
INSERT INTO Enrolled (u_id,courseCode) VALUES (620001400,'BIOC1534'),(620001400,'INFO1145'),(620001400,'MATH3857'),(620001400,'BIOC1910');
INSERT INTO Users VALUES (620001401,'Willard','Merna','WillardMerna@gmail.com','MernaWillard');
INSERT INTO Students VALUES (620001401,'UNDERGRAD','01-01-2020');
INSERT INTO Enrolled (u_id,courseCode) VALUES (620001401,'PHYS3464'),(620001401,'BIOC1104'),(620001401,'COMP3506');
INSERT INTO Users VALUES (620001402,'Ruby','Gillis','RubyGillis@gmail.com','GillisRuby');
INSERT INTO Students VALUES (620001402,'UNDERGRAD','01-01-2020');
INSERT INTO Enrolled (u_id,courseCode) VALUES (620001402,'COMP3418'),(620001402,'COMP2077'),(620001402,'MATH3179'),(620001402,'INFO2797'),(620001402,'CHEM3747');
INSERT INTO Users VALUES (620001403,'Peggy','Mattingly','PeggyMattingly@gmail.com','MattinglyPeggy');
INSERT INTO Students VALUES (620001403,'UNDERGRAD','01-01-2020');
INSERT INTO Enrolled (u_id,courseCode) VALUES (620001403,'BIOC1794'),(620001403,'INFO3935'),(620001403,'INFO2337'),(620001403,'COMP2080'),(620001403,'COMP1543'),(620001403,'PHYS1979');
INSERT INTO Users VALUES (620001404,'Tracy','Hunt','TracyHunt@gmail.com','HuntTracy');
INSERT INTO Students VALUES (620001404,'UNDERGRAD','01-01-2020');
INSERT INTO Enrolled (u_id,courseCode) VALUES (620001404,'INFO3645'),(620001404,'MATH1638'),(620001404,'COMP3173'),(620001404,'ECON2387'),(620001404,'INFO2797'),(620001404,'COMP2541');
INSERT INTO Users VALUES (620001405,'Shonda','Vargas','ShondaVargas@gmail.com','VargasShonda');
INSERT INTO Students VALUES (620001405,'UNDERGRAD','01-01-2020');
INSERT INTO Enrolled (u_id,courseCode) VALUES (620001405,'MATH2550'),(620001405,'BIOC1725'),(620001405,'MATH1972'),(620001405,'INFO1288'),(620001405,'BIOC2054');
INSERT INTO Users VALUES (620001406,'Traci','Hunter','TraciHunter@gmail.com','HunterTraci');
INSERT INTO Students VALUES (620001406,'UNDERGRAD','01-01-2020');
INSERT INTO Enrolled (u_id,courseCode) VALUES (620001406,'MATH3857'),(620001406,'COMP3697'),(620001406,'CHEM1613');
INSERT INTO Users VALUES (620001407,'Christine','Williamson','ChristineWilliamson@gmail.com','WilliamsonChristine');
INSERT INTO Students VALUES (620001407,'UNDERGRAD','01-01-2020');
INSERT INTO Enrolled (u_id,courseCode) VALUES (620001407,'CHEM1485'),(620001407,'COMP3047'),(620001407,'PHYS3052');
INSERT INTO Users VALUES (620001408,'Louise','Nerbonne','LouiseNerbonne@gmail.com','NerbonneLouise');
INSERT INTO Students VALUES (620001408,'UNDERGRAD','01-01-2020');
INSERT INTO Enrolled (u_id,courseCode) VALUES (620001408,'ECON3737'),(620001408,'BIOC2589'),(620001408,'PHYS1173'),(620001408,'CHEM2446');
INSERT INTO Users VALUES (620001409,'Hazel','Meraz','HazelMeraz@gmail.com','MerazHazel');
INSERT INTO Students VALUES (620001409,'UNDERGRAD','01-01-2020');
INSERT INTO Enrolled (u_id,courseCode) VALUES (620001409,'ECON2387'),(620001409,'MATH2873'),(620001409,'PHYS3787');
INSERT INTO Users VALUES (620001410,'Marcus','Dahlheimer','MarcusDahlheimer@gmail.com','DahlheimerMarcus');
INSERT INTO Students VALUES (620001410,'UNDERGRAD','01-01-2020');
INSERT INTO Enrolled (u_id,courseCode) VALUES (620001410,'ECON1561'),(620001410,'CHEM2066'),(620001410,'BIOC2589');
INSERT INTO Users VALUES (620001411,'Barbara','Eaton','BarbaraEaton@gmail.com','EatonBarbara');
INSERT INTO Students VALUES (620001411,'UNDERGRAD','01-01-2020');
INSERT INTO Enrolled (u_id,courseCode) VALUES (620001411,'PHYS2229'),(620001411,'BIOC1104'),(620001411,'BIOC2236');
INSERT INTO Users VALUES (620001412,'Ladawn','Hoyer','LadawnHoyer@gmail.com','HoyerLadawn');
INSERT INTO Students VALUES (620001412,'UNDERGRAD','01-01-2020');
INSERT INTO Enrolled (u_id,courseCode) VALUES (620001412,'ECON3085'),(620001412,'PHYS1979'),(620001412,'COMP1051');
INSERT INTO Users VALUES (620001413,'Bernie','Woomer','BernieWoomer@gmail.com','WoomerBernie');
INSERT INTO Students VALUES (620001413,'UNDERGRAD','01-01-2020');
INSERT INTO Enrolled (u_id,courseCode) VALUES (620001413,'BIOC1448'),(620001413,'COMP3084'),(620001413,'COMP3238'),(620001413,'CHEM2005'),(620001413,'BIOC1052'),(620001413,'BIOC1534');
INSERT INTO Users VALUES (620001414,'Allison','Bras','AllisonBras@gmail.com','BrasAllison');
INSERT INTO Students VALUES (620001414,'UNDERGRAD','01-01-2020');
INSERT INTO Enrolled (u_id,courseCode) VALUES (620001414,'INFO3645'),(620001414,'MATH1309'),(620001414,'INFO1288'),(620001414,'ECON3311'),(620001414,'MATH3059'),(620001414,'COMP1051');
INSERT INTO Users VALUES (620001415,'Christopher','Pulley','ChristopherPulley@gmail.com','PulleyChristopher');
INSERT INTO Students VALUES (620001415,'UNDERGRAD','01-01-2020');
INSERT INTO Enrolled (u_id,courseCode) VALUES (620001415,'MATH1148'),(620001415,'CHEM1340'),(620001415,'COMP3084'),(620001415,'INFO1288'),(620001415,'MATH3059'),(620001415,'MATH1309');
INSERT INTO Users VALUES (620001416,'Wayne','Allen','WayneAllen@gmail.com','AllenWayne');
INSERT INTO Students VALUES (620001416,'UNDERGRAD','01-01-2020');
INSERT INTO Enrolled (u_id,courseCode) VALUES (620001416,'BIOC1598'),(620001416,'CHEM2446'),(620001416,'MATH3613'),(620001416,'MATH3857'),(620001416,'INFO1014');
INSERT INTO Users VALUES (620001417,'Chris','Vineyard','ChrisVineyard@gmail.com','VineyardChris');
INSERT INTO Students VALUES (620001417,'UNDERGRAD','01-01-2020');
INSERT INTO Enrolled (u_id,courseCode) VALUES (620001417,'MATH1262'),(620001417,'COMP1867'),(620001417,'BIOC1448');
INSERT INTO Users VALUES (620001418,'Edwin','Nerbonne','EdwinNerbonne@gmail.com','NerbonneEdwin');
INSERT INTO Students VALUES (620001418,'UNDERGRAD','01-01-2020');
INSERT INTO Enrolled (u_id,courseCode) VALUES (620001418,'INFO1648'),(620001418,'INFO1288'),(620001418,'PHYS3787'),(620001418,'PHYS2977');
INSERT INTO Users VALUES (620001419,'Stephanie','Miles','StephanieMiles@gmail.com','MilesStephanie');
INSERT INTO Students VALUES (620001419,'UNDERGRAD','01-01-2020');
INSERT INTO Enrolled (u_id,courseCode) VALUES (620001419,'ECON1561'),(620001419,'COMP3506'),(620001419,'INFO2636'),(620001419,'PHYS3686'),(620001419,'BIOC1448'),(620001419,'PHYS1930');
INSERT INTO Users VALUES (620001420,'James','Miles','JamesMiles@gmail.com','MilesJames');
INSERT INTO Students VALUES (620001420,'UNDERGRAD','01-01-2020');
INSERT INTO Enrolled (u_id,courseCode) VALUES (620001420,'INFO2559'),(620001420,'BIOC1598'),(620001420,'MATH1578');
INSERT INTO Users VALUES (620001421,'Jason','Mertens','JasonMertens@gmail.com','MertensJason');
INSERT INTO Students VALUES (620001421,'UNDERGRAD','01-01-2020');
INSERT INTO Enrolled (u_id,courseCode) VALUES (620001421,'INFO3419'),(620001421,'MATH3059'),(620001421,'PHYS2117'),(620001421,'BIOC2054');
INSERT INTO Users VALUES (620001422,'Gary','Early','GaryEarly@gmail.com','EarlyGary');
INSERT INTO Students VALUES (620001422,'UNDERGRAD','01-01-2020');
INSERT INTO Enrolled (u_id,courseCode) VALUES (620001422,'INFO1014'),(620001422,'ECON1012'),(620001422,'PHYS3354');
INSERT INTO Users VALUES (620001423,'Rhonda','Ott','RhondaOtt@gmail.com','OttRhonda');
INSERT INTO Students VALUES (620001423,'UNDERGRAD','01-01-2020');
INSERT INTO Enrolled (u_id,courseCode) VALUES (620001423,'ECON2722'),(620001423,'MATH3059'),(620001423,'CHEM1807');
INSERT INTO Users VALUES (620001424,'Shirley','Jones','ShirleyJones@gmail.com','JonesShirley');
INSERT INTO Students VALUES (620001424,'UNDERGRAD','01-01-2020');
INSERT INTO Enrolled (u_id,courseCode) VALUES (620001424,'ECON1498'),(620001424,'BIOC3457'),(620001424,'INFO1288'),(620001424,'INFO2147');
INSERT INTO Users VALUES (620001425,'Jacqueline','Burney','JacquelineBurney@gmail.com','BurneyJacqueline');
INSERT INTO Students VALUES (620001425,'UNDERGRAD','01-01-2020');
INSERT INTO Enrolled (u_id,courseCode) VALUES (620001425,'PHYS2977'),(620001425,'COMP2077'),(620001425,'CHEM3888');
INSERT INTO Users VALUES (620001426,'Rosa','Jaworski','RosaJaworski@gmail.com','JaworskiRosa');
INSERT INTO Students VALUES (620001426,'UNDERGRAD','01-01-2020');
INSERT INTO Enrolled (u_id,courseCode) VALUES (620001426,'BIOC1744'),(620001426,'ECON1589'),(620001426,'MATH3688'),(620001426,'ECON3276'),(620001426,'CHEM3617'),(620001426,'PHYS3876');
INSERT INTO Users VALUES (620001427,'Roy','Truitt','RoyTruitt@gmail.com','TruittRoy');
INSERT INTO Students VALUES (620001427,'UNDERGRAD','01-01-2020');
INSERT INTO Enrolled (u_id,courseCode) VALUES (620001427,'MATH3179'),(620001427,'PHYS2117'),(620001427,'CHEM3888'),(620001427,'CHEM2446'),(620001427,'PHYS2451'),(620001427,'PHYS3787');
INSERT INTO Users VALUES (620001428,'Randy','Mauk','RandyMauk@gmail.com','MaukRandy');
INSERT INTO Students VALUES (620001428,'UNDERGRAD','01-01-2020');
INSERT INTO Enrolled (u_id,courseCode) VALUES (620001428,'MATH3222'),(620001428,'COMP3084'),(620001428,'BIOC2589'),(620001428,'MATH3544'),(620001428,'PHYS3876');
INSERT INTO Users VALUES (620001429,'Nicholas','Long','NicholasLong@gmail.com','LongNicholas');
INSERT INTO Students VALUES (620001429,'UNDERGRAD','01-01-2020');
INSERT INTO Enrolled (u_id,courseCode) VALUES (620001429,'ECON3020'),(620001429,'COMP2077'),(620001429,'INFO1990'),(620001429,'INFO2636'),(620001429,'BIOC1448');
INSERT INTO Users VALUES (620001430,'Alvin','Uribe','AlvinUribe@gmail.com','UribeAlvin');
INSERT INTO Students VALUES (620001430,'UNDERGRAD','01-01-2020');
INSERT INTO Enrolled (u_id,courseCode) VALUES (620001430,'ECON1098'),(620001430,'PHYS1930'),(620001430,'CHEM2031'),(620001430,'INFO2797'),(620001430,'PHYS3729'),(620001430,'BIOC2236');
INSERT INTO Users VALUES (620001431,'Lilla','Jeanbaptiste','LillaJeanbaptiste@gmail.com','JeanbaptisteLilla');
INSERT INTO Students VALUES (620001431,'UNDERGRAD','01-01-2020');
INSERT INTO Enrolled (u_id,courseCode) VALUES (620001431,'BIOC3230'),(620001431,'MATH3179'),(620001431,'CHEM3054'),(620001431,'MATH3613');
INSERT INTO Users VALUES (620001432,'Josh','Butcher','JoshButcher@gmail.com','ButcherJosh');
INSERT INTO Students VALUES (620001432,'UNDERGRAD','01-01-2020');
INSERT INTO Enrolled (u_id,courseCode) VALUES (620001432,'PHYS2229'),(620001432,'ECON3020'),(620001432,'BIOC3341'),(620001432,'MATH2501'),(620001432,'PHYS1930');
INSERT INTO Users VALUES (620001433,'Juan','Chatcho','JuanChatcho@gmail.com','ChatchoJuan');
INSERT INTO Students VALUES (620001433,'UNDERGRAD','01-01-2020');
INSERT INTO Enrolled (u_id,courseCode) VALUES (620001433,'COMP3639'),(620001433,'PHYS2448'),(620001433,'ECON3737'),(620001433,'ECON1170'),(620001433,'MATH1454');
INSERT INTO Users VALUES (620001434,'Delia','Tallent','DeliaTallent@gmail.com','TallentDelia');
INSERT INTO Students VALUES (620001434,'UNDERGRAD','01-01-2020');
INSERT INTO Enrolled (u_id,courseCode) VALUES (620001434,'ECON3737'),(620001434,'BIOC2981'),(620001434,'INFO2559'),(620001434,'MATH3544');
INSERT INTO Users VALUES (620001435,'Bryon','Flowers','BryonFlowers@gmail.com','FlowersBryon');
INSERT INTO Students VALUES (620001435,'UNDERGRAD','01-01-2020');
INSERT INTO Enrolled (u_id,courseCode) VALUES (620001435,'BIOC1794'),(620001435,'BIOC1534'),(620001435,'MATH1250'),(620001435,'PHYS2448'),(620001435,'MATH1148'),(620001435,'CHEM2065');
INSERT INTO Users VALUES (620001436,'Bernie','Maze','BernieMaze@gmail.com','MazeBernie');
INSERT INTO Students VALUES (620001436,'UNDERGRAD','01-01-2020');
INSERT INTO Enrolled (u_id,courseCode) VALUES (620001436,'ECON1589'),(620001436,'CHEM1807'),(620001436,'COMP2361'),(620001436,'ECON3737');
INSERT INTO Users VALUES (620001437,'Cheryl','Meraz','CherylMeraz@gmail.com','MerazCheryl');
INSERT INTO Students VALUES (620001437,'UNDERGRAD','01-01-2020');
INSERT INTO Enrolled (u_id,courseCode) VALUES (620001437,'COMP3849'),(620001437,'COMP3238'),(620001437,'COMP2400'),(620001437,'PHYS3354');
INSERT INTO Users VALUES (620001438,'Caroline','Halford','CarolineHalford@gmail.com','HalfordCaroline');
INSERT INTO Students VALUES (620001438,'UNDERGRAD','01-01-2020');
INSERT INTO Enrolled (u_id,courseCode) VALUES (620001438,'INFO3636'),(620001438,'CHEM1340'),(620001438,'BIOC3191'),(620001438,'COMP3173'),(620001438,'MATH2067'),(620001438,'CHEM1494');
INSERT INTO Users VALUES (620001439,'Nan','Duffie','NanDuffie@gmail.com','DuffieNan');
INSERT INTO Students VALUES (620001439,'UNDERGRAD','01-01-2020');
INSERT INTO Enrolled (u_id,courseCode) VALUES (620001439,'PHYS1173'),(620001439,'CHEM2867'),(620001439,'PHYS2229'),(620001439,'ECON2387'),(620001439,'MATH1638');
INSERT INTO Users VALUES (620001440,'Kenneth','Harness','KennethHarness@gmail.com','HarnessKenneth');
INSERT INTO Students VALUES (620001440,'UNDERGRAD','01-01-2020');
INSERT INTO Enrolled (u_id,courseCode) VALUES (620001440,'PHYS1173'),(620001440,'MATH3059'),(620001440,'PHYS1993'),(620001440,'ECON3550'),(620001440,'INFO1447'),(620001440,'BIOC3721');
INSERT INTO Users VALUES (620001441,'Mathew','Wilbanks','MathewWilbanks@gmail.com','WilbanksMathew');
INSERT INTO Students VALUES (620001441,'UNDERGRAD','01-01-2020');
INSERT INTO Enrolled (u_id,courseCode) VALUES (620001441,'CHEM3409'),(620001441,'BIOC2589'),(620001441,'PHYS1979'),(620001441,'COMP1357'),(620001441,'COMP3697'),(620001441,'PHYS3659');
INSERT INTO Users VALUES (620001442,'Charlotte','Horth','CharlotteHorth@gmail.com','HorthCharlotte');
INSERT INTO Students VALUES (620001442,'UNDERGRAD','01-01-2020');
INSERT INTO Enrolled (u_id,courseCode) VALUES (620001442,'COMP3167'),(620001442,'ECON3447'),(620001442,'CHEM2867'),(620001442,'INFO1242'),(620001442,'INFO2337');
INSERT INTO Users VALUES (620001443,'Marcus','Cannon','MarcusCannon@gmail.com','CannonMarcus');
INSERT INTO Students VALUES (620001443,'UNDERGRAD','01-01-2020');
INSERT INTO Enrolled (u_id,courseCode) VALUES (620001443,'INFO2559'),(620001443,'ECON3063'),(620001443,'MATH1648');
INSERT INTO Users VALUES (620001444,'Tia','Walden','TiaWalden@gmail.com','WaldenTia');
INSERT INTO Students VALUES (620001444,'UNDERGRAD','01-01-2020');
INSERT INTO Enrolled (u_id,courseCode) VALUES (620001444,'COMP3849'),(620001444,'ECON1498'),(620001444,'BIOC1910'),(620001444,'COMP2400'),(620001444,'INFO3645'),(620001444,'ECON3372');
INSERT INTO Users VALUES (620001445,'William','Tallent','WilliamTallent@gmail.com','TallentWilliam');
INSERT INTO Students VALUES (620001445,'UNDERGRAD','01-01-2020');
INSERT INTO Enrolled (u_id,courseCode) VALUES (620001445,'ECON3550'),(620001445,'ECON2814'),(620001445,'BIOC1866'),(620001445,'MATH2873');
INSERT INTO Users VALUES (620001446,'Walter','Collins','WalterCollins@gmail.com','CollinsWalter');
INSERT INTO Students VALUES (620001446,'UNDERGRAD','01-01-2020');
INSERT INTO Enrolled (u_id,courseCode) VALUES (620001446,'CHEM3747'),(620001446,'MATH1309'),(620001446,'MATH1250');
INSERT INTO Users VALUES (620001447,'Denise','Noonan','DeniseNoonan@gmail.com','NoonanDenise');
INSERT INTO Students VALUES (620001447,'UNDERGRAD','01-01-2020');
INSERT INTO Enrolled (u_id,courseCode) VALUES (620001447,'COMP3536'),(620001447,'INFO2270'),(620001447,'CHEM2177'),(620001447,'PHYS1399'),(620001447,'PHYS3787');
INSERT INTO Users VALUES (620001448,'Curtis','Quintero','CurtisQuintero@gmail.com','QuinteroCurtis');
INSERT INTO Students VALUES (620001448,'UNDERGRAD','01-01-2020');
INSERT INTO Enrolled (u_id,courseCode) VALUES (620001448,'ECON3550'),(620001448,'PHYS1140'),(620001448,'INFO3935');
INSERT INTO Users VALUES (620001449,'Joseph','Robinson','JosephRobinson@gmail.com','RobinsonJoseph');
INSERT INTO Students VALUES (620001449,'UNDERGRAD','01-01-2020');
INSERT INTO Enrolled (u_id,courseCode) VALUES (620001449,'CHEM1807'),(620001449,'COMP1573'),(620001449,'COMP2080');
INSERT INTO Users VALUES (620001450,'Betty','Sullivan','BettySullivan@gmail.com','SullivanBetty');
INSERT INTO Students VALUES (620001450,'UNDERGRAD','01-01-2020');
INSERT INTO Enrolled (u_id,courseCode) VALUES (620001450,'CHEM1613'),(620001450,'ECON1458'),(620001450,'MATH1250'),(620001450,'ECON1498'),(620001450,'PHYS2238'),(620001450,'PHYS1993');
INSERT INTO Users VALUES (620001451,'Isreal','Wolfe','IsrealWolfe@gmail.com','WolfeIsreal');
INSERT INTO Students VALUES (620001451,'UNDERGRAD','01-01-2020');
INSERT INTO Enrolled (u_id,courseCode) VALUES (620001451,'MATH3209'),(620001451,'PHYS1930'),(620001451,'ECON2345'),(620001451,'CHEM2177'),(620001451,'CHEM3327'),(620001451,'ECON3372');
INSERT INTO Users VALUES (620001452,'Julius','Vanhamlin','JuliusVanhamlin@gmail.com','VanhamlinJulius');
INSERT INTO Students VALUES (620001452,'UNDERGRAD','01-01-2020');
INSERT INTO Enrolled (u_id,courseCode) VALUES (620001452,'COMP3418'),(620001452,'MATH3222'),(620001452,'BIOC1986');
INSERT INTO Users VALUES (620001453,'Geoffrey','Felipe','GeoffreyFelipe@gmail.com','FelipeGeoffrey');
INSERT INTO Students VALUES (620001453,'UNDERGRAD','01-01-2020');
INSERT INTO Enrolled (u_id,courseCode) VALUES (620001453,'MATH1250'),(620001453,'CHEM3054'),(620001453,'CHEM2031'),(620001453,'MATH1735'),(620001453,'MATH3059'),(620001453,'MATH1648');
INSERT INTO Users VALUES (620001454,'Kathy','Wurdeman','KathyWurdeman@gmail.com','WurdemanKathy');
INSERT INTO Students VALUES (620001454,'UNDERGRAD','01-01-2020');
INSERT INTO Enrolled (u_id,courseCode) VALUES (620001454,'PHYS3354'),(620001454,'MATH1454'),(620001454,'PHYS3876'),(620001454,'BIOC1448'),(620001454,'MATH3688');
INSERT INTO Users VALUES (620001455,'Gloria','Lauritsen','GloriaLauritsen@gmail.com','LauritsenGloria');
INSERT INTO Students VALUES (620001455,'UNDERGRAD','01-01-2020');
INSERT INTO Enrolled (u_id,courseCode) VALUES (620001455,'CHEM1494'),(620001455,'COMP1357'),(620001455,'COMP3418');
INSERT INTO Users VALUES (620001456,'Sam','Eaton','SamEaton@gmail.com','EatonSam');
INSERT INTO Students VALUES (620001456,'UNDERGRAD','01-01-2020');
INSERT INTO Enrolled (u_id,courseCode) VALUES (620001456,'CHEM2727'),(620001456,'BIOC1794'),(620001456,'ECON1783'),(620001456,'ECON3228'),(620001456,'BIOC2671');
INSERT INTO Users VALUES (620001457,'Ed','Oconnell','EdOconnell@gmail.com','OconnellEd');
INSERT INTO Students VALUES (620001457,'UNDERGRAD','01-01-2020');
INSERT INTO Enrolled (u_id,courseCode) VALUES (620001457,'ECON2345'),(620001457,'BIOC1164'),(620001457,'MATH2501');
INSERT INTO Users VALUES (620001458,'Peter','Allen','PeterAllen@gmail.com','AllenPeter');
INSERT INTO Students VALUES (620001458,'UNDERGRAD','01-01-2020');
INSERT INTO Enrolled (u_id,courseCode) VALUES (620001458,'MATH1250'),(620001458,'BIOC1104'),(620001458,'CHEM2220'),(620001458,'MATH3613');
INSERT INTO Users VALUES (620001459,'Robert','Cardona','RobertCardona@gmail.com','CardonaRobert');
INSERT INTO Students VALUES (620001459,'UNDERGRAD','01-01-2020');
INSERT INTO Enrolled (u_id,courseCode) VALUES (620001459,'MATH1454'),(620001459,'CHEM2604'),(620001459,'CHEM2177'),(620001459,'PHYS2451');
INSERT INTO Users VALUES (620001460,'Dennis','Harrington','DennisHarrington@gmail.com','HarringtonDennis');
INSERT INTO Students VALUES (620001460,'UNDERGRAD','01-01-2020');
INSERT INTO Enrolled (u_id,courseCode) VALUES (620001460,'MATH2067'),(620001460,'CHEM2481'),(620001460,'COMP1051'),(620001460,'COMP3238');
INSERT INTO Users VALUES (620001461,'Jesus','Siple','JesusSiple@gmail.com','SipleJesus');
INSERT INTO Students VALUES (620001461,'UNDERGRAD','01-01-2020');
INSERT INTO Enrolled (u_id,courseCode) VALUES (620001461,'PHYS3339'),(620001461,'CHEM2604'),(620001461,'PHYS1399'),(620001461,'BIOC1866'),(620001461,'INFO2950');
INSERT INTO Users VALUES (620001462,'Clyde','Scales','ClydeScales@gmail.com','ScalesClyde');
INSERT INTO Students VALUES (620001462,'UNDERGRAD','01-01-2020');
INSERT INTO Enrolled (u_id,courseCode) VALUES (620001462,'BIOC1104'),(620001462,'ECON3063'),(620001462,'ECON1498');
INSERT INTO Users VALUES (620001463,'Bryon','Flemming','BryonFlemming@gmail.com','FlemmingBryon');
INSERT INTO Students VALUES (620001463,'UNDERGRAD','01-01-2020');
INSERT INTO Enrolled (u_id,courseCode) VALUES (620001463,'ECON3020'),(620001463,'INFO3636'),(620001463,'BIOC2236'),(620001463,'CHEM2149'),(620001463,'MATH3844'),(620001463,'INFO3603');
INSERT INTO Users VALUES (620001464,'Tanya','Butcher','TanyaButcher@gmail.com','ButcherTanya');
INSERT INTO Students VALUES (620001464,'UNDERGRAD','01-01-2020');
INSERT INTO Enrolled (u_id,courseCode) VALUES (620001464,'MATH2550'),(620001464,'MATH1262'),(620001464,'INFO3603'),(620001464,'CHEM3614'),(620001464,'PHYS2117'),(620001464,'COMP2717');
INSERT INTO Users VALUES (620001465,'Tiara','Hart','TiaraHart@gmail.com','HartTiara');
INSERT INTO Students VALUES (620001465,'UNDERGRAD','01-01-2020');
INSERT INTO Enrolled (u_id,courseCode) VALUES (620001465,'ECON3063'),(620001465,'BIOC1485'),(620001465,'INFO3868'),(620001465,'ECON3311');
INSERT INTO Users VALUES (620001466,'Jeremy','Chappell','JeremyChappell@gmail.com','ChappellJeremy');
INSERT INTO Students VALUES (620001466,'UNDERGRAD','01-01-2020');
INSERT INTO Enrolled (u_id,courseCode) VALUES (620001466,'BIOC3230'),(620001466,'INFO2337'),(620001466,'MATH3844'),(620001466,'MATH2555'),(620001466,'BIOC1485'),(620001466,'INFO1014');
INSERT INTO Users VALUES (620001467,'Reginald','Stovall','ReginaldStovall@gmail.com','StovallReginald');
INSERT INTO Students VALUES (620001467,'UNDERGRAD','01-01-2020');
INSERT INTO Enrolled (u_id,courseCode) VALUES (620001467,'MATH3688'),(620001467,'MATH3857'),(620001467,'MATH2501'),(620001467,'ECON3523'),(620001467,'ECON1170'),(620001467,'PHYS3659');
INSERT INTO Users VALUES (620001468,'Teresa','Lauritsen','TeresaLauritsen@gmail.com','LauritsenTeresa');
INSERT INTO Students VALUES (620001468,'UNDERGRAD','01-01-2020');
INSERT INTO Enrolled (u_id,courseCode) VALUES (620001468,'BIOC1439'),(620001468,'INFO2213'),(620001468,'BIOC1598'),(620001468,'INFO3868');
INSERT INTO Users VALUES (620001469,'Marcus','Swan','MarcusSwan@gmail.com','SwanMarcus');
INSERT INTO Students VALUES (620001469,'UNDERGRAD','01-01-2020');
INSERT INTO Enrolled (u_id,courseCode) VALUES (620001469,'PHYS3052'),(620001469,'INFO2950'),(620001469,'ECON3447'),(620001469,'PHYS3876');
INSERT INTO Users VALUES (620001470,'Kenneth','Richardson','KennethRichardson@gmail.com','RichardsonKenneth');
INSERT INTO Students VALUES (620001470,'UNDERGRAD','01-01-2020');
INSERT INTO Enrolled (u_id,courseCode) VALUES (620001470,'MATH3544'),(620001470,'CHEM1340'),(620001470,'ECON2387'),(620001470,'BIOC3230');
INSERT INTO Users VALUES (620001471,'Mark','Morey','MarkMorey@gmail.com','MoreyMark');
INSERT INTO Students VALUES (620001471,'UNDERGRAD','01-01-2020');
INSERT INTO Enrolled (u_id,courseCode) VALUES (620001471,'CHEM3747'),(620001471,'MATH2555'),(620001471,'CHEM1340'),(620001471,'BIOC2550'),(620001471,'CHEM3347');
INSERT INTO Users VALUES (620001472,'Trina','Garrett','TrinaGarrett@gmail.com','GarrettTrina');
INSERT INTO Students VALUES (620001472,'UNDERGRAD','01-01-2020');
INSERT INTO Enrolled (u_id,courseCode) VALUES (620001472,'ECON1012'),(620001472,'CHEM2867'),(620001472,'ECON1098'),(620001472,'MATH3029');
INSERT INTO Users VALUES (620001473,'Milton','Harness','MiltonHarness@gmail.com','HarnessMilton');
INSERT INTO Students VALUES (620001473,'UNDERGRAD','01-01-2020');
INSERT INTO Enrolled (u_id,courseCode) VALUES (620001473,'INFO3603'),(620001473,'ECON3281'),(620001473,'ECON3288'),(620001473,'COMP3639');
INSERT INTO Users VALUES (620001474,'Lauren','Krout','LaurenKrout@gmail.com','KroutLauren');
INSERT INTO Students VALUES (620001474,'UNDERGRAD','01-01-2020');
INSERT INTO Enrolled (u_id,courseCode) VALUES (620001474,'COMP3685'),(620001474,'CHEM3747'),(620001474,'COMP2080'),(620001474,'ECON3311'),(620001474,'ECON1098');
INSERT INTO Users VALUES (620001475,'Sean','Souza','SeanSouza@gmail.com','SouzaSean');
INSERT INTO Students VALUES (620001475,'UNDERGRAD','01-01-2020');
INSERT INTO Enrolled (u_id,courseCode) VALUES (620001475,'INFO3636'),(620001475,'PHYS2448'),(620001475,'COMP1867'),(620001475,'COMP3536'),(620001475,'COMP3685');
INSERT INTO Users VALUES (620001476,'Janet','Caudill','JanetCaudill@gmail.com','CaudillJanet');
INSERT INTO Students VALUES (620001476,'UNDERGRAD','01-01-2020');
INSERT INTO Enrolled (u_id,courseCode) VALUES (620001476,'COMP3173'),(620001476,'PHYS2563'),(620001476,'PHYS3052');
INSERT INTO Users VALUES (620001477,'Thomas','Duffy','ThomasDuffy@gmail.com','DuffyThomas');
INSERT INTO Students VALUES (620001477,'UNDERGRAD','01-01-2020');
INSERT INTO Enrolled (u_id,courseCode) VALUES (620001477,'ECON3085'),(620001477,'MATH1250'),(620001477,'ECON1645'),(620001477,'INFO1825'),(620001477,'ECON2814');
INSERT INTO Users VALUES (620001478,'Mildred','Pantoja','MildredPantoja@gmail.com','PantojaMildred');
INSERT INTO Students VALUES (620001478,'UNDERGRAD','01-01-2020');
INSERT INTO Enrolled (u_id,courseCode) VALUES (620001478,'CHEM3617'),(620001478,'ECON2722'),(620001478,'INFO1242'),(620001478,'MATH2188'),(620001478,'COMP2361');
INSERT INTO Users VALUES (620001479,'Ed','Dunn','EdDunn@gmail.com','DunnEd');
INSERT INTO Students VALUES (620001479,'UNDERGRAD','01-01-2020');
INSERT INTO Enrolled (u_id,courseCode) VALUES (620001479,'CHEM2481'),(620001479,'PHYS2448'),(620001479,'MATH1638');
INSERT INTO Users VALUES (620001480,'Cheryl','Pedersen','CherylPedersen@gmail.com','PedersenCheryl');
INSERT INTO Students VALUES (620001480,'UNDERGRAD','01-01-2020');
INSERT INTO Enrolled (u_id,courseCode) VALUES (620001480,'ECON3063'),(620001480,'ECON2722'),(620001480,'INFO2797'),(620001480,'ECON1561'),(620001480,'PHYS3686');
INSERT INTO Users VALUES (620001481,'Jamison','May','JamisonMay@gmail.com','MayJamison');
INSERT INTO Students VALUES (620001481,'UNDERGRAD','01-01-2020');
INSERT INTO Enrolled (u_id,courseCode) VALUES (620001481,'MATH1972'),(620001481,'INFO2213'),(620001481,'ECON1458'),(620001481,'ECON1645');
INSERT INTO Users VALUES (620001482,'Peggy','Tirabassi','PeggyTirabassi@gmail.com','TirabassiPeggy');
INSERT INTO Students VALUES (620001482,'UNDERGRAD','01-01-2020');
INSERT INTO Enrolled (u_id,courseCode) VALUES (620001482,'CHEM2005'),(620001482,'INFO1648'),(620001482,'ECON2703'),(620001482,'BIOC3604');
INSERT INTO Users VALUES (620001483,'Wendell','Reyes','WendellReyes@gmail.com','ReyesWendell');
INSERT INTO Students VALUES (620001483,'UNDERGRAD','01-01-2020');
INSERT INTO Enrolled (u_id,courseCode) VALUES (620001483,'ECON3063'),(620001483,'COMP2651'),(620001483,'PHYS2113'),(620001483,'CHEM2697'),(620001483,'MATH2067'),(620001483,'BIOC1598');
INSERT INTO Users VALUES (620001484,'Roger','Pere','RogerPere@gmail.com','PereRoger');
INSERT INTO Students VALUES (620001484,'UNDERGRAD','01-01-2020');
INSERT INTO Enrolled (u_id,courseCode) VALUES (620001484,'BIOC1448'),(620001484,'MATH2801'),(620001484,'ECON3288'),(620001484,'PHYS1993'),(620001484,'MATH1309');
INSERT INTO Users VALUES (620001485,'Nathan','Nichols','NathanNichols@gmail.com','NicholsNathan');
INSERT INTO Students VALUES (620001485,'UNDERGRAD','01-01-2020');
INSERT INTO Enrolled (u_id,courseCode) VALUES (620001485,'PHYS3354'),(620001485,'CHEM3888'),(620001485,'PHYS3464'),(620001485,'MATH2957'),(620001485,'BIOC2589');
INSERT INTO Users VALUES (620001486,'Jamison','Schilling','JamisonSchilling@gmail.com','SchillingJamison');
INSERT INTO Students VALUES (620001486,'UNDERGRAD','01-01-2020');
INSERT INTO Enrolled (u_id,courseCode) VALUES (620001486,'CHEM1485'),(620001486,'BIOC1744'),(620001486,'INFO3636'),(620001486,'CHEM2604'),(620001486,'PHYS1979');
INSERT INTO Users VALUES (620001487,'Shannon','Vario','ShannonVario@gmail.com','VarioShannon');
INSERT INTO Students VALUES (620001487,'UNDERGRAD','01-01-2020');
INSERT INTO Enrolled (u_id,courseCode) VALUES (620001487,'BIOC1744'),(620001487,'ECON3228'),(620001487,'BIOC1986');
INSERT INTO Users VALUES (620001488,'Kelly','Krause','KellyKrause@gmail.com','KrauseKelly');
INSERT INTO Students VALUES (620001488,'UNDERGRAD','01-01-2020');
INSERT INTO Enrolled (u_id,courseCode) VALUES (620001488,'MATH1735'),(620001488,'MATH3544'),(620001488,'COMP1460'),(620001488,'COMP3506'),(620001488,'MATH1250');
INSERT INTO Users VALUES (620001489,'Dawn','Terry','DawnTerry@gmail.com','TerryDawn');
INSERT INTO Students VALUES (620001489,'UNDERGRAD','01-01-2020');
INSERT INTO Enrolled (u_id,courseCode) VALUES (620001489,'MATH1250'),(620001489,'INFO2950'),(620001489,'COMP1867');
INSERT INTO Users VALUES (620001490,'Clyde','Alvarez','ClydeAlvarez@gmail.com','AlvarezClyde');
INSERT INTO Students VALUES (620001490,'UNDERGRAD','01-01-2020');
INSERT INTO Enrolled (u_id,courseCode) VALUES (620001490,'ECON1458'),(620001490,'COMP3536'),(620001490,'INFO2559'),(620001490,'CHEM2867');
INSERT INTO Users VALUES (620001491,'Eric','Baccus','EricBaccus@gmail.com','BaccusEric');
INSERT INTO Students VALUES (620001491,'UNDERGRAD','01-01-2020');
INSERT INTO Enrolled (u_id,courseCode) VALUES (620001491,'BIOC1866'),(620001491,'PHYS2229'),(620001491,'PHYS3052'),(620001491,'INFO1648');
INSERT INTO Users VALUES (620001492,'Douglas','Wengerd','DouglasWengerd@gmail.com','WengerdDouglas');
INSERT INTO Students VALUES (620001492,'UNDERGRAD','01-01-2020');
INSERT INTO Enrolled (u_id,courseCode) VALUES (620001492,'CHEM2031'),(620001492,'COMP3697'),(620001492,'PHYS2451');
INSERT INTO Users VALUES (620001493,'Katherine','Macpartland','KatherineMacpartland@gmail.com','MacpartlandKatherine');
INSERT INTO Students VALUES (620001493,'UNDERGRAD','01-01-2020');
INSERT INTO Enrolled (u_id,courseCode) VALUES (620001493,'MATH1148'),(620001493,'BIOC1439'),(620001493,'PHYS3339');
INSERT INTO Users VALUES (620001494,'Wilbur','Dillis','WilburDillis@gmail.com','DillisWilbur');
INSERT INTO Students VALUES (620001494,'UNDERGRAD','01-01-2020');
INSERT INTO Enrolled (u_id,courseCode) VALUES (620001494,'PHYS3290'),(620001494,'COMP1184'),(620001494,'ECON3063'),(620001494,'BIOC1986');
INSERT INTO Users VALUES (620001495,'Cassie','Walley','CassieWalley@gmail.com','WalleyCassie');
INSERT INTO Students VALUES (620001495,'UNDERGRAD','01-01-2020');
INSERT INTO Enrolled (u_id,courseCode) VALUES (620001495,'ECON1498'),(620001495,'ECON1783'),(620001495,'MATH3613'),(620001495,'BIOC2589');
INSERT INTO Users VALUES (620001496,'Elwood','Wilbanks','ElwoodWilbanks@gmail.com','WilbanksElwood');
INSERT INTO Students VALUES (620001496,'UNDERGRAD','01-01-2020');
INSERT INTO Enrolled (u_id,courseCode) VALUES (620001496,'PHYS3729'),(620001496,'CHEM2177'),(620001496,'MATH3222'),(620001496,'BIOC2589'),(620001496,'INFO2950');
INSERT INTO Users VALUES (620001497,'Danielle','Hinojosa','DanielleHinojosa@gmail.com','HinojosaDanielle');
INSERT INTO Students VALUES (620001497,'UNDERGRAD','01-01-2020');
INSERT INTO Enrolled (u_id,courseCode) VALUES (620001497,'BIOC1794'),(620001497,'COMP3506'),(620001497,'ECON2722'),(620001497,'PHYS1173'),(620001497,'CHEM3054'),(620001497,'MATH1638');
INSERT INTO Users VALUES (620001498,'Howard','Hudson','HowardHudson@gmail.com','HudsonHoward');
INSERT INTO Students VALUES (620001498,'UNDERGRAD','01-01-2020');
INSERT INTO Enrolled (u_id,courseCode) VALUES (620001498,'MATH1148'),(620001498,'CHEM2481'),(620001498,'ECON2722');
INSERT INTO Users VALUES (620001499,'Sergio','Thomas','SergioThomas@gmail.com','ThomasSergio');
INSERT INTO Students VALUES (620001499,'UNDERGRAD','01-01-2020');
INSERT INTO Enrolled (u_id,courseCode) VALUES (620001499,'COMP1184'),(620001499,'INFO2521'),(620001499,'COMP3047'),(620001499,'PHYS3464'),(620001499,'PHYS2306');
INSERT INTO Users VALUES (620001500,'Carol','Watson','CarolWatson@gmail.com','WatsonCarol');
INSERT INTO Students VALUES (620001500,'UNDERGRAD','01-01-2020');
INSERT INTO Enrolled (u_id,courseCode) VALUES (620001500,'INFO1990'),(620001500,'COMP3418'),(620001500,'CHEM3617');
INSERT INTO Users VALUES (620001501,'Dorothy','Lockwood','DorothyLockwood@gmail.com','LockwoodDorothy');
INSERT INTO Students VALUES (620001501,'UNDERGRAD','01-01-2020');
INSERT INTO Enrolled (u_id,courseCode) VALUES (620001501,'CHEM1340'),(620001501,'PHYS1140'),(620001501,'CHEM3888'),(620001501,'ECON2814'),(620001501,'PHYS2238');
INSERT INTO Users VALUES (620001502,'Roberto','Casteel','RobertoCasteel@gmail.com','CasteelRoberto');
INSERT INTO Students VALUES (620001502,'UNDERGRAD','01-01-2020');
INSERT INTO Enrolled (u_id,courseCode) VALUES (620001502,'ECON3020'),(620001502,'MATH3222'),(620001502,'MATH1454'),(620001502,'INFO2147'),(620001502,'BIOC2236');
INSERT INTO Users VALUES (620001503,'Kendra','Swan','KendraSwan@gmail.com','SwanKendra');
INSERT INTO Students VALUES (620001503,'UNDERGRAD','01-01-2020');
INSERT INTO Enrolled (u_id,courseCode) VALUES (620001503,'CHEM2031'),(620001503,'MATH3173'),(620001503,'INFO2950'),(620001503,'INFO1447'),(620001503,'PHYS1979'),(620001503,'MATH3544');
INSERT INTO Users VALUES (620001504,'Ed','Hart','EdHart@gmail.com','HartEd');
INSERT INTO Students VALUES (620001504,'UNDERGRAD','01-01-2020');
INSERT INTO Enrolled (u_id,courseCode) VALUES (620001504,'INFO2521'),(620001504,'COMP3506'),(620001504,'INFO3935'),(620001504,'MATH3179'),(620001504,'BIOC1794'),(620001504,'INFO3868');
INSERT INTO Users VALUES (620001505,'Blake','Pero','BlakePero@gmail.com','PeroBlake');
INSERT INTO Students VALUES (620001505,'UNDERGRAD','01-01-2020');
INSERT INTO Enrolled (u_id,courseCode) VALUES (620001505,'ECON2387'),(620001505,'COMP2361'),(620001505,'ECON1458'),(620001505,'COMP3167'),(620001505,'MATH1638');
INSERT INTO Users VALUES (620001506,'Lois','Culpepper','LoisCulpepper@gmail.com','CulpepperLois');
INSERT INTO Students VALUES (620001506,'UNDERGRAD','01-01-2020');
INSERT INTO Enrolled (u_id,courseCode) VALUES (620001506,'BIOC1866'),(620001506,'INFO3868'),(620001506,'PHYS2977');
INSERT INTO Users VALUES (620001507,'Daisy','Bordelon','DaisyBordelon@gmail.com','BordelonDaisy');
INSERT INTO Students VALUES (620001507,'UNDERGRAD','01-01-2020');
INSERT INTO Enrolled (u_id,courseCode) VALUES (620001507,'PHYS2238'),(620001507,'BIOC2671'),(620001507,'MATH3029'),(620001507,'COMP3173'),(620001507,'ECON1458'),(620001507,'BIOC3191');
INSERT INTO Users VALUES (620001508,'Helen','Alexander','HelenAlexander@gmail.com','AlexanderHelen');
INSERT INTO Students VALUES (620001508,'UNDERGRAD','01-01-2020');
INSERT INTO Enrolled (u_id,courseCode) VALUES (620001508,'PHYS3686'),(620001508,'ECON1589'),(620001508,'CHEM2867');
INSERT INTO Users VALUES (620001509,'Cliff','Burch','CliffBurch@gmail.com','BurchCliff');
INSERT INTO Students VALUES (620001509,'UNDERGRAD','01-01-2020');
INSERT INTO Enrolled (u_id,courseCode) VALUES (620001509,'CHEM3793'),(620001509,'INFO3868'),(620001509,'BIOC2589'),(620001509,'COMP3746'),(620001509,'PHYS3876'),(620001509,'PHYS2667');
INSERT INTO Users VALUES (620001510,'Marshall','Pearson','MarshallPearson@gmail.com','PearsonMarshall');
INSERT INTO Students VALUES (620001510,'UNDERGRAD','01-01-2020');
INSERT INTO Enrolled (u_id,courseCode) VALUES (620001510,'CHEM2697'),(620001510,'BIOC1164'),(620001510,'MATH2555'),(620001510,'MATH3613'),(620001510,'ECON1645');
INSERT INTO Users VALUES (620001511,'Donald','James','DonaldJames@gmail.com','JamesDonald');
INSERT INTO Students VALUES (620001511,'UNDERGRAD','01-01-2020');
INSERT INTO Enrolled (u_id,courseCode) VALUES (620001511,'INFO1242'),(620001511,'BIOC1910'),(620001511,'ECON3020'),(620001511,'ECON1561'),(620001511,'MATH2717'),(620001511,'MATH2188');
INSERT INTO Users VALUES (620001512,'Arthur','Knaub','ArthurKnaub@gmail.com','KnaubArthur');
INSERT INTO Students VALUES (620001512,'UNDERGRAD','01-01-2020');
INSERT INTO Enrolled (u_id,courseCode) VALUES (620001512,'INFO2337'),(620001512,'ECON2814'),(620001512,'CHEM2727'),(620001512,'BIOC1986');
INSERT INTO Users VALUES (620001513,'Brenda','Mchenry','BrendaMchenry@gmail.com','MchenryBrenda');
INSERT INTO Students VALUES (620001513,'UNDERGRAD','01-01-2020');
INSERT INTO Enrolled (u_id,courseCode) VALUES (620001513,'CHEM1494'),(620001513,'ECON3063'),(620001513,'MATH2873'),(620001513,'BIOC1448'),(620001513,'INFO1833');
INSERT INTO Users VALUES (620001514,'Rhoda','Sharp','RhodaSharp@gmail.com','SharpRhoda');
INSERT INTO Students VALUES (620001514,'UNDERGRAD','01-01-2020');
INSERT INTO Enrolled (u_id,courseCode) VALUES (620001514,'ECON3447'),(620001514,'MATH2067'),(620001514,'ECON2814'),(620001514,'MATH2957');
INSERT INTO Users VALUES (620001515,'Justin','Miller','JustinMiller@gmail.com','MillerJustin');
INSERT INTO Students VALUES (620001515,'UNDERGRAD','01-01-2020');
INSERT INTO Enrolled (u_id,courseCode) VALUES (620001515,'MATH1648'),(620001515,'COMP3697'),(620001515,'PHYS3787'),(620001515,'COMP2077'),(620001515,'COMP2651');
INSERT INTO Users VALUES (620001516,'Craig','Merna','CraigMerna@gmail.com','MernaCraig');
INSERT INTO Students VALUES (620001516,'UNDERGRAD','01-01-2020');
INSERT INTO Enrolled (u_id,courseCode) VALUES (620001516,'CHEM2149'),(620001516,'PHYS2238'),(620001516,'ECON3085'),(620001516,'INFO3645'),(620001516,'CHEM3409'),(620001516,'ECON3281');
INSERT INTO Users VALUES (620001517,'Gordon','Robinson','GordonRobinson@gmail.com','RobinsonGordon');
INSERT INTO Students VALUES (620001517,'UNDERGRAD','01-01-2020');
INSERT INTO Enrolled (u_id,courseCode) VALUES (620001517,'PHYS2338'),(620001517,'MATH2717'),(620001517,'BIOC1052'),(620001517,'COMP3746');
INSERT INTO Users VALUES (620001518,'Jonathan','Hernandez','JonathanHernandez@gmail.com','HernandezJonathan');
INSERT INTO Students VALUES (620001518,'UNDERGRAD','01-01-2020');
INSERT INTO Enrolled (u_id,courseCode) VALUES (620001518,'COMP2541'),(620001518,'COMP2077'),(620001518,'ECON1170');
INSERT INTO Users VALUES (620001519,'Harold','Pere','HaroldPere@gmail.com','PereHarold');
INSERT INTO Students VALUES (620001519,'UNDERGRAD','01-01-2020');
INSERT INTO Enrolled (u_id,courseCode) VALUES (620001519,'CHEM2867'),(620001519,'ECON3004'),(620001519,'ECON3989'),(620001519,'ECON3372'),(620001519,'PHYS1993'),(620001519,'MATH3613');
INSERT INTO Users VALUES (620001520,'Steven','Jaworski','StevenJaworski@gmail.com','JaworskiSteven');
INSERT INTO Students VALUES (620001520,'UNDERGRAD','01-01-2020');
INSERT INTO Enrolled (u_id,courseCode) VALUES (620001520,'BIOC1439'),(620001520,'COMP1573'),(620001520,'CHEM2867'),(620001520,'BIOC2054'),(620001520,'INFO1288'),(620001520,'MATH3173');
INSERT INTO Users VALUES (620001521,'John','Heckstall','JohnHeckstall@gmail.com','HeckstallJohn');
INSERT INTO Students VALUES (620001521,'UNDERGRAD','01-01-2020');
INSERT INTO Enrolled (u_id,courseCode) VALUES (620001521,'COMP2080'),(620001521,'MATH1250'),(620001521,'CHEM1485'),(620001521,'MATH3844');
INSERT INTO Users VALUES (620001522,'Melvin','Mauk','MelvinMauk@gmail.com','MaukMelvin');
INSERT INTO Students VALUES (620001522,'UNDERGRAD','01-01-2020');
INSERT INTO Enrolled (u_id,courseCode) VALUES (620001522,'ECON1589'),(620001522,'CHEM2697'),(620001522,'ECON3288');
INSERT INTO Users VALUES (620001523,'Betty','Decker','BettyDecker@gmail.com','DeckerBetty');
INSERT INTO Students VALUES (620001523,'UNDERGRAD','01-01-2020');
INSERT INTO Enrolled (u_id,courseCode) VALUES (620001523,'CHEM1485'),(620001523,'COMP2965'),(620001523,'ECON3228');
INSERT INTO Users VALUES (620001524,'Edna','Ferretti','EdnaFerretti@gmail.com','FerrettiEdna');
INSERT INTO Students VALUES (620001524,'UNDERGRAD','01-01-2020');
INSERT INTO Enrolled (u_id,courseCode) VALUES (620001524,'MATH2067'),(620001524,'PHYS1140'),(620001524,'INFO3419');
INSERT INTO Users VALUES (620001525,'Gloria','Souza','GloriaSouza@gmail.com','SouzaGloria');
INSERT INTO Students VALUES (620001525,'UNDERGRAD','01-01-2020');
INSERT INTO Enrolled (u_id,courseCode) VALUES (620001525,'PHYS3787'),(620001525,'MATH3179'),(620001525,'PHYS2113');
INSERT INTO Users VALUES (620001526,'Ralph','Laudat','RalphLaudat@gmail.com','LaudatRalph');
INSERT INTO Students VALUES (620001526,'UNDERGRAD','01-01-2020');
INSERT INTO Enrolled (u_id,courseCode) VALUES (620001526,'MATH2067'),(620001526,'CHEM3054'),(620001526,'COMP2077'),(620001526,'CHEM2066'),(620001526,'MATH2550');
INSERT INTO Users VALUES (620001527,'Jacqueline','Barrett','JacquelineBarrett@gmail.com','BarrettJacqueline');
INSERT INTO Students VALUES (620001527,'UNDERGRAD','01-01-2020');
INSERT INTO Enrolled (u_id,courseCode) VALUES (620001527,'BIOC1485'),(620001527,'ECON3550'),(620001527,'COMP2400'),(620001527,'INFO2270'),(620001527,'PHYS2667');
INSERT INTO Users VALUES (620001528,'Nicholas','Scales','NicholasScales@gmail.com','ScalesNicholas');
INSERT INTO Students VALUES (620001528,'UNDERGRAD','01-01-2020');
INSERT INTO Enrolled (u_id,courseCode) VALUES (620001528,'CHEM2031'),(620001528,'INFO1447'),(620001528,'INFO2813'),(620001528,'CHEM1494'),(620001528,'MATH2717'),(620001528,'PHYS2667');
INSERT INTO Users VALUES (620001529,'Reggie','Kenney','ReggieKenney@gmail.com','KenneyReggie');
INSERT INTO Students VALUES (620001529,'UNDERGRAD','01-01-2020');
INSERT INTO Enrolled (u_id,courseCode) VALUES (620001529,'CHEM2604'),(620001529,'BIOC3721'),(620001529,'INFO1833');
INSERT INTO Users VALUES (620001530,'Ruth','Garrett','RuthGarrett@gmail.com','GarrettRuth');
INSERT INTO Students VALUES (620001530,'UNDERGRAD','01-01-2020');
INSERT INTO Enrolled (u_id,courseCode) VALUES (620001530,'PHYS3464'),(620001530,'ECON3550'),(620001530,'PHYS3659');
INSERT INTO Users VALUES (620001531,'Toby','Shields','TobyShields@gmail.com','ShieldsToby');
INSERT INTO Students VALUES (620001531,'UNDERGRAD','01-01-2020');
INSERT INTO Enrolled (u_id,courseCode) VALUES (620001531,'MATH3857'),(620001531,'MATH1735'),(620001531,'CHEM1485'),(620001531,'BIOC3341'),(620001531,'CHEM2031'),(620001531,'CHEM2727');
INSERT INTO Users VALUES (620001532,'Gabriel','Mcclenon','GabrielMcclenon@gmail.com','McclenonGabriel');
INSERT INTO Students VALUES (620001532,'UNDERGRAD','01-01-2020');
INSERT INTO Enrolled (u_id,courseCode) VALUES (620001532,'BIOC2589'),(620001532,'PHYS2667'),(620001532,'INFO1990');
INSERT INTO Users VALUES (620001533,'Caroline','Imoto','CarolineImoto@gmail.com','ImotoCaroline');
INSERT INTO Students VALUES (620001533,'UNDERGRAD','01-01-2020');
INSERT INTO Enrolled (u_id,courseCode) VALUES (620001533,'COMP1867'),(620001533,'PHYS3659'),(620001533,'CHEM2065'),(620001533,'MATH3688'),(620001533,'ECON3550');
INSERT INTO Users VALUES (620001534,'Jewell','Letchworth','JewellLetchworth@gmail.com','LetchworthJewell');
INSERT INTO Students VALUES (620001534,'UNDERGRAD','01-01-2020');
INSERT INTO Enrolled (u_id,courseCode) VALUES (620001534,'MATH3029'),(620001534,'CHEM1340'),(620001534,'PHYS2113'),(620001534,'INFO2636');
INSERT INTO Users VALUES (620001535,'Roy','Cannon','RoyCannon@gmail.com','CannonRoy');
INSERT INTO Students VALUES (620001535,'UNDERGRAD','01-01-2020');
INSERT INTO Enrolled (u_id,courseCode) VALUES (620001535,'BIOC2236'),(620001535,'BIOC3230'),(620001535,'ECON3085');
INSERT INTO Users VALUES (620001536,'Homer','Eubank','HomerEubank@gmail.com','EubankHomer');
INSERT INTO Students VALUES (620001536,'UNDERGRAD','01-01-2020');
INSERT INTO Enrolled (u_id,courseCode) VALUES (620001536,'ECON3523'),(620001536,'INFO1288'),(620001536,'ECON2345');
INSERT INTO Users VALUES (620001537,'Traci','Blevins','TraciBlevins@gmail.com','BlevinsTraci');
INSERT INTO Students VALUES (620001537,'UNDERGRAD','01-01-2020');
INSERT INTO Enrolled (u_id,courseCode) VALUES (620001537,'PHYS2977'),(620001537,'BIOC1164'),(620001537,'PHYS2563'),(620001537,'ECON1170'),(620001537,'INFO1447'),(620001537,'MATH3688');
INSERT INTO Users VALUES (620001538,'Marshall','Griffin','MarshallGriffin@gmail.com','GriffinMarshall');
INSERT INTO Students VALUES (620001538,'UNDERGRAD','01-01-2020');
INSERT INTO Enrolled (u_id,courseCode) VALUES (620001538,'MATH2550'),(620001538,'ECON3228'),(620001538,'COMP3536');
INSERT INTO Users VALUES (620001539,'Brenda','Culpepper','BrendaCulpepper@gmail.com','CulpepperBrenda');
INSERT INTO Students VALUES (620001539,'UNDERGRAD','01-01-2020');
INSERT INTO Enrolled (u_id,courseCode) VALUES (620001539,'COMP3418'),(620001539,'MATH2067'),(620001539,'COMP2541'),(620001539,'BIOC1794'),(620001539,'PHYS1173');
INSERT INTO Users VALUES (620001540,'Jeremy','Robinson','JeremyRobinson@gmail.com','RobinsonJeremy');
INSERT INTO Students VALUES (620001540,'UNDERGRAD','01-01-2020');
INSERT INTO Enrolled (u_id,courseCode) VALUES (620001540,'PHYS3659'),(620001540,'CHEM2797'),(620001540,'PHYS3339');
INSERT INTO Users VALUES (620001541,'Timothy','Duffy','TimothyDuffy@gmail.com','DuffyTimothy');
INSERT INTO Students VALUES (620001541,'UNDERGRAD','01-01-2020');
INSERT INTO Enrolled (u_id,courseCode) VALUES (620001541,'MATH2801'),(620001541,'COMP2400'),(620001541,'MATH2957'),(620001541,'BIOC1439'),(620001541,'PHYS2238');
INSERT INTO Users VALUES (620001542,'Janice','Turkus','JaniceTurkus@gmail.com','TurkusJanice');
INSERT INTO Students VALUES (620001542,'UNDERGRAD','01-01-2020');
INSERT INTO Enrolled (u_id,courseCode) VALUES (620001542,'BIOC2981'),(620001542,'CHEM2797'),(620001542,'ECON3281'),(620001542,'COMP2400');
INSERT INTO Users VALUES (620001543,'Clarence','Washinski','ClarenceWashinski@gmail.com','WashinskiClarence');
INSERT INTO Students VALUES (620001543,'UNDERGRAD','01-01-2020');
INSERT INTO Enrolled (u_id,courseCode) VALUES (620001543,'PHYS3686'),(620001543,'ECON2703'),(620001543,'MATH3613'),(620001543,'PHYS3290');
INSERT INTO Users VALUES (620001544,'Walter','Carrington','WalterCarrington@gmail.com','CarringtonWalter');
INSERT INTO Students VALUES (620001544,'UNDERGRAD','01-01-2020');
INSERT INTO Enrolled (u_id,courseCode) VALUES (620001544,'ECON1561'),(620001544,'CHEM3614'),(620001544,'CHEM2604'),(620001544,'MATH3029'),(620001544,'CHEM2446'),(620001544,'ECON3020');
INSERT INTO Users VALUES (620001545,'Joy','Steere','JoySteere@gmail.com','SteereJoy');
INSERT INTO Students VALUES (620001545,'UNDERGRAD','01-01-2020');
INSERT INTO Enrolled (u_id,courseCode) VALUES (620001545,'CHEM2797'),(620001545,'CHEM3614'),(620001545,'ECON3447'),(620001545,'CHEM2066'),(620001545,'PHYS2306'),(620001545,'INFO1145');
INSERT INTO Users VALUES (620001546,'Juanita','Eaton','JuanitaEaton@gmail.com','EatonJuanita');
INSERT INTO Students VALUES (620001546,'UNDERGRAD','01-01-2020');
INSERT INTO Enrolled (u_id,courseCode) VALUES (620001546,'BIOC2550'),(620001546,'PHYS3659'),(620001546,'BIOC1986'),(620001546,'ECON3372');
INSERT INTO Users VALUES (620001547,'Hector','Crespo','HectorCrespo@gmail.com','CrespoHector');
INSERT INTO Students VALUES (620001547,'UNDERGRAD','01-01-2020');
INSERT INTO Enrolled (u_id,courseCode) VALUES (620001547,'ECON1645'),(620001547,'CHEM2031'),(620001547,'MATH2873');
INSERT INTO Users VALUES (620001548,'James','Steinbach','JamesSteinbach@gmail.com','SteinbachJames');
INSERT INTO Students VALUES (620001548,'UNDERGRAD','01-01-2020');
INSERT INTO Enrolled (u_id,courseCode) VALUES (620001548,'COMP1184'),(620001548,'CHEM3327'),(620001548,'CHEM2481'),(620001548,'INFO2337'),(620001548,'PHYS2563');
INSERT INTO Users VALUES (620001549,'Nathan','Eubank','NathanEubank@gmail.com','EubankNathan');
INSERT INTO Students VALUES (620001549,'UNDERGRAD','01-01-2020');
INSERT INTO Enrolled (u_id,courseCode) VALUES (620001549,'INFO1990'),(620001549,'CHEM3888'),(620001549,'PHYS3290');
INSERT INTO Users VALUES (620001550,'Joe','Busse','JoeBusse@gmail.com','BusseJoe');
INSERT INTO Students VALUES (620001550,'UNDERGRAD','01-01-2020');
INSERT INTO Enrolled (u_id,courseCode) VALUES (620001550,'MATH3844'),(620001550,'MATH2067'),(620001550,'ECON3372'),(620001550,'CHEM3793'),(620001550,'CHEM2446');
INSERT INTO Users VALUES (620001551,'Traci','Lauritsen','TraciLauritsen@gmail.com','LauritsenTraci');
INSERT INTO Students VALUES (620001551,'UNDERGRAD','01-01-2020');
INSERT INTO Enrolled (u_id,courseCode) VALUES (620001551,'ECON2703'),(620001551,'MATH3029'),(620001551,'BIOC1164'),(620001551,'PHYS3659');
INSERT INTO Users VALUES (620001552,'Randy','Burney','RandyBurney@gmail.com','BurneyRandy');
INSERT INTO Students VALUES (620001552,'UNDERGRAD','01-01-2020');
INSERT INTO Enrolled (u_id,courseCode) VALUES (620001552,'CHEM3327'),(620001552,'PHYS2229'),(620001552,'CHEM2065'),(620001552,'CHEM2867'),(620001552,'COMP3746');
INSERT INTO Users VALUES (620001553,'Arthur','Deen','ArthurDeen@gmail.com','DeenArthur');
INSERT INTO Students VALUES (620001553,'UNDERGRAD','01-01-2020');
INSERT INTO Enrolled (u_id,courseCode) VALUES (620001553,'COMP3084'),(620001553,'ECON1645'),(620001553,'INFO1833'),(620001553,'CHEM1807'),(620001553,'COMP2361');
INSERT INTO Users VALUES (620001554,'Earl','Dunn','EarlDunn@gmail.com','DunnEarl');
INSERT INTO Students VALUES (620001554,'UNDERGRAD','01-01-2020');
INSERT INTO Enrolled (u_id,courseCode) VALUES (620001554,'BIOC1866'),(620001554,'CHEM2867'),(620001554,'ECON1098'),(620001554,'ECON3288');
INSERT INTO Users VALUES (620001555,'Dorcas','Atkins','DorcasAtkins@gmail.com','AtkinsDorcas');
INSERT INTO Students VALUES (620001555,'UNDERGRAD','01-01-2020');
INSERT INTO Enrolled (u_id,courseCode) VALUES (620001555,'ECON3311'),(620001555,'COMP1460'),(620001555,'INFO1825'),(620001555,'INFO3603');
INSERT INTO Users VALUES (620001556,'Frances','Hodge','FrancesHodge@gmail.com','HodgeFrances');
INSERT INTO Students VALUES (620001556,'UNDERGRAD','01-01-2020');
INSERT INTO Enrolled (u_id,courseCode) VALUES (620001556,'BIOC3191'),(620001556,'INFO2521'),(620001556,'PHYS3787'),(620001556,'INFO1990'),(620001556,'INFO3868'),(620001556,'COMP3697');
INSERT INTO Users VALUES (620001557,'Holly','Santos','HollySantos@gmail.com','SantosHolly');
INSERT INTO Students VALUES (620001557,'UNDERGRAD','01-01-2020');
INSERT INTO Enrolled (u_id,courseCode) VALUES (620001557,'PHYS3787'),(620001557,'COMP2400'),(620001557,'COMP3849'),(620001557,'INFO3935'),(620001557,'MATH1638');
INSERT INTO Users VALUES (620001558,'Delia','Robles','DeliaRobles@gmail.com','RoblesDelia');
INSERT INTO Students VALUES (620001558,'UNDERGRAD','01-01-2020');
INSERT INTO Enrolled (u_id,courseCode) VALUES (620001558,'ECON3447'),(620001558,'BIOC1534'),(620001558,'INFO2521'),(620001558,'INFO3935');
INSERT INTO Users VALUES (620001559,'Douglas','Nerbonne','DouglasNerbonne@gmail.com','NerbonneDouglas');
INSERT INTO Students VALUES (620001559,'UNDERGRAD','01-01-2020');
INSERT INTO Enrolled (u_id,courseCode) VALUES (620001559,'BIOC1534'),(620001559,'ECON1012'),(620001559,'COMP2965'),(620001559,'PHYS1173');
INSERT INTO Users VALUES (620001560,'Adrienne','Mcneill','AdrienneMcneill@gmail.com','McneillAdrienne');
INSERT INTO Students VALUES (620001560,'UNDERGRAD','01-01-2020');
INSERT INTO Enrolled (u_id,courseCode) VALUES (620001560,'CHEM2065'),(620001560,'BIOC2550'),(620001560,'BIOC1725'),(620001560,'INFO2636'),(620001560,'INFO1833');
INSERT INTO Users VALUES (620001561,'Maria','Daniels','MariaDaniels@gmail.com','DanielsMaria');
INSERT INTO Students VALUES (620001561,'UNDERGRAD','01-01-2020');
INSERT INTO Enrolled (u_id,courseCode) VALUES (620001561,'INFO3935'),(620001561,'MATH2801'),(620001561,'CHEM2604');
INSERT INTO Users VALUES (620001562,'Delmar','Gilman','DelmarGilman@gmail.com','GilmanDelmar');
INSERT INTO Students VALUES (620001562,'UNDERGRAD','01-01-2020');
INSERT INTO Enrolled (u_id,courseCode) VALUES (620001562,'BIOC1448'),(620001562,'INFO1242'),(620001562,'INFO3636'),(620001562,'PHYS1979');
INSERT INTO Users VALUES (620001563,'Edna','Briggs','EdnaBriggs@gmail.com','BriggsEdna');
INSERT INTO Students VALUES (620001563,'UNDERGRAD','01-01-2020');
INSERT INTO Enrolled (u_id,courseCode) VALUES (620001563,'ECON3288'),(620001563,'MATH1735'),(620001563,'ECON1170'),(620001563,'COMP3685');
INSERT INTO Users VALUES (620001564,'Kendra','Nelson','KendraNelson@gmail.com','NelsonKendra');
INSERT INTO Students VALUES (620001564,'UNDERGRAD','01-01-2020');
INSERT INTO Enrolled (u_id,courseCode) VALUES (620001564,'PHYS2338'),(620001564,'CHEM2697'),(620001564,'BIOC1866'),(620001564,'PHYS1140'),(620001564,'MATH1454'),(620001564,'ECON2345');
INSERT INTO Users VALUES (620001565,'Sean','Sandlin','SeanSandlin@gmail.com','SandlinSean');
INSERT INTO Students VALUES (620001565,'UNDERGRAD','01-01-2020');
INSERT INTO Enrolled (u_id,courseCode) VALUES (620001565,'BIOC3457'),(620001565,'PHYS1979'),(620001565,'MATH3688'),(620001565,'PHYS3686');
INSERT INTO Users VALUES (620001566,'Larry','Cannon','LarryCannon@gmail.com','CannonLarry');
INSERT INTO Students VALUES (620001566,'UNDERGRAD','01-01-2020');
INSERT INTO Enrolled (u_id,courseCode) VALUES (620001566,'PHYS3464'),(620001566,'BIOC1725'),(620001566,'INFO2636'),(620001566,'CHEM2005'),(620001566,'MATH2555'),(620001566,'MATH3209');
INSERT INTO Users VALUES (620001567,'Catherine','Duffie','CatherineDuffie@gmail.com','DuffieCatherine');
INSERT INTO Students VALUES (620001567,'UNDERGRAD','01-01-2020');
INSERT INTO Enrolled (u_id,courseCode) VALUES (620001567,'COMP3047'),(620001567,'COMP3697'),(620001567,'MATH3029'),(620001567,'BIOC2054');
INSERT INTO Users VALUES (620001568,'Shannon','Smith','ShannonSmith@gmail.com','SmithShannon');
INSERT INTO Students VALUES (620001568,'UNDERGRAD','01-01-2020');
INSERT INTO Enrolled (u_id,courseCode) VALUES (620001568,'INFO2213'),(620001568,'PHYS3787'),(620001568,'ECON3228'),(620001568,'COMP2717');
INSERT INTO Users VALUES (620001569,'Dorcas','Harrington','DorcasHarrington@gmail.com','HarringtonDorcas');
INSERT INTO Students VALUES (620001569,'UNDERGRAD','01-01-2020');
INSERT INTO Enrolled (u_id,courseCode) VALUES (620001569,'BIOC2981'),(620001569,'INFO3419'),(620001569,'INFO2636'),(620001569,'BIOC1910');
INSERT INTO Users VALUES (620001570,'David','Mcalister','DavidMcalister@gmail.com','McalisterDavid');
INSERT INTO Students VALUES (620001570,'UNDERGRAD','01-01-2020');
INSERT INTO Enrolled (u_id,courseCode) VALUES (620001570,'MATH2188'),(620001570,'BIOC2054'),(620001570,'BIOC2671'),(620001570,'COMP2361');
INSERT INTO Users VALUES (620001571,'Reggie','Culpepper','ReggieCulpepper@gmail.com','CulpepperReggie');
INSERT INTO Students VALUES (620001571,'UNDERGRAD','01-01-2020');
INSERT INTO Enrolled (u_id,courseCode) VALUES (620001571,'INFO1145'),(620001571,'CHEM1613'),(620001571,'PHYS1930'),(620001571,'COMP1460');
INSERT INTO Users VALUES (620001572,'Ladawn','Early','LadawnEarly@gmail.com','EarlyLadawn');
INSERT INTO Students VALUES (620001572,'UNDERGRAD','01-01-2020');
INSERT INTO Enrolled (u_id,courseCode) VALUES (620001572,'BIOC3341'),(620001572,'COMP2080'),(620001572,'INFO2811'),(620001572,'MATH1148'),(620001572,'COMP3536'),(620001572,'MATH3844');
INSERT INTO Users VALUES (620001573,'Shane','Baptiste','ShaneBaptiste@gmail.com','BaptisteShane');
INSERT INTO Students VALUES (620001573,'UNDERGRAD','01-01-2020');
INSERT INTO Enrolled (u_id,courseCode) VALUES (620001573,'MATH2717'),(620001573,'INFO2860'),(620001573,'INFO2636'),(620001573,'ECON3311'),(620001573,'COMP2651');
INSERT INTO Users VALUES (620001574,'Luella','Shane','LuellaShane@gmail.com','ShaneLuella');
INSERT INTO Students VALUES (620001574,'UNDERGRAD','01-01-2020');
INSERT INTO Enrolled (u_id,courseCode) VALUES (620001574,'PHYS3464'),(620001574,'CHEM2446'),(620001574,'MATH2501'),(620001574,'MATH1262'),(620001574,'INFO1648');
INSERT INTO Users VALUES (620001575,'Brian','Stallings','BrianStallings@gmail.com','StallingsBrian');
INSERT INTO Students VALUES (620001575,'UNDERGRAD','01-01-2020');
INSERT INTO Enrolled (u_id,courseCode) VALUES (620001575,'ECON3004'),(620001575,'COMP1460'),(620001575,'BIOC1794'),(620001575,'CHEM2005');
INSERT INTO Users VALUES (620001576,'Marjorie','Hoyer','MarjorieHoyer@gmail.com','HoyerMarjorie');
INSERT INTO Students VALUES (620001576,'UNDERGRAD','01-01-2020');
INSERT INTO Enrolled (u_id,courseCode) VALUES (620001576,'BIOC3721'),(620001576,'INFO2559'),(620001576,'ECON3020'),(620001576,'MATH3179'),(620001576,'COMP3849');
INSERT INTO Users VALUES (620001577,'Trina','Wilbanks','TrinaWilbanks@gmail.com','WilbanksTrina');
INSERT INTO Students VALUES (620001577,'UNDERGRAD','01-01-2020');
INSERT INTO Enrolled (u_id,courseCode) VALUES (620001577,'ECON2814'),(620001577,'ECON1589'),(620001577,'CHEM3409'),(620001577,'PHYS2338');
INSERT INTO Users VALUES (620001578,'Judith','Hanks','JudithHanks@gmail.com','HanksJudith');
INSERT INTO Students VALUES (620001578,'UNDERGRAD','01-01-2020');
INSERT INTO Enrolled (u_id,courseCode) VALUES (620001578,'BIOC2983'),(620001578,'COMP2717'),(620001578,'PHYS2229'),(620001578,'CHEM2031'),(620001578,'PHYS2448'),(620001578,'ECON1996');
INSERT INTO Users VALUES (620001579,'Leo','Rios','LeoRios@gmail.com','RiosLeo');
INSERT INTO Students VALUES (620001579,'UNDERGRAD','01-01-2020');
INSERT INTO Enrolled (u_id,courseCode) VALUES (620001579,'INFO3419'),(620001579,'MATH2957'),(620001579,'INFO3645'),(620001579,'COMP2361'),(620001579,'INFO1288');
INSERT INTO Users VALUES (620001580,'Gina','Waugh','GinaWaugh@gmail.com','WaughGina');
INSERT INTO Students VALUES (620001580,'UNDERGRAD','01-01-2020');
INSERT INTO Enrolled (u_id,courseCode) VALUES (620001580,'CHEM2066'),(620001580,'ECON1561'),(620001580,'MATH3844'),(620001580,'ECON3276'),(620001580,'PHYS3339');
INSERT INTO Users VALUES (620001581,'Francis','Allen','FrancisAllen@gmail.com','AllenFrancis');
INSERT INTO Students VALUES (620001581,'UNDERGRAD','01-01-2020');
INSERT INTO Enrolled (u_id,courseCode) VALUES (620001581,'CHEM2697'),(620001581,'CHEM1807'),(620001581,'PHYS2338'),(620001581,'COMP3506'),(620001581,'BIOC2550'),(620001581,'PHYS3339');
INSERT INTO Users VALUES (620001582,'Brooke','Gilmore','BrookeGilmore@gmail.com','GilmoreBrooke');
INSERT INTO Students VALUES (620001582,'UNDERGRAD','01-01-2020');
INSERT INTO Enrolled (u_id,courseCode) VALUES (620001582,'BIOC1448'),(620001582,'BIOC3457'),(620001582,'COMP3167'),(620001582,'PHYS2451'),(620001582,'MATH3613');
INSERT INTO Users VALUES (620001583,'Tracy','Williamson','TracyWilliamson@gmail.com','WilliamsonTracy');
INSERT INTO Students VALUES (620001583,'UNDERGRAD','01-01-2020');
INSERT INTO Enrolled (u_id,courseCode) VALUES (620001583,'ECON3311'),(620001583,'PHYS2667'),(620001583,'MATH3173'),(620001583,'CHEM2066');
INSERT INTO Users VALUES (620001584,'Agnes','Armstead','AgnesArmstead@gmail.com','ArmsteadAgnes');
INSERT INTO Students VALUES (620001584,'UNDERGRAD','01-01-2020');
INSERT INTO Enrolled (u_id,courseCode) VALUES (620001584,'MATH2801'),(620001584,'PHYS2306'),(620001584,'ECON3281'),(620001584,'PHYS3052');
INSERT INTO Users VALUES (620001585,'Robert','Pero','RobertPero@gmail.com','PeroRobert');
INSERT INTO Students VALUES (620001585,'UNDERGRAD','01-01-2020');
INSERT INTO Enrolled (u_id,courseCode) VALUES (620001585,'MATH3844'),(620001585,'INFO1447'),(620001585,'BIOC3604'),(620001585,'INFO2860');
INSERT INTO Users VALUES (620001586,'Traci','Gillman','TraciGillman@gmail.com','GillmanTraci');
INSERT INTO Students VALUES (620001586,'UNDERGRAD','01-01-2020');
INSERT INTO Enrolled (u_id,courseCode) VALUES (620001586,'COMP2080'),(620001586,'BIOC1164'),(620001586,'INFO2860');
INSERT INTO Users VALUES (620001587,'Agnes','Figueroa','AgnesFigueroa@gmail.com','FigueroaAgnes');
INSERT INTO Students VALUES (620001587,'UNDERGRAD','01-01-2020');
INSERT INTO Enrolled (u_id,courseCode) VALUES (620001587,'PHYS2117'),(620001587,'INFO1242'),(620001587,'CHEM2697'),(620001587,'CHEM2220'),(620001587,'ECON3372');
INSERT INTO Users VALUES (620001588,'Kathy','Santos','KathySantos@gmail.com','SantosKathy');
INSERT INTO Students VALUES (620001588,'UNDERGRAD','01-01-2020');
INSERT INTO Enrolled (u_id,courseCode) VALUES (620001588,'COMP3746'),(620001588,'PHYS3686'),(620001588,'BIOC2236'),(620001588,'CHEM3747'),(620001588,'BIOC1104'),(620001588,'INFO2950');
INSERT INTO Users VALUES (620001589,'Janice','Morey','JaniceMorey@gmail.com','MoreyJanice');
INSERT INTO Students VALUES (620001589,'UNDERGRAD','01-01-2020');
INSERT INTO Enrolled (u_id,courseCode) VALUES (620001589,'BIOC3721'),(620001589,'CHEM2005'),(620001589,'PHYS3339'),(620001589,'MATH3059');
INSERT INTO Users VALUES (620001590,'Wendell','Heckstall','WendellHeckstall@gmail.com','HeckstallWendell');
INSERT INTO Students VALUES (620001590,'UNDERGRAD','01-01-2020');
INSERT INTO Enrolled (u_id,courseCode) VALUES (620001590,'CHEM2177'),(620001590,'BIOC2236'),(620001590,'CHEM3347');
INSERT INTO Users VALUES (620001591,'Jake','Winner','JakeWinner@gmail.com','WinnerJake');
INSERT INTO Students VALUES (620001591,'UNDERGRAD','01-01-2020');
INSERT INTO Enrolled (u_id,courseCode) VALUES (620001591,'ECON3372'),(620001591,'PHYS3729'),(620001591,'ECON3447');
INSERT INTO Users VALUES (620001592,'Sara','Burney','SaraBurney@gmail.com','BurneySara');
INSERT INTO Students VALUES (620001592,'UNDERGRAD','01-01-2020');
INSERT INTO Enrolled (u_id,courseCode) VALUES (620001592,'INFO1014'),(620001592,'CHEM2220'),(620001592,'INFO1648'),(620001592,'MATH2550');
INSERT INTO Users VALUES (620001593,'Orlando','Cochran','OrlandoCochran@gmail.com','CochranOrlando');
INSERT INTO Students VALUES (620001593,'UNDERGRAD','01-01-2020');
INSERT INTO Enrolled (u_id,courseCode) VALUES (620001593,'PHYS2117'),(620001593,'MATH1309'),(620001593,'INFO2521'),(620001593,'ECON3989'),(620001593,'BIOC2589'),(620001593,'BIOC3341');
INSERT INTO Users VALUES (620001594,'Chris','Dillis','ChrisDillis@gmail.com','DillisChris');
INSERT INTO Students VALUES (620001594,'UNDERGRAD','01-01-2020');
INSERT INTO Enrolled (u_id,courseCode) VALUES (620001594,'MATH1148'),(620001594,'INFO1833'),(620001594,'CHEM2797'),(620001594,'MATH2717'),(620001594,'MATH2873');
INSERT INTO Users VALUES (620001595,'Ladawn','Phinney','LadawnPhinney@gmail.com','PhinneyLadawn');
INSERT INTO Students VALUES (620001595,'UNDERGRAD','01-01-2020');
INSERT INTO Enrolled (u_id,courseCode) VALUES (620001595,'ECON2722'),(620001595,'PHYS1993'),(620001595,'COMP1867'),(620001595,'ECON1458'),(620001595,'INFO2813');
INSERT INTO Users VALUES (620001596,'Roger','Truitt','RogerTruitt@gmail.com','TruittRoger');
INSERT INTO Students VALUES (620001596,'UNDERGRAD','01-01-2020');
INSERT INTO Enrolled (u_id,courseCode) VALUES (620001596,'PHYS3686'),(620001596,'ECON3020'),(620001596,'COMP2361'),(620001596,'INFO2213'),(620001596,'ECON3550');
INSERT INTO Users VALUES (620001597,'Wanda','Shane','WandaShane@gmail.com','ShaneWanda');
INSERT INTO Students VALUES (620001597,'UNDERGRAD','01-01-2020');
INSERT INTO Enrolled (u_id,courseCode) VALUES (620001597,'ECON2345'),(620001597,'INFO2636'),(620001597,'ECON1498');
INSERT INTO Users VALUES (620001598,'Sharon','Valenzuela','SharonValenzuela@gmail.com','ValenzuelaSharon');
INSERT INTO Students VALUES (620001598,'UNDERGRAD','01-01-2020');
INSERT INTO Enrolled (u_id,courseCode) VALUES (620001598,'CHEM1485'),(620001598,'PHYS3052'),(620001598,'COMP3639');
INSERT INTO Users VALUES (620001599,'Shawn','Scales','ShawnScales@gmail.com','ScalesShawn');
INSERT INTO Students VALUES (620001599,'UNDERGRAD','01-01-2020');
INSERT INTO Enrolled (u_id,courseCode) VALUES (620001599,'INFO1825'),(620001599,'CHEM2867'),(620001599,'PHYS2117'),(620001599,'INFO2147');
INSERT INTO Users VALUES (620001600,'Paul','Nerbonne','PaulNerbonne@gmail.com','NerbonnePaul');
INSERT INTO Students VALUES (620001600,'UNDERGRAD','01-01-2020');
INSERT INTO Enrolled (u_id,courseCode) VALUES (620001600,'CHEM1494'),(620001600,'ECON2345'),(620001600,'INFO3419'),(620001600,'PHYS2238'),(620001600,'BIOC3191'),(620001600,'INFO3645');
INSERT INTO Users VALUES (620001601,'Kathy','Sandlin','KathySandlin@gmail.com','SandlinKathy');
INSERT INTO Students VALUES (620001601,'UNDERGRAD','01-01-2020');
INSERT INTO Enrolled (u_id,courseCode) VALUES (620001601,'BIOC2981'),(620001601,'MATH1735'),(620001601,'INFO3419');
INSERT INTO Users VALUES (620001602,'Gilbert','Cash','GilbertCash@gmail.com','CashGilbert');
INSERT INTO Students VALUES (620001602,'UNDERGRAD','01-01-2020');
INSERT INTO Enrolled (u_id,courseCode) VALUES (620001602,'CHEM2481'),(620001602,'COMP2965'),(620001602,'ECON1561'),(620001602,'INFO2716'),(620001602,'BIOC1598');
INSERT INTO Users VALUES (620001603,'Joseph','Lauritsen','JosephLauritsen@gmail.com','LauritsenJoseph');
INSERT INTO Students VALUES (620001603,'UNDERGRAD','01-01-2020');
INSERT INTO Enrolled (u_id,courseCode) VALUES (620001603,'BIOC1104'),(620001603,'COMP1543'),(620001603,'CHEM1613'),(620001603,'COMP3047'),(620001603,'MATH1578'),(620001603,'MATH3209');
INSERT INTO Users VALUES (620001604,'Shannon','Calvert','ShannonCalvert@gmail.com','CalvertShannon');
INSERT INTO Students VALUES (620001604,'UNDERGRAD','01-01-2020');
INSERT INTO Enrolled (u_id,courseCode) VALUES (620001604,'PHYS2977'),(620001604,'INFO2337'),(620001604,'MATH1262'),(620001604,'INFO2636'),(620001604,'ECON1098'),(620001604,'COMP3639');
INSERT INTO Users VALUES (620001605,'Donald','Rios','DonaldRios@gmail.com','RiosDonald');
INSERT INTO Students VALUES (620001605,'UNDERGRAD','01-01-2020');
INSERT INTO Enrolled (u_id,courseCode) VALUES (620001605,'ECON1996'),(620001605,'MATH3029'),(620001605,'COMP3746');
INSERT INTO Users VALUES (620001606,'Roger','Blackwell','RogerBlackwell@gmail.com','BlackwellRoger');
INSERT INTO Students VALUES (620001606,'UNDERGRAD','01-01-2020');
INSERT INTO Enrolled (u_id,courseCode) VALUES (620001606,'PHYS3686'),(620001606,'PHYS1399'),(620001606,'INFO1990'),(620001606,'INFO1242'),(620001606,'ECON1170'),(620001606,'MATH3222');
INSERT INTO Users VALUES (620001607,'Danielle','Christinsen','DanielleChristinsen@gmail.com','ChristinsenDanielle');
INSERT INTO Students VALUES (620001607,'UNDERGRAD','01-01-2020');
INSERT INTO Enrolled (u_id,courseCode) VALUES (620001607,'BIOC1052'),(620001607,'COMP2651'),(620001607,'PHYS2338'),(620001607,'BIOC1744'),(620001607,'COMP3685'),(620001607,'INFO1990');
INSERT INTO Users VALUES (620001608,'Stephen','Blackwell','StephenBlackwell@gmail.com','BlackwellStephen');
INSERT INTO Students VALUES (620001608,'UNDERGRAD','01-01-2020');
INSERT INTO Enrolled (u_id,courseCode) VALUES (620001608,'INFO2147'),(620001608,'BIOC3457'),(620001608,'INFO1990'),(620001608,'CHEM2697'),(620001608,'ECON3281');
INSERT INTO Users VALUES (620001609,'Wilbur','Garcia','WilburGarcia@gmail.com','GarciaWilbur');
INSERT INTO Students VALUES (620001609,'UNDERGRAD','01-01-2020');
INSERT INTO Enrolled (u_id,courseCode) VALUES (620001609,'BIOC1910'),(620001609,'PHYS2238'),(620001609,'PHYS2451');
INSERT INTO Users VALUES (620001610,'Shirley','Figueroa','ShirleyFigueroa@gmail.com','FigueroaShirley');
INSERT INTO Students VALUES (620001610,'UNDERGRAD','01-01-2020');
INSERT INTO Enrolled (u_id,courseCode) VALUES (620001610,'MATH3222'),(620001610,'ECON3523'),(620001610,'ECON3550'),(620001610,'BIOC1052'),(620001610,'INFO3636');
INSERT INTO Users VALUES (620001611,'Nathan','Jesse','NathanJesse@gmail.com','JesseNathan');
INSERT INTO Students VALUES (620001611,'UNDERGRAD','01-01-2020');
INSERT INTO Enrolled (u_id,courseCode) VALUES (620001611,'ECON3311'),(620001611,'CHEM2626'),(620001611,'INFO2213'),(620001611,'COMP3047'),(620001611,'ECON1561');
INSERT INTO Users VALUES (620001612,'John','Barron','JohnBarron@gmail.com','BarronJohn');
INSERT INTO Students VALUES (620001612,'UNDERGRAD','01-01-2020');
INSERT INTO Enrolled (u_id,courseCode) VALUES (620001612,'COMP3173'),(620001612,'PHYS1930'),(620001612,'ECON1645'),(620001612,'COMP1867'),(620001612,'COMP3238'),(620001612,'INFO2521');
INSERT INTO Users VALUES (620001613,'Sam','Ekberg','SamEkberg@gmail.com','EkbergSam');
INSERT INTO Students VALUES (620001613,'UNDERGRAD','01-01-2020');
INSERT INTO Enrolled (u_id,courseCode) VALUES (620001613,'COMP3685'),(620001613,'ECON1170'),(620001613,'MATH2188'),(620001613,'BIOC3191'),(620001613,'INFO1288');
INSERT INTO Users VALUES (620001614,'Douglas','King','DouglasKing@gmail.com','KingDouglas');
INSERT INTO Students VALUES (620001614,'UNDERGRAD','01-01-2020');
INSERT INTO Enrolled (u_id,courseCode) VALUES (620001614,'MATH2501'),(620001614,'COMP3849'),(620001614,'PHYS2229');
INSERT INTO Users VALUES (620001615,'Peter','Starks','PeterStarks@gmail.com','StarksPeter');
INSERT INTO Students VALUES (620001615,'UNDERGRAD','01-01-2020');
INSERT INTO Enrolled (u_id,courseCode) VALUES (620001615,'ECON3737'),(620001615,'MATH3613'),(620001615,'PHYS3686'),(620001615,'BIOC1534'),(620001615,'COMP3685'),(620001615,'MATH1735');
INSERT INTO Users VALUES (620001616,'Clyde','Dumas','ClydeDumas@gmail.com','DumasClyde');
INSERT INTO Students VALUES (620001616,'UNDERGRAD','01-01-2020');
INSERT INTO Enrolled (u_id,courseCode) VALUES (620001616,'MATH3844'),(620001616,'ECON2722'),(620001616,'MATH2957'),(620001616,'BIOC1598'),(620001616,'PHYS2667'),(620001616,'CHEM2446');
INSERT INTO Users VALUES (620001617,'Casey','Blevins','CaseyBlevins@gmail.com','BlevinsCasey');
INSERT INTO Students VALUES (620001617,'UNDERGRAD','01-01-2020');
INSERT INTO Enrolled (u_id,courseCode) VALUES (620001617,'COMP2077'),(620001617,'CHEM2481'),(620001617,'ECON3737'),(620001617,'INFO3603'),(620001617,'CHEM3793'),(620001617,'PHYS2451');
INSERT INTO Users VALUES (620001618,'Glenda','Pedersen','GlendaPedersen@gmail.com','PedersenGlenda');
INSERT INTO Students VALUES (620001618,'UNDERGRAD','01-01-2020');
INSERT INTO Enrolled (u_id,courseCode) VALUES (620001618,'CHEM2867'),(620001618,'BIOC1104'),(620001618,'INFO1447'),(620001618,'ECON3063');
INSERT INTO Users VALUES (620001619,'Grace','Lundholm','GraceLundholm@gmail.com','LundholmGrace');
INSERT INTO Students VALUES (620001619,'UNDERGRAD','01-01-2020');
INSERT INTO Enrolled (u_id,courseCode) VALUES (620001619,'MATH3029'),(620001619,'BIOC2671'),(620001619,'PHYS3876');
INSERT INTO Users VALUES (620001620,'Clarence','Howe','ClarenceHowe@gmail.com','HoweClarence');
INSERT INTO Students VALUES (620001620,'UNDERGRAD','01-01-2020');
INSERT INTO Enrolled (u_id,courseCode) VALUES (620001620,'PHYS3787'),(620001620,'COMP1051'),(620001620,'COMP2965'),(620001620,'MATH3688'),(620001620,'CHEM2446'),(620001620,'BIOC2671');
INSERT INTO Users VALUES (620001621,'Patricia','Moore','PatriciaMoore@gmail.com','MoorePatricia');
INSERT INTO Students VALUES (620001621,'UNDERGRAD','01-01-2020');
INSERT INTO Enrolled (u_id,courseCode) VALUES (620001621,'COMP2080'),(620001621,'PHYS3659'),(620001621,'CHEM1807');
INSERT INTO Users VALUES (620001622,'Tia','Mertens','TiaMertens@gmail.com','MertensTia');
INSERT INTO Students VALUES (620001622,'UNDERGRAD','01-01-2020');
INSERT INTO Enrolled (u_id,courseCode) VALUES (620001622,'PHYS2667'),(620001622,'CHEM3614'),(620001622,'MATH2188'),(620001622,'BIOC1866');
INSERT INTO Users VALUES (620001623,'Toby','Mertens','TobyMertens@gmail.com','MertensToby');
INSERT INTO Students VALUES (620001623,'UNDERGRAD','01-01-2020');
INSERT INTO Enrolled (u_id,courseCode) VALUES (620001623,'INFO3645'),(620001623,'COMP3506'),(620001623,'CHEM2149');
INSERT INTO Users VALUES (620001624,'Ashley','Scales','AshleyScales@gmail.com','ScalesAshley');
INSERT INTO Students VALUES (620001624,'UNDERGRAD','01-01-2020');
INSERT INTO Enrolled (u_id,courseCode) VALUES (620001624,'COMP2361'),(620001624,'COMP2400'),(620001624,'PHYS2563'),(620001624,'ECON3281'),(620001624,'INFO1825'),(620001624,'COMP3418');
INSERT INTO Users VALUES (620001625,'Gabriel','Carrillo','GabrielCarrillo@gmail.com','CarrilloGabriel');
INSERT INTO Students VALUES (620001625,'UNDERGRAD','01-01-2020');
INSERT INTO Enrolled (u_id,courseCode) VALUES (620001625,'INFO3419'),(620001625,'BIOC2983'),(620001625,'MATH2873'),(620001625,'COMP1184');
INSERT INTO Users VALUES (620001626,'Gloria','Dumas','GloriaDumas@gmail.com','DumasGloria');
INSERT INTO Students VALUES (620001626,'UNDERGRAD','01-01-2020');
INSERT INTO Enrolled (u_id,courseCode) VALUES (620001626,'PHYS2563'),(620001626,'PHYS2306'),(620001626,'PHYS3729'),(620001626,'COMP3536'),(620001626,'MATH2067'),(620001626,'MATH3179');
INSERT INTO Users VALUES (620001627,'Delia','Griffin','DeliaGriffin@gmail.com','GriffinDelia');
INSERT INTO Students VALUES (620001627,'UNDERGRAD','01-01-2020');
INSERT INTO Enrolled (u_id,courseCode) VALUES (620001627,'MATH2188'),(620001627,'ECON1170'),(620001627,'CHEM3327'),(620001627,'PHYS3464'),(620001627,'PHYS1399'),(620001627,'ECON1498');
INSERT INTO Users VALUES (620001628,'Shawn','Lowrey','ShawnLowrey@gmail.com','LowreyShawn');
INSERT INTO Students VALUES (620001628,'UNDERGRAD','01-01-2020');
INSERT INTO Enrolled (u_id,courseCode) VALUES (620001628,'ECON3276'),(620001628,'BIOC1598'),(620001628,'CHEM2697');
INSERT INTO Users VALUES (620001629,'Jake','Wolfe','JakeWolfe@gmail.com','WolfeJake');
INSERT INTO Students VALUES (620001629,'UNDERGRAD','01-01-2020');
INSERT INTO Enrolled (u_id,courseCode) VALUES (620001629,'COMP3506'),(620001629,'INFO2559'),(620001629,'MATH1735'),(620001629,'MATH2957'),(620001629,'COMP2541');
INSERT INTO Users VALUES (620001630,'Geraldine','Knaub','GeraldineKnaub@gmail.com','KnaubGeraldine');
INSERT INTO Students VALUES (620001630,'UNDERGRAD','01-01-2020');
INSERT INTO Enrolled (u_id,courseCode) VALUES (620001630,'PHYS2229'),(620001630,'COMP3536'),(620001630,'MATH1250'),(620001630,'CHEM2867'),(620001630,'ECON3063');
INSERT INTO Users VALUES (620001631,'Shawn','Aybar','ShawnAybar@gmail.com','AybarShawn');
INSERT INTO Students VALUES (620001631,'UNDERGRAD','01-01-2020');
INSERT INTO Enrolled (u_id,courseCode) VALUES (620001631,'ECON2345'),(620001631,'CHEM2797'),(620001631,'COMP1184');
INSERT INTO Users VALUES (620001632,'Marie','Lockwood','MarieLockwood@gmail.com','LockwoodMarie');
INSERT INTO Students VALUES (620001632,'UNDERGRAD','01-01-2020');
INSERT INTO Enrolled (u_id,courseCode) VALUES (620001632,'INFO2811'),(620001632,'COMP3238'),(620001632,'BIOC2981'),(620001632,'ECON3063'),(620001632,'BIOC1598'),(620001632,'MATH3209');
INSERT INTO Users VALUES (620001633,'Dale','Crites','DaleCrites@gmail.com','CritesDale');
INSERT INTO Students VALUES (620001633,'UNDERGRAD','01-01-2020');
INSERT INTO Enrolled (u_id,courseCode) VALUES (620001633,'MATH1309'),(620001633,'INFO3636'),(620001633,'MATH1454'),(620001633,'ECON1230'),(620001633,'CHEM2149'),(620001633,'PHYS3354');
INSERT INTO Users VALUES (620001634,'Homer','Chatcho','HomerChatcho@gmail.com','ChatchoHomer');
INSERT INTO Students VALUES (620001634,'UNDERGRAD','01-01-2020');
INSERT INTO Enrolled (u_id,courseCode) VALUES (620001634,'MATH1250'),(620001634,'PHYS1173'),(620001634,'COMP3536'),(620001634,'COMP3639');
INSERT INTO Users VALUES (620001635,'Bryon','Carrillo','BryonCarrillo@gmail.com','CarrilloBryon');
INSERT INTO Students VALUES (620001635,'UNDERGRAD','01-01-2020');
INSERT INTO Enrolled (u_id,courseCode) VALUES (620001635,'MATH1578'),(620001635,'CHEM3614'),(620001635,'CHEM3617'),(620001635,'PHYS2338'),(620001635,'MATH3029'),(620001635,'ECON1783');
INSERT INTO Users VALUES (620001636,'Gloria','Daniels','GloriaDaniels@gmail.com','DanielsGloria');
INSERT INTO Students VALUES (620001636,'UNDERGRAD','01-01-2020');
INSERT INTO Enrolled (u_id,courseCode) VALUES (620001636,'COMP3238'),(620001636,'CHEM2177'),(620001636,'BIOC1744'),(620001636,'MATH2957'),(620001636,'CHEM3347'),(620001636,'INFO2860');
INSERT INTO Users VALUES (620001637,'Stephen','Sharp','StephenSharp@gmail.com','SharpStephen');
INSERT INTO Students VALUES (620001637,'UNDERGRAD','01-01-2020');
INSERT INTO Enrolled (u_id,courseCode) VALUES (620001637,'CHEM1494'),(620001637,'MATH2957'),(620001637,'INFO3603'),(620001637,'BIOC2589'),(620001637,'INFO1288'),(620001637,'CHEM2867');
INSERT INTO Users VALUES (620001638,'Madaline','Vario','MadalineVario@gmail.com','VarioMadaline');
INSERT INTO Students VALUES (620001638,'UNDERGRAD','01-01-2020');
INSERT INTO Enrolled (u_id,courseCode) VALUES (620001638,'INFO3645'),(620001638,'ECON3004'),(620001638,'INFO2860'),(620001638,'ECON3523'),(620001638,'ECON1645');
INSERT INTO Users VALUES (620001639,'Dennis','Hunt','DennisHunt@gmail.com','HuntDennis');
INSERT INTO Students VALUES (620001639,'UNDERGRAD','01-01-2020');
INSERT INTO Enrolled (u_id,courseCode) VALUES (620001639,'ECON1645'),(620001639,'MATH3173'),(620001639,'PHYS3290');
INSERT INTO Users VALUES (620001640,'Gina','Wilbanks','GinaWilbanks@gmail.com','WilbanksGina');
INSERT INTO Students VALUES (620001640,'UNDERGRAD','01-01-2020');
INSERT INTO Enrolled (u_id,courseCode) VALUES (620001640,'MATH3688'),(620001640,'PHYS3787'),(620001640,'INFO1990');
INSERT INTO Users VALUES (620001641,'Ashley','Moldrem','AshleyMoldrem@gmail.com','MoldremAshley');
INSERT INTO Students VALUES (620001641,'UNDERGRAD','01-01-2020');
INSERT INTO Enrolled (u_id,courseCode) VALUES (620001641,'INFO2521'),(620001641,'PHYS1979'),(620001641,'PHYS1993');
INSERT INTO Users VALUES (620001642,'Beverly','Laudat','BeverlyLaudat@gmail.com','LaudatBeverly');
INSERT INTO Students VALUES (620001642,'UNDERGRAD','01-01-2020');
INSERT INTO Enrolled (u_id,courseCode) VALUES (620001642,'ECON1589'),(620001642,'COMP1184'),(620001642,'ECON3085'),(620001642,'CHEM3614'),(620001642,'ECON3020');
INSERT INTO Users VALUES (620001643,'Shayne','Nighman','ShayneNighman@gmail.com','NighmanShayne');
INSERT INTO Students VALUES (620001643,'UNDERGRAD','01-01-2020');
INSERT INTO Enrolled (u_id,courseCode) VALUES (620001643,'COMP3639'),(620001643,'ECON3085'),(620001643,'BIOC2983'),(620001643,'MATH2188');
INSERT INTO Users VALUES (620001644,'Wanda','Klein','WandaKlein@gmail.com','KleinWanda');
INSERT INTO Students VALUES (620001644,'UNDERGRAD','01-01-2020');
INSERT INTO Enrolled (u_id,courseCode) VALUES (620001644,'MATH3222'),(620001644,'ECON1170'),(620001644,'MATH2188'),(620001644,'INFO2716'),(620001644,'COMP3173'),(620001644,'INFO3868');
INSERT INTO Users VALUES (620001645,'Cherise','Mitchell','CheriseMitchell@gmail.com','MitchellCherise');
INSERT INTO Students VALUES (620001645,'UNDERGRAD','01-01-2020');
INSERT INTO Enrolled (u_id,courseCode) VALUES (620001645,'COMP3167'),(620001645,'COMP3238'),(620001645,'BIOC1534'),(620001645,'COMP2077'),(620001645,'CHEM2697'),(620001645,'BIOC3191');
INSERT INTO Users VALUES (620001646,'Cheryl','Mejias','CherylMejias@gmail.com','MejiasCheryl');
INSERT INTO Students VALUES (620001646,'UNDERGRAD','01-01-2020');
INSERT INTO Enrolled (u_id,courseCode) VALUES (620001646,'ECON3020'),(620001646,'ECON3004'),(620001646,'BIOC1794'),(620001646,'CHEM2149'),(620001646,'BIOC2589'),(620001646,'CHEM3054');
INSERT INTO Users VALUES (620001647,'Young','Bower','YoungBower@gmail.com','BowerYoung');
INSERT INTO Students VALUES (620001647,'UNDERGRAD','01-01-2020');
INSERT INTO Enrolled (u_id,courseCode) VALUES (620001647,'INFO2559'),(620001647,'BIOC1439'),(620001647,'INFO1833');
INSERT INTO Users VALUES (620001648,'Jeffrey','Dohse','JeffreyDohse@gmail.com','DohseJeffrey');
INSERT INTO Students VALUES (620001648,'UNDERGRAD','01-01-2020');
INSERT INTO Enrolled (u_id,courseCode) VALUES (620001648,'PHYS2229'),(620001648,'PHYS1173'),(620001648,'ECON3281'),(620001648,'ECON3550'),(620001648,'MATH3857'),(620001648,'CHEM2031');
INSERT INTO Users VALUES (620001649,'Jeanna','Gillis','JeannaGillis@gmail.com','GillisJeanna');
INSERT INTO Students VALUES (620001649,'UNDERGRAD','01-01-2020');
INSERT INTO Enrolled (u_id,courseCode) VALUES (620001649,'MATH3544'),(620001649,'BIOC2550'),(620001649,'ECON3989');
INSERT INTO Users VALUES (620001650,'Janice','Thomas','JaniceThomas@gmail.com','ThomasJanice');
INSERT INTO Students VALUES (620001650,'UNDERGRAD','01-01-2020');
INSERT INTO Enrolled (u_id,courseCode) VALUES (620001650,'CHEM3054'),(620001650,'COMP3849'),(620001650,'PHYS3787'),(620001650,'BIOC1794');
INSERT INTO Users VALUES (620001651,'Derek','Oconnell','DerekOconnell@gmail.com','OconnellDerek');
INSERT INTO Students VALUES (620001651,'UNDERGRAD','01-01-2020');
INSERT INTO Enrolled (u_id,courseCode) VALUES (620001651,'INFO3636'),(620001651,'BIOC3191'),(620001651,'BIOC1986'),(620001651,'BIOC3457'),(620001651,'PHYS3876'),(620001651,'ECON3281');
INSERT INTO Users VALUES (620001652,'Katie','Nelson','KatieNelson@gmail.com','NelsonKatie');
INSERT INTO Students VALUES (620001652,'UNDERGRAD','01-01-2020');
INSERT INTO Enrolled (u_id,courseCode) VALUES (620001652,'CHEM2481'),(620001652,'ECON1783'),(620001652,'BIOC1866'),(620001652,'INFO3419'),(620001652,'COMP3173');
INSERT INTO Users VALUES (620001653,'Ethel','Best','EthelBest@gmail.com','BestEthel');
INSERT INTO Students VALUES (620001653,'UNDERGRAD','01-01-2020');
INSERT INTO Enrolled (u_id,courseCode) VALUES (620001653,'ECON2722'),(620001653,'MATH1148'),(620001653,'COMP3697'),(620001653,'PHYS3876');
INSERT INTO Users VALUES (620001654,'Helen','Hodge','HelenHodge@gmail.com','HodgeHelen');
INSERT INTO Students VALUES (620001654,'UNDERGRAD','01-01-2020');
INSERT INTO Enrolled (u_id,courseCode) VALUES (620001654,'INFO2813'),(620001654,'ECON1170'),(620001654,'ECON1012');
INSERT INTO Users VALUES (620001655,'Joseph','Joaquin','JosephJoaquin@gmail.com','JoaquinJoseph');
INSERT INTO Students VALUES (620001655,'UNDERGRAD','01-01-2020');
INSERT INTO Enrolled (u_id,courseCode) VALUES (620001655,'ECON3372'),(620001655,'MATH3844'),(620001655,'ECON1783'),(620001655,'MATH3544');
INSERT INTO Users VALUES (620001656,'Bryon','Evans','BryonEvans@gmail.com','EvansBryon');
INSERT INTO Students VALUES (620001656,'UNDERGRAD','01-01-2020');
INSERT INTO Enrolled (u_id,courseCode) VALUES (620001656,'PHYS1173'),(620001656,'ECON1561'),(620001656,'COMP3536'),(620001656,'BIOC3191');
INSERT INTO Users VALUES (620001657,'Dean','Laramee','DeanLaramee@gmail.com','LarameeDean');
INSERT INTO Students VALUES (620001657,'UNDERGRAD','01-01-2020');
INSERT INTO Enrolled (u_id,courseCode) VALUES (620001657,'INFO2521'),(620001657,'MATH1148'),(620001657,'PHYS1399');
INSERT INTO Users VALUES (620001658,'Mason','Swan','MasonSwan@gmail.com','SwanMason');
INSERT INTO Students VALUES (620001658,'UNDERGRAD','01-01-2020');
INSERT INTO Enrolled (u_id,courseCode) VALUES (620001658,'INFO2716'),(620001658,'MATH2873'),(620001658,'COMP3173'),(620001658,'MATH3844'),(620001658,'BIOC3341'),(620001658,'INFO3868');
INSERT INTO Users VALUES (620001659,'Melodie','Lyford','MelodieLyford@gmail.com','LyfordMelodie');
INSERT INTO Students VALUES (620001659,'UNDERGRAD','01-01-2020');
INSERT INTO Enrolled (u_id,courseCode) VALUES (620001659,'MATH3844'),(620001659,'CHEM2177'),(620001659,'CHEM3888'),(620001659,'INFO1648'),(620001659,'INFO2559');
INSERT INTO Users VALUES (620001660,'Deborah','Dohse','DeborahDohse@gmail.com','DohseDeborah');
INSERT INTO Students VALUES (620001660,'UNDERGRAD','01-01-2020');
INSERT INTO Enrolled (u_id,courseCode) VALUES (620001660,'INFO2950'),(620001660,'MATH2188'),(620001660,'CHEM2867');
INSERT INTO Users VALUES (620001661,'Kenneth','Parker','KennethParker@gmail.com','ParkerKenneth');
INSERT INTO Students VALUES (620001661,'UNDERGRAD','01-01-2020');
INSERT INTO Enrolled (u_id,courseCode) VALUES (620001661,'BIOC2054'),(620001661,'PHYS3686'),(620001661,'MATH2801'),(620001661,'BIOC2981'),(620001661,'CHEM2149');
INSERT INTO Users VALUES (620001662,'Antionette','Guidry','AntionetteGuidry@gmail.com','GuidryAntionette');
INSERT INTO Students VALUES (620001662,'UNDERGRAD','01-01-2020');
INSERT INTO Enrolled (u_id,courseCode) VALUES (620001662,'MATH1250'),(620001662,'CHEM2867'),(620001662,'MATH1638'),(620001662,'ECON3020');
INSERT INTO Users VALUES (620001663,'Helen','Heckstall','HelenHeckstall@gmail.com','HeckstallHelen');
INSERT INTO Students VALUES (620001663,'UNDERGRAD','01-01-2020');
INSERT INTO Enrolled (u_id,courseCode) VALUES (620001663,'CHEM3747'),(620001663,'MATH3029'),(620001663,'MATH2555');
INSERT INTO Users VALUES (620001664,'Walter','Comley','WalterComley@gmail.com','ComleyWalter');
INSERT INTO Students VALUES (620001664,'UNDERGRAD','01-01-2020');
INSERT INTO Enrolled (u_id,courseCode) VALUES (620001664,'PHYS2563'),(620001664,'CHEM2031'),(620001664,'COMP3849'),(620001664,'COMP2717');
INSERT INTO Users VALUES (620001665,'David','Myrick','DavidMyrick@gmail.com','MyrickDavid');
INSERT INTO Students VALUES (620001665,'UNDERGRAD','01-01-2020');
INSERT INTO Enrolled (u_id,courseCode) VALUES (620001665,'BIOC3341'),(620001665,'CHEM2604'),(620001665,'COMP1460'),(620001665,'COMP2080'),(620001665,'CHEM3614');
INSERT INTO Users VALUES (620001666,'Ruby','Jeanbaptiste','RubyJeanbaptiste@gmail.com','JeanbaptisteRuby');
INSERT INTO Students VALUES (620001666,'UNDERGRAD','01-01-2020');
INSERT INTO Enrolled (u_id,courseCode) VALUES (620001666,'PHYS2238'),(620001666,'BIOC1986'),(620001666,'COMP2400');
INSERT INTO Users VALUES (620001667,'Cliff','Kimbrell','CliffKimbrell@gmail.com','KimbrellCliff');
INSERT INTO Students VALUES (620001667,'UNDERGRAD','01-01-2020');
INSERT INTO Enrolled (u_id,courseCode) VALUES (620001667,'INFO2950'),(620001667,'MATH1250'),(620001667,'COMP3047');
INSERT INTO Users VALUES (620001668,'Tia','Atkins','TiaAtkins@gmail.com','AtkinsTia');
INSERT INTO Students VALUES (620001668,'UNDERGRAD','01-01-2020');
INSERT INTO Enrolled (u_id,courseCode) VALUES (620001668,'COMP2541'),(620001668,'MATH2873'),(620001668,'COMP3047'),(620001668,'ECON3020'),(620001668,'PHYS2306'),(620001668,'PHYS2977');
INSERT INTO Users VALUES (620001669,'Mark','Monte','MarkMonte@gmail.com','MonteMark');
INSERT INTO Students VALUES (620001669,'UNDERGRAD','01-01-2020');
INSERT INTO Enrolled (u_id,courseCode) VALUES (620001669,'MATH1262'),(620001669,'BIOC1439'),(620001669,'COMP1184'),(620001669,'INFO3868'),(620001669,'BIOC1104');
INSERT INTO Users VALUES (620001670,'Larry','Casteel','LarryCasteel@gmail.com','CasteelLarry');
INSERT INTO Students VALUES (620001670,'UNDERGRAD','01-01-2020');
INSERT INTO Enrolled (u_id,courseCode) VALUES (620001670,'PHYS2451'),(620001670,'BIOC1744'),(620001670,'COMP2651'),(620001670,'INFO3419'),(620001670,'PHYS2667');
INSERT INTO Users VALUES (620001671,'Cristina','Avery','CristinaAvery@gmail.com','AveryCristina');
INSERT INTO Students VALUES (620001671,'UNDERGRAD','01-01-2020');
INSERT INTO Enrolled (u_id,courseCode) VALUES (620001671,'CHEM3617'),(620001671,'PHYS1140'),(620001671,'PHYS1173'),(620001671,'CHEM2066'),(620001671,'INFO1242'),(620001671,'BIOC3191');
INSERT INTO Users VALUES (620001672,'Randall','Thomas','RandallThomas@gmail.com','ThomasRandall');
INSERT INTO Students VALUES (620001672,'UNDERGRAD','01-01-2020');
INSERT INTO Enrolled (u_id,courseCode) VALUES (620001672,'PHYS3659'),(620001672,'INFO1825'),(620001672,'COMP1543'),(620001672,'PHYS1173'),(620001672,'PHYS3686'),(620001672,'INFO2860');
INSERT INTO Users VALUES (620001673,'Jeffrey','Pelletier','JeffreyPelletier@gmail.com','PelletierJeffrey');
INSERT INTO Students VALUES (620001673,'UNDERGRAD','01-01-2020');
INSERT INTO Enrolled (u_id,courseCode) VALUES (620001673,'ECON2814'),(620001673,'INFO1447'),(620001673,'INFO1288'),(620001673,'MATH1250'),(620001673,'BIOC2983');
INSERT INTO Users VALUES (620001674,'Dale','Carrillo','DaleCarrillo@gmail.com','CarrilloDale');
INSERT INTO Students VALUES (620001674,'UNDERGRAD','01-01-2020');
INSERT INTO Enrolled (u_id,courseCode) VALUES (620001674,'BIOC2983'),(620001674,'ECON2345'),(620001674,'PHYS2448');
INSERT INTO Users VALUES (620001675,'Cliff','Sullivan','CliffSullivan@gmail.com','SullivanCliff');
INSERT INTO Students VALUES (620001675,'UNDERGRAD','01-01-2020');
INSERT INTO Enrolled (u_id,courseCode) VALUES (620001675,'ECON1458'),(620001675,'MATH1578'),(620001675,'PHYS2338'),(620001675,'MATH1648'),(620001675,'INFO1145'),(620001675,'COMP3746');
INSERT INTO Users VALUES (620001676,'Guillermo','Givens','GuillermoGivens@gmail.com','GivensGuillermo');
INSERT INTO Students VALUES (620001676,'UNDERGRAD','01-01-2020');
INSERT INTO Enrolled (u_id,courseCode) VALUES (620001676,'CHEM1340'),(620001676,'BIOC3604'),(620001676,'MATH3029'),(620001676,'CHEM3347');
INSERT INTO Users VALUES (620001677,'Nina','Mitchell','NinaMitchell@gmail.com','MitchellNina');
INSERT INTO Students VALUES (620001677,'UNDERGRAD','01-01-2020');
INSERT INTO Enrolled (u_id,courseCode) VALUES (620001677,'MATH3844'),(620001677,'PHYS1399'),(620001677,'PHYS2117'),(620001677,'COMP3047'),(620001677,'MATH1648');
INSERT INTO Users VALUES (620001678,'Marjorie','Cardona','MarjorieCardona@gmail.com','CardonaMarjorie');
INSERT INTO Students VALUES (620001678,'UNDERGRAD','01-01-2020');
INSERT INTO Enrolled (u_id,courseCode) VALUES (620001678,'MATH3179'),(620001678,'ECON3372'),(620001678,'CHEM1485'),(620001678,'INFO2147'),(620001678,'COMP2077'),(620001678,'MATH1648');
INSERT INTO Users VALUES (620001679,'Bernard','Starks','BernardStarks@gmail.com','StarksBernard');
INSERT INTO Students VALUES (620001679,'UNDERGRAD','01-01-2020');
INSERT INTO Enrolled (u_id,courseCode) VALUES (620001679,'ECON3989'),(620001679,'CHEM2727'),(620001679,'PHYS1173'),(620001679,'CHEM2626'),(620001679,'CHEM1340'),(620001679,'CHEM2220');
INSERT INTO Users VALUES (620001680,'Iris','Burch','IrisBurch@gmail.com','BurchIris');
INSERT INTO Students VALUES (620001680,'UNDERGRAD','01-01-2020');
INSERT INTO Enrolled (u_id,courseCode) VALUES (620001680,'MATH2550'),(620001680,'INFO3419'),(620001680,'BIOC2589');
INSERT INTO Users VALUES (620001681,'Katherine','Knaub','KatherineKnaub@gmail.com','KnaubKatherine');
INSERT INTO Students VALUES (620001681,'UNDERGRAD','01-01-2020');
INSERT INTO Enrolled (u_id,courseCode) VALUES (620001681,'COMP2965'),(620001681,'INFO3645'),(620001681,'CHEM2727'),(620001681,'COMP3536');
INSERT INTO Users VALUES (620001682,'Donald','Richardson','DonaldRichardson@gmail.com','RichardsonDonald');
INSERT INTO Students VALUES (620001682,'UNDERGRAD','01-01-2020');
INSERT INTO Enrolled (u_id,courseCode) VALUES (620001682,'COMP1460'),(620001682,'PHYS2563'),(620001682,'BIOC2981'),(620001682,'BIOC3191');
INSERT INTO Users VALUES (620001683,'Betty','Griffin','BettyGriffin@gmail.com','GriffinBetty');
INSERT INTO Students VALUES (620001683,'UNDERGRAD','01-01-2020');
INSERT INTO Enrolled (u_id,courseCode) VALUES (620001683,'PHYS3787'),(620001683,'CHEM1807'),(620001683,'PHYS1173');
INSERT INTO Users VALUES (620001684,'Nina','Gilman','NinaGilman@gmail.com','GilmanNina');
INSERT INTO Students VALUES (620001684,'UNDERGRAD','01-01-2020');
INSERT INTO Enrolled (u_id,courseCode) VALUES (620001684,'INFO1648'),(620001684,'COMP3849'),(620001684,'CHEM3347'),(620001684,'ECON1012'),(620001684,'ECON2722');
INSERT INTO Users VALUES (620001685,'Helen','Laudat','HelenLaudat@gmail.com','LaudatHelen');
INSERT INTO Students VALUES (620001685,'UNDERGRAD','01-01-2020');
INSERT INTO Enrolled (u_id,courseCode) VALUES (620001685,'BIOC1910'),(620001685,'INFO2147'),(620001685,'CHEM2727'),(620001685,'MATH3613');
INSERT INTO Users VALUES (620001686,'Agnes','Aybar','AgnesAybar@gmail.com','AybarAgnes');
INSERT INTO Students VALUES (620001686,'UNDERGRAD','01-01-2020');
INSERT INTO Enrolled (u_id,courseCode) VALUES (620001686,'BIOC1485'),(620001686,'ECON1170'),(620001686,'MATH1648'),(620001686,'CHEM3888'),(620001686,'ECON3085');
INSERT INTO Users VALUES (620001687,'Randall','Turkus','RandallTurkus@gmail.com','TurkusRandall');
INSERT INTO Students VALUES (620001687,'UNDERGRAD','01-01-2020');
INSERT INTO Enrolled (u_id,courseCode) VALUES (620001687,'INFO2716'),(620001687,'INFO2811'),(620001687,'MATH3029');
INSERT INTO Users VALUES (620001688,'Mildred','Wesley','MildredWesley@gmail.com','WesleyMildred');
INSERT INTO Students VALUES (620001688,'UNDERGRAD','01-01-2020');
INSERT INTO Enrolled (u_id,courseCode) VALUES (620001688,'CHEM1494'),(620001688,'INFO1833'),(620001688,'PHYS1173'),(620001688,'MATH3059'),(620001688,'PHYS2338'),(620001688,'INFO1990');
INSERT INTO Users VALUES (620001689,'Neal','Stallings','NealStallings@gmail.com','StallingsNeal');
INSERT INTO Students VALUES (620001689,'UNDERGRAD','01-01-2020');
INSERT INTO Enrolled (u_id,courseCode) VALUES (620001689,'MATH3222'),(620001689,'MATH2067'),(620001689,'CHEM3793'),(620001689,'ECON2703'),(620001689,'CHEM2626');
INSERT INTO Users VALUES (620001690,'Nina','Robinson','NinaRobinson@gmail.com','RobinsonNina');
INSERT INTO Students VALUES (620001690,'UNDERGRAD','01-01-2020');
INSERT INTO Enrolled (u_id,courseCode) VALUES (620001690,'CHEM2481'),(620001690,'MATH1250'),(620001690,'ECON1589'),(620001690,'CHEM2220'),(620001690,'PHYS3729');
INSERT INTO Users VALUES (620001691,'Christopher','Nunn','ChristopherNunn@gmail.com','NunnChristopher');
INSERT INTO Students VALUES (620001691,'UNDERGRAD','01-01-2020');
INSERT INTO Enrolled (u_id,courseCode) VALUES (620001691,'BIOC1534'),(620001691,'PHYS3686'),(620001691,'INFO1990'),(620001691,'ECON3281');
INSERT INTO Users VALUES (620001692,'Andrew','Aybar','AndrewAybar@gmail.com','AybarAndrew');
INSERT INTO Students VALUES (620001692,'UNDERGRAD','01-01-2020');
INSERT INTO Enrolled (u_id,courseCode) VALUES (620001692,'MATH1309'),(620001692,'COMP1051'),(620001692,'BIOC3341'),(620001692,'INFO3935'),(620001692,'BIOC1104'),(620001692,'BIOC1794');
INSERT INTO Users VALUES (620001693,'Elwood','Mertens','ElwoodMertens@gmail.com','MertensElwood');
INSERT INTO Students VALUES (620001693,'UNDERGRAD','01-01-2020');
INSERT INTO Enrolled (u_id,courseCode) VALUES (620001693,'COMP3167'),(620001693,'CHEM1807'),(620001693,'BIOC3457'),(620001693,'CHEM1340'),(620001693,'CHEM2005');
INSERT INTO Users VALUES (620001694,'Daniel','Ryan','DanielRyan@gmail.com','RyanDaniel');
INSERT INTO Students VALUES (620001694,'UNDERGRAD','01-01-2020');
INSERT INTO Enrolled (u_id,courseCode) VALUES (620001694,'INFO1447'),(620001694,'PHYS2113'),(620001694,'PHYS2977'),(620001694,'ECON1098'),(620001694,'PHYS2229');
INSERT INTO Users VALUES (620001695,'Steven','Rice','StevenRice@gmail.com','RiceSteven');
INSERT INTO Students VALUES (620001695,'UNDERGRAD','01-01-2020');
INSERT INTO Enrolled (u_id,courseCode) VALUES (620001695,'ECON2387'),(620001695,'COMP3047'),(620001695,'COMP3746');
INSERT INTO Users VALUES (620001696,'Leticia','Hardman','LeticiaHardman@gmail.com','HardmanLeticia');
INSERT INTO Students VALUES (620001696,'UNDERGRAD','01-01-2020');
INSERT INTO Enrolled (u_id,courseCode) VALUES (620001696,'CHEM3888'),(620001696,'INFO1288'),(620001696,'CHEM2481'),(620001696,'BIOC2054');
INSERT INTO Users VALUES (620001697,'Charles','Hanks','CharlesHanks@gmail.com','HanksCharles');
INSERT INTO Students VALUES (620001697,'UNDERGRAD','01-01-2020');
INSERT INTO Enrolled (u_id,courseCode) VALUES (620001697,'BIOC2983'),(620001697,'CHEM2481'),(620001697,'INFO2797');
INSERT INTO Users VALUES (620001698,'Katherine','Jesse','KatherineJesse@gmail.com','JesseKatherine');
INSERT INTO Students VALUES (620001698,'UNDERGRAD','01-01-2020');
INSERT INTO Enrolled (u_id,courseCode) VALUES (620001698,'COMP2651'),(620001698,'CHEM2697'),(620001698,'CHEM3747'),(620001698,'CHEM2220');
INSERT INTO Users VALUES (620001699,'Georgie','Nunn','GeorgieNunn@gmail.com','NunnGeorgie');
INSERT INTO Students VALUES (620001699,'UNDERGRAD','01-01-2020');
INSERT INTO Enrolled (u_id,courseCode) VALUES (620001699,'ECON1012'),(620001699,'BIOC1104'),(620001699,'ECON3063');
INSERT INTO Users VALUES (620001700,'Sandra','Cannon','SandraCannon@gmail.com','CannonSandra');
INSERT INTO Students VALUES (620001700,'UNDERGRAD','01-01-2020');
INSERT INTO Enrolled (u_id,courseCode) VALUES (620001700,'ECON1561'),(620001700,'PHYS2238'),(620001700,'MATH3173'),(620001700,'INFO1145'),(620001700,'COMP3536');
INSERT INTO Users VALUES (620001701,'Jeanna','Burch','JeannaBurch@gmail.com','BurchJeanna');
INSERT INTO Students VALUES (620001701,'UNDERGRAD','01-01-2020');
INSERT INTO Enrolled (u_id,courseCode) VALUES (620001701,'MATH3613'),(620001701,'COMP1357'),(620001701,'CHEM3347'),(620001701,'PHYS2117');
INSERT INTO Users VALUES (620001702,'Tony','Hardman','TonyHardman@gmail.com','HardmanTony');
INSERT INTO Students VALUES (620001702,'UNDERGRAD','01-01-2020');
INSERT INTO Enrolled (u_id,courseCode) VALUES (620001702,'CHEM3793'),(620001702,'CHEM3347'),(620001702,'COMP2651');
INSERT INTO Users VALUES (620001703,'Clarence','Gillman','ClarenceGillman@gmail.com','GillmanClarence');
INSERT INTO Students VALUES (620001703,'UNDERGRAD','01-01-2020');
INSERT INTO Enrolled (u_id,courseCode) VALUES (620001703,'MATH3173'),(620001703,'ECON1498'),(620001703,'BIOC3341'),(620001703,'PHYS1979');
INSERT INTO Users VALUES (620001704,'Mack','Gray','MackGray@gmail.com','GrayMack');
INSERT INTO Students VALUES (620001704,'UNDERGRAD','01-01-2020');
INSERT INTO Enrolled (u_id,courseCode) VALUES (620001704,'ECON1498'),(620001704,'INFO1145'),(620001704,'MATH2873'),(620001704,'PHYS2238');
INSERT INTO Users VALUES (620001705,'Juanita','Turkus','JuanitaTurkus@gmail.com','TurkusJuanita');
INSERT INTO Students VALUES (620001705,'UNDERGRAD','01-01-2020');
INSERT INTO Enrolled (u_id,courseCode) VALUES (620001705,'ECON2387'),(620001705,'ECON1458'),(620001705,'INFO3935'),(620001705,'BIOC1986');
INSERT INTO Users VALUES (620001706,'Jason','Braun','JasonBraun@gmail.com','BraunJason');
INSERT INTO Students VALUES (620001706,'UNDERGRAD','01-01-2020');
INSERT INTO Enrolled (u_id,courseCode) VALUES (620001706,'CHEM3347'),(620001706,'BIOC3230'),(620001706,'COMP1543'),(620001706,'PHYS2238'),(620001706,'INFO1014'),(620001706,'ECON1783');
INSERT INTO Users VALUES (620001707,'Ruby','Mance','RubyMance@gmail.com','ManceRuby');
INSERT INTO Students VALUES (620001707,'UNDERGRAD','01-01-2020');
INSERT INTO Enrolled (u_id,courseCode) VALUES (620001707,'CHEM3409'),(620001707,'BIOC1439'),(620001707,'INFO1648'),(620001707,'ECON2722'),(620001707,'BIOC3230');
INSERT INTO Users VALUES (620001708,'Dominique','Baptiste','DominiqueBaptiste@gmail.com','BaptisteDominique');
INSERT INTO Students VALUES (620001708,'UNDERGRAD','01-01-2020');
INSERT INTO Enrolled (u_id,courseCode) VALUES (620001708,'BIOC3604'),(620001708,'MATH1250'),(620001708,'PHYS1930'),(620001708,'BIOC3721');
INSERT INTO Users VALUES (620001709,'Shirley','Culpepper','ShirleyCulpepper@gmail.com','CulpepperShirley');
INSERT INTO Students VALUES (620001709,'UNDERGRAD','01-01-2020');
INSERT INTO Enrolled (u_id,courseCode) VALUES (620001709,'ECON3523'),(620001709,'CHEM2177'),(620001709,'MATH2873');
INSERT INTO Users VALUES (620001710,'Clarence','Phinney','ClarencePhinney@gmail.com','PhinneyClarence');
INSERT INTO Students VALUES (620001710,'UNDERGRAD','01-01-2020');
INSERT INTO Enrolled (u_id,courseCode) VALUES (620001710,'COMP1543'),(620001710,'INFO3868'),(620001710,'PHYS2667'),(620001710,'PHYS3876'),(620001710,'PHYS2113'),(620001710,'ECON1783');
INSERT INTO Users VALUES (620001711,'Sandra','Merna','SandraMerna@gmail.com','MernaSandra');
INSERT INTO Students VALUES (620001711,'UNDERGRAD','01-01-2020');
INSERT INTO Enrolled (u_id,courseCode) VALUES (620001711,'PHYS1930'),(620001711,'ECON3737'),(620001711,'INFO2716'),(620001711,'INFO2797'),(620001711,'ECON2345');
INSERT INTO Users VALUES (620001712,'Gary','Withrow','GaryWithrow@gmail.com','WithrowGary');
INSERT INTO Students VALUES (620001712,'UNDERGRAD','01-01-2020');
INSERT INTO Enrolled (u_id,courseCode) VALUES (620001712,'INFO2521'),(620001712,'COMP1543'),(620001712,'INFO1145'),(620001712,'BIOC1794'),(620001712,'ECON3004');
INSERT INTO Users VALUES (620001713,'Mary','Wilson','MaryWilson@gmail.com','WilsonMary');
INSERT INTO Students VALUES (620001713,'UNDERGRAD','01-01-2020');
INSERT INTO Enrolled (u_id,courseCode) VALUES (620001713,'BIOC3191'),(620001713,'MATH3688'),(620001713,'MATH3029'),(620001713,'MATH1262'),(620001713,'CHEM2031'),(620001713,'BIOC1485');
INSERT INTO Users VALUES (620001714,'Samuel','Santos','SamuelSantos@gmail.com','SantosSamuel');
INSERT INTO Students VALUES (620001714,'UNDERGRAD','01-01-2020');
INSERT INTO Enrolled (u_id,courseCode) VALUES (620001714,'INFO2797'),(620001714,'MATH1648'),(620001714,'BIOC1052'),(620001714,'COMP2541');
INSERT INTO Users VALUES (620001715,'Shannon','Gillman','ShannonGillman@gmail.com','GillmanShannon');
INSERT INTO Students VALUES (620001715,'UNDERGRAD','01-01-2020');
INSERT INTO Enrolled (u_id,courseCode) VALUES (620001715,'MATH3029'),(620001715,'INFO1288'),(620001715,'CHEM3054'),(620001715,'CHEM3888'),(620001715,'ECON3228'),(620001715,'INFO3636');
INSERT INTO Users VALUES (620001716,'Jennifer','Gaffney','JenniferGaffney@gmail.com','GaffneyJennifer');
INSERT INTO Students VALUES (620001716,'UNDERGRAD','01-01-2020');
INSERT INTO Enrolled (u_id,courseCode) VALUES (620001716,'MATH3844'),(620001716,'BIOC3721'),(620001716,'PHYS1173'),(620001716,'PHYS2113'),(620001716,'BIOC1534'),(620001716,'COMP3536');
INSERT INTO Users VALUES (620001717,'Derek','Campbell','DerekCampbell@gmail.com','CampbellDerek');
INSERT INTO Students VALUES (620001717,'UNDERGRAD','01-01-2020');
INSERT INTO Enrolled (u_id,courseCode) VALUES (620001717,'INFO2860'),(620001717,'PHYS2338'),(620001717,'CHEM3347'),(620001717,'INFO2337');
INSERT INTO Users VALUES (620001718,'Gina','Harness','GinaHarness@gmail.com','HarnessGina');
INSERT INTO Students VALUES (620001718,'UNDERGRAD','01-01-2020');
INSERT INTO Enrolled (u_id,courseCode) VALUES (620001718,'INFO1145'),(620001718,'INFO2147'),(620001718,'ECON3085'),(620001718,'COMP2077'),(620001718,'COMP2541'),(620001718,'BIOC3191');
INSERT INTO Users VALUES (620001719,'Willard','Mcclenon','WillardMcclenon@gmail.com','McclenonWillard');
INSERT INTO Students VALUES (620001719,'UNDERGRAD','01-01-2020');
INSERT INTO Enrolled (u_id,courseCode) VALUES (620001719,'BIOC1910'),(620001719,'CHEM3327'),(620001719,'INFO3868'),(620001719,'PHYS2229'),(620001719,'PHYS2563');
INSERT INTO Users VALUES (620001720,'Cassie','Cummings','CassieCummings@gmail.com','CummingsCassie');
INSERT INTO Students VALUES (620001720,'UNDERGRAD','01-01-2020');
INSERT INTO Enrolled (u_id,courseCode) VALUES (620001720,'INFO3935'),(620001720,'MATH2188'),(620001720,'ECON3523'),(620001720,'INFO1648');
INSERT INTO Users VALUES (620001721,'Celia','Parker','CeliaParker@gmail.com','ParkerCelia');
INSERT INTO Students VALUES (620001721,'UNDERGRAD','01-01-2020');
INSERT INTO Enrolled (u_id,courseCode) VALUES (620001721,'PHYS3787'),(620001721,'ECON2703'),(620001721,'CHEM2177'),(620001721,'COMP1184'),(620001721,'ECON2722'),(620001721,'ECON3372');
INSERT INTO Users VALUES (620001722,'Erin','Bennett','ErinBennett@gmail.com','BennettErin');
INSERT INTO Students VALUES (620001722,'UNDERGRAD','01-01-2020');
INSERT INTO Enrolled (u_id,courseCode) VALUES (620001722,'COMP1460'),(620001722,'BIOC1598'),(620001722,'BIOC1485');
INSERT INTO Users VALUES (620001723,'Roy','Finkenbinder','RoyFinkenbinder@gmail.com','FinkenbinderRoy');
INSERT INTO Students VALUES (620001723,'UNDERGRAD','01-01-2020');
INSERT INTO Enrolled (u_id,courseCode) VALUES (620001723,'PHYS3729'),(620001723,'MATH1309'),(620001723,'ECON3020'),(620001723,'ECON1230');
INSERT INTO Users VALUES (620001724,'Helen','Mcalister','HelenMcalister@gmail.com','McalisterHelen');
INSERT INTO Students VALUES (620001724,'UNDERGRAD','01-01-2020');
INSERT INTO Enrolled (u_id,courseCode) VALUES (620001724,'ECON1458'),(620001724,'BIOC1534'),(620001724,'CHEM3409');
INSERT INTO Users VALUES (620001725,'Carol','Rios','CarolRios@gmail.com','RiosCarol');
INSERT INTO Students VALUES (620001725,'UNDERGRAD','01-01-2020');
INSERT INTO Enrolled (u_id,courseCode) VALUES (620001725,'INFO1990'),(620001725,'MATH2717'),(620001725,'BIOC3230'),(620001725,'INFO3603');
INSERT INTO Users VALUES (620001726,'Bryan','Avery','BryanAvery@gmail.com','AveryBryan');
INSERT INTO Students VALUES (620001726,'UNDERGRAD','01-01-2020');
INSERT INTO Enrolled (u_id,courseCode) VALUES (620001726,'PHYS2229'),(620001726,'INFO2716'),(620001726,'CHEM2446');
INSERT INTO Users VALUES (620001727,'Bernie','Finkenbinder','BernieFinkenbinder@gmail.com','FinkenbinderBernie');
INSERT INTO Students VALUES (620001727,'UNDERGRAD','01-01-2020');
INSERT INTO Enrolled (u_id,courseCode) VALUES (620001727,'ECON3004'),(620001727,'CHEM2031'),(620001727,'BIOC2981'),(620001727,'CHEM2867');
INSERT INTO Users VALUES (620001728,'Jeanna','Wilson','JeannaWilson@gmail.com','WilsonJeanna');
INSERT INTO Students VALUES (620001728,'UNDERGRAD','01-01-2020');
INSERT INTO Enrolled (u_id,courseCode) VALUES (620001728,'COMP2651'),(620001728,'COMP3238'),(620001728,'COMP1573'),(620001728,'CHEM3614'),(620001728,'PHYS3729');
INSERT INTO Users VALUES (620001729,'Rene','Moldrem','ReneMoldrem@gmail.com','MoldremRene');
INSERT INTO Students VALUES (620001729,'UNDERGRAD','01-01-2020');
INSERT INTO Enrolled (u_id,courseCode) VALUES (620001729,'BIOC3721'),(620001729,'ECON3311'),(620001729,'CHEM2697'),(620001729,'COMP3849');
INSERT INTO Users VALUES (620001730,'Rodney','Starks','RodneyStarks@gmail.com','StarksRodney');
INSERT INTO Students VALUES (620001730,'UNDERGRAD','01-01-2020');
INSERT INTO Enrolled (u_id,courseCode) VALUES (620001730,'BIOC1052'),(620001730,'MATH3844'),(620001730,'COMP2361'),(620001730,'ECON1230'),(620001730,'PHYS3339'),(620001730,'CHEM1807');
INSERT INTO Users VALUES (620001731,'Arthur','Williamson','ArthurWilliamson@gmail.com','WilliamsonArthur');
INSERT INTO Students VALUES (620001731,'UNDERGRAD','01-01-2020');
INSERT INTO Enrolled (u_id,courseCode) VALUES (620001731,'BIOC1866'),(620001731,'PHYS1140'),(620001731,'COMP3047');
INSERT INTO Users VALUES (620001732,'Mathew','Briggs','MathewBriggs@gmail.com','BriggsMathew');
INSERT INTO Students VALUES (620001732,'UNDERGRAD','01-01-2020');
INSERT INTO Enrolled (u_id,courseCode) VALUES (620001732,'PHYS2238'),(620001732,'COMP1357'),(620001732,'CHEM1340'),(620001732,'MATH1648'),(620001732,'PHYS1140');
INSERT INTO Users VALUES (620001733,'Caroline','Collins','CarolineCollins@gmail.com','CollinsCaroline');
INSERT INTO Students VALUES (620001733,'UNDERGRAD','01-01-2020');
INSERT INTO Enrolled (u_id,courseCode) VALUES (620001733,'MATH3688'),(620001733,'PHYS1979'),(620001733,'MATH1148'),(620001733,'PHYS3339'),(620001733,'BIOC1052'),(620001733,'MATH2188');
INSERT INTO Users VALUES (620001734,'Wendell','Hudson','WendellHudson@gmail.com','HudsonWendell');
INSERT INTO Students VALUES (620001734,'UNDERGRAD','01-01-2020');
INSERT INTO Enrolled (u_id,courseCode) VALUES (620001734,'INFO2337'),(620001734,'ECON1589'),(620001734,'INFO2147'),(620001734,'CHEM2481'),(620001734,'COMP3849');
INSERT INTO Users VALUES (620001735,'Rhonda','Granado','RhondaGranado@gmail.com','GranadoRhonda');
INSERT INTO Students VALUES (620001735,'UNDERGRAD','01-01-2020');
INSERT INTO Enrolled (u_id,courseCode) VALUES (620001735,'MATH2801'),(620001735,'COMP2080'),(620001735,'BIOC3191'),(620001735,'PHYS3354');
INSERT INTO Users VALUES (620001736,'Erin','Sandlin','ErinSandlin@gmail.com','SandlinErin');
INSERT INTO Students VALUES (620001736,'UNDERGRAD','01-01-2020');
INSERT INTO Enrolled (u_id,courseCode) VALUES (620001736,'BIOC3191'),(620001736,'CHEM2481'),(620001736,'INFO2147'),(620001736,'CHEM2149');
INSERT INTO Users VALUES (620001737,'Holly','Evans','HollyEvans@gmail.com','EvansHolly');
INSERT INTO Students VALUES (620001737,'UNDERGRAD','01-01-2020');
INSERT INTO Enrolled (u_id,courseCode) VALUES (620001737,'INFO3935'),(620001737,'ECON1098'),(620001737,'PHYS3659');
INSERT INTO Users VALUES (620001738,'Colin','Fuller','ColinFuller@gmail.com','FullerColin');
INSERT INTO Students VALUES (620001738,'UNDERGRAD','01-01-2020');
INSERT INTO Enrolled (u_id,courseCode) VALUES (620001738,'INFO2337'),(620001738,'MATH3688'),(620001738,'PHYS3354');
INSERT INTO Users VALUES (620001739,'Joan','Allen','JoanAllen@gmail.com','AllenJoan');
INSERT INTO Students VALUES (620001739,'UNDERGRAD','01-01-2020');
INSERT INTO Enrolled (u_id,courseCode) VALUES (620001739,'MATH1454'),(620001739,'PHYS2563'),(620001739,'COMP2717'),(620001739,'INFO2813'),(620001739,'MATH1638'),(620001739,'ECON3276');
INSERT INTO Users VALUES (620001740,'Arthur','Barnett','ArthurBarnett@gmail.com','BarnettArthur');
INSERT INTO Students VALUES (620001740,'UNDERGRAD','01-01-2020');
INSERT INTO Enrolled (u_id,courseCode) VALUES (620001740,'COMP3697'),(620001740,'INFO2813'),(620001740,'ECON3523'),(620001740,'BIOC1534');
INSERT INTO Users VALUES (620001741,'Betty','Orchard','BettyOrchard@gmail.com','OrchardBetty');
INSERT INTO Students VALUES (620001741,'UNDERGRAD','01-01-2020');
INSERT INTO Enrolled (u_id,courseCode) VALUES (620001741,'CHEM2446'),(620001741,'INFO3636'),(620001741,'INFO3419');
INSERT INTO Users VALUES (620001742,'Rhonda','Myrick','RhondaMyrick@gmail.com','MyrickRhonda');
INSERT INTO Students VALUES (620001742,'UNDERGRAD','01-01-2020');
INSERT INTO Enrolled (u_id,courseCode) VALUES (620001742,'CHEM2446'),(620001742,'ECON1645'),(620001742,'ECON2387'),(620001742,'PHYS1173');
INSERT INTO Users VALUES (620001743,'Anderson','Knaub','AndersonKnaub@gmail.com','KnaubAnderson');
INSERT INTO Students VALUES (620001743,'UNDERGRAD','01-01-2020');
INSERT INTO Enrolled (u_id,courseCode) VALUES (620001743,'INFO1288'),(620001743,'ECON3020'),(620001743,'ECON1645'),(620001743,'BIOC1448');
INSERT INTO Users VALUES (620001744,'Amee','Pulley','AmeePulley@gmail.com','PulleyAmee');
INSERT INTO Students VALUES (620001744,'UNDERGRAD','01-01-2020');
INSERT INTO Enrolled (u_id,courseCode) VALUES (620001744,'INFO1014'),(620001744,'COMP1573'),(620001744,'BIOC1910');
INSERT INTO Users VALUES (620001745,'Isreal','Thomas','IsrealThomas@gmail.com','ThomasIsreal');
INSERT INTO Students VALUES (620001745,'UNDERGRAD','01-01-2020');
INSERT INTO Enrolled (u_id,courseCode) VALUES (620001745,'PHYS2113'),(620001745,'INFO1833'),(620001745,'ECON3523'),(620001745,'BIOC3230');
INSERT INTO Users VALUES (620001746,'Dennis','Culpepper','DennisCulpepper@gmail.com','CulpepperDennis');
INSERT INTO Students VALUES (620001746,'UNDERGRAD','01-01-2020');
INSERT INTO Enrolled (u_id,courseCode) VALUES (620001746,'PHYS1979'),(620001746,'PHYS2977'),(620001746,'BIOC2550');
INSERT INTO Users VALUES (620001747,'Suzanne','Gondek','SuzanneGondek@gmail.com','GondekSuzanne');
INSERT INTO Students VALUES (620001747,'UNDERGRAD','01-01-2020');
INSERT INTO Enrolled (u_id,courseCode) VALUES (620001747,'COMP1460'),(620001747,'COMP3536'),(620001747,'CHEM2177'),(620001747,'MATH3222'),(620001747,'CHEM3617'),(620001747,'CHEM3054');
INSERT INTO Users VALUES (620001748,'Kirk','Gillman','KirkGillman@gmail.com','GillmanKirk');
INSERT INTO Students VALUES (620001748,'UNDERGRAD','01-01-2020');
INSERT INTO Enrolled (u_id,courseCode) VALUES (620001748,'COMP2965'),(620001748,'CHEM2697'),(620001748,'MATH2873');
INSERT INTO Users VALUES (620001749,'Jeremy','Barron','JeremyBarron@gmail.com','BarronJeremy');
INSERT INTO Students VALUES (620001749,'UNDERGRAD','01-01-2020');
INSERT INTO Enrolled (u_id,courseCode) VALUES (620001749,'COMP3506'),(620001749,'INFO1825'),(620001749,'CHEM1340'),(620001749,'PHYS1173'),(620001749,'INFO2716');
INSERT INTO Users VALUES (620001750,'Vanessa','Sullivan','VanessaSullivan@gmail.com','SullivanVanessa');
INSERT INTO Students VALUES (620001750,'UNDERGRAD','01-01-2020');
INSERT INTO Enrolled (u_id,courseCode) VALUES (620001750,'CHEM2867'),(620001750,'MATH2067'),(620001750,'PHYS3052'),(620001750,'CHEM3614');
INSERT INTO Users VALUES (620001751,'Deanna','Robles','DeannaRobles@gmail.com','RoblesDeanna');
INSERT INTO Students VALUES (620001751,'UNDERGRAD','01-01-2020');
INSERT INTO Enrolled (u_id,courseCode) VALUES (620001751,'BIOC2981'),(620001751,'ECON1012'),(620001751,'COMP2361');
INSERT INTO Users VALUES (620001752,'Clifford','Hudson','CliffordHudson@gmail.com','HudsonClifford');
INSERT INTO Students VALUES (620001752,'UNDERGRAD','01-01-2020');
INSERT INTO Enrolled (u_id,courseCode) VALUES (620001752,'PHYS1140'),(620001752,'COMP2651'),(620001752,'CHEM2481'),(620001752,'ECON2703');
INSERT INTO Users VALUES (620001753,'Toby','Deen','TobyDeen@gmail.com','DeenToby');
INSERT INTO Students VALUES (620001753,'UNDERGRAD','01-01-2020');
INSERT INTO Enrolled (u_id,courseCode) VALUES (620001753,'COMP2717'),(620001753,'PHYS2229'),(620001753,'MATH2717'),(620001753,'ECON3447');
INSERT INTO Users VALUES (620001754,'Larry','Alvarez','LarryAlvarez@gmail.com','AlvarezLarry');
INSERT INTO Students VALUES (620001754,'UNDERGRAD','01-01-2020');
INSERT INTO Enrolled (u_id,courseCode) VALUES (620001754,'CHEM3888'),(620001754,'BIOC3341'),(620001754,'BIOC1910');
INSERT INTO Users VALUES (620001755,'Teresa','Nelson','TeresaNelson@gmail.com','NelsonTeresa');
INSERT INTO Students VALUES (620001755,'UNDERGRAD','01-01-2020');
INSERT INTO Enrolled (u_id,courseCode) VALUES (620001755,'MATH3544'),(620001755,'ECON1589'),(620001755,'BIOC1986');
INSERT INTO Users VALUES (620001756,'Nicole','Rankin','NicoleRankin@gmail.com','RankinNicole');
INSERT INTO Students VALUES (620001756,'UNDERGRAD','01-01-2020');
INSERT INTO Enrolled (u_id,courseCode) VALUES (620001756,'CHEM2149'),(620001756,'CHEM2626'),(620001756,'BIOC1448');
INSERT INTO Users VALUES (620001757,'Marshall','Watson','MarshallWatson@gmail.com','WatsonMarshall');
INSERT INTO Students VALUES (620001757,'UNDERGRAD','01-01-2020');
INSERT INTO Enrolled (u_id,courseCode) VALUES (620001757,'COMP3173'),(620001757,'BIOC3191'),(620001757,'MATH1262'),(620001757,'MATH2801'),(620001757,'COMP2361'),(620001757,'INFO2797');
INSERT INTO Users VALUES (620001758,'Erin','Williamson','ErinWilliamson@gmail.com','WilliamsonErin');
INSERT INTO Students VALUES (620001758,'UNDERGRAD','01-01-2020');
INSERT INTO Enrolled (u_id,courseCode) VALUES (620001758,'COMP2077'),(620001758,'CHEM2005'),(620001758,'COMP3697');
INSERT INTO Users VALUES (620001759,'Marcus','Hanks','MarcusHanks@gmail.com','HanksMarcus');
INSERT INTO Students VALUES (620001759,'UNDERGRAD','01-01-2020');
INSERT INTO Enrolled (u_id,courseCode) VALUES (620001759,'MATH3222'),(620001759,'CHEM2626'),(620001759,'MATH1454'),(620001759,'BIOC2550');
INSERT INTO Users VALUES (620001760,'Mason','Starks','MasonStarks@gmail.com','StarksMason');
INSERT INTO Students VALUES (620001760,'UNDERGRAD','01-01-2020');
INSERT INTO Enrolled (u_id,courseCode) VALUES (620001760,'ECON1458'),(620001760,'MATH3029'),(620001760,'BIOC1439');
INSERT INTO Users VALUES (620001761,'Anderson','Banks','AndersonBanks@gmail.com','BanksAnderson');
INSERT INTO Students VALUES (620001761,'UNDERGRAD','01-01-2020');
INSERT INTO Enrolled (u_id,courseCode) VALUES (620001761,'INFO2559'),(620001761,'MATH3857'),(620001761,'INFO2337'),(620001761,'CHEM2797'),(620001761,'INFO1145'),(620001761,'ECON3228');
INSERT INTO Users VALUES (620001762,'Jason','Alexander','JasonAlexander@gmail.com','AlexanderJason');
INSERT INTO Students VALUES (620001762,'UNDERGRAD','01-01-2020');
INSERT INTO Enrolled (u_id,courseCode) VALUES (620001762,'MATH2717'),(620001762,'ECON3372'),(620001762,'BIOC3341'),(620001762,'INFO3868'),(620001762,'MATH2067'),(620001762,'ECON3989');
INSERT INTO Users VALUES (620001763,'Willie','Imoto','WillieImoto@gmail.com','ImotoWillie');
INSERT INTO Students VALUES (620001763,'UNDERGRAD','01-01-2020');
INSERT INTO Enrolled (u_id,courseCode) VALUES (620001763,'INFO2811'),(620001763,'INFO1288'),(620001763,'INFO3636');
INSERT INTO Users VALUES (620001764,'Eugene','Brown','EugeneBrown@gmail.com','BrownEugene');
INSERT INTO Students VALUES (620001764,'UNDERGRAD','01-01-2020');
INSERT INTO Enrolled (u_id,courseCode) VALUES (620001764,'COMP1573'),(620001764,'COMP3047'),(620001764,'BIOC2054'),(620001764,'ECON1783'),(620001764,'COMP2077');
INSERT INTO Users VALUES (620001765,'Ashley','Garrett','AshleyGarrett@gmail.com','GarrettAshley');
INSERT INTO Students VALUES (620001765,'UNDERGRAD','01-01-2020');
INSERT INTO Enrolled (u_id,courseCode) VALUES (620001765,'BIOC3604'),(620001765,'ECON1561'),(620001765,'COMP1573'),(620001765,'INFO2636');
INSERT INTO Users VALUES (620001766,'James','Casteel','JamesCasteel@gmail.com','CasteelJames');
INSERT INTO Students VALUES (620001766,'UNDERGRAD','01-01-2020');
INSERT INTO Enrolled (u_id,courseCode) VALUES (620001766,'COMP1573'),(620001766,'COMP3849'),(620001766,'MATH2501'),(620001766,'MATH1262');
INSERT INTO Users VALUES (620001767,'Linda','Ekberg','LindaEkberg@gmail.com','EkbergLinda');
INSERT INTO Students VALUES (620001767,'UNDERGRAD','01-01-2020');
INSERT INTO Enrolled (u_id,courseCode) VALUES (620001767,'PHYS2306'),(620001767,'ECON1589'),(620001767,'ECON1098'),(620001767,'MATH3179'),(620001767,'INFO2147');
INSERT INTO Users VALUES (620001768,'Nina','Coleman','NinaColeman@gmail.com','ColemanNina');
INSERT INTO Students VALUES (620001768,'UNDERGRAD','01-01-2020');
INSERT INTO Enrolled (u_id,courseCode) VALUES (620001768,'BIOC2981'),(620001768,'INFO2813'),(620001768,'INFO1447');
INSERT INTO Users VALUES (620001769,'Lisa','Oconnell','LisaOconnell@gmail.com','OconnellLisa');
INSERT INTO Students VALUES (620001769,'UNDERGRAD','01-01-2020');
INSERT INTO Enrolled (u_id,courseCode) VALUES (620001769,'INFO2147'),(620001769,'COMP2541'),(620001769,'CHEM2065');
INSERT INTO Users VALUES (620001770,'Geoffrey','Nichols','GeoffreyNichols@gmail.com','NicholsGeoffrey');
INSERT INTO Students VALUES (620001770,'UNDERGRAD','01-01-2020');
INSERT INTO Enrolled (u_id,courseCode) VALUES (620001770,'MATH2067'),(620001770,'INFO2813'),(620001770,'PHYS2306'),(620001770,'COMP3685'),(620001770,'MATH1148');
INSERT INTO Users VALUES (620001771,'Barbara','Vineyard','BarbaraVineyard@gmail.com','VineyardBarbara');
INSERT INTO Students VALUES (620001771,'UNDERGRAD','01-01-2020');
INSERT INTO Enrolled (u_id,courseCode) VALUES (620001771,'CHEM2065'),(620001771,'MATH3179'),(620001771,'ECON3989'),(620001771,'PHYS3464'),(620001771,'BIOC1448'),(620001771,'BIOC1866');
INSERT INTO Users VALUES (620001772,'Adrienne','Dunn','AdrienneDunn@gmail.com','DunnAdrienne');
INSERT INTO Students VALUES (620001772,'UNDERGRAD','01-01-2020');
INSERT INTO Enrolled (u_id,courseCode) VALUES (620001772,'COMP3167'),(620001772,'INFO3645'),(620001772,'CHEM1485'),(620001772,'ECON3020'),(620001772,'ECON2814'),(620001772,'MATH3613');
INSERT INTO Users VALUES (620001773,'Marjorie','Pere','MarjoriePere@gmail.com','PereMarjorie');
INSERT INTO Students VALUES (620001773,'UNDERGRAD','01-01-2020');
INSERT INTO Enrolled (u_id,courseCode) VALUES (620001773,'PHYS1993'),(620001773,'MATH2873'),(620001773,'CHEM3617'),(620001773,'BIOC1598'),(620001773,'MATH1309'),(620001773,'COMP2717');
INSERT INTO Users VALUES (620001774,'Kurt','Scales','KurtScales@gmail.com','ScalesKurt');
INSERT INTO Students VALUES (620001774,'UNDERGRAD','01-01-2020');
INSERT INTO Enrolled (u_id,courseCode) VALUES (620001774,'INFO2270'),(620001774,'ECON3372'),(620001774,'PHYS3876'),(620001774,'MATH1309'),(620001774,'ECON3063');
INSERT INTO Users VALUES (620001775,'Greg','Krause','GregKrause@gmail.com','KrauseGreg');
INSERT INTO Students VALUES (620001775,'UNDERGRAD','01-01-2020');
INSERT INTO Enrolled (u_id,courseCode) VALUES (620001775,'COMP1867'),(620001775,'ECON3276'),(620001775,'ECON2814');
INSERT INTO Users VALUES (620001776,'Ronald','Watson','RonaldWatson@gmail.com','WatsonRonald');
INSERT INTO Students VALUES (620001776,'UNDERGRAD','01-01-2020');
INSERT INTO Enrolled (u_id,courseCode) VALUES (620001776,'COMP2077'),(620001776,'COMP3084'),(620001776,'COMP3639'),(620001776,'BIOC1164'),(620001776,'ECON3281'),(620001776,'INFO2337');
INSERT INTO Users VALUES (620001777,'Samuel','Culpepper','SamuelCulpepper@gmail.com','CulpepperSamuel');
INSERT INTO Students VALUES (620001777,'UNDERGRAD','01-01-2020');
INSERT INTO Enrolled (u_id,courseCode) VALUES (620001777,'CHEM1340'),(620001777,'ECON1589'),(620001777,'ECON3276'),(620001777,'COMP3639'),(620001777,'MATH1250');
INSERT INTO Users VALUES (620001778,'Antwan','Pearson','AntwanPearson@gmail.com','PearsonAntwan');
INSERT INTO Students VALUES (620001778,'UNDERGRAD','01-01-2020');
INSERT INTO Enrolled (u_id,courseCode) VALUES (620001778,'PHYS3052'),(620001778,'COMP1867'),(620001778,'CHEM3793'),(620001778,'BIOC1534'),(620001778,'PHYS1173'),(620001778,'ECON3085');
INSERT INTO Users VALUES (620001779,'Jeanna','Christenberry','JeannaChristenberry@gmail.com','ChristenberryJeanna');
INSERT INTO Students VALUES (620001779,'UNDERGRAD','01-01-2020');
INSERT INTO Enrolled (u_id,courseCode) VALUES (620001779,'ECON3989'),(620001779,'ECON1996'),(620001779,'CHEM2177'),(620001779,'COMP3506'),(620001779,'BIOC2671');
INSERT INTO Users VALUES (620001780,'Chris','Jeanbaptiste','ChrisJeanbaptiste@gmail.com','JeanbaptisteChris');
INSERT INTO Students VALUES (620001780,'UNDERGRAD','01-01-2020');
INSERT INTO Enrolled (u_id,courseCode) VALUES (620001780,'PHYS3290'),(620001780,'COMP3418'),(620001780,'MATH1262');
INSERT INTO Users VALUES (620001781,'Benjamin','Mcclenon','BenjaminMcclenon@gmail.com','McclenonBenjamin');
INSERT INTO Students VALUES (620001781,'UNDERGRAD','01-01-2020');
INSERT INTO Enrolled (u_id,courseCode) VALUES (620001781,'ECON3523'),(620001781,'BIOC2589'),(620001781,'ECON1589');
INSERT INTO Users VALUES (620001782,'Manuel','Vario','ManuelVario@gmail.com','VarioManuel');
INSERT INTO Students VALUES (620001782,'UNDERGRAD','01-01-2020');
INSERT INTO Enrolled (u_id,courseCode) VALUES (620001782,'COMP1543'),(620001782,'INFO2636'),(620001782,'ECON2387'),(620001782,'INFO2950'),(620001782,'MATH3173'),(620001782,'CHEM3054');
INSERT INTO Users VALUES (620001783,'Rhonda','Barron','RhondaBarron@gmail.com','BarronRhonda');
INSERT INTO Students VALUES (620001783,'UNDERGRAD','01-01-2020');
INSERT INTO Enrolled (u_id,courseCode) VALUES (620001783,'INFO2213'),(620001783,'CHEM3054'),(620001783,'COMP3238'),(620001783,'BIOC1910'),(620001783,'INFO2811'),(620001783,'CHEM1485');
INSERT INTO Users VALUES (620001784,'Katherine','Knox','KatherineKnox@gmail.com','KnoxKatherine');
INSERT INTO Students VALUES (620001784,'UNDERGRAD','01-01-2020');
INSERT INTO Enrolled (u_id,courseCode) VALUES (620001784,'MATH1262'),(620001784,'PHYS2563'),(620001784,'MATH1972'),(620001784,'MATH3688');
INSERT INTO Users VALUES (620001785,'Kirk','Baccus','KirkBaccus@gmail.com','BaccusKirk');
INSERT INTO Students VALUES (620001785,'UNDERGRAD','01-01-2020');
INSERT INTO Enrolled (u_id,courseCode) VALUES (620001785,'INFO3603'),(620001785,'CHEM3409'),(620001785,'INFO2213'),(620001785,'BIOC1794'),(620001785,'ECON2387'),(620001785,'COMP3418');
INSERT INTO Users VALUES (620001786,'Dominick','Ebbs','DominickEbbs@gmail.com','EbbsDominick');
INSERT INTO Students VALUES (620001786,'UNDERGRAD','01-01-2020');
INSERT INTO Enrolled (u_id,courseCode) VALUES (620001786,'CHEM2177'),(620001786,'CHEM2797'),(620001786,'ECON1561'),(620001786,'PHYS2338'),(620001786,'MATH2188'),(620001786,'COMP1543');
INSERT INTO Users VALUES (620001787,'Tia','Velasquez','TiaVelasquez@gmail.com','VelasquezTia');
INSERT INTO Students VALUES (620001787,'UNDERGRAD','01-01-2020');
INSERT INTO Enrolled (u_id,courseCode) VALUES (620001787,'COMP2080'),(620001787,'COMP3639'),(620001787,'COMP2361'),(620001787,'INFO3636');
INSERT INTO Users VALUES (620001788,'Vivian','Cash','VivianCash@gmail.com','CashVivian');
INSERT INTO Students VALUES (620001788,'UNDERGRAD','01-01-2020');
INSERT INTO Enrolled (u_id,courseCode) VALUES (620001788,'BIOC1104'),(620001788,'MATH2501'),(620001788,'INFO3645'),(620001788,'COMP3536'),(620001788,'BIOC2550');
INSERT INTO Users VALUES (620001789,'Gabriel','Williamson','GabrielWilliamson@gmail.com','WilliamsonGabriel');
INSERT INTO Students VALUES (620001789,'UNDERGRAD','01-01-2020');
INSERT INTO Enrolled (u_id,courseCode) VALUES (620001789,'BIOC1439'),(620001789,'PHYS3686'),(620001789,'BIOC1485'),(620001789,'MATH3029');
INSERT INTO Users VALUES (620001790,'Francisca','Shane','FranciscaShane@gmail.com','ShaneFrancisca');
INSERT INTO Students VALUES (620001790,'UNDERGRAD','01-01-2020');
INSERT INTO Enrolled (u_id,courseCode) VALUES (620001790,'COMP2080'),(620001790,'PHYS3686'),(620001790,'CHEM3793'),(620001790,'PHYS3339');
INSERT INTO Users VALUES (620001791,'Louis','Chatcho','LouisChatcho@gmail.com','ChatchoLouis');
INSERT INTO Students VALUES (620001791,'UNDERGRAD','01-01-2020');
INSERT INTO Enrolled (u_id,courseCode) VALUES (620001791,'PHYS2117'),(620001791,'MATH1309'),(620001791,'CHEM2867'),(620001791,'PHYS1173');
INSERT INTO Users VALUES (620001792,'Maria','Barron','MariaBarron@gmail.com','BarronMaria');
INSERT INTO Students VALUES (620001792,'UNDERGRAD','01-01-2020');
INSERT INTO Enrolled (u_id,courseCode) VALUES (620001792,'COMP1867'),(620001792,'CHEM1807'),(620001792,'MATH1250'),(620001792,'BIOC3604'),(620001792,'BIOC1164');
INSERT INTO Users VALUES (620001793,'Shane','Jaworski','ShaneJaworski@gmail.com','JaworskiShane');
INSERT INTO Students VALUES (620001793,'UNDERGRAD','01-01-2020');
INSERT INTO Enrolled (u_id,courseCode) VALUES (620001793,'INFO2716'),(620001793,'PHYS2229'),(620001793,'BIOC3604'),(620001793,'BIOC3721'),(620001793,'CHEM1485'),(620001793,'ECON3020');
INSERT INTO Users VALUES (620001794,'Elwood','Hawkins','ElwoodHawkins@gmail.com','HawkinsElwood');
INSERT INTO Students VALUES (620001794,'UNDERGRAD','01-01-2020');
INSERT INTO Enrolled (u_id,courseCode) VALUES (620001794,'PHYS2238'),(620001794,'ECON3004'),(620001794,'INFO2147');
INSERT INTO Users VALUES (620001795,'Tony','Blevins','TonyBlevins@gmail.com','BlevinsTony');
INSERT INTO Students VALUES (620001795,'UNDERGRAD','01-01-2020');
INSERT INTO Enrolled (u_id,courseCode) VALUES (620001795,'CHEM3793'),(620001795,'ECON1170'),(620001795,'BIOC2589'),(620001795,'CHEM2446'),(620001795,'MATH2801');
INSERT INTO Users VALUES (620001796,'Susan','Fuller','SusanFuller@gmail.com','FullerSusan');
INSERT INTO Students VALUES (620001796,'UNDERGRAD','01-01-2020');
INSERT INTO Enrolled (u_id,courseCode) VALUES (620001796,'ECON1458'),(620001796,'ECON1230'),(620001796,'BIOC1164'),(620001796,'INFO2950');
INSERT INTO Users VALUES (620001797,'Martin','Mcclain','MartinMcclain@gmail.com','McclainMartin');
INSERT INTO Students VALUES (620001797,'UNDERGRAD','01-01-2020');
INSERT INTO Enrolled (u_id,courseCode) VALUES (620001797,'COMP3746'),(620001797,'COMP1357'),(620001797,'ECON3311');
INSERT INTO Users VALUES (620001798,'Nancy','Cash','NancyCash@gmail.com','CashNancy');
INSERT INTO Students VALUES (620001798,'UNDERGRAD','01-01-2020');
INSERT INTO Enrolled (u_id,courseCode) VALUES (620001798,'PHYS2451'),(620001798,'BIOC2983'),(620001798,'CHEM2481');
INSERT INTO Users VALUES (620001799,'Suzanne','Hinojosa','SuzanneHinojosa@gmail.com','HinojosaSuzanne');
INSERT INTO Students VALUES (620001799,'UNDERGRAD','01-01-2020');
INSERT INTO Enrolled (u_id,courseCode) VALUES (620001799,'ECON3311'),(620001799,'COMP2717'),(620001799,'PHYS1399');
INSERT INTO Users VALUES (620001800,'Adelia','Eubank','AdeliaEubank@gmail.com','EubankAdelia');
INSERT INTO Students VALUES (620001800,'UNDERGRAD','01-01-2020');
INSERT INTO Enrolled (u_id,courseCode) VALUES (620001800,'ECON3523'),(620001800,'CHEM3617'),(620001800,'PHYS3464');
INSERT INTO Users VALUES (620001801,'Matthew','Hoffman','MatthewHoffman@gmail.com','HoffmanMatthew');
INSERT INTO Students VALUES (620001801,'UNDERGRAD','01-01-2020');
INSERT INTO Enrolled (u_id,courseCode) VALUES (620001801,'ECON3372'),(620001801,'COMP3639'),(620001801,'ECON1996'),(620001801,'PHYS2306');
INSERT INTO Users VALUES (620001802,'Magdalen','Briggs','MagdalenBriggs@gmail.com','BriggsMagdalen');
INSERT INTO Students VALUES (620001802,'UNDERGRAD','01-01-2020');
INSERT INTO Enrolled (u_id,courseCode) VALUES (620001802,'BIOC1164'),(620001802,'ECON1230'),(620001802,'BIOC1910'),(620001802,'BIOC1986'),(620001802,'BIOC3721'),(620001802,'INFO3603');
INSERT INTO Users VALUES (620001803,'Rosa','Bradford','RosaBradford@gmail.com','BradfordRosa');
INSERT INTO Students VALUES (620001803,'UNDERGRAD','01-01-2020');
INSERT INTO Enrolled (u_id,courseCode) VALUES (620001803,'CHEM2177'),(620001803,'CHEM1807'),(620001803,'PHYS2113'),(620001803,'INFO1648');
INSERT INTO Users VALUES (620001804,'Dennis','Cummins','DennisCummins@gmail.com','CumminsDennis');
INSERT INTO Students VALUES (620001804,'UNDERGRAD','01-01-2020');
INSERT INTO Enrolled (u_id,courseCode) VALUES (620001804,'INFO2147'),(620001804,'MATH2873'),(620001804,'PHYS3686');
INSERT INTO Users VALUES (620001805,'Wayne','Granado','WayneGranado@gmail.com','GranadoWayne');
INSERT INTO Students VALUES (620001805,'UNDERGRAD','01-01-2020');
INSERT INTO Enrolled (u_id,courseCode) VALUES (620001805,'CHEM1494'),(620001805,'INFO1648'),(620001805,'MATH1454'),(620001805,'INFO1145'),(620001805,'COMP1543'),(620001805,'MATH1309');
INSERT INTO Users VALUES (620001806,'Charles','Siple','CharlesSiple@gmail.com','SipleCharles');
INSERT INTO Students VALUES (620001806,'UNDERGRAD','01-01-2020');
INSERT INTO Enrolled (u_id,courseCode) VALUES (620001806,'BIOC2236'),(620001806,'CHEM2867'),(620001806,'BIOC2671'),(620001806,'CHEM3793'),(620001806,'BIOC1534');
INSERT INTO Users VALUES (620001807,'Jimmy','Hart','JimmyHart@gmail.com','HartJimmy');
INSERT INTO Students VALUES (620001807,'UNDERGRAD','01-01-2020');
INSERT INTO Enrolled (u_id,courseCode) VALUES (620001807,'COMP3506'),(620001807,'INFO1014'),(620001807,'MATH1454'),(620001807,'BIOC2983'),(620001807,'CHEM3347'),(620001807,'COMP3418');
INSERT INTO Users VALUES (620001808,'Roberta','Davis','RobertaDavis@gmail.com','DavisRoberta');
INSERT INTO Students VALUES (620001808,'UNDERGRAD','01-01-2020');
INSERT INTO Enrolled (u_id,courseCode) VALUES (620001808,'BIOC2236'),(620001808,'COMP3697'),(620001808,'ECON2345'),(620001808,'MATH3059'),(620001808,'BIOC1104'),(620001808,'CHEM2005');
INSERT INTO Users VALUES (620001809,'Jeffrey','Hinojosa','JeffreyHinojosa@gmail.com','HinojosaJeffrey');
INSERT INTO Students VALUES (620001809,'UNDERGRAD','01-01-2020');
INSERT INTO Enrolled (u_id,courseCode) VALUES (620001809,'CHEM2065'),(620001809,'CHEM2066'),(620001809,'BIOC2983');
INSERT INTO Users VALUES (620001810,'Madaline','Hodge','MadalineHodge@gmail.com','HodgeMadaline');
INSERT INTO Students VALUES (620001810,'UNDERGRAD','01-01-2020');
INSERT INTO Enrolled (u_id,courseCode) VALUES (620001810,'INFO3645'),(620001810,'COMP3418'),(620001810,'BIOC1164');
INSERT INTO Users VALUES (620001811,'Randy','Vineyard','RandyVineyard@gmail.com','VineyardRandy');
INSERT INTO Students VALUES (620001811,'UNDERGRAD','01-01-2020');
INSERT INTO Enrolled (u_id,courseCode) VALUES (620001811,'CHEM3614'),(620001811,'ECON3276'),(620001811,'CHEM2031');
INSERT INTO Users VALUES (620001812,'Marcus','Hunter','MarcusHunter@gmail.com','HunterMarcus');
INSERT INTO Students VALUES (620001812,'UNDERGRAD','01-01-2020');
INSERT INTO Enrolled (u_id,courseCode) VALUES (620001812,'INFO1990'),(620001812,'CHEM3327'),(620001812,'MATH3544'),(620001812,'ECON3228'),(620001812,'CHEM2626');
INSERT INTO Users VALUES (620001813,'Sarah','Sandlin','SarahSandlin@gmail.com','SandlinSarah');
INSERT INTO Students VALUES (620001813,'UNDERGRAD','01-01-2020');
INSERT INTO Enrolled (u_id,courseCode) VALUES (620001813,'CHEM3347'),(620001813,'ECON3276'),(620001813,'INFO2813'),(620001813,'MATH2555'),(620001813,'BIOC3604'),(620001813,'COMP1051');
INSERT INTO Users VALUES (620001814,'Randall','Bowerman','RandallBowerman@gmail.com','BowermanRandall');
INSERT INTO Students VALUES (620001814,'UNDERGRAD','01-01-2020');
INSERT INTO Enrolled (u_id,courseCode) VALUES (620001814,'MATH1454'),(620001814,'ECON1645'),(620001814,'MATH1648'),(620001814,'MATH3179'),(620001814,'COMP3685');
INSERT INTO Users VALUES (620001815,'Robert','Diggs','RobertDiggs@gmail.com','DiggsRobert');
INSERT INTO Students VALUES (620001815,'UNDERGRAD','01-01-2020');
INSERT INTO Enrolled (u_id,courseCode) VALUES (620001815,'BIOC3721'),(620001815,'CHEM1807'),(620001815,'ECON3063'),(620001815,'MATH2873'),(620001815,'PHYS3339'),(620001815,'MATH1735');
INSERT INTO Users VALUES (620001816,'Nathan','Noggle','NathanNoggle@gmail.com','NoggleNathan');
INSERT INTO Students VALUES (620001816,'UNDERGRAD','01-01-2020');
INSERT INTO Enrolled (u_id,courseCode) VALUES (620001816,'ECON2722'),(620001816,'PHYS2338'),(620001816,'PHYS2977');
INSERT INTO Users VALUES (620001817,'Joyce','James','JoyceJames@gmail.com','JamesJoyce');
INSERT INTO Students VALUES (620001817,'UNDERGRAD','01-01-2020');
INSERT INTO Enrolled (u_id,courseCode) VALUES (620001817,'MATH2873'),(620001817,'PHYS1140'),(620001817,'MATH3688'),(620001817,'PHYS1979');
INSERT INTO Users VALUES (620001818,'Weldon','Orchard','WeldonOrchard@gmail.com','OrchardWeldon');
INSERT INTO Students VALUES (620001818,'UNDERGRAD','01-01-2020');
INSERT INTO Enrolled (u_id,courseCode) VALUES (620001818,'COMP3506'),(620001818,'COMP2080'),(620001818,'BIOC3457');
INSERT INTO Users VALUES (620001819,'Freddie','Morey','FreddieMorey@gmail.com','MoreyFreddie');
INSERT INTO Students VALUES (620001819,'UNDERGRAD','01-01-2020');
INSERT INTO Enrolled (u_id,courseCode) VALUES (620001819,'COMP1543'),(620001819,'PHYS3729'),(620001819,'INFO2950');
INSERT INTO Users VALUES (620001820,'Rene','Hamilton','ReneHamilton@gmail.com','HamiltonRene');
INSERT INTO Students VALUES (620001820,'UNDERGRAD','01-01-2020');
INSERT INTO Enrolled (u_id,courseCode) VALUES (620001820,'MATH2873'),(620001820,'MATH3059'),(620001820,'BIOC2236'),(620001820,'ECON3550');
INSERT INTO Users VALUES (620001821,'Rhoda','Bradford','RhodaBradford@gmail.com','BradfordRhoda');
INSERT INTO Students VALUES (620001821,'UNDERGRAD','01-01-2020');
INSERT INTO Enrolled (u_id,courseCode) VALUES (620001821,'MATH1454'),(620001821,'MATH3613'),(620001821,'MATH1648');
INSERT INTO Users VALUES (620001822,'Isreal','Souza','IsrealSouza@gmail.com','SouzaIsreal');
INSERT INTO Students VALUES (620001822,'UNDERGRAD','01-01-2020');
INSERT INTO Enrolled (u_id,courseCode) VALUES (620001822,'CHEM1494'),(620001822,'COMP3047'),(620001822,'BIOC1866'),(620001822,'ECON2345');
INSERT INTO Users VALUES (620001823,'Manuel','Dunn','ManuelDunn@gmail.com','DunnManuel');
INSERT INTO Students VALUES (620001823,'UNDERGRAD','01-01-2020');
INSERT INTO Enrolled (u_id,courseCode) VALUES (620001823,'ECON3063'),(620001823,'MATH1735'),(620001823,'PHYS3464'),(620001823,'ECON3228');
INSERT INTO Users VALUES (620001824,'Frankie','Early','FrankieEarly@gmail.com','EarlyFrankie');
INSERT INTO Students VALUES (620001824,'UNDERGRAD','01-01-2020');
INSERT INTO Enrolled (u_id,courseCode) VALUES (620001824,'COMP3849'),(620001824,'COMP3418'),(620001824,'CHEM2005'),(620001824,'COMP2080'),(620001824,'INFO3935'),(620001824,'PHYS3729');
INSERT INTO Users VALUES (620001825,'Wanda','Ramlall','WandaRamlall@gmail.com','RamlallWanda');
INSERT INTO Students VALUES (620001825,'UNDERGRAD','01-01-2020');
INSERT INTO Enrolled (u_id,courseCode) VALUES (620001825,'MATH1262'),(620001825,'PHYS2229'),(620001825,'MATH1648'),(620001825,'COMP2400'),(620001825,'BIOC3191');
INSERT INTO Users VALUES (620001826,'Kelly','Flemming','KellyFlemming@gmail.com','FlemmingKelly');
INSERT INTO Students VALUES (620001826,'UNDERGRAD','01-01-2020');
INSERT INTO Enrolled (u_id,courseCode) VALUES (620001826,'INFO2950'),(620001826,'CHEM3347'),(620001826,'CHEM3614'),(620001826,'COMP3536'),(620001826,'PHYS2977');
INSERT INTO Users VALUES (620001827,'Freddie','Dohse','FreddieDohse@gmail.com','DohseFreddie');
INSERT INTO Students VALUES (620001827,'UNDERGRAD','01-01-2020');
INSERT INTO Enrolled (u_id,courseCode) VALUES (620001827,'INFO1447'),(620001827,'MATH3688'),(620001827,'ECON1012'),(620001827,'BIOC2981');
INSERT INTO Users VALUES (620001828,'Jeremy','Shane','JeremyShane@gmail.com','ShaneJeremy');
INSERT INTO Students VALUES (620001828,'UNDERGRAD','01-01-2020');
INSERT INTO Enrolled (u_id,courseCode) VALUES (620001828,'BIOC3604'),(620001828,'INFO2521'),(620001828,'BIOC3457'),(620001828,'BIOC1910'),(620001828,'BIOC1744'),(620001828,'PHYS2117');
INSERT INTO Users VALUES (620001829,'Nicole','Santos','NicoleSantos@gmail.com','SantosNicole');
INSERT INTO Students VALUES (620001829,'UNDERGRAD','01-01-2020');
INSERT INTO Enrolled (u_id,courseCode) VALUES (620001829,'PHYS3876'),(620001829,'COMP3639'),(620001829,'ECON2345'),(620001829,'MATH1262'),(620001829,'BIOC3604');
INSERT INTO Users VALUES (620001830,'Orlando','Phinney','OrlandoPhinney@gmail.com','PhinneyOrlando');
INSERT INTO Students VALUES (620001830,'UNDERGRAD','01-01-2020');
INSERT INTO Enrolled (u_id,courseCode) VALUES (620001830,'INFO1825'),(620001830,'PHYS3290'),(620001830,'MATH2717'),(620001830,'COMP3746'),(620001830,'BIOC1725');
INSERT INTO Users VALUES (620001831,'Christine','Barrett','ChristineBarrett@gmail.com','BarrettChristine');
INSERT INTO Students VALUES (620001831,'UNDERGRAD','01-01-2020');
INSERT INTO Enrolled (u_id,courseCode) VALUES (620001831,'CHEM2727'),(620001831,'BIOC2054'),(620001831,'PHYS3876');
INSERT INTO Users VALUES (620001832,'Iris','Scales','IrisScales@gmail.com','ScalesIris');
INSERT INTO Students VALUES (620001832,'UNDERGRAD','01-01-2020');
INSERT INTO Enrolled (u_id,courseCode) VALUES (620001832,'BIOC3191'),(620001832,'PHYS3354'),(620001832,'MATH1578'),(620001832,'COMP3418');
INSERT INTO Users VALUES (620001833,'Wendell','Tallent','WendellTallent@gmail.com','TallentWendell');
INSERT INTO Students VALUES (620001833,'UNDERGRAD','01-01-2020');
INSERT INTO Enrolled (u_id,courseCode) VALUES (620001833,'INFO1833'),(620001833,'COMP3697'),(620001833,'CHEM1494'),(620001833,'CHEM2727');
INSERT INTO Users VALUES (620001834,'Ethel','Morey','EthelMorey@gmail.com','MoreyEthel');
INSERT INTO Students VALUES (620001834,'UNDERGRAD','01-01-2020');
INSERT INTO Enrolled (u_id,courseCode) VALUES (620001834,'CHEM1807'),(620001834,'ECON2387'),(620001834,'COMP3639'),(620001834,'COMP2361'),(620001834,'BIOC2983');
INSERT INTO Users VALUES (620001835,'Greg','Alexander','GregAlexander@gmail.com','AlexanderGreg');
INSERT INTO Students VALUES (620001835,'UNDERGRAD','01-01-2020');
INSERT INTO Enrolled (u_id,courseCode) VALUES (620001835,'ECON3737'),(620001835,'BIOC3721'),(620001835,'PHYS1140'),(620001835,'MATH1262'),(620001835,'MATH2555');
INSERT INTO Users VALUES (620001836,'Sara','Gondek','SaraGondek@gmail.com','GondekSara');
INSERT INTO Students VALUES (620001836,'UNDERGRAD','01-01-2020');
INSERT INTO Enrolled (u_id,courseCode) VALUES (620001836,'ECON3085'),(620001836,'MATH2717'),(620001836,'INFO3645'),(620001836,'CHEM2031'),(620001836,'INFO3603'),(620001836,'CHEM2867');
INSERT INTO Users VALUES (620001837,'Orlando','Mcneill','OrlandoMcneill@gmail.com','McneillOrlando');
INSERT INTO Students VALUES (620001837,'UNDERGRAD','01-01-2020');
INSERT INTO Enrolled (u_id,courseCode) VALUES (620001837,'INFO3419'),(620001837,'MATH2957'),(620001837,'MATH3173');
INSERT INTO Users VALUES (620001838,'Antwan','Prince','AntwanPrince@gmail.com','PrinceAntwan');
INSERT INTO Students VALUES (620001838,'UNDERGRAD','01-01-2020');
INSERT INTO Enrolled (u_id,courseCode) VALUES (620001838,'BIOC3721'),(620001838,'ECON3281'),(620001838,'INFO1288'),(620001838,'CHEM2149'),(620001838,'BIOC1448');
INSERT INTO Users VALUES (620001839,'Lauren','Diggs','LaurenDiggs@gmail.com','DiggsLauren');
INSERT INTO Students VALUES (620001839,'UNDERGRAD','01-01-2020');
INSERT INTO Enrolled (u_id,courseCode) VALUES (620001839,'MATH2550'),(620001839,'PHYS1993'),(620001839,'COMP1051'),(620001839,'MATH1735'),(620001839,'ECON1996'),(620001839,'MATH1578');
INSERT INTO Users VALUES (620001840,'Manuel','Watson','ManuelWatson@gmail.com','WatsonManuel');
INSERT INTO Students VALUES (620001840,'UNDERGRAD','01-01-2020');
INSERT INTO Enrolled (u_id,courseCode) VALUES (620001840,'MATH3844'),(620001840,'MATH1148'),(620001840,'BIOC1448'),(620001840,'BIOC3341'),(620001840,'COMP3173'),(620001840,'ECON1170');
INSERT INTO Users VALUES (620001841,'Rhonda','Shields','RhondaShields@gmail.com','ShieldsRhonda');
INSERT INTO Students VALUES (620001841,'UNDERGRAD','01-01-2020');
INSERT INTO Enrolled (u_id,courseCode) VALUES (620001841,'MATH2188'),(620001841,'BIOC1104'),(620001841,'CHEM3888'),(620001841,'ECON1012');
INSERT INTO Users VALUES (620001842,'Shawn','Lowry','ShawnLowry@gmail.com','LowryShawn');
INSERT INTO Students VALUES (620001842,'UNDERGRAD','01-01-2020');
INSERT INTO Enrolled (u_id,courseCode) VALUES (620001842,'MATH2067'),(620001842,'CHEM3327'),(620001842,'ECON1498'),(620001842,'INFO2950');
INSERT INTO Users VALUES (620001843,'Denise','May','DeniseMay@gmail.com','MayDenise');
INSERT INTO Students VALUES (620001843,'UNDERGRAD','01-01-2020');
INSERT INTO Enrolled (u_id,courseCode) VALUES (620001843,'PHYS3339'),(620001843,'ECON2345'),(620001843,'MATH1454'),(620001843,'PHYS2113');
INSERT INTO Users VALUES (620001844,'Agnes','Harness','AgnesHarness@gmail.com','HarnessAgnes');
INSERT INTO Students VALUES (620001844,'UNDERGRAD','01-01-2020');
INSERT INTO Enrolled (u_id,courseCode) VALUES (620001844,'COMP3047'),(620001844,'MATH2501'),(620001844,'ECON3020'),(620001844,'ECON3550'),(620001844,'MATH1648'),(620001844,'PHYS2113');
INSERT INTO Users VALUES (620001845,'Miguel','Lindstrom','MiguelLindstrom@gmail.com','LindstromMiguel');
INSERT INTO Students VALUES (620001845,'UNDERGRAD','01-01-2020');
INSERT INTO Enrolled (u_id,courseCode) VALUES (620001845,'PHYS3354'),(620001845,'MATH2501'),(620001845,'COMP3173'),(620001845,'COMP3639');
INSERT INTO Users VALUES (620001846,'Stephanie','Dohse','StephanieDohse@gmail.com','DohseStephanie');
INSERT INTO Students VALUES (620001846,'UNDERGRAD','01-01-2020');
INSERT INTO Enrolled (u_id,courseCode) VALUES (620001846,'COMP1184'),(620001846,'PHYS2338'),(620001846,'INFO2521'),(620001846,'COMP3849'),(620001846,'CHEM1494');
INSERT INTO Users VALUES (620001847,'Thomas','Estrada','ThomasEstrada@gmail.com','EstradaThomas');
INSERT INTO Students VALUES (620001847,'UNDERGRAD','01-01-2020');
INSERT INTO Enrolled (u_id,courseCode) VALUES (620001847,'INFO2811'),(620001847,'PHYS2448'),(620001847,'BIOC2981'),(620001847,'MATH3688'),(620001847,'CHEM2177'),(620001847,'INFO3636');
INSERT INTO Users VALUES (620001848,'Reggie','Woomer','ReggieWoomer@gmail.com','WoomerReggie');
INSERT INTO Students VALUES (620001848,'UNDERGRAD','01-01-2020');
INSERT INTO Enrolled (u_id,courseCode) VALUES (620001848,'PHYS2117'),(620001848,'BIOC1910'),(620001848,'ECON3281'),(620001848,'MATH2957');
INSERT INTO Users VALUES (620001849,'Walter','Carlyle','WalterCarlyle@gmail.com','CarlyleWalter');
INSERT INTO Students VALUES (620001849,'UNDERGRAD','01-01-2020');
INSERT INTO Enrolled (u_id,courseCode) VALUES (620001849,'MATH3544'),(620001849,'MATH1262'),(620001849,'COMP3173'),(620001849,'INFO2213');
INSERT INTO Users VALUES (620001850,'Agnes','Robles','AgnesRobles@gmail.com','RoblesAgnes');
INSERT INTO Students VALUES (620001850,'UNDERGRAD','01-01-2020');
INSERT INTO Enrolled (u_id,courseCode) VALUES (620001850,'ECON3737'),(620001850,'ECON2345'),(620001850,'COMP1051'),(620001850,'ECON3989'),(620001850,'INFO1833'),(620001850,'PHYS3729');
INSERT INTO Users VALUES (620001851,'Vickie','Garrett','VickieGarrett@gmail.com','GarrettVickie');
INSERT INTO Students VALUES (620001851,'UNDERGRAD','01-01-2020');
INSERT INTO Enrolled (u_id,courseCode) VALUES (620001851,'MATH1972'),(620001851,'CHEM3614'),(620001851,'CHEM1485'),(620001851,'INFO2559');
INSERT INTO Users VALUES (620001852,'Vanessa','Tallent','VanessaTallent@gmail.com','TallentVanessa');
INSERT INTO Students VALUES (620001852,'UNDERGRAD','01-01-2020');
INSERT INTO Enrolled (u_id,courseCode) VALUES (620001852,'COMP3418'),(620001852,'BIOC2983'),(620001852,'PHYS3787'),(620001852,'CHEM2149'),(620001852,'BIOC1485');
INSERT INTO Users VALUES (620001853,'Charles','Boyer','CharlesBoyer@gmail.com','BoyerCharles');
INSERT INTO Students VALUES (620001853,'UNDERGRAD','01-01-2020');
INSERT INTO Enrolled (u_id,courseCode) VALUES (620001853,'COMP2717'),(620001853,'PHYS3659'),(620001853,'COMP3746'),(620001853,'COMP1867');
INSERT INTO Users VALUES (620001854,'Michael','Congdon','MichaelCongdon@gmail.com','CongdonMichael');
INSERT INTO Students VALUES (620001854,'UNDERGRAD','01-01-2020');
INSERT INTO Enrolled (u_id,courseCode) VALUES (620001854,'INFO3645'),(620001854,'PHYS1399'),(620001854,'BIOC3191'),(620001854,'ECON3311');
INSERT INTO Users VALUES (620001855,'Ladawn','Mauk','LadawnMauk@gmail.com','MaukLadawn');
INSERT INTO Students VALUES (620001855,'UNDERGRAD','01-01-2020');
INSERT INTO Enrolled (u_id,courseCode) VALUES (620001855,'INFO2813'),(620001855,'MATH1262'),(620001855,'CHEM2727'),(620001855,'MATH2873');
INSERT INTO Users VALUES (620001856,'Doris','Christinsen','DorisChristinsen@gmail.com','ChristinsenDoris');
INSERT INTO Students VALUES (620001856,'UNDERGRAD','01-01-2020');
INSERT INTO Enrolled (u_id,courseCode) VALUES (620001856,'BIOC2054'),(620001856,'PHYS2451'),(620001856,'ECON3550'),(620001856,'INFO3868'),(620001856,'PHYS3876'),(620001856,'MATH1638');
INSERT INTO Users VALUES (620001857,'Dennis','Halford','DennisHalford@gmail.com','HalfordDennis');
INSERT INTO Students VALUES (620001857,'UNDERGRAD','01-01-2020');
INSERT INTO Enrolled (u_id,courseCode) VALUES (620001857,'BIOC2054'),(620001857,'PHYS2451'),(620001857,'PHYS2977'),(620001857,'MATH3613'),(620001857,'CHEM1340');
INSERT INTO Users VALUES (620001858,'Lilla','Marshall','LillaMarshall@gmail.com','MarshallLilla');
INSERT INTO Students VALUES (620001858,'UNDERGRAD','01-01-2020');
INSERT INTO Enrolled (u_id,courseCode) VALUES (620001858,'INFO1447'),(620001858,'MATH1972'),(620001858,'MATH3179'),(620001858,'INFO2950'),(620001858,'BIOC3721'),(620001858,'COMP3849');
INSERT INTO Users VALUES (620001859,'Kathy','Walker','KathyWalker@gmail.com','WalkerKathy');
INSERT INTO Students VALUES (620001859,'UNDERGRAD','01-01-2020');
INSERT INTO Enrolled (u_id,courseCode) VALUES (620001859,'BIOC2236'),(620001859,'ECON3276'),(620001859,'ECON1589'),(620001859,'MATH2873'),(620001859,'ECON1996'),(620001859,'INFO3645');
INSERT INTO Users VALUES (620001860,'Jamison','Starks','JamisonStarks@gmail.com','StarksJamison');
INSERT INTO Students VALUES (620001860,'UNDERGRAD','01-01-2020');
INSERT INTO Enrolled (u_id,courseCode) VALUES (620001860,'BIOC2981'),(620001860,'PHYS2563'),(620001860,'MATH3857');
INSERT INTO Users VALUES (620001861,'Nan','Dahlheimer','NanDahlheimer@gmail.com','DahlheimerNan');
INSERT INTO Students VALUES (620001861,'UNDERGRAD','01-01-2020');
INSERT INTO Enrolled (u_id,courseCode) VALUES (620001861,'INFO2860'),(620001861,'MATH2188'),(620001861,'CHEM1485'),(620001861,'CHEM1807');
INSERT INTO Users VALUES (620001862,'Nina','Hawkins','NinaHawkins@gmail.com','HawkinsNina');
INSERT INTO Students VALUES (620001862,'UNDERGRAD','01-01-2020');
INSERT INTO Enrolled (u_id,courseCode) VALUES (620001862,'MATH2957'),(620001862,'ECON3737'),(620001862,'CHEM2867'),(620001862,'PHYS3659'),(620001862,'CHEM2604'),(620001862,'COMP2400');
INSERT INTO Users VALUES (620001863,'Traci','Steinbach','TraciSteinbach@gmail.com','SteinbachTraci');
INSERT INTO Students VALUES (620001863,'UNDERGRAD','01-01-2020');
INSERT INTO Enrolled (u_id,courseCode) VALUES (620001863,'MATH3059'),(620001863,'PHYS1993'),(620001863,'MATH2873'),(620001863,'INFO2950'),(620001863,'PHYS2448');
INSERT INTO Users VALUES (620001864,'Harold','Pelletier','HaroldPelletier@gmail.com','PelletierHarold');
INSERT INTO Students VALUES (620001864,'UNDERGRAD','01-01-2020');
INSERT INTO Enrolled (u_id,courseCode) VALUES (620001864,'ECON3737'),(620001864,'CHEM2697'),(620001864,'BIOC1164'),(620001864,'PHYS2451');
INSERT INTO Users VALUES (620001865,'Barbara','Huffman','BarbaraHuffman@gmail.com','HuffmanBarbara');
INSERT INTO Students VALUES (620001865,'UNDERGRAD','01-01-2020');
INSERT INTO Enrolled (u_id,courseCode) VALUES (620001865,'MATH2717'),(620001865,'COMP3173'),(620001865,'MATH1454'),(620001865,'MATH1250'),(620001865,'CHEM2697');
INSERT INTO Users VALUES (620001866,'Curtis','Robinson','CurtisRobinson@gmail.com','RobinsonCurtis');
INSERT INTO Students VALUES (620001866,'UNDERGRAD','01-01-2020');
INSERT INTO Enrolled (u_id,courseCode) VALUES (620001866,'BIOC3457'),(620001866,'CHEM2005'),(620001866,'ECON3281');
INSERT INTO Users VALUES (620001867,'Juan','Robinson','JuanRobinson@gmail.com','RobinsonJuan');
INSERT INTO Students VALUES (620001867,'UNDERGRAD','01-01-2020');
INSERT INTO Enrolled (u_id,courseCode) VALUES (620001867,'CHEM1807'),(620001867,'INFO2950'),(620001867,'COMP3238'),(620001867,'INFO3603'),(620001867,'BIOC3230'),(620001867,'COMP1543');
INSERT INTO Users VALUES (620001868,'Freddie','Lauritsen','FreddieLauritsen@gmail.com','LauritsenFreddie');
INSERT INTO Students VALUES (620001868,'UNDERGRAD','01-01-2020');
INSERT INTO Enrolled (u_id,courseCode) VALUES (620001868,'PHYS2338'),(620001868,'COMP1357'),(620001868,'MATH1638'),(620001868,'CHEM2066'),(620001868,'BIOC3230'),(620001868,'COMP3173');
INSERT INTO Users VALUES (620001869,'Carolyn','Mcclenon','CarolynMcclenon@gmail.com','McclenonCarolyn');
INSERT INTO Students VALUES (620001869,'UNDERGRAD','01-01-2020');
INSERT INTO Enrolled (u_id,courseCode) VALUES (620001869,'CHEM2626'),(620001869,'INFO2797'),(620001869,'COMP1051'),(620001869,'PHYS1140'),(620001869,'CHEM2065');
INSERT INTO Users VALUES (620001870,'Jonathan','Gillman','JonathanGillman@gmail.com','GillmanJonathan');
INSERT INTO Students VALUES (620001870,'UNDERGRAD','01-01-2020');
INSERT INTO Enrolled (u_id,courseCode) VALUES (620001870,'BIOC3604'),(620001870,'INFO2950'),(620001870,'INFO2559'),(620001870,'INFO2813'),(620001870,'COMP3084'),(620001870,'INFO2270');
INSERT INTO Users VALUES (620001871,'Wendell','Gondek','WendellGondek@gmail.com','GondekWendell');
INSERT INTO Students VALUES (620001871,'UNDERGRAD','01-01-2020');
INSERT INTO Enrolled (u_id,courseCode) VALUES (620001871,'CHEM1340'),(620001871,'MATH1250'),(620001871,'CHEM2697'),(620001871,'CHEM2867'),(620001871,'MATH3688');
INSERT INTO Users VALUES (620001872,'Floyd','Butcher','FloydButcher@gmail.com','ButcherFloyd');
INSERT INTO Students VALUES (620001872,'UNDERGRAD','01-01-2020');
INSERT INTO Enrolled (u_id,courseCode) VALUES (620001872,'MATH1262'),(620001872,'COMP2400'),(620001872,'BIOC3721'),(620001872,'PHYS3729');
INSERT INTO Users VALUES (620001873,'Sergio','Turner','SergioTurner@gmail.com','TurnerSergio');
INSERT INTO Students VALUES (620001873,'UNDERGRAD','01-01-2020');
INSERT INTO Enrolled (u_id,courseCode) VALUES (620001873,'CHEM1494'),(620001873,'MATH3029'),(620001873,'CHEM2867');
INSERT INTO Users VALUES (620001874,'Deanna','Knox','DeannaKnox@gmail.com','KnoxDeanna');
INSERT INTO Students VALUES (620001874,'UNDERGRAD','01-01-2020');
INSERT INTO Enrolled (u_id,courseCode) VALUES (620001874,'PHYS2117'),(620001874,'COMP3418'),(620001874,'INFO2636'),(620001874,'COMP1867'),(620001874,'MATH2801');
INSERT INTO Users VALUES (620001875,'Michelle','Vineyard','MichelleVineyard@gmail.com','VineyardMichelle');
INSERT INTO Students VALUES (620001875,'UNDERGRAD','01-01-2020');
INSERT INTO Enrolled (u_id,courseCode) VALUES (620001875,'BIOC2671'),(620001875,'INFO1990'),(620001875,'BIOC1164'),(620001875,'INFO2811'),(620001875,'BIOC3721'),(620001875,'ECON1230');
INSERT INTO Users VALUES (620001876,'Leticia','Carlson','LeticiaCarlson@gmail.com','CarlsonLeticia');
INSERT INTO Students VALUES (620001876,'UNDERGRAD','01-01-2020');
INSERT INTO Enrolled (u_id,courseCode) VALUES (620001876,'COMP3084'),(620001876,'COMP2965'),(620001876,'ECON2814'),(620001876,'CHEM2797'),(620001876,'BIOC2550');
INSERT INTO Users VALUES (620001877,'Edna','Eaton','EdnaEaton@gmail.com','EatonEdna');
INSERT INTO Students VALUES (620001877,'UNDERGRAD','01-01-2020');
INSERT INTO Enrolled (u_id,courseCode) VALUES (620001877,'PHYS3787'),(620001877,'CHEM3614'),(620001877,'ECON3228');
INSERT INTO Users VALUES (620001878,'Sandra','Griffin','SandraGriffin@gmail.com','GriffinSandra');
INSERT INTO Students VALUES (620001878,'UNDERGRAD','01-01-2020');
INSERT INTO Enrolled (u_id,courseCode) VALUES (620001878,'ECON3004'),(620001878,'CHEM2481'),(620001878,'INFO1447');
INSERT INTO Users VALUES (620001879,'Carlos','Shattuck','CarlosShattuck@gmail.com','ShattuckCarlos');
INSERT INTO Students VALUES (620001879,'UNDERGRAD','01-01-2020');
INSERT INTO Enrolled (u_id,courseCode) VALUES (620001879,'INFO1447'),(620001879,'COMP1184'),(620001879,'MATH2555'),(620001879,'COMP3697'),(620001879,'PHYS3686');
INSERT INTO Users VALUES (620001880,'William','Atkins','WilliamAtkins@gmail.com','AtkinsWilliam');
INSERT INTO Students VALUES (620001880,'UNDERGRAD','01-01-2020');
INSERT INTO Enrolled (u_id,courseCode) VALUES (620001880,'ECON3228'),(620001880,'BIOC1448'),(620001880,'ECON3737'),(620001880,'PHYS1979'),(620001880,'COMP3536'),(620001880,'PHYS3787');
INSERT INTO Users VALUES (620001881,'Mathew','Luper','MathewLuper@gmail.com','LuperMathew');
INSERT INTO Students VALUES (620001881,'UNDERGRAD','01-01-2020');
INSERT INTO Enrolled (u_id,courseCode) VALUES (620001881,'PHYS3659'),(620001881,'MATH3179'),(620001881,'CHEM2867'),(620001881,'INFO2521'),(620001881,'ECON3228'),(620001881,'PHYS2117');
INSERT INTO Users VALUES (620001882,'Jessie','Christinsen','JessieChristinsen@gmail.com','ChristinsenJessie');
INSERT INTO Students VALUES (620001882,'UNDERGRAD','01-01-2020');
INSERT INTO Enrolled (u_id,courseCode) VALUES (620001882,'COMP2651'),(620001882,'BIOC2236'),(620001882,'MATH2957'),(620001882,'ECON1458');
INSERT INTO Users VALUES (620001883,'Esmeralda','Bradford','EsmeraldaBradford@gmail.com','BradfordEsmeralda');
INSERT INTO Students VALUES (620001883,'UNDERGRAD','01-01-2020');
INSERT INTO Enrolled (u_id,courseCode) VALUES (620001883,'PHYS2229'),(620001883,'PHYS2977'),(620001883,'BIOC3721');
INSERT INTO Users VALUES (620001884,'David','Avery','DavidAvery@gmail.com','AveryDavid');
INSERT INTO Students VALUES (620001884,'UNDERGRAD','01-01-2020');
INSERT INTO Enrolled (u_id,courseCode) VALUES (620001884,'MATH2801'),(620001884,'COMP1573'),(620001884,'PHYS3464');
INSERT INTO Users VALUES (620001885,'Susan','Hardman','SusanHardman@gmail.com','HardmanSusan');
INSERT INTO Students VALUES (620001885,'UNDERGRAD','01-01-2020');
INSERT INTO Enrolled (u_id,courseCode) VALUES (620001885,'BIOC1052'),(620001885,'BIOC3230'),(620001885,'CHEM2031');
INSERT INTO Users VALUES (620001886,'Ruth','Morey','RuthMorey@gmail.com','MoreyRuth');
INSERT INTO Students VALUES (620001886,'UNDERGRAD','01-01-2020');
INSERT INTO Enrolled (u_id,courseCode) VALUES (620001886,'MATH1148'),(620001886,'PHYS2448'),(620001886,'PHYS3659'),(620001886,'MATH3029'),(620001886,'PHYS3290'),(620001886,'ECON1561');
INSERT INTO Users VALUES (620001887,'Jessie','Gilman','JessieGilman@gmail.com','GilmanJessie');
INSERT INTO Students VALUES (620001887,'UNDERGRAD','01-01-2020');
INSERT INTO Enrolled (u_id,courseCode) VALUES (620001887,'ECON2387'),(620001887,'BIOC1744'),(620001887,'ECON3989'),(620001887,'BIOC1164'),(620001887,'PHYS2117'),(620001887,'MATH3544');
INSERT INTO Users VALUES (620001888,'Gary','Chatcho','GaryChatcho@gmail.com','ChatchoGary');
INSERT INTO Students VALUES (620001888,'UNDERGRAD','01-01-2020');
INSERT INTO Enrolled (u_id,courseCode) VALUES (620001888,'BIOC3191'),(620001888,'INFO3645'),(620001888,'ECON2345'),(620001888,'CHEM2626'),(620001888,'BIOC1866'),(620001888,'INFO1990');
INSERT INTO Users VALUES (620001889,'Jose','Bras','JoseBras@gmail.com','BrasJose');
INSERT INTO Students VALUES (620001889,'UNDERGRAD','01-01-2020');
INSERT INTO Enrolled (u_id,courseCode) VALUES (620001889,'ECON3523'),(620001889,'PHYS3339'),(620001889,'MATH3179'),(620001889,'CHEM3747'),(620001889,'BIOC1104');
INSERT INTO Users VALUES (620001890,'Young','Coleman','YoungColeman@gmail.com','ColemanYoung');
INSERT INTO Students VALUES (620001890,'UNDERGRAD','01-01-2020');
INSERT INTO Enrolled (u_id,courseCode) VALUES (620001890,'BIOC3230'),(620001890,'PHYS2448'),(620001890,'COMP1543'),(620001890,'MATH3844'),(620001890,'INFO1833'),(620001890,'COMP3536');
INSERT INTO Users VALUES (620001891,'Clyde','Baccus','ClydeBaccus@gmail.com','BaccusClyde');
INSERT INTO Students VALUES (620001891,'UNDERGRAD','01-01-2020');
INSERT INTO Enrolled (u_id,courseCode) VALUES (620001891,'MATH2555'),(620001891,'COMP3746'),(620001891,'ECON1589'),(620001891,'BIOC1986'),(620001891,'ECON1645');
INSERT INTO Users VALUES (620001892,'Guillermo','Hart','GuillermoHart@gmail.com','HartGuillermo');
INSERT INTO Students VALUES (620001892,'UNDERGRAD','01-01-2020');
INSERT INTO Enrolled (u_id,courseCode) VALUES (620001892,'INFO2797'),(620001892,'MATH1148'),(620001892,'ECON2703'),(620001892,'PHYS3354');
INSERT INTO Users VALUES (620001893,'Samuel','Flemming','SamuelFlemming@gmail.com','FlemmingSamuel');
INSERT INTO Students VALUES (620001893,'UNDERGRAD','01-01-2020');
INSERT INTO Enrolled (u_id,courseCode) VALUES (620001893,'BIOC3191'),(620001893,'INFO3419'),(620001893,'COMP3536'),(620001893,'BIOC1439');
INSERT INTO Users VALUES (620001894,'Stacy','Ott','StacyOtt@gmail.com','OttStacy');
INSERT INTO Students VALUES (620001894,'UNDERGRAD','01-01-2020');
INSERT INTO Enrolled (u_id,courseCode) VALUES (620001894,'ECON3372'),(620001894,'ECON3020'),(620001894,'COMP1573');
INSERT INTO Users VALUES (620001895,'Jennifer','Early','JenniferEarly@gmail.com','EarlyJennifer');
INSERT INTO Students VALUES (620001895,'UNDERGRAD','01-01-2020');
INSERT INTO Enrolled (u_id,courseCode) VALUES (620001895,'MATH2501'),(620001895,'ECON1561'),(620001895,'COMP3047'),(620001895,'MATH1454'),(620001895,'BIOC1910'),(620001895,'COMP3536');
INSERT INTO Users VALUES (620001896,'Michael','Moldrem','MichaelMoldrem@gmail.com','MoldremMichael');
INSERT INTO Students VALUES (620001896,'UNDERGRAD','01-01-2020');
INSERT INTO Enrolled (u_id,courseCode) VALUES (620001896,'PHYS2229'),(620001896,'MATH1262'),(620001896,'INFO2213');
INSERT INTO Users VALUES (620001897,'Juan','Boyer','JuanBoyer@gmail.com','BoyerJuan');
INSERT INTO Students VALUES (620001897,'UNDERGRAD','01-01-2020');
INSERT INTO Enrolled (u_id,courseCode) VALUES (620001897,'CHEM2481'),(620001897,'INFO2716'),(620001897,'MATH3688'),(620001897,'INFO2337'),(620001897,'COMP2717');
INSERT INTO Users VALUES (620001898,'Ben','Valenzuela','BenValenzuela@gmail.com','ValenzuelaBen');
INSERT INTO Students VALUES (620001898,'UNDERGRAD','01-01-2020');
INSERT INTO Enrolled (u_id,courseCode) VALUES (620001898,'PHYS2306'),(620001898,'INFO1447'),(620001898,'COMP3173'),(620001898,'COMP3167');
INSERT INTO Users VALUES (620001899,'Gordon','Colley','GordonColley@gmail.com','ColleyGordon');
INSERT INTO Students VALUES (620001899,'UNDERGRAD','01-01-2020');
INSERT INTO Enrolled (u_id,courseCode) VALUES (620001899,'PHYS1993'),(620001899,'BIOC2054'),(620001899,'INFO2270'),(620001899,'INFO2716'),(620001899,'PHYS3290'),(620001899,'BIOC1866');
INSERT INTO Users VALUES (620001900,'Jessie','Decker','JessieDecker@gmail.com','DeckerJessie');
INSERT INTO Students VALUES (620001900,'UNDERGRAD','01-01-2020');
INSERT INTO Enrolled (u_id,courseCode) VALUES (620001900,'CHEM3327'),(620001900,'CHEM2149'),(620001900,'PHYS3876'),(620001900,'PHYS2306'),(620001900,'CHEM2481');
INSERT INTO Users VALUES (620001901,'Marcus','Ferretti','MarcusFerretti@gmail.com','FerrettiMarcus');
INSERT INTO Students VALUES (620001901,'UNDERGRAD','01-01-2020');
INSERT INTO Enrolled (u_id,courseCode) VALUES (620001901,'ECON1230'),(620001901,'CHEM2065'),(620001901,'CHEM2220'),(620001901,'MATH2067'),(620001901,'ECON3311');
INSERT INTO Users VALUES (620001902,'Kim','Souza','KimSouza@gmail.com','SouzaKim');
INSERT INTO Students VALUES (620001902,'UNDERGRAD','01-01-2020');
INSERT INTO Enrolled (u_id,courseCode) VALUES (620001902,'CHEM3409'),(620001902,'INFO2811'),(620001902,'COMP1867'),(620001902,'CHEM2867');
INSERT INTO Users VALUES (620001903,'Matthew','Maze','MatthewMaze@gmail.com','MazeMatthew');
INSERT INTO Students VALUES (620001903,'UNDERGRAD','01-01-2020');
INSERT INTO Enrolled (u_id,courseCode) VALUES (620001903,'BIOC1448'),(620001903,'CHEM2797'),(620001903,'PHYS2338'),(620001903,'CHEM2065'),(620001903,'CHEM1340'),(620001903,'CHEM2066');
INSERT INTO Users VALUES (620001904,'Kenneth','Barron','KennethBarron@gmail.com','BarronKenneth');
INSERT INTO Students VALUES (620001904,'UNDERGRAD','01-01-2020');
INSERT INTO Enrolled (u_id,courseCode) VALUES (620001904,'MATH2873'),(620001904,'INFO1825'),(620001904,'BIOC3457'),(620001904,'INFO2860');
INSERT INTO Users VALUES (620001905,'Edna','Truitt','EdnaTruitt@gmail.com','TruittEdna');
INSERT INTO Students VALUES (620001905,'UNDERGRAD','01-01-2020');
INSERT INTO Enrolled (u_id,courseCode) VALUES (620001905,'MATH3544'),(620001905,'INFO1990'),(620001905,'PHYS3686');
INSERT INTO Users VALUES (620001906,'Shayne','Gilman','ShayneGilman@gmail.com','GilmanShayne');
INSERT INTO Students VALUES (620001906,'UNDERGRAD','01-01-2020');
INSERT INTO Enrolled (u_id,courseCode) VALUES (620001906,'BIOC1448'),(620001906,'ECON1996'),(620001906,'INFO2950'),(620001906,'ECON3737');
INSERT INTO Users VALUES (620001907,'Ronald','Hardman','RonaldHardman@gmail.com','HardmanRonald');
INSERT INTO Students VALUES (620001907,'UNDERGRAD','01-01-2020');
INSERT INTO Enrolled (u_id,courseCode) VALUES (620001907,'INFO2797'),(620001907,'ECON2722'),(620001907,'MATH3059'),(620001907,'INFO1990'),(620001907,'PHYS3052'),(620001907,'COMP2080');
INSERT INTO Users VALUES (620001908,'Isreal','Early','IsrealEarly@gmail.com','EarlyIsreal');
INSERT INTO Students VALUES (620001908,'UNDERGRAD','01-01-2020');
INSERT INTO Enrolled (u_id,courseCode) VALUES (620001908,'CHEM2481'),(620001908,'BIOC1052'),(620001908,'CHEM3793'),(620001908,'BIOC3604'),(620001908,'PHYS3729');
INSERT INTO Users VALUES (620001909,'Adam','Gondek','AdamGondek@gmail.com','GondekAdam');
INSERT INTO Students VALUES (620001909,'UNDERGRAD','01-01-2020');
INSERT INTO Enrolled (u_id,courseCode) VALUES (620001909,'ECON2345'),(620001909,'INFO2860'),(620001909,'ECON3004'),(620001909,'INFO3603');
INSERT INTO Users VALUES (620001910,'Frankie','Wolfe','FrankieWolfe@gmail.com','WolfeFrankie');
INSERT INTO Students VALUES (620001910,'UNDERGRAD','01-01-2020');
INSERT INTO Enrolled (u_id,courseCode) VALUES (620001910,'PHYS3354'),(620001910,'ECON3276'),(620001910,'CHEM2481'),(620001910,'COMP1573'),(620001910,'PHYS1979');
INSERT INTO Users VALUES (620001911,'Richard','Truitt','RichardTruitt@gmail.com','TruittRichard');
INSERT INTO Students VALUES (620001911,'UNDERGRAD','01-01-2020');
INSERT INTO Enrolled (u_id,courseCode) VALUES (620001911,'BIOC1104'),(620001911,'INFO2716'),(620001911,'PHYS3354'),(620001911,'PHYS3052');
INSERT INTO Users VALUES (620001912,'Joy','Hardman','JoyHardman@gmail.com','HardmanJoy');
INSERT INTO Students VALUES (620001912,'UNDERGRAD','01-01-2020');
INSERT INTO Enrolled (u_id,courseCode) VALUES (620001912,'INFO2337'),(620001912,'ECON3550'),(620001912,'COMP3685'),(620001912,'CHEM3347'),(620001912,'MATH1972'),(620001912,'CHEM3327');
INSERT INTO Users VALUES (620001913,'Debbie','Lyford','DebbieLyford@gmail.com','LyfordDebbie');
INSERT INTO Students VALUES (620001913,'UNDERGRAD','01-01-2020');
INSERT INTO Enrolled (u_id,courseCode) VALUES (620001913,'PHYS1399'),(620001913,'MATH3179'),(620001913,'COMP2541'),(620001913,'BIOC1986'),(620001913,'COMP3506');
INSERT INTO Users VALUES (620001914,'Martin','Russ','MartinRuss@gmail.com','RussMartin');
INSERT INTO Students VALUES (620001914,'UNDERGRAD','01-01-2020');
INSERT INTO Enrolled (u_id,courseCode) VALUES (620001914,'MATH2873'),(620001914,'MATH3222'),(620001914,'ECON1589');
INSERT INTO Users VALUES (620001915,'Jennifer','Rios','JenniferRios@gmail.com','RiosJennifer');
INSERT INTO Students VALUES (620001915,'UNDERGRAD','01-01-2020');
INSERT INTO Enrolled (u_id,courseCode) VALUES (620001915,'CHEM2065'),(620001915,'BIOC1534'),(620001915,'ECON3004'),(620001915,'BIOC1485');
INSERT INTO Users VALUES (620001916,'Suzanne','Lamar','SuzanneLamar@gmail.com','LamarSuzanne');
INSERT INTO Students VALUES (620001916,'UNDERGRAD','01-01-2020');
INSERT INTO Enrolled (u_id,courseCode) VALUES (620001916,'CHEM1494'),(620001916,'MATH3844'),(620001916,'ECON1170'),(620001916,'PHYS2667');
INSERT INTO Users VALUES (620001917,'Edwin','Boyer','EdwinBoyer@gmail.com','BoyerEdwin');
INSERT INTO Students VALUES (620001917,'UNDERGRAD','01-01-2020');
INSERT INTO Enrolled (u_id,courseCode) VALUES (620001917,'PHYS2229'),(620001917,'BIOC3604'),(620001917,'INFO1825'),(620001917,'ECON3372');
INSERT INTO Users VALUES (620001918,'Weldon','Baptiste','WeldonBaptiste@gmail.com','BaptisteWeldon');
INSERT INTO Students VALUES (620001918,'UNDERGRAD','01-01-2020');
INSERT INTO Enrolled (u_id,courseCode) VALUES (620001918,'MATH3222'),(620001918,'MATH3857'),(620001918,'CHEM2066'),(620001918,'COMP2077'),(620001918,'BIOC1104'),(620001918,'ECON3063');
INSERT INTO Users VALUES (620001919,'Bobby','Calder','BobbyCalder@gmail.com','CalderBobby');
INSERT INTO Students VALUES (620001919,'UNDERGRAD','01-01-2020');
INSERT INTO Enrolled (u_id,courseCode) VALUES (620001919,'INFO3645'),(620001919,'COMP3639'),(620001919,'COMP3697'),(620001919,'CHEM2066');
INSERT INTO Users VALUES (620001920,'Elmer','Estrada','ElmerEstrada@gmail.com','EstradaElmer');
INSERT INTO Students VALUES (620001920,'UNDERGRAD','01-01-2020');
INSERT INTO Enrolled (u_id,courseCode) VALUES (620001920,'COMP2651'),(620001920,'INFO2337'),(620001920,'COMP3849'),(620001920,'INFO1648');
INSERT INTO Users VALUES (620001921,'Suzanne','Cochran','SuzanneCochran@gmail.com','CochranSuzanne');
INSERT INTO Students VALUES (620001921,'UNDERGRAD','01-01-2020');
INSERT INTO Enrolled (u_id,courseCode) VALUES (620001921,'ECON1170'),(620001921,'ECON1098'),(620001921,'PHYS1140'),(620001921,'MATH2067'),(620001921,'INFO3935');
INSERT INTO Users VALUES (620001922,'Christina','Hayes','ChristinaHayes@gmail.com','HayesChristina');
INSERT INTO Students VALUES (620001922,'UNDERGRAD','01-01-2020');
INSERT INTO Enrolled (u_id,courseCode) VALUES (620001922,'MATH1648'),(620001922,'ECON3737'),(620001922,'ECON3281'),(620001922,'PHYS3339');
INSERT INTO Users VALUES (620001923,'Ruth','Hanks','RuthHanks@gmail.com','HanksRuth');
INSERT INTO Students VALUES (620001923,'UNDERGRAD','01-01-2020');
INSERT INTO Enrolled (u_id,courseCode) VALUES (620001923,'COMP2651'),(620001923,'INFO1014'),(620001923,'COMP2717'),(620001923,'INFO3636'),(620001923,'ECON3550');
INSERT INTO Users VALUES (620001924,'Mark','Krout','MarkKrout@gmail.com','KroutMark');
INSERT INTO Students VALUES (620001924,'UNDERGRAD','01-01-2020');
INSERT INTO Enrolled (u_id,courseCode) VALUES (620001924,'CHEM2604'),(620001924,'CHEM2446'),(620001924,'PHYS2238');
INSERT INTO Users VALUES (620001925,'Catherine','Bowerman','CatherineBowerman@gmail.com','BowermanCatherine');
INSERT INTO Students VALUES (620001925,'UNDERGRAD','01-01-2020');
INSERT INTO Enrolled (u_id,courseCode) VALUES (620001925,'PHYS3787'),(620001925,'MATH1148'),(620001925,'MATH1454'),(620001925,'ECON3004'),(620001925,'ECON3737');
INSERT INTO Users VALUES (620001926,'Rhonda','English','RhondaEnglish@gmail.com','EnglishRhonda');
INSERT INTO Students VALUES (620001926,'UNDERGRAD','01-01-2020');
INSERT INTO Enrolled (u_id,courseCode) VALUES (620001926,'CHEM3617'),(620001926,'BIOC2550'),(620001926,'MATH3857'),(620001926,'CHEM2446');
INSERT INTO Users VALUES (620001927,'Rhonda','Decker','RhondaDecker@gmail.com','DeckerRhonda');
INSERT INTO Students VALUES (620001927,'UNDERGRAD','01-01-2020');
INSERT INTO Enrolled (u_id,courseCode) VALUES (620001927,'INFO1825'),(620001927,'MATH1148'),(620001927,'INFO2811'),(620001927,'CHEM1807');
INSERT INTO Users VALUES (620001928,'Mason','Walden','MasonWalden@gmail.com','WaldenMason');
INSERT INTO Students VALUES (620001928,'UNDERGRAD','01-01-2020');
INSERT INTO Enrolled (u_id,courseCode) VALUES (620001928,'INFO2813'),(620001928,'COMP1867'),(620001928,'COMP3418'),(620001928,'ECON3281');
INSERT INTO Users VALUES (620001929,'Vanessa','Baptiste','VanessaBaptiste@gmail.com','BaptisteVanessa');
INSERT INTO Students VALUES (620001929,'UNDERGRAD','01-01-2020');
INSERT INTO Enrolled (u_id,courseCode) VALUES (620001929,'INFO3636'),(620001929,'INFO1145'),(620001929,'ECON2814'),(620001929,'ECON1170'),(620001929,'BIOC1598'),(620001929,'MATH1648');
INSERT INTO Users VALUES (620001930,'Edward','Atkins','EdwardAtkins@gmail.com','AtkinsEdward');
INSERT INTO Students VALUES (620001930,'UNDERGRAD','01-01-2020');
INSERT INTO Enrolled (u_id,courseCode) VALUES (620001930,'CHEM1807'),(620001930,'INFO2559'),(620001930,'MATH3844'),(620001930,'INFO3935'),(620001930,'CHEM3054'),(620001930,'COMP1543');
INSERT INTO Users VALUES (620001931,'Angela','Starks','AngelaStarks@gmail.com','StarksAngela');
INSERT INTO Students VALUES (620001931,'UNDERGRAD','01-01-2020');
INSERT INTO Enrolled (u_id,courseCode) VALUES (620001931,'BIOC2671'),(620001931,'INFO2521'),(620001931,'MATH1972');
INSERT INTO Users VALUES (620001932,'Eric','Pedersen','EricPedersen@gmail.com','PedersenEric');
INSERT INTO Students VALUES (620001932,'UNDERGRAD','01-01-2020');
INSERT INTO Enrolled (u_id,courseCode) VALUES (620001932,'COMP3849'),(620001932,'MATH3844'),(620001932,'COMP3167');
INSERT INTO Users VALUES (620001933,'Lisa','Comley','LisaComley@gmail.com','ComleyLisa');
INSERT INTO Students VALUES (620001933,'UNDERGRAD','01-01-2020');
INSERT INTO Enrolled (u_id,courseCode) VALUES (620001933,'MATH1578'),(620001933,'MATH2188'),(620001933,'INFO2811'),(620001933,'ECON2722'),(620001933,'PHYS3464');
INSERT INTO Users VALUES (620001934,'Mark','Knaub','MarkKnaub@gmail.com','KnaubMark');
INSERT INTO Students VALUES (620001934,'UNDERGRAD','01-01-2020');
INSERT INTO Enrolled (u_id,courseCode) VALUES (620001934,'PHYS3354'),(620001934,'CHEM2626'),(620001934,'CHEM3347'),(620001934,'CHEM3054'),(620001934,'CHEM3617'),(620001934,'PHYS2338');
INSERT INTO Users VALUES (620001935,'Delia','Gondek','DeliaGondek@gmail.com','GondekDelia');
INSERT INTO Students VALUES (620001935,'UNDERGRAD','01-01-2020');
INSERT INTO Enrolled (u_id,courseCode) VALUES (620001935,'MATH2717'),(620001935,'MATH1578'),(620001935,'MATH3029'),(620001935,'CHEM3793');
INSERT INTO Users VALUES (620001936,'Christine','Cummins','ChristineCummins@gmail.com','CumminsChristine');
INSERT INTO Students VALUES (620001936,'UNDERGRAD','01-01-2020');
INSERT INTO Enrolled (u_id,courseCode) VALUES (620001936,'ECON3020'),(620001936,'CHEM3054'),(620001936,'INFO1242'),(620001936,'MATH3857'),(620001936,'BIOC1164'),(620001936,'ECON2814');
INSERT INTO Users VALUES (620001937,'Willie','Klein','WillieKlein@gmail.com','KleinWillie');
INSERT INTO Students VALUES (620001937,'UNDERGRAD','01-01-2020');
INSERT INTO Enrolled (u_id,courseCode) VALUES (620001937,'ECON2814'),(620001937,'BIOC1910'),(620001937,'ECON2722'),(620001937,'ECON1589');
INSERT INTO Users VALUES (620001938,'Isreal','Quintero','IsrealQuintero@gmail.com','QuinteroIsreal');
INSERT INTO Students VALUES (620001938,'UNDERGRAD','01-01-2020');
INSERT INTO Enrolled (u_id,courseCode) VALUES (620001938,'BIOC3457'),(620001938,'PHYS2338'),(620001938,'PHYS1140');
INSERT INTO Users VALUES (620001939,'Lorenza','Lemieux','LorenzaLemieux@gmail.com','LemieuxLorenza');
INSERT INTO Students VALUES (620001939,'UNDERGRAD','01-01-2020');
INSERT INTO Enrolled (u_id,courseCode) VALUES (620001939,'PHYS2977'),(620001939,'CHEM3054'),(620001939,'INFO1242'),(620001939,'MATH2873');
INSERT INTO Users VALUES (620001940,'Lorenza','Cummins','LorenzaCummins@gmail.com','CumminsLorenza');
INSERT INTO Students VALUES (620001940,'UNDERGRAD','01-01-2020');
INSERT INTO Enrolled (u_id,courseCode) VALUES (620001940,'INFO2813'),(620001940,'BIOC2983'),(620001940,'CHEM1807');
INSERT INTO Users VALUES (620001941,'Joe','Jackson','JoeJackson@gmail.com','JacksonJoe');
INSERT INTO Students VALUES (620001941,'UNDERGRAD','01-01-2020');
INSERT INTO Enrolled (u_id,courseCode) VALUES (620001941,'ECON3447'),(620001941,'COMP3167'),(620001941,'CHEM2177');
INSERT INTO Users VALUES (620001942,'Don','Mcclenon','DonMcclenon@gmail.com','McclenonDon');
INSERT INTO Students VALUES (620001942,'UNDERGRAD','01-01-2020');
INSERT INTO Enrolled (u_id,courseCode) VALUES (620001942,'COMP3536'),(620001942,'MATH1309'),(620001942,'ECON2722'),(620001942,'PHYS1399'),(620001942,'INFO3868');
INSERT INTO Users VALUES (620001943,'Earl','Walden','EarlWalden@gmail.com','WaldenEarl');
INSERT INTO Students VALUES (620001943,'UNDERGRAD','01-01-2020');
INSERT INTO Enrolled (u_id,courseCode) VALUES (620001943,'MATH2957'),(620001943,'CHEM3747'),(620001943,'INFO2559'),(620001943,'COMP3173');
INSERT INTO Users VALUES (620001944,'Gregory','Luper','GregoryLuper@gmail.com','LuperGregory');
INSERT INTO Students VALUES (620001944,'UNDERGRAD','01-01-2020');
INSERT INTO Enrolled (u_id,courseCode) VALUES (620001944,'MATH3857'),(620001944,'BIOC2236'),(620001944,'ECON3372'),(620001944,'INFO2811');
INSERT INTO Users VALUES (620001945,'Adelia','Koehn','AdeliaKoehn@gmail.com','KoehnAdelia');
INSERT INTO Students VALUES (620001945,'UNDERGRAD','01-01-2020');
INSERT INTO Enrolled (u_id,courseCode) VALUES (620001945,'COMP1543'),(620001945,'PHYS3290'),(620001945,'CHEM2005'),(620001945,'INFO2213'),(620001945,'ECON1589');
INSERT INTO Users VALUES (620001946,'Craig','Nerbonne','CraigNerbonne@gmail.com','NerbonneCraig');
INSERT INTO Students VALUES (620001946,'UNDERGRAD','01-01-2020');
INSERT INTO Enrolled (u_id,courseCode) VALUES (620001946,'PHYS1399'),(620001946,'CHEM2797'),(620001946,'CHEM2220'),(620001946,'BIOC1052');
INSERT INTO Users VALUES (620001947,'Glenda','Ratterman','GlendaRatterman@gmail.com','RattermanGlenda');
INSERT INTO Students VALUES (620001947,'UNDERGRAD','01-01-2020');
INSERT INTO Enrolled (u_id,courseCode) VALUES (620001947,'ECON3737'),(620001947,'MATH1262'),(620001947,'ECON2814');
INSERT INTO Users VALUES (620001948,'Juan','Washinski','JuanWashinski@gmail.com','WashinskiJuan');
INSERT INTO Students VALUES (620001948,'UNDERGRAD','01-01-2020');
INSERT INTO Enrolled (u_id,courseCode) VALUES (620001948,'INFO2797'),(620001948,'COMP3685'),(620001948,'COMP2717');
INSERT INTO Users VALUES (620001949,'Jessie','Carlson','JessieCarlson@gmail.com','CarlsonJessie');
INSERT INTO Students VALUES (620001949,'UNDERGRAD','01-01-2020');
INSERT INTO Enrolled (u_id,courseCode) VALUES (620001949,'MATH3059'),(620001949,'CHEM2727'),(620001949,'MATH1262'),(620001949,'INFO1242');
INSERT INTO Users VALUES (620001950,'Sergio','Knox','SergioKnox@gmail.com','KnoxSergio');
INSERT INTO Students VALUES (620001950,'UNDERGRAD','01-01-2020');
INSERT INTO Enrolled (u_id,courseCode) VALUES (620001950,'COMP2077'),(620001950,'INFO2147'),(620001950,'ECON3550'),(620001950,'INFO3935');
INSERT INTO Users VALUES (620001951,'Delmar','Daniels','DelmarDaniels@gmail.com','DanielsDelmar');
INSERT INTO Students VALUES (620001951,'UNDERGRAD','01-01-2020');
INSERT INTO Enrolled (u_id,courseCode) VALUES (620001951,'INFO2950'),(620001951,'CHEM2177'),(620001951,'ECON1589'),(620001951,'ECON3063');
INSERT INTO Users VALUES (620001952,'Ben','Henderson','BenHenderson@gmail.com','HendersonBen');
INSERT INTO Students VALUES (620001952,'UNDERGRAD','01-01-2020');
INSERT INTO Enrolled (u_id,courseCode) VALUES (620001952,'BIOC1052'),(620001952,'MATH3688'),(620001952,'COMP1573'),(620001952,'INFO1288'),(620001952,'BIOC3457'),(620001952,'ECON2814');
INSERT INTO Users VALUES (620001953,'Dorothy','Givens','DorothyGivens@gmail.com','GivensDorothy');
INSERT INTO Students VALUES (620001953,'UNDERGRAD','01-01-2020');
INSERT INTO Enrolled (u_id,courseCode) VALUES (620001953,'MATH2717'),(620001953,'COMP2361'),(620001953,'BIOC3604'),(620001953,'INFO2636'),(620001953,'INFO2860'),(620001953,'MATH1454');
INSERT INTO Users VALUES (620001954,'Lori','Krout','LoriKrout@gmail.com','KroutLori');
INSERT INTO Students VALUES (620001954,'UNDERGRAD','01-01-2020');
INSERT INTO Enrolled (u_id,courseCode) VALUES (620001954,'ECON1783'),(620001954,'BIOC1794'),(620001954,'COMP3685');
INSERT INTO Users VALUES (620001955,'Krista','Chan','KristaChan@gmail.com','ChanKrista');
INSERT INTO Students VALUES (620001955,'UNDERGRAD','01-01-2020');
INSERT INTO Enrolled (u_id,courseCode) VALUES (620001955,'PHYS3354'),(620001955,'PHYS3464'),(620001955,'COMP1573'),(620001955,'COMP3697');
INSERT INTO Users VALUES (620001956,'Edna','Lundholm','EdnaLundholm@gmail.com','LundholmEdna');
INSERT INTO Students VALUES (620001956,'UNDERGRAD','01-01-2020');
INSERT INTO Enrolled (u_id,courseCode) VALUES (620001956,'PHYS1399'),(620001956,'ECON3085'),(620001956,'COMP2361'),(620001956,'INFO1014'),(620001956,'ECON1783');
INSERT INTO Users VALUES (620001957,'Nina','Wengerd','NinaWengerd@gmail.com','WengerdNina');
INSERT INTO Students VALUES (620001957,'UNDERGRAD','01-01-2020');
INSERT INTO Enrolled (u_id,courseCode) VALUES (620001957,'BIOC1052'),(620001957,'BIOC1104'),(620001957,'ECON3989'),(620001957,'PHYS1979'),(620001957,'COMP2717'),(620001957,'ECON1645');
INSERT INTO Users VALUES (620001958,'Antionette','Lauritsen','AntionetteLauritsen@gmail.com','LauritsenAntionette');
INSERT INTO Students VALUES (620001958,'UNDERGRAD','01-01-2020');
INSERT INTO Enrolled (u_id,courseCode) VALUES (620001958,'BIOC1164'),(620001958,'INFO2559'),(620001958,'CHEM2065');
INSERT INTO Users VALUES (620001959,'Scott','Wilson','ScottWilson@gmail.com','WilsonScott');
INSERT INTO Students VALUES (620001959,'UNDERGRAD','01-01-2020');
INSERT INTO Enrolled (u_id,courseCode) VALUES (620001959,'MATH3209'),(620001959,'PHYS2451'),(620001959,'ECON3004');
INSERT INTO Users VALUES (620001960,'Ernesto','Mchenry','ErnestoMchenry@gmail.com','MchenryErnesto');
INSERT INTO Students VALUES (620001960,'UNDERGRAD','01-01-2020');
INSERT INTO Enrolled (u_id,courseCode) VALUES (620001960,'MATH2873'),(620001960,'MATH3173'),(620001960,'ECON2345'),(620001960,'ECON1996'),(620001960,'INFO2636'),(620001960,'BIOC3341');
INSERT INTO Users VALUES (620001961,'Frankie','Barron','FrankieBarron@gmail.com','BarronFrankie');
INSERT INTO Students VALUES (620001961,'UNDERGRAD','01-01-2020');
INSERT INTO Enrolled (u_id,courseCode) VALUES (620001961,'BIOC3230'),(620001961,'ECON3550'),(620001961,'INFO1990'),(620001961,'CHEM1485');
INSERT INTO Users VALUES (620001962,'Kathleen','Miraglia','KathleenMiraglia@gmail.com','MiragliaKathleen');
INSERT INTO Students VALUES (620001962,'UNDERGRAD','01-01-2020');
INSERT INTO Enrolled (u_id,courseCode) VALUES (620001962,'ECON1645'),(620001962,'CHEM1807'),(620001962,'MATH1454'),(620001962,'INFO2716'),(620001962,'INFO1648');
INSERT INTO Users VALUES (620001963,'Melodie','Armstead','MelodieArmstead@gmail.com','ArmsteadMelodie');
INSERT INTO Students VALUES (620001963,'UNDERGRAD','01-01-2020');
INSERT INTO Enrolled (u_id,courseCode) VALUES (620001963,'BIOC2054'),(620001963,'CHEM2149'),(620001963,'BIOC1534'),(620001963,'MATH2188'),(620001963,'BIOC2236'),(620001963,'MATH1454');
INSERT INTO Users VALUES (620001964,'Marshall','Noonan','MarshallNoonan@gmail.com','NoonanMarshall');
INSERT INTO Students VALUES (620001964,'UNDERGRAD','01-01-2020');
INSERT INTO Enrolled (u_id,courseCode) VALUES (620001964,'COMP1357'),(620001964,'BIOC1534'),(620001964,'MATH3857');
INSERT INTO Users VALUES (620001965,'Dwayne','Fuller','DwayneFuller@gmail.com','FullerDwayne');
INSERT INTO Students VALUES (620001965,'UNDERGRAD','01-01-2020');
INSERT INTO Enrolled (u_id,courseCode) VALUES (620001965,'MATH3059'),(620001965,'PHYS1993'),(620001965,'BIOC3604'),(620001965,'INFO2559');
INSERT INTO Users VALUES (620001966,'Bethany','Jones','BethanyJones@gmail.com','JonesBethany');
INSERT INTO Students VALUES (620001966,'UNDERGRAD','01-01-2020');
INSERT INTO Enrolled (u_id,courseCode) VALUES (620001966,'MATH2717'),(620001966,'INFO2811'),(620001966,'MATH3844'),(620001966,'MATH3857'),(620001966,'CHEM3614'),(620001966,'COMP3167');
INSERT INTO Users VALUES (620001967,'Rodney','Dillis','RodneyDillis@gmail.com','DillisRodney');
INSERT INTO Students VALUES (620001967,'UNDERGRAD','01-01-2020');
INSERT INTO Enrolled (u_id,courseCode) VALUES (620001967,'ECON1561'),(620001967,'CHEM1807'),(620001967,'INFO1288'),(620001967,'PHYS3354'),(620001967,'ECON3228');
INSERT INTO Users VALUES (620001968,'Elmer','Howe','ElmerHowe@gmail.com','HoweElmer');
INSERT INTO Students VALUES (620001968,'UNDERGRAD','01-01-2020');
INSERT INTO Enrolled (u_id,courseCode) VALUES (620001968,'INFO1825'),(620001968,'INFO2811'),(620001968,'INFO1447'),(620001968,'COMP1460');
INSERT INTO Users VALUES (620001969,'Jesus','Valenzuela','JesusValenzuela@gmail.com','ValenzuelaJesus');
INSERT INTO Students VALUES (620001969,'UNDERGRAD','01-01-2020');
INSERT INTO Enrolled (u_id,courseCode) VALUES (620001969,'COMP3418'),(620001969,'CHEM3747'),(620001969,'MATH2555');
INSERT INTO Users VALUES (620001970,'Lauren','Krause','LaurenKrause@gmail.com','KrauseLauren');
INSERT INTO Students VALUES (620001970,'UNDERGRAD','01-01-2020');
INSERT INTO Enrolled (u_id,courseCode) VALUES (620001970,'BIOC1485'),(620001970,'ECON3447'),(620001970,'CHEM3793');
INSERT INTO Users VALUES (620001971,'Kirk','Chatcho','KirkChatcho@gmail.com','ChatchoKirk');
INSERT INTO Students VALUES (620001971,'UNDERGRAD','01-01-2020');
INSERT INTO Enrolled (u_id,courseCode) VALUES (620001971,'COMP2361'),(620001971,'ECON2345'),(620001971,'MATH2873'),(620001971,'CHEM1494'),(620001971,'COMP2080'),(620001971,'BIOC1439');
INSERT INTO Users VALUES (620001972,'Shonda','Heckstall','ShondaHeckstall@gmail.com','HeckstallShonda');
INSERT INTO Students VALUES (620001972,'UNDERGRAD','01-01-2020');
INSERT INTO Enrolled (u_id,courseCode) VALUES (620001972,'CHEM1613'),(620001972,'COMP1357'),(620001972,'PHYS1399'),(620001972,'COMP3084'),(620001972,'MATH2550'),(620001972,'MATH1148');
INSERT INTO Users VALUES (620001973,'Reginald','May','ReginaldMay@gmail.com','MayReginald');
INSERT INTO Students VALUES (620001973,'UNDERGRAD','01-01-2020');
INSERT INTO Enrolled (u_id,courseCode) VALUES (620001973,'CHEM2604'),(620001973,'INFO2559'),(620001973,'ECON3447'),(620001973,'BIOC1866'),(620001973,'INFO2521');
INSERT INTO Users VALUES (620001974,'Miguel','Petty','MiguelPetty@gmail.com','PettyMiguel');
INSERT INTO Students VALUES (620001974,'UNDERGRAD','01-01-2020');
INSERT INTO Enrolled (u_id,courseCode) VALUES (620001974,'MATH3222'),(620001974,'INFO1833'),(620001974,'MATH3173'),(620001974,'BIOC3457'),(620001974,'CHEM3347'),(620001974,'PHYS3354');
INSERT INTO Users VALUES (620001975,'Geoffrey','Halford','GeoffreyHalford@gmail.com','HalfordGeoffrey');
INSERT INTO Students VALUES (620001975,'UNDERGRAD','01-01-2020');
INSERT INTO Enrolled (u_id,courseCode) VALUES (620001975,'MATH2957'),(620001975,'PHYS2306'),(620001975,'BIOC1598');
INSERT INTO Users VALUES (620001976,'Leticia','Brock','LeticiaBrock@gmail.com','BrockLeticia');
INSERT INTO Students VALUES (620001976,'UNDERGRAD','01-01-2020');
INSERT INTO Enrolled (u_id,courseCode) VALUES (620001976,'CHEM2446'),(620001976,'MATH3688'),(620001976,'ECON2345'),(620001976,'PHYS3464'),(620001976,'ECON1458'),(620001976,'INFO1833');
INSERT INTO Users VALUES (620001977,'Gordon','Sharp','GordonSharp@gmail.com','SharpGordon');
INSERT INTO Students VALUES (620001977,'UNDERGRAD','01-01-2020');
INSERT INTO Enrolled (u_id,courseCode) VALUES (620001977,'ECON1458'),(620001977,'BIOC3457'),(620001977,'ECON1783'),(620001977,'BIOC1164'),(620001977,'INFO3868');
INSERT INTO Users VALUES (620001978,'Miguel','Jeanbaptiste','MiguelJeanbaptiste@gmail.com','JeanbaptisteMiguel');
INSERT INTO Students VALUES (620001978,'UNDERGRAD','01-01-2020');
INSERT INTO Enrolled (u_id,courseCode) VALUES (620001978,'ECON2345'),(620001978,'CHEM2481'),(620001978,'INFO2636');
INSERT INTO Users VALUES (620001979,'Deanne','Vargas','DeanneVargas@gmail.com','VargasDeanne');
INSERT INTO Students VALUES (620001979,'UNDERGRAD','01-01-2020');
INSERT INTO Enrolled (u_id,courseCode) VALUES (620001979,'CHEM2031'),(620001979,'BIOC1104'),(620001979,'CHEM2727'),(620001979,'PHYS2306');
INSERT INTO Users VALUES (620001980,'Nancy','Parker','NancyParker@gmail.com','ParkerNancy');
INSERT INTO Students VALUES (620001980,'UNDERGRAD','01-01-2020');
INSERT INTO Enrolled (u_id,courseCode) VALUES (620001980,'ECON3372'),(620001980,'BIOC3341'),(620001980,'PHYS1173'),(620001980,'CHEM1807'),(620001980,'MATH2555'),(620001980,'PHYS2563');
INSERT INTO Users VALUES (620001981,'Clyde','Ferretti','ClydeFerretti@gmail.com','FerrettiClyde');
INSERT INTO Students VALUES (620001981,'UNDERGRAD','01-01-2020');
INSERT INTO Enrolled (u_id,courseCode) VALUES (620001981,'BIOC2236'),(620001981,'ECON3989'),(620001981,'COMP2080'),(620001981,'MATH1648'),(620001981,'BIOC1598');
INSERT INTO Users VALUES (620001982,'Frankie','Figueroa','FrankieFigueroa@gmail.com','FigueroaFrankie');
INSERT INTO Students VALUES (620001982,'UNDERGRAD','01-01-2020');
INSERT INTO Enrolled (u_id,courseCode) VALUES (620001982,'ECON1498'),(620001982,'ECON3281'),(620001982,'ECON1170'),(620001982,'ECON3523'),(620001982,'COMP2080'),(620001982,'BIOC2550');
INSERT INTO Users VALUES (620001983,'David','Christenberry','DavidChristenberry@gmail.com','ChristenberryDavid');
INSERT INTO Students VALUES (620001983,'UNDERGRAD','01-01-2020');
INSERT INTO Enrolled (u_id,courseCode) VALUES (620001983,'ECON3737'),(620001983,'ECON3288'),(620001983,'BIOC3721'),(620001983,'PHYS2448'),(620001983,'BIOC1744'),(620001983,'CHEM3327');
INSERT INTO Users VALUES (620001984,'Tia','Hawkins','TiaHawkins@gmail.com','HawkinsTia');
INSERT INTO Students VALUES (620001984,'UNDERGRAD','01-01-2020');
INSERT INTO Enrolled (u_id,courseCode) VALUES (620001984,'ECON2703'),(620001984,'MATH1638'),(620001984,'BIOC1744'),(620001984,'BIOC3230'),(620001984,'CHEM2177'),(620001984,'MATH1648');
INSERT INTO Users VALUES (620001985,'Rick','Tate','RickTate@gmail.com','TateRick');
INSERT INTO Students VALUES (620001985,'UNDERGRAD','01-01-2020');
INSERT INTO Enrolled (u_id,courseCode) VALUES (620001985,'ECON1561'),(620001985,'BIOC1164'),(620001985,'CHEM1494');
INSERT INTO Users VALUES (620001986,'Chad','Mance','ChadMance@gmail.com','ManceChad');
INSERT INTO Students VALUES (620001986,'UNDERGRAD','01-01-2020');
INSERT INTO Enrolled (u_id,courseCode) VALUES (620001986,'CHEM2177'),(620001986,'BIOC2236'),(620001986,'PHYS1993'),(620001986,'CHEM3888'),(620001986,'PHYS1173'),(620001986,'BIOC1052');
INSERT INTO Users VALUES (620001987,'Eunice','Imoto','EuniceImoto@gmail.com','ImotoEunice');
INSERT INTO Students VALUES (620001987,'UNDERGRAD','01-01-2020');
INSERT INTO Enrolled (u_id,courseCode) VALUES (620001987,'PHYS1979'),(620001987,'ECON1645'),(620001987,'CHEM3747'),(620001987,'BIOC1598');
INSERT INTO Users VALUES (620001988,'Keith','Ott','KeithOtt@gmail.com','OttKeith');
INSERT INTO Students VALUES (620001988,'UNDERGRAD','01-01-2020');
INSERT INTO Enrolled (u_id,courseCode) VALUES (620001988,'MATH3059'),(620001988,'ECON3020'),(620001988,'COMP3746'),(620001988,'ECON3372'),(620001988,'CHEM2727');
INSERT INTO Users VALUES (620001989,'Georgie','Scarbrough','GeorgieScarbrough@gmail.com','ScarbroughGeorgie');
INSERT INTO Students VALUES (620001989,'UNDERGRAD','01-01-2020');
INSERT INTO Enrolled (u_id,courseCode) VALUES (620001989,'INFO2813'),(620001989,'CHEM1485'),(620001989,'ECON3737');
INSERT INTO Users VALUES (620001990,'Rebecca','Wilson','RebeccaWilson@gmail.com','WilsonRebecca');
INSERT INTO Students VALUES (620001990,'UNDERGRAD','01-01-2020');
INSERT INTO Enrolled (u_id,courseCode) VALUES (620001990,'ECON3523'),(620001990,'COMP3173'),(620001990,'PHYS3052'),(620001990,'COMP3506'),(620001990,'ECON3004'),(620001990,'BIOC2671');
INSERT INTO Users VALUES (620001991,'Jose','Turner','JoseTurner@gmail.com','TurnerJose');
INSERT INTO Students VALUES (620001991,'UNDERGRAD','01-01-2020');
INSERT INTO Enrolled (u_id,courseCode) VALUES (620001991,'ECON1589'),(620001991,'PHYS1173'),(620001991,'COMP3084'),(620001991,'CHEM2065'),(620001991,'PHYS3464'),(620001991,'ECON3372');
INSERT INTO Users VALUES (620001992,'Edwin','Bradford','EdwinBradford@gmail.com','BradfordEdwin');
INSERT INTO Students VALUES (620001992,'UNDERGRAD','01-01-2020');
INSERT INTO Enrolled (u_id,courseCode) VALUES (620001992,'COMP3639'),(620001992,'BIOC1104'),(620001992,'MATH1648'),(620001992,'INFO2860'),(620001992,'MATH3059'),(620001992,'BIOC2983');
INSERT INTO Users VALUES (620001993,'Delmar','Letchworth','DelmarLetchworth@gmail.com','LetchworthDelmar');
INSERT INTO Students VALUES (620001993,'UNDERGRAD','01-01-2020');
INSERT INTO Enrolled (u_id,courseCode) VALUES (620001993,'PHYS3339'),(620001993,'COMP3697'),(620001993,'ECON3288'),(620001993,'INFO3603'),(620001993,'PHYS3464'),(620001993,'PHYS3876');
INSERT INTO Users VALUES (620001994,'Beverly','Myrick','BeverlyMyrick@gmail.com','MyrickBeverly');
INSERT INTO Students VALUES (620001994,'UNDERGRAD','01-01-2020');
INSERT INTO Enrolled (u_id,courseCode) VALUES (620001994,'ECON1783'),(620001994,'ECON3276'),(620001994,'BIOC1725'),(620001994,'ECON2814');
INSERT INTO Users VALUES (620001995,'Greg','Santos','GregSantos@gmail.com','SantosGreg');
INSERT INTO Students VALUES (620001995,'UNDERGRAD','01-01-2020');
INSERT INTO Enrolled (u_id,courseCode) VALUES (620001995,'INFO2147'),(620001995,'BIOC1794'),(620001995,'CHEM2065'),(620001995,'BIOC1164'),(620001995,'INFO3419');
INSERT INTO Users VALUES (620001996,'Sadie','Hinojosa','SadieHinojosa@gmail.com','HinojosaSadie');
INSERT INTO Students VALUES (620001996,'UNDERGRAD','01-01-2020');
INSERT INTO Enrolled (u_id,courseCode) VALUES (620001996,'CHEM2066'),(620001996,'COMP3685'),(620001996,'PHYS3464'),(620001996,'PHYS2977'),(620001996,'INFO2559');
INSERT INTO Users VALUES (620001997,'Deanne','Halford','DeanneHalford@gmail.com','HalfordDeanne');
INSERT INTO Students VALUES (620001997,'UNDERGRAD','01-01-2020');
INSERT INTO Enrolled (u_id,courseCode) VALUES (620001997,'CHEM3617'),(620001997,'COMP2717'),(620001997,'PHYS1140'),(620001997,'COMP2400'),(620001997,'MATH1148'),(620001997,'COMP1867');
INSERT INTO Users VALUES (620001998,'Roger','Maze','RogerMaze@gmail.com','MazeRoger');
INSERT INTO Students VALUES (620001998,'UNDERGRAD','01-01-2020');
INSERT INTO Enrolled (u_id,courseCode) VALUES (620001998,'BIOC1725'),(620001998,'CHEM3327'),(620001998,'CHEM2066'),(620001998,'COMP3047');
INSERT INTO Users VALUES (620001999,'Mildred','Maione','MildredMaione@gmail.com','MaioneMildred');
INSERT INTO Students VALUES (620001999,'UNDERGRAD','01-01-2020');
INSERT INTO Enrolled (u_id,courseCode) VALUES (620001999,'CHEM2066'),(620001999,'INFO2270'),(620001999,'ECON3085'),(620001999,'CHEM2065'),(620001999,'COMP3047'),(620001999,'INFO2559');
INSERT INTO Users VALUES (620002000,'Leticia','Krause','LeticiaKrause@gmail.com','KrauseLeticia');
INSERT INTO Students VALUES (620002000,'UNDERGRAD','01-01-2020');
INSERT INTO Enrolled (u_id,courseCode) VALUES (620002000,'MATH3688'),(620002000,'CHEM1494'),(620002000,'INFO1990'),(620002000,'ECON1098'),(620002000,'BIOC1534');
INSERT INTO Users VALUES (620002001,'Bobby','Russ','BobbyRuss@gmail.com','RussBobby');
INSERT INTO Students VALUES (620002001,'UNDERGRAD','01-01-2020');
INSERT INTO Enrolled (u_id,courseCode) VALUES (620002001,'INFO2813'),(620002001,'CHEM2220'),(620002001,'CHEM3614'),(620002001,'CHEM1494'),(620002001,'MATH1148');
INSERT INTO Users VALUES (620002002,'Toby','Coleman','TobyColeman@gmail.com','ColemanToby');
INSERT INTO Students VALUES (620002002,'UNDERGRAD','01-01-2020');
INSERT INTO Enrolled (u_id,courseCode) VALUES (620002002,'ECON1012'),(620002002,'MATH3179'),(620002002,'COMP2541'),(620002002,'MATH2550'),(620002002,'INFO2559'),(620002002,'BIOC2983');
INSERT INTO Users VALUES (620002003,'Charles','Decker','CharlesDecker@gmail.com','DeckerCharles');
INSERT INTO Students VALUES (620002003,'UNDERGRAD','01-01-2020');
INSERT INTO Enrolled (u_id,courseCode) VALUES (620002003,'ECON3063'),(620002003,'PHYS2448'),(620002003,'ECON2814'),(620002003,'INFO2811');
INSERT INTO Users VALUES (620002004,'Katherine','Calloway','KatherineCalloway@gmail.com','CallowayKatherine');
INSERT INTO Students VALUES (620002004,'UNDERGRAD','01-01-2020');
INSERT INTO Enrolled (u_id,courseCode) VALUES (620002004,'PHYS2448'),(620002004,'PHYS3686'),(620002004,'MATH2550'),(620002004,'MATH3179'),(620002004,'CHEM2005'),(620002004,'COMP1051');
INSERT INTO Users VALUES (620002005,'Stanley','Stovall','StanleyStovall@gmail.com','StovallStanley');
INSERT INTO Students VALUES (620002005,'UNDERGRAD','01-01-2020');
INSERT INTO Enrolled (u_id,courseCode) VALUES (620002005,'PHYS1399'),(620002005,'INFO2950'),(620002005,'MATH2188'),(620002005,'CHEM2177'),(620002005,'INFO2716');
INSERT INTO Users VALUES (620002006,'Leo','Lorenz','LeoLorenz@gmail.com','LorenzLeo');
INSERT INTO Students VALUES (620002006,'UNDERGRAD','01-01-2020');
INSERT INTO Enrolled (u_id,courseCode) VALUES (620002006,'PHYS2113'),(620002006,'BIOC1448'),(620002006,'ECON3276'),(620002006,'BIOC2981');
INSERT INTO Users VALUES (620002007,'Geoffrey','Hunt','GeoffreyHunt@gmail.com','HuntGeoffrey');
INSERT INTO Students VALUES (620002007,'UNDERGRAD','01-01-2020');
INSERT INTO Enrolled (u_id,courseCode) VALUES (620002007,'BIOC2983'),(620002007,'INFO3419'),(620002007,'CHEM3054');
INSERT INTO Users VALUES (620002008,'Sean','Steere','SeanSteere@gmail.com','SteereSean');
INSERT INTO Students VALUES (620002008,'UNDERGRAD','01-01-2020');
INSERT INTO Enrolled (u_id,courseCode) VALUES (620002008,'CHEM2626'),(620002008,'PHYS1173'),(620002008,'PHYS2238');
INSERT INTO Users VALUES (620002009,'Michelle','Calder','MichelleCalder@gmail.com','CalderMichelle');
INSERT INTO Students VALUES (620002009,'UNDERGRAD','01-01-2020');
INSERT INTO Enrolled (u_id,courseCode) VALUES (620002009,'MATH1972'),(620002009,'INFO1242'),(620002009,'COMP2965'),(620002009,'CHEM2867'),(620002009,'COMP2077');
INSERT INTO Users VALUES (620002010,'Benjamin','Wurdeman','BenjaminWurdeman@gmail.com','WurdemanBenjamin');
INSERT INTO Students VALUES (620002010,'UNDERGRAD','01-01-2020');
INSERT INTO Enrolled (u_id,courseCode) VALUES (620002010,'CHEM3347'),(620002010,'COMP1051'),(620002010,'PHYS3052'),(620002010,'ECON3989'),(620002010,'ECON3550');
INSERT INTO Users VALUES (620002011,'Laila','Ferretti','LailaFerretti@gmail.com','FerrettiLaila');
INSERT INTO Students VALUES (620002011,'UNDERGRAD','01-01-2020');
INSERT INTO Enrolled (u_id,courseCode) VALUES (620002011,'ECON3550'),(620002011,'CHEM2066'),(620002011,'PHYS3354'),(620002011,'INFO2860'),(620002011,'ECON3523');
INSERT INTO Users VALUES (620002012,'Floyd','Joaquin','FloydJoaquin@gmail.com','JoaquinFloyd');
INSERT INTO Students VALUES (620002012,'UNDERGRAD','01-01-2020');
INSERT INTO Enrolled (u_id,courseCode) VALUES (620002012,'PHYS3290'),(620002012,'INFO2797'),(620002012,'MATH2067'),(620002012,'COMP2651'),(620002012,'PHYS3686'),(620002012,'MATH3059');
INSERT INTO Users VALUES (620002013,'Grace','Waugh','GraceWaugh@gmail.com','WaughGrace');
INSERT INTO Students VALUES (620002013,'UNDERGRAD','01-01-2020');
INSERT INTO Enrolled (u_id,courseCode) VALUES (620002013,'COMP3238'),(620002013,'INFO2811'),(620002013,'COMP1460'),(620002013,'BIOC2054');
INSERT INTO Users VALUES (620002014,'Juanita','Felipe','JuanitaFelipe@gmail.com','FelipeJuanita');
INSERT INTO Students VALUES (620002014,'UNDERGRAD','01-01-2020');
INSERT INTO Enrolled (u_id,courseCode) VALUES (620002014,'COMP2077'),(620002014,'COMP3685'),(620002014,'PHYS2229');
INSERT INTO Users VALUES (620002015,'Delmar','Pelletier','DelmarPelletier@gmail.com','PelletierDelmar');
INSERT INTO Students VALUES (620002015,'UNDERGRAD','01-01-2020');
INSERT INTO Enrolled (u_id,courseCode) VALUES (620002015,'BIOC2983'),(620002015,'BIOC1485'),(620002015,'COMP3639'),(620002015,'ECON1458'),(620002015,'INFO3645');
INSERT INTO Users VALUES (620002016,'Thomas','Decker','ThomasDecker@gmail.com','DeckerThomas');
INSERT INTO Students VALUES (620002016,'UNDERGRAD','01-01-2020');
INSERT INTO Enrolled (u_id,courseCode) VALUES (620002016,'CHEM2446'),(620002016,'BIOC3341'),(620002016,'BIOC1439'),(620002016,'INFO2716'),(620002016,'INFO1242'),(620002016,'MATH3059');
INSERT INTO Users VALUES (620002017,'Reggie','Comley','ReggieComley@gmail.com','ComleyReggie');
INSERT INTO Students VALUES (620002017,'UNDERGRAD','01-01-2020');
INSERT INTO Enrolled (u_id,courseCode) VALUES (620002017,'COMP2080'),(620002017,'MATH2067'),(620002017,'COMP3639'),(620002017,'MATH3179'),(620002017,'PHYS2563');
INSERT INTO Users VALUES (620002018,'Eunice','Hoyer','EuniceHoyer@gmail.com','HoyerEunice');
INSERT INTO Students VALUES (620002018,'UNDERGRAD','01-01-2020');
INSERT INTO Enrolled (u_id,courseCode) VALUES (620002018,'CHEM1807'),(620002018,'MATH1578'),(620002018,'PHYS3052');
INSERT INTO Users VALUES (620002019,'Chad','Steinberger','ChadSteinberger@gmail.com','SteinbergerChad');
INSERT INTO Students VALUES (620002019,'UNDERGRAD','01-01-2020');
INSERT INTO Enrolled (u_id,courseCode) VALUES (620002019,'BIOC2550'),(620002019,'MATH3059'),(620002019,'MATH3613');
INSERT INTO Users VALUES (620002020,'Matthew','Steere','MatthewSteere@gmail.com','SteereMatthew');
INSERT INTO Students VALUES (620002020,'UNDERGRAD','01-01-2020');
INSERT INTO Enrolled (u_id,courseCode) VALUES (620002020,'CHEM1613'),(620002020,'COMP1051'),(620002020,'BIOC1164'),(620002020,'ECON3020');
INSERT INTO Users VALUES (620002021,'Daisy','Lindstrom','DaisyLindstrom@gmail.com','LindstromDaisy');
INSERT INTO Students VALUES (620002021,'UNDERGRAD','01-01-2020');
INSERT INTO Enrolled (u_id,courseCode) VALUES (620002021,'MATH1972'),(620002021,'BIOC1794'),(620002021,'MATH3544'),(620002021,'PHYS1173'),(620002021,'CHEM3327');
INSERT INTO Users VALUES (620002022,'Bobby','Vargas','BobbyVargas@gmail.com','VargasBobby');
INSERT INTO Students VALUES (620002022,'UNDERGRAD','01-01-2020');
INSERT INTO Enrolled (u_id,courseCode) VALUES (620002022,'CHEM2149'),(620002022,'BIOC2054'),(620002022,'ECON1012'),(620002022,'COMP2717'),(620002022,'INFO2147'),(620002022,'MATH1735');
INSERT INTO Users VALUES (620002023,'Cheryl','Cardona','CherylCardona@gmail.com','CardonaCheryl');
INSERT INTO Students VALUES (620002023,'UNDERGRAD','01-01-2020');
INSERT INTO Enrolled (u_id,courseCode) VALUES (620002023,'COMP1051'),(620002023,'CHEM1340'),(620002023,'ECON3311'),(620002023,'PHYS3787'),(620002023,'INFO1833'),(620002023,'COMP2541');
INSERT INTO Users VALUES (620002024,'Bethany','Brock','BethanyBrock@gmail.com','BrockBethany');
INSERT INTO Students VALUES (620002024,'UNDERGRAD','01-01-2020');
INSERT INTO Enrolled (u_id,courseCode) VALUES (620002024,'MATH3844'),(620002024,'PHYS2451'),(620002024,'BIOC2054'),(620002024,'BIOC1485');
INSERT INTO Users VALUES (620002025,'Rodney','Krause','RodneyKrause@gmail.com','KrauseRodney');
INSERT INTO Students VALUES (620002025,'UNDERGRAD','01-01-2020');
INSERT INTO Enrolled (u_id,courseCode) VALUES (620002025,'COMP3685'),(620002025,'MATH2067'),(620002025,'INFO1242'),(620002025,'CHEM1485');
INSERT INTO Users VALUES (620002026,'Cherise','Hunter','CheriseHunter@gmail.com','HunterCherise');
INSERT INTO Students VALUES (620002026,'UNDERGRAD','01-01-2020');
INSERT INTO Enrolled (u_id,courseCode) VALUES (620002026,'BIOC2983'),(620002026,'MATH1250'),(620002026,'MATH3613'),(620002026,'BIOC3721'),(620002026,'INFO2147'),(620002026,'CHEM2727');
INSERT INTO Users VALUES (620002027,'Adelle','Lyford','AdelleLyford@gmail.com','LyfordAdelle');
INSERT INTO Students VALUES (620002027,'UNDERGRAD','01-01-2020');
INSERT INTO Enrolled (u_id,courseCode) VALUES (620002027,'ECON3276'),(620002027,'BIOC2981'),(620002027,'CHEM3793'),(620002027,'MATH3029'),(620002027,'INFO1990');
INSERT INTO Users VALUES (620002028,'Caroline','Maze','CarolineMaze@gmail.com','MazeCaroline');
INSERT INTO Students VALUES (620002028,'UNDERGRAD','01-01-2020');
INSERT INTO Enrolled (u_id,courseCode) VALUES (620002028,'COMP3536'),(620002028,'COMP3506'),(620002028,'BIOC1104');
INSERT INTO Users VALUES (620002029,'Lisa','Lavoy','LisaLavoy@gmail.com','LavoyLisa');
INSERT INTO Students VALUES (620002029,'UNDERGRAD','01-01-2020');
INSERT INTO Enrolled (u_id,courseCode) VALUES (620002029,'BIOC2550'),(620002029,'PHYS2229'),(620002029,'CHEM3614'),(620002029,'MATH2188');
INSERT INTO Users VALUES (620002030,'Betsy','Kimbrell','BetsyKimbrell@gmail.com','KimbrellBetsy');
INSERT INTO Students VALUES (620002030,'UNDERGRAD','01-01-2020');
INSERT INTO Enrolled (u_id,courseCode) VALUES (620002030,'PHYS3686'),(620002030,'BIOC1744'),(620002030,'ECON3281'),(620002030,'PHYS3339'),(620002030,'COMP1867');
INSERT INTO Users VALUES (620002031,'Earl','Hoyer','EarlHoyer@gmail.com','HoyerEarl');
INSERT INTO Students VALUES (620002031,'UNDERGRAD','01-01-2020');
INSERT INTO Enrolled (u_id,courseCode) VALUES (620002031,'COMP1543'),(620002031,'PHYS2113'),(620002031,'COMP1051'),(620002031,'INFO3603');
INSERT INTO Users VALUES (620002032,'Adelle','Rivera','AdelleRivera@gmail.com','RiveraAdelle');
INSERT INTO Students VALUES (620002032,'UNDERGRAD','01-01-2020');
INSERT INTO Enrolled (u_id,courseCode) VALUES (620002032,'INFO1825'),(620002032,'CHEM2031'),(620002032,'MATH3857'),(620002032,'MATH2555'),(620002032,'INFO2716'),(620002032,'MATH3029');
INSERT INTO Users VALUES (620002033,'Leo','Parker','LeoParker@gmail.com','ParkerLeo');
INSERT INTO Students VALUES (620002033,'UNDERGRAD','01-01-2020');
INSERT INTO Enrolled (u_id,courseCode) VALUES (620002033,'COMP3639'),(620002033,'MATH2501'),(620002033,'MATH3222'),(620002033,'INFO2797'),(620002033,'CHEM2604'),(620002033,'COMP2717');
INSERT INTO Users VALUES (620002034,'Brooke','Bowerman','BrookeBowerman@gmail.com','BowermanBrooke');
INSERT INTO Students VALUES (620002034,'UNDERGRAD','01-01-2020');
INSERT INTO Enrolled (u_id,courseCode) VALUES (620002034,'INFO3868'),(620002034,'COMP2965'),(620002034,'CHEM2005'),(620002034,'CHEM2604'),(620002034,'COMP1184');
INSERT INTO Users VALUES (620002035,'Greg','Carrington','GregCarrington@gmail.com','CarringtonGreg');
INSERT INTO Students VALUES (620002035,'UNDERGRAD','01-01-2020');
INSERT INTO Enrolled (u_id,courseCode) VALUES (620002035,'MATH2188'),(620002035,'BIOC1598'),(620002035,'PHYS3659'),(620002035,'CHEM2481');
INSERT INTO Users VALUES (620002036,'Derek','Atkins','DerekAtkins@gmail.com','AtkinsDerek');
INSERT INTO Students VALUES (620002036,'UNDERGRAD','01-01-2020');
INSERT INTO Enrolled (u_id,courseCode) VALUES (620002036,'PHYS1979'),(620002036,'ECON2722'),(620002036,'CHEM1613'),(620002036,'ECON1170'),(620002036,'ECON3276');
INSERT INTO Users VALUES (620002037,'Angie','Nunn','AngieNunn@gmail.com','NunnAngie');
INSERT INTO Students VALUES (620002037,'UNDERGRAD','01-01-2020');
INSERT INTO Enrolled (u_id,courseCode) VALUES (620002037,'MATH2501'),(620002037,'COMP1573'),(620002037,'CHEM1494'),(620002037,'BIOC1910');
INSERT INTO Users VALUES (620002038,'Deanna','Cummins','DeannaCummins@gmail.com','CumminsDeanna');
INSERT INTO Students VALUES (620002038,'UNDERGRAD','01-01-2020');
INSERT INTO Enrolled (u_id,courseCode) VALUES (620002038,'ECON1589'),(620002038,'COMP1184'),(620002038,'BIOC1439');
INSERT INTO Users VALUES (620002039,'Mack','Halford','MackHalford@gmail.com','HalfordMack');
INSERT INTO Students VALUES (620002039,'UNDERGRAD','01-01-2020');
INSERT INTO Enrolled (u_id,courseCode) VALUES (620002039,'CHEM2481'),(620002039,'MATH1648'),(620002039,'BIOC1910');
INSERT INTO Users VALUES (620002040,'Alvin','Swan','AlvinSwan@gmail.com','SwanAlvin');
INSERT INTO Students VALUES (620002040,'UNDERGRAD','01-01-2020');
INSERT INTO Enrolled (u_id,courseCode) VALUES (620002040,'ECON3020'),(620002040,'INFO2147'),(620002040,'INFO2559');
INSERT INTO Users VALUES (620002041,'Reggie','Walden','ReggieWalden@gmail.com','WaldenReggie');
INSERT INTO Students VALUES (620002041,'UNDERGRAD','01-01-2020');
INSERT INTO Enrolled (u_id,courseCode) VALUES (620002041,'INFO1990'),(620002041,'MATH2801'),(620002041,'MATH3544'),(620002041,'ECON1012'),(620002041,'PHYS2306');
INSERT INTO Users VALUES (620002042,'Roger','Scully','RogerScully@gmail.com','ScullyRoger');
INSERT INTO Students VALUES (620002042,'UNDERGRAD','01-01-2020');
INSERT INTO Enrolled (u_id,courseCode) VALUES (620002042,'CHEM2031'),(620002042,'ECON3550'),(620002042,'INFO3935'),(620002042,'MATH1454');
INSERT INTO Users VALUES (620002043,'Charles','Lorenz','CharlesLorenz@gmail.com','LorenzCharles');
INSERT INTO Students VALUES (620002043,'UNDERGRAD','01-01-2020');
INSERT INTO Enrolled (u_id,courseCode) VALUES (620002043,'CHEM3888'),(620002043,'BIOC1439'),(620002043,'MATH1148'),(620002043,'COMP1573');
INSERT INTO Users VALUES (620002044,'Nina','Mejias','NinaMejias@gmail.com','MejiasNina');
INSERT INTO Students VALUES (620002044,'UNDERGRAD','01-01-2020');
INSERT INTO Enrolled (u_id,courseCode) VALUES (620002044,'ECON3281'),(620002044,'INFO2950'),(620002044,'MATH1638'),(620002044,'INFO2636');
INSERT INTO Users VALUES (620002045,'Roberto','Cummins','RobertoCummins@gmail.com','CumminsRoberto');
INSERT INTO Students VALUES (620002045,'UNDERGRAD','01-01-2020');
INSERT INTO Enrolled (u_id,courseCode) VALUES (620002045,'ECON3737'),(620002045,'INFO2521'),(620002045,'CHEM2220');
INSERT INTO Users VALUES (620002046,'Stanley','Ekberg','StanleyEkberg@gmail.com','EkbergStanley');
INSERT INTO Students VALUES (620002046,'UNDERGRAD','01-01-2020');
INSERT INTO Enrolled (u_id,courseCode) VALUES (620002046,'CHEM2066'),(620002046,'CHEM3747'),(620002046,'COMP3849'),(620002046,'PHYS3339'),(620002046,'MATH3613');
INSERT INTO Users VALUES (620002047,'Tony','Imoto','TonyImoto@gmail.com','ImotoTony');
INSERT INTO Students VALUES (620002047,'UNDERGRAD','01-01-2020');
INSERT INTO Enrolled (u_id,courseCode) VALUES (620002047,'COMP2717'),(620002047,'INFO3636'),(620002047,'ECON3004');
INSERT INTO Users VALUES (620002048,'Reginald','English','ReginaldEnglish@gmail.com','EnglishReginald');
INSERT INTO Students VALUES (620002048,'UNDERGRAD','01-01-2020');
INSERT INTO Enrolled (u_id,courseCode) VALUES (620002048,'CHEM2149'),(620002048,'CHEM2604'),(620002048,'INFO2636'),(620002048,'ECON3288'),(620002048,'INFO1447');
INSERT INTO Users VALUES (620002049,'Edwin','Lindstrom','EdwinLindstrom@gmail.com','LindstromEdwin');
INSERT INTO Students VALUES (620002049,'UNDERGRAD','01-01-2020');
INSERT INTO Enrolled (u_id,courseCode) VALUES (620002049,'MATH3179'),(620002049,'CHEM3614'),(620002049,'ECON1589'),(620002049,'BIOC2671');
INSERT INTO Users VALUES (620002050,'Freddie','Martin','FreddieMartin@gmail.com','MartinFreddie');
INSERT INTO Students VALUES (620002050,'UNDERGRAD','01-01-2020');
INSERT INTO Enrolled (u_id,courseCode) VALUES (620002050,'COMP2080'),(620002050,'PHYS3686'),(620002050,'MATH1262');
INSERT INTO Users VALUES (620002051,'Reggie','Vanwyck','ReggieVanwyck@gmail.com','VanwyckReggie');
INSERT INTO Students VALUES (620002051,'UNDERGRAD','01-01-2020');
INSERT INTO Enrolled (u_id,courseCode) VALUES (620002051,'BIOC1725'),(620002051,'PHYS3354'),(620002051,'PHYS2117'),(620002051,'ECON2387'),(620002051,'INFO3636'),(620002051,'INFO3603');
INSERT INTO Users VALUES (620002052,'Peter','Tirabassi','PeterTirabassi@gmail.com','TirabassiPeter');
INSERT INTO Students VALUES (620002052,'UNDERGRAD','01-01-2020');
INSERT INTO Enrolled (u_id,courseCode) VALUES (620002052,'PHYS3290'),(620002052,'BIOC2236'),(620002052,'COMP1460'),(620002052,'MATH3173'),(620002052,'BIOC1534');
INSERT INTO Users VALUES (620002053,'Elmer','Griffitts','ElmerGriffitts@gmail.com','GriffittsElmer');
INSERT INTO Students VALUES (620002053,'UNDERGRAD','01-01-2020');
INSERT INTO Enrolled (u_id,courseCode) VALUES (620002053,'INFO2559'),(620002053,'INFO2860'),(620002053,'ECON1645'),(620002053,'CHEM1340'),(620002053,'CHEM2481');
INSERT INTO Users VALUES (620002054,'Alice','Hudson','AliceHudson@gmail.com','HudsonAlice');
INSERT INTO Students VALUES (620002054,'UNDERGRAD','01-01-2020');
INSERT INTO Enrolled (u_id,courseCode) VALUES (620002054,'ECON3004'),(620002054,'COMP2361'),(620002054,'BIOC1164'),(620002054,'BIOC1866');
INSERT INTO Users VALUES (620002055,'Mary','Lockwood','MaryLockwood@gmail.com','LockwoodMary');
INSERT INTO Students VALUES (620002055,'UNDERGRAD','01-01-2020');
INSERT INTO Enrolled (u_id,courseCode) VALUES (620002055,'CHEM3409'),(620002055,'MATH3844'),(620002055,'ECON1561'),(620002055,'INFO2860');
INSERT INTO Users VALUES (620002056,'Maria','Truitt','MariaTruitt@gmail.com','TruittMaria');
INSERT INTO Students VALUES (620002056,'UNDERGRAD','01-01-2020');
INSERT INTO Enrolled (u_id,courseCode) VALUES (620002056,'ECON1170'),(620002056,'COMP3506'),(620002056,'PHYS1930'),(620002056,'BIOC3721'),(620002056,'CHEM2220');
INSERT INTO Users VALUES (620002057,'Susan','Lundholm','SusanLundholm@gmail.com','LundholmSusan');
INSERT INTO Students VALUES (620002057,'UNDERGRAD','01-01-2020');
INSERT INTO Enrolled (u_id,courseCode) VALUES (620002057,'COMP2651'),(620002057,'COMP3173'),(620002057,'MATH1148'),(620002057,'ECON3311');
INSERT INTO Users VALUES (620002058,'Mildred','Carrillo','MildredCarrillo@gmail.com','CarrilloMildred');
INSERT INTO Students VALUES (620002058,'UNDERGRAD','01-01-2020');
INSERT INTO Enrolled (u_id,courseCode) VALUES (620002058,'BIOC1485'),(620002058,'ECON3372'),(620002058,'COMP1184'),(620002058,'INFO2270');
INSERT INTO Users VALUES (620002059,'Georgie','James','GeorgieJames@gmail.com','JamesGeorgie');
INSERT INTO Students VALUES (620002059,'UNDERGRAD','01-01-2020');
INSERT INTO Enrolled (u_id,courseCode) VALUES (620002059,'ECON3737'),(620002059,'ECON1098'),(620002059,'PHYS2977'),(620002059,'MATH2067'),(620002059,'MATH2555');
INSERT INTO Users VALUES (620002060,'Mathew','Atkins','MathewAtkins@gmail.com','AtkinsMathew');
INSERT INTO Students VALUES (620002060,'UNDERGRAD','01-01-2020');
INSERT INTO Enrolled (u_id,courseCode) VALUES (620002060,'INFO3935'),(620002060,'COMP3639'),(620002060,'ECON3281'),(620002060,'CHEM2446'),(620002060,'MATH1148'),(620002060,'INFO2860');
INSERT INTO Users VALUES (620002061,'Philip','Casteel','PhilipCasteel@gmail.com','CasteelPhilip');
INSERT INTO Students VALUES (620002061,'UNDERGRAD','01-01-2020');
INSERT INTO Enrolled (u_id,courseCode) VALUES (620002061,'CHEM3054'),(620002061,'BIOC2054'),(620002061,'CHEM3614'),(620002061,'INFO1447'),(620002061,'CHEM3617');
INSERT INTO Users VALUES (620002062,'Shane','Hart','ShaneHart@gmail.com','HartShane');
INSERT INTO Students VALUES (620002062,'UNDERGRAD','01-01-2020');
INSERT INTO Enrolled (u_id,courseCode) VALUES (620002062,'CHEM2149'),(620002062,'ECON1012'),(620002062,'INFO2797');
INSERT INTO Users VALUES (620002063,'Mary','Noggle','MaryNoggle@gmail.com','NoggleMary');
INSERT INTO Students VALUES (620002063,'UNDERGRAD','01-01-2020');
INSERT INTO Enrolled (u_id,courseCode) VALUES (620002063,'INFO1447'),(620002063,'PHYS3339'),(620002063,'INFO2521'),(620002063,'COMP3173'),(620002063,'MATH2067'),(620002063,'MATH1648');
INSERT INTO Users VALUES (620002064,'John','Saunders','JohnSaunders@gmail.com','SaundersJohn');
INSERT INTO Students VALUES (620002064,'UNDERGRAD','01-01-2020');
INSERT INTO Enrolled (u_id,courseCode) VALUES (620002064,'PHYS2563'),(620002064,'COMP2651'),(620002064,'MATH1735');
INSERT INTO Users VALUES (620002065,'Harold','Avery','HaroldAvery@gmail.com','AveryHarold');
INSERT INTO Students VALUES (620002065,'UNDERGRAD','01-01-2020');
INSERT INTO Enrolled (u_id,courseCode) VALUES (620002065,'BIOC1744'),(620002065,'BIOC1052'),(620002065,'MATH2188'),(620002065,'MATH3222'),(620002065,'MATH1638'),(620002065,'BIOC3721');
INSERT INTO Users VALUES (620002066,'Daisy','Mattingly','DaisyMattingly@gmail.com','MattinglyDaisy');
INSERT INTO Students VALUES (620002066,'UNDERGRAD','01-01-2020');
INSERT INTO Enrolled (u_id,courseCode) VALUES (620002066,'COMP2077'),(620002066,'ECON3228'),(620002066,'INFO1648'),(620002066,'COMP3418');
INSERT INTO Users VALUES (620002067,'Suzanne','Wilbanks','SuzanneWilbanks@gmail.com','WilbanksSuzanne');
INSERT INTO Students VALUES (620002067,'UNDERGRAD','01-01-2020');
INSERT INTO Enrolled (u_id,courseCode) VALUES (620002067,'INFO1833'),(620002067,'BIOC2981'),(620002067,'ECON3228'),(620002067,'CHEM3617');
INSERT INTO Users VALUES (620002068,'Edward','Mauk','EdwardMauk@gmail.com','MaukEdward');
INSERT INTO Students VALUES (620002068,'UNDERGRAD','01-01-2020');
INSERT INTO Enrolled (u_id,courseCode) VALUES (620002068,'MATH3029'),(620002068,'BIOC2589'),(620002068,'BIOC1744');
INSERT INTO Users VALUES (620002069,'Kenneth','Nighman','KennethNighman@gmail.com','NighmanKenneth');
INSERT INTO Students VALUES (620002069,'UNDERGRAD','01-01-2020');
INSERT INTO Enrolled (u_id,courseCode) VALUES (620002069,'CHEM2031'),(620002069,'PHYS2448'),(620002069,'COMP1867'),(620002069,'CHEM1485'),(620002069,'ECON3372');
INSERT INTO Users VALUES (620002070,'Shannon','Robertson','ShannonRobertson@gmail.com','RobertsonShannon');
INSERT INTO Students VALUES (620002070,'UNDERGRAD','01-01-2020');
INSERT INTO Enrolled (u_id,courseCode) VALUES (620002070,'INFO1825'),(620002070,'CHEM1613'),(620002070,'BIOC2589'),(620002070,'MATH1309'),(620002070,'INFO2811');
INSERT INTO Users VALUES (620002071,'Aaron','Sudduth','AaronSudduth@gmail.com','SudduthAaron');
INSERT INTO Students VALUES (620002071,'UNDERGRAD','01-01-2020');
INSERT INTO Enrolled (u_id,courseCode) VALUES (620002071,'ECON3281'),(620002071,'CHEM2177'),(620002071,'COMP2077'),(620002071,'ECON2814'),(620002071,'CHEM2727');
INSERT INTO Users VALUES (620002072,'Anderson','Brock','AndersonBrock@gmail.com','BrockAnderson');
INSERT INTO Students VALUES (620002072,'UNDERGRAD','01-01-2020');
INSERT INTO Enrolled (u_id,courseCode) VALUES (620002072,'BIOC1986'),(620002072,'ECON3311'),(620002072,'ECON3372'),(620002072,'MATH3179');
INSERT INTO Users VALUES (620002073,'Melanie','Brickey','MelanieBrickey@gmail.com','BrickeyMelanie');
INSERT INTO Students VALUES (620002073,'UNDERGRAD','01-01-2020');
INSERT INTO Enrolled (u_id,courseCode) VALUES (620002073,'PHYS2229'),(620002073,'MATH1972'),(620002073,'ECON3085'),(620002073,'PHYS3659'),(620002073,'COMP3238'),(620002073,'ECON1170');
INSERT INTO Users VALUES (620002074,'Cherise','Bowerman','CheriseBowerman@gmail.com','BowermanCherise');
INSERT INTO Students VALUES (620002074,'UNDERGRAD','01-01-2020');
INSERT INTO Enrolled (u_id,courseCode) VALUES (620002074,'ECON2814'),(620002074,'MATH3209'),(620002074,'PHYS3659');
INSERT INTO Users VALUES (620002075,'Traci','Kimbrell','TraciKimbrell@gmail.com','KimbrellTraci');
INSERT INTO Students VALUES (620002075,'UNDERGRAD','01-01-2020');
INSERT INTO Enrolled (u_id,courseCode) VALUES (620002075,'CHEM1613'),(620002075,'COMP3418'),(620002075,'ECON3447');
INSERT INTO Users VALUES (620002076,'Melanie','Allen','MelanieAllen@gmail.com','AllenMelanie');
INSERT INTO Students VALUES (620002076,'UNDERGRAD','01-01-2020');
INSERT INTO Enrolled (u_id,courseCode) VALUES (620002076,'MATH3844'),(620002076,'COMP3639'),(620002076,'MATH3209'),(620002076,'MATH3173'),(620002076,'COMP2080');
INSERT INTO Users VALUES (620002077,'Angela','Wilbanks','AngelaWilbanks@gmail.com','WilbanksAngela');
INSERT INTO Students VALUES (620002077,'UNDERGRAD','01-01-2020');
INSERT INTO Enrolled (u_id,courseCode) VALUES (620002077,'MATH1972'),(620002077,'MATH3173'),(620002077,'BIOC2550'),(620002077,'BIOC3457'),(620002077,'PHYS3876'),(620002077,'MATH3222');
INSERT INTO Users VALUES (620002078,'Bernie','Terry','BernieTerry@gmail.com','TerryBernie');
INSERT INTO Students VALUES (620002078,'UNDERGRAD','01-01-2020');
INSERT INTO Enrolled (u_id,courseCode) VALUES (620002078,'ECON3372'),(620002078,'INFO1990'),(620002078,'COMP3746'),(620002078,'INFO2559');
INSERT INTO Users VALUES (620002079,'Freddie','Laudat','FreddieLaudat@gmail.com','LaudatFreddie');
INSERT INTO Students VALUES (620002079,'UNDERGRAD','01-01-2020');
INSERT INTO Enrolled (u_id,courseCode) VALUES (620002079,'ECON3737'),(620002079,'MATH3857'),(620002079,'COMP1543'),(620002079,'PHYS1173'),(620002079,'MATH3173'),(620002079,'INFO3603');
INSERT INTO Users VALUES (620002080,'Dale','Cummings','DaleCummings@gmail.com','CummingsDale');
INSERT INTO Students VALUES (620002080,'UNDERGRAD','01-01-2020');
INSERT INTO Enrolled (u_id,courseCode) VALUES (620002080,'MATH2501'),(620002080,'PHYS1140'),(620002080,'COMP3506'),(620002080,'COMP2080'),(620002080,'CHEM3614'),(620002080,'PHYS3290');
INSERT INTO Users VALUES (620002081,'Kirk','Halford','KirkHalford@gmail.com','HalfordKirk');
INSERT INTO Students VALUES (620002081,'UNDERGRAD','01-01-2020');
INSERT INTO Enrolled (u_id,courseCode) VALUES (620002081,'CHEM2481'),(620002081,'CHEM1494'),(620002081,'ECON2345');
INSERT INTO Users VALUES (620002082,'Miguel','Cummings','MiguelCummings@gmail.com','CummingsMiguel');
INSERT INTO Students VALUES (620002082,'UNDERGRAD','01-01-2020');
INSERT INTO Enrolled (u_id,courseCode) VALUES (620002082,'PHYS2448'),(620002082,'PHYS2338'),(620002082,'INFO2636');
INSERT INTO Users VALUES (620002083,'Shane','Sultzer','ShaneSultzer@gmail.com','SultzerShane');
INSERT INTO Students VALUES (620002083,'UNDERGRAD','01-01-2020');
INSERT INTO Enrolled (u_id,courseCode) VALUES (620002083,'ECON1498'),(620002083,'BIOC1104'),(620002083,'CHEM2177'),(620002083,'BIOC1534');
INSERT INTO Users VALUES (620002084,'Cynthia','Quintero','CynthiaQuintero@gmail.com','QuinteroCynthia');
INSERT INTO Students VALUES (620002084,'UNDERGRAD','01-01-2020');
INSERT INTO Enrolled (u_id,courseCode) VALUES (620002084,'MATH1309'),(620002084,'ECON3372'),(620002084,'MATH1148');
INSERT INTO Users VALUES (620002085,'Marshall','Braun','MarshallBraun@gmail.com','BraunMarshall');
INSERT INTO Students VALUES (620002085,'UNDERGRAD','01-01-2020');
INSERT INTO Enrolled (u_id,courseCode) VALUES (620002085,'ECON1783'),(620002085,'COMP1573'),(620002085,'COMP1051');
INSERT INTO Users VALUES (620002086,'Stephen','Kent','StephenKent@gmail.com','KentStephen');
INSERT INTO Students VALUES (620002086,'UNDERGRAD','01-01-2020');
INSERT INTO Enrolled (u_id,courseCode) VALUES (620002086,'PHYS2113'),(620002086,'PHYS1993'),(620002086,'ECON2345'),(620002086,'MATH1638'),(620002086,'ECON2814'),(620002086,'BIOC1744');
INSERT INTO Users VALUES (620002087,'Rebecca','Lindstrom','RebeccaLindstrom@gmail.com','LindstromRebecca');
INSERT INTO Students VALUES (620002087,'UNDERGRAD','01-01-2020');
INSERT INTO Enrolled (u_id,courseCode) VALUES (620002087,'BIOC1986'),(620002087,'BIOC3341'),(620002087,'BIOC1448');
INSERT INTO Users VALUES (620002088,'Judith','Sniezek','JudithSniezek@gmail.com','SniezekJudith');
INSERT INTO Students VALUES (620002088,'UNDERGRAD','01-01-2020');
INSERT INTO Enrolled (u_id,courseCode) VALUES (620002088,'COMP3167'),(620002088,'CHEM2446'),(620002088,'PHYS3729');
INSERT INTO Users VALUES (620002089,'Sean','Kent','SeanKent@gmail.com','KentSean');
INSERT INTO Students VALUES (620002089,'UNDERGRAD','01-01-2020');
INSERT INTO Enrolled (u_id,courseCode) VALUES (620002089,'PHYS2451'),(620002089,'COMP1573'),(620002089,'BIOC1725'),(620002089,'COMP3084'),(620002089,'COMP2361');
INSERT INTO Users VALUES (620002090,'Janet','Vargas','JanetVargas@gmail.com','VargasJanet');
INSERT INTO Students VALUES (620002090,'UNDERGRAD','01-01-2020');
INSERT INTO Enrolled (u_id,courseCode) VALUES (620002090,'PHYS2338'),(620002090,'MATH2555'),(620002090,'COMP3418');
INSERT INTO Users VALUES (620002091,'Angie','Williamson','AngieWilliamson@gmail.com','WilliamsonAngie');
INSERT INTO Students VALUES (620002091,'UNDERGRAD','01-01-2020');
INSERT INTO Enrolled (u_id,courseCode) VALUES (620002091,'MATH2801'),(620002091,'BIOC2981'),(620002091,'COMP3697'),(620002091,'ECON1996'),(620002091,'INFO2811'),(620002091,'CHEM1807');
INSERT INTO Users VALUES (620002092,'Frankie','Chatcho','FrankieChatcho@gmail.com','ChatchoFrankie');
INSERT INTO Students VALUES (620002092,'UNDERGRAD','01-01-2020');
INSERT INTO Enrolled (u_id,courseCode) VALUES (620002092,'CHEM2005'),(620002092,'MATH2957'),(620002092,'CHEM2626');
INSERT INTO Users VALUES (620002093,'Lorenza','Walden','LorenzaWalden@gmail.com','WaldenLorenza');
INSERT INTO Students VALUES (620002093,'UNDERGRAD','01-01-2020');
INSERT INTO Enrolled (u_id,courseCode) VALUES (620002093,'CHEM3888'),(620002093,'CHEM2005'),(620002093,'PHYS2563');
INSERT INTO Users VALUES (620002094,'Tracy','Butler','TracyButler@gmail.com','ButlerTracy');
INSERT INTO Students VALUES (620002094,'UNDERGRAD','01-01-2020');
INSERT INTO Enrolled (u_id,courseCode) VALUES (620002094,'ECON3372'),(620002094,'ECON1561'),(620002094,'PHYS3464'),(620002094,'PHYS3659'),(620002094,'COMP1867');
INSERT INTO Users VALUES (620002095,'Samuel','Scully','SamuelScully@gmail.com','ScullySamuel');
INSERT INTO Students VALUES (620002095,'UNDERGRAD','01-01-2020');
INSERT INTO Enrolled (u_id,courseCode) VALUES (620002095,'PHYS2563'),(620002095,'MATH2188'),(620002095,'COMP3173'),(620002095,'MATH2067');
INSERT INTO Users VALUES (620002096,'Susan','Shattuck','SusanShattuck@gmail.com','ShattuckSusan');
INSERT INTO Students VALUES (620002096,'UNDERGRAD','01-01-2020');
INSERT INTO Enrolled (u_id,courseCode) VALUES (620002096,'PHYS2306'),(620002096,'PHYS3354'),(620002096,'COMP2541'),(620002096,'INFO3868'),(620002096,'INFO2270');
INSERT INTO Users VALUES (620002097,'Isreal','Shattuck','IsrealShattuck@gmail.com','ShattuckIsreal');
INSERT INTO Students VALUES (620002097,'UNDERGRAD','01-01-2020');
INSERT INTO Enrolled (u_id,courseCode) VALUES (620002097,'MATH2188'),(620002097,'COMP3536'),(620002097,'COMP3746'),(620002097,'CHEM2066'),(620002097,'ECON3276');
INSERT INTO Users VALUES (620002098,'Stacy','Mcclain','StacyMcclain@gmail.com','McclainStacy');
INSERT INTO Students VALUES (620002098,'UNDERGRAD','01-01-2020');
INSERT INTO Enrolled (u_id,courseCode) VALUES (620002098,'INFO3645'),(620002098,'PHYS2306'),(620002098,'ECON2345'),(620002098,'MATH2501'),(620002098,'PHYS2448');
INSERT INTO Users VALUES (620002099,'Vanessa','Brown','VanessaBrown@gmail.com','BrownVanessa');
INSERT INTO Students VALUES (620002099,'UNDERGRAD','01-01-2020');
INSERT INTO Enrolled (u_id,courseCode) VALUES (620002099,'INFO1145'),(620002099,'ECON3550'),(620002099,'BIOC3341');
INSERT INTO Users VALUES (620002100,'Isreal','Miles','IsrealMiles@gmail.com','MilesIsreal');
INSERT INTO Students VALUES (620002100,'UNDERGRAD','01-01-2020');
INSERT INTO Enrolled (u_id,courseCode) VALUES (620002100,'COMP3238'),(620002100,'MATH3844'),(620002100,'COMP1051'),(620002100,'BIOC1052'),(620002100,'INFO2716');
INSERT INTO Users VALUES (620002101,'Reginald','Uribe','ReginaldUribe@gmail.com','UribeReginald');
INSERT INTO Students VALUES (620002101,'UNDERGRAD','01-01-2020');
INSERT INTO Enrolled (u_id,courseCode) VALUES (620002101,'CHEM3888'),(620002101,'PHYS3787'),(620002101,'INFO1242'),(620002101,'MATH1648');
INSERT INTO Users VALUES (620002102,'Dean','Lockwood','DeanLockwood@gmail.com','LockwoodDean');
INSERT INTO Students VALUES (620002102,'UNDERGRAD','01-01-2020');
INSERT INTO Enrolled (u_id,courseCode) VALUES (620002102,'PHYS2238'),(620002102,'COMP3536'),(620002102,'INFO2636'),(620002102,'PHYS2451'),(620002102,'PHYS2229');
INSERT INTO Users VALUES (620002103,'Edna','Waugh','EdnaWaugh@gmail.com','WaughEdna');
INSERT INTO Students VALUES (620002103,'UNDERGRAD','01-01-2020');
INSERT INTO Enrolled (u_id,courseCode) VALUES (620002103,'ECON3004'),(620002103,'COMP2965'),(620002103,'COMP2361'),(620002103,'COMP3506');
INSERT INTO Users VALUES (620002104,'Glenda','Best','GlendaBest@gmail.com','BestGlenda');
INSERT INTO Students VALUES (620002104,'UNDERGRAD','01-01-2020');
INSERT INTO Enrolled (u_id,courseCode) VALUES (620002104,'INFO2213'),(620002104,'COMP2361'),(620002104,'INFO2559'),(620002104,'ECON3020'),(620002104,'BIOC1534');
INSERT INTO Users VALUES (620002105,'Edna','Nichols','EdnaNichols@gmail.com','NicholsEdna');
INSERT INTO Students VALUES (620002105,'UNDERGRAD','01-01-2020');
INSERT INTO Enrolled (u_id,courseCode) VALUES (620002105,'BIOC2589'),(620002105,'CHEM3347'),(620002105,'INFO2716'),(620002105,'INFO2147'),(620002105,'ECON3228');
INSERT INTO Users VALUES (620002106,'Patsy','Ramlall','PatsyRamlall@gmail.com','RamlallPatsy');
INSERT INTO Students VALUES (620002106,'UNDERGRAD','01-01-2020');
INSERT INTO Enrolled (u_id,courseCode) VALUES (620002106,'MATH2873'),(620002106,'INFO1447'),(620002106,'BIOC1725'),(620002106,'INFO3645'),(620002106,'MATH2957');
INSERT INTO Users VALUES (620002107,'Judith','Kenney','JudithKenney@gmail.com','KenneyJudith');
INSERT INTO Students VALUES (620002107,'UNDERGRAD','01-01-2020');
INSERT INTO Enrolled (u_id,courseCode) VALUES (620002107,'CHEM1807'),(620002107,'ECON3989'),(620002107,'BIOC2054');
INSERT INTO Users VALUES (620002108,'Jamison','Mcalister','JamisonMcalister@gmail.com','McalisterJamison');
INSERT INTO Students VALUES (620002108,'UNDERGRAD','01-01-2020');
INSERT INTO Enrolled (u_id,courseCode) VALUES (620002108,'MATH2501'),(620002108,'CHEM1613'),(620002108,'ECON3372');
INSERT INTO Users VALUES (620002109,'Cleveland','Heckstall','ClevelandHeckstall@gmail.com','HeckstallCleveland');
INSERT INTO Students VALUES (620002109,'UNDERGRAD','01-01-2020');
INSERT INTO Enrolled (u_id,courseCode) VALUES (620002109,'MATH1972'),(620002109,'BIOC1725'),(620002109,'MATH1638'),(620002109,'INFO2147');
INSERT INTO Users VALUES (620002110,'Roberta','Citizen','RobertaCitizen@gmail.com','CitizenRoberta');
INSERT INTO Students VALUES (620002110,'UNDERGRAD','01-01-2020');
INSERT INTO Enrolled (u_id,courseCode) VALUES (620002110,'CHEM2031'),(620002110,'ECON1458'),(620002110,'COMP3849');
INSERT INTO Users VALUES (620002111,'Leo','Rankin','LeoRankin@gmail.com','RankinLeo');
INSERT INTO Students VALUES (620002111,'UNDERGRAD','01-01-2020');
INSERT INTO Enrolled (u_id,courseCode) VALUES (620002111,'ECON2345'),(620002111,'ECON3311'),(620002111,'PHYS1399'),(620002111,'INFO1825'),(620002111,'COMP1460');
INSERT INTO Users VALUES (620002112,'Madaline','Mejias','MadalineMejias@gmail.com','MejiasMadaline');
INSERT INTO Students VALUES (620002112,'UNDERGRAD','01-01-2020');
INSERT INTO Enrolled (u_id,courseCode) VALUES (620002112,'COMP2080'),(620002112,'MATH1262'),(620002112,'COMP1184'),(620002112,'ECON1783'),(620002112,'INFO1833');
INSERT INTO Users VALUES (620002113,'Cassie','Vanwyck','CassieVanwyck@gmail.com','VanwyckCassie');
INSERT INTO Students VALUES (620002113,'UNDERGRAD','01-01-2020');
INSERT INTO Enrolled (u_id,courseCode) VALUES (620002113,'BIOC3721'),(620002113,'INFO1288'),(620002113,'COMP3084'),(620002113,'COMP1543'),(620002113,'CHEM1494'),(620002113,'ECON3004');
INSERT INTO Users VALUES (620002114,'Douglas','Lopez','DouglasLopez@gmail.com','LopezDouglas');
INSERT INTO Students VALUES (620002114,'UNDERGRAD','01-01-2020');
INSERT INTO Enrolled (u_id,courseCode) VALUES (620002114,'BIOC1164'),(620002114,'INFO1014'),(620002114,'ECON3281'),(620002114,'BIOC1794');
INSERT INTO Users VALUES (620002115,'Joan','Nighman','JoanNighman@gmail.com','NighmanJoan');
INSERT INTO Students VALUES (620002115,'UNDERGRAD','01-01-2020');
INSERT INTO Enrolled (u_id,courseCode) VALUES (620002115,'CHEM2149'),(620002115,'ECON3281'),(620002115,'INFO2147'),(620002115,'ECON1561');
INSERT INTO Users VALUES (620002116,'Greg','Macpartland','GregMacpartland@gmail.com','MacpartlandGreg');
INSERT INTO Students VALUES (620002116,'UNDERGRAD','01-01-2020');
INSERT INTO Enrolled (u_id,courseCode) VALUES (620002116,'BIOC1910'),(620002116,'ECON2722'),(620002116,'CHEM2177');
INSERT INTO Users VALUES (620002117,'Joyce','Nichols','JoyceNichols@gmail.com','NicholsJoyce');
INSERT INTO Students VALUES (620002117,'UNDERGRAD','01-01-2020');
INSERT INTO Enrolled (u_id,courseCode) VALUES (620002117,'PHYS2563'),(620002117,'MATH3688'),(620002117,'CHEM1485'),(620002117,'INFO2950'),(620002117,'INFO2797'),(620002117,'PHYS2338');
INSERT INTO Users VALUES (620002118,'Marcus','Stallings','MarcusStallings@gmail.com','StallingsMarcus');
INSERT INTO Students VALUES (620002118,'UNDERGRAD','01-01-2020');
INSERT INTO Enrolled (u_id,courseCode) VALUES (620002118,'BIOC3230'),(620002118,'ECON2722'),(620002118,'BIOC1439');
INSERT INTO Users VALUES (620002119,'Roy','Reyes','RoyReyes@gmail.com','ReyesRoy');
INSERT INTO Students VALUES (620002119,'UNDERGRAD','01-01-2020');
INSERT INTO Enrolled (u_id,courseCode) VALUES (620002119,'COMP3047'),(620002119,'MATH3688'),(620002119,'MATH2188'),(620002119,'CHEM2867'),(620002119,'COMP3746'),(620002119,'BIOC3604');
INSERT INTO Users VALUES (620002120,'Iris','Wolfe','IrisWolfe@gmail.com','WolfeIris');
INSERT INTO Students VALUES (620002120,'UNDERGRAD','01-01-2020');
INSERT INTO Enrolled (u_id,courseCode) VALUES (620002120,'INFO2213'),(620002120,'PHYS3659'),(620002120,'COMP3173'),(620002120,'MATH1454'),(620002120,'BIOC2236'),(620002120,'PHYS2113');
INSERT INTO Users VALUES (620002121,'Casey','Steere','CaseySteere@gmail.com','SteereCasey');
INSERT INTO Students VALUES (620002121,'UNDERGRAD','01-01-2020');
INSERT INTO Enrolled (u_id,courseCode) VALUES (620002121,'PHYS2563'),(620002121,'PHYS1173'),(620002121,'CHEM2065');
INSERT INTO Users VALUES (620002122,'Louise','Watson','LouiseWatson@gmail.com','WatsonLouise');
INSERT INTO Students VALUES (620002122,'UNDERGRAD','01-01-2020');
INSERT INTO Enrolled (u_id,courseCode) VALUES (620002122,'COMP2651'),(620002122,'INFO2636'),(620002122,'ECON3004'),(620002122,'BIOC2981');
INSERT INTO Users VALUES (620002123,'John','Siple','JohnSiple@gmail.com','SipleJohn');
INSERT INTO Students VALUES (620002123,'UNDERGRAD','01-01-2020');
INSERT INTO Enrolled (u_id,courseCode) VALUES (620002123,'INFO3868'),(620002123,'ECON1498'),(620002123,'COMP2717'),(620002123,'MATH3544');
INSERT INTO Users VALUES (620002124,'Mildred','Nelson','MildredNelson@gmail.com','NelsonMildred');
INSERT INTO Students VALUES (620002124,'UNDERGRAD','01-01-2020');
INSERT INTO Enrolled (u_id,courseCode) VALUES (620002124,'MATH2501'),(620002124,'CHEM2481'),(620002124,'PHYS2229');
INSERT INTO Users VALUES (620002125,'Tracy','James','TracyJames@gmail.com','JamesTracy');
INSERT INTO Students VALUES (620002125,'UNDERGRAD','01-01-2020');
INSERT INTO Enrolled (u_id,courseCode) VALUES (620002125,'INFO1242'),(620002125,'CHEM2697'),(620002125,'ECON3288'),(620002125,'ECON1098');
INSERT INTO Users VALUES (620002126,'Guillermo','Maze','GuillermoMaze@gmail.com','MazeGuillermo');
INSERT INTO Students VALUES (620002126,'UNDERGRAD','01-01-2020');
INSERT INTO Enrolled (u_id,courseCode) VALUES (620002126,'ECON3281'),(620002126,'ECON3989'),(620002126,'PHYS3464'),(620002126,'MATH3544'),(620002126,'ECON3523'),(620002126,'ECON1230');
INSERT INTO Users VALUES (620002127,'Rachel','Lockwood','RachelLockwood@gmail.com','LockwoodRachel');
INSERT INTO Students VALUES (620002127,'UNDERGRAD','01-01-2020');
INSERT INTO Enrolled (u_id,courseCode) VALUES (620002127,'ECON3989'),(620002127,'COMP2361'),(620002127,'INFO1145'),(620002127,'BIOC2671'),(620002127,'ECON1012');
INSERT INTO Users VALUES (620002128,'Rebecca','Mcneill','RebeccaMcneill@gmail.com','McneillRebecca');
INSERT INTO Students VALUES (620002128,'UNDERGRAD','01-01-2020');
INSERT INTO Enrolled (u_id,courseCode) VALUES (620002128,'BIOC3341'),(620002128,'INFO3419'),(620002128,'PHYS3290'),(620002128,'ECON1170'),(620002128,'PHYS2113');
INSERT INTO Users VALUES (620002129,'Tony','Scully','TonyScully@gmail.com','ScullyTony');
INSERT INTO Students VALUES (620002129,'UNDERGRAD','01-01-2020');
INSERT INTO Enrolled (u_id,courseCode) VALUES (620002129,'PHYS1399'),(620002129,'COMP2541'),(620002129,'COMP3849');
INSERT INTO Users VALUES (620002130,'Jose','Campbell','JoseCampbell@gmail.com','CampbellJose');
INSERT INTO Students VALUES (620002130,'UNDERGRAD','01-01-2020');
INSERT INTO Enrolled (u_id,courseCode) VALUES (620002130,'BIOC2981'),(620002130,'MATH2067'),(620002130,'ECON1170'),(620002130,'BIOC1744');
INSERT INTO Users VALUES (620002131,'Mildred','Swan','MildredSwan@gmail.com','SwanMildred');
INSERT INTO Students VALUES (620002131,'UNDERGRAD','01-01-2020');
INSERT INTO Enrolled (u_id,courseCode) VALUES (620002131,'CHEM2066'),(620002131,'PHYS2338'),(620002131,'INFO2860');
INSERT INTO Users VALUES (620002132,'Margaret','Bradford','MargaretBradford@gmail.com','BradfordMargaret');
INSERT INTO Students VALUES (620002132,'UNDERGRAD','01-01-2020');
INSERT INTO Enrolled (u_id,courseCode) VALUES (620002132,'INFO2813'),(620002132,'INFO2559'),(620002132,'BIOC1104');
INSERT INTO Users VALUES (620002133,'Doris','Bordelon','DorisBordelon@gmail.com','BordelonDoris');
INSERT INTO Students VALUES (620002133,'UNDERGRAD','01-01-2020');
INSERT INTO Enrolled (u_id,courseCode) VALUES (620002133,'CHEM2065'),(620002133,'PHYS3052'),(620002133,'BIOC2054'),(620002133,'CHEM2149'),(620002133,'MATH1309'),(620002133,'ECON3228');
INSERT INTO Users VALUES (620002134,'Guillermo','Steere','GuillermoSteere@gmail.com','SteereGuillermo');
INSERT INTO Students VALUES (620002134,'UNDERGRAD','01-01-2020');
INSERT INTO Enrolled (u_id,courseCode) VALUES (620002134,'COMP3849'),(620002134,'BIOC2671'),(620002134,'CHEM2005'),(620002134,'COMP1543'),(620002134,'ECON3989'),(620002134,'COMP3418');
INSERT INTO Users VALUES (620002135,'Rebecca','Barron','RebeccaBarron@gmail.com','BarronRebecca');
INSERT INTO Students VALUES (620002135,'UNDERGRAD','01-01-2020');
INSERT INTO Enrolled (u_id,courseCode) VALUES (620002135,'MATH3173'),(620002135,'ECON2814'),(620002135,'INFO1990');
INSERT INTO Users VALUES (620002136,'Carolyn','Truong','CarolynTruong@gmail.com','TruongCarolyn');
INSERT INTO Students VALUES (620002136,'UNDERGRAD','01-01-2020');
INSERT INTO Enrolled (u_id,courseCode) VALUES (620002136,'PHYS3339'),(620002136,'ECON1996'),(620002136,'CHEM3747'),(620002136,'INFO2270'),(620002136,'BIOC1052'),(620002136,'PHYS2667');
INSERT INTO Users VALUES (620002137,'Judith','Spohn','JudithSpohn@gmail.com','SpohnJudith');
INSERT INTO Students VALUES (620002137,'UNDERGRAD','01-01-2020');
INSERT INTO Enrolled (u_id,courseCode) VALUES (620002137,'INFO3645'),(620002137,'PHYS3290'),(620002137,'INFO3603'),(620002137,'ECON1458'),(620002137,'COMP3418'),(620002137,'PHYS3729');
INSERT INTO Users VALUES (620002138,'Edna','Crespo','EdnaCrespo@gmail.com','CrespoEdna');
INSERT INTO Students VALUES (620002138,'UNDERGRAD','01-01-2020');
INSERT INTO Enrolled (u_id,courseCode) VALUES (620002138,'CHEM3617'),(620002138,'ECON1645'),(620002138,'INFO2559'),(620002138,'MATH1262'),(620002138,'PHYS3339');
INSERT INTO Users VALUES (620002139,'Joan','Flowers','JoanFlowers@gmail.com','FlowersJoan');
INSERT INTO Students VALUES (620002139,'UNDERGRAD','01-01-2020');
INSERT INTO Enrolled (u_id,courseCode) VALUES (620002139,'PHYS3787'),(620002139,'BIOC2589'),(620002139,'ECON1458');
INSERT INTO Users VALUES (620002140,'Cynthia','Butler','CynthiaButler@gmail.com','ButlerCynthia');
INSERT INTO Students VALUES (620002140,'UNDERGRAD','01-01-2020');
INSERT INTO Enrolled (u_id,courseCode) VALUES (620002140,'COMP3506'),(620002140,'PHYS3729'),(620002140,'CHEM2149'),(620002140,'MATH2717'),(620002140,'CHEM1340');
INSERT INTO Users VALUES (620002141,'Angie','Tirabassi','AngieTirabassi@gmail.com','TirabassiAngie');
INSERT INTO Students VALUES (620002141,'UNDERGRAD','01-01-2020');
INSERT INTO Enrolled (u_id,courseCode) VALUES (620002141,'COMP3506'),(620002141,'INFO3935'),(620002141,'MATH1735'),(620002141,'PHYS2238'),(620002141,'COMP3697');
INSERT INTO Users VALUES (620002142,'Nicole','May','NicoleMay@gmail.com','MayNicole');
INSERT INTO Students VALUES (620002142,'UNDERGRAD','01-01-2020');
INSERT INTO Enrolled (u_id,courseCode) VALUES (620002142,'BIOC3191'),(620002142,'COMP3418'),(620002142,'CHEM2481'),(620002142,'INFO3868'),(620002142,'CHEM2065'),(620002142,'BIOC1485');
INSERT INTO Users VALUES (620002143,'Sean','Mcneill','SeanMcneill@gmail.com','McneillSean');
INSERT INTO Students VALUES (620002143,'UNDERGRAD','01-01-2020');
INSERT INTO Enrolled (u_id,courseCode) VALUES (620002143,'MATH2188'),(620002143,'CHEM2727'),(620002143,'COMP3047');
INSERT INTO Users VALUES (620002144,'Kimberly','Chatcho','KimberlyChatcho@gmail.com','ChatchoKimberly');
INSERT INTO Students VALUES (620002144,'UNDERGRAD','01-01-2020');
INSERT INTO Enrolled (u_id,courseCode) VALUES (620002144,'MATH3209'),(620002144,'COMP2651'),(620002144,'MATH1454'),(620002144,'COMP3506'),(620002144,'MATH3613');
INSERT INTO Users VALUES (620002145,'Randall','Kaupp','RandallKaupp@gmail.com','KauppRandall');
INSERT INTO Students VALUES (620002145,'UNDERGRAD','01-01-2020');
INSERT INTO Enrolled (u_id,courseCode) VALUES (620002145,'ECON3989'),(620002145,'BIOC1534'),(620002145,'CHEM2065'),(620002145,'ECON2703'),(620002145,'MATH3857');
INSERT INTO Users VALUES (620002146,'Stephanie','Pelletier','StephaniePelletier@gmail.com','PelletierStephanie');
INSERT INTO Students VALUES (620002146,'UNDERGRAD','01-01-2020');
INSERT INTO Enrolled (u_id,courseCode) VALUES (620002146,'COMP1051'),(620002146,'INFO2213'),(620002146,'COMP3536'),(620002146,'INFO1447'),(620002146,'ECON3004'),(620002146,'CHEM3347');
INSERT INTO Users VALUES (620002147,'Ernesto','Hudson','ErnestoHudson@gmail.com','HudsonErnesto');
INSERT INTO Students VALUES (620002147,'UNDERGRAD','01-01-2020');
INSERT INTO Enrolled (u_id,courseCode) VALUES (620002147,'INFO1014'),(620002147,'PHYS1930'),(620002147,'COMP1543');
INSERT INTO Users VALUES (620002148,'Mildred','Laudat','MildredLaudat@gmail.com','LaudatMildred');
INSERT INTO Students VALUES (620002148,'UNDERGRAD','01-01-2020');
INSERT INTO Enrolled (u_id,courseCode) VALUES (620002148,'ECON1589'),(620002148,'ECON3372'),(620002148,'PHYS3659'),(620002148,'MATH3688'),(620002148,'PHYS3354');
INSERT INTO Users VALUES (620002149,'Luella','Noggle','LuellaNoggle@gmail.com','NoggleLuella');
INSERT INTO Students VALUES (620002149,'UNDERGRAD','01-01-2020');
INSERT INTO Enrolled (u_id,courseCode) VALUES (620002149,'MATH1250'),(620002149,'COMP3418'),(620002149,'ECON1498'),(620002149,'CHEM3747'),(620002149,'CHEM2867'),(620002149,'PHYS3686');
INSERT INTO Users VALUES (620002150,'Donald','Starks','DonaldStarks@gmail.com','StarksDonald');
INSERT INTO Students VALUES (620002150,'UNDERGRAD','01-01-2020');
INSERT INTO Enrolled (u_id,courseCode) VALUES (620002150,'ECON3523'),(620002150,'COMP3536'),(620002150,'CHEM2220'),(620002150,'COMP1357'),(620002150,'COMP3506');
INSERT INTO Users VALUES (620002151,'Wanda','Garcia','WandaGarcia@gmail.com','GarciaWanda');
INSERT INTO Students VALUES (620002151,'UNDERGRAD','01-01-2020');
INSERT INTO Enrolled (u_id,courseCode) VALUES (620002151,'BIOC1910'),(620002151,'PHYS1930'),(620002151,'ECON3020'),(620002151,'COMP3418'),(620002151,'CHEM2697');
INSERT INTO Users VALUES (620002152,'Angie','Gondek','AngieGondek@gmail.com','GondekAngie');
INSERT INTO Students VALUES (620002152,'UNDERGRAD','01-01-2020');
INSERT INTO Enrolled (u_id,courseCode) VALUES (620002152,'INFO2337'),(620002152,'BIOC1448'),(620002152,'ECON3004'),(620002152,'INFO1145'),(620002152,'ECON2387');
INSERT INTO Users VALUES (620002153,'Bobby','Colley','BobbyColley@gmail.com','ColleyBobby');
INSERT INTO Students VALUES (620002153,'UNDERGRAD','01-01-2020');
INSERT INTO Enrolled (u_id,courseCode) VALUES (620002153,'INFO3636'),(620002153,'CHEM2177'),(620002153,'PHYS2229'),(620002153,'ECON1012'),(620002153,'INFO2521'),(620002153,'COMP3084');
INSERT INTO Users VALUES (620002154,'Steven','Mauk','StevenMauk@gmail.com','MaukSteven');
INSERT INTO Students VALUES (620002154,'UNDERGRAD','01-01-2020');
INSERT INTO Enrolled (u_id,courseCode) VALUES (620002154,'BIOC1725'),(620002154,'PHYS2238'),(620002154,'ECON3004'),(620002154,'PHYS1993');
INSERT INTO Users VALUES (620002155,'Cynthia','Colley','CynthiaColley@gmail.com','ColleyCynthia');
INSERT INTO Students VALUES (620002155,'UNDERGRAD','01-01-2020');
INSERT INTO Enrolled (u_id,courseCode) VALUES (620002155,'CHEM3614'),(620002155,'INFO3636'),(620002155,'BIOC3191'),(620002155,'INFO1825');
INSERT INTO Users VALUES (620002156,'Dorcas','Hauser','DorcasHauser@gmail.com','HauserDorcas');
INSERT INTO Students VALUES (620002156,'UNDERGRAD','01-01-2020');
INSERT INTO Enrolled (u_id,courseCode) VALUES (620002156,'COMP1867'),(620002156,'ECON3276'),(620002156,'COMP3639'),(620002156,'CHEM3347'),(620002156,'PHYS2451'),(620002156,'MATH3857');
INSERT INTO Users VALUES (620002157,'Reggie','Vargas','ReggieVargas@gmail.com','VargasReggie');
INSERT INTO Students VALUES (620002157,'UNDERGRAD','01-01-2020');
INSERT INTO Enrolled (u_id,courseCode) VALUES (620002157,'ECON1012'),(620002157,'PHYS3354'),(620002157,'BIOC1052');
INSERT INTO Users VALUES (620002158,'Kasey','Congdon','KaseyCongdon@gmail.com','CongdonKasey');
INSERT INTO Students VALUES (620002158,'UNDERGRAD','01-01-2020');
INSERT INTO Enrolled (u_id,courseCode) VALUES (620002158,'INFO2337'),(620002158,'INFO3868'),(620002158,'INFO1833'),(620002158,'CHEM2031');
INSERT INTO Users VALUES (620002159,'Casey','Walley','CaseyWalley@gmail.com','WalleyCasey');
INSERT INTO Students VALUES (620002159,'UNDERGRAD','01-01-2020');
INSERT INTO Enrolled (u_id,courseCode) VALUES (620002159,'ECON3523'),(620002159,'CHEM3888'),(620002159,'CHEM3617'),(620002159,'COMP2080'),(620002159,'BIOC1866');
INSERT INTO Users VALUES (620002160,'Shannon','Vanwyck','ShannonVanwyck@gmail.com','VanwyckShannon');
INSERT INTO Students VALUES (620002160,'UNDERGRAD','01-01-2020');
INSERT INTO Enrolled (u_id,courseCode) VALUES (620002160,'COMP2651'),(620002160,'PHYS1140'),(620002160,'COMP3047'),(620002160,'MATH1578');
INSERT INTO Users VALUES (620002161,'Dwight','Terry','DwightTerry@gmail.com','TerryDwight');
INSERT INTO Students VALUES (620002161,'UNDERGRAD','01-01-2020');
INSERT INTO Enrolled (u_id,courseCode) VALUES (620002161,'ECON3311'),(620002161,'MATH1735'),(620002161,'INFO1014');
INSERT INTO Users VALUES (620002162,'Richard','Rice','RichardRice@gmail.com','RiceRichard');
INSERT INTO Students VALUES (620002162,'UNDERGRAD','01-01-2020');
INSERT INTO Enrolled (u_id,courseCode) VALUES (620002162,'CHEM2066'),(620002162,'CHEM2604'),(620002162,'ECON3311'),(620002162,'PHYS3729');
INSERT INTO Users VALUES (620002163,'Justin','Johnson','JustinJohnson@gmail.com','JohnsonJustin');
INSERT INTO Students VALUES (620002163,'UNDERGRAD','01-01-2020');
INSERT INTO Enrolled (u_id,courseCode) VALUES (620002163,'ECON3550'),(620002163,'BIOC1104'),(620002163,'BIOC2671');
INSERT INTO Users VALUES (620002164,'Delia','Scales','DeliaScales@gmail.com','ScalesDelia');
INSERT INTO Students VALUES (620002164,'UNDERGRAD','01-01-2020');
INSERT INTO Enrolled (u_id,courseCode) VALUES (620002164,'PHYS2338'),(620002164,'PHYS2113'),(620002164,'MATH3179');
INSERT INTO Users VALUES (620002165,'Madaline','Cummings','MadalineCummings@gmail.com','CummingsMadaline');
INSERT INTO Students VALUES (620002165,'UNDERGRAD','01-01-2020');
INSERT INTO Enrolled (u_id,courseCode) VALUES (620002165,'COMP1184'),(620002165,'ECON3288'),(620002165,'PHYS2238');
INSERT INTO Users VALUES (620002166,'Dennis','Alvarez','DennisAlvarez@gmail.com','AlvarezDennis');
INSERT INTO Students VALUES (620002166,'UNDERGRAD','01-01-2020');
INSERT INTO Enrolled (u_id,courseCode) VALUES (620002166,'BIOC1052'),(620002166,'PHYS1140'),(620002166,'MATH2801'),(620002166,'INFO2147');
INSERT INTO Users VALUES (620002167,'Lauren','Vanwyck','LaurenVanwyck@gmail.com','VanwyckLauren');
INSERT INTO Students VALUES (620002167,'UNDERGRAD','01-01-2020');
INSERT INTO Enrolled (u_id,courseCode) VALUES (620002167,'BIOC1910'),(620002167,'INFO2559'),(620002167,'COMP1051'),(620002167,'PHYS2977'),(620002167,'INFO1648');
INSERT INTO Users VALUES (620002168,'Derek','Flowers','DerekFlowers@gmail.com','FlowersDerek');
INSERT INTO Students VALUES (620002168,'UNDERGRAD','01-01-2020');
INSERT INTO Enrolled (u_id,courseCode) VALUES (620002168,'BIOC2550'),(620002168,'CHEM3409'),(620002168,'COMP3639'),(620002168,'MATH2501'),(620002168,'MATH3179');
INSERT INTO Users VALUES (620002169,'Nathan','Long','NathanLong@gmail.com','LongNathan');
INSERT INTO Students VALUES (620002169,'UNDERGRAD','01-01-2020');
INSERT INTO Enrolled (u_id,courseCode) VALUES (620002169,'ECON3550'),(620002169,'INFO3419'),(620002169,'INFO2147');
INSERT INTO Users VALUES (620002170,'Dominick','Huffman','DominickHuffman@gmail.com','HuffmanDominick');
INSERT INTO Students VALUES (620002170,'UNDERGRAD','01-01-2020');
INSERT INTO Enrolled (u_id,courseCode) VALUES (620002170,'BIOC1794'),(620002170,'CHEM2177'),(620002170,'COMP3173');
INSERT INTO Users VALUES (620002171,'Timothy','Citizen','TimothyCitizen@gmail.com','CitizenTimothy');
INSERT INTO Students VALUES (620002171,'UNDERGRAD','01-01-2020');
INSERT INTO Enrolled (u_id,courseCode) VALUES (620002171,'COMP2717'),(620002171,'MATH1454'),(620002171,'INFO2797'),(620002171,'PHYS1979'),(620002171,'ECON1561'),(620002171,'BIOC1794');
INSERT INTO Users VALUES (620002172,'Christopher','Mcclain','ChristopherMcclain@gmail.com','McclainChristopher');
INSERT INTO Students VALUES (620002172,'UNDERGRAD','01-01-2020');
INSERT INTO Enrolled (u_id,courseCode) VALUES (620002172,'CHEM2867'),(620002172,'INFO2337'),(620002172,'COMP3167'),(620002172,'CHEM2446');
INSERT INTO Users VALUES (620002173,'Danielle','Rankin','DanielleRankin@gmail.com','RankinDanielle');
INSERT INTO Students VALUES (620002173,'UNDERGRAD','01-01-2020');
INSERT INTO Enrolled (u_id,courseCode) VALUES (620002173,'ECON3281'),(620002173,'CHEM2066'),(620002173,'CHEM2065'),(620002173,'CHEM3747'),(620002173,'PHYS3339');
INSERT INTO Users VALUES (620002174,'Delmar','Burch','DelmarBurch@gmail.com','BurchDelmar');
INSERT INTO Students VALUES (620002174,'UNDERGRAD','01-01-2020');
INSERT INTO Enrolled (u_id,courseCode) VALUES (620002174,'ECON2722'),(620002174,'CHEM2697'),(620002174,'ECON1561'),(620002174,'MATH2717'),(620002174,'ECON3989');
INSERT INTO Users VALUES (620002175,'Adelia','Carrington','AdeliaCarrington@gmail.com','CarringtonAdelia');
INSERT INTO Students VALUES (620002175,'UNDERGRAD','01-01-2020');
INSERT INTO Enrolled (u_id,courseCode) VALUES (620002175,'COMP1867'),(620002175,'BIOC3230'),(620002175,'BIOC2671'),(620002175,'MATH1148'),(620002175,'ECON1561');
INSERT INTO Users VALUES (620002176,'Louise','Lorenz','LouiseLorenz@gmail.com','LorenzLouise');
INSERT INTO Students VALUES (620002176,'UNDERGRAD','01-01-2020');
INSERT INTO Enrolled (u_id,courseCode) VALUES (620002176,'MATH3029'),(620002176,'MATH2188'),(620002176,'MATH1972'),(620002176,'ECON1783'),(620002176,'COMP3639'),(620002176,'CHEM2066');
INSERT INTO Users VALUES (620002177,'Tiara','Kimbrell','TiaraKimbrell@gmail.com','KimbrellTiara');
INSERT INTO Students VALUES (620002177,'UNDERGRAD','01-01-2020');
INSERT INTO Enrolled (u_id,courseCode) VALUES (620002177,'MATH2555'),(620002177,'INFO2147'),(620002177,'BIOC1534'),(620002177,'BIOC2981');
INSERT INTO Users VALUES (620002178,'Jason','Russ','JasonRuss@gmail.com','RussJason');
INSERT INTO Students VALUES (620002178,'UNDERGRAD','01-01-2020');
INSERT INTO Enrolled (u_id,courseCode) VALUES (620002178,'MATH3613'),(620002178,'ECON1996'),(620002178,'BIOC1910'),(620002178,'INFO1833');
INSERT INTO Users VALUES (620002179,'Patricia','Lauritsen','PatriciaLauritsen@gmail.com','LauritsenPatricia');
INSERT INTO Students VALUES (620002179,'UNDERGRAD','01-01-2020');
INSERT INTO Enrolled (u_id,courseCode) VALUES (620002179,'COMP1184'),(620002179,'INFO2811'),(620002179,'MATH3544');
INSERT INTO Users VALUES (620002180,'Floyd','Hauser','FloydHauser@gmail.com','HauserFloyd');
INSERT INTO Students VALUES (620002180,'UNDERGRAD','01-01-2020');
INSERT INTO Enrolled (u_id,courseCode) VALUES (620002180,'BIOC1725'),(620002180,'INFO2716'),(620002180,'ECON3276'),(620002180,'ECON1645');
INSERT INTO Users VALUES (620002181,'Tony','Robinson','TonyRobinson@gmail.com','RobinsonTony');
INSERT INTO Students VALUES (620002181,'UNDERGRAD','01-01-2020');
INSERT INTO Enrolled (u_id,courseCode) VALUES (620002181,'BIOC3457'),(620002181,'MATH1309'),(620002181,'PHYS3290'),(620002181,'PHYS2229'),(620002181,'CHEM2626'),(620002181,'COMP2541');
INSERT INTO Users VALUES (620002182,'Justin','Butcher','JustinButcher@gmail.com','ButcherJustin');
INSERT INTO Students VALUES (620002182,'UNDERGRAD','01-01-2020');
INSERT INTO Enrolled (u_id,courseCode) VALUES (620002182,'CHEM2797'),(620002182,'CHEM3617'),(620002182,'COMP2651'),(620002182,'ECON1230'),(620002182,'CHEM2626');
INSERT INTO Users VALUES (620002183,'Christopher','Lorenz','ChristopherLorenz@gmail.com','LorenzChristopher');
INSERT INTO Students VALUES (620002183,'UNDERGRAD','01-01-2020');
INSERT INTO Enrolled (u_id,courseCode) VALUES (620002183,'BIOC2236'),(620002183,'ECON3228'),(620002183,'INFO2636'),(620002183,'PHYS3729');
INSERT INTO Users VALUES (620002184,'Julius','May','JuliusMay@gmail.com','MayJulius');
INSERT INTO Students VALUES (620002184,'UNDERGRAD','01-01-2020');
INSERT INTO Enrolled (u_id,courseCode) VALUES (620002184,'INFO2797'),(620002184,'INFO1833'),(620002184,'ECON1458'),(620002184,'MATH3179'),(620002184,'PHYS3659'),(620002184,'ECON3737');
INSERT INTO Users VALUES (620002185,'Juanita','Carrillo','JuanitaCarrillo@gmail.com','CarrilloJuanita');
INSERT INTO Students VALUES (620002185,'UNDERGRAD','01-01-2020');
INSERT INTO Enrolled (u_id,courseCode) VALUES (620002185,'INFO1447'),(620002185,'PHYS3052'),(620002185,'MATH3173'),(620002185,'MATH1648');
INSERT INTO Users VALUES (620002186,'Francisca','Thompson','FranciscaThompson@gmail.com','ThompsonFrancisca');
INSERT INTO Students VALUES (620002186,'UNDERGRAD','01-01-2020');
INSERT INTO Enrolled (u_id,courseCode) VALUES (620002186,'MATH1648'),(620002186,'INFO2270'),(620002186,'MATH1454');
INSERT INTO Users VALUES (620002187,'Robert','Colley','RobertColley@gmail.com','ColleyRobert');
INSERT INTO Students VALUES (620002187,'UNDERGRAD','01-01-2020');
INSERT INTO Enrolled (u_id,courseCode) VALUES (620002187,'CHEM1340'),(620002187,'MATH2188'),(620002187,'CHEM3747'),(620002187,'COMP1460'),(620002187,'MATH1972'),(620002187,'COMP2541');
INSERT INTO Users VALUES (620002188,'Ed','Daniels','EdDaniels@gmail.com','DanielsEd');
INSERT INTO Students VALUES (620002188,'UNDERGRAD','01-01-2020');
INSERT INTO Enrolled (u_id,courseCode) VALUES (620002188,'INFO3645'),(620002188,'CHEM3054'),(620002188,'CHEM2727');
INSERT INTO Users VALUES (620002189,'Blake','Nelson','BlakeNelson@gmail.com','NelsonBlake');
INSERT INTO Students VALUES (620002189,'UNDERGRAD','01-01-2020');
INSERT INTO Enrolled (u_id,courseCode) VALUES (620002189,'MATH1638'),(620002189,'INFO2797'),(620002189,'PHYS1399'),(620002189,'ECON1498');
INSERT INTO Users VALUES (620002190,'Andrew','Carrillo','AndrewCarrillo@gmail.com','CarrilloAndrew');
INSERT INTO Students VALUES (620002190,'UNDERGRAD','01-01-2020');
INSERT INTO Enrolled (u_id,courseCode) VALUES (620002190,'CHEM3617'),(620002190,'BIOC2054'),(620002190,'ECON3276'),(620002190,'ECON3288');
INSERT INTO Users VALUES (620002191,'Leticia','Merna','LeticiaMerna@gmail.com','MernaLeticia');
INSERT INTO Students VALUES (620002191,'UNDERGRAD','01-01-2020');
INSERT INTO Enrolled (u_id,courseCode) VALUES (620002191,'BIOC1164'),(620002191,'ECON2722'),(620002191,'MATH1250'),(620002191,'COMP3167'),(620002191,'INFO1447'),(620002191,'ECON2387');
INSERT INTO Users VALUES (620002192,'Stanley','Allen','StanleyAllen@gmail.com','AllenStanley');
INSERT INTO Students VALUES (620002192,'UNDERGRAD','01-01-2020');
INSERT INTO Enrolled (u_id,courseCode) VALUES (620002192,'CHEM3347'),(620002192,'ECON1561'),(620002192,'CHEM2797');
INSERT INTO Users VALUES (620002193,'Rebecca','Moldrem','RebeccaMoldrem@gmail.com','MoldremRebecca');
INSERT INTO Students VALUES (620002193,'UNDERGRAD','01-01-2020');
INSERT INTO Enrolled (u_id,courseCode) VALUES (620002193,'MATH3857'),(620002193,'BIOC3604'),(620002193,'MATH3209');
INSERT INTO Users VALUES (620002194,'Marshall','Crespo','MarshallCrespo@gmail.com','CrespoMarshall');
INSERT INTO Students VALUES (620002194,'UNDERGRAD','01-01-2020');
INSERT INTO Enrolled (u_id,courseCode) VALUES (620002194,'PHYS1173'),(620002194,'INFO2337'),(620002194,'ECON1012'),(620002194,'BIOC2589'),(620002194,'CHEM2066'),(620002194,'INFO3636');
INSERT INTO Users VALUES (620002195,'Jose','Daniels','JoseDaniels@gmail.com','DanielsJose');
INSERT INTO Students VALUES (620002195,'UNDERGRAD','01-01-2020');
INSERT INTO Enrolled (u_id,courseCode) VALUES (620002195,'INFO1145'),(620002195,'PHYS1399'),(620002195,'ECON3281');
INSERT INTO Users VALUES (620002196,'Teresa','Krause','TeresaKrause@gmail.com','KrauseTeresa');
INSERT INTO Students VALUES (620002196,'UNDERGRAD','01-01-2020');
INSERT INTO Enrolled (u_id,courseCode) VALUES (620002196,'INFO1447'),(620002196,'COMP3746'),(620002196,'CHEM2697'),(620002196,'PHYS3729');
INSERT INTO Users VALUES (620002197,'Geraldine','Lyford','GeraldineLyford@gmail.com','LyfordGeraldine');
INSERT INTO Students VALUES (620002197,'UNDERGRAD','01-01-2020');
INSERT INTO Enrolled (u_id,courseCode) VALUES (620002197,'MATH3844'),(620002197,'COMP3047'),(620002197,'BIOC1866'),(620002197,'INFO3935');
INSERT INTO Users VALUES (620002198,'Kendra','Baccus','KendraBaccus@gmail.com','BaccusKendra');
INSERT INTO Students VALUES (620002198,'UNDERGRAD','01-01-2020');
INSERT INTO Enrolled (u_id,courseCode) VALUES (620002198,'BIOC3457'),(620002198,'ECON1230'),(620002198,'ECON3276'),(620002198,'PHYS1993'),(620002198,'COMP2361'),(620002198,'PHYS3052');
INSERT INTO Users VALUES (620002199,'Marcus','Oswalt','MarcusOswalt@gmail.com','OswaltMarcus');
INSERT INTO Students VALUES (620002199,'UNDERGRAD','01-01-2020');
INSERT INTO Enrolled (u_id,courseCode) VALUES (620002199,'INFO1014'),(620002199,'ECON2722'),(620002199,'MATH3688'),(620002199,'INFO3636');
INSERT INTO Users VALUES (620002200,'Sadie','Long','SadieLong@gmail.com','LongSadie');
INSERT INTO Students VALUES (620002200,'UNDERGRAD','01-01-2020');
INSERT INTO Enrolled (u_id,courseCode) VALUES (620002200,'CHEM2481'),(620002200,'BIOC2671'),(620002200,'COMP3418'),(620002200,'BIOC2054');
INSERT INTO Users VALUES (620002201,'Janet','Wengerd','JanetWengerd@gmail.com','WengerdJanet');
INSERT INTO Students VALUES (620002201,'UNDERGRAD','01-01-2020');
INSERT INTO Enrolled (u_id,courseCode) VALUES (620002201,'BIOC3230'),(620002201,'INFO1242'),(620002201,'ECON3004'),(620002201,'MATH1638'),(620002201,'ECON3063'),(620002201,'MATH1972');
INSERT INTO Users VALUES (620002202,'Rosa','Granado','RosaGranado@gmail.com','GranadoRosa');
INSERT INTO Students VALUES (620002202,'UNDERGRAD','01-01-2020');
INSERT INTO Enrolled (u_id,courseCode) VALUES (620002202,'ECON3447'),(620002202,'BIOC1598'),(620002202,'INFO1288'),(620002202,'MATH2957');
INSERT INTO Users VALUES (620002203,'Geoffrey','Monte','GeoffreyMonte@gmail.com','MonteGeoffrey');
INSERT INTO Students VALUES (620002203,'UNDERGRAD','01-01-2020');
INSERT INTO Enrolled (u_id,courseCode) VALUES (620002203,'BIOC1534'),(620002203,'INFO2337'),(620002203,'PHYS1979');
INSERT INTO Users VALUES (620002204,'Alvin','Moldrem','AlvinMoldrem@gmail.com','MoldremAlvin');
INSERT INTO Students VALUES (620002204,'UNDERGRAD','01-01-2020');
INSERT INTO Enrolled (u_id,courseCode) VALUES (620002204,'PHYS3354'),(620002204,'BIOC3191'),(620002204,'CHEM3617'),(620002204,'COMP3167'),(620002204,'BIOC1725');
INSERT INTO Users VALUES (620002205,'Orlando','Evans','OrlandoEvans@gmail.com','EvansOrlando');
INSERT INTO Students VALUES (620002205,'UNDERGRAD','01-01-2020');
INSERT INTO Enrolled (u_id,courseCode) VALUES (620002205,'PHYS3876'),(620002205,'MATH3173'),(620002205,'CHEM2697');
INSERT INTO Users VALUES (620002206,'Melvin','Granado','MelvinGranado@gmail.com','GranadoMelvin');
INSERT INTO Students VALUES (620002206,'UNDERGRAD','01-01-2020');
INSERT INTO Enrolled (u_id,courseCode) VALUES (620002206,'PHYS2113'),(620002206,'CHEM3614'),(620002206,'COMP3506'),(620002206,'BIOC1986'),(620002206,'ECON1561'),(620002206,'BIOC2981');
INSERT INTO Users VALUES (620002207,'Roger','Steinberger','RogerSteinberger@gmail.com','SteinbergerRoger');
INSERT INTO Students VALUES (620002207,'UNDERGRAD','01-01-2020');
INSERT INTO Enrolled (u_id,courseCode) VALUES (620002207,'BIOC1104'),(620002207,'COMP3685'),(620002207,'MATH1972'),(620002207,'INFO1014'),(620002207,'CHEM2005'),(620002207,'BIOC1866');
INSERT INTO Users VALUES (620002208,'Judith','Koehn','JudithKoehn@gmail.com','KoehnJudith');
INSERT INTO Students VALUES (620002208,'UNDERGRAD','01-01-2020');
INSERT INTO Enrolled (u_id,courseCode) VALUES (620002208,'COMP2361'),(620002208,'INFO3636'),(620002208,'COMP3639'),(620002208,'INFO2811'),(620002208,'PHYS2451');
INSERT INTO Users VALUES (620002209,'Mildred','Deen','MildredDeen@gmail.com','DeenMildred');
INSERT INTO Students VALUES (620002209,'UNDERGRAD','01-01-2020');
INSERT INTO Enrolled (u_id,courseCode) VALUES (620002209,'INFO1833'),(620002209,'INFO2559'),(620002209,'CHEM3327'),(620002209,'INFO3935'),(620002209,'BIOC1439'),(620002209,'BIOC2054');
INSERT INTO Users VALUES (620002210,'Bryon','Steere','BryonSteere@gmail.com','SteereBryon');
INSERT INTO Students VALUES (620002210,'UNDERGRAD','01-01-2020');
INSERT INTO Enrolled (u_id,courseCode) VALUES (620002210,'PHYS1399'),(620002210,'INFO1014'),(620002210,'CHEM2604'),(620002210,'MATH2801'),(620002210,'CHEM1807'),(620002210,'CHEM2626');
INSERT INTO Users VALUES (620002211,'Aaron','Hanks','AaronHanks@gmail.com','HanksAaron');
INSERT INTO Students VALUES (620002211,'UNDERGRAD','01-01-2020');
INSERT INTO Enrolled (u_id,courseCode) VALUES (620002211,'INFO1242'),(620002211,'MATH2188'),(620002211,'COMP1573'),(620002211,'ECON3288'),(620002211,'ECON3281');
INSERT INTO Users VALUES (620002212,'Sergio','Gillis','SergioGillis@gmail.com','GillisSergio');
INSERT INTO Students VALUES (620002212,'UNDERGRAD','01-01-2020');
INSERT INTO Enrolled (u_id,courseCode) VALUES (620002212,'INFO2860'),(620002212,'BIOC3341'),(620002212,'CHEM2867');
INSERT INTO Users VALUES (620002213,'Demetrice','Thompson','DemetriceThompson@gmail.com','ThompsonDemetrice');
INSERT INTO Students VALUES (620002213,'UNDERGRAD','01-01-2020');
INSERT INTO Enrolled (u_id,courseCode) VALUES (620002213,'MATH1638'),(620002213,'CHEM2066'),(620002213,'BIOC1986'),(620002213,'PHYS3052'),(620002213,'CHEM2697'),(620002213,'BIOC3341');
INSERT INTO Users VALUES (620002214,'Matthew','Figueroa','MatthewFigueroa@gmail.com','FigueroaMatthew');
INSERT INTO Students VALUES (620002214,'UNDERGRAD','01-01-2020');
INSERT INTO Enrolled (u_id,courseCode) VALUES (620002214,'PHYS3339'),(620002214,'MATH2188'),(620002214,'PHYS3876'),(620002214,'CHEM2867'),(620002214,'CHEM2177'),(620002214,'MATH2957');
INSERT INTO Users VALUES (620002215,'Julius','Bowerman','JuliusBowerman@gmail.com','BowermanJulius');
INSERT INTO Students VALUES (620002215,'UNDERGRAD','01-01-2020');
INSERT INTO Enrolled (u_id,courseCode) VALUES (620002215,'INFO2716'),(620002215,'MATH2550'),(620002215,'MATH3059');
INSERT INTO Users VALUES (620002216,'Margaret','Gaffney','MargaretGaffney@gmail.com','GaffneyMargaret');
INSERT INTO Students VALUES (620002216,'UNDERGRAD','01-01-2020');
INSERT INTO Enrolled (u_id,courseCode) VALUES (620002216,'MATH3613'),(620002216,'PHYS3659'),(620002216,'INFO3868'),(620002216,'MATH3179');
INSERT INTO Users VALUES (620002217,'Georgie','Stovall','GeorgieStovall@gmail.com','StovallGeorgie');
INSERT INTO Students VALUES (620002217,'UNDERGRAD','01-01-2020');
INSERT INTO Enrolled (u_id,courseCode) VALUES (620002217,'CHEM3347'),(620002217,'MATH2717'),(620002217,'PHYS3464');
INSERT INTO Users VALUES (620002218,'Linda','Mchenry','LindaMchenry@gmail.com','MchenryLinda');
INSERT INTO Students VALUES (620002218,'UNDERGRAD','01-01-2020');
INSERT INTO Enrolled (u_id,courseCode) VALUES (620002218,'INFO1825'),(620002218,'COMP3238'),(620002218,'ECON1589'),(620002218,'CHEM2220');
INSERT INTO Users VALUES (620002219,'Daisy','Merna','DaisyMerna@gmail.com','MernaDaisy');
INSERT INTO Students VALUES (620002219,'UNDERGRAD','01-01-2020');
INSERT INTO Enrolled (u_id,courseCode) VALUES (620002219,'INFO3645'),(620002219,'COMP2361'),(620002219,'ECON1783'),(620002219,'BIOC1052'),(620002219,'CHEM2031');
INSERT INTO Users VALUES (620002220,'Edward','White','EdwardWhite@gmail.com','WhiteEdward');
INSERT INTO Students VALUES (620002220,'UNDERGRAD','01-01-2020');
INSERT INTO Enrolled (u_id,courseCode) VALUES (620002220,'BIOC1598'),(620002220,'MATH3844'),(620002220,'BIOC2550'),(620002220,'MATH3029');
INSERT INTO Users VALUES (620002221,'Kurt','Terry','KurtTerry@gmail.com','TerryKurt');
INSERT INTO Students VALUES (620002221,'UNDERGRAD','01-01-2020');
INSERT INTO Enrolled (u_id,courseCode) VALUES (620002221,'COMP1184'),(620002221,'BIOC3230'),(620002221,'MATH3222'),(620002221,'PHYS3729');
INSERT INTO Users VALUES (620002222,'Marie','Danker','MarieDanker@gmail.com','DankerMarie');
INSERT INTO Students VALUES (620002222,'UNDERGRAD','01-01-2020');
INSERT INTO Enrolled (u_id,courseCode) VALUES (620002222,'PHYS1993'),(620002222,'MATH3613'),(620002222,'ECON3004'),(620002222,'COMP2717'),(620002222,'CHEM2005');
INSERT INTO Users VALUES (620002223,'Tia','Rankin','TiaRankin@gmail.com','RankinTia');
INSERT INTO Students VALUES (620002223,'UNDERGRAD','01-01-2020');
INSERT INTO Enrolled (u_id,courseCode) VALUES (620002223,'ECON2703'),(620002223,'BIOC3721'),(620002223,'BIOC3230');
INSERT INTO Users VALUES (620002224,'Francis','Wilbanks','FrancisWilbanks@gmail.com','WilbanksFrancis');
INSERT INTO Students VALUES (620002224,'UNDERGRAD','01-01-2020');
INSERT INTO Enrolled (u_id,courseCode) VALUES (620002224,'ECON1230'),(620002224,'CHEM2005'),(620002224,'COMP3685'),(620002224,'COMP3746');
INSERT INTO Users VALUES (620002225,'Sarah','Pelletier','SarahPelletier@gmail.com','PelletierSarah');
INSERT INTO Students VALUES (620002225,'UNDERGRAD','01-01-2020');
INSERT INTO Enrolled (u_id,courseCode) VALUES (620002225,'PHYS2229'),(620002225,'ECON3004'),(620002225,'MATH2550'),(620002225,'CHEM3617'),(620002225,'INFO2860'),(620002225,'ECON3989');
INSERT INTO Users VALUES (620002226,'Grace','Mchenry','GraceMchenry@gmail.com','MchenryGrace');
INSERT INTO Students VALUES (620002226,'UNDERGRAD','01-01-2020');
INSERT INTO Enrolled (u_id,courseCode) VALUES (620002226,'BIOC1744'),(620002226,'COMP3047'),(620002226,'INFO2270'),(620002226,'PHYS2451'),(620002226,'INFO1447'),(620002226,'ECON3523');
INSERT INTO Users VALUES (620002227,'Ruby','Mejias','RubyMejias@gmail.com','MejiasRuby');
INSERT INTO Students VALUES (620002227,'UNDERGRAD','01-01-2020');
INSERT INTO Enrolled (u_id,courseCode) VALUES (620002227,'ECON1098'),(620002227,'INFO3868'),(620002227,'PHYS2563'),(620002227,'PHYS2117'),(620002227,'COMP3506'),(620002227,'CHEM3409');
INSERT INTO Users VALUES (620002228,'Byron','Mccarthy','ByronMccarthy@gmail.com','MccarthyByron');
INSERT INTO Students VALUES (620002228,'UNDERGRAD','01-01-2020');
INSERT INTO Enrolled (u_id,courseCode) VALUES (620002228,'CHEM3617'),(620002228,'INFO1833'),(620002228,'ECON3372'),(620002228,'BIOC2550'),(620002228,'INFO2337'),(620002228,'COMP1867');
INSERT INTO Users VALUES (620002229,'Gina','Turner','GinaTurner@gmail.com','TurnerGina');
INSERT INTO Students VALUES (620002229,'UNDERGRAD','01-01-2020');
INSERT INTO Enrolled (u_id,courseCode) VALUES (620002229,'ECON3004'),(620002229,'INFO1014'),(620002229,'ECON1996'),(620002229,'PHYS2117'),(620002229,'PHYS2229'),(620002229,'INFO2521');
INSERT INTO Users VALUES (620002230,'Nancy','Souza','NancySouza@gmail.com','SouzaNancy');
INSERT INTO Students VALUES (620002230,'UNDERGRAD','01-01-2020');
INSERT INTO Enrolled (u_id,courseCode) VALUES (620002230,'CHEM2177'),(620002230,'ECON2814'),(620002230,'PHYS1930');
INSERT INTO Users VALUES (620002231,'Guillermo','Koehn','GuillermoKoehn@gmail.com','KoehnGuillermo');
INSERT INTO Students VALUES (620002231,'UNDERGRAD','01-01-2020');
INSERT INTO Enrolled (u_id,courseCode) VALUES (620002231,'CHEM2446'),(620002231,'CHEM2797'),(620002231,'MATH3688'),(620002231,'COMP1460'),(620002231,'PHYS3354'),(620002231,'MATH2801');
INSERT INTO Users VALUES (620002232,'Arthur','Stallings','ArthurStallings@gmail.com','StallingsArthur');
INSERT INTO Students VALUES (620002232,'UNDERGRAD','01-01-2020');
INSERT INTO Enrolled (u_id,courseCode) VALUES (620002232,'COMP3685'),(620002232,'COMP2400'),(620002232,'ECON2345'),(620002232,'ECON3281'),(620002232,'MATH1578'),(620002232,'BIOC2671');
INSERT INTO Users VALUES (620002233,'Jake','Scarbrough','JakeScarbrough@gmail.com','ScarbroughJake');
INSERT INTO Students VALUES (620002233,'UNDERGRAD','01-01-2020');
INSERT INTO Enrolled (u_id,courseCode) VALUES (620002233,'ECON3288'),(620002233,'INFO2636'),(620002233,'MATH2717');
INSERT INTO Users VALUES (620002234,'Cliff','Hunt','CliffHunt@gmail.com','HuntCliff');
INSERT INTO Students VALUES (620002234,'UNDERGRAD','01-01-2020');
INSERT INTO Enrolled (u_id,courseCode) VALUES (620002234,'BIOC3457'),(620002234,'MATH3059'),(620002234,'BIOC1104');
INSERT INTO Users VALUES (620002235,'Brian','Gondek','BrianGondek@gmail.com','GondekBrian');
INSERT INTO Students VALUES (620002235,'UNDERGRAD','01-01-2020');
INSERT INTO Enrolled (u_id,courseCode) VALUES (620002235,'ECON3085'),(620002235,'COMP3084'),(620002235,'ECON2387'),(620002235,'MATH2501');
INSERT INTO Users VALUES (620002236,'Colin','Truong','ColinTruong@gmail.com','TruongColin');
INSERT INTO Students VALUES (620002236,'UNDERGRAD','01-01-2020');
INSERT INTO Enrolled (u_id,courseCode) VALUES (620002236,'PHYS2338'),(620002236,'PHYS3876'),(620002236,'MATH2873');
INSERT INTO Users VALUES (620002237,'Deanne','Diggs','DeanneDiggs@gmail.com','DiggsDeanne');
INSERT INTO Students VALUES (620002237,'UNDERGRAD','01-01-2020');
INSERT INTO Enrolled (u_id,courseCode) VALUES (620002237,'ECON1561'),(620002237,'ECON3550'),(620002237,'CHEM2005'),(620002237,'INFO1014'),(620002237,'PHYS1993'),(620002237,'COMP1543');
INSERT INTO Users VALUES (620002238,'Gina','Hayes','GinaHayes@gmail.com','HayesGina');
INSERT INTO Students VALUES (620002238,'UNDERGRAD','01-01-2020');
INSERT INTO Enrolled (u_id,courseCode) VALUES (620002238,'MATH1735'),(620002238,'ECON1645'),(620002238,'COMP2717'),(620002238,'PHYS3339'),(620002238,'PHYS3290'),(620002238,'CHEM2626');
INSERT INTO Users VALUES (620002239,'Tracy','Watson','TracyWatson@gmail.com','WatsonTracy');
INSERT INTO Students VALUES (620002239,'UNDERGRAD','01-01-2020');
INSERT INTO Enrolled (u_id,courseCode) VALUES (620002239,'BIOC3230'),(620002239,'MATH1972'),(620002239,'ECON3523'),(620002239,'MATH3059'),(620002239,'ECON3085');
INSERT INTO Users VALUES (620002240,'Leticia','Jeanbaptiste','LeticiaJeanbaptiste@gmail.com','JeanbaptisteLeticia');
INSERT INTO Students VALUES (620002240,'UNDERGRAD','01-01-2020');
INSERT INTO Enrolled (u_id,courseCode) VALUES (620002240,'CHEM2481'),(620002240,'CHEM2031'),(620002240,'BIOC1725'),(620002240,'CHEM3327'),(620002240,'ECON3004'),(620002240,'PHYS3686');
INSERT INTO Users VALUES (620002241,'Blake','Porter','BlakePorter@gmail.com','PorterBlake');
INSERT INTO Students VALUES (620002241,'UNDERGRAD','01-01-2020');
INSERT INTO Enrolled (u_id,courseCode) VALUES (620002241,'ECON2814'),(620002241,'CHEM3793'),(620002241,'PHYS1173'),(620002241,'ECON1458');
INSERT INTO Users VALUES (620002242,'David','Blevins','DavidBlevins@gmail.com','BlevinsDavid');
INSERT INTO Students VALUES (620002242,'UNDERGRAD','01-01-2020');
INSERT INTO Enrolled (u_id,courseCode) VALUES (620002242,'INFO2270'),(620002242,'PHYS1399'),(620002242,'BIOC1104'),(620002242,'BIOC3230');
INSERT INTO Users VALUES (620002243,'Timothy','Comley','TimothyComley@gmail.com','ComleyTimothy');
INSERT INTO Students VALUES (620002243,'UNDERGRAD','01-01-2020');
INSERT INTO Enrolled (u_id,courseCode) VALUES (620002243,'COMP2361'),(620002243,'CHEM2149'),(620002243,'BIOC1986');
INSERT INTO Users VALUES (620002244,'Shawn','Taylor','ShawnTaylor@gmail.com','TaylorShawn');
INSERT INTO Students VALUES (620002244,'UNDERGRAD','01-01-2020');
INSERT INTO Enrolled (u_id,courseCode) VALUES (620002244,'PHYS3729'),(620002244,'CHEM3327'),(620002244,'CHEM1807');
INSERT INTO Users VALUES (620002245,'Stacy','Sultzer','StacySultzer@gmail.com','SultzerStacy');
INSERT INTO Students VALUES (620002245,'UNDERGRAD','01-01-2020');
INSERT INTO Enrolled (u_id,courseCode) VALUES (620002245,'MATH3844'),(620002245,'MATH1638'),(620002245,'INFO3868'),(620002245,'BIOC2550'),(620002245,'MATH3179');
INSERT INTO Users VALUES (620002246,'Freddie','Petersen','FreddiePetersen@gmail.com','PetersenFreddie');
INSERT INTO Students VALUES (620002246,'UNDERGRAD','01-01-2020');
INSERT INTO Enrolled (u_id,courseCode) VALUES (620002246,'INFO1833'),(620002246,'CHEM1485'),(620002246,'CHEM1613');
INSERT INTO Users VALUES (620002247,'Gabriel','Gillis','GabrielGillis@gmail.com','GillisGabriel');
INSERT INTO Students VALUES (620002247,'UNDERGRAD','01-01-2020');
INSERT INTO Enrolled (u_id,courseCode) VALUES (620002247,'ECON1561'),(620002247,'COMP1543'),(620002247,'ECON1098');
INSERT INTO Users VALUES (620002248,'Mildred','Gray','MildredGray@gmail.com','GrayMildred');
INSERT INTO Students VALUES (620002248,'UNDERGRAD','01-01-2020');
INSERT INTO Enrolled (u_id,courseCode) VALUES (620002248,'INFO3603'),(620002248,'ECON3020'),(620002248,'COMP3536'),(620002248,'ECON1589'),(620002248,'INFO2213');
INSERT INTO Users VALUES (620002249,'Charlotte','Merna','CharlotteMerna@gmail.com','MernaCharlotte');
INSERT INTO Students VALUES (620002249,'UNDERGRAD','01-01-2020');
INSERT INTO Enrolled (u_id,courseCode) VALUES (620002249,'INFO1447'),(620002249,'BIOC1910'),(620002249,'COMP3047'),(620002249,'PHYS3659');
INSERT INTO Users VALUES (620002250,'Flora','Jackson','FloraJackson@gmail.com','JacksonFlora');
INSERT INTO Students VALUES (620002250,'UNDERGRAD','01-01-2020');
INSERT INTO Enrolled (u_id,courseCode) VALUES (620002250,'ECON3550'),(620002250,'ECON2722'),(620002250,'ECON3085'),(620002250,'COMP3536'),(620002250,'ECON1589');
INSERT INTO Users VALUES (620002251,'Stephen','Hodge','StephenHodge@gmail.com','HodgeStephen');
INSERT INTO Students VALUES (620002251,'UNDERGRAD','01-01-2020');
INSERT INTO Enrolled (u_id,courseCode) VALUES (620002251,'CHEM3617'),(620002251,'BIOC3604'),(620002251,'ECON2814'),(620002251,'BIOC2550'),(620002251,'BIOC2236'),(620002251,'ECON1458');
INSERT INTO Users VALUES (620002252,'Ethel','Scully','EthelScully@gmail.com','ScullyEthel');
INSERT INTO Students VALUES (620002252,'UNDERGRAD','01-01-2020');
INSERT INTO Enrolled (u_id,courseCode) VALUES (620002252,'PHYS2563'),(620002252,'INFO3636'),(620002252,'INFO3419'),(620002252,'INFO2213'),(620002252,'CHEM2867'),(620002252,'CHEM2149');
INSERT INTO Users VALUES (620002253,'Marie','Jones','MarieJones@gmail.com','JonesMarie');
INSERT INTO Students VALUES (620002253,'UNDERGRAD','01-01-2020');
INSERT INTO Enrolled (u_id,courseCode) VALUES (620002253,'ECON3550'),(620002253,'MATH1262'),(620002253,'ECON3020'),(620002253,'ECON1458'),(620002253,'INFO2636');
INSERT INTO Users VALUES (620002254,'Dorcas','Wilbanks','DorcasWilbanks@gmail.com','WilbanksDorcas');
INSERT INTO Students VALUES (620002254,'UNDERGRAD','01-01-2020');
INSERT INTO Enrolled (u_id,courseCode) VALUES (620002254,'CHEM3327'),(620002254,'MATH2067'),(620002254,'BIOC1910'),(620002254,'MATH2550'),(620002254,'BIOC1866'),(620002254,'COMP2717');
INSERT INTO Users VALUES (620002255,'Dwight','Spohn','DwightSpohn@gmail.com','SpohnDwight');
INSERT INTO Students VALUES (620002255,'UNDERGRAD','01-01-2020');
INSERT INTO Enrolled (u_id,courseCode) VALUES (620002255,'PHYS2229'),(620002255,'MATH1972'),(620002255,'BIOC1744'),(620002255,'MATH3029'),(620002255,'BIOC1104');
INSERT INTO Users VALUES (620002256,'Kathy','Mcclain','KathyMcclain@gmail.com','McclainKathy');
INSERT INTO Students VALUES (620002256,'UNDERGRAD','01-01-2020');
INSERT INTO Enrolled (u_id,courseCode) VALUES (620002256,'MATH2957'),(620002256,'ECON1458'),(620002256,'ECON3085');
INSERT INTO Users VALUES (620002257,'Ashleigh','Santos','AshleighSantos@gmail.com','SantosAshleigh');
INSERT INTO Students VALUES (620002257,'UNDERGRAD','01-01-2020');
INSERT INTO Enrolled (u_id,courseCode) VALUES (620002257,'INFO2860'),(620002257,'COMP3047'),(620002257,'INFO2337');
INSERT INTO Users VALUES (620002258,'Toby','Lamar','TobyLamar@gmail.com','LamarToby');
INSERT INTO Students VALUES (620002258,'UNDERGRAD','01-01-2020');
INSERT INTO Enrolled (u_id,courseCode) VALUES (620002258,'PHYS2448'),(620002258,'INFO3419'),(620002258,'COMP2077'),(620002258,'ECON3288'),(620002258,'CHEM2626');
INSERT INTO Users VALUES (620002259,'Howard','Krout','HowardKrout@gmail.com','KroutHoward');
INSERT INTO Students VALUES (620002259,'UNDERGRAD','01-01-2020');
INSERT INTO Enrolled (u_id,courseCode) VALUES (620002259,'ECON1230'),(620002259,'BIOC2983'),(620002259,'ECON3311');
INSERT INTO Users VALUES (620002260,'Jason','Brock','JasonBrock@gmail.com','BrockJason');
INSERT INTO Students VALUES (620002260,'UNDERGRAD','01-01-2020');
INSERT INTO Enrolled (u_id,courseCode) VALUES (620002260,'CHEM2005'),(620002260,'CHEM1494'),(620002260,'ECON3281'),(620002260,'ECON1645'),(620002260,'MATH2555'),(620002260,'INFO1014');
INSERT INTO Users VALUES (620002261,'Aaron','Merna','AaronMerna@gmail.com','MernaAaron');
INSERT INTO Students VALUES (620002261,'UNDERGRAD','01-01-2020');
INSERT INTO Enrolled (u_id,courseCode) VALUES (620002261,'CHEM3617'),(620002261,'ECON3737'),(620002261,'CHEM3327'),(620002261,'MATH2555');
INSERT INTO Users VALUES (620002262,'Clyde','Gondek','ClydeGondek@gmail.com','GondekClyde');
INSERT INTO Students VALUES (620002262,'UNDERGRAD','01-01-2020');
INSERT INTO Enrolled (u_id,courseCode) VALUES (620002262,'COMP3849'),(620002262,'BIOC1448'),(620002262,'PHYS3290');
INSERT INTO Users VALUES (620002263,'Jonathan','Phinney','JonathanPhinney@gmail.com','PhinneyJonathan');
INSERT INTO Students VALUES (620002263,'UNDERGRAD','01-01-2020');
INSERT INTO Enrolled (u_id,courseCode) VALUES (620002263,'ECON1458'),(620002263,'BIOC1725'),(620002263,'MATH3857');
INSERT INTO Users VALUES (620002264,'Laila','Mitchell','LailaMitchell@gmail.com','MitchellLaila');
INSERT INTO Students VALUES (620002264,'UNDERGRAD','01-01-2020');
INSERT INTO Enrolled (u_id,courseCode) VALUES (620002264,'ECON3020'),(620002264,'MATH1250'),(620002264,'BIOC1725'),(620002264,'BIOC2671'),(620002264,'COMP1867'),(620002264,'PHYS2117');
INSERT INTO Users VALUES (620002265,'Linda','Avery','LindaAvery@gmail.com','AveryLinda');
INSERT INTO Students VALUES (620002265,'UNDERGRAD','01-01-2020');
INSERT INTO Enrolled (u_id,courseCode) VALUES (620002265,'CHEM2031'),(620002265,'COMP3506'),(620002265,'BIOC2550'),(620002265,'MATH1972'),(620002265,'BIOC2983'),(620002265,'ECON1589');
INSERT INTO Users VALUES (620002266,'Dominique','Gilman','DominiqueGilman@gmail.com','GilmanDominique');
INSERT INTO Students VALUES (620002266,'UNDERGRAD','01-01-2020');
INSERT INTO Enrolled (u_id,courseCode) VALUES (620002266,'INFO2811'),(620002266,'MATH3544'),(620002266,'MATH1735'),(620002266,'COMP2541'),(620002266,'INFO3636');
INSERT INTO Users VALUES (620002267,'Jimmy','Shattuck','JimmyShattuck@gmail.com','ShattuckJimmy');
INSERT INTO Students VALUES (620002267,'UNDERGRAD','01-01-2020');
INSERT INTO Enrolled (u_id,courseCode) VALUES (620002267,'BIOC1910'),(620002267,'PHYS3876'),(620002267,'COMP3418'),(620002267,'MATH1638'),(620002267,'INFO2559'),(620002267,'ECON2345');
INSERT INTO Users VALUES (620002268,'Samuel','Christenberry','SamuelChristenberry@gmail.com','ChristenberrySamuel');
INSERT INTO Students VALUES (620002268,'UNDERGRAD','01-01-2020');
INSERT INTO Enrolled (u_id,courseCode) VALUES (620002268,'MATH3179'),(620002268,'CHEM3409'),(620002268,'COMP1460'),(620002268,'BIOC2983'),(620002268,'MATH2717'),(620002268,'BIOC1052');
INSERT INTO Users VALUES (620002269,'Tiara','Huffman','TiaraHuffman@gmail.com','HuffmanTiara');
INSERT INTO Students VALUES (620002269,'UNDERGRAD','01-01-2020');
INSERT INTO Enrolled (u_id,courseCode) VALUES (620002269,'ECON2703'),(620002269,'BIOC3191'),(620002269,'BIOC1104'),(620002269,'PHYS2448'),(620002269,'PHYS3052');
INSERT INTO Users VALUES (620002270,'Carolyn','Jackson','CarolynJackson@gmail.com','JacksonCarolyn');
INSERT INTO Students VALUES (620002270,'UNDERGRAD','01-01-2020');
INSERT INTO Enrolled (u_id,courseCode) VALUES (620002270,'ECON3276'),(620002270,'ECON3288'),(620002270,'BIOC1439'),(620002270,'ECON1230');
INSERT INTO Users VALUES (620002271,'Jessie','Bourgoin','JessieBourgoin@gmail.com','BourgoinJessie');
INSERT INTO Students VALUES (620002271,'UNDERGRAD','01-01-2020');
INSERT INTO Enrolled (u_id,courseCode) VALUES (620002271,'PHYS3876'),(620002271,'ECON3989'),(620002271,'MATH2873'),(620002271,'ECON2722'),(620002271,'INFO1242');
INSERT INTO Users VALUES (620002272,'Catherine','Ott','CatherineOtt@gmail.com','OttCatherine');
INSERT INTO Students VALUES (620002272,'UNDERGRAD','01-01-2020');
INSERT INTO Enrolled (u_id,courseCode) VALUES (620002272,'BIOC1439'),(620002272,'MATH1250'),(620002272,'MATH3029');
INSERT INTO Users VALUES (620002273,'Elmer','Thompson','ElmerThompson@gmail.com','ThompsonElmer');
INSERT INTO Students VALUES (620002273,'UNDERGRAD','01-01-2020');
INSERT INTO Enrolled (u_id,courseCode) VALUES (620002273,'ECON3989'),(620002273,'COMP1460'),(620002273,'BIOC3341'),(620002273,'INFO2811');
INSERT INTO Users VALUES (620002274,'Homer','Sandlin','HomerSandlin@gmail.com','SandlinHomer');
INSERT INTO Students VALUES (620002274,'UNDERGRAD','01-01-2020');
INSERT INTO Enrolled (u_id,courseCode) VALUES (620002274,'PHYS2667'),(620002274,'BIOC2054'),(620002274,'ECON1996'),(620002274,'MATH1454'),(620002274,'BIOC1744'),(620002274,'PHYS3339');
INSERT INTO Users VALUES (620002275,'Randall','Collins','RandallCollins@gmail.com','CollinsRandall');
INSERT INTO Students VALUES (620002275,'UNDERGRAD','01-01-2020');
INSERT INTO Enrolled (u_id,courseCode) VALUES (620002275,'COMP3746'),(620002275,'ECON1458'),(620002275,'ECON2722'),(620002275,'PHYS3787');
INSERT INTO Users VALUES (620002276,'Derek','Charland','DerekCharland@gmail.com','CharlandDerek');
INSERT INTO Students VALUES (620002276,'UNDERGRAD','01-01-2020');
INSERT INTO Enrolled (u_id,courseCode) VALUES (620002276,'CHEM2727'),(620002276,'PHYS1979'),(620002276,'PHYS1140'),(620002276,'PHYS3659'),(620002276,'PHYS3354');
INSERT INTO Users VALUES (620002277,'Howard','Felipe','HowardFelipe@gmail.com','FelipeHoward');
INSERT INTO Students VALUES (620002277,'UNDERGRAD','01-01-2020');
INSERT INTO Enrolled (u_id,courseCode) VALUES (620002277,'MATH3173'),(620002277,'COMP3418'),(620002277,'COMP2361'),(620002277,'PHYS2563');
INSERT INTO Users VALUES (620002278,'Kasey','Lyford','KaseyLyford@gmail.com','LyfordKasey');
INSERT INTO Students VALUES (620002278,'UNDERGRAD','01-01-2020');
INSERT INTO Enrolled (u_id,courseCode) VALUES (620002278,'CHEM1340'),(620002278,'ECON3085'),(620002278,'ECON3276'),(620002278,'ECON2722'),(620002278,'INFO1242'),(620002278,'ECON2387');
INSERT INTO Users VALUES (620002279,'Guillermo','Walley','GuillermoWalley@gmail.com','WalleyGuillermo');
INSERT INTO Students VALUES (620002279,'UNDERGRAD','01-01-2020');
INSERT INTO Enrolled (u_id,courseCode) VALUES (620002279,'INFO1990'),(620002279,'CHEM2065'),(620002279,'ECON1996'),(620002279,'BIOC1485'),(620002279,'COMP2077'),(620002279,'PHYS3290');
INSERT INTO Users VALUES (620002280,'Joseph','Hodge','JosephHodge@gmail.com','HodgeJoseph');
INSERT INTO Students VALUES (620002280,'UNDERGRAD','01-01-2020');
INSERT INTO Enrolled (u_id,courseCode) VALUES (620002280,'CHEM2177'),(620002280,'MATH2501'),(620002280,'CHEM1613'),(620002280,'BIOC2589'),(620002280,'INFO1648'),(620002280,'BIOC1164');
INSERT INTO Users VALUES (620002281,'Frankie','Krause','FrankieKrause@gmail.com','KrauseFrankie');
INSERT INTO Students VALUES (620002281,'UNDERGRAD','01-01-2020');
INSERT INTO Enrolled (u_id,courseCode) VALUES (620002281,'ECON1230'),(620002281,'CHEM2481'),(620002281,'MATH3544'),(620002281,'MATH1638'),(620002281,'PHYS1930');
INSERT INTO Users VALUES (620002282,'Nicholas','Amberg','NicholasAmberg@gmail.com','AmbergNicholas');
INSERT INTO Students VALUES (620002282,'UNDERGRAD','01-01-2020');
INSERT INTO Enrolled (u_id,courseCode) VALUES (620002282,'BIOC3230'),(620002282,'CHEM3614'),(620002282,'INFO1825');
INSERT INTO Users VALUES (620002283,'Ben','Hernandez','BenHernandez@gmail.com','HernandezBen');
INSERT INTO Students VALUES (620002283,'UNDERGRAD','01-01-2020');
INSERT INTO Enrolled (u_id,courseCode) VALUES (620002283,'CHEM2604'),(620002283,'ECON1589'),(620002283,'ECON3085'),(620002283,'INFO1990'),(620002283,'CHEM3888'),(620002283,'CHEM1613');
INSERT INTO Users VALUES (620002284,'Adam','Baccus','AdamBaccus@gmail.com','BaccusAdam');
INSERT INTO Students VALUES (620002284,'UNDERGRAD','01-01-2020');
INSERT INTO Enrolled (u_id,courseCode) VALUES (620002284,'CHEM3793'),(620002284,'CHEM2031'),(620002284,'PHYS2117'),(620002284,'INFO2559');
INSERT INTO Users VALUES (620002285,'Bernie','Griffitts','BernieGriffitts@gmail.com','GriffittsBernie');
INSERT INTO Students VALUES (620002285,'UNDERGRAD','01-01-2020');
INSERT INTO Enrolled (u_id,courseCode) VALUES (620002285,'INFO2813'),(620002285,'MATH1250'),(620002285,'INFO2860'),(620002285,'COMP2077'),(620002285,'COMP2717'),(620002285,'ECON3020');
INSERT INTO Users VALUES (620002286,'Curtis','Petty','CurtisPetty@gmail.com','PettyCurtis');
INSERT INTO Students VALUES (620002286,'UNDERGRAD','01-01-2020');
INSERT INTO Enrolled (u_id,courseCode) VALUES (620002286,'PHYS2229'),(620002286,'BIOC1866'),(620002286,'COMP2717'),(620002286,'COMP3047'),(620002286,'INFO2860');
INSERT INTO Users VALUES (620002287,'Vickie','Boyer','VickieBoyer@gmail.com','BoyerVickie');
INSERT INTO Students VALUES (620002287,'UNDERGRAD','01-01-2020');
INSERT INTO Enrolled (u_id,courseCode) VALUES (620002287,'MATH1148'),(620002287,'MATH3179'),(620002287,'BIOC1794');
INSERT INTO Users VALUES (620002288,'Danielle','Souza','DanielleSouza@gmail.com','SouzaDanielle');
INSERT INTO Students VALUES (620002288,'UNDERGRAD','01-01-2020');
INSERT INTO Enrolled (u_id,courseCode) VALUES (620002288,'BIOC1534'),(620002288,'ECON3372'),(620002288,'INFO1648'),(620002288,'PHYS2113'),(620002288,'ECON2345'),(620002288,'INFO2813');
INSERT INTO Users VALUES (620002289,'Melvin','Early','MelvinEarly@gmail.com','EarlyMelvin');
INSERT INTO Students VALUES (620002289,'UNDERGRAD','01-01-2020');
INSERT INTO Enrolled (u_id,courseCode) VALUES (620002289,'CHEM2604'),(620002289,'ECON1783'),(620002289,'BIOC3191'),(620002289,'MATH3179'),(620002289,'PHYS2113');
INSERT INTO Users VALUES (620002290,'Wayne','Hayes','WayneHayes@gmail.com','HayesWayne');
INSERT INTO Students VALUES (620002290,'UNDERGRAD','01-01-2020');
INSERT INTO Enrolled (u_id,courseCode) VALUES (620002290,'COMP3746'),(620002290,'PHYS3052'),(620002290,'BIOC1725'),(620002290,'ECON1458');
INSERT INTO Users VALUES (620002291,'Patricia','Nelson','PatriciaNelson@gmail.com','NelsonPatricia');
INSERT INTO Students VALUES (620002291,'UNDERGRAD','01-01-2020');
INSERT INTO Enrolled (u_id,courseCode) VALUES (620002291,'ECON3737'),(620002291,'COMP3506'),(620002291,'ECON1498'),(620002291,'INFO2811'),(620002291,'MATH3844'),(620002291,'MATH2801');
INSERT INTO Users VALUES (620002292,'Juanita','Lockwood','JuanitaLockwood@gmail.com','LockwoodJuanita');
INSERT INTO Students VALUES (620002292,'UNDERGRAD','01-01-2020');
INSERT INTO Enrolled (u_id,courseCode) VALUES (620002292,'COMP3418'),(620002292,'INFO1648'),(620002292,'MATH1148');
INSERT INTO Users VALUES (620002293,'Demetrice','Comley','DemetriceComley@gmail.com','ComleyDemetrice');
INSERT INTO Students VALUES (620002293,'UNDERGRAD','01-01-2020');
INSERT INTO Enrolled (u_id,courseCode) VALUES (620002293,'CHEM2005'),(620002293,'MATH3029'),(620002293,'CHEM2867'),(620002293,'MATH3222'),(620002293,'COMP3746'),(620002293,'COMP1051');
INSERT INTO Users VALUES (620002294,'Leo','Scarbrough','LeoScarbrough@gmail.com','ScarbroughLeo');
INSERT INTO Students VALUES (620002294,'UNDERGRAD','01-01-2020');
INSERT INTO Enrolled (u_id,courseCode) VALUES (620002294,'MATH2873'),(620002294,'CHEM1340'),(620002294,'PHYS1399'),(620002294,'BIOC1725'),(620002294,'MATH1454');
INSERT INTO Users VALUES (620002295,'Toby','Turner','TobyTurner@gmail.com','TurnerToby');
INSERT INTO Students VALUES (620002295,'UNDERGRAD','01-01-2020');
INSERT INTO Enrolled (u_id,courseCode) VALUES (620002295,'BIOC1485'),(620002295,'MATH3222'),(620002295,'BIOC3604'),(620002295,'CHEM2177');
INSERT INTO Users VALUES (620002296,'Clyde','Krause','ClydeKrause@gmail.com','KrauseClyde');
INSERT INTO Students VALUES (620002296,'UNDERGRAD','01-01-2020');
INSERT INTO Enrolled (u_id,courseCode) VALUES (620002296,'PHYS1173'),(620002296,'INFO2716'),(620002296,'ECON1589'),(620002296,'INFO2270'),(620002296,'PHYS2117'),(620002296,'ECON3281');
INSERT INTO Users VALUES (620002297,'Vanessa','Scales','VanessaScales@gmail.com','ScalesVanessa');
INSERT INTO Students VALUES (620002297,'UNDERGRAD','01-01-2020');
INSERT INTO Enrolled (u_id,courseCode) VALUES (620002297,'CHEM2626'),(620002297,'PHYS2667'),(620002297,'INFO1833'),(620002297,'CHEM3617');
INSERT INTO Users VALUES (620002298,'Tiara','Charland','TiaraCharland@gmail.com','CharlandTiara');
INSERT INTO Students VALUES (620002298,'UNDERGRAD','01-01-2020');
INSERT INTO Enrolled (u_id,courseCode) VALUES (620002298,'ECON1783'),(620002298,'MATH2501'),(620002298,'INFO2716'),(620002298,'ECON1098'),(620002298,'PHYS3339');
INSERT INTO Users VALUES (620002299,'Lisa','Steinberger','LisaSteinberger@gmail.com','SteinbergerLisa');
INSERT INTO Students VALUES (620002299,'UNDERGRAD','01-01-2020');
INSERT INTO Enrolled (u_id,courseCode) VALUES (620002299,'BIOC1485'),(620002299,'ECON3372'),(620002299,'CHEM3617');
INSERT INTO Users VALUES (620002300,'Judith','Myrick','JudithMyrick@gmail.com','MyrickJudith');
INSERT INTO Students VALUES (620002300,'UNDERGRAD','01-01-2020');
INSERT INTO Enrolled (u_id,courseCode) VALUES (620002300,'INFO1990'),(620002300,'CHEM3054'),(620002300,'COMP3506');
INSERT INTO Users VALUES (620002301,'Bernie','Brock','BernieBrock@gmail.com','BrockBernie');
INSERT INTO Students VALUES (620002301,'UNDERGRAD','01-01-2020');
INSERT INTO Enrolled (u_id,courseCode) VALUES (620002301,'PHYS3339'),(620002301,'BIOC2589'),(620002301,'COMP3536'),(620002301,'CHEM2446');
INSERT INTO Users VALUES (620002302,'Andrew','Dahlheimer','AndrewDahlheimer@gmail.com','DahlheimerAndrew');
INSERT INTO Students VALUES (620002302,'UNDERGRAD','01-01-2020');
INSERT INTO Enrolled (u_id,courseCode) VALUES (620002302,'COMP3238'),(620002302,'CHEM3747'),(620002302,'BIOC1910'),(620002302,'CHEM2604');
INSERT INTO Users VALUES (620002303,'Leticia','Shattuck','LeticiaShattuck@gmail.com','ShattuckLeticia');
INSERT INTO Students VALUES (620002303,'UNDERGRAD','01-01-2020');
INSERT INTO Enrolled (u_id,courseCode) VALUES (620002303,'COMP3685'),(620002303,'COMP2717'),(620002303,'ECON2814'),(620002303,'PHYS2667'),(620002303,'MATH2717');
INSERT INTO Users VALUES (620002304,'Adelle','Atkins','AdelleAtkins@gmail.com','AtkinsAdelle');
INSERT INTO Students VALUES (620002304,'UNDERGRAD','01-01-2020');
INSERT INTO Enrolled (u_id,courseCode) VALUES (620002304,'ECON2814'),(620002304,'COMP1543'),(620002304,'BIOC1485'),(620002304,'PHYS2977'),(620002304,'BIOC2983');
INSERT INTO Users VALUES (620002305,'Randall','Martin','RandallMartin@gmail.com','MartinRandall');
INSERT INTO Students VALUES (620002305,'UNDERGRAD','01-01-2020');
INSERT INTO Enrolled (u_id,courseCode) VALUES (620002305,'MATH3179'),(620002305,'MATH1638'),(620002305,'PHYS3876');
INSERT INTO Users VALUES (620002306,'Stephen','Alexander','StephenAlexander@gmail.com','AlexanderStephen');
INSERT INTO Students VALUES (620002306,'UNDERGRAD','01-01-2020');
INSERT INTO Enrolled (u_id,courseCode) VALUES (620002306,'INFO1447'),(620002306,'PHYS3339'),(620002306,'COMP3173'),(620002306,'COMP1543');
INSERT INTO Users VALUES (620002307,'Wanda','Mauk','WandaMauk@gmail.com','MaukWanda');
INSERT INTO Students VALUES (620002307,'UNDERGRAD','01-01-2020');
INSERT INTO Enrolled (u_id,courseCode) VALUES (620002307,'PHYS2977'),(620002307,'CHEM1485'),(620002307,'ECON3311'),(620002307,'CHEM1613'),(620002307,'BIOC3230'),(620002307,'PHYS2451');
INSERT INTO Users VALUES (620002308,'Tracy','Crawford','TracyCrawford@gmail.com','CrawfordTracy');
INSERT INTO Students VALUES (620002308,'UNDERGRAD','01-01-2020');
INSERT INTO Enrolled (u_id,courseCode) VALUES (620002308,'CHEM2797'),(620002308,'INFO2813'),(620002308,'INFO3419'),(620002308,'BIOC1986'),(620002308,'INFO1990'),(620002308,'INFO3935');
INSERT INTO Users VALUES (620002309,'Byron','Williams','ByronWilliams@gmail.com','WilliamsByron');
INSERT INTO Students VALUES (620002309,'UNDERGRAD','01-01-2020');
INSERT INTO Enrolled (u_id,courseCode) VALUES (620002309,'INFO3636'),(620002309,'COMP1460'),(620002309,'MATH1972');
INSERT INTO Users VALUES (620002310,'Edward','Griffin','EdwardGriffin@gmail.com','GriffinEdward');
INSERT INTO Students VALUES (620002310,'UNDERGRAD','01-01-2020');
INSERT INTO Enrolled (u_id,courseCode) VALUES (620002310,'ECON1561'),(620002310,'COMP2361'),(620002310,'CHEM1340'),(620002310,'INFO2716'),(620002310,'PHYS2448');
INSERT INTO Users VALUES (620002311,'Nancy','Cummings','NancyCummings@gmail.com','CummingsNancy');
INSERT INTO Students VALUES (620002311,'UNDERGRAD','01-01-2020');
INSERT INTO Enrolled (u_id,courseCode) VALUES (620002311,'ECON3281'),(620002311,'ECON2814'),(620002311,'BIOC1744'),(620002311,'COMP2361'),(620002311,'PHYS2117'),(620002311,'CHEM1485');
INSERT INTO Users VALUES (620002312,'Kurt','Rankin','KurtRankin@gmail.com','RankinKurt');
INSERT INTO Students VALUES (620002312,'UNDERGRAD','01-01-2020');
INSERT INTO Enrolled (u_id,courseCode) VALUES (620002312,'BIOC2550'),(620002312,'CHEM2177'),(620002312,'ECON3311'),(620002312,'MATH2188'),(620002312,'CHEM2697');
INSERT INTO Users VALUES (620002313,'Betsy','Wood','BetsyWood@gmail.com','WoodBetsy');
INSERT INTO Students VALUES (620002313,'UNDERGRAD','01-01-2020');
INSERT INTO Enrolled (u_id,courseCode) VALUES (620002313,'BIOC1794'),(620002313,'PHYS2306'),(620002313,'MATH3688'),(620002313,'COMP1867'),(620002313,'CHEM2481');
INSERT INTO Users VALUES (620002314,'Cynthia','Jefferson','CynthiaJefferson@gmail.com','JeffersonCynthia');
INSERT INTO Students VALUES (620002314,'UNDERGRAD','01-01-2020');
INSERT INTO Enrolled (u_id,courseCode) VALUES (620002314,'BIOC1104'),(620002314,'INFO1014'),(620002314,'INFO3645'),(620002314,'ECON2722'),(620002314,'CHEM2149'),(620002314,'PHYS3290');
INSERT INTO Users VALUES (620002315,'Marjorie','Morey','MarjorieMorey@gmail.com','MoreyMarjorie');
INSERT INTO Students VALUES (620002315,'UNDERGRAD','01-01-2020');
INSERT INTO Enrolled (u_id,courseCode) VALUES (620002315,'COMP1357'),(620002315,'PHYS2451'),(620002315,'BIOC1866'),(620002315,'PHYS3052'),(620002315,'COMP2965'),(620002315,'COMP3084');
INSERT INTO Users VALUES (620002316,'Roberta','Walden','RobertaWalden@gmail.com','WaldenRoberta');
INSERT INTO Students VALUES (620002316,'UNDERGRAD','01-01-2020');
INSERT INTO Enrolled (u_id,courseCode) VALUES (620002316,'COMP2400'),(620002316,'INFO1242'),(620002316,'PHYS3729'),(620002316,'CHEM2177'),(620002316,'ECON3276');
INSERT INTO Users VALUES (620002317,'Gilbert','Mcclanahan','GilbertMcclanahan@gmail.com','McclanahanGilbert');
INSERT INTO Students VALUES (620002317,'UNDERGRAD','01-01-2020');
INSERT INTO Enrolled (u_id,courseCode) VALUES (620002317,'MATH2067'),(620002317,'COMP3167'),(620002317,'PHYS2563'),(620002317,'INFO3603');
INSERT INTO Users VALUES (620002318,'Rhonda','Steinbach','RhondaSteinbach@gmail.com','SteinbachRhonda');
INSERT INTO Students VALUES (620002318,'UNDERGRAD','01-01-2020');
INSERT INTO Enrolled (u_id,courseCode) VALUES (620002318,'CHEM1613'),(620002318,'CHEM3409'),(620002318,'ECON1589'),(620002318,'ECON3085'),(620002318,'ECON2387'),(620002318,'PHYS2338');
INSERT INTO Users VALUES (620002319,'Matthew','Pulley','MatthewPulley@gmail.com','PulleyMatthew');
INSERT INTO Students VALUES (620002319,'UNDERGRAD','01-01-2020');
INSERT INTO Enrolled (u_id,courseCode) VALUES (620002319,'BIOC1164'),(620002319,'PHYS2117'),(620002319,'CHEM2481');
INSERT INTO Users VALUES (620002320,'Jonathan','Mauk','JonathanMauk@gmail.com','MaukJonathan');
INSERT INTO Students VALUES (620002320,'UNDERGRAD','01-01-2020');
INSERT INTO Enrolled (u_id,courseCode) VALUES (620002320,'CHEM2149'),(620002320,'PHYS2238'),(620002320,'PHYS3464'),(620002320,'CHEM2697'),(620002320,'COMP3685'),(620002320,'PHYS2113');
INSERT INTO Users VALUES (620002321,'Evelyn','Banks','EvelynBanks@gmail.com','BanksEvelyn');
INSERT INTO Students VALUES (620002321,'UNDERGRAD','01-01-2020');
INSERT INTO Enrolled (u_id,courseCode) VALUES (620002321,'CHEM1340'),(620002321,'INFO2950'),(620002321,'COMP2717');
INSERT INTO Users VALUES (620002322,'Milton','Maze','MiltonMaze@gmail.com','MazeMilton');
INSERT INTO Students VALUES (620002322,'UNDERGRAD','01-01-2020');
INSERT INTO Enrolled (u_id,courseCode) VALUES (620002322,'ECON1561'),(620002322,'BIOC2054'),(620002322,'COMP3506'),(620002322,'MATH3544'),(620002322,'COMP1867'),(620002322,'INFO2213');
INSERT INTO Users VALUES (620002323,'Vernon','Crawford','VernonCrawford@gmail.com','CrawfordVernon');
INSERT INTO Students VALUES (620002323,'UNDERGRAD','01-01-2020');
INSERT INTO Enrolled (u_id,courseCode) VALUES (620002323,'COMP1184'),(620002323,'BIOC1744'),(620002323,'ECON1498'),(620002323,'ECON3020'),(620002323,'MATH3613'),(620002323,'MATH2717');
INSERT INTO Users VALUES (620002324,'Chris','Luper','ChrisLuper@gmail.com','LuperChris');
INSERT INTO Students VALUES (620002324,'UNDERGRAD','01-01-2020');
INSERT INTO Enrolled (u_id,courseCode) VALUES (620002324,'MATH2550'),(620002324,'ECON2345'),(620002324,'BIOC1598');
INSERT INTO Users VALUES (620002325,'Steven','Parker','StevenParker@gmail.com','ParkerSteven');
INSERT INTO Students VALUES (620002325,'UNDERGRAD','01-01-2020');
INSERT INTO Enrolled (u_id,courseCode) VALUES (620002325,'MATH2501'),(620002325,'PHYS3729'),(620002325,'MATH3857'),(620002325,'CHEM1494'),(620002325,'CHEM2446'),(620002325,'BIOC3457');
INSERT INTO Users VALUES (620002326,'Derek','Comley','DerekComley@gmail.com','ComleyDerek');
INSERT INTO Students VALUES (620002326,'UNDERGRAD','01-01-2020');
INSERT INTO Enrolled (u_id,courseCode) VALUES (620002326,'CHEM2149'),(620002326,'ECON3372'),(620002326,'ECON2814'),(620002326,'ECON3550'),(620002326,'BIOC1866'),(620002326,'PHYS3464');
INSERT INTO Users VALUES (620002327,'Brian','Mcclain','BrianMcclain@gmail.com','McclainBrian');
INSERT INTO Students VALUES (620002327,'UNDERGRAD','01-01-2020');
INSERT INTO Enrolled (u_id,courseCode) VALUES (620002327,'INFO1833'),(620002327,'CHEM1340'),(620002327,'INFO1014');
INSERT INTO Users VALUES (620002328,'Shirley','Joaquin','ShirleyJoaquin@gmail.com','JoaquinShirley');
INSERT INTO Students VALUES (620002328,'UNDERGRAD','01-01-2020');
INSERT INTO Enrolled (u_id,courseCode) VALUES (620002328,'MATH1578'),(620002328,'ECON1783'),(620002328,'INFO1288');
INSERT INTO Users VALUES (620002329,'Brenda','Knaub','BrendaKnaub@gmail.com','KnaubBrenda');
INSERT INTO Students VALUES (620002329,'UNDERGRAD','01-01-2020');
INSERT INTO Enrolled (u_id,courseCode) VALUES (620002329,'COMP3418'),(620002329,'MATH1148'),(620002329,'COMP2400');
INSERT INTO Users VALUES (620002330,'Samuel','Dumas','SamuelDumas@gmail.com','DumasSamuel');
INSERT INTO Students VALUES (620002330,'UNDERGRAD','01-01-2020');
INSERT INTO Enrolled (u_id,courseCode) VALUES (620002330,'CHEM2727'),(620002330,'BIOC1164'),(620002330,'COMP3173');
INSERT INTO Users VALUES (620002331,'Benjamin','Nighman','BenjaminNighman@gmail.com','NighmanBenjamin');
INSERT INTO Students VALUES (620002331,'UNDERGRAD','01-01-2020');
INSERT INTO Enrolled (u_id,courseCode) VALUES (620002331,'BIOC3721'),(620002331,'MATH3222'),(620002331,'CHEM1340'),(620002331,'CHEM1494'),(620002331,'ECON3004');
INSERT INTO Users VALUES (620002332,'Sheila','Quintero','SheilaQuintero@gmail.com','QuinteroSheila');
INSERT INTO Students VALUES (620002332,'UNDERGRAD','01-01-2020');
INSERT INTO Enrolled (u_id,courseCode) VALUES (620002332,'PHYS2306'),(620002332,'MATH1648'),(620002332,'ECON3281'),(620002332,'PHYS2338');
INSERT INTO Users VALUES (620002333,'Vickie','King','VickieKing@gmail.com','KingVickie');
INSERT INTO Students VALUES (620002333,'UNDERGRAD','01-01-2020');
INSERT INTO Enrolled (u_id,courseCode) VALUES (620002333,'BIOC1534'),(620002333,'ECON2814'),(620002333,'MATH2555'),(620002333,'ECON1098');
INSERT INTO Users VALUES (620002334,'Jimmy','Richardson','JimmyRichardson@gmail.com','RichardsonJimmy');
INSERT INTO Students VALUES (620002334,'UNDERGRAD','01-01-2020');
INSERT INTO Enrolled (u_id,courseCode) VALUES (620002334,'COMP1867'),(620002334,'INFO1833'),(620002334,'BIOC1794');
INSERT INTO Users VALUES (620002335,'Margaret','Culpepper','MargaretCulpepper@gmail.com','CulpepperMargaret');
INSERT INTO Students VALUES (620002335,'UNDERGRAD','01-01-2020');
INSERT INTO Enrolled (u_id,courseCode) VALUES (620002335,'COMP3047'),(620002335,'BIOC1448'),(620002335,'PHYS1930'),(620002335,'CHEM2005'),(620002335,'INFO2337');
INSERT INTO Users VALUES (620002336,'Curtis','Truong','CurtisTruong@gmail.com','TruongCurtis');
INSERT INTO Students VALUES (620002336,'UNDERGRAD','01-01-2020');
INSERT INTO Enrolled (u_id,courseCode) VALUES (620002336,'ECON1589'),(620002336,'COMP1357'),(620002336,'BIOC2671'),(620002336,'ECON2722');
INSERT INTO Users VALUES (620002337,'Suzanne','Congdon','SuzanneCongdon@gmail.com','CongdonSuzanne');
INSERT INTO Students VALUES (620002337,'UNDERGRAD','01-01-2020');
INSERT INTO Enrolled (u_id,courseCode) VALUES (620002337,'COMP3173'),(620002337,'MATH2550'),(620002337,'PHYS3464'),(620002337,'BIOC3341');
INSERT INTO Users VALUES (620002338,'Cristina','Deen','CristinaDeen@gmail.com','DeenCristina');
INSERT INTO Students VALUES (620002338,'UNDERGRAD','01-01-2020');
INSERT INTO Enrolled (u_id,courseCode) VALUES (620002338,'INFO3419'),(620002338,'INFO2559'),(620002338,'COMP2361'),(620002338,'CHEM3327'),(620002338,'PHYS2113'),(620002338,'MATH3688');
INSERT INTO Users VALUES (620002339,'Wendell','Robinson','WendellRobinson@gmail.com','RobinsonWendell');
INSERT INTO Students VALUES (620002339,'UNDERGRAD','01-01-2020');
INSERT INTO Enrolled (u_id,courseCode) VALUES (620002339,'MATH1648'),(620002339,'MATH2550'),(620002339,'ECON1561'),(620002339,'MATH3179');
INSERT INTO Users VALUES (620002340,'Karen','Ferretti','KarenFerretti@gmail.com','FerrettiKaren');
INSERT INTO Students VALUES (620002340,'UNDERGRAD','01-01-2020');
INSERT INTO Enrolled (u_id,courseCode) VALUES (620002340,'INFO1825'),(620002340,'PHYS2563'),(620002340,'CHEM2005'),(620002340,'PHYS1399');
INSERT INTO Users VALUES (620002341,'Timothy','Gillman','TimothyGillman@gmail.com','GillmanTimothy');
INSERT INTO Students VALUES (620002341,'UNDERGRAD','01-01-2020');
INSERT INTO Enrolled (u_id,courseCode) VALUES (620002341,'PHYS1930'),(620002341,'BIOC1485'),(620002341,'ECON1645');
INSERT INTO Users VALUES (620002342,'Scott','Granado','ScottGranado@gmail.com','GranadoScott');
INSERT INTO Students VALUES (620002342,'UNDERGRAD','01-01-2020');
INSERT INTO Enrolled (u_id,courseCode) VALUES (620002342,'INFO2950'),(620002342,'BIOC2054'),(620002342,'CHEM3888'),(620002342,'PHYS3052');
INSERT INTO Users VALUES (620002343,'Nina','Eaton','NinaEaton@gmail.com','EatonNina');
INSERT INTO Students VALUES (620002343,'UNDERGRAD','01-01-2020');
INSERT INTO Enrolled (u_id,courseCode) VALUES (620002343,'CHEM2220'),(620002343,'MATH2873'),(620002343,'CHEM1494'),(620002343,'PHYS1140'),(620002343,'BIOC1598');
INSERT INTO Users VALUES (620002344,'Alfred','Baptiste','AlfredBaptiste@gmail.com','BaptisteAlfred');
INSERT INTO Students VALUES (620002344,'UNDERGRAD','01-01-2020');
INSERT INTO Enrolled (u_id,courseCode) VALUES (620002344,'MATH2555'),(620002344,'BIOC2983'),(620002344,'BIOC2236'),(620002344,'BIOC2671'),(620002344,'ECON3372');
INSERT INTO Users VALUES (620002345,'Edwin','Bennett','EdwinBennett@gmail.com','BennettEdwin');
INSERT INTO Students VALUES (620002345,'UNDERGRAD','01-01-2020');
INSERT INTO Enrolled (u_id,courseCode) VALUES (620002345,'CHEM2066'),(620002345,'COMP2077'),(620002345,'COMP2717'),(620002345,'INFO2716'),(620002345,'CHEM2031');
INSERT INTO Users VALUES (620002346,'Francisca','Mcclenon','FranciscaMcclenon@gmail.com','McclenonFrancisca');
INSERT INTO Students VALUES (620002346,'UNDERGRAD','01-01-2020');
INSERT INTO Enrolled (u_id,courseCode) VALUES (620002346,'BIOC3341'),(620002346,'BIOC3191'),(620002346,'COMP3238');
INSERT INTO Users VALUES (620002347,'Jessie','Rios','JessieRios@gmail.com','RiosJessie');
INSERT INTO Students VALUES (620002347,'UNDERGRAD','01-01-2020');
INSERT INTO Enrolled (u_id,courseCode) VALUES (620002347,'BIOC1910'),(620002347,'ECON3523'),(620002347,'INFO1447'),(620002347,'COMP2651'),(620002347,'INFO2337');
INSERT INTO Users VALUES (620002348,'Christina','Winner','ChristinaWinner@gmail.com','WinnerChristina');
INSERT INTO Students VALUES (620002348,'UNDERGRAD','01-01-2020');
INSERT INTO Enrolled (u_id,courseCode) VALUES (620002348,'MATH1148'),(620002348,'INFO1145'),(620002348,'PHYS2238'),(620002348,'COMP2651');
INSERT INTO Users VALUES (620002349,'Orlando','Sullivan','OrlandoSullivan@gmail.com','SullivanOrlando');
INSERT INTO Students VALUES (620002349,'UNDERGRAD','01-01-2020');
INSERT INTO Enrolled (u_id,courseCode) VALUES (620002349,'INFO3868'),(620002349,'ECON1170'),(620002349,'BIOC3341');
INSERT INTO Users VALUES (620002350,'Joan','Lindstrom','JoanLindstrom@gmail.com','LindstromJoan');
INSERT INTO Students VALUES (620002350,'UNDERGRAD','01-01-2020');
INSERT INTO Enrolled (u_id,courseCode) VALUES (620002350,'BIOC2671'),(620002350,'COMP2965'),(620002350,'CHEM3327');
INSERT INTO Users VALUES (620002351,'Charlotte','Marshall','CharlotteMarshall@gmail.com','MarshallCharlotte');
INSERT INTO Students VALUES (620002351,'UNDERGRAD','01-01-2020');
INSERT INTO Enrolled (u_id,courseCode) VALUES (620002351,'MATH1735'),(620002351,'MATH3613'),(620002351,'MATH1309'),(620002351,'BIOC1485'),(620002351,'BIOC1448');
INSERT INTO Users VALUES (620002352,'Jason','Aybar','JasonAybar@gmail.com','AybarJason');
INSERT INTO Students VALUES (620002352,'UNDERGRAD','01-01-2020');
INSERT INTO Enrolled (u_id,courseCode) VALUES (620002352,'INFO3419'),(620002352,'COMP1460'),(620002352,'MATH3613'),(620002352,'INFO3645');
INSERT INTO Users VALUES (620002353,'Jason','Pulley','JasonPulley@gmail.com','PulleyJason');
INSERT INTO Students VALUES (620002353,'UNDERGRAD','01-01-2020');
INSERT INTO Enrolled (u_id,courseCode) VALUES (620002353,'CHEM2867'),(620002353,'INFO2716'),(620002353,'MATH2550'),(620002353,'ECON3276'),(620002353,'CHEM2481'),(620002353,'ECON3523');
INSERT INTO Users VALUES (620002354,'Daisy','Rodriguez','DaisyRodriguez@gmail.com','RodriguezDaisy');
INSERT INTO Students VALUES (620002354,'UNDERGRAD','01-01-2020');
INSERT INTO Enrolled (u_id,courseCode) VALUES (620002354,'ECON3989'),(620002354,'COMP2717'),(620002354,'INFO3419');
INSERT INTO Users VALUES (620002355,'Frankie','Hawkins','FrankieHawkins@gmail.com','HawkinsFrankie');
INSERT INTO Students VALUES (620002355,'UNDERGRAD','01-01-2020');
INSERT INTO Enrolled (u_id,courseCode) VALUES (620002355,'BIOC2983'),(620002355,'BIOC1725'),(620002355,'PHYS2229'),(620002355,'BIOC2671');
INSERT INTO Users VALUES (620002356,'Josh','Moore','JoshMoore@gmail.com','MooreJosh');
INSERT INTO Students VALUES (620002356,'UNDERGRAD','01-01-2020');
INSERT INTO Enrolled (u_id,courseCode) VALUES (620002356,'BIOC1164'),(620002356,'PHYS2977'),(620002356,'ECON1783'),(620002356,'COMP3639');
INSERT INTO Users VALUES (620002357,'Denise','Washinski','DeniseWashinski@gmail.com','WashinskiDenise');
INSERT INTO Students VALUES (620002357,'UNDERGRAD','01-01-2020');
INSERT INTO Enrolled (u_id,courseCode) VALUES (620002357,'COMP2965'),(620002357,'PHYS3659'),(620002357,'COMP2400'),(620002357,'CHEM2177'),(620002357,'PHYS2448'),(620002357,'MATH3179');
INSERT INTO Users VALUES (620002358,'Curtis','Deen','CurtisDeen@gmail.com','DeenCurtis');
INSERT INTO Students VALUES (620002358,'UNDERGRAD','01-01-2020');
INSERT INTO Enrolled (u_id,courseCode) VALUES (620002358,'BIOC2671'),(620002358,'INFO2636'),(620002358,'COMP3506'),(620002358,'COMP2965'),(620002358,'PHYS3787');
INSERT INTO Users VALUES (620002359,'Gina','Dumas','GinaDumas@gmail.com','DumasGina');
INSERT INTO Students VALUES (620002359,'UNDERGRAD','01-01-2020');
INSERT INTO Enrolled (u_id,courseCode) VALUES (620002359,'ECON3311'),(620002359,'COMP3506'),(620002359,'COMP2400'),(620002359,'ECON2703'),(620002359,'ECON3372');
INSERT INTO Users VALUES (620002360,'Kenneth','Sniezek','KennethSniezek@gmail.com','SniezekKenneth');
INSERT INTO Students VALUES (620002360,'UNDERGRAD','01-01-2020');
INSERT INTO Enrolled (u_id,courseCode) VALUES (620002360,'ECON3004'),(620002360,'INFO3419'),(620002360,'ECON1645'),(620002360,'CHEM2446'),(620002360,'BIOC1744'),(620002360,'PHYS1399');
INSERT INTO Users VALUES (620002361,'Warren','Hunter','WarrenHunter@gmail.com','HunterWarren');
INSERT INTO Students VALUES (620002361,'UNDERGRAD','01-01-2020');
INSERT INTO Enrolled (u_id,courseCode) VALUES (620002361,'BIOC1164'),(620002361,'BIOC1910'),(620002361,'INFO3868'),(620002361,'BIOC3457'),(620002361,'PHYS3876');
INSERT INTO Users VALUES (620002362,'Shane','Calder','ShaneCalder@gmail.com','CalderShane');
INSERT INTO Students VALUES (620002362,'UNDERGRAD','01-01-2020');
INSERT INTO Enrolled (u_id,courseCode) VALUES (620002362,'MATH1148'),(620002362,'COMP3238'),(620002362,'CHEM1340');
INSERT INTO Users VALUES (620002363,'Robert','Myrick','RobertMyrick@gmail.com','MyrickRobert');
INSERT INTO Students VALUES (620002363,'UNDERGRAD','01-01-2020');
INSERT INTO Enrolled (u_id,courseCode) VALUES (620002363,'MATH2555'),(620002363,'INFO2521'),(620002363,'CHEM1613'),(620002363,'MATH1638');
INSERT INTO Users VALUES (620002364,'Martin','Flemming','MartinFlemming@gmail.com','FlemmingMartin');
INSERT INTO Students VALUES (620002364,'UNDERGRAD','01-01-2020');
INSERT INTO Enrolled (u_id,courseCode) VALUES (620002364,'COMP1357'),(620002364,'INFO2147'),(620002364,'BIOC1104');
INSERT INTO Users VALUES (620002365,'Cassie','Decker','CassieDecker@gmail.com','DeckerCassie');
INSERT INTO Students VALUES (620002365,'UNDERGRAD','01-01-2020');
INSERT INTO Enrolled (u_id,courseCode) VALUES (620002365,'INFO2860'),(620002365,'ECON3737'),(620002365,'PHYS3686'),(620002365,'MATH1648');
INSERT INTO Users VALUES (620002366,'Freddie','Eubank','FreddieEubank@gmail.com','EubankFreddie');
INSERT INTO Students VALUES (620002366,'UNDERGRAD','01-01-2020');
INSERT INTO Enrolled (u_id,courseCode) VALUES (620002366,'INFO2813'),(620002366,'PHYS3729'),(620002366,'MATH3029');
INSERT INTO Users VALUES (620002367,'Manuel','Moore','ManuelMoore@gmail.com','MooreManuel');
INSERT INTO Students VALUES (620002367,'UNDERGRAD','01-01-2020');
INSERT INTO Enrolled (u_id,courseCode) VALUES (620002367,'ECON3447'),(620002367,'PHYS3686'),(620002367,'ECON3004');
INSERT INTO Users VALUES (620002368,'Linda','Braun','LindaBraun@gmail.com','BraunLinda');
INSERT INTO Students VALUES (620002368,'UNDERGRAD','01-01-2020');
INSERT INTO Enrolled (u_id,courseCode) VALUES (620002368,'ECON3276'),(620002368,'MATH1454'),(620002368,'COMP3238');
INSERT INTO Users VALUES (620002369,'Melvin','Decker','MelvinDecker@gmail.com','DeckerMelvin');
INSERT INTO Students VALUES (620002369,'UNDERGRAD','01-01-2020');
INSERT INTO Enrolled (u_id,courseCode) VALUES (620002369,'COMP3047'),(620002369,'CHEM1340'),(620002369,'INFO3645'),(620002369,'ECON1498');
INSERT INTO Users VALUES (620002370,'Harold','Pearson','HaroldPearson@gmail.com','PearsonHarold');
INSERT INTO Students VALUES (620002370,'UNDERGRAD','01-01-2020');
INSERT INTO Enrolled (u_id,courseCode) VALUES (620002370,'INFO1990'),(620002370,'COMP3685'),(620002370,'PHYS1993'),(620002370,'INFO2147'),(620002370,'PHYS3354');
INSERT INTO Users VALUES (620002371,'Marcus','Crespo','MarcusCrespo@gmail.com','CrespoMarcus');
INSERT INTO Students VALUES (620002371,'UNDERGRAD','01-01-2020');
INSERT INTO Enrolled (u_id,courseCode) VALUES (620002371,'COMP1460'),(620002371,'INFO2716'),(620002371,'INFO2147');
INSERT INTO Users VALUES (620002372,'Roberta','Pulley','RobertaPulley@gmail.com','PulleyRoberta');
INSERT INTO Students VALUES (620002372,'UNDERGRAD','01-01-2020');
INSERT INTO Enrolled (u_id,courseCode) VALUES (620002372,'MATH1648'),(620002372,'COMP3506'),(620002372,'CHEM2604'),(620002372,'INFO1648');
INSERT INTO Users VALUES (620002373,'Guillermo','Culpepper','GuillermoCulpepper@gmail.com','CulpepperGuillermo');
INSERT INTO Students VALUES (620002373,'UNDERGRAD','01-01-2020');
INSERT INTO Enrolled (u_id,courseCode) VALUES (620002373,'ECON1645'),(620002373,'INFO2337'),(620002373,'MATH1148'),(620002373,'COMP1460');
INSERT INTO Users VALUES (620002374,'Allison','Mcclenon','AllisonMcclenon@gmail.com','McclenonAllison');
INSERT INTO Students VALUES (620002374,'UNDERGRAD','01-01-2020');
INSERT INTO Enrolled (u_id,courseCode) VALUES (620002374,'INFO3603'),(620002374,'ECON1498'),(620002374,'ECON3281'),(620002374,'CHEM2727');
INSERT INTO Users VALUES (620002375,'Angela','Culpepper','AngelaCulpepper@gmail.com','CulpepperAngela');
INSERT INTO Students VALUES (620002375,'UNDERGRAD','01-01-2020');
INSERT INTO Enrolled (u_id,courseCode) VALUES (620002375,'MATH1638'),(620002375,'COMP2361'),(620002375,'MATH3613'),(620002375,'PHYS3354'),(620002375,'PHYS2117'),(620002375,'ECON3063');
INSERT INTO Users VALUES (620002376,'Cliff','Mchenry','CliffMchenry@gmail.com','MchenryCliff');
INSERT INTO Students VALUES (620002376,'UNDERGRAD','01-01-2020');
INSERT INTO Enrolled (u_id,courseCode) VALUES (620002376,'MATH1309'),(620002376,'MATH3059'),(620002376,'INFO1447'),(620002376,'INFO2337');
INSERT INTO Users VALUES (620002377,'Patricia','Lockwood','PatriciaLockwood@gmail.com','LockwoodPatricia');
INSERT INTO Students VALUES (620002377,'UNDERGRAD','01-01-2020');
INSERT INTO Enrolled (u_id,courseCode) VALUES (620002377,'MATH1578'),(620002377,'ECON1996'),(620002377,'ECON1458');
INSERT INTO Users VALUES (620002378,'Roger','Sandlin','RogerSandlin@gmail.com','SandlinRoger');
INSERT INTO Students VALUES (620002378,'UNDERGRAD','01-01-2020');
INSERT INTO Enrolled (u_id,courseCode) VALUES (620002378,'INFO2811'),(620002378,'COMP3167'),(620002378,'ECON3550'),(620002378,'PHYS3876'),(620002378,'BIOC3341'),(620002378,'PHYS2667');
INSERT INTO Users VALUES (620002379,'Denise','Uribe','DeniseUribe@gmail.com','UribeDenise');
INSERT INTO Students VALUES (620002379,'UNDERGRAD','01-01-2020');
INSERT INTO Enrolled (u_id,courseCode) VALUES (620002379,'ECON3063'),(620002379,'BIOC1725'),(620002379,'BIOC1744');
INSERT INTO Users VALUES (620002380,'Robert','Sharp','RobertSharp@gmail.com','SharpRobert');
INSERT INTO Students VALUES (620002380,'UNDERGRAD','01-01-2020');
INSERT INTO Enrolled (u_id,courseCode) VALUES (620002380,'CHEM2797'),(620002380,'INFO2860'),(620002380,'PHYS3659'),(620002380,'PHYS2667'),(620002380,'CHEM3409');
INSERT INTO Users VALUES (620002381,'Roberto','Hunt','RobertoHunt@gmail.com','HuntRoberto');
INSERT INTO Students VALUES (620002381,'UNDERGRAD','01-01-2020');
INSERT INTO Enrolled (u_id,courseCode) VALUES (620002381,'PHYS1930'),(620002381,'CHEM2626'),(620002381,'INFO3868'),(620002381,'MATH1309'),(620002381,'INFO3603'),(620002381,'MATH1454');
INSERT INTO Users VALUES (620002382,'Delia','Maione','DeliaMaione@gmail.com','MaioneDelia');
INSERT INTO Students VALUES (620002382,'UNDERGRAD','01-01-2020');
INSERT INTO Enrolled (u_id,courseCode) VALUES (620002382,'INFO1825'),(620002382,'CHEM2797'),(620002382,'BIOC1104'),(620002382,'COMP1573'),(620002382,'ECON1645');
INSERT INTO Users VALUES (620002383,'Antionette','Cash','AntionetteCash@gmail.com','CashAntionette');
INSERT INTO Students VALUES (620002383,'UNDERGRAD','01-01-2020');
INSERT INTO Enrolled (u_id,courseCode) VALUES (620002383,'MATH1648'),(620002383,'CHEM2626'),(620002383,'ECON1012'),(620002383,'ECON3063');
INSERT INTO Users VALUES (620002384,'Bernie','Quintero','BernieQuintero@gmail.com','QuinteroBernie');
INSERT INTO Students VALUES (620002384,'UNDERGRAD','01-01-2020');
INSERT INTO Enrolled (u_id,courseCode) VALUES (620002384,'ECON3228'),(620002384,'CHEM1613'),(620002384,'BIOC1448'),(620002384,'CHEM3793'),(620002384,'MATH1648'),(620002384,'CHEM2797');
INSERT INTO Users VALUES (620002385,'Kelly','Jesse','KellyJesse@gmail.com','JesseKelly');
INSERT INTO Students VALUES (620002385,'UNDERGRAD','01-01-2020');
INSERT INTO Enrolled (u_id,courseCode) VALUES (620002385,'PHYS1173'),(620002385,'INFO2147'),(620002385,'INFO3645');
INSERT INTO Users VALUES (620002386,'Bernard','Cardona','BernardCardona@gmail.com','CardonaBernard');
INSERT INTO Students VALUES (620002386,'UNDERGRAD','01-01-2020');
INSERT INTO Enrolled (u_id,courseCode) VALUES (620002386,'INFO1648'),(620002386,'PHYS2338'),(620002386,'INFO3868'),(620002386,'COMP2651');
INSERT INTO Users VALUES (620002387,'Eugene','Hoyer','EugeneHoyer@gmail.com','HoyerEugene');
INSERT INTO Students VALUES (620002387,'UNDERGRAD','01-01-2020');
INSERT INTO Enrolled (u_id,courseCode) VALUES (620002387,'INFO3868'),(620002387,'CHEM1340'),(620002387,'COMP3173'),(620002387,'ECON3737');
INSERT INTO Users VALUES (620002388,'Floyd','Hunter','FloydHunter@gmail.com','HunterFloyd');
INSERT INTO Students VALUES (620002388,'UNDERGRAD','01-01-2020');
INSERT INTO Enrolled (u_id,courseCode) VALUES (620002388,'INFO2813'),(620002388,'PHYS1993'),(620002388,'PHYS2448');
INSERT INTO Users VALUES (620002389,'Karen','Crites','KarenCrites@gmail.com','CritesKaren');
INSERT INTO Students VALUES (620002389,'UNDERGRAD','01-01-2020');
INSERT INTO Enrolled (u_id,courseCode) VALUES (620002389,'PHYS2448'),(620002389,'ECON1498'),(620002389,'PHYS2667');
INSERT INTO Users VALUES (620002390,'Eric','Halford','EricHalford@gmail.com','HalfordEric');
INSERT INTO Students VALUES (620002390,'UNDERGRAD','01-01-2020');
INSERT INTO Enrolled (u_id,courseCode) VALUES (620002390,'COMP2400'),(620002390,'PHYS2306'),(620002390,'ECON3063'),(620002390,'MATH2873');
INSERT INTO Users VALUES (620002391,'Randall','Hunt','RandallHunt@gmail.com','HuntRandall');
INSERT INTO Students VALUES (620002391,'UNDERGRAD','01-01-2020');
INSERT INTO Enrolled (u_id,courseCode) VALUES (620002391,'ECON1783'),(620002391,'MATH2067'),(620002391,'COMP2717');
INSERT INTO Users VALUES (620002392,'Sharon','Bourgoin','SharonBourgoin@gmail.com','BourgoinSharon');
INSERT INTO Students VALUES (620002392,'UNDERGRAD','01-01-2020');
INSERT INTO Enrolled (u_id,courseCode) VALUES (620002392,'INFO3419'),(620002392,'INFO2213'),(620002392,'CHEM3409'),(620002392,'MATH2801'),(620002392,'PHYS1399');
INSERT INTO Users VALUES (620002393,'Grace','Mance','GraceMance@gmail.com','ManceGrace');
INSERT INTO Students VALUES (620002393,'UNDERGRAD','01-01-2020');
INSERT INTO Enrolled (u_id,courseCode) VALUES (620002393,'CHEM2604'),(620002393,'INFO2559'),(620002393,'ECON1561');
INSERT INTO Users VALUES (620002394,'Marie','Brown','MarieBrown@gmail.com','BrownMarie');
INSERT INTO Students VALUES (620002394,'UNDERGRAD','01-01-2020');
INSERT INTO Enrolled (u_id,courseCode) VALUES (620002394,'COMP3685'),(620002394,'MATH1648'),(620002394,'PHYS1993'),(620002394,'MATH3857'),(620002394,'PHYS3876'),(620002394,'PHYS2113');
INSERT INTO Users VALUES (620002395,'Catherine','Siple','CatherineSiple@gmail.com','SipleCatherine');
INSERT INTO Students VALUES (620002395,'UNDERGRAD','01-01-2020');
INSERT INTO Enrolled (u_id,courseCode) VALUES (620002395,'INFO2521'),(620002395,'COMP2541'),(620002395,'INFO1288'),(620002395,'CHEM1340'),(620002395,'PHYS2563');
INSERT INTO Users VALUES (620002396,'Patsy','Truong','PatsyTruong@gmail.com','TruongPatsy');
INSERT INTO Students VALUES (620002396,'UNDERGRAD','01-01-2020');
INSERT INTO Enrolled (u_id,courseCode) VALUES (620002396,'PHYS1173'),(620002396,'MATH1262'),(620002396,'BIOC2236');
INSERT INTO Users VALUES (620002397,'Deanna','Thompson','DeannaThompson@gmail.com','ThompsonDeanna');
INSERT INTO Students VALUES (620002397,'UNDERGRAD','01-01-2020');
INSERT INTO Enrolled (u_id,courseCode) VALUES (620002397,'MATH3209'),(620002397,'ECON3447'),(620002397,'ECON3989');
INSERT INTO Users VALUES (620002398,'Dominique','Collins','DominiqueCollins@gmail.com','CollinsDominique');
INSERT INTO Students VALUES (620002398,'UNDERGRAD','01-01-2020');
INSERT INTO Enrolled (u_id,courseCode) VALUES (620002398,'INFO2270'),(620002398,'MATH3173'),(620002398,'INFO1648'),(620002398,'COMP2400'),(620002398,'COMP3536'),(620002398,'PHYS2448');
INSERT INTO Users VALUES (620002399,'Kelly','Busse','KellyBusse@gmail.com','BusseKelly');
INSERT INTO Students VALUES (620002399,'UNDERGRAD','01-01-2020');
INSERT INTO Enrolled (u_id,courseCode) VALUES (620002399,'ECON3523'),(620002399,'BIOC3230'),(620002399,'BIOC2236');
INSERT INTO Users VALUES (620002400,'Alvin','Kaupp','AlvinKaupp@gmail.com','KauppAlvin');
INSERT INTO Students VALUES (620002400,'UNDERGRAD','01-01-2020');
INSERT INTO Enrolled (u_id,courseCode) VALUES (620002400,'ECON3447'),(620002400,'MATH2801'),(620002400,'CHEM2177'),(620002400,'INFO2811');
INSERT INTO Users VALUES (620002401,'Thomas','Fuller','ThomasFuller@gmail.com','FullerThomas');
INSERT INTO Students VALUES (620002401,'UNDERGRAD','01-01-2020');
INSERT INTO Enrolled (u_id,courseCode) VALUES (620002401,'INFO2337'),(620002401,'BIOC1104'),(620002401,'INFO2270'),(620002401,'PHYS2448'),(620002401,'COMP1573');
INSERT INTO Users VALUES (620002402,'Tim','Vanwyck','TimVanwyck@gmail.com','VanwyckTim');
INSERT INTO Students VALUES (620002402,'UNDERGRAD','01-01-2020');
INSERT INTO Enrolled (u_id,courseCode) VALUES (620002402,'CHEM3327'),(620002402,'INFO1833'),(620002402,'CHEM2697'),(620002402,'ECON1561'),(620002402,'ECON2722'),(620002402,'CHEM2867');
INSERT INTO Users VALUES (620002403,'Brenda','Hunt','BrendaHunt@gmail.com','HuntBrenda');
INSERT INTO Students VALUES (620002403,'UNDERGRAD','01-01-2020');
INSERT INTO Enrolled (u_id,courseCode) VALUES (620002403,'CHEM1613'),(620002403,'COMP1357'),(620002403,'BIOC1485'),(620002403,'INFO2213'),(620002403,'ECON3288');
INSERT INTO Users VALUES (620002404,'Deborah','Gray','DeborahGray@gmail.com','GrayDeborah');
INSERT INTO Students VALUES (620002404,'UNDERGRAD','01-01-2020');
INSERT INTO Enrolled (u_id,courseCode) VALUES (620002404,'MATH1309'),(620002404,'BIOC2983'),(620002404,'COMP2361'),(620002404,'BIOC3721');
INSERT INTO Users VALUES (620002405,'Flora','Griffitts','FloraGriffitts@gmail.com','GriffittsFlora');
INSERT INTO Students VALUES (620002405,'UNDERGRAD','01-01-2020');
INSERT INTO Enrolled (u_id,courseCode) VALUES (620002405,'CHEM1485'),(620002405,'CHEM2065'),(620002405,'BIOC3604'),(620002405,'MATH2717'),(620002405,'MATH2188');
INSERT INTO Users VALUES (620002406,'Iris','Blackwell','IrisBlackwell@gmail.com','BlackwellIris');
INSERT INTO Students VALUES (620002406,'UNDERGRAD','01-01-2020');
INSERT INTO Enrolled (u_id,courseCode) VALUES (620002406,'PHYS3659'),(620002406,'MATH2188'),(620002406,'INFO2270'),(620002406,'COMP3536'),(620002406,'MATH3029'),(620002406,'PHYS1993');
INSERT INTO Users VALUES (620002407,'Linda','Christenberry','LindaChristenberry@gmail.com','ChristenberryLinda');
INSERT INTO Students VALUES (620002407,'UNDERGRAD','01-01-2020');
INSERT INTO Enrolled (u_id,courseCode) VALUES (620002407,'CHEM3747'),(620002407,'INFO1242'),(620002407,'CHEM2031'),(620002407,'CHEM3793'),(620002407,'ECON1589'),(620002407,'MATH2501');
INSERT INTO Users VALUES (620002408,'Roy','Tirabassi','RoyTirabassi@gmail.com','TirabassiRoy');
INSERT INTO Students VALUES (620002408,'UNDERGRAD','01-01-2020');
INSERT INTO Enrolled (u_id,courseCode) VALUES (620002408,'COMP1573'),(620002408,'MATH1309'),(620002408,'PHYS3787'),(620002408,'ECON3020'),(620002408,'COMP1460'),(620002408,'BIOC1725');
INSERT INTO Users VALUES (620002409,'Rene','Valenzuela','ReneValenzuela@gmail.com','ValenzuelaRene');
INSERT INTO Students VALUES (620002409,'UNDERGRAD','01-01-2020');
INSERT INTO Enrolled (u_id,courseCode) VALUES (620002409,'INFO1242'),(620002409,'ECON2387'),(620002409,'PHYS3659'),(620002409,'ECON1458');
INSERT INTO Users VALUES (620002410,'Jimmy','Casteel','JimmyCasteel@gmail.com','CasteelJimmy');
INSERT INTO Students VALUES (620002410,'UNDERGRAD','01-01-2020');
INSERT INTO Enrolled (u_id,courseCode) VALUES (620002410,'PHYS2306'),(620002410,'INFO3935'),(620002410,'INFO1014'),(620002410,'ECON1498');
INSERT INTO Users VALUES (620002411,'Ronald','Charland','RonaldCharland@gmail.com','CharlandRonald');
INSERT INTO Students VALUES (620002411,'UNDERGRAD','01-01-2020');
INSERT INTO Enrolled (u_id,courseCode) VALUES (620002411,'CHEM2065'),(620002411,'COMP3849'),(620002411,'PHYS1140'),(620002411,'ECON3228');
INSERT INTO Users VALUES (620002412,'Timothy','Kimbrell','TimothyKimbrell@gmail.com','KimbrellTimothy');
INSERT INTO Students VALUES (620002412,'UNDERGRAD','01-01-2020');
INSERT INTO Enrolled (u_id,courseCode) VALUES (620002412,'CHEM3617'),(620002412,'ECON3372'),(620002412,'COMP2651');
INSERT INTO Users VALUES (620002413,'Edwin','Gillis','EdwinGillis@gmail.com','GillisEdwin');
INSERT INTO Students VALUES (620002413,'UNDERGRAD','01-01-2020');
INSERT INTO Enrolled (u_id,courseCode) VALUES (620002413,'COMP1460'),(620002413,'COMP3173'),(620002413,'PHYS2117'),(620002413,'ECON1645'),(620002413,'BIOC1052'),(620002413,'MATH1250');
INSERT INTO Users VALUES (620002414,'Floyd','Nelson','FloydNelson@gmail.com','NelsonFloyd');
INSERT INTO Students VALUES (620002414,'UNDERGRAD','01-01-2020');
INSERT INTO Enrolled (u_id,courseCode) VALUES (620002414,'CHEM3614'),(620002414,'INFO2213'),(620002414,'ECON3281'),(620002414,'BIOC3341'),(620002414,'COMP3167');
INSERT INTO Users VALUES (620002415,'Clarence','Bradford','ClarenceBradford@gmail.com','BradfordClarence');
INSERT INTO Students VALUES (620002415,'UNDERGRAD','01-01-2020');
INSERT INTO Enrolled (u_id,courseCode) VALUES (620002415,'INFO2860'),(620002415,'COMP3849'),(620002415,'BIOC2983');
INSERT INTO Users VALUES (620002416,'Patricia','Imoto','PatriciaImoto@gmail.com','ImotoPatricia');
INSERT INTO Students VALUES (620002416,'UNDERGRAD','01-01-2020');
INSERT INTO Enrolled (u_id,courseCode) VALUES (620002416,'MATH2550'),(620002416,'MATH1638'),(620002416,'PHYS3464');
INSERT INTO Users VALUES (620002417,'Casey','Kent','CaseyKent@gmail.com','KentCasey');
INSERT INTO Students VALUES (620002417,'UNDERGRAD','01-01-2020');
INSERT INTO Enrolled (u_id,courseCode) VALUES (620002417,'ECON1996'),(620002417,'INFO3935'),(620002417,'INFO3419'),(620002417,'ECON3447');
INSERT INTO Users VALUES (620002418,'Hazel','Wengerd','HazelWengerd@gmail.com','WengerdHazel');
INSERT INTO Students VALUES (620002418,'UNDERGRAD','01-01-2020');
INSERT INTO Enrolled (u_id,courseCode) VALUES (620002418,'CHEM2149'),(620002418,'CHEM1613'),(620002418,'CHEM2481'),(620002418,'ECON2345'),(620002418,'MATH2957'),(620002418,'ECON3281');
INSERT INTO Users VALUES (620002419,'Mark','Blackwell','MarkBlackwell@gmail.com','BlackwellMark');
INSERT INTO Students VALUES (620002419,'UNDERGRAD','01-01-2020');
INSERT INTO Enrolled (u_id,courseCode) VALUES (620002419,'MATH1972'),(620002419,'MATH1578'),(620002419,'INFO2811'),(620002419,'PHYS1173'),(620002419,'BIOC2550'),(620002419,'PHYS2563');
INSERT INTO Users VALUES (620002420,'Beverly','Howe','BeverlyHowe@gmail.com','HoweBeverly');
INSERT INTO Students VALUES (620002420,'UNDERGRAD','01-01-2020');
INSERT INTO Enrolled (u_id,courseCode) VALUES (620002420,'INFO2636'),(620002420,'INFO2716'),(620002420,'INFO3636');
INSERT INTO Users VALUES (620002421,'Gordon','Ramlall','GordonRamlall@gmail.com','RamlallGordon');
INSERT INTO Students VALUES (620002421,'UNDERGRAD','01-01-2020');
INSERT INTO Enrolled (u_id,courseCode) VALUES (620002421,'PHYS2238'),(620002421,'ECON3989'),(620002421,'ECON1230'),(620002421,'COMP2077'),(620002421,'CHEM3409');
INSERT INTO Users VALUES (620002422,'Sharon','Halford','SharonHalford@gmail.com','HalfordSharon');
INSERT INTO Students VALUES (620002422,'UNDERGRAD','01-01-2020');
INSERT INTO Enrolled (u_id,courseCode) VALUES (620002422,'INFO3419'),(620002422,'COMP3639'),(620002422,'INFO1447'),(620002422,'ECON2387'),(620002422,'PHYS2117'),(620002422,'CHEM2626');
INSERT INTO Users VALUES (620002423,'Melodie','Golden','MelodieGolden@gmail.com','GoldenMelodie');
INSERT INTO Students VALUES (620002423,'UNDERGRAD','01-01-2020');
INSERT INTO Enrolled (u_id,courseCode) VALUES (620002423,'ECON1458'),(620002423,'PHYS3729'),(620002423,'CHEM3747'),(620002423,'ECON1230');
INSERT INTO Users VALUES (620002424,'Alvin','Brock','AlvinBrock@gmail.com','BrockAlvin');
INSERT INTO Students VALUES (620002424,'UNDERGRAD','01-01-2020');
INSERT INTO Enrolled (u_id,courseCode) VALUES (620002424,'PHYS3876'),(620002424,'INFO1648'),(620002424,'ECON2387'),(620002424,'ECON1589'),(620002424,'ECON2703'),(620002424,'CHEM2867');
INSERT INTO Users VALUES (620002425,'Ronald','Decker','RonaldDecker@gmail.com','DeckerRonald');
INSERT INTO Students VALUES (620002425,'UNDERGRAD','01-01-2020');
INSERT INTO Enrolled (u_id,courseCode) VALUES (620002425,'CHEM3347'),(620002425,'CHEM2446'),(620002425,'MATH1972'),(620002425,'BIOC2236'),(620002425,'MATH1578'),(620002425,'COMP1573');
INSERT INTO Users VALUES (620002426,'Flora','Pantoja','FloraPantoja@gmail.com','PantojaFlora');
INSERT INTO Students VALUES (620002426,'UNDERGRAD','01-01-2020');
INSERT INTO Enrolled (u_id,courseCode) VALUES (620002426,'COMP2965'),(620002426,'MATH3857'),(620002426,'ECON3004'),(620002426,'ECON3228'),(620002426,'ECON1170');
INSERT INTO Users VALUES (620002427,'Thomas','Mchenry','ThomasMchenry@gmail.com','MchenryThomas');
INSERT INTO Students VALUES (620002427,'UNDERGRAD','01-01-2020');
INSERT INTO Enrolled (u_id,courseCode) VALUES (620002427,'PHYS2306'),(620002427,'INFO2559'),(620002427,'MATH3222'),(620002427,'PHYS3729'),(620002427,'CHEM3347'),(620002427,'CHEM2604');
INSERT INTO Users VALUES (620002428,'Shalanda','Joeckel','ShalandaJoeckel@gmail.com','JoeckelShalanda');
INSERT INTO Students VALUES (620002428,'UNDERGRAD','01-01-2020');
INSERT INTO Enrolled (u_id,courseCode) VALUES (620002428,'BIOC1448'),(620002428,'BIOC3604'),(620002428,'MATH1148');
INSERT INTO Users VALUES (620002429,'Miss','Williamson','MissWilliamson@gmail.com','WilliamsonMiss');
INSERT INTO Students VALUES (620002429,'UNDERGRAD','01-01-2020');
INSERT INTO Enrolled (u_id,courseCode) VALUES (620002429,'BIOC1598'),(620002429,'BIOC1744'),(620002429,'PHYS1993'),(620002429,'MATH2957'),(620002429,'COMP2965'),(620002429,'BIOC3721');
INSERT INTO Users VALUES (620002430,'Iris','Waugh','IrisWaugh@gmail.com','WaughIris');
INSERT INTO Students VALUES (620002430,'UNDERGRAD','01-01-2020');
INSERT INTO Enrolled (u_id,courseCode) VALUES (620002430,'CHEM3327'),(620002430,'INFO2213'),(620002430,'MATH2801'),(620002430,'COMP2541'),(620002430,'INFO2521');
INSERT INTO Users VALUES (620002431,'Rhoda','Rice','RhodaRice@gmail.com','RiceRhoda');
INSERT INTO Students VALUES (620002431,'UNDERGRAD','01-01-2020');
INSERT INTO Enrolled (u_id,courseCode) VALUES (620002431,'MATH2801'),(620002431,'BIOC1794'),(620002431,'PHYS3464');
INSERT INTO Users VALUES (620002432,'Eric','Howe','EricHowe@gmail.com','HoweEric');
INSERT INTO Students VALUES (620002432,'UNDERGRAD','01-01-2020');
INSERT INTO Enrolled (u_id,courseCode) VALUES (620002432,'INFO3603'),(620002432,'CHEM2446'),(620002432,'PHYS1140'),(620002432,'PHYS2338');
INSERT INTO Users VALUES (620002433,'Ronald','Stallings','RonaldStallings@gmail.com','StallingsRonald');
INSERT INTO Students VALUES (620002433,'UNDERGRAD','01-01-2020');
INSERT INTO Enrolled (u_id,courseCode) VALUES (620002433,'COMP3697'),(620002433,'INFO2559'),(620002433,'CHEM2446');
INSERT INTO Users VALUES (620002434,'Justin','Heckstall','JustinHeckstall@gmail.com','HeckstallJustin');
INSERT INTO Students VALUES (620002434,'UNDERGRAD','01-01-2020');
INSERT INTO Enrolled (u_id,courseCode) VALUES (620002434,'BIOC3230'),(620002434,'MATH3059'),(620002434,'INFO1242'),(620002434,'PHYS3729');
INSERT INTO Users VALUES (620002435,'Jacqueline','Pearson','JacquelinePearson@gmail.com','PearsonJacqueline');
INSERT INTO Students VALUES (620002435,'UNDERGRAD','01-01-2020');
INSERT INTO Enrolled (u_id,courseCode) VALUES (620002435,'COMP1051'),(620002435,'COMP3047'),(620002435,'INFO2270');
INSERT INTO Users VALUES (620002436,'Jewell','Felipe','JewellFelipe@gmail.com','FelipeJewell');
INSERT INTO Students VALUES (620002436,'UNDERGRAD','01-01-2020');
INSERT INTO Enrolled (u_id,courseCode) VALUES (620002436,'PHYS3464'),(620002436,'CHEM2797'),(620002436,'MATH2550'),(620002436,'CHEM3347');
INSERT INTO Users VALUES (620002437,'Rachel','Ott','RachelOtt@gmail.com','OttRachel');
INSERT INTO Students VALUES (620002437,'UNDERGRAD','01-01-2020');
INSERT INTO Enrolled (u_id,courseCode) VALUES (620002437,'ECON1783'),(620002437,'COMP1184'),(620002437,'MATH3688'),(620002437,'COMP3173'),(620002437,'INFO1014');
INSERT INTO Users VALUES (620002438,'Francisca','Kent','FranciscaKent@gmail.com','KentFrancisca');
INSERT INTO Students VALUES (620002438,'UNDERGRAD','01-01-2020');
INSERT INTO Enrolled (u_id,courseCode) VALUES (620002438,'COMP2651'),(620002438,'CHEM2727'),(620002438,'BIOC1725'),(620002438,'INFO2813'),(620002438,'BIOC1052');
INSERT INTO Users VALUES (620002439,'Edna','Chan','EdnaChan@gmail.com','ChanEdna');
INSERT INTO Students VALUES (620002439,'UNDERGRAD','01-01-2020');
INSERT INTO Enrolled (u_id,courseCode) VALUES (620002439,'BIOC1164'),(620002439,'PHYS1399'),(620002439,'INFO2521'),(620002439,'BIOC1439');
INSERT INTO Users VALUES (620002440,'Jonathan','Koehn','JonathanKoehn@gmail.com','KoehnJonathan');
INSERT INTO Students VALUES (620002440,'UNDERGRAD','01-01-2020');
INSERT INTO Enrolled (u_id,courseCode) VALUES (620002440,'BIOC1104'),(620002440,'CHEM2626'),(620002440,'CHEM3327'),(620002440,'INFO2813'),(620002440,'COMP2400'),(620002440,'MATH3688');
INSERT INTO Users VALUES (620002441,'Margaret','Alvarez','MargaretAlvarez@gmail.com','AlvarezMargaret');
INSERT INTO Students VALUES (620002441,'UNDERGRAD','01-01-2020');
INSERT INTO Enrolled (u_id,courseCode) VALUES (620002441,'PHYS2113'),(620002441,'CHEM3327'),(620002441,'COMP3238');
INSERT INTO Users VALUES (620002442,'Daisy','Winner','DaisyWinner@gmail.com','WinnerDaisy');
INSERT INTO Students VALUES (620002442,'UNDERGRAD','01-01-2020');
INSERT INTO Enrolled (u_id,courseCode) VALUES (620002442,'COMP1573'),(620002442,'PHYS1140'),(620002442,'PHYS1399'),(620002442,'CHEM2697'),(620002442,'ECON3550');
INSERT INTO Users VALUES (620002443,'Edna','Velasquez','EdnaVelasquez@gmail.com','VelasquezEdna');
INSERT INTO Students VALUES (620002443,'UNDERGRAD','01-01-2020');
INSERT INTO Enrolled (u_id,courseCode) VALUES (620002443,'ECON1589'),(620002443,'MATH3857'),(620002443,'CHEM2697'),(620002443,'MATH1648'),(620002443,'COMP1573');
INSERT INTO Users VALUES (620002444,'Melodie','Sandlin','MelodieSandlin@gmail.com','SandlinMelodie');
INSERT INTO Students VALUES (620002444,'UNDERGRAD','01-01-2020');
INSERT INTO Enrolled (u_id,courseCode) VALUES (620002444,'MATH3613'),(620002444,'COMP3238'),(620002444,'PHYS3686'),(620002444,'INFO1990');
INSERT INTO Users VALUES (620002445,'Arthur','Siple','ArthurSiple@gmail.com','SipleArthur');
INSERT INTO Students VALUES (620002445,'UNDERGRAD','01-01-2020');
INSERT INTO Enrolled (u_id,courseCode) VALUES (620002445,'BIOC1866'),(620002445,'BIOC3721'),(620002445,'PHYS2113');
INSERT INTO Users VALUES (620002446,'Derek','Petersen','DerekPetersen@gmail.com','PetersenDerek');
INSERT INTO Students VALUES (620002446,'UNDERGRAD','01-01-2020');
INSERT INTO Enrolled (u_id,courseCode) VALUES (620002446,'MATH2957'),(620002446,'COMP3536'),(620002446,'ECON3085'),(620002446,'PHYS3464'),(620002446,'MATH1648');
INSERT INTO Users VALUES (620002447,'Kathy','Gillis','KathyGillis@gmail.com','GillisKathy');
INSERT INTO Students VALUES (620002447,'UNDERGRAD','01-01-2020');
INSERT INTO Enrolled (u_id,courseCode) VALUES (620002447,'MATH1578'),(620002447,'ECON3020'),(620002447,'BIOC1598'),(620002447,'BIOC3230'),(620002447,'INFO1145');
INSERT INTO Users VALUES (620002448,'Rhoda','White','RhodaWhite@gmail.com','WhiteRhoda');
INSERT INTO Students VALUES (620002448,'UNDERGRAD','01-01-2020');
INSERT INTO Enrolled (u_id,courseCode) VALUES (620002448,'BIOC3341'),(620002448,'BIOC1598'),(620002448,'MATH3173'),(620002448,'PHYS3729'),(620002448,'CHEM2031');
INSERT INTO Users VALUES (620002449,'Ladawn','Chappell','LadawnChappell@gmail.com','ChappellLadawn');
INSERT INTO Students VALUES (620002449,'UNDERGRAD','01-01-2020');
INSERT INTO Enrolled (u_id,courseCode) VALUES (620002449,'BIOC1448'),(620002449,'INFO2270'),(620002449,'PHYS3659'),(620002449,'ECON3372'),(620002449,'PHYS3052');
INSERT INTO Users VALUES (620002450,'Ruth','Comley','RuthComley@gmail.com','ComleyRuth');
INSERT INTO Students VALUES (620002450,'UNDERGRAD','01-01-2020');
INSERT INTO Enrolled (u_id,courseCode) VALUES (620002450,'COMP3047'),(620002450,'MATH3844'),(620002450,'ECON3737'),(620002450,'INFO2521');
INSERT INTO Users VALUES (620002451,'Antionette','Hart','AntionetteHart@gmail.com','HartAntionette');
INSERT INTO Students VALUES (620002451,'UNDERGRAD','01-01-2020');
INSERT INTO Enrolled (u_id,courseCode) VALUES (620002451,'INFO1014'),(620002451,'BIOC2589'),(620002451,'CHEM3054');
INSERT INTO Users VALUES (620002452,'Peggy','Taylor','PeggyTaylor@gmail.com','TaylorPeggy');
INSERT INTO Students VALUES (620002452,'UNDERGRAD','01-01-2020');
INSERT INTO Enrolled (u_id,courseCode) VALUES (620002452,'CHEM2066'),(620002452,'BIOC1164'),(620002452,'CHEM2797');
INSERT INTO Users VALUES (620002453,'Miguel','Imoto','MiguelImoto@gmail.com','ImotoMiguel');
INSERT INTO Students VALUES (620002453,'UNDERGRAD','01-01-2020');
INSERT INTO Enrolled (u_id,courseCode) VALUES (620002453,'COMP2077'),(620002453,'PHYS2113'),(620002453,'CHEM2065'),(620002453,'CHEM3888'),(620002453,'CHEM2697');
INSERT INTO Users VALUES (620002454,'Young','Vargas','YoungVargas@gmail.com','VargasYoung');
INSERT INTO Students VALUES (620002454,'UNDERGRAD','01-01-2020');
INSERT INTO Enrolled (u_id,courseCode) VALUES (620002454,'CHEM2065'),(620002454,'PHYS2117'),(620002454,'ECON2345'),(620002454,'ECON3276'),(620002454,'CHEM2220'),(620002454,'MATH2873');
INSERT INTO Users VALUES (620002455,'Josh','Cardona','JoshCardona@gmail.com','CardonaJosh');
INSERT INTO Students VALUES (620002455,'UNDERGRAD','01-01-2020');
INSERT INTO Enrolled (u_id,courseCode) VALUES (620002455,'ECON3550'),(620002455,'MATH1648'),(620002455,'COMP2080'),(620002455,'INFO1145'),(620002455,'COMP2717'),(620002455,'ECON3372');
INSERT INTO Users VALUES (620002456,'Helen','Early','HelenEarly@gmail.com','EarlyHelen');
INSERT INTO Students VALUES (620002456,'UNDERGRAD','01-01-2020');
INSERT INTO Enrolled (u_id,courseCode) VALUES (620002456,'MATH3222'),(620002456,'INFO3419'),(620002456,'PHYS2448'),(620002456,'BIOC1052'),(620002456,'COMP2080');
INSERT INTO Users VALUES (620002457,'Gabriel','Reyes','GabrielReyes@gmail.com','ReyesGabriel');
INSERT INTO Students VALUES (620002457,'UNDERGRAD','01-01-2020');
INSERT INTO Enrolled (u_id,courseCode) VALUES (620002457,'COMP2651'),(620002457,'ECON3288'),(620002457,'ECON1783'),(620002457,'ECON3311');
INSERT INTO Users VALUES (620002458,'Allison','Tirabassi','AllisonTirabassi@gmail.com','TirabassiAllison');
INSERT INTO Students VALUES (620002458,'UNDERGRAD','01-01-2020');
INSERT INTO Enrolled (u_id,courseCode) VALUES (620002458,'ECON3004'),(620002458,'BIOC2671'),(620002458,'BIOC2550'),(620002458,'ECON3737');
INSERT INTO Users VALUES (620002459,'Elmer','Carrillo','ElmerCarrillo@gmail.com','CarrilloElmer');
INSERT INTO Students VALUES (620002459,'UNDERGRAD','01-01-2020');
INSERT INTO Enrolled (u_id,courseCode) VALUES (620002459,'CHEM2481'),(620002459,'MATH2957'),(620002459,'PHYS3339'),(620002459,'COMP1184'),(620002459,'CHEM3614'),(620002459,'CHEM2446');
INSERT INTO Users VALUES (620002460,'Vickie','Brickey','VickieBrickey@gmail.com','BrickeyVickie');
INSERT INTO Students VALUES (620002460,'UNDERGRAD','01-01-2020');
INSERT INTO Enrolled (u_id,courseCode) VALUES (620002460,'INFO2950'),(620002460,'ECON2387'),(620002460,'INFO3868'),(620002460,'BIOC1534'),(620002460,'MATH2550'),(620002460,'INFO1447');
INSERT INTO Users VALUES (620002461,'Deanna','Coleman','DeannaColeman@gmail.com','ColemanDeanna');
INSERT INTO Students VALUES (620002461,'UNDERGRAD','01-01-2020');
INSERT INTO Enrolled (u_id,courseCode) VALUES (620002461,'BIOC1534'),(620002461,'INFO2636'),(620002461,'COMP3849'),(620002461,'BIOC1986'),(620002461,'PHYS3052'),(620002461,'INFO1990');
INSERT INTO Users VALUES (620002462,'Mark','Busse','MarkBusse@gmail.com','BusseMark');
INSERT INTO Students VALUES (620002462,'UNDERGRAD','01-01-2020');
INSERT INTO Enrolled (u_id,courseCode) VALUES (620002462,'CHEM3747'),(620002462,'CHEM1613'),(620002462,'PHYS2238'),(620002462,'COMP3685');
INSERT INTO Users VALUES (620002463,'Celia','Nelson','CeliaNelson@gmail.com','NelsonCelia');
INSERT INTO Students VALUES (620002463,'UNDERGRAD','01-01-2020');
INSERT INTO Enrolled (u_id,courseCode) VALUES (620002463,'MATH3857'),(620002463,'ECON3228'),(620002463,'INFO3645');
INSERT INTO Users VALUES (620002464,'Benjamin','Rodriguez','BenjaminRodriguez@gmail.com','RodriguezBenjamin');
INSERT INTO Students VALUES (620002464,'UNDERGRAD','01-01-2020');
INSERT INTO Enrolled (u_id,courseCode) VALUES (620002464,'CHEM3409'),(620002464,'PHYS3876'),(620002464,'COMP3418');
INSERT INTO Users VALUES (620002465,'Mary','Harrington','MaryHarrington@gmail.com','HarringtonMary');
INSERT INTO Students VALUES (620002465,'UNDERGRAD','01-01-2020');
INSERT INTO Enrolled (u_id,courseCode) VALUES (620002465,'PHYS2977'),(620002465,'BIOC2550'),(620002465,'PHYS3052'),(620002465,'COMP3506'),(620002465,'PHYS2229'),(620002465,'INFO1014');
INSERT INTO Users VALUES (620002466,'Allison','Ott','AllisonOtt@gmail.com','OttAllison');
INSERT INTO Students VALUES (620002466,'UNDERGRAD','01-01-2020');
INSERT INTO Enrolled (u_id,courseCode) VALUES (620002466,'CHEM3614'),(620002466,'INFO2521'),(620002466,'COMP1543'),(620002466,'COMP2080'),(620002466,'COMP3697'),(620002466,'CHEM1485');
INSERT INTO Users VALUES (620002467,'Deanne','Estrada','DeanneEstrada@gmail.com','EstradaDeanne');
INSERT INTO Students VALUES (620002467,'UNDERGRAD','01-01-2020');
INSERT INTO Enrolled (u_id,courseCode) VALUES (620002467,'COMP2717'),(620002467,'ECON2703'),(620002467,'COMP2541'),(620002467,'INFO2860'),(620002467,'ECON1996'),(620002467,'CHEM1494');
INSERT INTO Users VALUES (620002468,'Vernon','Vanhamlin','VernonVanhamlin@gmail.com','VanhamlinVernon');
INSERT INTO Students VALUES (620002468,'UNDERGRAD','01-01-2020');
INSERT INTO Enrolled (u_id,courseCode) VALUES (620002468,'CHEM2481'),(620002468,'COMP3849'),(620002468,'COMP2080');
INSERT INTO Users VALUES (620002469,'Ernesto','Hunter','ErnestoHunter@gmail.com','HunterErnesto');
INSERT INTO Students VALUES (620002469,'UNDERGRAD','01-01-2020');
INSERT INTO Enrolled (u_id,courseCode) VALUES (620002469,'CHEM1340'),(620002469,'BIOC2983'),(620002469,'PHYS3787'),(620002469,'MATH1648'),(620002469,'ECON1783');
INSERT INTO Users VALUES (620002470,'Dean','Wright','DeanWright@gmail.com','WrightDean');
INSERT INTO Students VALUES (620002470,'UNDERGRAD','01-01-2020');
INSERT INTO Enrolled (u_id,courseCode) VALUES (620002470,'PHYS1173'),(620002470,'BIOC2983'),(620002470,'COMP2400'),(620002470,'CHEM2797'),(620002470,'CHEM2604');
INSERT INTO Users VALUES (620002471,'Lorenza','Swan','LorenzaSwan@gmail.com','SwanLorenza');
INSERT INTO Students VALUES (620002471,'UNDERGRAD','01-01-2020');
INSERT INTO Enrolled (u_id,courseCode) VALUES (620002471,'INFO2716'),(620002471,'CHEM3054'),(620002471,'BIOC1104');
INSERT INTO Users VALUES (620002472,'Cherise','Colley','CheriseColley@gmail.com','ColleyCherise');
INSERT INTO Students VALUES (620002472,'UNDERGRAD','01-01-2020');
INSERT INTO Enrolled (u_id,courseCode) VALUES (620002472,'COMP2400'),(620002472,'MATH1250'),(620002472,'COMP3639'),(620002472,'MATH3179'),(620002472,'PHYS1979'),(620002472,'ECON3004');
INSERT INTO Users VALUES (620002473,'Barbara','Lowry','BarbaraLowry@gmail.com','LowryBarbara');
INSERT INTO Students VALUES (620002473,'UNDERGRAD','01-01-2020');
INSERT INTO Enrolled (u_id,courseCode) VALUES (620002473,'BIOC1485'),(620002473,'COMP2080'),(620002473,'ECON3085');
INSERT INTO Users VALUES (620002474,'Mason','Miles','MasonMiles@gmail.com','MilesMason');
INSERT INTO Students VALUES (620002474,'UNDERGRAD','01-01-2020');
INSERT INTO Enrolled (u_id,courseCode) VALUES (620002474,'COMP3047'),(620002474,'COMP3849'),(620002474,'BIOC1052');
INSERT INTO Users VALUES (620002475,'Rodney','Tate','RodneyTate@gmail.com','TateRodney');
INSERT INTO Students VALUES (620002475,'UNDERGRAD','01-01-2020');
INSERT INTO Enrolled (u_id,courseCode) VALUES (620002475,'MATH1262'),(620002475,'INFO2270'),(620002475,'INFO1447'),(620002475,'CHEM2220');
INSERT INTO Users VALUES (620002476,'Francis','Uribe','FrancisUribe@gmail.com','UribeFrancis');
INSERT INTO Students VALUES (620002476,'UNDERGRAD','01-01-2020');
INSERT INTO Enrolled (u_id,courseCode) VALUES (620002476,'INFO1990'),(620002476,'INFO2860'),(620002476,'COMP1867'),(620002476,'CHEM3888');
INSERT INTO Users VALUES (620002477,'Kenneth','Robles','KennethRobles@gmail.com','RoblesKenneth');
INSERT INTO Students VALUES (620002477,'UNDERGRAD','01-01-2020');
INSERT INTO Enrolled (u_id,courseCode) VALUES (620002477,'INFO1825'),(620002477,'CHEM1340'),(620002477,'MATH2873'),(620002477,'MATH1972'),(620002477,'PHYS3729');
INSERT INTO Users VALUES (620002478,'Samuel','Letchworth','SamuelLetchworth@gmail.com','LetchworthSamuel');
INSERT INTO Students VALUES (620002478,'UNDERGRAD','01-01-2020');
INSERT INTO Enrolled (u_id,courseCode) VALUES (620002478,'INFO3935'),(620002478,'INFO2813'),(620002478,'INFO1288'),(620002478,'COMP3173'),(620002478,'PHYS3729');
INSERT INTO Users VALUES (620002479,'Wilbur','Griffin','WilburGriffin@gmail.com','GriffinWilbur');
INSERT INTO Students VALUES (620002479,'UNDERGRAD','01-01-2020');
INSERT INTO Enrolled (u_id,courseCode) VALUES (620002479,'MATH3222'),(620002479,'INFO2559'),(620002479,'CHEM1613'),(620002479,'ECON1170');
INSERT INTO Users VALUES (620002480,'Hector','Jesse','HectorJesse@gmail.com','JesseHector');
INSERT INTO Students VALUES (620002480,'UNDERGRAD','01-01-2020');
INSERT INTO Enrolled (u_id,courseCode) VALUES (620002480,'ECON2722'),(620002480,'CHEM2005'),(620002480,'CHEM2797');
INSERT INTO Users VALUES (620002481,'Daisy','Mcclanahan','DaisyMcclanahan@gmail.com','McclanahanDaisy');
INSERT INTO Students VALUES (620002481,'UNDERGRAD','01-01-2020');
INSERT INTO Enrolled (u_id,courseCode) VALUES (620002481,'CHEM2220'),(620002481,'CHEM3327'),(620002481,'COMP3697');
INSERT INTO Users VALUES (620002482,'Christopher','Pero','ChristopherPero@gmail.com','PeroChristopher');
INSERT INTO Students VALUES (620002482,'UNDERGRAD','01-01-2020');
INSERT INTO Enrolled (u_id,courseCode) VALUES (620002482,'COMP3536'),(620002482,'CHEM3614'),(620002482,'INFO3636'),(620002482,'CHEM2005');
INSERT INTO Users VALUES (620002483,'Carlos','Brickey','CarlosBrickey@gmail.com','BrickeyCarlos');
INSERT INTO Students VALUES (620002483,'UNDERGRAD','01-01-2020');
INSERT INTO Enrolled (u_id,courseCode) VALUES (620002483,'CHEM2797'),(620002483,'INFO2950'),(620002483,'PHYS2563'),(620002483,'PHYS2977'),(620002483,'COMP1543'),(620002483,'COMP3685');
INSERT INTO Users VALUES (620002484,'Lois','Robinson','LoisRobinson@gmail.com','RobinsonLois');
INSERT INTO Students VALUES (620002484,'UNDERGRAD','01-01-2020');
INSERT INTO Enrolled (u_id,courseCode) VALUES (620002484,'CHEM2481'),(620002484,'CHEM3409'),(620002484,'CHEM2604'),(620002484,'COMP2965');
INSERT INTO Users VALUES (620002485,'Chris','Gray','ChrisGray@gmail.com','GrayChris');
INSERT INTO Students VALUES (620002485,'UNDERGRAD','01-01-2020');
INSERT INTO Enrolled (u_id,courseCode) VALUES (620002485,'PHYS2117'),(620002485,'PHYS2448'),(620002485,'CHEM2446'),(620002485,'COMP3084'),(620002485,'INFO3636');
INSERT INTO Users VALUES (620002486,'Warren','Duffy','WarrenDuffy@gmail.com','DuffyWarren');
INSERT INTO Students VALUES (620002486,'UNDERGRAD','01-01-2020');
INSERT INTO Enrolled (u_id,courseCode) VALUES (620002486,'CHEM3327'),(620002486,'COMP3639'),(620002486,'BIOC1534'),(620002486,'CHEM3617'),(620002486,'MATH3059');
INSERT INTO Users VALUES (620002487,'Catherine','Letchworth','CatherineLetchworth@gmail.com','LetchworthCatherine');
INSERT INTO Students VALUES (620002487,'UNDERGRAD','01-01-2020');
INSERT INTO Enrolled (u_id,courseCode) VALUES (620002487,'BIOC2550'),(620002487,'MATH1648'),(620002487,'BIOC1866'),(620002487,'INFO1014'),(620002487,'CHEM1613'),(620002487,'COMP3173');
INSERT INTO Users VALUES (620002488,'Aaron','Larry','AaronLarry@gmail.com','LarryAaron');
INSERT INTO Students VALUES (620002488,'UNDERGRAD','01-01-2020');
INSERT INTO Enrolled (u_id,courseCode) VALUES (620002488,'ECON2703'),(620002488,'ECON3004'),(620002488,'BIOC2671');
INSERT INTO Users VALUES (620002489,'Daisy','Withrow','DaisyWithrow@gmail.com','WithrowDaisy');
INSERT INTO Students VALUES (620002489,'UNDERGRAD','01-01-2020');
INSERT INTO Enrolled (u_id,courseCode) VALUES (620002489,'INFO2270'),(620002489,'ECON2814'),(620002489,'COMP3697');
INSERT INTO Users VALUES (620002490,'Stanley','Long','StanleyLong@gmail.com','LongStanley');
INSERT INTO Students VALUES (620002490,'UNDERGRAD','01-01-2020');
INSERT INTO Enrolled (u_id,courseCode) VALUES (620002490,'BIOC2054'),(620002490,'INFO1288'),(620002490,'CHEM2066'),(620002490,'CHEM1807'),(620002490,'COMP2077');
INSERT INTO Users VALUES (620002491,'Byron','Miraglia','ByronMiraglia@gmail.com','MiragliaByron');
INSERT INTO Students VALUES (620002491,'UNDERGRAD','01-01-2020');
INSERT INTO Enrolled (u_id,courseCode) VALUES (620002491,'COMP3685'),(620002491,'PHYS1930'),(620002491,'BIOC2550'),(620002491,'COMP2651'),(620002491,'CHEM2177');
INSERT INTO Users VALUES (620002492,'Chris','Calder','ChrisCalder@gmail.com','CalderChris');
INSERT INTO Students VALUES (620002492,'UNDERGRAD','01-01-2020');
INSERT INTO Enrolled (u_id,courseCode) VALUES (620002492,'CHEM3409'),(620002492,'CHEM1340'),(620002492,'PHYS3787'),(620002492,'COMP3506');
INSERT INTO Users VALUES (620002493,'Adelia','Hart','AdeliaHart@gmail.com','HartAdelia');
INSERT INTO Students VALUES (620002493,'UNDERGRAD','01-01-2020');
INSERT INTO Enrolled (u_id,courseCode) VALUES (620002493,'ECON1458'),(620002493,'MATH2873'),(620002493,'MATH2801'),(620002493,'ECON3085'),(620002493,'ECON3228');
INSERT INTO Users VALUES (620002494,'Bernie','Shattuck','BernieShattuck@gmail.com','ShattuckBernie');
INSERT INTO Students VALUES (620002494,'UNDERGRAD','01-01-2020');
INSERT INTO Enrolled (u_id,courseCode) VALUES (620002494,'BIOC2983'),(620002494,'CHEM2867'),(620002494,'MATH2067'),(620002494,'BIOC1598');
INSERT INTO Users VALUES (620002495,'Nan','Crespo','NanCrespo@gmail.com','CrespoNan');
INSERT INTO Students VALUES (620002495,'UNDERGRAD','01-01-2020');
INSERT INTO Enrolled (u_id,courseCode) VALUES (620002495,'ECON3523'),(620002495,'MATH1148'),(620002495,'ECON1589');
INSERT INTO Users VALUES (620002496,'Dean','Bourgoin','DeanBourgoin@gmail.com','BourgoinDean');
INSERT INTO Students VALUES (620002496,'UNDERGRAD','01-01-2020');
INSERT INTO Enrolled (u_id,courseCode) VALUES (620002496,'BIOC1052'),(620002496,'INFO3636'),(620002496,'MATH3209'),(620002496,'PHYS3354'),(620002496,'COMP1867'),(620002496,'BIOC2981');
INSERT INTO Users VALUES (620002497,'Homer','Truitt','HomerTruitt@gmail.com','TruittHomer');
INSERT INTO Students VALUES (620002497,'UNDERGRAD','01-01-2020');
INSERT INTO Enrolled (u_id,courseCode) VALUES (620002497,'BIOC1485'),(620002497,'MATH2067'),(620002497,'PHYS1979');
INSERT INTO Users VALUES (620002498,'Betsy','Ferretti','BetsyFerretti@gmail.com','FerrettiBetsy');
INSERT INTO Students VALUES (620002498,'UNDERGRAD','01-01-2020');
INSERT INTO Enrolled (u_id,courseCode) VALUES (620002498,'INFO1288'),(620002498,'PHYS3876'),(620002498,'COMP2080'),(620002498,'ECON3276'),(620002498,'ECON3989'),(620002498,'PHYS3290');
INSERT INTO Users VALUES (620002499,'David','Finkenbinder','DavidFinkenbinder@gmail.com','FinkenbinderDavid');
INSERT INTO Students VALUES (620002499,'UNDERGRAD','01-01-2020');
INSERT INTO Enrolled (u_id,courseCode) VALUES (620002499,'ECON1561'),(620002499,'CHEM2149'),(620002499,'CHEM3409');
INSERT INTO Users VALUES (620002500,'Bethany','Aybar','BethanyAybar@gmail.com','AybarBethany');
INSERT INTO Students VALUES (620002500,'UNDERGRAD','01-01-2020');
INSERT INTO Enrolled (u_id,courseCode) VALUES (620002500,'MATH1648'),(620002500,'BIOC1598'),(620002500,'ECON3276');
INSERT INTO Users VALUES (620002501,'Reginald','Kent','ReginaldKent@gmail.com','KentReginald');
INSERT INTO Students VALUES (620002501,'UNDERGRAD','01-01-2020');
INSERT INTO Enrolled (u_id,courseCode) VALUES (620002501,'ECON2387'),(620002501,'ECON1561'),(620002501,'COMP3746');
INSERT INTO Users VALUES (620002502,'Cliff','Jeanbaptiste','CliffJeanbaptiste@gmail.com','JeanbaptisteCliff');
INSERT INTO Students VALUES (620002502,'UNDERGRAD','01-01-2020');
INSERT INTO Enrolled (u_id,courseCode) VALUES (620002502,'PHYS2238'),(620002502,'COMP2651'),(620002502,'PHYS3354'),(620002502,'COMP3536'),(620002502,'BIOC2983'),(620002502,'CHEM2005');
INSERT INTO Users VALUES (620002503,'Katherine','Chatcho','KatherineChatcho@gmail.com','ChatchoKatherine');
INSERT INTO Students VALUES (620002503,'UNDERGRAD','01-01-2020');
INSERT INTO Enrolled (u_id,courseCode) VALUES (620002503,'CHEM1613'),(620002503,'CHEM3054'),(620002503,'BIOC3721'),(620002503,'INFO2716');
INSERT INTO Users VALUES (620002504,'Mark','Woomer','MarkWoomer@gmail.com','WoomerMark');
INSERT INTO Students VALUES (620002504,'UNDERGRAD','01-01-2020');
INSERT INTO Enrolled (u_id,courseCode) VALUES (620002504,'PHYS2306'),(620002504,'INFO3868'),(620002504,'BIOC3604'),(620002504,'MATH1578'),(620002504,'BIOC1052'),(620002504,'INFO2813');
INSERT INTO Users VALUES (620002505,'Betty','Hoyer','BettyHoyer@gmail.com','HoyerBetty');
INSERT INTO Students VALUES (620002505,'UNDERGRAD','01-01-2020');
INSERT INTO Enrolled (u_id,courseCode) VALUES (620002505,'MATH2067'),(620002505,'MATH1972'),(620002505,'INFO1242');
INSERT INTO Users VALUES (620002506,'Leo','Calloway','LeoCalloway@gmail.com','CallowayLeo');
INSERT INTO Students VALUES (620002506,'UNDERGRAD','01-01-2020');
INSERT INTO Enrolled (u_id,courseCode) VALUES (620002506,'CHEM1613'),(620002506,'ECON3085'),(620002506,'CHEM1485');
INSERT INTO Users VALUES (620002507,'Mary','Robles','MaryRobles@gmail.com','RoblesMary');
INSERT INTO Students VALUES (620002507,'UNDERGRAD','01-01-2020');
INSERT INTO Enrolled (u_id,courseCode) VALUES (620002507,'INFO1825'),(620002507,'ECON1012'),(620002507,'CHEM2604'),(620002507,'COMP2651');
INSERT INTO Users VALUES (620002508,'Laila','Lemieux','LailaLemieux@gmail.com','LemieuxLaila');
INSERT INTO Students VALUES (620002508,'UNDERGRAD','01-01-2020');
INSERT INTO Enrolled (u_id,courseCode) VALUES (620002508,'ECON1561'),(620002508,'ECON1230'),(620002508,'BIOC3604'),(620002508,'MATH3029'),(620002508,'ECON3447');
INSERT INTO Users VALUES (620002509,'Bryan','Golden','BryanGolden@gmail.com','GoldenBryan');
INSERT INTO Students VALUES (620002509,'UNDERGRAD','01-01-2020');
INSERT INTO Enrolled (u_id,courseCode) VALUES (620002509,'INFO2337'),(620002509,'INFO1145'),(620002509,'MATH2550'),(620002509,'PHYS1399');
INSERT INTO Users VALUES (620002510,'Chad','Tate','ChadTate@gmail.com','TateChad');
INSERT INTO Students VALUES (620002510,'UNDERGRAD','01-01-2020');
INSERT INTO Enrolled (u_id,courseCode) VALUES (620002510,'BIOC1052'),(620002510,'BIOC3457'),(620002510,'CHEM2065'),(620002510,'CHEM3747');
INSERT INTO Users VALUES (620002511,'Edward','Williams','EdwardWilliams@gmail.com','WilliamsEdward');
INSERT INTO Students VALUES (620002511,'UNDERGRAD','01-01-2020');
INSERT INTO Enrolled (u_id,courseCode) VALUES (620002511,'PHYS2229'),(620002511,'CHEM2697'),(620002511,'ECON1458');
INSERT INTO Users VALUES (620002512,'Jonathan','Congdon','JonathanCongdon@gmail.com','CongdonJonathan');
INSERT INTO Students VALUES (620002512,'UNDERGRAD','01-01-2020');
INSERT INTO Enrolled (u_id,courseCode) VALUES (620002512,'COMP3536'),(620002512,'ECON3228'),(620002512,'PHYS3354'),(620002512,'MATH3857');
INSERT INTO Users VALUES (620002513,'Cristina','Klein','CristinaKlein@gmail.com','KleinCristina');
INSERT INTO Students VALUES (620002513,'UNDERGRAD','01-01-2020');
INSERT INTO Enrolled (u_id,courseCode) VALUES (620002513,'COMP2361'),(620002513,'CHEM1485'),(620002513,'CHEM1613'),(620002513,'CHEM2177'),(620002513,'BIOC1104');
INSERT INTO Users VALUES (620002514,'Juanita','Parker','JuanitaParker@gmail.com','ParkerJuanita');
INSERT INTO Students VALUES (620002514,'UNDERGRAD','01-01-2020');
INSERT INTO Enrolled (u_id,courseCode) VALUES (620002514,'MATH3857'),(620002514,'CHEM2065'),(620002514,'CHEM2066'),(620002514,'PHYS1140'),(620002514,'BIOC3230'),(620002514,'CHEM2697');
INSERT INTO Users VALUES (620002515,'Mary','Long','MaryLong@gmail.com','LongMary');
INSERT INTO Students VALUES (620002515,'UNDERGRAD','01-01-2020');
INSERT INTO Enrolled (u_id,courseCode) VALUES (620002515,'PHYS3729'),(620002515,'MATH2801'),(620002515,'MATH1454'),(620002515,'COMP3746');
INSERT INTO Users VALUES (620002516,'Arthur','Lopez','ArthurLopez@gmail.com','LopezArthur');
INSERT INTO Students VALUES (620002516,'UNDERGRAD','01-01-2020');
INSERT INTO Enrolled (u_id,courseCode) VALUES (620002516,'MATH1648'),(620002516,'INFO1145'),(620002516,'CHEM2626'),(620002516,'MATH2717'),(620002516,'ECON1498');
INSERT INTO Users VALUES (620002517,'Glenda','Taylor','GlendaTaylor@gmail.com','TaylorGlenda');
INSERT INTO Students VALUES (620002517,'UNDERGRAD','01-01-2020');
INSERT INTO Enrolled (u_id,courseCode) VALUES (620002517,'MATH3173'),(620002517,'ECON3228'),(620002517,'INFO3419'),(620002517,'ECON2814'),(620002517,'MATH2188'),(620002517,'CHEM3054');
INSERT INTO Users VALUES (620002518,'Ralph','Joaquin','RalphJoaquin@gmail.com','JoaquinRalph');
INSERT INTO Students VALUES (620002518,'UNDERGRAD','01-01-2020');
INSERT INTO Enrolled (u_id,courseCode) VALUES (620002518,'BIOC3604'),(620002518,'INFO2521'),(620002518,'COMP2077'),(620002518,'PHYS2338'),(620002518,'MATH3209');
INSERT INTO Users VALUES (620002519,'Dwayne','Chappell','DwayneChappell@gmail.com','ChappellDwayne');
INSERT INTO Students VALUES (620002519,'UNDERGRAD','01-01-2020');
INSERT INTO Enrolled (u_id,courseCode) VALUES (620002519,'COMP2965'),(620002519,'PHYS1173'),(620002519,'CHEM1807'),(620002519,'BIOC1164');
INSERT INTO Users VALUES (620002520,'Francisca','Harness','FranciscaHarness@gmail.com','HarnessFrancisca');
INSERT INTO Students VALUES (620002520,'UNDERGRAD','01-01-2020');
INSERT INTO Enrolled (u_id,courseCode) VALUES (620002520,'PHYS2448'),(620002520,'MATH2550'),(620002520,'ECON3281'),(620002520,'INFO1825'),(620002520,'BIOC2981');
INSERT INTO Users VALUES (620002521,'Carolyn','Jensen','CarolynJensen@gmail.com','JensenCarolyn');
INSERT INTO Students VALUES (620002521,'UNDERGRAD','01-01-2020');
INSERT INTO Enrolled (u_id,courseCode) VALUES (620002521,'BIOC1448'),(620002521,'BIOC2983'),(620002521,'COMP1051'),(620002521,'COMP3167'),(620002521,'COMP1357'),(620002521,'INFO2559');
INSERT INTO Users VALUES (620002522,'Lorenza','Horth','LorenzaHorth@gmail.com','HorthLorenza');
INSERT INTO Students VALUES (620002522,'UNDERGRAD','01-01-2020');
INSERT INTO Enrolled (u_id,courseCode) VALUES (620002522,'BIOC3341'),(620002522,'MATH3173'),(620002522,'CHEM2727'),(620002522,'ECON2345');
INSERT INTO Users VALUES (620002523,'Sara','Dahlheimer','SaraDahlheimer@gmail.com','DahlheimerSara');
INSERT INTO Students VALUES (620002523,'UNDERGRAD','01-01-2020');
INSERT INTO Enrolled (u_id,courseCode) VALUES (620002523,'INFO2636'),(620002523,'ECON1012'),(620002523,'PHYS2448'),(620002523,'COMP1867');
INSERT INTO Users VALUES (620002524,'Bryan','Ott','BryanOtt@gmail.com','OttBryan');
INSERT INTO Students VALUES (620002524,'UNDERGRAD','01-01-2020');
INSERT INTO Enrolled (u_id,courseCode) VALUES (620002524,'ECON1996'),(620002524,'ECON1498'),(620002524,'CHEM2446'),(620002524,'INFO3636');
INSERT INTO Users VALUES (620002525,'Karen','Sudduth','KarenSudduth@gmail.com','SudduthKaren');
INSERT INTO Students VALUES (620002525,'UNDERGRAD','01-01-2020');
INSERT INTO Enrolled (u_id,courseCode) VALUES (620002525,'ECON3523'),(620002525,'ECON3447'),(620002525,'COMP2717');
INSERT INTO Users VALUES (620002526,'Kasey','Sullivan','KaseySullivan@gmail.com','SullivanKasey');
INSERT INTO Students VALUES (620002526,'UNDERGRAD','01-01-2020');
INSERT INTO Enrolled (u_id,courseCode) VALUES (620002526,'MATH2555'),(620002526,'ECON3737'),(620002526,'CHEM2149'),(620002526,'MATH2801'),(620002526,'PHYS1140'),(620002526,'PHYS3729');
INSERT INTO Users VALUES (620002527,'Rosa','James','RosaJames@gmail.com','JamesRosa');
INSERT INTO Students VALUES (620002527,'UNDERGRAD','01-01-2020');
INSERT INTO Enrolled (u_id,courseCode) VALUES (620002527,'MATH1262'),(620002527,'MATH3222'),(620002527,'BIOC2236'),(620002527,'ECON3063');
INSERT INTO Users VALUES (620002528,'Debbie','Taylor','DebbieTaylor@gmail.com','TaylorDebbie');
INSERT INTO Students VALUES (620002528,'UNDERGRAD','01-01-2020');
INSERT INTO Enrolled (u_id,courseCode) VALUES (620002528,'MATH2957'),(620002528,'INFO2811'),(620002528,'COMP3639');
INSERT INTO Users VALUES (620002529,'Sharon','Kent','SharonKent@gmail.com','KentSharon');
INSERT INTO Students VALUES (620002529,'UNDERGRAD','01-01-2020');
INSERT INTO Enrolled (u_id,courseCode) VALUES (620002529,'COMP2361'),(620002529,'COMP3418'),(620002529,'COMP3238'),(620002529,'BIOC1725'),(620002529,'PHYS3787'),(620002529,'BIOC1485');
INSERT INTO Users VALUES (620002530,'Scott','Steinberger','ScottSteinberger@gmail.com','SteinbergerScott');
INSERT INTO Students VALUES (620002530,'UNDERGRAD','01-01-2020');
INSERT INTO Enrolled (u_id,courseCode) VALUES (620002530,'INFO1648'),(620002530,'MATH2067'),(620002530,'CHEM2604'),(620002530,'INFO2797'),(620002530,'PHYS2229'),(620002530,'PHYS2448');
INSERT INTO Users VALUES (620002531,'Shirley','Maze','ShirleyMaze@gmail.com','MazeShirley');
INSERT INTO Students VALUES (620002531,'UNDERGRAD','01-01-2020');
INSERT INTO Enrolled (u_id,courseCode) VALUES (620002531,'ECON1098'),(620002531,'CHEM3327'),(620002531,'ECON3085'),(620002531,'BIOC2671');
INSERT INTO Users VALUES (620002532,'Betty','Ott','BettyOtt@gmail.com','OttBetty');
INSERT INTO Students VALUES (620002532,'UNDERGRAD','01-01-2020');
INSERT INTO Enrolled (u_id,courseCode) VALUES (620002532,'MATH2873'),(620002532,'MATH3544'),(620002532,'INFO1447'),(620002532,'INFO3645'),(620002532,'ECON1996'),(620002532,'ECON2703');
INSERT INTO Users VALUES (620002533,'Janet','Sniezek','JanetSniezek@gmail.com','SniezekJanet');
INSERT INTO Students VALUES (620002533,'UNDERGRAD','01-01-2020');
INSERT INTO Enrolled (u_id,courseCode) VALUES (620002533,'BIOC2054'),(620002533,'PHYS2563'),(620002533,'CHEM2220');
INSERT INTO Users VALUES (620002534,'Adam','Hamilton','AdamHamilton@gmail.com','HamiltonAdam');
INSERT INTO Students VALUES (620002534,'UNDERGRAD','01-01-2020');
INSERT INTO Enrolled (u_id,courseCode) VALUES (620002534,'INFO2337'),(620002534,'PHYS3354'),(620002534,'BIOC1598'),(620002534,'ECON3276');
INSERT INTO Users VALUES (620002535,'Tony','Comley','TonyComley@gmail.com','ComleyTony');
INSERT INTO Students VALUES (620002535,'UNDERGRAD','01-01-2020');
INSERT INTO Enrolled (u_id,courseCode) VALUES (620002535,'COMP3506'),(620002535,'ECON1783'),(620002535,'INFO2521'),(620002535,'ECON2814'),(620002535,'COMP3173'),(620002535,'BIOC2981');
INSERT INTO Users VALUES (620002536,'Delia','Lockwood','DeliaLockwood@gmail.com','LockwoodDelia');
INSERT INTO Students VALUES (620002536,'UNDERGRAD','01-01-2020');
INSERT INTO Enrolled (u_id,courseCode) VALUES (620002536,'MATH2067'),(620002536,'MATH1648'),(620002536,'COMP1051'),(620002536,'CHEM2220'),(620002536,'INFO1447'),(620002536,'INFO3419');
INSERT INTO Users VALUES (620002537,'Ernesto','Baccus','ErnestoBaccus@gmail.com','BaccusErnesto');
INSERT INTO Students VALUES (620002537,'UNDERGRAD','01-01-2020');
INSERT INTO Enrolled (u_id,courseCode) VALUES (620002537,'BIOC3457'),(620002537,'MATH3857'),(620002537,'CHEM3617'),(620002537,'MATH3222'),(620002537,'COMP2400'),(620002537,'INFO1648');
INSERT INTO Users VALUES (620002538,'Roberta','Comley','RobertaComley@gmail.com','ComleyRoberta');
INSERT INTO Students VALUES (620002538,'UNDERGRAD','01-01-2020');
INSERT INTO Enrolled (u_id,courseCode) VALUES (620002538,'PHYS3659'),(620002538,'COMP3047'),(620002538,'MATH2801');
INSERT INTO Users VALUES (620002539,'Lilla','Shattuck','LillaShattuck@gmail.com','ShattuckLilla');
INSERT INTO Students VALUES (620002539,'UNDERGRAD','01-01-2020');
INSERT INTO Enrolled (u_id,courseCode) VALUES (620002539,'ECON1170'),(620002539,'PHYS2563'),(620002539,'BIOC2671'),(620002539,'COMP2651');
INSERT INTO Users VALUES (620002540,'Alvin','Burch','AlvinBurch@gmail.com','BurchAlvin');
INSERT INTO Students VALUES (620002540,'UNDERGRAD','01-01-2020');
INSERT INTO Enrolled (u_id,courseCode) VALUES (620002540,'CHEM2626'),(620002540,'ECON3288'),(620002540,'ECON1012'),(620002540,'BIOC1744');
INSERT INTO Users VALUES (620002541,'Bryan','Stovall','BryanStovall@gmail.com','StovallBryan');
INSERT INTO Students VALUES (620002541,'UNDERGRAD','01-01-2020');
INSERT INTO Enrolled (u_id,courseCode) VALUES (620002541,'PHYS1930'),(620002541,'COMP2965'),(620002541,'CHEM3409'),(620002541,'MATH2501'),(620002541,'CHEM1485'),(620002541,'PHYS2451');
INSERT INTO Users VALUES (620002542,'Brooke','Rios','BrookeRios@gmail.com','RiosBrooke');
INSERT INTO Students VALUES (620002542,'UNDERGRAD','01-01-2020');
INSERT INTO Enrolled (u_id,courseCode) VALUES (620002542,'INFO1242'),(620002542,'PHYS3659'),(620002542,'MATH1578'),(620002542,'MATH2188'),(620002542,'COMP1051');
INSERT INTO Users VALUES (620002543,'Celia','Calloway','CeliaCalloway@gmail.com','CallowayCelia');
INSERT INTO Students VALUES (620002543,'UNDERGRAD','01-01-2020');
INSERT INTO Enrolled (u_id,courseCode) VALUES (620002543,'ECON3228'),(620002543,'ECON1561'),(620002543,'MATH1250'),(620002543,'CHEM2604'),(620002543,'INFO1825'),(620002543,'ECON3737');
INSERT INTO Users VALUES (620002544,'Ruth','Golden','RuthGolden@gmail.com','GoldenRuth');
INSERT INTO Students VALUES (620002544,'UNDERGRAD','01-01-2020');
INSERT INTO Enrolled (u_id,courseCode) VALUES (620002544,'CHEM2604'),(620002544,'ECON3550'),(620002544,'MATH3209'),(620002544,'PHYS3052'),(620002544,'MATH2550');
INSERT INTO Users VALUES (620002545,'Jimmy','Hanks','JimmyHanks@gmail.com','HanksJimmy');
INSERT INTO Students VALUES (620002545,'UNDERGRAD','01-01-2020');
INSERT INTO Enrolled (u_id,courseCode) VALUES (620002545,'INFO1447'),(620002545,'CHEM3793'),(620002545,'PHYS3339'),(620002545,'ECON3372');
INSERT INTO Users VALUES (620002546,'Eric','Calvert','EricCalvert@gmail.com','CalvertEric');
INSERT INTO Students VALUES (620002546,'UNDERGRAD','01-01-2020');
INSERT INTO Enrolled (u_id,courseCode) VALUES (620002546,'BIOC3457'),(620002546,'PHYS3686'),(620002546,'MATH3029'),(620002546,'CHEM3617'),(620002546,'CHEM2220');
INSERT INTO Users VALUES (620002547,'Frankie','Aybar','FrankieAybar@gmail.com','AybarFrankie');
INSERT INTO Students VALUES (620002547,'UNDERGRAD','01-01-2020');
INSERT INTO Enrolled (u_id,courseCode) VALUES (620002547,'CHEM2446'),(620002547,'ECON3276'),(620002547,'CHEM1494'),(620002547,'PHYS1993');
INSERT INTO Users VALUES (620002548,'Roy','Grinstead','RoyGrinstead@gmail.com','GrinsteadRoy');
INSERT INTO Students VALUES (620002548,'UNDERGRAD','01-01-2020');
INSERT INTO Enrolled (u_id,courseCode) VALUES (620002548,'CHEM2446'),(620002548,'CHEM2065'),(620002548,'PHYS3787'),(620002548,'PHYS2238'),(620002548,'MATH3173');
INSERT INTO Users VALUES (620002549,'Ralph','Maione','RalphMaione@gmail.com','MaioneRalph');
INSERT INTO Students VALUES (620002549,'UNDERGRAD','01-01-2020');
INSERT INTO Enrolled (u_id,courseCode) VALUES (620002549,'PHYS2667'),(620002549,'CHEM2220'),(620002549,'MATH1454'),(620002549,'ECON3004'),(620002549,'MATH2873');
INSERT INTO Users VALUES (620002550,'Shawn','Krause','ShawnKrause@gmail.com','KrauseShawn');
INSERT INTO Students VALUES (620002550,'UNDERGRAD','01-01-2020');
INSERT INTO Enrolled (u_id,courseCode) VALUES (620002550,'COMP2400'),(620002550,'CHEM2867'),(620002550,'MATH2501');
INSERT INTO Users VALUES (620002551,'Katie','Campbell','KatieCampbell@gmail.com','CampbellKatie');
INSERT INTO Students VALUES (620002551,'UNDERGRAD','01-01-2020');
INSERT INTO Enrolled (u_id,courseCode) VALUES (620002551,'ECON1561'),(620002551,'CHEM2604'),(620002551,'CHEM1485'),(620002551,'PHYS3290');
INSERT INTO Users VALUES (620002552,'Evelyn','Smith','EvelynSmith@gmail.com','SmithEvelyn');
INSERT INTO Students VALUES (620002552,'UNDERGRAD','01-01-2020');
INSERT INTO Enrolled (u_id,courseCode) VALUES (620002552,'COMP1184'),(620002552,'PHYS1140'),(620002552,'MATH2957'),(620002552,'COMP2651');
INSERT INTO Users VALUES (620002553,'Flora','Robertson','FloraRobertson@gmail.com','RobertsonFlora');
INSERT INTO Students VALUES (620002553,'UNDERGRAD','01-01-2020');
INSERT INTO Enrolled (u_id,courseCode) VALUES (620002553,'MATH2957'),(620002553,'PHYS1140'),(620002553,'BIOC1866'),(620002553,'MATH2801'),(620002553,'INFO2716'),(620002553,'INFO2813');
INSERT INTO Users VALUES (620002554,'Juan','Dillis','JuanDillis@gmail.com','DillisJuan');
INSERT INTO Students VALUES (620002554,'UNDERGRAD','01-01-2020');
INSERT INTO Enrolled (u_id,courseCode) VALUES (620002554,'INFO1447'),(620002554,'ECON1783'),(620002554,'CHEM2797'),(620002554,'ECON2814');
INSERT INTO Users VALUES (620002555,'Rhonda','Christenberry','RhondaChristenberry@gmail.com','ChristenberryRhonda');
INSERT INTO Students VALUES (620002555,'UNDERGRAD','01-01-2020');
INSERT INTO Enrolled (u_id,courseCode) VALUES (620002555,'COMP3167'),(620002555,'PHYS2667'),(620002555,'COMP3506'),(620002555,'BIOC2236');
INSERT INTO Users VALUES (620002556,'Reginald','Tirabassi','ReginaldTirabassi@gmail.com','TirabassiReginald');
INSERT INTO Students VALUES (620002556,'UNDERGRAD','01-01-2020');
INSERT INTO Enrolled (u_id,courseCode) VALUES (620002556,'MATH2873'),(620002556,'ECON1589'),(620002556,'MATH1735'),(620002556,'ECON3281'),(620002556,'COMP1460'),(620002556,'ECON2345');
INSERT INTO Users VALUES (620002557,'Deanne','Danker','DeanneDanker@gmail.com','DankerDeanne');
INSERT INTO Students VALUES (620002557,'UNDERGRAD','01-01-2020');
INSERT INTO Enrolled (u_id,courseCode) VALUES (620002557,'INFO2270'),(620002557,'INFO1242'),(620002557,'MATH3222');
INSERT INTO Users VALUES (620002558,'Vickie','Laramee','VickieLaramee@gmail.com','LarameeVickie');
INSERT INTO Students VALUES (620002558,'UNDERGRAD','01-01-2020');
INSERT INTO Enrolled (u_id,courseCode) VALUES (620002558,'COMP1357'),(620002558,'MATH3857'),(620002558,'INFO2813'),(620002558,'INFO3645');
INSERT INTO Users VALUES (620002559,'Mark','Gillis','MarkGillis@gmail.com','GillisMark');
INSERT INTO Students VALUES (620002559,'UNDERGRAD','01-01-2020');
INSERT INTO Enrolled (u_id,courseCode) VALUES (620002559,'MATH3688'),(620002559,'INFO2716'),(620002559,'PHYS3729');
INSERT INTO Users VALUES (620002560,'Isreal','Phinney','IsrealPhinney@gmail.com','PhinneyIsreal');
INSERT INTO Students VALUES (620002560,'UNDERGRAD','01-01-2020');
INSERT INTO Enrolled (u_id,courseCode) VALUES (620002560,'BIOC1986'),(620002560,'COMP3697'),(620002560,'BIOC2983'),(620002560,'CHEM2446'),(620002560,'COMP1460');
INSERT INTO Users VALUES (620002561,'Kathy','Garcia','KathyGarcia@gmail.com','GarciaKathy');
INSERT INTO Students VALUES (620002561,'UNDERGRAD','01-01-2020');
INSERT INTO Enrolled (u_id,courseCode) VALUES (620002561,'COMP3697'),(620002561,'ECON1645'),(620002561,'INFO1990');
INSERT INTO Users VALUES (620002562,'Shannon','Bourgoin','ShannonBourgoin@gmail.com','BourgoinShannon');
INSERT INTO Students VALUES (620002562,'UNDERGRAD','01-01-2020');
INSERT INTO Enrolled (u_id,courseCode) VALUES (620002562,'ECON3550'),(620002562,'MATH1454'),(620002562,'PHYS3464'),(620002562,'MATH2555'),(620002562,'PHYS2451');
INSERT INTO Users VALUES (620002563,'Dominick','Joaquin','DominickJoaquin@gmail.com','JoaquinDominick');
INSERT INTO Students VALUES (620002563,'UNDERGRAD','01-01-2020');
INSERT INTO Enrolled (u_id,courseCode) VALUES (620002563,'PHYS2306'),(620002563,'COMP3418'),(620002563,'INFO1825');
INSERT INTO Users VALUES (620002564,'Richard','Felipe','RichardFelipe@gmail.com','FelipeRichard');
INSERT INTO Students VALUES (620002564,'UNDERGRAD','01-01-2020');
INSERT INTO Enrolled (u_id,courseCode) VALUES (620002564,'ECON1230'),(620002564,'PHYS2448'),(620002564,'MATH2555'),(620002564,'INFO2213');
INSERT INTO Users VALUES (620002565,'Charlotte','Pedersen','CharlottePedersen@gmail.com','PedersenCharlotte');
INSERT INTO Students VALUES (620002565,'UNDERGRAD','01-01-2020');
INSERT INTO Enrolled (u_id,courseCode) VALUES (620002565,'COMP3238'),(620002565,'PHYS3876'),(620002565,'INFO3645'),(620002565,'INFO1447');
INSERT INTO Users VALUES (620002566,'Katie','Vanhamlin','KatieVanhamlin@gmail.com','VanhamlinKatie');
INSERT INTO Students VALUES (620002566,'UNDERGRAD','01-01-2020');
INSERT INTO Enrolled (u_id,courseCode) VALUES (620002566,'ECON2345'),(620002566,'ECON1783'),(620002566,'BIOC3721'),(620002566,'ECON2722'),(620002566,'PHYS2117'),(620002566,'PHYS3339');
INSERT INTO Users VALUES (620002567,'Kimberly','Harness','KimberlyHarness@gmail.com','HarnessKimberly');
INSERT INTO Students VALUES (620002567,'UNDERGRAD','01-01-2020');
INSERT INTO Enrolled (u_id,courseCode) VALUES (620002567,'COMP3173'),(620002567,'CHEM1613'),(620002567,'MATH3688'),(620002567,'ECON1589'),(620002567,'BIOC1164');
INSERT INTO Users VALUES (620002568,'Edward','Rodriguez','EdwardRodriguez@gmail.com','RodriguezEdward');
INSERT INTO Students VALUES (620002568,'UNDERGRAD','01-01-2020');
INSERT INTO Enrolled (u_id,courseCode) VALUES (620002568,'CHEM3409'),(620002568,'PHYS2117'),(620002568,'MATH2801'),(620002568,'BIOC1164'),(620002568,'COMP1357'),(620002568,'CHEM1340');
INSERT INTO Users VALUES (620002569,'Doris','Duffie','DorisDuffie@gmail.com','DuffieDoris');
INSERT INTO Students VALUES (620002569,'UNDERGRAD','01-01-2020');
INSERT INTO Enrolled (u_id,courseCode) VALUES (620002569,'BIOC1986'),(620002569,'MATH1454'),(620002569,'CHEM2031');
INSERT INTO Users VALUES (620002570,'Lorenza','Sandlin','LorenzaSandlin@gmail.com','SandlinLorenza');
INSERT INTO Students VALUES (620002570,'UNDERGRAD','01-01-2020');
INSERT INTO Enrolled (u_id,courseCode) VALUES (620002570,'INFO3935'),(620002570,'COMP3238'),(620002570,'INFO1242'),(620002570,'COMP3506'),(620002570,'ECON3372'),(620002570,'COMP3746');
INSERT INTO Users VALUES (620002571,'Anderson','Hunter','AndersonHunter@gmail.com','HunterAnderson');
INSERT INTO Students VALUES (620002571,'UNDERGRAD','01-01-2020');
INSERT INTO Enrolled (u_id,courseCode) VALUES (620002571,'ECON1098'),(620002571,'MATH3688'),(620002571,'CHEM1340'),(620002571,'MATH1648'),(620002571,'INFO3636');
INSERT INTO Users VALUES (620002572,'Flora','Jeanbaptiste','FloraJeanbaptiste@gmail.com','JeanbaptisteFlora');
INSERT INTO Students VALUES (620002572,'UNDERGRAD','01-01-2020');
INSERT INTO Enrolled (u_id,courseCode) VALUES (620002572,'PHYS3729'),(620002572,'ECON3288'),(620002572,'INFO2521');
INSERT INTO Users VALUES (620002573,'Geraldine','Briggs','GeraldineBriggs@gmail.com','BriggsGeraldine');
INSERT INTO Students VALUES (620002573,'UNDERGRAD','01-01-2020');
INSERT INTO Enrolled (u_id,courseCode) VALUES (620002573,'COMP1460'),(620002573,'ECON3372'),(620002573,'BIOC3341'),(620002573,'BIOC1725'),(620002573,'MATH3059');
INSERT INTO Users VALUES (620002574,'Jeffrey','Deen','JeffreyDeen@gmail.com','DeenJeffrey');
INSERT INTO Students VALUES (620002574,'UNDERGRAD','01-01-2020');
INSERT INTO Enrolled (u_id,courseCode) VALUES (620002574,'COMP3746'),(620002574,'INFO2521'),(620002574,'PHYS1173');
INSERT INTO Users VALUES (620002575,'Magdalen','Luper','MagdalenLuper@gmail.com','LuperMagdalen');
INSERT INTO Students VALUES (620002575,'UNDERGRAD','01-01-2020');
INSERT INTO Enrolled (u_id,courseCode) VALUES (620002575,'BIOC3457'),(620002575,'CHEM3409'),(620002575,'PHYS1399'),(620002575,'CHEM2481'),(620002575,'CHEM1340'),(620002575,'PHYS3659');
INSERT INTO Users VALUES (620002576,'Cassie','Madsen','CassieMadsen@gmail.com','MadsenCassie');
INSERT INTO Students VALUES (620002576,'UNDERGRAD','01-01-2020');
INSERT INTO Enrolled (u_id,courseCode) VALUES (620002576,'MATH2717'),(620002576,'ECON1783'),(620002576,'ECON1170'),(620002576,'ECON3989'),(620002576,'CHEM2867');
INSERT INTO Users VALUES (620002577,'Antwan','Walley','AntwanWalley@gmail.com','WalleyAntwan');
INSERT INTO Students VALUES (620002577,'UNDERGRAD','01-01-2020');
INSERT INTO Enrolled (u_id,courseCode) VALUES (620002577,'PHYS2448'),(620002577,'BIOC3191'),(620002577,'CHEM2066');
INSERT INTO Users VALUES (620002578,'Latoya','Sudduth','LatoyaSudduth@gmail.com','SudduthLatoya');
INSERT INTO Students VALUES (620002578,'UNDERGRAD','01-01-2020');
INSERT INTO Enrolled (u_id,courseCode) VALUES (620002578,'ECON3276'),(620002578,'MATH3179'),(620002578,'CHEM2149'),(620002578,'MATH1454'),(620002578,'CHEM3888'),(620002578,'ECON3085');
INSERT INTO Users VALUES (620002579,'Cliff','Hodge','CliffHodge@gmail.com','HodgeCliff');
INSERT INTO Students VALUES (620002579,'UNDERGRAD','01-01-2020');
INSERT INTO Enrolled (u_id,courseCode) VALUES (620002579,'CHEM1613'),(620002579,'PHYS3729'),(620002579,'PHYS3339');
INSERT INTO Users VALUES (620002580,'Dennis','Lowrey','DennisLowrey@gmail.com','LowreyDennis');
INSERT INTO Students VALUES (620002580,'UNDERGRAD','01-01-2020');
INSERT INTO Enrolled (u_id,courseCode) VALUES (620002580,'BIOC3191'),(620002580,'ECON3281'),(620002580,'PHYS2306'),(620002580,'INFO3636'),(620002580,'MATH1735'),(620002580,'MATH1638');
INSERT INTO Users VALUES (620002581,'Ashley','Hernandez','AshleyHernandez@gmail.com','HernandezAshley');
INSERT INTO Students VALUES (620002581,'UNDERGRAD','01-01-2020');
INSERT INTO Enrolled (u_id,courseCode) VALUES (620002581,'CHEM2220'),(620002581,'PHYS3787'),(620002581,'ECON3085'),(620002581,'COMP3536');
INSERT INTO Users VALUES (620002582,'Adrienne','Howe','AdrienneHowe@gmail.com','HoweAdrienne');
INSERT INTO Students VALUES (620002582,'UNDERGRAD','01-01-2020');
INSERT INTO Enrolled (u_id,courseCode) VALUES (620002582,'CHEM3054'),(620002582,'MATH2188'),(620002582,'ECON2345');
INSERT INTO Users VALUES (620002583,'Blake','Eddins','BlakeEddins@gmail.com','EddinsBlake');
INSERT INTO Students VALUES (620002583,'UNDERGRAD','01-01-2020');
INSERT INTO Enrolled (u_id,courseCode) VALUES (620002583,'COMP1357'),(620002583,'INFO2270'),(620002583,'COMP3418'),(620002583,'PHYS3729'),(620002583,'COMP1543'),(620002583,'ECON3020');
INSERT INTO Users VALUES (620002584,'Manuel','Sandlin','ManuelSandlin@gmail.com','SandlinManuel');
INSERT INTO Students VALUES (620002584,'UNDERGRAD','01-01-2020');
INSERT INTO Enrolled (u_id,courseCode) VALUES (620002584,'ECON1230'),(620002584,'ECON3020'),(620002584,'PHYS3729'),(620002584,'COMP3685'),(620002584,'BIOC3721');
INSERT INTO Users VALUES (620002585,'Luella','Citizen','LuellaCitizen@gmail.com','CitizenLuella');
INSERT INTO Students VALUES (620002585,'UNDERGRAD','01-01-2020');
INSERT INTO Enrolled (u_id,courseCode) VALUES (620002585,'COMP2541'),(620002585,'ECON1098'),(620002585,'PHYS1930'),(620002585,'CHEM3617'),(620002585,'CHEM2446'),(620002585,'ECON1458');
INSERT INTO Users VALUES (620002586,'Joan','Gillis','JoanGillis@gmail.com','GillisJoan');
INSERT INTO Students VALUES (620002586,'UNDERGRAD','01-01-2020');
INSERT INTO Enrolled (u_id,courseCode) VALUES (620002586,'INFO3868'),(620002586,'INFO1990'),(620002586,'INFO1145'),(620002586,'PHYS2117');
INSERT INTO Users VALUES (620002587,'Matthew','Rankin','MatthewRankin@gmail.com','RankinMatthew');
INSERT INTO Students VALUES (620002587,'UNDERGRAD','01-01-2020');
INSERT INTO Enrolled (u_id,courseCode) VALUES (620002587,'ECON1996'),(620002587,'CHEM3747'),(620002587,'PHYS3659');
INSERT INTO Users VALUES (620002588,'Magdalen','Gillman','MagdalenGillman@gmail.com','GillmanMagdalen');
INSERT INTO Students VALUES (620002588,'UNDERGRAD','01-01-2020');
INSERT INTO Enrolled (u_id,courseCode) VALUES (620002588,'PHYS1930'),(620002588,'INFO3645'),(620002588,'CHEM1340'),(620002588,'MATH1578');
INSERT INTO Users VALUES (620002589,'Walter','Dohse','WalterDohse@gmail.com','DohseWalter');
INSERT INTO Students VALUES (620002589,'UNDERGRAD','01-01-2020');
INSERT INTO Enrolled (u_id,courseCode) VALUES (620002589,'INFO1014'),(620002589,'PHYS3354'),(620002589,'MATH2873'),(620002589,'INFO2559');
INSERT INTO Users VALUES (620002590,'Krista','Orchard','KristaOrchard@gmail.com','OrchardKrista');
INSERT INTO Students VALUES (620002590,'UNDERGRAD','01-01-2020');
INSERT INTO Enrolled (u_id,courseCode) VALUES (620002590,'INFO2147'),(620002590,'ECON3085'),(620002590,'ECON1996'),(620002590,'BIOC2589');
INSERT INTO Users VALUES (620002591,'Peggy','Wengerd','PeggyWengerd@gmail.com','WengerdPeggy');
INSERT INTO Students VALUES (620002591,'UNDERGRAD','01-01-2020');
INSERT INTO Enrolled (u_id,courseCode) VALUES (620002591,'MATH1454'),(620002591,'MATH3179'),(620002591,'PHYS1173');
INSERT INTO Users VALUES (620002592,'Aaron','Meisner','AaronMeisner@gmail.com','MeisnerAaron');
INSERT INTO Students VALUES (620002592,'UNDERGRAD','01-01-2020');
INSERT INTO Enrolled (u_id,courseCode) VALUES (620002592,'BIOC1866'),(620002592,'PHYS2451'),(620002592,'INFO2797'),(620002592,'PHYS2448'),(620002592,'COMP3849'),(620002592,'PHYS2238');
INSERT INTO Users VALUES (620002593,'Michael','Joaquin','MichaelJoaquin@gmail.com','JoaquinMichael');
INSERT INTO Students VALUES (620002593,'UNDERGRAD','01-01-2020');
INSERT INTO Enrolled (u_id,courseCode) VALUES (620002593,'CHEM3617'),(620002593,'CHEM2604'),(620002593,'ECON2387');
INSERT INTO Users VALUES (620002594,'Katherine','Brown','KatherineBrown@gmail.com','BrownKatherine');
INSERT INTO Students VALUES (620002594,'UNDERGRAD','01-01-2020');
INSERT INTO Enrolled (u_id,courseCode) VALUES (620002594,'INFO2797'),(620002594,'PHYS2338'),(620002594,'ECON3288'),(620002594,'INFO2636'),(620002594,'CHEM3409'),(620002594,'INFO2950');
INSERT INTO Users VALUES (620002595,'Jesus','Maione','JesusMaione@gmail.com','MaioneJesus');
INSERT INTO Students VALUES (620002595,'UNDERGRAD','01-01-2020');
INSERT INTO Enrolled (u_id,courseCode) VALUES (620002595,'MATH3857'),(620002595,'MATH3544'),(620002595,'INFO2270'),(620002595,'COMP1184'),(620002595,'PHYS3729');
INSERT INTO Users VALUES (620002596,'Hector','Ott','HectorOtt@gmail.com','OttHector');
INSERT INTO Students VALUES (620002596,'UNDERGRAD','01-01-2020');
INSERT INTO Enrolled (u_id,courseCode) VALUES (620002596,'CHEM2697'),(620002596,'CHEM3617'),(620002596,'COMP3639'),(620002596,'CHEM2867'),(620002596,'CHEM3054'),(620002596,'CHEM2797');
INSERT INTO Users VALUES (620002597,'Marcus','Butcher','MarcusButcher@gmail.com','ButcherMarcus');
INSERT INTO Students VALUES (620002597,'UNDERGRAD','01-01-2020');
INSERT INTO Enrolled (u_id,courseCode) VALUES (620002597,'PHYS3052'),(620002597,'BIOC1448'),(620002597,'ECON3372'),(620002597,'ECON3228'),(620002597,'BIOC1104');
INSERT INTO Users VALUES (620002598,'Ronald','Scully','RonaldScully@gmail.com','ScullyRonald');
INSERT INTO Students VALUES (620002598,'UNDERGRAD','01-01-2020');
INSERT INTO Enrolled (u_id,courseCode) VALUES (620002598,'PHYS2306'),(620002598,'COMP2541'),(620002598,'MATH1262'),(620002598,'BIOC1598');
INSERT INTO Users VALUES (620002599,'Wanda','Pedersen','WandaPedersen@gmail.com','PedersenWanda');
INSERT INTO Students VALUES (620002599,'UNDERGRAD','01-01-2020');
INSERT INTO Enrolled (u_id,courseCode) VALUES (620002599,'MATH2501'),(620002599,'COMP3047'),(620002599,'INFO2270');
INSERT INTO Users VALUES (620002600,'Leticia','Caudill','LeticiaCaudill@gmail.com','CaudillLeticia');
INSERT INTO Students VALUES (620002600,'UNDERGRAD','01-01-2020');
INSERT INTO Enrolled (u_id,courseCode) VALUES (620002600,'ECON1783'),(620002600,'ECON3372'),(620002600,'MATH3179'),(620002600,'COMP2965');
INSERT INTO Users VALUES (620002601,'Frances','Meraz','FrancesMeraz@gmail.com','MerazFrances');
INSERT INTO Students VALUES (620002601,'UNDERGRAD','01-01-2020');
INSERT INTO Enrolled (u_id,courseCode) VALUES (620002601,'PHYS2117'),(620002601,'COMP1543'),(620002601,'PHYS2563'),(620002601,'CHEM2446');
INSERT INTO Users VALUES (620002602,'Cherise','Christinsen','CheriseChristinsen@gmail.com','ChristinsenCherise');
INSERT INTO Students VALUES (620002602,'UNDERGRAD','01-01-2020');
INSERT INTO Enrolled (u_id,courseCode) VALUES (620002602,'MATH3857'),(620002602,'PHYS1979'),(620002602,'MATH2717');
INSERT INTO Users VALUES (620002603,'Jennifer','Christenberry','JenniferChristenberry@gmail.com','ChristenberryJennifer');
INSERT INTO Students VALUES (620002603,'UNDERGRAD','01-01-2020');
INSERT INTO Enrolled (u_id,courseCode) VALUES (620002603,'MATH2501'),(620002603,'COMP1051'),(620002603,'INFO2270');
INSERT INTO Users VALUES (620002604,'Deborah','Cardona','DeborahCardona@gmail.com','CardonaDeborah');
INSERT INTO Students VALUES (620002604,'UNDERGRAD','01-01-2020');
INSERT INTO Enrolled (u_id,courseCode) VALUES (620002604,'ECON2722'),(620002604,'COMP2965'),(620002604,'CHEM2066'),(620002604,'MATH3179'),(620002604,'PHYS2563'),(620002604,'ECON3311');
INSERT INTO Users VALUES (620002605,'Martin','Carrillo','MartinCarrillo@gmail.com','CarrilloMartin');
INSERT INTO Students VALUES (620002605,'UNDERGRAD','01-01-2020');
INSERT INTO Enrolled (u_id,courseCode) VALUES (620002605,'PHYS1399'),(620002605,'ECON2703'),(620002605,'INFO3636'),(620002605,'MATH3059'),(620002605,'INFO2797');
INSERT INTO Users VALUES (620002606,'Homer','Dunn','HomerDunn@gmail.com','DunnHomer');
INSERT INTO Students VALUES (620002606,'UNDERGRAD','01-01-2020');
INSERT INTO Enrolled (u_id,courseCode) VALUES (620002606,'PHYS3290'),(620002606,'BIOC3604'),(620002606,'COMP3167'),(620002606,'CHEM2727'),(620002606,'INFO3645'),(620002606,'INFO1145');
INSERT INTO Users VALUES (620002607,'Roger','Cannon','RogerCannon@gmail.com','CannonRoger');
INSERT INTO Students VALUES (620002607,'UNDERGRAD','01-01-2020');
INSERT INTO Enrolled (u_id,courseCode) VALUES (620002607,'INFO1288'),(620002607,'MATH2801'),(620002607,'CHEM2177'),(620002607,'COMP1184'),(620002607,'COMP1543'),(620002607,'MATH2501');
INSERT INTO Users VALUES (620002608,'Carrie','Sultzer','CarrieSultzer@gmail.com','SultzerCarrie');
INSERT INTO Students VALUES (620002608,'UNDERGRAD','01-01-2020');
INSERT INTO Enrolled (u_id,courseCode) VALUES (620002608,'ECON3447'),(620002608,'CHEM3617'),(620002608,'COMP3084');
INSERT INTO Users VALUES (620002609,'Larry','Barrett','LarryBarrett@gmail.com','BarrettLarry');
INSERT INTO Students VALUES (620002609,'UNDERGRAD','01-01-2020');
INSERT INTO Enrolled (u_id,courseCode) VALUES (620002609,'PHYS2667'),(620002609,'ECON1498'),(620002609,'PHYS3686'),(620002609,'PHYS2451'),(620002609,'ECON3523');
INSERT INTO Users VALUES (620002610,'Ed','Tirabassi','EdTirabassi@gmail.com','TirabassiEd');
INSERT INTO Students VALUES (620002610,'UNDERGRAD','01-01-2020');
INSERT INTO Enrolled (u_id,courseCode) VALUES (620002610,'PHYS3729'),(620002610,'PHYS2563'),(620002610,'ECON3447'),(620002610,'INFO2213'),(620002610,'PHYS1140'),(620002610,'CHEM3409');
INSERT INTO Users VALUES (620002611,'Sara','Shane','SaraShane@gmail.com','ShaneSara');
INSERT INTO Students VALUES (620002611,'UNDERGRAD','01-01-2020');
INSERT INTO Enrolled (u_id,courseCode) VALUES (620002611,'ECON2703'),(620002611,'INFO3868'),(620002611,'INFO3645');
INSERT INTO Users VALUES (620002612,'Patricia','King','PatriciaKing@gmail.com','KingPatricia');
INSERT INTO Students VALUES (620002612,'UNDERGRAD','01-01-2020');
INSERT INTO Enrolled (u_id,courseCode) VALUES (620002612,'MATH3544'),(620002612,'INFO1014'),(620002612,'COMP3685'),(620002612,'ECON3372'),(620002612,'COMP2077'),(620002612,'CHEM2031');
INSERT INTO Users VALUES (620002613,'Jimmy','Pantoja','JimmyPantoja@gmail.com','PantojaJimmy');
INSERT INTO Students VALUES (620002613,'UNDERGRAD','01-01-2020');
INSERT INTO Enrolled (u_id,courseCode) VALUES (620002613,'PHYS3339'),(620002613,'ECON1561'),(620002613,'BIOC1744'),(620002613,'MATH3688'),(620002613,'CHEM2065');
INSERT INTO Users VALUES (620002614,'Brenda','Alvarez','BrendaAlvarez@gmail.com','AlvarezBrenda');
INSERT INTO Students VALUES (620002614,'UNDERGRAD','01-01-2020');
INSERT INTO Enrolled (u_id,courseCode) VALUES (620002614,'PHYS2229'),(620002614,'INFO3868'),(620002614,'BIOC1448'),(620002614,'INFO1825');
INSERT INTO Users VALUES (620002615,'Sarah','Stallings','SarahStallings@gmail.com','StallingsSarah');
INSERT INTO Students VALUES (620002615,'UNDERGRAD','01-01-2020');
INSERT INTO Enrolled (u_id,courseCode) VALUES (620002615,'ECON1783'),(620002615,'PHYS1930'),(620002615,'MATH2550'),(620002615,'ECON2814');
INSERT INTO Users VALUES (620002616,'Samuel','Lavoy','SamuelLavoy@gmail.com','LavoySamuel');
INSERT INTO Students VALUES (620002616,'UNDERGRAD','01-01-2020');
INSERT INTO Enrolled (u_id,courseCode) VALUES (620002616,'PHYS3659'),(620002616,'INFO2716'),(620002616,'CHEM2149'),(620002616,'COMP2965'),(620002616,'PHYS3290'),(620002616,'ECON3288');
INSERT INTO Users VALUES (620002617,'Jesus','Lamar','JesusLamar@gmail.com','LamarJesus');
INSERT INTO Students VALUES (620002617,'UNDERGRAD','01-01-2020');
INSERT INTO Enrolled (u_id,courseCode) VALUES (620002617,'MATH3209'),(620002617,'ECON3311'),(620002617,'MATH2801');
INSERT INTO Users VALUES (620002618,'Tracy','Dohse','TracyDohse@gmail.com','DohseTracy');
INSERT INTO Students VALUES (620002618,'UNDERGRAD','01-01-2020');
INSERT INTO Enrolled (u_id,courseCode) VALUES (620002618,'CHEM2065'),(620002618,'MATH1735'),(620002618,'BIOC1164'),(620002618,'INFO2213'),(620002618,'ECON2722'),(620002618,'MATH3179');
INSERT INTO Users VALUES (620002619,'Michael','Crespo','MichaelCrespo@gmail.com','CrespoMichael');
INSERT INTO Students VALUES (620002619,'UNDERGRAD','01-01-2020');
INSERT INTO Enrolled (u_id,courseCode) VALUES (620002619,'INFO2860'),(620002619,'BIOC1439'),(620002619,'COMP3418'),(620002619,'CHEM1807'),(620002619,'ECON3447');
INSERT INTO Users VALUES (620002620,'Lori','Grinstead','LoriGrinstead@gmail.com','GrinsteadLori');
INSERT INTO Students VALUES (620002620,'UNDERGRAD','01-01-2020');
INSERT INTO Enrolled (u_id,courseCode) VALUES (620002620,'MATH3222'),(620002620,'CHEM3747'),(620002620,'CHEM1485'),(620002620,'INFO2636'),(620002620,'CHEM2481');
INSERT INTO Users VALUES (620002621,'Adam','Shattuck','AdamShattuck@gmail.com','ShattuckAdam');
INSERT INTO Students VALUES (620002621,'UNDERGRAD','01-01-2020');
INSERT INTO Enrolled (u_id,courseCode) VALUES (620002621,'BIOC1866'),(620002621,'PHYS2451'),(620002621,'MATH3059'),(620002621,'MATH2555'),(620002621,'BIOC2236'),(620002621,'PHYS2229');
INSERT INTO Users VALUES (620002622,'Dean','Wilbanks','DeanWilbanks@gmail.com','WilbanksDean');
INSERT INTO Students VALUES (620002622,'UNDERGRAD','01-01-2020');
INSERT INTO Enrolled (u_id,courseCode) VALUES (620002622,'BIOC3191'),(620002622,'MATH2550'),(620002622,'PHYS1140'),(620002622,'BIOC2981');
INSERT INTO Users VALUES (620002623,'Nancy','Dahlheimer','NancyDahlheimer@gmail.com','DahlheimerNancy');
INSERT INTO Students VALUES (620002623,'UNDERGRAD','01-01-2020');
INSERT INTO Enrolled (u_id,courseCode) VALUES (620002623,'ECON1230'),(620002623,'INFO1242'),(620002623,'PHYS3876');
INSERT INTO Users VALUES (620002624,'Delmar','Ramlall','DelmarRamlall@gmail.com','RamlallDelmar');
INSERT INTO Students VALUES (620002624,'UNDERGRAD','01-01-2020');
INSERT INTO Enrolled (u_id,courseCode) VALUES (620002624,'ECON1589'),(620002624,'COMP1184'),(620002624,'COMP3047');
INSERT INTO Users VALUES (620002625,'Ashley','Jefferson','AshleyJefferson@gmail.com','JeffersonAshley');
INSERT INTO Students VALUES (620002625,'UNDERGRAD','01-01-2020');
INSERT INTO Enrolled (u_id,courseCode) VALUES (620002625,'CHEM2727'),(620002625,'BIOC1598'),(620002625,'ECON1996'),(620002625,'BIOC2054'),(620002625,'CHEM3327'),(620002625,'BIOC3341');
INSERT INTO Users VALUES (620002626,'Gabriel','Valenzuela','GabrielValenzuela@gmail.com','ValenzuelaGabriel');
INSERT INTO Students VALUES (620002626,'UNDERGRAD','01-01-2020');
INSERT INTO Enrolled (u_id,courseCode) VALUES (620002626,'ECON3523'),(620002626,'BIOC1794'),(620002626,'COMP3639'),(620002626,'BIOC2981'),(620002626,'BIOC2550');
INSERT INTO Users VALUES (620002627,'Walter','Gray','WalterGray@gmail.com','GrayWalter');
INSERT INTO Students VALUES (620002627,'UNDERGRAD','01-01-2020');
INSERT INTO Enrolled (u_id,courseCode) VALUES (620002627,'CHEM2867'),(620002627,'MATH3688'),(620002627,'BIOC1910'),(620002627,'ECON3523'),(620002627,'INFO1242'),(620002627,'CHEM2446');
INSERT INTO Users VALUES (620002628,'Geraldine','Myrick','GeraldineMyrick@gmail.com','MyrickGeraldine');
INSERT INTO Students VALUES (620002628,'UNDERGRAD','01-01-2020');
INSERT INTO Enrolled (u_id,courseCode) VALUES (620002628,'ECON3737'),(620002628,'COMP2717'),(620002628,'ECON3311'),(620002628,'INFO1242'),(620002628,'ECON3281');
INSERT INTO Users VALUES (620002629,'Manuel','Hamilton','ManuelHamilton@gmail.com','HamiltonManuel');
INSERT INTO Students VALUES (620002629,'UNDERGRAD','01-01-2020');
INSERT INTO Enrolled (u_id,courseCode) VALUES (620002629,'PHYS1979'),(620002629,'PHYS2451'),(620002629,'ECON2722');
INSERT INTO Users VALUES (620002630,'Andrew','Maione','AndrewMaione@gmail.com','MaioneAndrew');
INSERT INTO Students VALUES (620002630,'UNDERGRAD','01-01-2020');
INSERT INTO Enrolled (u_id,courseCode) VALUES (620002630,'CHEM2031'),(620002630,'PHYS3464'),(620002630,'CHEM1494'),(620002630,'MATH3857'),(620002630,'PHYS2238');
INSERT INTO Users VALUES (620002631,'Patricia','Carlson','PatriciaCarlson@gmail.com','CarlsonPatricia');
INSERT INTO Students VALUES (620002631,'UNDERGRAD','01-01-2020');
INSERT INTO Enrolled (u_id,courseCode) VALUES (620002631,'MATH3613'),(620002631,'CHEM3617'),(620002631,'COMP3746');
INSERT INTO Users VALUES (620002632,'Rosa','Alexander','RosaAlexander@gmail.com','AlexanderRosa');
INSERT INTO Students VALUES (620002632,'UNDERGRAD','01-01-2020');
INSERT INTO Enrolled (u_id,courseCode) VALUES (620002632,'PHYS2977'),(620002632,'BIOC1794'),(620002632,'CHEM1807'),(620002632,'BIOC3721'),(620002632,'INFO1145'),(620002632,'COMP3506');
INSERT INTO Users VALUES (620002633,'Mildred','Charland','MildredCharland@gmail.com','CharlandMildred');
INSERT INTO Students VALUES (620002633,'UNDERGRAD','01-01-2020');
INSERT INTO Enrolled (u_id,courseCode) VALUES (620002633,'ECON3063'),(620002633,'CHEM2727'),(620002633,'BIOC1725'),(620002633,'ECON1589');
INSERT INTO Users VALUES (620002634,'Cleveland','Fields','ClevelandFields@gmail.com','FieldsCleveland');
INSERT INTO Students VALUES (620002634,'UNDERGRAD','01-01-2020');
INSERT INTO Enrolled (u_id,courseCode) VALUES (620002634,'ECON1498'),(620002634,'INFO1288'),(620002634,'MATH3688'),(620002634,'MATH1262'),(620002634,'ECON3063');
INSERT INTO Users VALUES (620002635,'Matthew','Macpartland','MatthewMacpartland@gmail.com','MacpartlandMatthew');
INSERT INTO Students VALUES (620002635,'UNDERGRAD','01-01-2020');
INSERT INTO Enrolled (u_id,courseCode) VALUES (620002635,'CHEM3409'),(620002635,'BIOC1866'),(620002635,'PHYS2667'),(620002635,'PHYS3464');
INSERT INTO Users VALUES (620002636,'Angela','Carlos','AngelaCarlos@gmail.com','CarlosAngela');
INSERT INTO Students VALUES (620002636,'UNDERGRAD','01-01-2020');
INSERT INTO Enrolled (u_id,courseCode) VALUES (620002636,'ECON3372'),(620002636,'ECON1230'),(620002636,'BIOC1910'),(620002636,'CHEM3614');
INSERT INTO Users VALUES (620002637,'Kim','Rankin','KimRankin@gmail.com','RankinKim');
INSERT INTO Students VALUES (620002637,'UNDERGRAD','01-01-2020');
INSERT INTO Enrolled (u_id,courseCode) VALUES (620002637,'CHEM3409'),(620002637,'MATH1638'),(620002637,'MATH2501'),(620002637,'COMP1573'),(620002637,'MATH3029');
INSERT INTO Users VALUES (620002638,'Shirley','Larry','ShirleyLarry@gmail.com','LarryShirley');
INSERT INTO Students VALUES (620002638,'UNDERGRAD','01-01-2020');
INSERT INTO Enrolled (u_id,courseCode) VALUES (620002638,'COMP3418'),(620002638,'CHEM1807'),(620002638,'MATH1250'),(620002638,'MATH3857'),(620002638,'PHYS1399'),(620002638,'BIOC1052');
INSERT INTO Users VALUES (620002639,'Georgie','Figueroa','GeorgieFigueroa@gmail.com','FigueroaGeorgie');
INSERT INTO Students VALUES (620002639,'UNDERGRAD','01-01-2020');
INSERT INTO Enrolled (u_id,courseCode) VALUES (620002639,'CHEM2066'),(620002639,'PHYS2117'),(620002639,'MATH2067'),(620002639,'CHEM3054'),(620002639,'ECON2345'),(620002639,'PHYS1140');
INSERT INTO Users VALUES (620002640,'Holly','Lowry','HollyLowry@gmail.com','LowryHolly');
INSERT INTO Students VALUES (620002640,'UNDERGRAD','01-01-2020');
INSERT INTO Enrolled (u_id,courseCode) VALUES (620002640,'PHYS3464'),(620002640,'MATH3844'),(620002640,'COMP1573'),(620002640,'INFO3868'),(620002640,'CHEM3614');
INSERT INTO Users VALUES (620002641,'Eric','Johnson','EricJohnson@gmail.com','JohnsonEric');
INSERT INTO Students VALUES (620002641,'UNDERGRAD','01-01-2020');
INSERT INTO Enrolled (u_id,courseCode) VALUES (620002641,'CHEM2065'),(620002641,'ECON2722'),(620002641,'MATH3844'),(620002641,'INFO2813');
INSERT INTO Users VALUES (620002642,'Ed','Velasquez','EdVelasquez@gmail.com','VelasquezEd');
INSERT INTO Students VALUES (620002642,'UNDERGRAD','01-01-2020');
INSERT INTO Enrolled (u_id,courseCode) VALUES (620002642,'BIOC2550'),(620002642,'MATH2957'),(620002642,'PHYS2338'),(620002642,'ECON3288'),(620002642,'INFO1648');
INSERT INTO Users VALUES (620002643,'Trina','Burch','TrinaBurch@gmail.com','BurchTrina');
INSERT INTO Students VALUES (620002643,'UNDERGRAD','01-01-2020');
INSERT INTO Enrolled (u_id,courseCode) VALUES (620002643,'ECON3281'),(620002643,'ECON3288'),(620002643,'PHYS2306'),(620002643,'PHYS3354'),(620002643,'COMP3697'),(620002643,'CHEM2066');
INSERT INTO Users VALUES (620002644,'Paul','Congdon','PaulCongdon@gmail.com','CongdonPaul');
INSERT INTO Students VALUES (620002644,'UNDERGRAD','01-01-2020');
INSERT INTO Enrolled (u_id,courseCode) VALUES (620002644,'ECON1996'),(620002644,'COMP3746'),(620002644,'MATH2555'),(620002644,'BIOC2550');
INSERT INTO Users VALUES (620002645,'Geraldine','Petersen','GeraldinePetersen@gmail.com','PetersenGeraldine');
INSERT INTO Students VALUES (620002645,'UNDERGRAD','01-01-2020');
INSERT INTO Enrolled (u_id,courseCode) VALUES (620002645,'PHYS3729'),(620002645,'INFO2213'),(620002645,'CHEM3747'),(620002645,'INFO2811'),(620002645,'PHYS2306'),(620002645,'ECON3004');
INSERT INTO Users VALUES (620002646,'Martin','Carrington','MartinCarrington@gmail.com','CarringtonMartin');
INSERT INTO Students VALUES (620002646,'UNDERGRAD','01-01-2020');
INSERT INTO Enrolled (u_id,courseCode) VALUES (620002646,'CHEM2446'),(620002646,'PHYS1173'),(620002646,'COMP3506'),(620002646,'COMP3167'),(620002646,'COMP3084');
INSERT INTO Users VALUES (620002647,'Patsy','Hoffman','PatsyHoffman@gmail.com','HoffmanPatsy');
INSERT INTO Students VALUES (620002647,'UNDERGRAD','01-01-2020');
INSERT INTO Enrolled (u_id,courseCode) VALUES (620002647,'PHYS1399'),(620002647,'INFO2559'),(620002647,'PHYS3354'),(620002647,'INFO3868'),(620002647,'MATH1578'),(620002647,'PHYS2117');
INSERT INTO Users VALUES (620002648,'Matthew','Bradford','MatthewBradford@gmail.com','BradfordMatthew');
INSERT INTO Students VALUES (620002648,'UNDERGRAD','01-01-2020');
INSERT INTO Enrolled (u_id,courseCode) VALUES (620002648,'INFO3868'),(620002648,'CHEM3054'),(620002648,'BIOC1439');
INSERT INTO Users VALUES (620002649,'Kasey','Ott','KaseyOtt@gmail.com','OttKasey');
INSERT INTO Students VALUES (620002649,'UNDERGRAD','01-01-2020');
INSERT INTO Enrolled (u_id,courseCode) VALUES (620002649,'CHEM2604'),(620002649,'ECON3447'),(620002649,'INFO2950');
INSERT INTO Users VALUES (620002650,'Clarence','Wengerd','ClarenceWengerd@gmail.com','WengerdClarence');
INSERT INTO Students VALUES (620002650,'UNDERGRAD','01-01-2020');
INSERT INTO Enrolled (u_id,courseCode) VALUES (620002650,'ECON1098'),(620002650,'COMP2080'),(620002650,'MATH2188'),(620002650,'CHEM3888');
INSERT INTO Users VALUES (620002651,'Taylor','Vario','TaylorVario@gmail.com','VarioTaylor');
INSERT INTO Students VALUES (620002651,'UNDERGRAD','01-01-2020');
INSERT INTO Enrolled (u_id,courseCode) VALUES (620002651,'INFO1825'),(620002651,'MATH2555'),(620002651,'COMP1543'),(620002651,'ECON1230'),(620002651,'INFO1833'),(620002651,'MATH3844');
INSERT INTO Users VALUES (620002652,'Barbara','Congdon','BarbaraCongdon@gmail.com','CongdonBarbara');
INSERT INTO Students VALUES (620002652,'UNDERGRAD','01-01-2020');
INSERT INTO Enrolled (u_id,courseCode) VALUES (620002652,'PHYS2238'),(620002652,'MATH2188'),(620002652,'COMP2651'),(620002652,'INFO2860'),(620002652,'MATH2957');
INSERT INTO Users VALUES (620002653,'Wilbur','Caudill','WilburCaudill@gmail.com','CaudillWilbur');
INSERT INTO Students VALUES (620002653,'UNDERGRAD','01-01-2020');
INSERT INTO Enrolled (u_id,courseCode) VALUES (620002653,'MATH1735'),(620002653,'COMP3536'),(620002653,'PHYS3729');
INSERT INTO Users VALUES (620002654,'Joseph','Pero','JosephPero@gmail.com','PeroJoseph');
INSERT INTO Students VALUES (620002654,'UNDERGRAD','01-01-2020');
INSERT INTO Enrolled (u_id,courseCode) VALUES (620002654,'COMP1357'),(620002654,'BIOC2671'),(620002654,'MATH1578'),(620002654,'CHEM3347');
INSERT INTO Users VALUES (620002655,'Jeanna','Waugh','JeannaWaugh@gmail.com','WaughJeanna');
INSERT INTO Students VALUES (620002655,'UNDERGRAD','01-01-2020');
INSERT INTO Enrolled (u_id,courseCode) VALUES (620002655,'INFO2147'),(620002655,'ECON1783'),(620002655,'CHEM1340'),(620002655,'INFO1447'),(620002655,'ECON3288');
INSERT INTO Users VALUES (620002656,'Dominick','Dumas','DominickDumas@gmail.com','DumasDominick');
INSERT INTO Students VALUES (620002656,'UNDERGRAD','01-01-2020');
INSERT INTO Enrolled (u_id,courseCode) VALUES (620002656,'ECON1783'),(620002656,'ECON1996'),(620002656,'CHEM3347');
INSERT INTO Users VALUES (620002657,'Dwayne','Richardson','DwayneRichardson@gmail.com','RichardsonDwayne');
INSERT INTO Students VALUES (620002657,'UNDERGRAD','01-01-2020');
INSERT INTO Enrolled (u_id,courseCode) VALUES (620002657,'COMP1357'),(620002657,'INFO3419'),(620002657,'ECON3523');
INSERT INTO Users VALUES (620002658,'George','Avery','GeorgeAvery@gmail.com','AveryGeorge');
INSERT INTO Students VALUES (620002658,'UNDERGRAD','01-01-2020');
INSERT INTO Enrolled (u_id,courseCode) VALUES (620002658,'PHYS1979'),(620002658,'ECON2345'),(620002658,'INFO1825'),(620002658,'BIOC1448'),(620002658,'PHYS2229');
INSERT INTO Users VALUES (620002659,'Louis','Ott','LouisOtt@gmail.com','OttLouis');
INSERT INTO Students VALUES (620002659,'UNDERGRAD','01-01-2020');
INSERT INTO Enrolled (u_id,courseCode) VALUES (620002659,'CHEM3614'),(620002659,'COMP3167'),(620002659,'MATH3544'),(620002659,'BIOC2589'),(620002659,'BIOC1986'),(620002659,'PHYS2117');
INSERT INTO Users VALUES (620002660,'Derek','Velasquez','DerekVelasquez@gmail.com','VelasquezDerek');
INSERT INTO Students VALUES (620002660,'UNDERGRAD','01-01-2020');
INSERT INTO Enrolled (u_id,courseCode) VALUES (620002660,'CHEM2867'),(620002660,'COMP3418'),(620002660,'ECON1170');
INSERT INTO Users VALUES (620002661,'Toby','Uribe','TobyUribe@gmail.com','UribeToby');
INSERT INTO Students VALUES (620002661,'UNDERGRAD','01-01-2020');
INSERT INTO Enrolled (u_id,courseCode) VALUES (620002661,'ECON3085'),(620002661,'PHYS2977'),(620002661,'MATH1309'),(620002661,'MATH3059');
INSERT INTO Users VALUES (620002662,'Nan','Christenberry','NanChristenberry@gmail.com','ChristenberryNan');
INSERT INTO Students VALUES (620002662,'UNDERGRAD','01-01-2020');
INSERT INTO Enrolled (u_id,courseCode) VALUES (620002662,'INFO1145'),(620002662,'BIOC1104'),(620002662,'MATH3613');
INSERT INTO Users VALUES (620002663,'Gary','Williamson','GaryWilliamson@gmail.com','WilliamsonGary');
INSERT INTO Students VALUES (620002663,'UNDERGRAD','01-01-2020');
INSERT INTO Enrolled (u_id,courseCode) VALUES (620002663,'COMP3849'),(620002663,'BIOC2589'),(620002663,'INFO3636'),(620002663,'COMP1867');
INSERT INTO Users VALUES (620002664,'Shalanda','May','ShalandaMay@gmail.com','MayShalanda');
INSERT INTO Students VALUES (620002664,'UNDERGRAD','01-01-2020');
INSERT INTO Enrolled (u_id,courseCode) VALUES (620002664,'CHEM1613'),(620002664,'MATH1735'),(620002664,'COMP1357'),(620002664,'INFO2636'),(620002664,'BIOC1598');
INSERT INTO Users VALUES (620002665,'Dennis','Flowers','DennisFlowers@gmail.com','FlowersDennis');
INSERT INTO Students VALUES (620002665,'UNDERGRAD','01-01-2020');
INSERT INTO Enrolled (u_id,courseCode) VALUES (620002665,'CHEM2065'),(620002665,'PHYS2306'),(620002665,'CHEM1807'),(620002665,'INFO3419'),(620002665,'PHYS2229'),(620002665,'PHYS2238');
INSERT INTO Users VALUES (620002666,'Cristina','Truong','CristinaTruong@gmail.com','TruongCristina');
INSERT INTO Students VALUES (620002666,'UNDERGRAD','01-01-2020');
INSERT INTO Enrolled (u_id,courseCode) VALUES (620002666,'COMP3746'),(620002666,'INFO1288'),(620002666,'ECON1996'),(620002666,'INFO2559');
INSERT INTO Users VALUES (620002667,'Wayne','Alexander','WayneAlexander@gmail.com','AlexanderWayne');
INSERT INTO Students VALUES (620002667,'UNDERGRAD','01-01-2020');
INSERT INTO Enrolled (u_id,courseCode) VALUES (620002667,'CHEM3614'),(620002667,'BIOC2054'),(620002667,'ECON2814'),(620002667,'INFO1014'),(620002667,'CHEM2220'),(620002667,'INFO1990');
INSERT INTO Users VALUES (620002668,'Grace','Eddins','GraceEddins@gmail.com','EddinsGrace');
INSERT INTO Students VALUES (620002668,'UNDERGRAD','01-01-2020');
INSERT INTO Enrolled (u_id,courseCode) VALUES (620002668,'BIOC1744'),(620002668,'ECON3276'),(620002668,'BIOC3230'),(620002668,'ECON3063');
INSERT INTO Users VALUES (620002669,'Curtis','Vario','CurtisVario@gmail.com','VarioCurtis');
INSERT INTO Students VALUES (620002669,'UNDERGRAD','01-01-2020');
INSERT INTO Enrolled (u_id,courseCode) VALUES (620002669,'ECON3281'),(620002669,'PHYS2448'),(620002669,'ECON2722'),(620002669,'COMP2717'),(620002669,'INFO2797');
INSERT INTO Users VALUES (620002670,'Marcus','Kimbrell','MarcusKimbrell@gmail.com','KimbrellMarcus');
INSERT INTO Students VALUES (620002670,'UNDERGRAD','01-01-2020');
INSERT INTO Enrolled (u_id,courseCode) VALUES (620002670,'ECON1230'),(620002670,'COMP3047'),(620002670,'CHEM3347');
INSERT INTO Users VALUES (620002671,'Charlotte','Prince','CharlottePrince@gmail.com','PrinceCharlotte');
INSERT INTO Students VALUES (620002671,'UNDERGRAD','01-01-2020');
INSERT INTO Enrolled (u_id,courseCode) VALUES (620002671,'CHEM2066'),(620002671,'CHEM1485'),(620002671,'PHYS2563'),(620002671,'COMP3849'),(620002671,'CHEM2604');
INSERT INTO Users VALUES (620002672,'John','Casteel','JohnCasteel@gmail.com','CasteelJohn');
INSERT INTO Students VALUES (620002672,'UNDERGRAD','01-01-2020');
INSERT INTO Enrolled (u_id,courseCode) VALUES (620002672,'INFO1825'),(620002672,'INFO3645'),(620002672,'BIOC1794'),(620002672,'MATH1648');
INSERT INTO Users VALUES (620002673,'Janice','Guidry','JaniceGuidry@gmail.com','GuidryJanice');
INSERT INTO Students VALUES (620002673,'UNDERGRAD','01-01-2020');
INSERT INTO Enrolled (u_id,courseCode) VALUES (620002673,'MATH1148'),(620002673,'PHYS1173'),(620002673,'MATH2501'),(620002673,'PHYS2306'),(620002673,'MATH1578');
INSERT INTO Users VALUES (620002674,'Madaline','Davis','MadalineDavis@gmail.com','DavisMadaline');
INSERT INTO Students VALUES (620002674,'UNDERGRAD','01-01-2020');
INSERT INTO Enrolled (u_id,courseCode) VALUES (620002674,'COMP1357'),(620002674,'COMP3167'),(620002674,'ECON3281'),(620002674,'BIOC1164'),(620002674,'INFO3868');
INSERT INTO Users VALUES (620002675,'Randy','Pero','RandyPero@gmail.com','PeroRandy');
INSERT INTO Students VALUES (620002675,'UNDERGRAD','01-01-2020');
INSERT INTO Enrolled (u_id,courseCode) VALUES (620002675,'ECON1783'),(620002675,'MATH3173'),(620002675,'BIOC3604');
INSERT INTO Users VALUES (620002676,'Mack','Macpartland','MackMacpartland@gmail.com','MacpartlandMack');
INSERT INTO Students VALUES (620002676,'UNDERGRAD','01-01-2020');
INSERT INTO Enrolled (u_id,courseCode) VALUES (620002676,'PHYS2667'),(620002676,'COMP3697'),(620002676,'INFO1990'),(620002676,'BIOC1794');
INSERT INTO Users VALUES (620002677,'Agnes','Hoyer','AgnesHoyer@gmail.com','HoyerAgnes');
INSERT INTO Students VALUES (620002677,'UNDERGRAD','01-01-2020');
INSERT INTO Enrolled (u_id,courseCode) VALUES (620002677,'PHYS2667'),(620002677,'CHEM2604'),(620002677,'COMP3849'),(620002677,'COMP3685');
INSERT INTO Users VALUES (620002678,'Grace','Robles','GraceRobles@gmail.com','RoblesGrace');
INSERT INTO Students VALUES (620002678,'UNDERGRAD','01-01-2020');
INSERT INTO Enrolled (u_id,courseCode) VALUES (620002678,'BIOC2671'),(620002678,'PHYS1930'),(620002678,'INFO1014'),(620002678,'BIOC1725'),(620002678,'ECON3989'),(620002678,'ECON1645');
INSERT INTO Users VALUES (620002679,'Teresa','Allen','TeresaAllen@gmail.com','AllenTeresa');
INSERT INTO Students VALUES (620002679,'UNDERGRAD','01-01-2020');
INSERT INTO Enrolled (u_id,courseCode) VALUES (620002679,'PHYS2117'),(620002679,'COMP3697'),(620002679,'PHYS3876');
INSERT INTO Users VALUES (620002680,'Chad','Cochran','ChadCochran@gmail.com','CochranChad');
INSERT INTO Students VALUES (620002680,'UNDERGRAD','01-01-2020');
INSERT INTO Enrolled (u_id,courseCode) VALUES (620002680,'ECON3020'),(620002680,'COMP3238'),(620002680,'COMP3639'),(620002680,'PHYS2117'),(620002680,'INFO2716');
INSERT INTO Users VALUES (620002681,'Samuel','Imoto','SamuelImoto@gmail.com','ImotoSamuel');
INSERT INTO Students VALUES (620002681,'UNDERGRAD','01-01-2020');
INSERT INTO Enrolled (u_id,courseCode) VALUES (620002681,'PHYS1979'),(620002681,'INFO1014'),(620002681,'BIOC3191'),(620002681,'MATH1578'),(620002681,'CHEM3617');
INSERT INTO Users VALUES (620002682,'Jacqueline','Robertson','JacquelineRobertson@gmail.com','RobertsonJacqueline');
INSERT INTO Students VALUES (620002682,'UNDERGRAD','01-01-2020');
INSERT INTO Enrolled (u_id,courseCode) VALUES (620002682,'INFO2860'),(620002682,'INFO1145'),(620002682,'MATH1250'),(620002682,'ECON3281'),(620002682,'ECON2345');
INSERT INTO Users VALUES (620002683,'Benjamin','Finkenbinder','BenjaminFinkenbinder@gmail.com','FinkenbinderBenjamin');
INSERT INTO Students VALUES (620002683,'UNDERGRAD','01-01-2020');
INSERT INTO Enrolled (u_id,courseCode) VALUES (620002683,'ECON3085'),(620002683,'COMP3849'),(620002683,'CHEM3617'),(620002683,'BIOC1794');
INSERT INTO Users VALUES (620002684,'Martin','Vanwyck','MartinVanwyck@gmail.com','VanwyckMartin');
INSERT INTO Students VALUES (620002684,'UNDERGRAD','01-01-2020');
INSERT INTO Enrolled (u_id,courseCode) VALUES (620002684,'COMP2541'),(620002684,'BIOC2671'),(620002684,'INFO2813'),(620002684,'BIOC1164'),(620002684,'MATH1148');
INSERT INTO Users VALUES (620002685,'Casey','Schilling','CaseySchilling@gmail.com','SchillingCasey');
INSERT INTO Students VALUES (620002685,'UNDERGRAD','01-01-2020');
INSERT INTO Enrolled (u_id,courseCode) VALUES (620002685,'INFO3645'),(620002685,'PHYS2306'),(620002685,'ECON3288'),(620002685,'CHEM3617');
INSERT INTO Users VALUES (620002686,'William','Crites','WilliamCrites@gmail.com','CritesWilliam');
INSERT INTO Students VALUES (620002686,'UNDERGRAD','01-01-2020');
INSERT INTO Enrolled (u_id,courseCode) VALUES (620002686,'COMP3697'),(620002686,'PHYS1979'),(620002686,'INFO2270'),(620002686,'MATH1250');
INSERT INTO Users VALUES (620002687,'Dora','Kaupp','DoraKaupp@gmail.com','KauppDora');
INSERT INTO Students VALUES (620002687,'UNDERGRAD','01-01-2020');
INSERT INTO Enrolled (u_id,courseCode) VALUES (620002687,'INFO2521'),(620002687,'INFO2716'),(620002687,'BIOC3457');
INSERT INTO Users VALUES (620002688,'Cherise','Hauser','CheriseHauser@gmail.com','HauserCherise');
INSERT INTO Students VALUES (620002688,'UNDERGRAD','01-01-2020');
INSERT INTO Enrolled (u_id,courseCode) VALUES (620002688,'BIOC1534'),(620002688,'CHEM2005'),(620002688,'PHYS2238'),(620002688,'ECON3020'),(620002688,'CHEM2481');
INSERT INTO Users VALUES (620002689,'Cheryl','Finkenbinder','CherylFinkenbinder@gmail.com','FinkenbinderCheryl');
INSERT INTO Students VALUES (620002689,'UNDERGRAD','01-01-2020');
INSERT INTO Enrolled (u_id,courseCode) VALUES (620002689,'INFO2559'),(620002689,'BIOC1448'),(620002689,'PHYS3787'),(620002689,'COMP3685'),(620002689,'INFO1990'),(620002689,'ECON3063');
INSERT INTO Users VALUES (620002690,'Roberta','Granado','RobertaGranado@gmail.com','GranadoRoberta');
INSERT INTO Students VALUES (620002690,'UNDERGRAD','01-01-2020');
INSERT INTO Enrolled (u_id,courseCode) VALUES (620002690,'ECON3288'),(620002690,'INFO3419'),(620002690,'COMP3506'),(620002690,'PHYS2229'),(620002690,'COMP3746');
INSERT INTO Users VALUES (620002691,'Casey','Banks','CaseyBanks@gmail.com','BanksCasey');
INSERT INTO Students VALUES (620002691,'UNDERGRAD','01-01-2020');
INSERT INTO Enrolled (u_id,courseCode) VALUES (620002691,'INFO1242'),(620002691,'INFO3868'),(620002691,'COMP2717'),(620002691,'MATH3209'),(620002691,'ECON2722');
INSERT INTO Users VALUES (620002692,'Dale','Gondek','DaleGondek@gmail.com','GondekDale');
INSERT INTO Students VALUES (620002692,'UNDERGRAD','01-01-2020');
INSERT INTO Enrolled (u_id,courseCode) VALUES (620002692,'MATH1309'),(620002692,'MATH1454'),(620002692,'ECON3276');
INSERT INTO Users VALUES (620002693,'Ashley','Mchenry','AshleyMchenry@gmail.com','MchenryAshley');
INSERT INTO Students VALUES (620002693,'UNDERGRAD','01-01-2020');
INSERT INTO Enrolled (u_id,courseCode) VALUES (620002693,'MATH3029'),(620002693,'ECON1589'),(620002693,'MATH2801');
INSERT INTO Users VALUES (620002694,'Iris','Washinski','IrisWashinski@gmail.com','WashinskiIris');
INSERT INTO Students VALUES (620002694,'UNDERGRAD','01-01-2020');
INSERT INTO Enrolled (u_id,courseCode) VALUES (620002694,'BIOC2981'),(620002694,'ECON3372'),(620002694,'CHEM2177'),(620002694,'COMP2651');
INSERT INTO Users VALUES (620002695,'Harold','Pedersen','HaroldPedersen@gmail.com','PedersenHarold');
INSERT INTO Students VALUES (620002695,'UNDERGRAD','01-01-2020');
INSERT INTO Enrolled (u_id,courseCode) VALUES (620002695,'COMP2717'),(620002695,'COMP2361'),(620002695,'BIOC1448'),(620002695,'CHEM1807'),(620002695,'CHEM1613');
INSERT INTO Users VALUES (620002696,'Bernie','Imoto','BernieImoto@gmail.com','ImotoBernie');
INSERT INTO Students VALUES (620002696,'UNDERGRAD','01-01-2020');
INSERT INTO Enrolled (u_id,courseCode) VALUES (620002696,'MATH2801'),(620002696,'BIOC2236'),(620002696,'ECON1458'),(620002696,'MATH3222'),(620002696,'COMP2400'),(620002696,'COMP1867');
INSERT INTO Users VALUES (620002697,'James','Allen','JamesAllen@gmail.com','AllenJames');
INSERT INTO Students VALUES (620002697,'UNDERGRAD','01-01-2020');
INSERT INTO Enrolled (u_id,courseCode) VALUES (620002697,'BIOC1744'),(620002697,'ECON1098'),(620002697,'BIOC3341'),(620002697,'BIOC1104'),(620002697,'MATH1972'),(620002697,'CHEM1494');
INSERT INTO Users VALUES (620002698,'Stephen','Dohse','StephenDohse@gmail.com','DohseStephen');
INSERT INTO Students VALUES (620002698,'UNDERGRAD','01-01-2020');
INSERT INTO Enrolled (u_id,courseCode) VALUES (620002698,'MATH1309'),(620002698,'MATH2801'),(620002698,'INFO3419'),(620002698,'CHEM2177'),(620002698,'MATH2188'),(620002698,'MATH1735');
INSERT INTO Users VALUES (620002699,'Leticia','Christenberry','LeticiaChristenberry@gmail.com','ChristenberryLeticia');
INSERT INTO Students VALUES (620002699,'UNDERGRAD','01-01-2020');
INSERT INTO Enrolled (u_id,courseCode) VALUES (620002699,'CHEM3409'),(620002699,'INFO2860'),(620002699,'PHYS3464');
INSERT INTO Users VALUES (620002700,'Stanley','Vanwyck','StanleyVanwyck@gmail.com','VanwyckStanley');
INSERT INTO Students VALUES (620002700,'UNDERGRAD','01-01-2020');
INSERT INTO Enrolled (u_id,courseCode) VALUES (620002700,'CHEM1340'),(620002700,'CHEM2031'),(620002700,'MATH3179');
INSERT INTO Users VALUES (620002701,'Evelyn','Carlyle','EvelynCarlyle@gmail.com','CarlyleEvelyn');
INSERT INTO Students VALUES (620002701,'UNDERGRAD','01-01-2020');
INSERT INTO Enrolled (u_id,courseCode) VALUES (620002701,'ECON1561'),(620002701,'PHYS2563'),(620002701,'CHEM2005'),(620002701,'PHYS3787');
INSERT INTO Users VALUES (620002702,'Stacy','Martin','StacyMartin@gmail.com','MartinStacy');
INSERT INTO Students VALUES (620002702,'UNDERGRAD','01-01-2020');
INSERT INTO Enrolled (u_id,courseCode) VALUES (620002702,'MATH3857'),(620002702,'BIOC2671'),(620002702,'MATH3059'),(620002702,'MATH1648'),(620002702,'PHYS2667'),(620002702,'COMP3536');
INSERT INTO Users VALUES (620002703,'Craig','Rankin','CraigRankin@gmail.com','RankinCraig');
INSERT INTO Students VALUES (620002703,'UNDERGRAD','01-01-2020');
INSERT INTO Enrolled (u_id,courseCode) VALUES (620002703,'ECON2703'),(620002703,'INFO2811'),(620002703,'PHYS1399');
INSERT INTO Users VALUES (620002704,'Erin','Hart','ErinHart@gmail.com','HartErin');
INSERT INTO Students VALUES (620002704,'UNDERGRAD','01-01-2020');
INSERT INTO Enrolled (u_id,courseCode) VALUES (620002704,'ECON1996'),(620002704,'INFO3868'),(620002704,'BIOC2589');
INSERT INTO Users VALUES (620002705,'Jonathan','Maze','JonathanMaze@gmail.com','MazeJonathan');
INSERT INTO Students VALUES (620002705,'UNDERGRAD','01-01-2020');
INSERT INTO Enrolled (u_id,courseCode) VALUES (620002705,'MATH2067'),(620002705,'MATH3857'),(620002705,'ECON3311'),(620002705,'MATH3179'),(620002705,'BIOC1485');
INSERT INTO Users VALUES (620002706,'Bernie','Tirabassi','BernieTirabassi@gmail.com','TirabassiBernie');
INSERT INTO Students VALUES (620002706,'UNDERGRAD','01-01-2020');
INSERT INTO Enrolled (u_id,courseCode) VALUES (620002706,'MATH1262'),(620002706,'COMP2080'),(620002706,'ECON1589'),(620002706,'MATH3029'),(620002706,'INFO1833');
INSERT INTO Users VALUES (620002707,'Alfred','Dohse','AlfredDohse@gmail.com','DohseAlfred');
INSERT INTO Students VALUES (620002707,'UNDERGRAD','01-01-2020');
INSERT INTO Enrolled (u_id,courseCode) VALUES (620002707,'CHEM2446'),(620002707,'ECON3228'),(620002707,'ECON3523'),(620002707,'INFO1648'),(620002707,'CHEM3347'),(620002707,'ECON3063');
INSERT INTO Users VALUES (620002708,'Melanie','Early','MelanieEarly@gmail.com','EarlyMelanie');
INSERT INTO Students VALUES (620002708,'UNDERGRAD','01-01-2020');
INSERT INTO Enrolled (u_id,courseCode) VALUES (620002708,'ECON2722'),(620002708,'ECON1589'),(620002708,'INFO2270'),(620002708,'INFO1242'),(620002708,'CHEM2481'),(620002708,'BIOC2589');
INSERT INTO Users VALUES (620002709,'Carlos','Barron','CarlosBarron@gmail.com','BarronCarlos');
INSERT INTO Students VALUES (620002709,'UNDERGRAD','01-01-2020');
INSERT INTO Enrolled (u_id,courseCode) VALUES (620002709,'PHYS2338'),(620002709,'CHEM2066'),(620002709,'INFO2860'),(620002709,'PHYS3787'),(620002709,'INFO1447'),(620002709,'PHYS2451');
INSERT INTO Users VALUES (620002710,'Kelly','Maze','KellyMaze@gmail.com','MazeKelly');
INSERT INTO Students VALUES (620002710,'UNDERGRAD','01-01-2020');
INSERT INTO Enrolled (u_id,courseCode) VALUES (620002710,'COMP1573'),(620002710,'INFO2950'),(620002710,'CHEM3617'),(620002710,'INFO1833');
INSERT INTO Users VALUES (620002711,'Sharon','Calvert','SharonCalvert@gmail.com','CalvertSharon');
INSERT INTO Students VALUES (620002711,'UNDERGRAD','01-01-2020');
INSERT INTO Enrolled (u_id,courseCode) VALUES (620002711,'BIOC3341'),(620002711,'INFO1288'),(620002711,'COMP2361'),(620002711,'MATH3222'),(620002711,'PHYS3729');
INSERT INTO Users VALUES (620002712,'Angela','Pantoja','AngelaPantoja@gmail.com','PantojaAngela');
INSERT INTO Students VALUES (620002712,'UNDERGRAD','01-01-2020');
INSERT INTO Enrolled (u_id,courseCode) VALUES (620002712,'COMP3697'),(620002712,'INFO3603'),(620002712,'INFO1242'),(620002712,'MATH1148'),(620002712,'BIOC2550');
INSERT INTO Users VALUES (620002713,'Homer','Avery','HomerAvery@gmail.com','AveryHomer');
INSERT INTO Students VALUES (620002713,'UNDERGRAD','01-01-2020');
INSERT INTO Enrolled (u_id,courseCode) VALUES (620002713,'INFO1825'),(620002713,'CHEM2005'),(620002713,'PHYS3290'),(620002713,'ECON1645');
INSERT INTO Users VALUES (620002714,'Dennis','Kimbrell','DennisKimbrell@gmail.com','KimbrellDennis');
INSERT INTO Students VALUES (620002714,'UNDERGRAD','01-01-2020');
INSERT INTO Enrolled (u_id,courseCode) VALUES (620002714,'BIOC2671'),(620002714,'ECON2703'),(620002714,'CHEM2446');
INSERT INTO Users VALUES (620002715,'Antionette','Johnson','AntionetteJohnson@gmail.com','JohnsonAntionette');
INSERT INTO Students VALUES (620002715,'UNDERGRAD','01-01-2020');
INSERT INTO Enrolled (u_id,courseCode) VALUES (620002715,'CHEM2177'),(620002715,'COMP1573'),(620002715,'BIOC2236'),(620002715,'CHEM2797'),(620002715,'ECON1498'),(620002715,'ECON1012');
INSERT INTO Users VALUES (620002716,'Rosa','Waugh','RosaWaugh@gmail.com','WaughRosa');
INSERT INTO Students VALUES (620002716,'UNDERGRAD','01-01-2020');
INSERT INTO Enrolled (u_id,courseCode) VALUES (620002716,'CHEM3617'),(620002716,'PHYS1399'),(620002716,'MATH1648'),(620002716,'MATH3857'),(620002716,'COMP2077'),(620002716,'CHEM3747');
INSERT INTO Users VALUES (620002717,'Joan','Hauser','JoanHauser@gmail.com','HauserJoan');
INSERT INTO Students VALUES (620002717,'UNDERGRAD','01-01-2020');
INSERT INTO Enrolled (u_id,courseCode) VALUES (620002717,'COMP3167'),(620002717,'PHYS2117'),(620002717,'PHYS3686'),(620002717,'INFO2950');
INSERT INTO Users VALUES (620002718,'Shalanda','Orchard','ShalandaOrchard@gmail.com','OrchardShalanda');
INSERT INTO Students VALUES (620002718,'UNDERGRAD','01-01-2020');
INSERT INTO Enrolled (u_id,courseCode) VALUES (620002718,'PHYS3659'),(620002718,'MATH3209'),(620002718,'COMP2080'),(620002718,'ECON2703'),(620002718,'COMP3238');
INSERT INTO Users VALUES (620002719,'Kim','Monte','KimMonte@gmail.com','MonteKim');
INSERT INTO Students VALUES (620002719,'UNDERGRAD','01-01-2020');
INSERT INTO Enrolled (u_id,courseCode) VALUES (620002719,'ECON3276'),(620002719,'COMP1867'),(620002719,'CHEM1807'),(620002719,'COMP1357'),(620002719,'INFO2213'),(620002719,'CHEM3747');
INSERT INTO Users VALUES (620002720,'Suzanne','Joaquin','SuzanneJoaquin@gmail.com','JoaquinSuzanne');
INSERT INTO Students VALUES (620002720,'UNDERGRAD','01-01-2020');
INSERT INTO Enrolled (u_id,courseCode) VALUES (620002720,'CHEM2220'),(620002720,'ECON3447'),(620002720,'INFO2636'),(620002720,'MATH3844');
INSERT INTO Users VALUES (620002721,'Joyce','Lockwood','JoyceLockwood@gmail.com','LockwoodJoyce');
INSERT INTO Students VALUES (620002721,'UNDERGRAD','01-01-2020');
INSERT INTO Enrolled (u_id,courseCode) VALUES (620002721,'PHYS2229'),(620002721,'INFO2337'),(620002721,'COMP3506'),(620002721,'BIOC3341'),(620002721,'CHEM2867');
INSERT INTO Users VALUES (620002722,'Lilla','Klein','LillaKlein@gmail.com','KleinLilla');
INSERT INTO Students VALUES (620002722,'UNDERGRAD','01-01-2020');
INSERT INTO Enrolled (u_id,courseCode) VALUES (620002722,'PHYS2306'),(620002722,'ECON1498'),(620002722,'ECON1458'),(620002722,'CHEM3409'),(620002722,'MATH1309'),(620002722,'BIOC3191');
INSERT INTO Users VALUES (620002723,'Kurt','Hawkins','KurtHawkins@gmail.com','HawkinsKurt');
INSERT INTO Students VALUES (620002723,'UNDERGRAD','01-01-2020');
INSERT INTO Enrolled (u_id,courseCode) VALUES (620002723,'ECON2722'),(620002723,'COMP3238'),(620002723,'PHYS2113');
INSERT INTO Users VALUES (620002724,'Nancy','Russ','NancyRuss@gmail.com','RussNancy');
INSERT INTO Students VALUES (620002724,'UNDERGRAD','01-01-2020');
INSERT INTO Enrolled (u_id,courseCode) VALUES (620002724,'CHEM2177'),(620002724,'MATH1735'),(620002724,'MATH1250');
INSERT INTO Users VALUES (620002725,'Tracy','Fuller','TracyFuller@gmail.com','FullerTracy');
INSERT INTO Students VALUES (620002725,'UNDERGRAD','01-01-2020');
INSERT INTO Enrolled (u_id,courseCode) VALUES (620002725,'COMP2361'),(620002725,'MATH2801'),(620002725,'INFO2636'),(620002725,'BIOC3341'),(620002725,'MATH2873'),(620002725,'BIOC3191');
INSERT INTO Users VALUES (620002726,'Dean','Thompson','DeanThompson@gmail.com','ThompsonDean');
INSERT INTO Students VALUES (620002726,'UNDERGRAD','01-01-2020');
INSERT INTO Enrolled (u_id,courseCode) VALUES (620002726,'ECON3447'),(620002726,'COMP2717'),(620002726,'MATH3844');
INSERT INTO Users VALUES (620002727,'Gary','Atkins','GaryAtkins@gmail.com','AtkinsGary');
INSERT INTO Students VALUES (620002727,'UNDERGRAD','01-01-2020');
INSERT INTO Enrolled (u_id,courseCode) VALUES (620002727,'PHYS3339'),(620002727,'PHYS2238'),(620002727,'PHYS2229');
INSERT INTO Users VALUES (620002728,'Peter','Barrett','PeterBarrett@gmail.com','BarrettPeter');
INSERT INTO Students VALUES (620002728,'UNDERGRAD','01-01-2020');
INSERT INTO Enrolled (u_id,courseCode) VALUES (620002728,'MATH3222'),(620002728,'INFO2950'),(620002728,'PHYS2448'),(620002728,'ECON1458'),(620002728,'COMP3506'),(620002728,'PHYS2451');
INSERT INTO Users VALUES (620002729,'Hazel','Banks','HazelBanks@gmail.com','BanksHazel');
INSERT INTO Students VALUES (620002729,'UNDERGRAD','01-01-2020');
INSERT INTO Enrolled (u_id,courseCode) VALUES (620002729,'BIOC1744'),(620002729,'MATH1638'),(620002729,'CHEM3888');
INSERT INTO Users VALUES (620002730,'Sheila','Withrow','SheilaWithrow@gmail.com','WithrowSheila');
INSERT INTO Students VALUES (620002730,'UNDERGRAD','01-01-2020');
INSERT INTO Enrolled (u_id,courseCode) VALUES (620002730,'ECON1230'),(620002730,'PHYS3052'),(620002730,'CHEM3617'),(620002730,'BIOC1794'),(620002730,'PHYS2667');
INSERT INTO Users VALUES (620002731,'Donald','Hudson','DonaldHudson@gmail.com','HudsonDonald');
INSERT INTO Students VALUES (620002731,'UNDERGRAD','01-01-2020');
INSERT INTO Enrolled (u_id,courseCode) VALUES (620002731,'BIOC2983'),(620002731,'MATH1638'),(620002731,'ECON1170'),(620002731,'MATH3179'),(620002731,'ECON2814');
INSERT INTO Users VALUES (620002732,'Marjorie','Mertens','MarjorieMertens@gmail.com','MertensMarjorie');
INSERT INTO Students VALUES (620002732,'UNDERGRAD','01-01-2020');
INSERT INTO Enrolled (u_id,courseCode) VALUES (620002732,'MATH2873'),(620002732,'BIOC2589'),(620002732,'CHEM2005'),(620002732,'CHEM3054');
INSERT INTO Users VALUES (620002733,'Louis','Garcia','LouisGarcia@gmail.com','GarciaLouis');
INSERT INTO Students VALUES (620002733,'UNDERGRAD','01-01-2020');
INSERT INTO Enrolled (u_id,courseCode) VALUES (620002733,'CHEM3888'),(620002733,'INFO3636'),(620002733,'CHEM3614'),(620002733,'COMP1543'),(620002733,'INFO3603'),(620002733,'BIOC2981');
INSERT INTO Users VALUES (620002734,'Curtis','Thomas','CurtisThomas@gmail.com','ThomasCurtis');
INSERT INTO Students VALUES (620002734,'UNDERGRAD','01-01-2020');
INSERT INTO Enrolled (u_id,courseCode) VALUES (620002734,'MATH3179'),(620002734,'ECON1996'),(620002734,'BIOC1485'),(620002734,'BIOC1104'),(620002734,'MATH3059');
INSERT INTO Users VALUES (620002735,'Louis','Nerbonne','LouisNerbonne@gmail.com','NerbonneLouis');
INSERT INTO Students VALUES (620002735,'UNDERGRAD','01-01-2020');
INSERT INTO Enrolled (u_id,courseCode) VALUES (620002735,'ECON3085'),(620002735,'CHEM2604'),(620002735,'INFO3645');
INSERT INTO Users VALUES (620002736,'James','Deen','JamesDeen@gmail.com','DeenJames');
INSERT INTO Students VALUES (620002736,'UNDERGRAD','01-01-2020');
INSERT INTO Enrolled (u_id,courseCode) VALUES (620002736,'BIOC1866'),(620002736,'ECON1230'),(620002736,'BIOC1164');
INSERT INTO Users VALUES (620002737,'Evelyn','Lowry','EvelynLowry@gmail.com','LowryEvelyn');
INSERT INTO Students VALUES (620002737,'UNDERGRAD','01-01-2020');
INSERT INTO Enrolled (u_id,courseCode) VALUES (620002737,'CHEM2626'),(620002737,'MATH1638'),(620002737,'BIOC2236'),(620002737,'PHYS1173'),(620002737,'PHYS3686'),(620002737,'PHYS2229');
INSERT INTO Users VALUES (620002738,'Julius','Mejias','JuliusMejias@gmail.com','MejiasJulius');
INSERT INTO Students VALUES (620002738,'UNDERGRAD','01-01-2020');
INSERT INTO Enrolled (u_id,courseCode) VALUES (620002738,'PHYS3052'),(620002738,'CHEM1485'),(620002738,'MATH3857'),(620002738,'COMP1357'),(620002738,'ECON3228');
INSERT INTO Users VALUES (620002739,'Vernon','Mcneill','VernonMcneill@gmail.com','McneillVernon');
INSERT INTO Students VALUES (620002739,'UNDERGRAD','01-01-2020');
INSERT INTO Enrolled (u_id,courseCode) VALUES (620002739,'MATH3222'),(620002739,'CHEM1807'),(620002739,'PHYS2117'),(620002739,'INFO1447'),(620002739,'MATH1454');
INSERT INTO Users VALUES (620002740,'David','Woomer','DavidWoomer@gmail.com','WoomerDavid');
INSERT INTO Students VALUES (620002740,'UNDERGRAD','01-01-2020');
INSERT INTO Enrolled (u_id,courseCode) VALUES (620002740,'MATH2501'),(620002740,'CHEM1494'),(620002740,'ECON3989');
INSERT INTO Users VALUES (620002741,'Gabriel','Crawford','GabrielCrawford@gmail.com','CrawfordGabriel');
INSERT INTO Students VALUES (620002741,'UNDERGRAD','01-01-2020');
INSERT INTO Enrolled (u_id,courseCode) VALUES (620002741,'BIOC3604'),(620002741,'COMP2651'),(620002741,'BIOC1598'),(620002741,'ECON2345'),(620002741,'CHEM2604');
INSERT INTO Users VALUES (620002742,'Neal','Petersen','NealPetersen@gmail.com','PetersenNeal');
INSERT INTO Students VALUES (620002742,'UNDERGRAD','01-01-2020');
INSERT INTO Enrolled (u_id,courseCode) VALUES (620002742,'ECON1170'),(620002742,'COMP3418'),(620002742,'COMP2080'),(620002742,'INFO3636'),(620002742,'MATH1454');
INSERT INTO Users VALUES (620002743,'Cristina','Butcher','CristinaButcher@gmail.com','ButcherCristina');
INSERT INTO Students VALUES (620002743,'UNDERGRAD','01-01-2020');
INSERT INTO Enrolled (u_id,courseCode) VALUES (620002743,'MATH3844'),(620002743,'PHYS2229'),(620002743,'BIOC1448');
INSERT INTO Users VALUES (620002744,'Tanya','Garnes','TanyaGarnes@gmail.com','GarnesTanya');
INSERT INTO Students VALUES (620002744,'UNDERGRAD','01-01-2020');
INSERT INTO Enrolled (u_id,courseCode) VALUES (620002744,'ECON3288'),(620002744,'MATH3059'),(620002744,'BIOC1439'),(620002744,'ECON3004'),(620002744,'CHEM3054'),(620002744,'CHEM3617');
INSERT INTO Users VALUES (620002745,'Shalanda','Carrington','ShalandaCarrington@gmail.com','CarringtonShalanda');
INSERT INTO Students VALUES (620002745,'UNDERGRAD','01-01-2020');
INSERT INTO Enrolled (u_id,courseCode) VALUES (620002745,'CHEM1340'),(620002745,'INFO1990'),(620002745,'MATH3173'),(620002745,'ECON2345');
INSERT INTO Users VALUES (620002746,'Caroline','English','CarolineEnglish@gmail.com','EnglishCaroline');
INSERT INTO Students VALUES (620002746,'UNDERGRAD','01-01-2020');
INSERT INTO Enrolled (u_id,courseCode) VALUES (620002746,'INFO1825'),(620002746,'BIOC1448'),(620002746,'CHEM2626'),(620002746,'INFO2636');
INSERT INTO Users VALUES (620002747,'Marcus','Joeckel','MarcusJoeckel@gmail.com','JoeckelMarcus');
INSERT INTO Students VALUES (620002747,'UNDERGRAD','01-01-2020');
INSERT INTO Enrolled (u_id,courseCode) VALUES (620002747,'CHEM1807'),(620002747,'ECON3085'),(620002747,'BIOC3457');
INSERT INTO Users VALUES (620002748,'Jeanna','Pelletier','JeannaPelletier@gmail.com','PelletierJeanna');
INSERT INTO Students VALUES (620002748,'UNDERGRAD','01-01-2020');
INSERT INTO Enrolled (u_id,courseCode) VALUES (620002748,'CHEM1485'),(620002748,'BIOC3230'),(620002748,'MATH1262'),(620002748,'ECON3311');
INSERT INTO Users VALUES (620002749,'Gregory','Guidry','GregoryGuidry@gmail.com','GuidryGregory');
INSERT INTO Students VALUES (620002749,'UNDERGRAD','01-01-2020');
INSERT INTO Enrolled (u_id,courseCode) VALUES (620002749,'MATH1148'),(620002749,'BIOC3230'),(620002749,'ECON3737'),(620002749,'BIOC2054'),(620002749,'ECON1458');
INSERT INTO Users VALUES (620002750,'Tracy','Chappell','TracyChappell@gmail.com','ChappellTracy');
INSERT INTO Students VALUES (620002750,'UNDERGRAD','01-01-2020');
INSERT INTO Enrolled (u_id,courseCode) VALUES (620002750,'MATH2717'),(620002750,'CHEM1494'),(620002750,'BIOC3230'),(620002750,'MATH3613');
INSERT INTO Users VALUES (620002751,'Nina','Dohse','NinaDohse@gmail.com','DohseNina');
INSERT INTO Students VALUES (620002751,'UNDERGRAD','01-01-2020');
INSERT INTO Enrolled (u_id,courseCode) VALUES (620002751,'MATH2801'),(620002751,'CHEM3054'),(620002751,'INFO2860'),(620002751,'MATH3173'),(620002751,'COMP3685'),(620002751,'ECON1230');
INSERT INTO Users VALUES (620002752,'Clifford','Hamilton','CliffordHamilton@gmail.com','HamiltonClifford');
INSERT INTO Students VALUES (620002752,'UNDERGRAD','01-01-2020');
INSERT INTO Enrolled (u_id,courseCode) VALUES (620002752,'BIOC2054'),(620002752,'ECON3989'),(620002752,'BIOC2236');
INSERT INTO Users VALUES (620002753,'Manuel','Mertens','ManuelMertens@gmail.com','MertensManuel');
INSERT INTO Students VALUES (620002753,'UNDERGRAD','01-01-2020');
INSERT INTO Enrolled (u_id,courseCode) VALUES (620002753,'BIOC1725'),(620002753,'CHEM2005'),(620002753,'ECON3372'),(620002753,'ECON2345'),(620002753,'COMP3167');
INSERT INTO Users VALUES (620002754,'Alvin','Siple','AlvinSiple@gmail.com','SipleAlvin');
INSERT INTO Students VALUES (620002754,'UNDERGRAD','01-01-2020');
INSERT INTO Enrolled (u_id,courseCode) VALUES (620002754,'COMP2717'),(620002754,'PHYS3729'),(620002754,'COMP2077'),(620002754,'MATH1148'),(620002754,'BIOC3721');
INSERT INTO Users VALUES (620002755,'Laila','Jones','LailaJones@gmail.com','JonesLaila');
INSERT INTO Students VALUES (620002755,'UNDERGRAD','01-01-2020');
INSERT INTO Enrolled (u_id,courseCode) VALUES (620002755,'BIOC2589'),(620002755,'CHEM2066'),(620002755,'COMP3506');
INSERT INTO Users VALUES (620002756,'Hazel','Vanhamlin','HazelVanhamlin@gmail.com','VanhamlinHazel');
INSERT INTO Students VALUES (620002756,'UNDERGRAD','01-01-2020');
INSERT INTO Enrolled (u_id,courseCode) VALUES (620002756,'ECON1458'),(620002756,'BIOC2550'),(620002756,'INFO3645'),(620002756,'COMP3506'),(620002756,'INFO1242');
INSERT INTO Users VALUES (620002757,'Donald','Moore','DonaldMoore@gmail.com','MooreDonald');
INSERT INTO Students VALUES (620002757,'UNDERGRAD','01-01-2020');
INSERT INTO Enrolled (u_id,courseCode) VALUES (620002757,'PHYS3052'),(620002757,'COMP3047'),(620002757,'BIOC1448');
INSERT INTO Users VALUES (620002758,'Kathleen','Hardman','KathleenHardman@gmail.com','HardmanKathleen');
INSERT INTO Students VALUES (620002758,'UNDERGRAD','01-01-2020');
INSERT INTO Enrolled (u_id,courseCode) VALUES (620002758,'INFO1825'),(620002758,'MATH1454'),(620002758,'INFO2521'),(620002758,'ECON3311'),(620002758,'ECON1589'),(620002758,'PHYS1993');
INSERT INTO Users VALUES (620002759,'Steven','Tirabassi','StevenTirabassi@gmail.com','TirabassiSteven');
INSERT INTO Students VALUES (620002759,'UNDERGRAD','01-01-2020');
INSERT INTO Enrolled (u_id,courseCode) VALUES (620002759,'INFO2337'),(620002759,'PHYS2448'),(620002759,'MATH2550'),(620002759,'COMP1357'),(620002759,'PHYS2563');
INSERT INTO Users VALUES (620002760,'Aaron','Maze','AaronMaze@gmail.com','MazeAaron');
INSERT INTO Students VALUES (620002760,'UNDERGRAD','01-01-2020');
INSERT INTO Enrolled (u_id,courseCode) VALUES (620002760,'COMP2361'),(620002760,'BIOC2671'),(620002760,'INFO3935');
INSERT INTO Users VALUES (620002761,'Shannon','Flemming','ShannonFlemming@gmail.com','FlemmingShannon');
INSERT INTO Students VALUES (620002761,'UNDERGRAD','01-01-2020');
INSERT INTO Enrolled (u_id,courseCode) VALUES (620002761,'BIOC2054'),(620002761,'PHYS2113'),(620002761,'MATH2188'),(620002761,'CHEM1807'),(620002761,'ECON3550'),(620002761,'COMP3506');
INSERT INTO Users VALUES (620002762,'Cleveland','Laramee','ClevelandLaramee@gmail.com','LarameeCleveland');
INSERT INTO Students VALUES (620002762,'UNDERGRAD','01-01-2020');
INSERT INTO Enrolled (u_id,courseCode) VALUES (620002762,'ECON3020'),(620002762,'PHYS2238'),(620002762,'INFO2813'),(620002762,'CHEM2005'),(620002762,'CHEM3888'),(620002762,'INFO1242');
INSERT INTO Users VALUES (620002763,'Kirk','Bradford','KirkBradford@gmail.com','BradfordKirk');
INSERT INTO Students VALUES (620002763,'UNDERGRAD','01-01-2020');
INSERT INTO Enrolled (u_id,courseCode) VALUES (620002763,'ECON1498'),(620002763,'INFO1990'),(620002763,'PHYS2451'),(620002763,'BIOC2981'),(620002763,'PHYS3290'),(620002763,'MATH2067');
INSERT INTO Users VALUES (620002764,'Lilla','Souza','LillaSouza@gmail.com','SouzaLilla');
INSERT INTO Students VALUES (620002764,'UNDERGRAD','01-01-2020');
INSERT INTO Enrolled (u_id,courseCode) VALUES (620002764,'BIOC1485'),(620002764,'COMP2080'),(620002764,'PHYS1930'),(620002764,'COMP3849'),(620002764,'BIOC1534');
INSERT INTO Users VALUES (620002765,'Katie','Pere','KatiePere@gmail.com','PereKatie');
INSERT INTO Students VALUES (620002765,'UNDERGRAD','01-01-2020');
INSERT INTO Enrolled (u_id,courseCode) VALUES (620002765,'BIOC3230'),(620002765,'BIOC3604'),(620002765,'CHEM3409'),(620002765,'ECON1230'),(620002765,'INFO3935');
INSERT INTO Users VALUES (620002766,'Jose','Christinsen','JoseChristinsen@gmail.com','ChristinsenJose');
INSERT INTO Students VALUES (620002766,'UNDERGRAD','01-01-2020');
INSERT INTO Enrolled (u_id,courseCode) VALUES (620002766,'INFO2559'),(620002766,'CHEM2697'),(620002766,'ECON3004'),(620002766,'MATH1578');
INSERT INTO Users VALUES (620002767,'Lori','Lopez','LoriLopez@gmail.com','LopezLori');
INSERT INTO Students VALUES (620002767,'UNDERGRAD','01-01-2020');
INSERT INTO Enrolled (u_id,courseCode) VALUES (620002767,'COMP2965'),(620002767,'COMP2361'),(620002767,'MATH2717'),(620002767,'COMP1460');
INSERT INTO Users VALUES (620002768,'Tony','Meisner','TonyMeisner@gmail.com','MeisnerTony');
INSERT INTO Students VALUES (620002768,'UNDERGRAD','01-01-2020');
INSERT INTO Enrolled (u_id,courseCode) VALUES (620002768,'PHYS2563'),(620002768,'CHEM3617'),(620002768,'ECON2703');
INSERT INTO Users VALUES (620002769,'Dwayne','Cummings','DwayneCummings@gmail.com','CummingsDwayne');
INSERT INTO Students VALUES (620002769,'UNDERGRAD','01-01-2020');
INSERT INTO Enrolled (u_id,courseCode) VALUES (620002769,'INFO1447'),(620002769,'COMP1051'),(620002769,'PHYS2563');
INSERT INTO Users VALUES (620002770,'Hector','Colley','HectorColley@gmail.com','ColleyHector');
INSERT INTO Students VALUES (620002770,'UNDERGRAD','01-01-2020');
INSERT INTO Enrolled (u_id,courseCode) VALUES (620002770,'MATH2067'),(620002770,'ECON2387'),(620002770,'ECON1996'),(620002770,'MATH3059');
INSERT INTO Users VALUES (620002771,'Alvin','Lamar','AlvinLamar@gmail.com','LamarAlvin');
INSERT INTO Students VALUES (620002771,'UNDERGRAD','01-01-2020');
INSERT INTO Enrolled (u_id,courseCode) VALUES (620002771,'PHYS1930'),(620002771,'INFO2147'),(620002771,'CHEM2149'),(620002771,'INFO3636'),(620002771,'COMP3418'),(620002771,'MATH3179');
INSERT INTO Users VALUES (620002772,'Stephanie','Hinojosa','StephanieHinojosa@gmail.com','HinojosaStephanie');
INSERT INTO Students VALUES (620002772,'UNDERGRAD','01-01-2020');
INSERT INTO Enrolled (u_id,courseCode) VALUES (620002772,'COMP1867'),(620002772,'PHYS1140'),(620002772,'PHYS1993');
INSERT INTO Users VALUES (620002773,'Francisca','Ekberg','FranciscaEkberg@gmail.com','EkbergFrancisca');
INSERT INTO Students VALUES (620002773,'UNDERGRAD','01-01-2020');
INSERT INTO Enrolled (u_id,courseCode) VALUES (620002773,'MATH2501'),(620002773,'MATH1972'),(620002773,'BIOC2236');
INSERT INTO Users VALUES (620002774,'Earl','Mertens','EarlMertens@gmail.com','MertensEarl');
INSERT INTO Students VALUES (620002774,'UNDERGRAD','01-01-2020');
INSERT INTO Enrolled (u_id,courseCode) VALUES (620002774,'PHYS1140'),(620002774,'INFO2270'),(620002774,'CHEM3347'),(620002774,'CHEM3617'),(620002774,'CHEM2797'),(620002774,'PHYS3729');
INSERT INTO Users VALUES (620002775,'Miguel','Bradford','MiguelBradford@gmail.com','BradfordMiguel');
INSERT INTO Students VALUES (620002775,'UNDERGRAD','01-01-2020');
INSERT INTO Enrolled (u_id,courseCode) VALUES (620002775,'MATH1735'),(620002775,'COMP1460'),(620002775,'ECON1098'),(620002775,'ECON3523'),(620002775,'BIOC3191');
INSERT INTO Users VALUES (620002776,'Gordon','Mattingly','GordonMattingly@gmail.com','MattinglyGordon');
INSERT INTO Students VALUES (620002776,'UNDERGRAD','01-01-2020');
INSERT INTO Enrolled (u_id,courseCode) VALUES (620002776,'COMP3685'),(620002776,'PHYS1930'),(620002776,'ECON2722'),(620002776,'INFO2860'),(620002776,'BIOC2983');
INSERT INTO Users VALUES (620002777,'Orlando','Bourgoin','OrlandoBourgoin@gmail.com','BourgoinOrlando');
INSERT INTO Students VALUES (620002777,'UNDERGRAD','01-01-2020');
INSERT INTO Enrolled (u_id,courseCode) VALUES (620002777,'PHYS3729'),(620002777,'CHEM2697'),(620002777,'MATH3173'),(620002777,'ECON1098'),(620002777,'ECON3288');
INSERT INTO Users VALUES (620002778,'Carlos','Starks','CarlosStarks@gmail.com','StarksCarlos');
INSERT INTO Students VALUES (620002778,'UNDERGRAD','01-01-2020');
INSERT INTO Enrolled (u_id,courseCode) VALUES (620002778,'ECON3550'),(620002778,'INFO3636'),(620002778,'MATH1250'),(620002778,'COMP3639'),(620002778,'ECON3281');
INSERT INTO Users VALUES (620002779,'Kurt','Bennett','KurtBennett@gmail.com','BennettKurt');
INSERT INTO Students VALUES (620002779,'UNDERGRAD','01-01-2020');
INSERT INTO Enrolled (u_id,courseCode) VALUES (620002779,'COMP1051'),(620002779,'INFO3935'),(620002779,'INFO3636'),(620002779,'CHEM1485'),(620002779,'COMP3746');
INSERT INTO Users VALUES (620002780,'Julius','Shattuck','JuliusShattuck@gmail.com','ShattuckJulius');
INSERT INTO Students VALUES (620002780,'UNDERGRAD','01-01-2020');
INSERT INTO Enrolled (u_id,courseCode) VALUES (620002780,'INFO3868'),(620002780,'COMP3238'),(620002780,'CHEM1807'),(620002780,'CHEM1340'),(620002780,'ECON1098'),(620002780,'INFO2270');
INSERT INTO Users VALUES (620002781,'Jewell','Madsen','JewellMadsen@gmail.com','MadsenJewell');
INSERT INTO Students VALUES (620002781,'UNDERGRAD','01-01-2020');
INSERT INTO Enrolled (u_id,courseCode) VALUES (620002781,'PHYS2563'),(620002781,'INFO2860'),(620002781,'MATH3059'),(620002781,'BIOC1986'),(620002781,'CHEM1613');
INSERT INTO Users VALUES (620002782,'Blake','Meisner','BlakeMeisner@gmail.com','MeisnerBlake');
INSERT INTO Students VALUES (620002782,'UNDERGRAD','01-01-2020');
INSERT INTO Enrolled (u_id,courseCode) VALUES (620002782,'PHYS3339'),(620002782,'CHEM2005'),(620002782,'PHYS3354'),(620002782,'MATH3209'),(620002782,'BIOC2589'),(620002782,'INFO1242');
INSERT INTO Users VALUES (620002783,'Carrie','Duffie','CarrieDuffie@gmail.com','DuffieCarrie');
INSERT INTO Students VALUES (620002783,'UNDERGRAD','01-01-2020');
INSERT INTO Enrolled (u_id,courseCode) VALUES (620002783,'INFO1145'),(620002783,'INFO1242'),(620002783,'CHEM2797'),(620002783,'MATH2188');
INSERT INTO Users VALUES (620002784,'Vernon','Santos','VernonSantos@gmail.com','SantosVernon');
INSERT INTO Students VALUES (620002784,'UNDERGRAD','01-01-2020');
INSERT INTO Enrolled (u_id,courseCode) VALUES (620002784,'MATH3209'),(620002784,'BIOC1448'),(620002784,'ECON3311'),(620002784,'PHYS1979'),(620002784,'ECON1561'),(620002784,'CHEM1485');
INSERT INTO Users VALUES (620002785,'Benjamin','Robinson','BenjaminRobinson@gmail.com','RobinsonBenjamin');
INSERT INTO Students VALUES (620002785,'UNDERGRAD','01-01-2020');
INSERT INTO Enrolled (u_id,courseCode) VALUES (620002785,'MATH3209'),(620002785,'BIOC2671'),(620002785,'ECON2814'),(620002785,'COMP3047'),(620002785,'PHYS1399');
INSERT INTO Users VALUES (620002786,'Gloria','Halford','GloriaHalford@gmail.com','HalfordGloria');
INSERT INTO Students VALUES (620002786,'UNDERGRAD','01-01-2020');
INSERT INTO Enrolled (u_id,courseCode) VALUES (620002786,'ECON2814'),(620002786,'MATH2717'),(620002786,'PHYS2306'),(620002786,'INFO2636'),(620002786,'INFO3868');
INSERT INTO Users VALUES (620002787,'Roberto','Givens','RobertoGivens@gmail.com','GivensRoberto');
INSERT INTO Students VALUES (620002787,'UNDERGRAD','01-01-2020');
INSERT INTO Enrolled (u_id,courseCode) VALUES (620002787,'BIOC1448'),(620002787,'PHYS1993'),(620002787,'COMP3685'),(620002787,'COMP1573'),(620002787,'PHYS1173'),(620002787,'COMP3697');
INSERT INTO Users VALUES (620002788,'Rhonda','James','RhondaJames@gmail.com','JamesRhonda');
INSERT INTO Students VALUES (620002788,'UNDERGRAD','01-01-2020');
INSERT INTO Enrolled (u_id,courseCode) VALUES (620002788,'COMP2361'),(620002788,'ECON1645'),(620002788,'INFO2213');
INSERT INTO Users VALUES (620002789,'Randall','Crespo','RandallCrespo@gmail.com','CrespoRandall');
INSERT INTO Students VALUES (620002789,'UNDERGRAD','01-01-2020');
INSERT INTO Enrolled (u_id,courseCode) VALUES (620002789,'CHEM2031'),(620002789,'MATH3173'),(620002789,'CHEM2005');
INSERT INTO Users VALUES (620002790,'Cleveland','Amberg','ClevelandAmberg@gmail.com','AmbergCleveland');
INSERT INTO Students VALUES (620002790,'UNDERGRAD','01-01-2020');
INSERT INTO Enrolled (u_id,courseCode) VALUES (620002790,'CHEM1613'),(620002790,'BIOC1104'),(620002790,'CHEM3793'),(620002790,'INFO3868');
INSERT INTO Users VALUES (620002791,'Rosa','Ferretti','RosaFerretti@gmail.com','FerrettiRosa');
INSERT INTO Students VALUES (620002791,'UNDERGRAD','01-01-2020');
INSERT INTO Enrolled (u_id,courseCode) VALUES (620002791,'CHEM3888'),(620002791,'PHYS2667'),(620002791,'INFO2813'),(620002791,'CHEM2697'),(620002791,'PHYS2338');
INSERT INTO Users VALUES (620002792,'Cliff','Howe','CliffHowe@gmail.com','HoweCliff');
INSERT INTO Students VALUES (620002792,'UNDERGRAD','01-01-2020');
INSERT INTO Enrolled (u_id,courseCode) VALUES (620002792,'BIOC3604'),(620002792,'PHYS2117'),(620002792,'CHEM1807'),(620002792,'MATH2550');
INSERT INTO Users VALUES (620002793,'Joe','Mccarthy','JoeMccarthy@gmail.com','MccarthyJoe');
INSERT INTO Students VALUES (620002793,'UNDERGRAD','01-01-2020');
INSERT INTO Enrolled (u_id,courseCode) VALUES (620002793,'MATH3844'),(620002793,'COMP1184'),(620002793,'MATH1250'),(620002793,'MATH1578');
INSERT INTO Users VALUES (620002794,'William','Klein','WilliamKlein@gmail.com','KleinWilliam');
INSERT INTO Students VALUES (620002794,'UNDERGRAD','01-01-2020');
INSERT INTO Enrolled (u_id,courseCode) VALUES (620002794,'MATH3059'),(620002794,'BIOC1164'),(620002794,'BIOC1986'),(620002794,'BIOC1439'),(620002794,'ECON1783'),(620002794,'INFO1990');
INSERT INTO Users VALUES (620002795,'Sarah','Mccarthy','SarahMccarthy@gmail.com','MccarthySarah');
INSERT INTO Students VALUES (620002795,'UNDERGRAD','01-01-2020');
INSERT INTO Enrolled (u_id,courseCode) VALUES (620002795,'MATH3029'),(620002795,'COMP3167'),(620002795,'CHEM3793'),(620002795,'PHYS2977'),(620002795,'INFO2213');
INSERT INTO Users VALUES (620002796,'Margaret','Rice','MargaretRice@gmail.com','RiceMargaret');
INSERT INTO Students VALUES (620002796,'UNDERGRAD','01-01-2020');
INSERT INTO Enrolled (u_id,courseCode) VALUES (620002796,'COMP2361'),(620002796,'BIOC1164'),(620002796,'MATH3029');
INSERT INTO Users VALUES (620002797,'Walter','Danker','WalterDanker@gmail.com','DankerWalter');
INSERT INTO Students VALUES (620002797,'UNDERGRAD','01-01-2020');
INSERT INTO Enrolled (u_id,courseCode) VALUES (620002797,'INFO1825'),(620002797,'ECON2722'),(620002797,'INFO3935');
INSERT INTO Users VALUES (620002798,'Terri','Pere','TerriPere@gmail.com','PereTerri');
INSERT INTO Students VALUES (620002798,'UNDERGRAD','01-01-2020');
INSERT INTO Enrolled (u_id,courseCode) VALUES (620002798,'MATH3222'),(620002798,'PHYS3729'),(620002798,'BIOC1534');
INSERT INTO Users VALUES (620002799,'Denise','Baccus','DeniseBaccus@gmail.com','BaccusDenise');
INSERT INTO Students VALUES (620002799,'UNDERGRAD','01-01-2020');
INSERT INTO Enrolled (u_id,courseCode) VALUES (620002799,'COMP3639'),(620002799,'COMP2965'),(620002799,'ECON1561'),(620002799,'MATH1648'),(620002799,'ECON3228'),(620002799,'BIOC1910');
INSERT INTO Users VALUES (620002800,'Erin','Mchenry','ErinMchenry@gmail.com','MchenryErin');
INSERT INTO Students VALUES (620002800,'UNDERGRAD','01-01-2020');
INSERT INTO Enrolled (u_id,courseCode) VALUES (620002800,'BIOC1439'),(620002800,'MATH3179'),(620002800,'COMP3697'),(620002800,'CHEM3614');
INSERT INTO Users VALUES (620002801,'Wanda','Letchworth','WandaLetchworth@gmail.com','LetchworthWanda');
INSERT INTO Students VALUES (620002801,'UNDERGRAD','01-01-2020');
INSERT INTO Enrolled (u_id,courseCode) VALUES (620002801,'ECON2345'),(620002801,'INFO2337'),(620002801,'INFO3868'),(620002801,'INFO2559'),(620002801,'ECON3447');
INSERT INTO Users VALUES (620002802,'Stephanie','Bennett','StephanieBennett@gmail.com','BennettStephanie');
INSERT INTO Students VALUES (620002802,'UNDERGRAD','01-01-2020');
INSERT INTO Enrolled (u_id,courseCode) VALUES (620002802,'PHYS1979'),(620002802,'PHYS2229'),(620002802,'BIOC2054');
INSERT INTO Users VALUES (620002803,'Jonathan','Blackwell','JonathanBlackwell@gmail.com','BlackwellJonathan');
INSERT INTO Students VALUES (620002803,'UNDERGRAD','01-01-2020');
INSERT INTO Enrolled (u_id,courseCode) VALUES (620002803,'CHEM2065'),(620002803,'CHEM3327'),(620002803,'ECON3550');
INSERT INTO Users VALUES (620002804,'Evelyn','Givens','EvelynGivens@gmail.com','GivensEvelyn');
INSERT INTO Students VALUES (620002804,'UNDERGRAD','01-01-2020');
INSERT INTO Enrolled (u_id,courseCode) VALUES (620002804,'ECON3737'),(620002804,'INFO1145'),(620002804,'CHEM1485'),(620002804,'INFO2950'),(620002804,'PHYS2306'),(620002804,'INFO2636');
INSERT INTO Users VALUES (620002805,'Roberta','Harrington','RobertaHarrington@gmail.com','HarringtonRoberta');
INSERT INTO Students VALUES (620002805,'UNDERGRAD','01-01-2020');
INSERT INTO Enrolled (u_id,courseCode) VALUES (620002805,'PHYS3876'),(620002805,'ECON3447'),(620002805,'CHEM2867'),(620002805,'COMP1543');
INSERT INTO Users VALUES (620002806,'Jacqueline','Robles','JacquelineRobles@gmail.com','RoblesJacqueline');
INSERT INTO Students VALUES (620002806,'UNDERGRAD','01-01-2020');
INSERT INTO Enrolled (u_id,courseCode) VALUES (620002806,'PHYS2451'),(620002806,'COMP2361'),(620002806,'COMP3418');
INSERT INTO Users VALUES (620002807,'James','Larry','JamesLarry@gmail.com','LarryJames');
INSERT INTO Students VALUES (620002807,'UNDERGRAD','01-01-2020');
INSERT INTO Enrolled (u_id,courseCode) VALUES (620002807,'CHEM2065'),(620002807,'MATH1454'),(620002807,'ECON2703'),(620002807,'CHEM3327'),(620002807,'MATH2717'),(620002807,'BIOC2981');
INSERT INTO Users VALUES (620002808,'Ben','Lopez','BenLopez@gmail.com','LopezBen');
INSERT INTO Students VALUES (620002808,'UNDERGRAD','01-01-2020');
INSERT INTO Enrolled (u_id,courseCode) VALUES (620002808,'PHYS1140'),(620002808,'MATH1148'),(620002808,'COMP3639');
INSERT INTO Users VALUES (620002809,'Tanya','Lockwood','TanyaLockwood@gmail.com','LockwoodTanya');
INSERT INTO Students VALUES (620002809,'UNDERGRAD','01-01-2020');
INSERT INTO Enrolled (u_id,courseCode) VALUES (620002809,'BIOC1744'),(620002809,'ECON3989'),(620002809,'MATH3844'),(620002809,'INFO3419'),(620002809,'PHYS3659'),(620002809,'INFO1447');
INSERT INTO Users VALUES (620002810,'Nicholas','Lockwood','NicholasLockwood@gmail.com','LockwoodNicholas');
INSERT INTO Students VALUES (620002810,'UNDERGRAD','01-01-2020');
INSERT INTO Enrolled (u_id,courseCode) VALUES (620002810,'ECON1645'),(620002810,'COMP2651'),(620002810,'BIOC3604');
INSERT INTO Users VALUES (620002811,'Taylor','Granado','TaylorGranado@gmail.com','GranadoTaylor');
INSERT INTO Students VALUES (620002811,'UNDERGRAD','01-01-2020');
INSERT INTO Enrolled (u_id,courseCode) VALUES (620002811,'CHEM2797'),(620002811,'MATH3544'),(620002811,'INFO2521'),(620002811,'INFO2950');
INSERT INTO Users VALUES (620002812,'Peggy','Wilson','PeggyWilson@gmail.com','WilsonPeggy');
INSERT INTO Students VALUES (620002812,'UNDERGRAD','01-01-2020');
INSERT INTO Enrolled (u_id,courseCode) VALUES (620002812,'COMP3849'),(620002812,'INFO1145'),(620002812,'INFO3868'),(620002812,'COMP1357');
INSERT INTO Users VALUES (620002813,'Tia','Thomas','TiaThomas@gmail.com','ThomasTia');
INSERT INTO Students VALUES (620002813,'UNDERGRAD','01-01-2020');
INSERT INTO Enrolled (u_id,courseCode) VALUES (620002813,'INFO1833'),(620002813,'MATH1578'),(620002813,'MATH2501'),(620002813,'ECON2703'),(620002813,'ECON3372');
INSERT INTO Users VALUES (620002814,'Deanna','Russ','DeannaRuss@gmail.com','RussDeanna');
INSERT INTO Students VALUES (620002814,'UNDERGRAD','01-01-2020');
INSERT INTO Enrolled (u_id,courseCode) VALUES (620002814,'COMP3685'),(620002814,'ECON3004'),(620002814,'ECON3311'),(620002814,'CHEM1807');
INSERT INTO Users VALUES (620002815,'Jessie','Ryan','JessieRyan@gmail.com','RyanJessie');
INSERT INTO Students VALUES (620002815,'UNDERGRAD','01-01-2020');
INSERT INTO Enrolled (u_id,courseCode) VALUES (620002815,'PHYS2563'),(620002815,'MATH3173'),(620002815,'BIOC1866');
INSERT INTO Users VALUES (620002816,'Gordon','Prince','GordonPrince@gmail.com','PrinceGordon');
INSERT INTO Students VALUES (620002816,'UNDERGRAD','01-01-2020');
INSERT INTO Enrolled (u_id,courseCode) VALUES (620002816,'MATH3544'),(620002816,'ECON2814'),(620002816,'MATH3173'),(620002816,'INFO3868'),(620002816,'INFO1145');
INSERT INTO Users VALUES (620002817,'Alice','Jaworski','AliceJaworski@gmail.com','JaworskiAlice');
INSERT INTO Students VALUES (620002817,'UNDERGRAD','01-01-2020');
INSERT INTO Enrolled (u_id,courseCode) VALUES (620002817,'ECON3281'),(620002817,'PHYS1140'),(620002817,'COMP2965'),(620002817,'MATH1148'),(620002817,'CHEM2066');
INSERT INTO Users VALUES (620002818,'Jamison','Vargas','JamisonVargas@gmail.com','VargasJamison');
INSERT INTO Students VALUES (620002818,'UNDERGRAD','01-01-2020');
INSERT INTO Enrolled (u_id,courseCode) VALUES (620002818,'BIOC1052'),(620002818,'PHYS1993'),(620002818,'COMP3849'),(620002818,'BIOC1598');
INSERT INTO Users VALUES (620002819,'Louis','Decker','LouisDecker@gmail.com','DeckerLouis');
INSERT INTO Students VALUES (620002819,'UNDERGRAD','01-01-2020');
INSERT INTO Enrolled (u_id,courseCode) VALUES (620002819,'ECON3020'),(620002819,'INFO1242'),(620002819,'CHEM3347'),(620002819,'MATH3222'),(620002819,'PHYS2977'),(620002819,'PHYS2238');
INSERT INTO Users VALUES (620002820,'Dennis','Baptiste','DennisBaptiste@gmail.com','BaptisteDennis');
INSERT INTO Students VALUES (620002820,'UNDERGRAD','01-01-2020');
INSERT INTO Enrolled (u_id,courseCode) VALUES (620002820,'MATH2957'),(620002820,'MATH1454'),(620002820,'INFO1833'),(620002820,'ECON3311'),(620002820,'PHYS2451');
INSERT INTO Users VALUES (620002821,'Georgie','Eubank','GeorgieEubank@gmail.com','EubankGeorgie');
INSERT INTO Students VALUES (620002821,'UNDERGRAD','01-01-2020');
INSERT INTO Enrolled (u_id,courseCode) VALUES (620002821,'COMP2541'),(620002821,'ECON3288'),(620002821,'CHEM3614'),(620002821,'INFO2716'),(620002821,'BIOC1534');
INSERT INTO Users VALUES (620002822,'Vickie','Hardman','VickieHardman@gmail.com','HardmanVickie');
INSERT INTO Students VALUES (620002822,'UNDERGRAD','01-01-2020');
INSERT INTO Enrolled (u_id,courseCode) VALUES (620002822,'CHEM2727'),(620002822,'ECON2814'),(620002822,'INFO2811'),(620002822,'ECON3311'),(620002822,'BIOC3604');
INSERT INTO Users VALUES (620002823,'Louis','Deen','LouisDeen@gmail.com','DeenLouis');
INSERT INTO Students VALUES (620002823,'UNDERGRAD','01-01-2020');
INSERT INTO Enrolled (u_id,courseCode) VALUES (620002823,'INFO1145'),(620002823,'ECON1458'),(620002823,'MATH1578');
INSERT INTO Users VALUES (620002824,'Brian','Jensen','BrianJensen@gmail.com','JensenBrian');
INSERT INTO Students VALUES (620002824,'UNDERGRAD','01-01-2020');
INSERT INTO Enrolled (u_id,courseCode) VALUES (620002824,'INFO2813'),(620002824,'MATH3688'),(620002824,'MATH2550'),(620002824,'PHYS3354'),(620002824,'COMP1051');
INSERT INTO Users VALUES (620002825,'Delia','Mchenry','DeliaMchenry@gmail.com','MchenryDelia');
INSERT INTO Students VALUES (620002825,'UNDERGRAD','01-01-2020');
INSERT INTO Enrolled (u_id,courseCode) VALUES (620002825,'COMP3173'),(620002825,'INFO3603'),(620002825,'PHYS3339'),(620002825,'PHYS3464'),(620002825,'BIOC3604');
INSERT INTO Users VALUES (620002826,'Kurt','Spohn','KurtSpohn@gmail.com','SpohnKurt');
INSERT INTO Students VALUES (620002826,'UNDERGRAD','01-01-2020');
INSERT INTO Enrolled (u_id,courseCode) VALUES (620002826,'MATH1309'),(620002826,'MATH3544'),(620002826,'INFO1825'),(620002826,'COMP2080'),(620002826,'ECON3063');
INSERT INTO Users VALUES (620002827,'Larry','Smith','LarrySmith@gmail.com','SmithLarry');
INSERT INTO Students VALUES (620002827,'UNDERGRAD','01-01-2020');
INSERT INTO Enrolled (u_id,courseCode) VALUES (620002827,'MATH1262'),(620002827,'BIOC3721'),(620002827,'MATH1148'),(620002827,'CHEM2446'),(620002827,'CHEM3347');
INSERT INTO Users VALUES (620002828,'Katherine','Mcalister','KatherineMcalister@gmail.com','McalisterKatherine');
INSERT INTO Students VALUES (620002828,'UNDERGRAD','01-01-2020');
INSERT INTO Enrolled (u_id,courseCode) VALUES (620002828,'MATH1454'),(620002828,'PHYS1173'),(620002828,'CHEM2867'),(620002828,'PHYS1930'),(620002828,'COMP2965'),(620002828,'BIOC3341');
INSERT INTO Users VALUES (620002829,'Patricia','Shattuck','PatriciaShattuck@gmail.com','ShattuckPatricia');
INSERT INTO Students VALUES (620002829,'UNDERGRAD','01-01-2020');
INSERT INTO Enrolled (u_id,courseCode) VALUES (620002829,'CHEM2446'),(620002829,'COMP3697'),(620002829,'INFO2559'),(620002829,'ECON3228'),(620002829,'INFO2950'),(620002829,'PHYS1173');
INSERT INTO Users VALUES (620002830,'Stephanie','White','StephanieWhite@gmail.com','WhiteStephanie');
INSERT INTO Students VALUES (620002830,'UNDERGRAD','01-01-2020');
INSERT INTO Enrolled (u_id,courseCode) VALUES (620002830,'MATH2957'),(620002830,'MATH3857'),(620002830,'BIOC2550'),(620002830,'INFO2521');
INSERT INTO Users VALUES (620002831,'Roberto','Vanwyck','RobertoVanwyck@gmail.com','VanwyckRoberto');
INSERT INTO Students VALUES (620002831,'UNDERGRAD','01-01-2020');
INSERT INTO Enrolled (u_id,courseCode) VALUES (620002831,'INFO3935'),(620002831,'INFO1014'),(620002831,'INFO3636'),(620002831,'INFO2811');
INSERT INTO Users VALUES (620002832,'Margaret','Bras','MargaretBras@gmail.com','BrasMargaret');
INSERT INTO Students VALUES (620002832,'UNDERGRAD','01-01-2020');
INSERT INTO Enrolled (u_id,courseCode) VALUES (620002832,'MATH3844'),(620002832,'COMP2651'),(620002832,'CHEM3327'),(620002832,'INFO3603'),(620002832,'PHYS2667');
INSERT INTO Users VALUES (620002833,'Glenda','Harrington','GlendaHarrington@gmail.com','HarringtonGlenda');
INSERT INTO Students VALUES (620002833,'UNDERGRAD','01-01-2020');
INSERT INTO Enrolled (u_id,courseCode) VALUES (620002833,'CHEM2604'),(620002833,'CHEM1485'),(620002833,'CHEM3793');
INSERT INTO Users VALUES (620002834,'Delia','Horth','DeliaHorth@gmail.com','HorthDelia');
INSERT INTO Students VALUES (620002834,'UNDERGRAD','01-01-2020');
INSERT INTO Enrolled (u_id,courseCode) VALUES (620002834,'BIOC2236'),(620002834,'MATH3059'),(620002834,'BIOC3721'),(620002834,'INFO3868'),(620002834,'BIOC2981'),(620002834,'INFO2636');
INSERT INTO Users VALUES (620002835,'Jesus','Felipe','JesusFelipe@gmail.com','FelipeJesus');
INSERT INTO Students VALUES (620002835,'UNDERGRAD','01-01-2020');
INSERT INTO Enrolled (u_id,courseCode) VALUES (620002835,'COMP2651'),(620002835,'CHEM2220'),(620002835,'CHEM2031');
INSERT INTO Users VALUES (620002836,'Orlando','Hawkins','OrlandoHawkins@gmail.com','HawkinsOrlando');
INSERT INTO Students VALUES (620002836,'UNDERGRAD','01-01-2020');
INSERT INTO Enrolled (u_id,courseCode) VALUES (620002836,'COMP2651'),(620002836,'PHYS2113'),(620002836,'INFO2860'),(620002836,'ECON1996'),(620002836,'BIOC2981');
INSERT INTO Users VALUES (620002837,'Josh','Carrillo','JoshCarrillo@gmail.com','CarrilloJosh');
INSERT INTO Students VALUES (620002837,'UNDERGRAD','01-01-2020');
INSERT INTO Enrolled (u_id,courseCode) VALUES (620002837,'CHEM2149'),(620002837,'PHYS2451'),(620002837,'ECON2814'),(620002837,'CHEM2177');
INSERT INTO Users VALUES (620002838,'Helen','Golden','HelenGolden@gmail.com','GoldenHelen');
INSERT INTO Students VALUES (620002838,'UNDERGRAD','01-01-2020');
INSERT INTO Enrolled (u_id,courseCode) VALUES (620002838,'CHEM3747'),(620002838,'ECON3276'),(620002838,'CHEM2066'),(620002838,'ECON3447'),(620002838,'PHYS2238'),(620002838,'MATH1648');
INSERT INTO Users VALUES (620002839,'Keith','Mccarthy','KeithMccarthy@gmail.com','MccarthyKeith');
INSERT INTO Students VALUES (620002839,'UNDERGRAD','01-01-2020');
INSERT INTO Enrolled (u_id,courseCode) VALUES (620002839,'INFO1648'),(620002839,'ECON2703'),(620002839,'CHEM3888');
INSERT INTO Users VALUES (620002840,'Betty','Brown','BettyBrown@gmail.com','BrownBetty');
INSERT INTO Students VALUES (620002840,'UNDERGRAD','01-01-2020');
INSERT INTO Enrolled (u_id,courseCode) VALUES (620002840,'ECON2703'),(620002840,'INFO2636'),(620002840,'PHYS3659');
INSERT INTO Users VALUES (620002841,'Dennis','Daniels','DennisDaniels@gmail.com','DanielsDennis');
INSERT INTO Students VALUES (620002841,'UNDERGRAD','01-01-2020');
INSERT INTO Enrolled (u_id,courseCode) VALUES (620002841,'CHEM1340'),(620002841,'CHEM2066'),(620002841,'BIOC2589');
INSERT INTO Users VALUES (620002842,'Sharon','Rodriguez','SharonRodriguez@gmail.com','RodriguezSharon');
INSERT INTO Students VALUES (620002842,'UNDERGRAD','01-01-2020');
INSERT INTO Enrolled (u_id,courseCode) VALUES (620002842,'INFO1447'),(620002842,'CHEM3747'),(620002842,'MATH3059'),(620002842,'INFO3868'),(620002842,'INFO1288');
INSERT INTO Users VALUES (620002843,'Nathan','Chappell','NathanChappell@gmail.com','ChappellNathan');
INSERT INTO Students VALUES (620002843,'UNDERGRAD','01-01-2020');
INSERT INTO Enrolled (u_id,courseCode) VALUES (620002843,'COMP3238'),(620002843,'ECON1498'),(620002843,'ECON2345'),(620002843,'COMP2400');
INSERT INTO Users VALUES (620002844,'Adelia','Carlson','AdeliaCarlson@gmail.com','CarlsonAdelia');
INSERT INTO Students VALUES (620002844,'UNDERGRAD','01-01-2020');
INSERT INTO Enrolled (u_id,courseCode) VALUES (620002844,'PHYS2229'),(620002844,'CHEM1807'),(620002844,'PHYS2977'),(620002844,'COMP2965'),(620002844,'CHEM1340'),(620002844,'ECON2814');
INSERT INTO Users VALUES (620002845,'Larry','Jackson','LarryJackson@gmail.com','JacksonLarry');
INSERT INTO Students VALUES (620002845,'UNDERGRAD','01-01-2020');
INSERT INTO Enrolled (u_id,courseCode) VALUES (620002845,'ECON3737'),(620002845,'COMP1867'),(620002845,'BIOC1164'),(620002845,'MATH2801');
INSERT INTO Users VALUES (620002846,'Terri','Spohn','TerriSpohn@gmail.com','SpohnTerri');
INSERT INTO Students VALUES (620002846,'UNDERGRAD','01-01-2020');
INSERT INTO Enrolled (u_id,courseCode) VALUES (620002846,'CHEM1340'),(620002846,'CHEM2867'),(620002846,'ECON3523'),(620002846,'PHYS1173');
INSERT INTO Users VALUES (620002847,'Joseph','Culpepper','JosephCulpepper@gmail.com','CulpepperJoseph');
INSERT INTO Students VALUES (620002847,'UNDERGRAD','01-01-2020');
INSERT INTO Enrolled (u_id,courseCode) VALUES (620002847,'COMP2400'),(620002847,'ECON2387'),(620002847,'MATH3857'),(620002847,'ECON1783'),(620002847,'ECON3228'),(620002847,'COMP3418');
INSERT INTO Users VALUES (620002848,'Alice','Siple','AliceSiple@gmail.com','SipleAlice');
INSERT INTO Students VALUES (620002848,'UNDERGRAD','01-01-2020');
INSERT INTO Enrolled (u_id,courseCode) VALUES (620002848,'MATH3222'),(620002848,'ECON2345'),(620002848,'BIOC2236');
INSERT INTO Users VALUES (620002849,'Willie','Prince','WilliePrince@gmail.com','PrinceWillie');
INSERT INTO Students VALUES (620002849,'UNDERGRAD','01-01-2020');
INSERT INTO Enrolled (u_id,courseCode) VALUES (620002849,'PHYS1930'),(620002849,'COMP3746'),(620002849,'INFO2797'),(620002849,'PHYS2238'),(620002849,'CHEM2604');
INSERT INTO Users VALUES (620002850,'Samuel','Mejias','SamuelMejias@gmail.com','MejiasSamuel');
INSERT INTO Students VALUES (620002850,'UNDERGRAD','01-01-2020');
INSERT INTO Enrolled (u_id,courseCode) VALUES (620002850,'CHEM2481'),(620002850,'CHEM2604'),(620002850,'INFO2860');
INSERT INTO Users VALUES (620002851,'Maria','Lopez','MariaLopez@gmail.com','LopezMaria');
INSERT INTO Students VALUES (620002851,'UNDERGRAD','01-01-2020');
INSERT INTO Enrolled (u_id,courseCode) VALUES (620002851,'CHEM2149'),(620002851,'ECON2814'),(620002851,'INFO1014'),(620002851,'BIOC3230');
INSERT INTO Users VALUES (620002852,'Reginald','Barron','ReginaldBarron@gmail.com','BarronReginald');
INSERT INTO Students VALUES (620002852,'UNDERGRAD','01-01-2020');
INSERT INTO Enrolled (u_id,courseCode) VALUES (620002852,'ECON1458'),(620002852,'ECON3523'),(620002852,'ECON1098'),(620002852,'PHYS2977'),(620002852,'MATH2957'),(620002852,'CHEM1485');
INSERT INTO Users VALUES (620002853,'Lori','Mcneill','LoriMcneill@gmail.com','McneillLori');
INSERT INTO Students VALUES (620002853,'UNDERGRAD','01-01-2020');
INSERT INTO Enrolled (u_id,courseCode) VALUES (620002853,'CHEM2697'),(620002853,'CHEM2149'),(620002853,'PHYS2113'),(620002853,'PHYS1930');
INSERT INTO Users VALUES (620002854,'Susan','Estrada','SusanEstrada@gmail.com','EstradaSusan');
INSERT INTO Students VALUES (620002854,'UNDERGRAD','01-01-2020');
INSERT INTO Enrolled (u_id,courseCode) VALUES (620002854,'MATH2067'),(620002854,'CHEM2220'),(620002854,'PHYS3339'),(620002854,'COMP2541'),(620002854,'INFO2950');
INSERT INTO Users VALUES (620002855,'Timothy','Bennett','TimothyBennett@gmail.com','BennettTimothy');
INSERT INTO Students VALUES (620002855,'UNDERGRAD','01-01-2020');
INSERT INTO Enrolled (u_id,courseCode) VALUES (620002855,'BIOC1439'),(620002855,'MATH3173'),(620002855,'CHEM2697'),(620002855,'MATH2957');
INSERT INTO Users VALUES (620002856,'Demetrice','Stovall','DemetriceStovall@gmail.com','StovallDemetrice');
INSERT INTO Students VALUES (620002856,'UNDERGRAD','01-01-2020');
INSERT INTO Enrolled (u_id,courseCode) VALUES (620002856,'ECON3311'),(620002856,'MATH2717'),(620002856,'INFO2213'),(620002856,'ECON3288'),(620002856,'CHEM1613');
INSERT INTO Users VALUES (620002857,'Miss','Garcia','MissGarcia@gmail.com','GarciaMiss');
INSERT INTO Students VALUES (620002857,'UNDERGRAD','01-01-2020');
INSERT INTO Enrolled (u_id,courseCode) VALUES (620002857,'ECON2722'),(620002857,'BIOC1725'),(620002857,'MATH1250'),(620002857,'COMP3047'),(620002857,'ECON1230'),(620002857,'BIOC1744');
INSERT INTO Users VALUES (620002858,'Nicholas','Lyford','NicholasLyford@gmail.com','LyfordNicholas');
INSERT INTO Students VALUES (620002858,'UNDERGRAD','01-01-2020');
INSERT INTO Enrolled (u_id,courseCode) VALUES (620002858,'MATH1262'),(620002858,'BIOC1485'),(620002858,'MATH1309'),(620002858,'MATH3844'),(620002858,'COMP3746');
INSERT INTO Users VALUES (620002859,'Francisca','Lavoy','FranciscaLavoy@gmail.com','LavoyFrancisca');
INSERT INTO Students VALUES (620002859,'UNDERGRAD','01-01-2020');
INSERT INTO Enrolled (u_id,courseCode) VALUES (620002859,'COMP2651'),(620002859,'INFO2337'),(620002859,'COMP2400'),(620002859,'ECON2722');
INSERT INTO Users VALUES (620002860,'Greg','Armstead','GregArmstead@gmail.com','ArmsteadGreg');
INSERT INTO Students VALUES (620002860,'UNDERGRAD','01-01-2020');
INSERT INTO Enrolled (u_id,courseCode) VALUES (620002860,'CHEM1340'),(620002860,'MATH2801'),(620002860,'MATH2501'),(620002860,'BIOC1052'),(620002860,'CHEM2065');
INSERT INTO Users VALUES (620002861,'Mark','Harness','MarkHarness@gmail.com','HarnessMark');
INSERT INTO Students VALUES (620002861,'UNDERGRAD','01-01-2020');
INSERT INTO Enrolled (u_id,courseCode) VALUES (620002861,'MATH1735'),(620002861,'COMP1357'),(620002861,'BIOC1439'),(620002861,'INFO2270');
INSERT INTO Users VALUES (620002862,'Angela','Felipe','AngelaFelipe@gmail.com','FelipeAngela');
INSERT INTO Students VALUES (620002862,'UNDERGRAD','01-01-2020');
INSERT INTO Enrolled (u_id,courseCode) VALUES (620002862,'COMP3418'),(620002862,'INFO2716'),(620002862,'ECON2703'),(620002862,'COMP2400');
INSERT INTO Users VALUES (620002863,'Matthew','Hernandez','MatthewHernandez@gmail.com','HernandezMatthew');
INSERT INTO Students VALUES (620002863,'UNDERGRAD','01-01-2020');
INSERT INTO Enrolled (u_id,courseCode) VALUES (620002863,'ECON3004'),(620002863,'BIOC1104'),(620002863,'INFO2636'),(620002863,'MATH3844'),(620002863,'BIOC1598'),(620002863,'ECON1012');
INSERT INTO Users VALUES (620002864,'Cleveland','Morey','ClevelandMorey@gmail.com','MoreyCleveland');
INSERT INTO Students VALUES (620002864,'UNDERGRAD','01-01-2020');
INSERT INTO Enrolled (u_id,courseCode) VALUES (620002864,'COMP2080'),(620002864,'PHYS3052'),(620002864,'CHEM2481');
INSERT INTO Users VALUES (620002865,'Tiara','Hunter','TiaraHunter@gmail.com','HunterTiara');
INSERT INTO Students VALUES (620002865,'UNDERGRAD','01-01-2020');
INSERT INTO Enrolled (u_id,courseCode) VALUES (620002865,'COMP3084'),(620002865,'ECON1098'),(620002865,'COMP3506');
INSERT INTO Users VALUES (620002866,'Jake','Lemieux','JakeLemieux@gmail.com','LemieuxJake');
INSERT INTO Students VALUES (620002866,'UNDERGRAD','01-01-2020');
INSERT INTO Enrolled (u_id,courseCode) VALUES (620002866,'ECON3281'),(620002866,'BIOC1744'),(620002866,'INFO2813');
INSERT INTO Users VALUES (620002867,'Matthew','Jaworski','MatthewJaworski@gmail.com','JaworskiMatthew');
INSERT INTO Students VALUES (620002867,'UNDERGRAD','01-01-2020');
INSERT INTO Enrolled (u_id,courseCode) VALUES (620002867,'BIOC1910'),(620002867,'ECON1561'),(620002867,'INFO2147');
INSERT INTO Users VALUES (620002868,'Maria','Turkus','MariaTurkus@gmail.com','TurkusMaria');
INSERT INTO Students VALUES (620002868,'UNDERGRAD','01-01-2020');
INSERT INTO Enrolled (u_id,courseCode) VALUES (620002868,'MATH3857'),(620002868,'COMP1573'),(620002868,'PHYS3339'),(620002868,'COMP2077'),(620002868,'MATH2801'),(620002868,'BIOC3191');
INSERT INTO Users VALUES (620002869,'Randall','Carlyle','RandallCarlyle@gmail.com','CarlyleRandall');
INSERT INTO Students VALUES (620002869,'UNDERGRAD','01-01-2020');
INSERT INTO Enrolled (u_id,courseCode) VALUES (620002869,'COMP1543'),(620002869,'CHEM1807'),(620002869,'BIOC3604'),(620002869,'ECON2722');
INSERT INTO Users VALUES (620002870,'Thomas','Shani','ThomasShani@gmail.com','ShaniThomas');
INSERT INTO Students VALUES (620002870,'UNDERGRAD','01-01-2020');
INSERT INTO Enrolled (u_id,courseCode) VALUES (620002870,'PHYS1930'),(620002870,'ECON3020'),(620002870,'BIOC3230'),(620002870,'COMP3536'),(620002870,'PHYS1399'),(620002870,'MATH1735');
INSERT INTO Users VALUES (620002871,'Cleveland','Macpartland','ClevelandMacpartland@gmail.com','MacpartlandCleveland');
INSERT INTO Students VALUES (620002871,'UNDERGRAD','01-01-2020');
INSERT INTO Enrolled (u_id,courseCode) VALUES (620002871,'BIOC1052'),(620002871,'COMP2541'),(620002871,'BIOC1448');
INSERT INTO Users VALUES (620002872,'Jennifer','Marshall','JenniferMarshall@gmail.com','MarshallJennifer');
INSERT INTO Students VALUES (620002872,'UNDERGRAD','01-01-2020');
INSERT INTO Enrolled (u_id,courseCode) VALUES (620002872,'INFO2270'),(620002872,'BIOC3191'),(620002872,'COMP1460'),(620002872,'ECON1645'),(620002872,'MATH1454');
INSERT INTO Users VALUES (620002873,'Nathan','Huffman','NathanHuffman@gmail.com','HuffmanNathan');
INSERT INTO Students VALUES (620002873,'UNDERGRAD','01-01-2020');
INSERT INTO Enrolled (u_id,courseCode) VALUES (620002873,'PHYS3876'),(620002873,'COMP1573'),(620002873,'INFO3868'),(620002873,'ECON1170'),(620002873,'INFO2716');
INSERT INTO Users VALUES (620002874,'Katie','Hoyer','KatieHoyer@gmail.com','HoyerKatie');
INSERT INTO Students VALUES (620002874,'UNDERGRAD','01-01-2020');
INSERT INTO Enrolled (u_id,courseCode) VALUES (620002874,'MATH3544'),(620002874,'INFO1648'),(620002874,'INFO2270'),(620002874,'COMP1573'),(620002874,'CHEM2065'),(620002874,'ECON2814');
INSERT INTO Users VALUES (620002875,'Weldon','Evans','WeldonEvans@gmail.com','EvansWeldon');
INSERT INTO Students VALUES (620002875,'UNDERGRAD','01-01-2020');
INSERT INTO Enrolled (u_id,courseCode) VALUES (620002875,'COMP3685'),(620002875,'PHYS1979'),(620002875,'COMP3238'),(620002875,'CHEM2066');
INSERT INTO Users VALUES (620002876,'Susan','Winner','SusanWinner@gmail.com','WinnerSusan');
INSERT INTO Students VALUES (620002876,'UNDERGRAD','01-01-2020');
INSERT INTO Enrolled (u_id,courseCode) VALUES (620002876,'ECON1996'),(620002876,'ECON1589'),(620002876,'PHYS2113');
INSERT INTO Users VALUES (620002877,'Randy','Stovall','RandyStovall@gmail.com','StovallRandy');
INSERT INTO Students VALUES (620002877,'UNDERGRAD','01-01-2020');
INSERT INTO Enrolled (u_id,courseCode) VALUES (620002877,'PHYS1140'),(620002877,'CHEM2177'),(620002877,'MATH2957');
INSERT INTO Users VALUES (620002878,'Joe','Alexander','JoeAlexander@gmail.com','AlexanderJoe');
INSERT INTO Students VALUES (620002878,'UNDERGRAD','01-01-2020');
INSERT INTO Enrolled (u_id,courseCode) VALUES (620002878,'BIOC3341'),(620002878,'MATH1638'),(620002878,'COMP1867'),(620002878,'INFO1447'),(620002878,'BIOC1744');
INSERT INTO Users VALUES (620002879,'Magdalen','Hudson','MagdalenHudson@gmail.com','HudsonMagdalen');
INSERT INTO Students VALUES (620002879,'UNDERGRAD','01-01-2020');
INSERT INTO Enrolled (u_id,courseCode) VALUES (620002879,'COMP3047'),(620002879,'ECON1561'),(620002879,'ECON3447'),(620002879,'PHYS2113');
INSERT INTO Users VALUES (620002880,'Wayne','Johnson','WayneJohnson@gmail.com','JohnsonWayne');
INSERT INTO Students VALUES (620002880,'UNDERGRAD','01-01-2020');
INSERT INTO Enrolled (u_id,courseCode) VALUES (620002880,'BIOC3721'),(620002880,'COMP2965'),(620002880,'CHEM1340'),(620002880,'CHEM2220'),(620002880,'INFO1145');
INSERT INTO Users VALUES (620002881,'Ed','Hodge','EdHodge@gmail.com','HodgeEd');
INSERT INTO Students VALUES (620002881,'UNDERGRAD','01-01-2020');
INSERT INTO Enrolled (u_id,courseCode) VALUES (620002881,'MATH2801'),(620002881,'BIOC2589'),(620002881,'INFO1648'),(620002881,'MATH2067'),(620002881,'COMP1867');
INSERT INTO Users VALUES (620002882,'Richard','Hanks','RichardHanks@gmail.com','HanksRichard');
INSERT INTO Students VALUES (620002882,'UNDERGRAD','01-01-2020');
INSERT INTO Enrolled (u_id,courseCode) VALUES (620002882,'INFO2811'),(620002882,'PHYS2229'),(620002882,'COMP1184'),(620002882,'BIOC1534');
INSERT INTO Users VALUES (620002883,'Kim','Pelletier','KimPelletier@gmail.com','PelletierKim');
INSERT INTO Students VALUES (620002883,'UNDERGRAD','01-01-2020');
INSERT INTO Enrolled (u_id,courseCode) VALUES (620002883,'COMP3173'),(620002883,'CHEM3614'),(620002883,'COMP1051'),(620002883,'PHYS3464'),(620002883,'ECON3523'),(620002883,'CHEM3793');
INSERT INTO Users VALUES (620002884,'Marshall','Decker','MarshallDecker@gmail.com','DeckerMarshall');
INSERT INTO Students VALUES (620002884,'UNDERGRAD','01-01-2020');
INSERT INTO Enrolled (u_id,courseCode) VALUES (620002884,'MATH3688'),(620002884,'INFO1242'),(620002884,'MATH3857');
INSERT INTO Users VALUES (620002885,'Cherise','Rodriguez','CheriseRodriguez@gmail.com','RodriguezCherise');
INSERT INTO Students VALUES (620002885,'UNDERGRAD','01-01-2020');
INSERT INTO Enrolled (u_id,courseCode) VALUES (620002885,'ECON3228'),(620002885,'MATH3844'),(620002885,'CHEM1613'),(620002885,'INFO2797'),(620002885,'CHEM3747');
INSERT INTO Users VALUES (620002886,'Charlotte','Fuller','CharlotteFuller@gmail.com','FullerCharlotte');
INSERT INTO Students VALUES (620002886,'UNDERGRAD','01-01-2020');
INSERT INTO Enrolled (u_id,courseCode) VALUES (620002886,'ECON1589'),(620002886,'INFO2813'),(620002886,'MATH3179'),(620002886,'PHYS1173'),(620002886,'COMP2965');
INSERT INTO Users VALUES (620002887,'Sarah','Alexander','SarahAlexander@gmail.com','AlexanderSarah');
INSERT INTO Students VALUES (620002887,'UNDERGRAD','01-01-2020');
INSERT INTO Enrolled (u_id,courseCode) VALUES (620002887,'ECON2387'),(620002887,'PHYS2229'),(620002887,'COMP2965'),(620002887,'BIOC1598');
INSERT INTO Users VALUES (620002888,'Dominick','Blevins','DominickBlevins@gmail.com','BlevinsDominick');
INSERT INTO Students VALUES (620002888,'UNDERGRAD','01-01-2020');
INSERT INTO Enrolled (u_id,courseCode) VALUES (620002888,'ECON2345'),(620002888,'ECON1012'),(620002888,'PHYS3876'),(620002888,'CHEM2446'),(620002888,'CHEM3409');
INSERT INTO Users VALUES (620002889,'Gabriel','Hudson','GabrielHudson@gmail.com','HudsonGabriel');
INSERT INTO Students VALUES (620002889,'UNDERGRAD','01-01-2020');
INSERT INTO Enrolled (u_id,courseCode) VALUES (620002889,'PHYS3339'),(620002889,'PHYS2238'),(620002889,'CHEM1485'),(620002889,'COMP1573'),(620002889,'CHEM2626');
INSERT INTO Users VALUES (620002890,'Young','Ratterman','YoungRatterman@gmail.com','RattermanYoung');
INSERT INTO Students VALUES (620002890,'UNDERGRAD','01-01-2020');
INSERT INTO Enrolled (u_id,courseCode) VALUES (620002890,'MATH1250'),(620002890,'COMP2651'),(620002890,'ECON3228'),(620002890,'CHEM1485'),(620002890,'CHEM2446'),(620002890,'MATH1735');
INSERT INTO Users VALUES (620002891,'Sara','Madsen','SaraMadsen@gmail.com','MadsenSara');
INSERT INTO Students VALUES (620002891,'UNDERGRAD','01-01-2020');
INSERT INTO Enrolled (u_id,courseCode) VALUES (620002891,'BIOC1744'),(620002891,'BIOC1725'),(620002891,'INFO1447'),(620002891,'CHEM2065'),(620002891,'INFO2716'),(620002891,'COMP1867');
INSERT INTO Users VALUES (620002892,'Ashleigh','Noggle','AshleighNoggle@gmail.com','NoggleAshleigh');
INSERT INTO Students VALUES (620002892,'UNDERGRAD','01-01-2020');
INSERT INTO Enrolled (u_id,courseCode) VALUES (620002892,'PHYS2977'),(620002892,'CHEM2149'),(620002892,'MATH1638'),(620002892,'COMP3238'),(620002892,'PHYS3290');
INSERT INTO Users VALUES (620002893,'Manuel','Dillis','ManuelDillis@gmail.com','DillisManuel');
INSERT INTO Students VALUES (620002893,'UNDERGRAD','01-01-2020');
INSERT INTO Enrolled (u_id,courseCode) VALUES (620002893,'PHYS1930'),(620002893,'INFO2337'),(620002893,'COMP2717'),(620002893,'PHYS2563'),(620002893,'CHEM3614');
INSERT INTO Users VALUES (620002894,'Shawn','Spohn','ShawnSpohn@gmail.com','SpohnShawn');
INSERT INTO Students VALUES (620002894,'UNDERGRAD','01-01-2020');
INSERT INTO Enrolled (u_id,courseCode) VALUES (620002894,'COMP3746'),(620002894,'PHYS2563'),(620002894,'MATH3857'),(620002894,'PHYS3464'),(620002894,'CHEM2697');
INSERT INTO Users VALUES (620002895,'Delia','Mcclain','DeliaMcclain@gmail.com','McclainDelia');
INSERT INTO Students VALUES (620002895,'UNDERGRAD','01-01-2020');
INSERT INTO Enrolled (u_id,courseCode) VALUES (620002895,'ECON1589'),(620002895,'INFO2521'),(620002895,'ECON3523'),(620002895,'ECON3288'),(620002895,'CHEM2797'),(620002895,'BIOC3191');
INSERT INTO Users VALUES (620002896,'Hazel','Siple','HazelSiple@gmail.com','SipleHazel');
INSERT INTO Students VALUES (620002896,'UNDERGRAD','01-01-2020');
INSERT INTO Enrolled (u_id,courseCode) VALUES (620002896,'CHEM2727'),(620002896,'BIOC2981'),(620002896,'PHYS3354'),(620002896,'COMP1357');
INSERT INTO Users VALUES (620002897,'Melodie','Wright','MelodieWright@gmail.com','WrightMelodie');
INSERT INTO Students VALUES (620002897,'UNDERGRAD','01-01-2020');
INSERT INTO Enrolled (u_id,courseCode) VALUES (620002897,'BIOC1725'),(620002897,'MATH2957'),(620002897,'ECON3311'),(620002897,'INFO1145'),(620002897,'PHYS2451'),(620002897,'INFO2811');
INSERT INTO Users VALUES (620002898,'Jason','Reyes','JasonReyes@gmail.com','ReyesJason');
INSERT INTO Students VALUES (620002898,'UNDERGRAD','01-01-2020');
INSERT INTO Enrolled (u_id,courseCode) VALUES (620002898,'COMP1184'),(620002898,'MATH1454'),(620002898,'MATH3209'),(620002898,'ECON3550'),(620002898,'CHEM2797');
INSERT INTO Users VALUES (620002899,'Kenneth','Guidry','KennethGuidry@gmail.com','GuidryKenneth');
INSERT INTO Students VALUES (620002899,'UNDERGRAD','01-01-2020');
INSERT INTO Enrolled (u_id,courseCode) VALUES (620002899,'MATH3209'),(620002899,'BIOC1725'),(620002899,'ECON3288'),(620002899,'BIOC2589'),(620002899,'INFO2813');
INSERT INTO Users VALUES (620002900,'Angela','Butcher','AngelaButcher@gmail.com','ButcherAngela');
INSERT INTO Students VALUES (620002900,'UNDERGRAD','01-01-2020');
INSERT INTO Enrolled (u_id,courseCode) VALUES (620002900,'CHEM2697'),(620002900,'PHYS3659'),(620002900,'BIOC1866'),(620002900,'MATH2555'),(620002900,'ECON3004'),(620002900,'MATH3173');
INSERT INTO Users VALUES (620002901,'Jimmy','Cochran','JimmyCochran@gmail.com','CochranJimmy');
INSERT INTO Students VALUES (620002901,'UNDERGRAD','01-01-2020');
INSERT INTO Enrolled (u_id,courseCode) VALUES (620002901,'MATH3688'),(620002901,'MATH3857'),(620002901,'CHEM1340'),(620002901,'INFO3419'),(620002901,'BIOC2981');
INSERT INTO Users VALUES (620002902,'Ralph','Mcclain','RalphMcclain@gmail.com','McclainRalph');
INSERT INTO Students VALUES (620002902,'UNDERGRAD','01-01-2020');
INSERT INTO Enrolled (u_id,courseCode) VALUES (620002902,'PHYS3876'),(620002902,'PHYS3339'),(620002902,'BIOC2983'),(620002902,'PHYS3787'),(620002902,'PHYS3464'),(620002902,'COMP1573');
INSERT INTO Users VALUES (620002903,'Kathy','Lockwood','KathyLockwood@gmail.com','LockwoodKathy');
INSERT INTO Students VALUES (620002903,'UNDERGRAD','01-01-2020');
INSERT INTO Enrolled (u_id,courseCode) VALUES (620002903,'ECON3228'),(620002903,'COMP1573'),(620002903,'CHEM2220'),(620002903,'INFO1648');
INSERT INTO Users VALUES (620002904,'John','Decker','JohnDecker@gmail.com','DeckerJohn');
INSERT INTO Students VALUES (620002904,'UNDERGRAD','01-01-2020');
INSERT INTO Enrolled (u_id,courseCode) VALUES (620002904,'COMP3639'),(620002904,'COMP3536'),(620002904,'MATH3222'),(620002904,'INFO1014');
INSERT INTO Users VALUES (620002905,'Thomas','Mcclenon','ThomasMcclenon@gmail.com','McclenonThomas');
INSERT INTO Students VALUES (620002905,'UNDERGRAD','01-01-2020');
INSERT INTO Enrolled (u_id,courseCode) VALUES (620002905,'CHEM1494'),(620002905,'CHEM2697'),(620002905,'ECON3288'),(620002905,'COMP1460'),(620002905,'INFO3645');
INSERT INTO Users VALUES (620002906,'Clifford','Mcalister','CliffordMcalister@gmail.com','McalisterClifford');
INSERT INTO Students VALUES (620002906,'UNDERGRAD','01-01-2020');
INSERT INTO Enrolled (u_id,courseCode) VALUES (620002906,'COMP3536'),(620002906,'ECON3004'),(620002906,'MATH3688');
INSERT INTO Users VALUES (620002907,'Wendell','Pearson','WendellPearson@gmail.com','PearsonWendell');
INSERT INTO Students VALUES (620002907,'UNDERGRAD','01-01-2020');
INSERT INTO Enrolled (u_id,courseCode) VALUES (620002907,'INFO1447'),(620002907,'INFO3935'),(620002907,'COMP2651');
INSERT INTO Users VALUES (620002908,'Antwan','Truitt','AntwanTruitt@gmail.com','TruittAntwan');
INSERT INTO Students VALUES (620002908,'UNDERGRAD','01-01-2020');
INSERT INTO Enrolled (u_id,courseCode) VALUES (620002908,'INFO1648'),(620002908,'BIOC1598'),(620002908,'ECON3372'),(620002908,'INFO1242'),(620002908,'BIOC2981');
INSERT INTO Users VALUES (620002909,'Angela','Marshall','AngelaMarshall@gmail.com','MarshallAngela');
INSERT INTO Students VALUES (620002909,'UNDERGRAD','01-01-2020');
INSERT INTO Enrolled (u_id,courseCode) VALUES (620002909,'BIOC1725'),(620002909,'CHEM1485'),(620002909,'COMP3167'),(620002909,'ECON3288');
INSERT INTO Users VALUES (620002910,'Weldon','Spohn','WeldonSpohn@gmail.com','SpohnWeldon');
INSERT INTO Students VALUES (620002910,'UNDERGRAD','01-01-2020');
INSERT INTO Enrolled (u_id,courseCode) VALUES (620002910,'COMP2080'),(620002910,'MATH2501'),(620002910,'BIOC3341'),(620002910,'COMP3536'),(620002910,'BIOC1866'),(620002910,'ECON2345');
INSERT INTO Users VALUES (620002911,'Kasey','Scully','KaseyScully@gmail.com','ScullyKasey');
INSERT INTO Students VALUES (620002911,'UNDERGRAD','01-01-2020');
INSERT INTO Enrolled (u_id,courseCode) VALUES (620002911,'COMP2541'),(620002911,'INFO3935'),(620002911,'COMP3238'),(620002911,'MATH2501');
INSERT INTO Users VALUES (620002912,'Danielle','Fields','DanielleFields@gmail.com','FieldsDanielle');
INSERT INTO Students VALUES (620002912,'UNDERGRAD','01-01-2020');
INSERT INTO Enrolled (u_id,courseCode) VALUES (620002912,'ECON3523'),(620002912,'BIOC1866'),(620002912,'INFO3645'),(620002912,'INFO1990'),(620002912,'PHYS3354');
INSERT INTO Users VALUES (620002913,'Lois','Orchard','LoisOrchard@gmail.com','OrchardLois');
INSERT INTO Students VALUES (620002913,'UNDERGRAD','01-01-2020');
INSERT INTO Enrolled (u_id,courseCode) VALUES (620002913,'CHEM2604'),(620002913,'ECON3523'),(620002913,'ECON2387'),(620002913,'ECON3737'),(620002913,'CHEM2797'),(620002913,'MATH3688');
INSERT INTO Users VALUES (620002914,'Madaline','Vanwyck','MadalineVanwyck@gmail.com','VanwyckMadaline');
INSERT INTO Students VALUES (620002914,'UNDERGRAD','01-01-2020');
INSERT INTO Enrolled (u_id,courseCode) VALUES (620002914,'CHEM2149'),(620002914,'COMP3639'),(620002914,'ECON1170'),(620002914,'BIOC2550'),(620002914,'PHYS3787');
INSERT INTO Users VALUES (620002915,'Shalanda','Oswalt','ShalandaOswalt@gmail.com','OswaltShalanda');
INSERT INTO Students VALUES (620002915,'UNDERGRAD','01-01-2020');
INSERT INTO Enrolled (u_id,courseCode) VALUES (620002915,'MATH3688'),(620002915,'PHYS2113'),(620002915,'CHEM2626');
INSERT INTO Users VALUES (620002916,'Gregory','Butcher','GregoryButcher@gmail.com','ButcherGregory');
INSERT INTO Students VALUES (620002916,'UNDERGRAD','01-01-2020');
INSERT INTO Enrolled (u_id,courseCode) VALUES (620002916,'CHEM2604'),(620002916,'CHEM2220'),(620002916,'COMP1460'),(620002916,'BIOC1744');
INSERT INTO Users VALUES (620002917,'Joan','Watson','JoanWatson@gmail.com','WatsonJoan');
INSERT INTO Students VALUES (620002917,'UNDERGRAD','01-01-2020');
INSERT INTO Enrolled (u_id,courseCode) VALUES (620002917,'MATH3613'),(620002917,'INFO3636'),(620002917,'CHEM2177'),(620002917,'ECON1230'),(620002917,'BIOC1439'),(620002917,'INFO2797');
INSERT INTO Users VALUES (620002918,'Tony','Petersen','TonyPetersen@gmail.com','PetersenTony');
INSERT INTO Students VALUES (620002918,'UNDERGRAD','01-01-2020');
INSERT INTO Enrolled (u_id,courseCode) VALUES (620002918,'COMP3047'),(620002918,'BIOC2983'),(620002918,'COMP3697');
INSERT INTO Users VALUES (620002919,'Edward','Wolfe','EdwardWolfe@gmail.com','WolfeEdward');
INSERT INTO Students VALUES (620002919,'UNDERGRAD','01-01-2020');
INSERT INTO Enrolled (u_id,courseCode) VALUES (620002919,'PHYS3339'),(620002919,'MATH3857'),(620002919,'PHYS1173'),(620002919,'PHYS3464'),(620002919,'CHEM3054');
INSERT INTO Users VALUES (620002920,'Josh','Chatcho','JoshChatcho@gmail.com','ChatchoJosh');
INSERT INTO Students VALUES (620002920,'UNDERGRAD','01-01-2020');
INSERT INTO Enrolled (u_id,courseCode) VALUES (620002920,'PHYS1140'),(620002920,'INFO2337'),(620002920,'PHYS2338'),(620002920,'PHYS3052');
INSERT INTO Users VALUES (620002921,'Arthur','Klein','ArthurKlein@gmail.com','KleinArthur');
INSERT INTO Students VALUES (620002921,'UNDERGRAD','01-01-2020');
INSERT INTO Enrolled (u_id,courseCode) VALUES (620002921,'ECON1170'),(620002921,'ECON3228'),(620002921,'INFO3636'),(620002921,'MATH2957'),(620002921,'MATH3222'),(620002921,'COMP3849');
INSERT INTO Users VALUES (620002922,'Sadie','Rivera','SadieRivera@gmail.com','RiveraSadie');
INSERT INTO Students VALUES (620002922,'UNDERGRAD','01-01-2020');
INSERT INTO Enrolled (u_id,courseCode) VALUES (620002922,'MATH1648'),(620002922,'ECON1589'),(620002922,'CHEM2867');
INSERT INTO Users VALUES (620002923,'Carlos','Winner','CarlosWinner@gmail.com','WinnerCarlos');
INSERT INTO Students VALUES (620002923,'UNDERGRAD','01-01-2020');
INSERT INTO Enrolled (u_id,courseCode) VALUES (620002923,'ECON2387'),(620002923,'CHEM2446'),(620002923,'COMP3506'),(620002923,'COMP3536'),(620002923,'ECON2703');
INSERT INTO Users VALUES (620002924,'Joseph','Stallings','JosephStallings@gmail.com','StallingsJoseph');
INSERT INTO Students VALUES (620002924,'UNDERGRAD','01-01-2020');
INSERT INTO Enrolled (u_id,courseCode) VALUES (620002924,'BIOC2981'),(620002924,'PHYS2229'),(620002924,'COMP2080'),(620002924,'MATH1309'),(620002924,'ECON3288'),(620002924,'ECON3311');
INSERT INTO Users VALUES (620002925,'Milton','Duffie','MiltonDuffie@gmail.com','DuffieMilton');
INSERT INTO Students VALUES (620002925,'UNDERGRAD','01-01-2020');
INSERT INTO Enrolled (u_id,courseCode) VALUES (620002925,'CHEM2177'),(620002925,'COMP3685'),(620002925,'CHEM2626'),(620002925,'INFO2270');
INSERT INTO Users VALUES (620002926,'Ethel','Hawkins','EthelHawkins@gmail.com','HawkinsEthel');
INSERT INTO Students VALUES (620002926,'UNDERGRAD','01-01-2020');
INSERT INTO Enrolled (u_id,courseCode) VALUES (620002926,'CHEM3793'),(620002926,'ECON3550'),(620002926,'PHYS3052'),(620002926,'PHYS2229'),(620002926,'BIOC1448');
INSERT INTO Users VALUES (620002927,'Tanya','Felipe','TanyaFelipe@gmail.com','FelipeTanya');
INSERT INTO Students VALUES (620002927,'UNDERGRAD','01-01-2020');
INSERT INTO Enrolled (u_id,courseCode) VALUES (620002927,'COMP3418'),(620002927,'MATH3222'),(620002927,'COMP2400'),(620002927,'CHEM2604'),(620002927,'MATH3029');
INSERT INTO Users VALUES (620002928,'Katherine','Shields','KatherineShields@gmail.com','ShieldsKatherine');
INSERT INTO Students VALUES (620002928,'UNDERGRAD','01-01-2020');
INSERT INTO Enrolled (u_id,courseCode) VALUES (620002928,'CHEM3747'),(620002928,'INFO2521'),(620002928,'PHYS3464');
INSERT INTO Users VALUES (620002929,'Wanda','Knox','WandaKnox@gmail.com','KnoxWanda');
INSERT INTO Students VALUES (620002929,'UNDERGRAD','01-01-2020');
INSERT INTO Enrolled (u_id,courseCode) VALUES (620002929,'COMP2965'),(620002929,'ECON1645'),(620002929,'BIOC1439'),(620002929,'MATH3059'),(620002929,'ECON3311'),(620002929,'MATH3613');
INSERT INTO Users VALUES (620002930,'Clarence','Sharp','ClarenceSharp@gmail.com','SharpClarence');
INSERT INTO Students VALUES (620002930,'UNDERGRAD','01-01-2020');
INSERT INTO Enrolled (u_id,courseCode) VALUES (620002930,'CHEM3327'),(620002930,'ECON3228'),(620002930,'MATH1972'),(620002930,'COMP1357'),(620002930,'PHYS2306');
INSERT INTO Users VALUES (620002931,'Marie','Knox','MarieKnox@gmail.com','KnoxMarie');
INSERT INTO Students VALUES (620002931,'UNDERGRAD','01-01-2020');
INSERT INTO Enrolled (u_id,courseCode) VALUES (620002931,'PHYS2448'),(620002931,'PHYS2238'),(620002931,'CHEM3327');
INSERT INTO Users VALUES (620002932,'Edward','Joeckel','EdwardJoeckel@gmail.com','JoeckelEdward');
INSERT INTO Students VALUES (620002932,'UNDERGRAD','01-01-2020');
INSERT INTO Enrolled (u_id,courseCode) VALUES (620002932,'CHEM3888'),(620002932,'BIOC3721'),(620002932,'INFO2559'),(620002932,'COMP3167'),(620002932,'COMP3173'),(620002932,'BIOC1104');
INSERT INTO Users VALUES (620002933,'Martin','Santos','MartinSantos@gmail.com','SantosMartin');
INSERT INTO Students VALUES (620002933,'UNDERGRAD','01-01-2020');
INSERT INTO Enrolled (u_id,courseCode) VALUES (620002933,'MATH3857'),(620002933,'BIOC1725'),(620002933,'INFO2337');
INSERT INTO Users VALUES (620002934,'Angela','Congdon','AngelaCongdon@gmail.com','CongdonAngela');
INSERT INTO Students VALUES (620002934,'UNDERGRAD','01-01-2020');
INSERT INTO Enrolled (u_id,courseCode) VALUES (620002934,'INFO2337'),(620002934,'BIOC1485'),(620002934,'CHEM1494'),(620002934,'MATH2555'),(620002934,'MATH1972');
INSERT INTO Users VALUES (620002935,'Colin','Lundholm','ColinLundholm@gmail.com','LundholmColin');
INSERT INTO Students VALUES (620002935,'UNDERGRAD','01-01-2020');
INSERT INTO Enrolled (u_id,courseCode) VALUES (620002935,'PHYS1930'),(620002935,'COMP3047'),(620002935,'ECON3989'),(620002935,'ECON1645'),(620002935,'INFO3636');
INSERT INTO Users VALUES (620002936,'Leticia','Smith','LeticiaSmith@gmail.com','SmithLeticia');
INSERT INTO Students VALUES (620002936,'UNDERGRAD','01-01-2020');
INSERT INTO Enrolled (u_id,courseCode) VALUES (620002936,'BIOC2054'),(620002936,'PHYS1140'),(620002936,'PHYS1173'),(620002936,'COMP3536'),(620002936,'BIOC2236');
INSERT INTO Users VALUES (620002937,'Roberto','Brown','RobertoBrown@gmail.com','BrownRoberto');
INSERT INTO Students VALUES (620002937,'UNDERGRAD','01-01-2020');
INSERT INTO Enrolled (u_id,courseCode) VALUES (620002937,'COMP3849'),(620002937,'ECON3311'),(620002937,'PHYS2667'),(620002937,'CHEM2697');
INSERT INTO Users VALUES (620002938,'Brian','Mertens','BrianMertens@gmail.com','MertensBrian');
INSERT INTO Students VALUES (620002938,'UNDERGRAD','01-01-2020');
INSERT INTO Enrolled (u_id,courseCode) VALUES (620002938,'PHYS2117'),(620002938,'INFO3636'),(620002938,'COMP3536'),(620002938,'PHYS2229');
INSERT INTO Users VALUES (620002939,'Josh','James','JoshJames@gmail.com','JamesJosh');
INSERT INTO Students VALUES (620002939,'UNDERGRAD','01-01-2020');
INSERT INTO Enrolled (u_id,courseCode) VALUES (620002939,'ECON3311'),(620002939,'ECON2722'),(620002939,'ECON3447'),(620002939,'COMP2077'),(620002939,'MATH2717');
INSERT INTO Users VALUES (620002940,'Walter','Eddins','WalterEddins@gmail.com','EddinsWalter');
INSERT INTO Students VALUES (620002940,'UNDERGRAD','01-01-2020');
INSERT INTO Enrolled (u_id,courseCode) VALUES (620002940,'INFO3868'),(620002940,'MATH2957'),(620002940,'PHYS2306'),(620002940,'ECON3085'),(620002940,'MATH3544'),(620002940,'PHYS1173');
INSERT INTO Users VALUES (620002941,'Christina','Johnson','ChristinaJohnson@gmail.com','JohnsonChristina');
INSERT INTO Students VALUES (620002941,'UNDERGRAD','01-01-2020');
INSERT INTO Enrolled (u_id,courseCode) VALUES (620002941,'ECON1996'),(620002941,'MATH1262'),(620002941,'INFO2270'),(620002941,'COMP1051'),(620002941,'COMP3849');
INSERT INTO Users VALUES (620002942,'Patsy','Flowers','PatsyFlowers@gmail.com','FlowersPatsy');
INSERT INTO Students VALUES (620002942,'UNDERGRAD','01-01-2020');
INSERT INTO Enrolled (u_id,courseCode) VALUES (620002942,'MATH2873'),(620002942,'BIOC2589'),(620002942,'BIOC2671');
INSERT INTO Users VALUES (620002943,'Barbara','Danker','BarbaraDanker@gmail.com','DankerBarbara');
INSERT INTO Students VALUES (620002943,'UNDERGRAD','01-01-2020');
INSERT INTO Enrolled (u_id,courseCode) VALUES (620002943,'INFO2147'),(620002943,'ECON1783'),(620002943,'BIOC2589'),(620002943,'INFO3868');
INSERT INTO Users VALUES (620002944,'Linda','Hamilton','LindaHamilton@gmail.com','HamiltonLinda');
INSERT INTO Students VALUES (620002944,'UNDERGRAD','01-01-2020');
INSERT INTO Enrolled (u_id,courseCode) VALUES (620002944,'BIOC2054'),(620002944,'CHEM2446'),(620002944,'CHEM3327'),(620002944,'COMP3047'),(620002944,'PHYS1173');
INSERT INTO Users VALUES (620002945,'Young','Hunter','YoungHunter@gmail.com','HunterYoung');
INSERT INTO Students VALUES (620002945,'UNDERGRAD','01-01-2020');
INSERT INTO Enrolled (u_id,courseCode) VALUES (620002945,'COMP2717'),(620002945,'BIOC2589'),(620002945,'PHYS3354'),(620002945,'INFO2559');
INSERT INTO Users VALUES (620002946,'George','Hart','GeorgeHart@gmail.com','HartGeorge');
INSERT INTO Students VALUES (620002946,'UNDERGRAD','01-01-2020');
INSERT INTO Enrolled (u_id,courseCode) VALUES (620002946,'ECON3276'),(620002946,'INFO2950'),(620002946,'PHYS2229'),(620002946,'CHEM3793'),(620002946,'PHYS2113'),(620002946,'COMP3506');
INSERT INTO Users VALUES (620002947,'Harold','Bordelon','HaroldBordelon@gmail.com','BordelonHarold');
INSERT INTO Students VALUES (620002947,'UNDERGRAD','01-01-2020');
INSERT INTO Enrolled (u_id,courseCode) VALUES (620002947,'ECON3989'),(620002947,'MATH2717'),(620002947,'CHEM2149'),(620002947,'MATH1648');
INSERT INTO Users VALUES (620002948,'Joyce','Scully','JoyceScully@gmail.com','ScullyJoyce');
INSERT INTO Students VALUES (620002948,'UNDERGRAD','01-01-2020');
INSERT INTO Enrolled (u_id,courseCode) VALUES (620002948,'MATH1638'),(620002948,'ECON3372'),(620002948,'MATH3173'),(620002948,'MATH3613'),(620002948,'INFO3636');
INSERT INTO Users VALUES (620002949,'Matthew','Evans','MatthewEvans@gmail.com','EvansMatthew');
INSERT INTO Students VALUES (620002949,'UNDERGRAD','01-01-2020');
INSERT INTO Enrolled (u_id,courseCode) VALUES (620002949,'INFO2716'),(620002949,'ECON3004'),(620002949,'BIOC3721'),(620002949,'MATH1735'),(620002949,'COMP2717');
INSERT INTO Users VALUES (620002950,'Andrew','Miller','AndrewMiller@gmail.com','MillerAndrew');
INSERT INTO Students VALUES (620002950,'UNDERGRAD','01-01-2020');
INSERT INTO Enrolled (u_id,courseCode) VALUES (620002950,'ECON3063'),(620002950,'MATH3209'),(620002950,'INFO1014'),(620002950,'CHEM2005'),(620002950,'PHYS2117');
INSERT INTO Users VALUES (620002951,'Caroline','Mauk','CarolineMauk@gmail.com','MaukCaroline');
INSERT INTO Students VALUES (620002951,'UNDERGRAD','01-01-2020');
INSERT INTO Enrolled (u_id,courseCode) VALUES (620002951,'INFO2716'),(620002951,'COMP1543'),(620002951,'ECON1012'),(620002951,'ECON2387');
INSERT INTO Users VALUES (620002952,'Catherine','Maze','CatherineMaze@gmail.com','MazeCatherine');
INSERT INTO Students VALUES (620002952,'UNDERGRAD','01-01-2020');
INSERT INTO Enrolled (u_id,courseCode) VALUES (620002952,'CHEM1494'),(620002952,'INFO3645'),(620002952,'PHYS3052'),(620002952,'ECON1458'),(620002952,'INFO2270');
INSERT INTO Users VALUES (620002953,'Howard','Pero','HowardPero@gmail.com','PeroHoward');
INSERT INTO Students VALUES (620002953,'UNDERGRAD','01-01-2020');
INSERT INTO Enrolled (u_id,courseCode) VALUES (620002953,'MATH3857'),(620002953,'INFO2950'),(620002953,'BIOC2236'),(620002953,'COMP3639'),(620002953,'ECON1996'),(620002953,'PHYS2977');
INSERT INTO Users VALUES (620002954,'Flora','Lauritsen','FloraLauritsen@gmail.com','LauritsenFlora');
INSERT INTO Students VALUES (620002954,'UNDERGRAD','01-01-2020');
INSERT INTO Enrolled (u_id,courseCode) VALUES (620002954,'BIOC2589'),(620002954,'INFO2811'),(620002954,'MATH3173'),(620002954,'COMP3173'),(620002954,'PHYS3876'),(620002954,'CHEM2867');
INSERT INTO Users VALUES (620002955,'Dawn','Williams','DawnWilliams@gmail.com','WilliamsDawn');
INSERT INTO Students VALUES (620002955,'UNDERGRAD','01-01-2020');
INSERT INTO Enrolled (u_id,courseCode) VALUES (620002955,'CHEM2066'),(620002955,'COMP2717'),(620002955,'BIOC2589'),(620002955,'ECON2722'),(620002955,'PHYS3787'),(620002955,'PHYS2238');
INSERT INTO Users VALUES (620002956,'Dale','Sniezek','DaleSniezek@gmail.com','SniezekDale');
INSERT INTO Students VALUES (620002956,'UNDERGRAD','01-01-2020');
INSERT INTO Enrolled (u_id,courseCode) VALUES (620002956,'COMP2361'),(620002956,'MATH2067'),(620002956,'MATH3029'),(620002956,'MATH1148');
INSERT INTO Users VALUES (620002957,'Young','Valenzuela','YoungValenzuela@gmail.com','ValenzuelaYoung');
INSERT INTO Students VALUES (620002957,'UNDERGRAD','01-01-2020');
INSERT INTO Enrolled (u_id,courseCode) VALUES (620002957,'MATH1148'),(620002957,'PHYS2113'),(620002957,'BIOC1910'),(620002957,'ECON3020'),(620002957,'COMP3746');
INSERT INTO Users VALUES (620002958,'Mildred','Ramlall','MildredRamlall@gmail.com','RamlallMildred');
INSERT INTO Students VALUES (620002958,'UNDERGRAD','01-01-2020');
INSERT INTO Enrolled (u_id,courseCode) VALUES (620002958,'BIOC1534'),(620002958,'CHEM2177'),(620002958,'COMP3639'),(620002958,'ECON3281');
INSERT INTO Users VALUES (620002959,'Jeremy','Vanhamlin','JeremyVanhamlin@gmail.com','VanhamlinJeremy');
INSERT INTO Students VALUES (620002959,'UNDERGRAD','01-01-2020');
INSERT INTO Enrolled (u_id,courseCode) VALUES (620002959,'COMP2541'),(620002959,'COMP2651'),(620002959,'MATH2957');
INSERT INTO Users VALUES (620002960,'Sara','Thompson','SaraThompson@gmail.com','ThompsonSara');
INSERT INTO Students VALUES (620002960,'UNDERGRAD','01-01-2020');
INSERT INTO Enrolled (u_id,courseCode) VALUES (620002960,'CHEM2065'),(620002960,'BIOC2550'),(620002960,'CHEM1807'),(620002960,'MATH1309'),(620002960,'MATH2067');
INSERT INTO Users VALUES (620002961,'Latoya','Walker','LatoyaWalker@gmail.com','WalkerLatoya');
INSERT INTO Students VALUES (620002961,'UNDERGRAD','01-01-2020');
INSERT INTO Enrolled (u_id,courseCode) VALUES (620002961,'ECON2814'),(620002961,'BIOC2589'),(620002961,'BIOC2236');
INSERT INTO Users VALUES (620002962,'John','Tirabassi','JohnTirabassi@gmail.com','TirabassiJohn');
INSERT INTO Students VALUES (620002962,'UNDERGRAD','01-01-2020');
INSERT INTO Enrolled (u_id,courseCode) VALUES (620002962,'CHEM2697'),(620002962,'PHYS3876'),(620002962,'ECON1996'),(620002962,'CHEM2604'),(620002962,'INFO1990'),(620002962,'INFO2270');
INSERT INTO Users VALUES (620002963,'Laila','Imoto','LailaImoto@gmail.com','ImotoLaila');
INSERT INTO Students VALUES (620002963,'UNDERGRAD','01-01-2020');
INSERT INTO Enrolled (u_id,courseCode) VALUES (620002963,'CHEM2604'),(620002963,'CHEM3347'),(620002963,'ECON3311'),(620002963,'INFO2860'),(620002963,'PHYS3339'),(620002963,'CHEM2149');
INSERT INTO Users VALUES (620002964,'Lauren','Morey','LaurenMorey@gmail.com','MoreyLauren');
INSERT INTO Students VALUES (620002964,'UNDERGRAD','01-01-2020');
INSERT INTO Enrolled (u_id,courseCode) VALUES (620002964,'BIOC2589'),(620002964,'MATH2550'),(620002964,'BIOC3457'),(620002964,'ECON3085'),(620002964,'MATH3613');
INSERT INTO Users VALUES (620002965,'Walter','Decker','WalterDecker@gmail.com','DeckerWalter');
INSERT INTO Students VALUES (620002965,'UNDERGRAD','01-01-2020');
INSERT INTO Enrolled (u_id,courseCode) VALUES (620002965,'INFO2716'),(620002965,'COMP3639'),(620002965,'ECON3276'),(620002965,'COMP3746');
INSERT INTO Users VALUES (620002966,'Stephanie','Chatcho','StephanieChatcho@gmail.com','ChatchoStephanie');
INSERT INTO Students VALUES (620002966,'UNDERGRAD','01-01-2020');
INSERT INTO Enrolled (u_id,courseCode) VALUES (620002966,'INFO2559'),(620002966,'BIOC1052'),(620002966,'PHYS3290'),(620002966,'INFO2337');
INSERT INTO Users VALUES (620002967,'Erin','Shattuck','ErinShattuck@gmail.com','ShattuckErin');
INSERT INTO Students VALUES (620002967,'UNDERGRAD','01-01-2020');
INSERT INTO Enrolled (u_id,courseCode) VALUES (620002967,'ECON2722'),(620002967,'CHEM3409'),(620002967,'MATH2555'),(620002967,'ECON1498'),(620002967,'ECON3228');
INSERT INTO Users VALUES (620002968,'Grace','Shattuck','GraceShattuck@gmail.com','ShattuckGrace');
INSERT INTO Students VALUES (620002968,'UNDERGRAD','01-01-2020');
INSERT INTO Enrolled (u_id,courseCode) VALUES (620002968,'PHYS2563'),(620002968,'INFO1648'),(620002968,'ECON3523'),(620002968,'COMP3697'),(620002968,'BIOC2589');
INSERT INTO Users VALUES (620002969,'Lois','Lowry','LoisLowry@gmail.com','LowryLois');
INSERT INTO Students VALUES (620002969,'UNDERGRAD','01-01-2020');
INSERT INTO Enrolled (u_id,courseCode) VALUES (620002969,'PHYS3354'),(620002969,'COMP2361'),(620002969,'CHEM2797');
INSERT INTO Users VALUES (620002970,'Ruby','Quintero','RubyQuintero@gmail.com','QuinteroRuby');
INSERT INTO Students VALUES (620002970,'UNDERGRAD','01-01-2020');
INSERT INTO Enrolled (u_id,courseCode) VALUES (620002970,'BIOC1725'),(620002970,'BIOC3341'),(620002970,'PHYS3686'),(620002970,'INFO3603');
INSERT INTO Users VALUES (620002971,'Cheryl','Chappell','CherylChappell@gmail.com','ChappellCheryl');
INSERT INTO Students VALUES (620002971,'UNDERGRAD','01-01-2020');
INSERT INTO Enrolled (u_id,courseCode) VALUES (620002971,'PHYS3729'),(620002971,'COMP3506'),(620002971,'COMP2651'),(620002971,'BIOC3191'),(620002971,'MATH3222'),(620002971,'INFO2950');
INSERT INTO Users VALUES (620002972,'Melvin','Wolfe','MelvinWolfe@gmail.com','WolfeMelvin');
INSERT INTO Students VALUES (620002972,'UNDERGRAD','01-01-2020');
INSERT INTO Enrolled (u_id,courseCode) VALUES (620002972,'MATH3544'),(620002972,'COMP2651'),(620002972,'INFO2559');
INSERT INTO Users VALUES (620002973,'Frankie','Caudill','FrankieCaudill@gmail.com','CaudillFrankie');
INSERT INTO Students VALUES (620002973,'UNDERGRAD','01-01-2020');
INSERT INTO Enrolled (u_id,courseCode) VALUES (620002973,'ECON2703'),(620002973,'PHYS2977'),(620002973,'CHEM1807'),(620002973,'BIOC1744');
INSERT INTO Users VALUES (620002974,'Homer','Howe','HomerHowe@gmail.com','HoweHomer');
INSERT INTO Students VALUES (620002974,'UNDERGRAD','01-01-2020');
INSERT INTO Enrolled (u_id,courseCode) VALUES (620002974,'ECON3989'),(620002974,'MATH1454'),(620002974,'PHYS1140');
INSERT INTO Users VALUES (620002975,'Shawn','Joeckel','ShawnJoeckel@gmail.com','JoeckelShawn');
INSERT INTO Students VALUES (620002975,'UNDERGRAD','01-01-2020');
INSERT INTO Enrolled (u_id,courseCode) VALUES (620002975,'COMP1357'),(620002975,'ECON2703'),(620002975,'ECON3989'),(620002975,'ECON2722'),(620002975,'PHYS2229'),(620002975,'CHEM3888');
INSERT INTO Users VALUES (620002976,'Michelle','Nichols','MichelleNichols@gmail.com','NicholsMichelle');
INSERT INTO Students VALUES (620002976,'UNDERGRAD','01-01-2020');
INSERT INTO Enrolled (u_id,courseCode) VALUES (620002976,'PHYS2977'),(620002976,'COMP2717'),(620002976,'CHEM2727'),(620002976,'ECON2345'),(620002976,'MATH2501'),(620002976,'ECON3989');
INSERT INTO Users VALUES (620002977,'Curtis','Busse','CurtisBusse@gmail.com','BusseCurtis');
INSERT INTO Students VALUES (620002977,'UNDERGRAD','01-01-2020');
INSERT INTO Enrolled (u_id,courseCode) VALUES (620002977,'PHYS3052'),(620002977,'ECON3447'),(620002977,'CHEM2697');
INSERT INTO Users VALUES (620002978,'Magdalen','Hunter','MagdalenHunter@gmail.com','HunterMagdalen');
INSERT INTO Students VALUES (620002978,'UNDERGRAD','01-01-2020');
INSERT INTO Enrolled (u_id,courseCode) VALUES (620002978,'BIOC2983'),(620002978,'CHEM3054'),(620002978,'PHYS3876'),(620002978,'COMP1051');
INSERT INTO Users VALUES (620002979,'Arthur','Joeckel','ArthurJoeckel@gmail.com','JoeckelArthur');
INSERT INTO Students VALUES (620002979,'UNDERGRAD','01-01-2020');
INSERT INTO Enrolled (u_id,courseCode) VALUES (620002979,'BIOC1164'),(620002979,'BIOC1866'),(620002979,'INFO3935');
INSERT INTO Users VALUES (620002980,'Janet','Hardman','JanetHardman@gmail.com','HardmanJanet');
INSERT INTO Students VALUES (620002980,'UNDERGRAD','01-01-2020');
INSERT INTO Enrolled (u_id,courseCode) VALUES (620002980,'INFO2521'),(620002980,'COMP3238'),(620002980,'CHEM3747'),(620002980,'INFO2860');
INSERT INTO Users VALUES (620002981,'Ethel','Deen','EthelDeen@gmail.com','DeenEthel');
INSERT INTO Students VALUES (620002981,'UNDERGRAD','01-01-2020');
INSERT INTO Enrolled (u_id,courseCode) VALUES (620002981,'ECON3085'),(620002981,'PHYS2448'),(620002981,'INFO3645'),(620002981,'MATH1148'),(620002981,'MATH2501');
INSERT INTO Users VALUES (620002982,'Freddie','Mauk','FreddieMauk@gmail.com','MaukFreddie');
INSERT INTO Students VALUES (620002982,'UNDERGRAD','01-01-2020');
INSERT INTO Enrolled (u_id,courseCode) VALUES (620002982,'ECON3523'),(620002982,'ECON1498'),(620002982,'COMP2400'),(620002982,'CHEM2005'),(620002982,'BIOC1744');
INSERT INTO Users VALUES (620002983,'Miguel','Nighman','MiguelNighman@gmail.com','NighmanMiguel');
INSERT INTO Students VALUES (620002983,'UNDERGRAD','01-01-2020');
INSERT INTO Enrolled (u_id,courseCode) VALUES (620002983,'COMP3418'),(620002983,'MATH1262'),(620002983,'COMP3639'),(620002983,'CHEM3747'),(620002983,'COMP1573'),(620002983,'CHEM2066');
INSERT INTO Users VALUES (620002984,'Leticia','Garrett','LeticiaGarrett@gmail.com','GarrettLeticia');
INSERT INTO Students VALUES (620002984,'UNDERGRAD','01-01-2020');
INSERT INTO Enrolled (u_id,courseCode) VALUES (620002984,'INFO1014'),(620002984,'BIOC2550'),(620002984,'INFO1145'),(620002984,'BIOC2671');
INSERT INTO Users VALUES (620002985,'Shalanda','Gondek','ShalandaGondek@gmail.com','GondekShalanda');
INSERT INTO Students VALUES (620002985,'UNDERGRAD','01-01-2020');
INSERT INTO Enrolled (u_id,courseCode) VALUES (620002985,'CHEM2867'),(620002985,'PHYS2338'),(620002985,'MATH1735'),(620002985,'ECON3020'),(620002985,'BIOC1448'),(620002985,'MATH3029');
INSERT INTO Users VALUES (620002986,'Shirley','Flowers','ShirleyFlowers@gmail.com','FlowersShirley');
INSERT INTO Students VALUES (620002986,'UNDERGRAD','01-01-2020');
INSERT INTO Enrolled (u_id,courseCode) VALUES (620002986,'MATH1648'),(620002986,'ECON1645'),(620002986,'ECON1012'),(620002986,'ECON1783'),(620002986,'COMP3167'),(620002986,'PHYS1140');
INSERT INTO Users VALUES (620002987,'Willard','Kaupp','WillardKaupp@gmail.com','KauppWillard');
INSERT INTO Students VALUES (620002987,'UNDERGRAD','01-01-2020');
INSERT INTO Enrolled (u_id,courseCode) VALUES (620002987,'ECON3737'),(620002987,'PHYS2338'),(620002987,'ECON2387'),(620002987,'INFO1447'),(620002987,'ECON1589'),(620002987,'BIOC2983');
INSERT INTO Users VALUES (620002988,'Wilbur','Bennett','WilburBennett@gmail.com','BennettWilbur');
INSERT INTO Students VALUES (620002988,'UNDERGRAD','01-01-2020');
INSERT INTO Enrolled (u_id,courseCode) VALUES (620002988,'BIOC1052'),(620002988,'ECON3004'),(620002988,'MATH3688'),(620002988,'BIOC2236'),(620002988,'MATH3844');
INSERT INTO Users VALUES (620002989,'Elwood','Washinski','ElwoodWashinski@gmail.com','WashinskiElwood');
INSERT INTO Students VALUES (620002989,'UNDERGRAD','01-01-2020');
INSERT INTO Enrolled (u_id,courseCode) VALUES (620002989,'ECON1098'),(620002989,'CHEM2626'),(620002989,'ECON2722'),(620002989,'INFO1990'),(620002989,'INFO3868'),(620002989,'MATH3179');
INSERT INTO Users VALUES (620002990,'Jacqueline','Withrow','JacquelineWithrow@gmail.com','WithrowJacqueline');
INSERT INTO Students VALUES (620002990,'UNDERGRAD','01-01-2020');
INSERT INTO Enrolled (u_id,courseCode) VALUES (620002990,'CHEM2604'),(620002990,'COMP1460'),(620002990,'BIOC3341');
INSERT INTO Users VALUES (620002991,'Clifford','Williamson','CliffordWilliamson@gmail.com','WilliamsonClifford');
INSERT INTO Students VALUES (620002991,'UNDERGRAD','01-01-2020');
INSERT INTO Enrolled (u_id,courseCode) VALUES (620002991,'INFO1833'),(620002991,'PHYS1979'),(620002991,'COMP3173'),(620002991,'PHYS2977'),(620002991,'PHYS1399'),(620002991,'PHYS3354');
INSERT INTO Users VALUES (620002992,'Krista','Gilman','KristaGilman@gmail.com','GilmanKrista');
INSERT INTO Students VALUES (620002992,'UNDERGRAD','01-01-2020');
INSERT INTO Enrolled (u_id,courseCode) VALUES (620002992,'COMP1357'),(620002992,'INFO2270'),(620002992,'ECON1561');
INSERT INTO Users VALUES (620002993,'Luella','Rice','LuellaRice@gmail.com','RiceLuella');
INSERT INTO Students VALUES (620002993,'UNDERGRAD','01-01-2020');
INSERT INTO Enrolled (u_id,courseCode) VALUES (620002993,'INFO2337'),(620002993,'MATH1638'),(620002993,'MATH2555'),(620002993,'COMP2717'),(620002993,'PHYS3339');
INSERT INTO Users VALUES (620002994,'Dora','Brown','DoraBrown@gmail.com','BrownDora');
INSERT INTO Students VALUES (620002994,'UNDERGRAD','01-01-2020');
INSERT INTO Enrolled (u_id,courseCode) VALUES (620002994,'ECON3276'),(620002994,'BIOC2236'),(620002994,'CHEM3409'),(620002994,'COMP3506'),(620002994,'CHEM3747');
INSERT INTO Users VALUES (620002995,'Randy','Petty','RandyPetty@gmail.com','PettyRandy');
INSERT INTO Students VALUES (620002995,'UNDERGRAD','01-01-2020');
INSERT INTO Enrolled (u_id,courseCode) VALUES (620002995,'ECON1098'),(620002995,'COMP1357'),(620002995,'CHEM2065'),(620002995,'MATH1648');
INSERT INTO Users VALUES (620002996,'Tiara','Moore','TiaraMoore@gmail.com','MooreTiara');
INSERT INTO Students VALUES (620002996,'UNDERGRAD','01-01-2020');
INSERT INTO Enrolled (u_id,courseCode) VALUES (620002996,'BIOC3191'),(620002996,'MATH3059'),(620002996,'BIOC2550'),(620002996,'MATH2957'),(620002996,'PHYS2977');
INSERT INTO Users VALUES (620002997,'Dorothy','Klein','DorothyKlein@gmail.com','KleinDorothy');
INSERT INTO Students VALUES (620002997,'UNDERGRAD','01-01-2020');
INSERT INTO Enrolled (u_id,courseCode) VALUES (620002997,'INFO2270'),(620002997,'MATH2501'),(620002997,'CHEM2446'),(620002997,'INFO1014'),(620002997,'BIOC2054'),(620002997,'PHYS2448');
INSERT INTO Users VALUES (620002998,'Dominick','Pelletier','DominickPelletier@gmail.com','PelletierDominick');
INSERT INTO Students VALUES (620002998,'UNDERGRAD','01-01-2020');
INSERT INTO Enrolled (u_id,courseCode) VALUES (620002998,'BIOC1485'),(620002998,'MATH1735'),(620002998,'PHYS2117'),(620002998,'PHYS1140'),(620002998,'INFO2521'),(620002998,'PHYS2113');
INSERT INTO Users VALUES (620002999,'Suzanne','Spohn','SuzanneSpohn@gmail.com','SpohnSuzanne');
INSERT INTO Students VALUES (620002999,'UNDERGRAD','01-01-2020');
INSERT INTO Enrolled (u_id,courseCode) VALUES (620002999,'INFO1648'),(620002999,'MATH3179'),(620002999,'ECON1458');
INSERT INTO Users VALUES (620003000,'Alice','Kent','AliceKent@gmail.com','KentAlice');
INSERT INTO Students VALUES (620003000,'UNDERGRAD','01-01-2020');
INSERT INTO Enrolled (u_id,courseCode) VALUES (620003000,'MATH3173'),(620003000,'PHYS2117'),(620003000,'CHEM3747'),(620003000,'PHYS3052');
INSERT INTO Users VALUES (620003001,'Mark','Lowrey','MarkLowrey@gmail.com','LowreyMark');
INSERT INTO Students VALUES (620003001,'UNDERGRAD','01-01-2020');
INSERT INTO Enrolled (u_id,courseCode) VALUES (620003001,'PHYS1399'),(620003001,'MATH1454'),(620003001,'MATH3179'),(620003001,'COMP3047'),(620003001,'CHEM3327'),(620003001,'INFO1825');
INSERT INTO Users VALUES (620003002,'Betsy','Gillman','BetsyGillman@gmail.com','GillmanBetsy');
INSERT INTO Students VALUES (620003002,'UNDERGRAD','01-01-2020');
INSERT INTO Enrolled (u_id,courseCode) VALUES (620003002,'CHEM3793'),(620003002,'COMP1357'),(620003002,'ECON3004'),(620003002,'COMP3238');
INSERT INTO Users VALUES (620003003,'Marcus','Lamar','MarcusLamar@gmail.com','LamarMarcus');
INSERT INTO Students VALUES (620003003,'UNDERGRAD','01-01-2020');
INSERT INTO Enrolled (u_id,courseCode) VALUES (620003003,'PHYS3290'),(620003003,'PHYS3464'),(620003003,'COMP2717'),(620003003,'ECON2814'),(620003003,'MATH1454');
INSERT INTO Users VALUES (620003004,'Janice','Pantoja','JanicePantoja@gmail.com','PantojaJanice');
INSERT INTO Students VALUES (620003004,'UNDERGRAD','01-01-2020');
INSERT INTO Enrolled (u_id,courseCode) VALUES (620003004,'BIOC1534'),(620003004,'INFO3935'),(620003004,'CHEM3614'),(620003004,'INFO2813'),(620003004,'ECON1458');
INSERT INTO Users VALUES (620003005,'Doris','Sharp','DorisSharp@gmail.com','SharpDoris');
INSERT INTO Students VALUES (620003005,'UNDERGRAD','01-01-2020');
INSERT INTO Enrolled (u_id,courseCode) VALUES (620003005,'PHYS3686'),(620003005,'CHEM3793'),(620003005,'BIOC3721'),(620003005,'MATH3029'),(620003005,'CHEM2697'),(620003005,'CHEM3054');
INSERT INTO Users VALUES (620003006,'Weldon','Withrow','WeldonWithrow@gmail.com','WithrowWeldon');
INSERT INTO Students VALUES (620003006,'UNDERGRAD','01-01-2020');
INSERT INTO Enrolled (u_id,courseCode) VALUES (620003006,'MATH2067'),(620003006,'INFO1825'),(620003006,'ECON3288'),(620003006,'PHYS1930'),(620003006,'PHYS2977'),(620003006,'INFO1014');
INSERT INTO Users VALUES (620003007,'Weldon','Chatcho','WeldonChatcho@gmail.com','ChatchoWeldon');
INSERT INTO Students VALUES (620003007,'UNDERGRAD','01-01-2020');
INSERT INTO Enrolled (u_id,courseCode) VALUES (620003007,'PHYS2306'),(620003007,'PHYS3052'),(620003007,'CHEM3793'),(620003007,'ECON1230');
INSERT INTO Users VALUES (620003008,'Erin','Davis','ErinDavis@gmail.com','DavisErin');
INSERT INTO Students VALUES (620003008,'UNDERGRAD','01-01-2020');
INSERT INTO Enrolled (u_id,courseCode) VALUES (620003008,'INFO3419'),(620003008,'ECON2703'),(620003008,'CHEM1485');
INSERT INTO Users VALUES (620003009,'Charlotte','Starks','CharlotteStarks@gmail.com','StarksCharlotte');
INSERT INTO Students VALUES (620003009,'UNDERGRAD','01-01-2020');
INSERT INTO Enrolled (u_id,courseCode) VALUES (620003009,'ECON1098'),(620003009,'CHEM2697'),(620003009,'INFO1145'),(620003009,'ECON1561');
INSERT INTO Users VALUES (620003010,'Miss','Gilman','MissGilman@gmail.com','GilmanMiss');
INSERT INTO Students VALUES (620003010,'UNDERGRAD','01-01-2020');
INSERT INTO Enrolled (u_id,courseCode) VALUES (620003010,'COMP1573'),(620003010,'CHEM3888'),(620003010,'ECON3989'),(620003010,'COMP1867'),(620003010,'INFO2813');
INSERT INTO Users VALUES (620003011,'Howard','Gilman','HowardGilman@gmail.com','GilmanHoward');
INSERT INTO Students VALUES (620003011,'UNDERGRAD','01-01-2020');
INSERT INTO Enrolled (u_id,courseCode) VALUES (620003011,'PHYS3339'),(620003011,'ECON1098'),(620003011,'PHYS2977');
INSERT INTO Users VALUES (620003012,'Brooke','Harms','BrookeHarms@gmail.com','HarmsBrooke');
INSERT INTO Students VALUES (620003012,'UNDERGRAD','01-01-2020');
INSERT INTO Enrolled (u_id,courseCode) VALUES (620003012,'INFO2860'),(620003012,'CHEM3327'),(620003012,'PHYS3686'),(620003012,'BIOC1986'),(620003012,'CHEM3614'),(620003012,'BIOC2671');
INSERT INTO Users VALUES (620003013,'Mason','Mcalister','MasonMcalister@gmail.com','McalisterMason');
INSERT INTO Students VALUES (620003013,'UNDERGRAD','01-01-2020');
INSERT INTO Enrolled (u_id,courseCode) VALUES (620003013,'CHEM2867'),(620003013,'INFO2521'),(620003013,'BIOC1052'),(620003013,'MATH2550'),(620003013,'MATH1250');
INSERT INTO Users VALUES (620003014,'Scott','Deen','ScottDeen@gmail.com','DeenScott');
INSERT INTO Students VALUES (620003014,'UNDERGRAD','01-01-2020');
INSERT INTO Enrolled (u_id,courseCode) VALUES (620003014,'MATH3688'),(620003014,'COMP3238'),(620003014,'INFO2950'),(620003014,'PHYS1930'),(620003014,'CHEM2220');
INSERT INTO Users VALUES (620003015,'Douglas','Pulley','DouglasPulley@gmail.com','PulleyDouglas');
INSERT INTO Students VALUES (620003015,'UNDERGRAD','01-01-2020');
INSERT INTO Enrolled (u_id,courseCode) VALUES (620003015,'INFO2213'),(620003015,'ECON3085'),(620003015,'INFO1014'),(620003015,'COMP2080'),(620003015,'BIOC3191');
INSERT INTO Users VALUES (620003016,'Jimmy','Davis','JimmyDavis@gmail.com','DavisJimmy');
INSERT INTO Students VALUES (620003016,'UNDERGRAD','01-01-2020');
INSERT INTO Enrolled (u_id,courseCode) VALUES (620003016,'MATH1648'),(620003016,'COMP3746'),(620003016,'BIOC2054'),(620003016,'PHYS1979'),(620003016,'MATH3222');
INSERT INTO Users VALUES (620003017,'Magdalen','Letchworth','MagdalenLetchworth@gmail.com','LetchworthMagdalen');
INSERT INTO Students VALUES (620003017,'UNDERGRAD','01-01-2020');
INSERT INTO Enrolled (u_id,courseCode) VALUES (620003017,'CHEM2149'),(620003017,'MATH2555'),(620003017,'CHEM1485'),(620003017,'ECON1170'),(620003017,'CHEM3888');
INSERT INTO Users VALUES (620003018,'Dorothy','Danker','DorothyDanker@gmail.com','DankerDorothy');
INSERT INTO Students VALUES (620003018,'UNDERGRAD','01-01-2020');
INSERT INTO Enrolled (u_id,courseCode) VALUES (620003018,'INFO3419'),(620003018,'MATH1262'),(620003018,'BIOC3457'),(620003018,'CHEM2177');
INSERT INTO Users VALUES (620003019,'Alice','Fields','AliceFields@gmail.com','FieldsAlice');
INSERT INTO Students VALUES (620003019,'UNDERGRAD','01-01-2020');
INSERT INTO Enrolled (u_id,courseCode) VALUES (620003019,'BIOC3191'),(620003019,'COMP3084'),(620003019,'PHYS3339'),(620003019,'BIOC2236'),(620003019,'PHYS3052');
INSERT INTO Users VALUES (620003020,'Donald','Crites','DonaldCrites@gmail.com','CritesDonald');
INSERT INTO Students VALUES (620003020,'UNDERGRAD','01-01-2020');
INSERT INTO Enrolled (u_id,courseCode) VALUES (620003020,'ECON3311'),(620003020,'PHYS2338'),(620003020,'CHEM2220');
INSERT INTO Users VALUES (620003021,'Kelly','Mauk','KellyMauk@gmail.com','MaukKelly');
INSERT INTO Students VALUES (620003021,'UNDERGRAD','01-01-2020');
INSERT INTO Enrolled (u_id,courseCode) VALUES (620003021,'PHYS3659'),(620003021,'PHYS1140'),(620003021,'PHYS2238');
INSERT INTO Users VALUES (620003022,'Daisy','Lockwood','DaisyLockwood@gmail.com','LockwoodDaisy');
INSERT INTO Students VALUES (620003022,'UNDERGRAD','01-01-2020');
INSERT INTO Enrolled (u_id,courseCode) VALUES (620003022,'COMP3238'),(620003022,'ECON3372'),(620003022,'CHEM2867');
INSERT INTO Users VALUES (620003023,'Isreal','Cardona','IsrealCardona@gmail.com','CardonaIsreal');
INSERT INTO Students VALUES (620003023,'UNDERGRAD','01-01-2020');
INSERT INTO Enrolled (u_id,courseCode) VALUES (620003023,'CHEM1613'),(620003023,'ECON1996'),(620003023,'ECON3020'),(620003023,'MATH3209'),(620003023,'MATH3544');
INSERT INTO Users VALUES (620003024,'Adelia','Guidry','AdeliaGuidry@gmail.com','GuidryAdelia');
INSERT INTO Students VALUES (620003024,'UNDERGRAD','01-01-2020');
INSERT INTO Enrolled (u_id,courseCode) VALUES (620003024,'BIOC1910'),(620003024,'MATH1262'),(620003024,'COMP2080');
INSERT INTO Users VALUES (620003025,'Debbie','Jeanbaptiste','DebbieJeanbaptiste@gmail.com','JeanbaptisteDebbie');
INSERT INTO Students VALUES (620003025,'UNDERGRAD','01-01-2020');
INSERT INTO Enrolled (u_id,courseCode) VALUES (620003025,'ECON3737'),(620003025,'MATH2555'),(620003025,'BIOC3341'),(620003025,'MATH1648');
INSERT INTO Users VALUES (620003026,'Glenda','Diggs','GlendaDiggs@gmail.com','DiggsGlenda');
INSERT INTO Students VALUES (620003026,'UNDERGRAD','01-01-2020');
INSERT INTO Enrolled (u_id,courseCode) VALUES (620003026,'PHYS3876'),(620003026,'PHYS2977'),(620003026,'COMP2651'),(620003026,'COMP2361'),(620003026,'CHEM3347');
INSERT INTO Users VALUES (620003027,'Samuel','White','SamuelWhite@gmail.com','WhiteSamuel');
INSERT INTO Students VALUES (620003027,'UNDERGRAD','01-01-2020');
INSERT INTO Enrolled (u_id,courseCode) VALUES (620003027,'BIOC1866'),(620003027,'CHEM3617'),(620003027,'INFO1648'),(620003027,'PHYS3464');
INSERT INTO Users VALUES (620003028,'Samuel','Krause','SamuelKrause@gmail.com','KrauseSamuel');
INSERT INTO Students VALUES (620003028,'UNDERGRAD','01-01-2020');
INSERT INTO Enrolled (u_id,courseCode) VALUES (620003028,'PHYS2306'),(620003028,'ECON3737'),(620003028,'PHYS2448'),(620003028,'BIOC1164');
INSERT INTO Users VALUES (620003029,'Roy','Vargas','RoyVargas@gmail.com','VargasRoy');
INSERT INTO Students VALUES (620003029,'UNDERGRAD','01-01-2020');
INSERT INTO Enrolled (u_id,courseCode) VALUES (620003029,'COMP2361'),(620003029,'MATH1262'),(620003029,'PHYS3464'),(620003029,'INFO1145');
INSERT INTO Users VALUES (620003030,'Paul','Miller','PaulMiller@gmail.com','MillerPaul');
INSERT INTO Students VALUES (620003030,'UNDERGRAD','01-01-2020');
INSERT INTO Enrolled (u_id,courseCode) VALUES (620003030,'COMP2651'),(620003030,'MATH1454'),(620003030,'COMP1543'),(620003030,'CHEM1613');
INSERT INTO Users VALUES (620003031,'Greg','Schilling','GregSchilling@gmail.com','SchillingGreg');
INSERT INTO Students VALUES (620003031,'UNDERGRAD','01-01-2020');
INSERT INTO Enrolled (u_id,courseCode) VALUES (620003031,'INFO3935'),(620003031,'CHEM2481'),(620003031,'CHEM2005'),(620003031,'BIOC1164'),(620003031,'INFO1833');
INSERT INTO Users VALUES (620003032,'Timothy','Fields','TimothyFields@gmail.com','FieldsTimothy');
INSERT INTO Students VALUES (620003032,'UNDERGRAD','01-01-2020');
INSERT INTO Enrolled (u_id,courseCode) VALUES (620003032,'COMP2077'),(620003032,'COMP2717'),(620003032,'ECON3989'),(620003032,'INFO3603');
INSERT INTO Users VALUES (620003033,'Jimmy','Baccus','JimmyBaccus@gmail.com','BaccusJimmy');
INSERT INTO Students VALUES (620003033,'UNDERGRAD','01-01-2020');
INSERT INTO Enrolled (u_id,courseCode) VALUES (620003033,'INFO3419'),(620003033,'BIOC1866'),(620003033,'ECON3004'),(620003033,'MATH3059'),(620003033,'CHEM2727');
INSERT INTO Users VALUES (620003034,'Lauren','Bordelon','LaurenBordelon@gmail.com','BordelonLauren');
INSERT INTO Students VALUES (620003034,'UNDERGRAD','01-01-2020');
INSERT INTO Enrolled (u_id,courseCode) VALUES (620003034,'PHYS3354'),(620003034,'INFO2270'),(620003034,'PHYS1930'),(620003034,'ECON3085'),(620003034,'CHEM3614');
INSERT INTO Users VALUES (620003035,'Allison','Valenzuela','AllisonValenzuela@gmail.com','ValenzuelaAllison');
INSERT INTO Students VALUES (620003035,'UNDERGRAD','01-01-2020');
INSERT INTO Enrolled (u_id,courseCode) VALUES (620003035,'ECON1498'),(620003035,'CHEM2626'),(620003035,'ECON1561'),(620003035,'COMP1184'),(620003035,'MATH1309'),(620003035,'ECON3989');
INSERT INTO Users VALUES (620003036,'Curtis','Mauk','CurtisMauk@gmail.com','MaukCurtis');
INSERT INTO Students VALUES (620003036,'UNDERGRAD','01-01-2020');
INSERT INTO Enrolled (u_id,courseCode) VALUES (620003036,'COMP1460'),(620003036,'MATH1454'),(620003036,'INFO2950'),(620003036,'INFO1447'),(620003036,'BIOC2550');
INSERT INTO Users VALUES (620003037,'Shannon','Wood','ShannonWood@gmail.com','WoodShannon');
INSERT INTO Students VALUES (620003037,'UNDERGRAD','01-01-2020');
INSERT INTO Enrolled (u_id,courseCode) VALUES (620003037,'COMP1460'),(620003037,'INFO2860'),(620003037,'BIOC1052'),(620003037,'PHYS1173'),(620003037,'CHEM3747'),(620003037,'COMP2717');
INSERT INTO Users VALUES (620003038,'Nina','Cannon','NinaCannon@gmail.com','CannonNina');
INSERT INTO Students VALUES (620003038,'UNDERGRAD','01-01-2020');
INSERT INTO Enrolled (u_id,courseCode) VALUES (620003038,'INFO3868'),(620003038,'CHEM3793'),(620003038,'ECON1012'),(620003038,'CHEM2697');
INSERT INTO Users VALUES (620003039,'Miss','Walden','MissWalden@gmail.com','WaldenMiss');
INSERT INTO Students VALUES (620003039,'UNDERGRAD','01-01-2020');
INSERT INTO Enrolled (u_id,courseCode) VALUES (620003039,'COMP1543'),(620003039,'PHYS2117'),(620003039,'ECON3281'),(620003039,'PHYS1979'),(620003039,'INFO3645'),(620003039,'CHEM3614');
INSERT INTO Users VALUES (620003040,'Hazel','Butcher','HazelButcher@gmail.com','ButcherHazel');
INSERT INTO Students VALUES (620003040,'UNDERGRAD','01-01-2020');
INSERT INTO Enrolled (u_id,courseCode) VALUES (620003040,'ECON3281'),(620003040,'INFO2811'),(620003040,'MATH2555'),(620003040,'BIOC2589'),(620003040,'BIOC1725'),(620003040,'PHYS1979');
INSERT INTO Users VALUES (620003041,'Lori','Dahlheimer','LoriDahlheimer@gmail.com','DahlheimerLori');
INSERT INTO Students VALUES (620003041,'UNDERGRAD','01-01-2020');
INSERT INTO Enrolled (u_id,courseCode) VALUES (620003041,'CHEM2604'),(620003041,'ECON3447'),(620003041,'INFO2636'),(620003041,'MATH2717'),(620003041,'MATH2957'),(620003041,'BIOC3341');
INSERT INTO Users VALUES (620003042,'Thomas','May','ThomasMay@gmail.com','MayThomas');
INSERT INTO Students VALUES (620003042,'UNDERGRAD','01-01-2020');
INSERT INTO Enrolled (u_id,courseCode) VALUES (620003042,'BIOC1910'),(620003042,'CHEM3054'),(620003042,'ECON3020'),(620003042,'CHEM2220'),(620003042,'MATH2717');
INSERT INTO Users VALUES (620003043,'Jennifer','Butler','JenniferButler@gmail.com','ButlerJennifer');
INSERT INTO Students VALUES (620003043,'UNDERGRAD','01-01-2020');
INSERT INTO Enrolled (u_id,courseCode) VALUES (620003043,'CHEM1807'),(620003043,'INFO1648'),(620003043,'CHEM2065'),(620003043,'PHYS2229'),(620003043,'BIOC3604'),(620003043,'CHEM2220');
INSERT INTO Users VALUES (620003044,'Greg','Garnes','GregGarnes@gmail.com','GarnesGreg');
INSERT INTO Students VALUES (620003044,'UNDERGRAD','01-01-2020');
INSERT INTO Enrolled (u_id,courseCode) VALUES (620003044,'ECON3004'),(620003044,'BIOC1439'),(620003044,'CHEM2867');
INSERT INTO Users VALUES (620003045,'Richard','Krause','RichardKrause@gmail.com','KrauseRichard');
INSERT INTO Students VALUES (620003045,'UNDERGRAD','01-01-2020');
INSERT INTO Enrolled (u_id,courseCode) VALUES (620003045,'MATH2717'),(620003045,'PHYS1173'),(620003045,'CHEM3327'),(620003045,'ECON3737'),(620003045,'CHEM1340');
INSERT INTO Users VALUES (620003046,'Geraldine','Withrow','GeraldineWithrow@gmail.com','WithrowGeraldine');
INSERT INTO Students VALUES (620003046,'UNDERGRAD','01-01-2020');
INSERT INTO Enrolled (u_id,courseCode) VALUES (620003046,'MATH2555'),(620003046,'MATH2717'),(620003046,'MATH1638'),(620003046,'INFO2213'),(620003046,'MATH1309');
INSERT INTO Users VALUES (620003047,'Lauren','Madsen','LaurenMadsen@gmail.com','MadsenLauren');
INSERT INTO Students VALUES (620003047,'UNDERGRAD','01-01-2020');
INSERT INTO Enrolled (u_id,courseCode) VALUES (620003047,'MATH3173'),(620003047,'CHEM2727'),(620003047,'INFO3645'),(620003047,'BIOC3230'),(620003047,'INFO1242');
INSERT INTO Users VALUES (620003048,'Dale','Early','DaleEarly@gmail.com','EarlyDale');
INSERT INTO Students VALUES (620003048,'UNDERGRAD','01-01-2020');
INSERT INTO Enrolled (u_id,courseCode) VALUES (620003048,'INFO2521'),(620003048,'COMP1051'),(620003048,'PHYS1979'),(620003048,'BIOC1439'),(620003048,'COMP2717'),(620003048,'PHYS3354');
INSERT INTO Users VALUES (620003049,'David','Lauritsen','DavidLauritsen@gmail.com','LauritsenDavid');
INSERT INTO Students VALUES (620003049,'UNDERGRAD','01-01-2020');
INSERT INTO Enrolled (u_id,courseCode) VALUES (620003049,'MATH3688'),(620003049,'PHYS1173'),(620003049,'BIOC3230'),(620003049,'CHEM3614'),(620003049,'MATH3844');
INSERT INTO Users VALUES (620003050,'Sadie','Lindstrom','SadieLindstrom@gmail.com','LindstromSadie');
INSERT INTO Students VALUES (620003050,'UNDERGRAD','01-01-2020');
INSERT INTO Enrolled (u_id,courseCode) VALUES (620003050,'COMP1051'),(620003050,'ECON3276'),(620003050,'ECON1498'),(620003050,'MATH1148');
INSERT INTO Users VALUES (620003051,'Matthew','Lowrey','MatthewLowrey@gmail.com','LowreyMatthew');
INSERT INTO Students VALUES (620003051,'UNDERGRAD','01-01-2020');
INSERT INTO Enrolled (u_id,courseCode) VALUES (620003051,'INFO2797'),(620003051,'INFO1242'),(620003051,'PHYS3787'),(620003051,'MATH2801'),(620003051,'MATH1735');
INSERT INTO Users VALUES (620003052,'Kendra','Mcclanahan','KendraMcclanahan@gmail.com','McclanahanKendra');
INSERT INTO Students VALUES (620003052,'UNDERGRAD','01-01-2020');
INSERT INTO Enrolled (u_id,courseCode) VALUES (620003052,'COMP2541'),(620003052,'ECON2345'),(620003052,'INFO2559'),(620003052,'COMP3047');
INSERT INTO Users VALUES (620003053,'Rachel','Chatcho','RachelChatcho@gmail.com','ChatchoRachel');
INSERT INTO Students VALUES (620003053,'UNDERGRAD','01-01-2020');
INSERT INTO Enrolled (u_id,courseCode) VALUES (620003053,'MATH1648'),(620003053,'BIOC2671'),(620003053,'INFO3603');
INSERT INTO Users VALUES (620003054,'Shannon','Williamson','ShannonWilliamson@gmail.com','WilliamsonShannon');
INSERT INTO Students VALUES (620003054,'UNDERGRAD','01-01-2020');
INSERT INTO Enrolled (u_id,courseCode) VALUES (620003054,'BIOC3457'),(620003054,'ECON3288'),(620003054,'CHEM1613'),(620003054,'CHEM2604'),(620003054,'COMP2080'),(620003054,'PHYS1399');
INSERT INTO Users VALUES (620003055,'Gloria','Decker','GloriaDecker@gmail.com','DeckerGloria');
INSERT INTO Students VALUES (620003055,'UNDERGRAD','01-01-2020');
INSERT INTO Enrolled (u_id,courseCode) VALUES (620003055,'MATH2801'),(620003055,'MATH2188'),(620003055,'INFO1014');
INSERT INTO Users VALUES (620003056,'Jeremy','Carrillo','JeremyCarrillo@gmail.com','CarrilloJeremy');
INSERT INTO Students VALUES (620003056,'UNDERGRAD','01-01-2020');
INSERT INTO Enrolled (u_id,courseCode) VALUES (620003056,'MATH3173'),(620003056,'BIOC1052'),(620003056,'MATH3179'),(620003056,'INFO2716'),(620003056,'COMP3849');
INSERT INTO Users VALUES (620003057,'Milton','Meisner','MiltonMeisner@gmail.com','MeisnerMilton');
INSERT INTO Students VALUES (620003057,'UNDERGRAD','01-01-2020');
INSERT INTO Enrolled (u_id,courseCode) VALUES (620003057,'MATH2188'),(620003057,'PHYS2306'),(620003057,'BIOC1598'),(620003057,'COMP2717');
INSERT INTO Users VALUES (620003058,'Katherine','Cardona','KatherineCardona@gmail.com','CardonaKatherine');
INSERT INTO Students VALUES (620003058,'UNDERGRAD','01-01-2020');
INSERT INTO Enrolled (u_id,courseCode) VALUES (620003058,'PHYS3290'),(620003058,'BIOC3230'),(620003058,'CHEM2867'),(620003058,'ECON1561');
INSERT INTO Users VALUES (620003059,'Shirley','Morey','ShirleyMorey@gmail.com','MoreyShirley');
INSERT INTO Students VALUES (620003059,'UNDERGRAD','01-01-2020');
INSERT INTO Enrolled (u_id,courseCode) VALUES (620003059,'COMP3536'),(620003059,'ECON3063'),(620003059,'BIOC1439'),(620003059,'BIOC1794'),(620003059,'CHEM2149');
INSERT INTO Users VALUES (620003060,'Stacy','Truitt','StacyTruitt@gmail.com','TruittStacy');
INSERT INTO Students VALUES (620003060,'UNDERGRAD','01-01-2020');
INSERT INTO Enrolled (u_id,courseCode) VALUES (620003060,'INFO2716'),(620003060,'PHYS1993'),(620003060,'BIOC1986'),(620003060,'MATH2717');
INSERT INTO Users VALUES (620003061,'Miguel','Ott','MiguelOtt@gmail.com','OttMiguel');
INSERT INTO Students VALUES (620003061,'UNDERGRAD','01-01-2020');
INSERT INTO Enrolled (u_id,courseCode) VALUES (620003061,'INFO1990'),(620003061,'CHEM1485'),(620003061,'CHEM2005');
INSERT INTO Users VALUES (620003062,'Karen','Golden','KarenGolden@gmail.com','GoldenKaren');
INSERT INTO Students VALUES (620003062,'UNDERGRAD','01-01-2020');
INSERT INTO Enrolled (u_id,courseCode) VALUES (620003062,'BIOC1164'),(620003062,'MATH3857'),(620003062,'PHYS3354'),(620003062,'COMP3536'),(620003062,'BIOC1534');
INSERT INTO Users VALUES (620003063,'Juan','Turkus','JuanTurkus@gmail.com','TurkusJuan');
INSERT INTO Students VALUES (620003063,'UNDERGRAD','01-01-2020');
INSERT INTO Enrolled (u_id,courseCode) VALUES (620003063,'CHEM1485'),(620003063,'ECON2387'),(620003063,'BIOC3721'),(620003063,'COMP3536'),(620003063,'MATH3844'),(620003063,'PHYS2117');
INSERT INTO Users VALUES (620003064,'Cynthia','Bordelon','CynthiaBordelon@gmail.com','BordelonCynthia');
INSERT INTO Students VALUES (620003064,'UNDERGRAD','01-01-2020');
INSERT INTO Enrolled (u_id,courseCode) VALUES (620003064,'INFO1990'),(620003064,'INFO2860'),(620003064,'MATH2188');
INSERT INTO Users VALUES (620003065,'Rachel','Merna','RachelMerna@gmail.com','MernaRachel');
INSERT INTO Students VALUES (620003065,'UNDERGRAD','01-01-2020');
INSERT INTO Enrolled (u_id,courseCode) VALUES (620003065,'COMP3084'),(620003065,'MATH1972'),(620003065,'ECON2722');
INSERT INTO Users VALUES (620003066,'Nina','Lowry','NinaLowry@gmail.com','LowryNina');
INSERT INTO Students VALUES (620003066,'UNDERGRAD','01-01-2020');
INSERT INTO Enrolled (u_id,courseCode) VALUES (620003066,'INFO2521'),(620003066,'CHEM2867'),(620003066,'PHYS3464'),(620003066,'ECON1458'),(620003066,'CHEM2481');
INSERT INTO Users VALUES (620003067,'Michelle','Richardson','MichelleRichardson@gmail.com','RichardsonMichelle');
INSERT INTO Students VALUES (620003067,'UNDERGRAD','01-01-2020');
INSERT INTO Enrolled (u_id,courseCode) VALUES (620003067,'ECON3311'),(620003067,'INFO2337'),(620003067,'CHEM3888'),(620003067,'COMP2077');
INSERT INTO Users VALUES (620003068,'Ed','Bennett','EdBennett@gmail.com','BennettEd');
INSERT INTO Students VALUES (620003068,'UNDERGRAD','01-01-2020');
INSERT INTO Enrolled (u_id,courseCode) VALUES (620003068,'PHYS3052'),(620003068,'MATH3029'),(620003068,'ECON1230'),(620003068,'MATH3173'),(620003068,'ECON3228');
INSERT INTO Users VALUES (620003069,'Evelyn','Lockwood','EvelynLockwood@gmail.com','LockwoodEvelyn');
INSERT INTO Students VALUES (620003069,'UNDERGRAD','01-01-2020');
INSERT INTO Enrolled (u_id,courseCode) VALUES (620003069,'COMP3084'),(620003069,'CHEM3614'),(620003069,'CHEM3793'),(620003069,'ECON3523');
INSERT INTO Users VALUES (620003070,'Juanita','Bowerman','JuanitaBowerman@gmail.com','BowermanJuanita');
INSERT INTO Students VALUES (620003070,'UNDERGRAD','01-01-2020');
INSERT INTO Enrolled (u_id,courseCode) VALUES (620003070,'MATH3173'),(620003070,'PHYS3052'),(620003070,'BIOC3721');
INSERT INTO Users VALUES (620003071,'Weldon','Moore','WeldonMoore@gmail.com','MooreWeldon');
INSERT INTO Students VALUES (620003071,'UNDERGRAD','01-01-2020');
INSERT INTO Enrolled (u_id,courseCode) VALUES (620003071,'PHYS2448'),(620003071,'ECON3281'),(620003071,'CHEM2177'),(620003071,'MATH3544'),(620003071,'COMP1184'),(620003071,'CHEM3347');
INSERT INTO Users VALUES (620003072,'Tia','Hauser','TiaHauser@gmail.com','HauserTia');
INSERT INTO Students VALUES (620003072,'UNDERGRAD','01-01-2020');
INSERT INTO Enrolled (u_id,courseCode) VALUES (620003072,'INFO3868'),(620003072,'CHEM2220'),(620003072,'MATH3857'),(620003072,'CHEM3054'),(620003072,'MATH2717');
INSERT INTO Users VALUES (620003073,'Daisy','Walden','DaisyWalden@gmail.com','WaldenDaisy');
INSERT INTO Students VALUES (620003073,'UNDERGRAD','01-01-2020');
INSERT INTO Enrolled (u_id,courseCode) VALUES (620003073,'CHEM2867'),(620003073,'INFO2797'),(620003073,'INFO1288');
INSERT INTO Users VALUES (620003074,'Wendell','Griffin','WendellGriffin@gmail.com','GriffinWendell');
INSERT INTO Students VALUES (620003074,'UNDERGRAD','01-01-2020');
INSERT INTO Enrolled (u_id,courseCode) VALUES (620003074,'BIOC1104'),(620003074,'COMP3418'),(620003074,'PHYS1979'),(620003074,'MATH1578'),(620003074,'BIOC2671');
INSERT INTO Users VALUES (620003075,'Floyd','Petersen','FloydPetersen@gmail.com','PetersenFloyd');
INSERT INTO Students VALUES (620003075,'UNDERGRAD','01-01-2020');
INSERT INTO Enrolled (u_id,courseCode) VALUES (620003075,'ECON1498'),(620003075,'CHEM1807'),(620003075,'INFO2147');
INSERT INTO Users VALUES (620003076,'Terri','Chappell','TerriChappell@gmail.com','ChappellTerri');
INSERT INTO Students VALUES (620003076,'UNDERGRAD','01-01-2020');
INSERT INTO Enrolled (u_id,courseCode) VALUES (620003076,'CHEM2697'),(620003076,'ECON1498'),(620003076,'BIOC2589');
INSERT INTO Users VALUES (620003077,'Clyde','Maione','ClydeMaione@gmail.com','MaioneClyde');
INSERT INTO Students VALUES (620003077,'UNDERGRAD','01-01-2020');
INSERT INTO Enrolled (u_id,courseCode) VALUES (620003077,'CHEM2220'),(620003077,'ECON3063'),(620003077,'COMP2717'),(620003077,'INFO1447'),(620003077,'MATH3209'),(620003077,'CHEM3327');
INSERT INTO Users VALUES (620003078,'Tracy','Imoto','TracyImoto@gmail.com','ImotoTracy');
INSERT INTO Students VALUES (620003078,'UNDERGRAD','01-01-2020');
INSERT INTO Enrolled (u_id,courseCode) VALUES (620003078,'INFO2950'),(620003078,'BIOC1598'),(620003078,'MATH3179');
INSERT INTO Users VALUES (620003079,'Marilyn','Turkus','MarilynTurkus@gmail.com','TurkusMarilyn');
INSERT INTO Students VALUES (620003079,'UNDERGRAD','01-01-2020');
INSERT INTO Enrolled (u_id,courseCode) VALUES (620003079,'CHEM2149'),(620003079,'PHYS1993'),(620003079,'MATH3544');
INSERT INTO Users VALUES (620003080,'Larry','Cochran','LarryCochran@gmail.com','CochranLarry');
INSERT INTO Students VALUES (620003080,'UNDERGRAD','01-01-2020');
INSERT INTO Enrolled (u_id,courseCode) VALUES (620003080,'PHYS3290'),(620003080,'INFO1825'),(620003080,'ECON3311'),(620003080,'CHEM2446'),(620003080,'COMP2361');
INSERT INTO Users VALUES (620003081,'Patricia','Letchworth','PatriciaLetchworth@gmail.com','LetchworthPatricia');
INSERT INTO Students VALUES (620003081,'UNDERGRAD','01-01-2020');
INSERT INTO Enrolled (u_id,courseCode) VALUES (620003081,'PHYS2977'),(620003081,'COMP3047'),(620003081,'COMP1184'),(620003081,'PHYS2238'),(620003081,'INFO2337'),(620003081,'MATH3688');
INSERT INTO Users VALUES (620003082,'Nicole','Steinberger','NicoleSteinberger@gmail.com','SteinbergerNicole');
INSERT INTO Students VALUES (620003082,'UNDERGRAD','01-01-2020');
INSERT INTO Enrolled (u_id,courseCode) VALUES (620003082,'COMP2651'),(620003082,'BIOC3457'),(620003082,'BIOC3191'),(620003082,'ECON3372'),(620003082,'CHEM1613'),(620003082,'BIOC1725');
INSERT INTO Users VALUES (620003083,'Cristina','Turkus','CristinaTurkus@gmail.com','TurkusCristina');
INSERT INTO Students VALUES (620003083,'UNDERGRAD','01-01-2020');
INSERT INTO Enrolled (u_id,courseCode) VALUES (620003083,'MATH3029'),(620003083,'INFO1288'),(620003083,'COMP3167'),(620003083,'ECON1098'),(620003083,'PHYS3464'),(620003083,'CHEM2867');
INSERT INTO Users VALUES (620003084,'Byron','Hawkins','ByronHawkins@gmail.com','HawkinsByron');
INSERT INTO Students VALUES (620003084,'UNDERGRAD','01-01-2020');
INSERT INTO Enrolled (u_id,courseCode) VALUES (620003084,'BIOC1052'),(620003084,'CHEM3327'),(620003084,'COMP3047'),(620003084,'BIOC1485');
INSERT INTO Users VALUES (620003085,'Elmer','Finkenbinder','ElmerFinkenbinder@gmail.com','FinkenbinderElmer');
INSERT INTO Students VALUES (620003085,'UNDERGRAD','01-01-2020');
INSERT INTO Enrolled (u_id,courseCode) VALUES (620003085,'COMP3173'),(620003085,'COMP3685'),(620003085,'CHEM3054'),(620003085,'BIOC1744'),(620003085,'INFO1014');
INSERT INTO Users VALUES (620003086,'Roberta','Klein','RobertaKlein@gmail.com','KleinRoberta');
INSERT INTO Students VALUES (620003086,'UNDERGRAD','01-01-2020');
INSERT INTO Enrolled (u_id,courseCode) VALUES (620003086,'BIOC2671'),(620003086,'PHYS2977'),(620003086,'COMP3685'),(620003086,'BIOC1164'),(620003086,'ECON3020'),(620003086,'PHYS3354');
INSERT INTO Users VALUES (620003087,'Maria','Meraz','MariaMeraz@gmail.com','MerazMaria');
INSERT INTO Students VALUES (620003087,'UNDERGRAD','01-01-2020');
INSERT INTO Enrolled (u_id,courseCode) VALUES (620003087,'PHYS3354'),(620003087,'MATH2501'),(620003087,'PHYS2448'),(620003087,'MATH2555'),(620003087,'INFO3419');
INSERT INTO Users VALUES (620003088,'Ben','Wilson','BenWilson@gmail.com','WilsonBen');
INSERT INTO Students VALUES (620003088,'UNDERGRAD','01-01-2020');
INSERT INTO Enrolled (u_id,courseCode) VALUES (620003088,'MATH1648'),(620003088,'MATH2550'),(620003088,'ECON3372'),(620003088,'COMP3746'),(620003088,'INFO2716');
INSERT INTO Users VALUES (620003089,'Julius','Wesley','JuliusWesley@gmail.com','WesleyJulius');
INSERT INTO Students VALUES (620003089,'UNDERGRAD','01-01-2020');
INSERT INTO Enrolled (u_id,courseCode) VALUES (620003089,'COMP3536'),(620003089,'COMP2400'),(620003089,'MATH2550'),(620003089,'COMP3746');
INSERT INTO Users VALUES (620003090,'Helen','Pero','HelenPero@gmail.com','PeroHelen');
INSERT INTO Students VALUES (620003090,'UNDERGRAD','01-01-2020');
INSERT INTO Enrolled (u_id,courseCode) VALUES (620003090,'CHEM2005'),(620003090,'ECON1783'),(620003090,'PHYS3876'),(620003090,'COMP1184');
INSERT INTO Users VALUES (620003091,'Ed','Sandlin','EdSandlin@gmail.com','SandlinEd');
INSERT INTO Students VALUES (620003091,'UNDERGRAD','01-01-2020');
INSERT INTO Enrolled (u_id,courseCode) VALUES (620003091,'MATH3209'),(620003091,'BIOC2589'),(620003091,'PHYS2306'),(620003091,'PHYS3729'),(620003091,'MATH2067'),(620003091,'COMP1460');
INSERT INTO Users VALUES (620003092,'Karen','Sniezek','KarenSniezek@gmail.com','SniezekKaren');
INSERT INTO Students VALUES (620003092,'UNDERGRAD','01-01-2020');
INSERT INTO Enrolled (u_id,courseCode) VALUES (620003092,'MATH1578'),(620003092,'ECON1498'),(620003092,'ECON1561'),(620003092,'BIOC1104');
INSERT INTO Users VALUES (620003093,'Taylor','Coleman','TaylorColeman@gmail.com','ColemanTaylor');
INSERT INTO Students VALUES (620003093,'UNDERGRAD','01-01-2020');
INSERT INTO Enrolled (u_id,courseCode) VALUES (620003093,'BIOC2054'),(620003093,'COMP1184'),(620003093,'INFO2147'),(620003093,'COMP3849'),(620003093,'INFO3636'),(620003093,'INFO2337');
INSERT INTO Users VALUES (620003094,'Andrew','Wood','AndrewWood@gmail.com','WoodAndrew');
INSERT INTO Students VALUES (620003094,'UNDERGRAD','01-01-2020');
INSERT INTO Enrolled (u_id,courseCode) VALUES (620003094,'CHEM2005'),(620003094,'PHYS2667'),(620003094,'PHYS2977'),(620003094,'ECON3281');
INSERT INTO Users VALUES (620003095,'Betsy','Ekberg','BetsyEkberg@gmail.com','EkbergBetsy');
INSERT INTO Students VALUES (620003095,'UNDERGRAD','01-01-2020');
INSERT INTO Enrolled (u_id,courseCode) VALUES (620003095,'COMP1051'),(620003095,'INFO2270'),(620003095,'PHYS3354'),(620003095,'INFO2337');
INSERT INTO Users VALUES (620003096,'Roger','Aybar','RogerAybar@gmail.com','AybarRoger');
INSERT INTO Students VALUES (620003096,'UNDERGRAD','01-01-2020');
INSERT INTO Enrolled (u_id,courseCode) VALUES (620003096,'MATH2873'),(620003096,'INFO2270'),(620003096,'INFO3603'),(620003096,'BIOC1910'),(620003096,'MATH2501');
INSERT INTO Users VALUES (620003097,'Jose','Mcalister','JoseMcalister@gmail.com','McalisterJose');
INSERT INTO Students VALUES (620003097,'UNDERGRAD','01-01-2020');
INSERT INTO Enrolled (u_id,courseCode) VALUES (620003097,'BIOC3604'),(620003097,'CHEM1807'),(620003097,'MATH3029'),(620003097,'ECON3276'),(620003097,'MATH3222');
INSERT INTO Users VALUES (620003098,'George','Hoyer','GeorgeHoyer@gmail.com','HoyerGeorge');
INSERT INTO Students VALUES (620003098,'UNDERGRAD','01-01-2020');
INSERT INTO Enrolled (u_id,courseCode) VALUES (620003098,'PHYS2563'),(620003098,'MATH3688'),(620003098,'CHEM1613'),(620003098,'COMP2541');
INSERT INTO Users VALUES (620003099,'Patricia','Steere','PatriciaSteere@gmail.com','SteerePatricia');
INSERT INTO Students VALUES (620003099,'UNDERGRAD','01-01-2020');
INSERT INTO Enrolled (u_id,courseCode) VALUES (620003099,'PHYS3787'),(620003099,'BIOC2236'),(620003099,'PHYS2306'),(620003099,'INFO2521'),(620003099,'INFO1447'),(620003099,'COMP3047');
INSERT INTO Users VALUES (620003100,'Guillermo','Ryan','GuillermoRyan@gmail.com','RyanGuillermo');
INSERT INTO Students VALUES (620003100,'UNDERGRAD','01-01-2020');
INSERT INTO Enrolled (u_id,courseCode) VALUES (620003100,'BIOC1052'),(620003100,'MATH3173'),(620003100,'CHEM2066'),(620003100,'BIOC2589'),(620003100,'COMP1184'),(620003100,'INFO1145');
INSERT INTO Users VALUES (620003101,'Nan','Barrett','NanBarrett@gmail.com','BarrettNan');
INSERT INTO Students VALUES (620003101,'UNDERGRAD','01-01-2020');
INSERT INTO Enrolled (u_id,courseCode) VALUES (620003101,'PHYS2306'),(620003101,'MATH2550'),(620003101,'MATH3209'),(620003101,'CHEM3409'),(620003101,'CHEM3747'),(620003101,'CHEM3054');
INSERT INTO Users VALUES (620003102,'Grace','Grinstead','GraceGrinstead@gmail.com','GrinsteadGrace');
INSERT INTO Students VALUES (620003102,'UNDERGRAD','01-01-2020');
INSERT INTO Enrolled (u_id,courseCode) VALUES (620003102,'MATH1638'),(620003102,'CHEM2065'),(620003102,'PHYS2977'),(620003102,'BIOC1439'),(620003102,'PHYS2448'),(620003102,'INFO2559');
INSERT INTO Users VALUES (620003103,'Shannon','Lowry','ShannonLowry@gmail.com','LowryShannon');
INSERT INTO Students VALUES (620003103,'UNDERGRAD','01-01-2020');
INSERT INTO Enrolled (u_id,courseCode) VALUES (620003103,'BIOC1910'),(620003103,'INFO2270'),(620003103,'CHEM2177');
INSERT INTO Users VALUES (620003104,'Adam','Luper','AdamLuper@gmail.com','LuperAdam');
INSERT INTO Students VALUES (620003104,'UNDERGRAD','01-01-2020');
INSERT INTO Enrolled (u_id,courseCode) VALUES (620003104,'ECON3989'),(620003104,'BIOC1598'),(620003104,'PHYS2448'),(620003104,'BIOC3721'),(620003104,'CHEM2626'),(620003104,'BIOC1744');
INSERT INTO Users VALUES (620003105,'Diane','Meisner','DianeMeisner@gmail.com','MeisnerDiane');
INSERT INTO Students VALUES (620003105,'UNDERGRAD','01-01-2020');
INSERT INTO Enrolled (u_id,courseCode) VALUES (620003105,'MATH2957'),(620003105,'PHYS3876'),(620003105,'INFO3419'),(620003105,'BIOC3341'),(620003105,'ECON3737');
INSERT INTO Users VALUES (620003106,'Debbie','Ott','DebbieOtt@gmail.com','OttDebbie');
INSERT INTO Students VALUES (620003106,'UNDERGRAD','01-01-2020');
INSERT INTO Enrolled (u_id,courseCode) VALUES (620003106,'MATH3857'),(620003106,'ECON1589'),(620003106,'COMP3849'),(620003106,'BIOC1598'),(620003106,'BIOC3721'),(620003106,'MATH3173');
INSERT INTO Users VALUES (620003107,'Clyde','Hauser','ClydeHauser@gmail.com','HauserClyde');
INSERT INTO Students VALUES (620003107,'UNDERGRAD','01-01-2020');
INSERT INTO Enrolled (u_id,courseCode) VALUES (620003107,'BIOC2671'),(620003107,'MATH2550'),(620003107,'INFO3636'),(620003107,'COMP1867');
INSERT INTO Users VALUES (620003108,'Georgie','Hanks','GeorgieHanks@gmail.com','HanksGeorgie');
INSERT INTO Students VALUES (620003108,'UNDERGRAD','01-01-2020');
INSERT INTO Enrolled (u_id,courseCode) VALUES (620003108,'INFO1833'),(620003108,'ECON3276'),(620003108,'MATH2188'),(620003108,'CHEM2727');
INSERT INTO Users VALUES (620003109,'Madaline','Calloway','MadalineCalloway@gmail.com','CallowayMadaline');
INSERT INTO Students VALUES (620003109,'UNDERGRAD','01-01-2020');
INSERT INTO Enrolled (u_id,courseCode) VALUES (620003109,'ECON1589'),(620003109,'BIOC3191'),(620003109,'BIOC3604'),(620003109,'CHEM2797'),(620003109,'CHEM3409'),(620003109,'INFO1447');
INSERT INTO Users VALUES (620003110,'Richard','Jones','RichardJones@gmail.com','JonesRichard');
INSERT INTO Students VALUES (620003110,'UNDERGRAD','01-01-2020');
INSERT INTO Enrolled (u_id,courseCode) VALUES (620003110,'BIOC1794'),(620003110,'COMP1051'),(620003110,'ECON3276');
INSERT INTO Users VALUES (620003111,'Alvin','Fields','AlvinFields@gmail.com','FieldsAlvin');
INSERT INTO Students VALUES (620003111,'UNDERGRAD','01-01-2020');
INSERT INTO Enrolled (u_id,courseCode) VALUES (620003111,'COMP3084'),(620003111,'BIOC3604'),(620003111,'ECON1170');
INSERT INTO Users VALUES (620003112,'Janet','Santos','JanetSantos@gmail.com','SantosJanet');
INSERT INTO Students VALUES (620003112,'UNDERGRAD','01-01-2020');
INSERT INTO Enrolled (u_id,courseCode) VALUES (620003112,'CHEM2066'),(620003112,'CHEM3614'),(620003112,'PHYS1993');
INSERT INTO Users VALUES (620003113,'Geoffrey','Stovall','GeoffreyStovall@gmail.com','StovallGeoffrey');
INSERT INTO Students VALUES (620003113,'UNDERGRAD','01-01-2020');
INSERT INTO Enrolled (u_id,courseCode) VALUES (620003113,'CHEM2446'),(620003113,'COMP2717'),(620003113,'COMP3047');
INSERT INTO Users VALUES (620003114,'Jamison','Pulley','JamisonPulley@gmail.com','PulleyJamison');
INSERT INTO Students VALUES (620003114,'UNDERGRAD','01-01-2020');
INSERT INTO Enrolled (u_id,courseCode) VALUES (620003114,'BIOC1794'),(620003114,'BIOC2671'),(620003114,'CHEM1613'),(620003114,'INFO2559'),(620003114,'MATH1250'),(620003114,'BIOC2981');
INSERT INTO Users VALUES (620003115,'Geraldine','Hunter','GeraldineHunter@gmail.com','HunterGeraldine');
INSERT INTO Students VALUES (620003115,'UNDERGRAD','01-01-2020');
INSERT INTO Enrolled (u_id,courseCode) VALUES (620003115,'CHEM2446'),(620003115,'PHYS3464'),(620003115,'MATH1578'),(620003115,'ECON1589');
INSERT INTO Users VALUES (620003116,'Young','Carlson','YoungCarlson@gmail.com','CarlsonYoung');
INSERT INTO Students VALUES (620003116,'UNDERGRAD','01-01-2020');
INSERT INTO Enrolled (u_id,courseCode) VALUES (620003116,'ECON2387'),(620003116,'PHYS2448'),(620003116,'MATH2957'),(620003116,'CHEM2065');
INSERT INTO Users VALUES (620003117,'Karen','James','KarenJames@gmail.com','JamesKaren');
INSERT INTO Students VALUES (620003117,'UNDERGRAD','01-01-2020');
INSERT INTO Enrolled (u_id,courseCode) VALUES (620003117,'PHYS3464'),(620003117,'PHYS1173'),(620003117,'ECON3989'),(620003117,'CHEM3617'),(620003117,'ECON3737');
INSERT INTO Users VALUES (620003118,'Rhoda','Guidry','RhodaGuidry@gmail.com','GuidryRhoda');
INSERT INTO Students VALUES (620003118,'UNDERGRAD','01-01-2020');
INSERT INTO Enrolled (u_id,courseCode) VALUES (620003118,'BIOC1744'),(620003118,'BIOC1485'),(620003118,'INFO1833'),(620003118,'COMP3238'),(620003118,'BIOC3457');
INSERT INTO Users VALUES (620003119,'Adelia','Quintero','AdeliaQuintero@gmail.com','QuinteroAdelia');
INSERT INTO Students VALUES (620003119,'UNDERGRAD','01-01-2020');
INSERT INTO Enrolled (u_id,courseCode) VALUES (620003119,'BIOC1986'),(620003119,'PHYS3290'),(620003119,'PHYS3659'),(620003119,'CHEM1807');
INSERT INTO Users VALUES (620003120,'Jonathan','Culpepper','JonathanCulpepper@gmail.com','CulpepperJonathan');
INSERT INTO Students VALUES (620003120,'UNDERGRAD','01-01-2020');
INSERT INTO Enrolled (u_id,courseCode) VALUES (620003120,'CHEM2727'),(620003120,'INFO2147'),(620003120,'INFO2559');
INSERT INTO Users VALUES (620003121,'Eric','Lowrey','EricLowrey@gmail.com','LowreyEric');
INSERT INTO Students VALUES (620003121,'UNDERGRAD','01-01-2020');
INSERT INTO Enrolled (u_id,courseCode) VALUES (620003121,'COMP1867'),(620003121,'MATH3613'),(620003121,'PHYS3354'),(620003121,'MATH3544');
INSERT INTO Users VALUES (620003122,'Shannon','Reyes','ShannonReyes@gmail.com','ReyesShannon');
INSERT INTO Students VALUES (620003122,'UNDERGRAD','01-01-2020');
INSERT INTO Enrolled (u_id,courseCode) VALUES (620003122,'INFO1145'),(620003122,'COMP1460'),(620003122,'ECON1498');
INSERT INTO Users VALUES (620003123,'Bernard','Sharp','BernardSharp@gmail.com','SharpBernard');
INSERT INTO Students VALUES (620003123,'UNDERGRAD','01-01-2020');
INSERT INTO Enrolled (u_id,courseCode) VALUES (620003123,'CHEM3347'),(620003123,'COMP3173'),(620003123,'CHEM2005');
INSERT INTO Users VALUES (620003124,'Alfred','Terry','AlfredTerry@gmail.com','TerryAlfred');
INSERT INTO Students VALUES (620003124,'UNDERGRAD','01-01-2020');
INSERT INTO Enrolled (u_id,courseCode) VALUES (620003124,'CHEM1494'),(620003124,'ECON3281'),(620003124,'MATH1578'),(620003124,'COMP3536'),(620003124,'COMP3167');
INSERT INTO Users VALUES (620003125,'Marilyn','Eubank','MarilynEubank@gmail.com','EubankMarilyn');
INSERT INTO Students VALUES (620003125,'UNDERGRAD','01-01-2020');
INSERT INTO Enrolled (u_id,courseCode) VALUES (620003125,'MATH3688'),(620003125,'ECON2703'),(620003125,'MATH3544'),(620003125,'PHYS3787'),(620003125,'MATH2873'),(620003125,'MATH1148');
INSERT INTO Users VALUES (620003126,'Charles','Eaton','CharlesEaton@gmail.com','EatonCharles');
INSERT INTO Students VALUES (620003126,'UNDERGRAD','01-01-2020');
INSERT INTO Enrolled (u_id,courseCode) VALUES (620003126,'ECON3085'),(620003126,'CHEM2604'),(620003126,'COMP1573'),(620003126,'PHYS2448'),(620003126,'BIOC2550');
INSERT INTO Users VALUES (620003127,'Freddie','Larry','FreddieLarry@gmail.com','LarryFreddie');
INSERT INTO Students VALUES (620003127,'UNDERGRAD','01-01-2020');
INSERT INTO Enrolled (u_id,courseCode) VALUES (620003127,'COMP3047'),(620003127,'ECON1589'),(620003127,'INFO2521'),(620003127,'COMP3746');
INSERT INTO Users VALUES (620003128,'Larry','Rios','LarryRios@gmail.com','RiosLarry');
INSERT INTO Students VALUES (620003128,'UNDERGRAD','01-01-2020');
INSERT INTO Enrolled (u_id,courseCode) VALUES (620003128,'PHYS2977'),(620003128,'ECON1561'),(620003128,'MATH1262'),(620003128,'COMP3418'),(620003128,'PHYS2117'),(620003128,'ECON3737');
INSERT INTO Users VALUES (620003129,'Dwight','Danker','DwightDanker@gmail.com','DankerDwight');
INSERT INTO Students VALUES (620003129,'UNDERGRAD','01-01-2020');
INSERT INTO Enrolled (u_id,courseCode) VALUES (620003129,'ECON3311'),(620003129,'PHYS2451'),(620003129,'ECON1230');
INSERT INTO Users VALUES (620003130,'Kurt','Luper','KurtLuper@gmail.com','LuperKurt');
INSERT INTO Students VALUES (620003130,'UNDERGRAD','01-01-2020');
INSERT INTO Enrolled (u_id,courseCode) VALUES (620003130,'BIOC1439'),(620003130,'INFO2860'),(620003130,'PHYS2563');
INSERT INTO Users VALUES (620003131,'Gilbert','Calder','GilbertCalder@gmail.com','CalderGilbert');
INSERT INTO Students VALUES (620003131,'UNDERGRAD','01-01-2020');
INSERT INTO Enrolled (u_id,courseCode) VALUES (620003131,'ECON3523'),(620003131,'MATH3844'),(620003131,'BIOC3721'),(620003131,'INFO3419'),(620003131,'BIOC2550'),(620003131,'COMP3047');
INSERT INTO Users VALUES (620003132,'Earl','Crawford','EarlCrawford@gmail.com','CrawfordEarl');
INSERT INTO Students VALUES (620003132,'UNDERGRAD','01-01-2020');
INSERT INTO Enrolled (u_id,courseCode) VALUES (620003132,'BIOC1598'),(620003132,'ECON3020'),(620003132,'COMP1573'),(620003132,'MATH1638');
INSERT INTO Users VALUES (620003133,'Richard','Tirabassi','RichardTirabassi@gmail.com','TirabassiRichard');
INSERT INTO Students VALUES (620003133,'UNDERGRAD','01-01-2020');
INSERT INTO Enrolled (u_id,courseCode) VALUES (620003133,'MATH3844'),(620003133,'MATH2957'),(620003133,'MATH1454');
INSERT INTO Users VALUES (620003134,'Gary','Danker','GaryDanker@gmail.com','DankerGary');
INSERT INTO Students VALUES (620003134,'UNDERGRAD','01-01-2020');
INSERT INTO Enrolled (u_id,courseCode) VALUES (620003134,'COMP3697'),(620003134,'COMP3173'),(620003134,'BIOC2981'),(620003134,'MATH1309'),(620003134,'ECON1230'),(620003134,'ECON1561');
INSERT INTO Users VALUES (620003135,'Edwin','Davis','EdwinDavis@gmail.com','DavisEdwin');
INSERT INTO Students VALUES (620003135,'UNDERGRAD','01-01-2020');
INSERT INTO Enrolled (u_id,courseCode) VALUES (620003135,'INFO1447'),(620003135,'PHYS2977'),(620003135,'INFO2521');
INSERT INTO Users VALUES (620003136,'Keith','Mchenry','KeithMchenry@gmail.com','MchenryKeith');
INSERT INTO Students VALUES (620003136,'UNDERGRAD','01-01-2020');
INSERT INTO Enrolled (u_id,courseCode) VALUES (620003136,'PHYS2338'),(620003136,'INFO2860'),(620003136,'MATH2550'),(620003136,'CHEM2867'),(620003136,'CHEM2220'),(620003136,'INFO2270');
INSERT INTO Users VALUES (620003137,'Hazel','Pearson','HazelPearson@gmail.com','PearsonHazel');
INSERT INTO Students VALUES (620003137,'UNDERGRAD','01-01-2020');
INSERT INTO Enrolled (u_id,courseCode) VALUES (620003137,'CHEM3347'),(620003137,'PHYS2451'),(620003137,'COMP1184'),(620003137,'INFO1648'),(620003137,'ECON3020');
INSERT INTO Users VALUES (620003138,'Dennis','Laudat','DennisLaudat@gmail.com','LaudatDennis');
INSERT INTO Students VALUES (620003138,'UNDERGRAD','01-01-2020');
INSERT INTO Enrolled (u_id,courseCode) VALUES (620003138,'INFO1288'),(620003138,'PHYS2117'),(620003138,'ECON3020');
INSERT INTO Users VALUES (620003139,'Greg','Griffitts','GregGriffitts@gmail.com','GriffittsGreg');
INSERT INTO Students VALUES (620003139,'UNDERGRAD','01-01-2020');
INSERT INTO Enrolled (u_id,courseCode) VALUES (620003139,'CHEM3888'),(620003139,'COMP2965'),(620003139,'COMP3084'),(620003139,'PHYS2338'),(620003139,'PHYS3464'),(620003139,'CHEM2697');
INSERT INTO Users VALUES (620003140,'Cheryl','Withrow','CherylWithrow@gmail.com','WithrowCheryl');
INSERT INTO Students VALUES (620003140,'UNDERGRAD','01-01-2020');
INSERT INTO Enrolled (u_id,courseCode) VALUES (620003140,'PHYS1140'),(620003140,'BIOC1164'),(620003140,'INFO2860');
INSERT INTO Users VALUES (620003141,'Katie','Larry','KatieLarry@gmail.com','LarryKatie');
INSERT INTO Students VALUES (620003141,'UNDERGRAD','01-01-2020');
INSERT INTO Enrolled (u_id,courseCode) VALUES (620003141,'ECON2703'),(620003141,'PHYS1993'),(620003141,'MATH1578'),(620003141,'INFO3603'),(620003141,'CHEM1494');
INSERT INTO Users VALUES (620003142,'Rachel','Madsen','RachelMadsen@gmail.com','MadsenRachel');
INSERT INTO Students VALUES (620003142,'UNDERGRAD','01-01-2020');
INSERT INTO Enrolled (u_id,courseCode) VALUES (620003142,'INFO2813'),(620003142,'INFO2147'),(620003142,'BIOC1052'),(620003142,'ECON1170'),(620003142,'MATH3179');
INSERT INTO Users VALUES (620003143,'Melanie','Gaffney','MelanieGaffney@gmail.com','GaffneyMelanie');
INSERT INTO Students VALUES (620003143,'UNDERGRAD','01-01-2020');
INSERT INTO Enrolled (u_id,courseCode) VALUES (620003143,'ECON3737'),(620003143,'INFO2147'),(620003143,'MATH3857');
INSERT INTO Users VALUES (620003144,'Jewell','Richardson','JewellRichardson@gmail.com','RichardsonJewell');
INSERT INTO Students VALUES (620003144,'UNDERGRAD','01-01-2020');
INSERT INTO Enrolled (u_id,courseCode) VALUES (620003144,'MATH3222'),(620003144,'PHYS1979'),(620003144,'MATH2067');
INSERT INTO Users VALUES (620003145,'Shonda','Swan','ShondaSwan@gmail.com','SwanShonda');
INSERT INTO Students VALUES (620003145,'UNDERGRAD','01-01-2020');
INSERT INTO Enrolled (u_id,courseCode) VALUES (620003145,'MATH1638'),(620003145,'INFO2716'),(620003145,'COMP2541'),(620003145,'MATH3173');
INSERT INTO Users VALUES (620003146,'Bernie','Mattingly','BernieMattingly@gmail.com','MattinglyBernie');
INSERT INTO Students VALUES (620003146,'UNDERGRAD','01-01-2020');
INSERT INTO Enrolled (u_id,courseCode) VALUES (620003146,'ECON3550'),(620003146,'COMP3746'),(620003146,'INFO2813'),(620003146,'INFO2521'),(620003146,'MATH2550'),(620003146,'COMP1543');
INSERT INTO Users VALUES (620003147,'Ernesto','Cash','ErnestoCash@gmail.com','CashErnesto');
INSERT INTO Students VALUES (620003147,'UNDERGRAD','01-01-2020');
INSERT INTO Enrolled (u_id,courseCode) VALUES (620003147,'PHYS2451'),(620003147,'CHEM2177'),(620003147,'CHEM3614');
INSERT INTO Users VALUES (620003148,'Jesus','Stovall','JesusStovall@gmail.com','StovallJesus');
INSERT INTO Students VALUES (620003148,'UNDERGRAD','01-01-2020');
INSERT INTO Enrolled (u_id,courseCode) VALUES (620003148,'CHEM3888'),(620003148,'INFO3419'),(620003148,'BIOC2981'),(620003148,'BIOC3230'),(620003148,'MATH2067');
INSERT INTO Users VALUES (620003149,'Young','Brown','YoungBrown@gmail.com','BrownYoung');
INSERT INTO Students VALUES (620003149,'UNDERGRAD','01-01-2020');
INSERT INTO Enrolled (u_id,courseCode) VALUES (620003149,'BIOC1866'),(620003149,'CHEM1485'),(620003149,'INFO2521'),(620003149,'COMP3238');
INSERT INTO Users VALUES (620003150,'Willie','Chan','WillieChan@gmail.com','ChanWillie');
INSERT INTO Students VALUES (620003150,'UNDERGRAD','01-01-2020');
INSERT INTO Enrolled (u_id,courseCode) VALUES (620003150,'PHYS3052'),(620003150,'BIOC2589'),(620003150,'MATH1578'),(620003150,'PHYS3659'),(620003150,'MATH3544'),(620003150,'COMP2400');
INSERT INTO Users VALUES (620003151,'Dale','Imoto','DaleImoto@gmail.com','ImotoDale');
INSERT INTO Students VALUES (620003151,'UNDERGRAD','01-01-2020');
INSERT INTO Enrolled (u_id,courseCode) VALUES (620003151,'MATH3613'),(620003151,'COMP2400'),(620003151,'INFO3868');
INSERT INTO Users VALUES (620003152,'Dwight','Hoyer','DwightHoyer@gmail.com','HoyerDwight');
INSERT INTO Students VALUES (620003152,'UNDERGRAD','01-01-2020');
INSERT INTO Enrolled (u_id,courseCode) VALUES (620003152,'ECON3550'),(620003152,'ECON1458'),(620003152,'COMP1573');
INSERT INTO Users VALUES (620003153,'Celia','Miraglia','CeliaMiraglia@gmail.com','MiragliaCelia');
INSERT INTO Students VALUES (620003153,'UNDERGRAD','01-01-2020');
INSERT INTO Enrolled (u_id,courseCode) VALUES (620003153,'COMP2965'),(620003153,'MATH1735'),(620003153,'COMP3849'),(620003153,'MATH2067'),(620003153,'PHYS1930');
INSERT INTO Users VALUES (620003154,'Sharon','Collins','SharonCollins@gmail.com','CollinsSharon');
INSERT INTO Students VALUES (620003154,'UNDERGRAD','01-01-2020');
INSERT INTO Enrolled (u_id,courseCode) VALUES (620003154,'BIOC1725'),(620003154,'BIOC3604'),(620003154,'ECON1589'),(620003154,'PHYS1979'),(620003154,'BIOC1794');
INSERT INTO Users VALUES (620003155,'Iris','Miles','IrisMiles@gmail.com','MilesIris');
INSERT INTO Students VALUES (620003155,'UNDERGRAD','01-01-2020');
INSERT INTO Enrolled (u_id,courseCode) VALUES (620003155,'BIOC2671'),(620003155,'CHEM1340'),(620003155,'MATH2550'),(620003155,'COMP3084'),(620003155,'MATH3844'),(620003155,'COMP3536');
INSERT INTO Users VALUES (620003156,'Kirk','Miraglia','KirkMiraglia@gmail.com','MiragliaKirk');
INSERT INTO Students VALUES (620003156,'UNDERGRAD','01-01-2020');
INSERT INTO Enrolled (u_id,courseCode) VALUES (620003156,'MATH2717'),(620003156,'ECON1012'),(620003156,'PHYS1993'),(620003156,'INFO2559');
INSERT INTO Users VALUES (620003157,'Elmer','Harrington','ElmerHarrington@gmail.com','HarringtonElmer');
INSERT INTO Students VALUES (620003157,'UNDERGRAD','01-01-2020');
INSERT INTO Enrolled (u_id,courseCode) VALUES (620003157,'COMP3173'),(620003157,'ECON3989'),(620003157,'CHEM3747'),(620003157,'BIOC1794');
INSERT INTO Users VALUES (620003158,'Dominick','Crawford','DominickCrawford@gmail.com','CrawfordDominick');
INSERT INTO Students VALUES (620003158,'UNDERGRAD','01-01-2020');
INSERT INTO Enrolled (u_id,courseCode) VALUES (620003158,'CHEM3747'),(620003158,'COMP3697'),(620003158,'INFO2813'),(620003158,'BIOC3341');
INSERT INTO Users VALUES (620003159,'Randall','Petty','RandallPetty@gmail.com','PettyRandall');
INSERT INTO Students VALUES (620003159,'UNDERGRAD','01-01-2020');
INSERT INTO Enrolled (u_id,courseCode) VALUES (620003159,'PHYS2448'),(620003159,'COMP1357'),(620003159,'INFO3935'),(620003159,'BIOC3604'),(620003159,'CHEM3747'),(620003159,'MATH3029');
INSERT INTO Users VALUES (620003160,'Melanie','Eubank','MelanieEubank@gmail.com','EubankMelanie');
INSERT INTO Students VALUES (620003160,'UNDERGRAD','01-01-2020');
INSERT INTO Enrolled (u_id,courseCode) VALUES (620003160,'PHYS3659'),(620003160,'ECON2345'),(620003160,'MATH2801'),(620003160,'COMP2717'),(620003160,'CHEM2446'),(620003160,'COMP2651');
INSERT INTO Users VALUES (620003161,'Ralph','Finkenbinder','RalphFinkenbinder@gmail.com','FinkenbinderRalph');
INSERT INTO Students VALUES (620003161,'UNDERGRAD','01-01-2020');
INSERT INTO Enrolled (u_id,courseCode) VALUES (620003161,'INFO2860'),(620003161,'INFO2716'),(620003161,'COMP3849'),(620003161,'MATH2188'),(620003161,'CHEM2031');
INSERT INTO Users VALUES (620003162,'Byron','Laramee','ByronLaramee@gmail.com','LarameeByron');
INSERT INTO Students VALUES (620003162,'UNDERGRAD','01-01-2020');
INSERT INTO Enrolled (u_id,courseCode) VALUES (620003162,'CHEM2797'),(620003162,'CHEM2220'),(620003162,'MATH3222'),(620003162,'MATH3688'),(620003162,'BIOC1794');
INSERT INTO Users VALUES (620003163,'Debbie','Monte','DebbieMonte@gmail.com','MonteDebbie');
INSERT INTO Students VALUES (620003163,'UNDERGRAD','01-01-2020');
INSERT INTO Enrolled (u_id,courseCode) VALUES (620003163,'INFO2813'),(620003163,'INFO3935'),(620003163,'PHYS1399');
INSERT INTO Users VALUES (620003164,'Vickie','Vanhamlin','VickieVanhamlin@gmail.com','VanhamlinVickie');
INSERT INTO Students VALUES (620003164,'UNDERGRAD','01-01-2020');
INSERT INTO Enrolled (u_id,courseCode) VALUES (620003164,'MATH3209'),(620003164,'BIOC1725'),(620003164,'PHYS2229'),(620003164,'MATH1250'),(620003164,'ECON3228');
INSERT INTO Users VALUES (620003165,'Arthur','Daniels','ArthurDaniels@gmail.com','DanielsArthur');
INSERT INTO Students VALUES (620003165,'UNDERGRAD','01-01-2020');
INSERT INTO Enrolled (u_id,courseCode) VALUES (620003165,'COMP3084'),(620003165,'MATH3059'),(620003165,'PHYS3464'),(620003165,'MATH3857'),(620003165,'PHYS1993');
INSERT INTO Users VALUES (620003166,'Reginald','Halford','ReginaldHalford@gmail.com','HalfordReginald');
INSERT INTO Students VALUES (620003166,'UNDERGRAD','01-01-2020');
INSERT INTO Enrolled (u_id,courseCode) VALUES (620003166,'ECON3372'),(620003166,'BIOC1986'),(620003166,'PHYS3729'),(620003166,'COMP3639');
INSERT INTO Users VALUES (620003167,'Susan','Watson','SusanWatson@gmail.com','WatsonSusan');
INSERT INTO Students VALUES (620003167,'UNDERGRAD','01-01-2020');
INSERT INTO Enrolled (u_id,courseCode) VALUES (620003167,'BIOC1910'),(620003167,'INFO1014'),(620003167,'PHYS1993'),(620003167,'BIOC1794'),(620003167,'CHEM1340'),(620003167,'PHYS2448');
INSERT INTO Users VALUES (620003168,'Marilyn','Noonan','MarilynNoonan@gmail.com','NoonanMarilyn');
INSERT INTO Students VALUES (620003168,'UNDERGRAD','01-01-2020');
INSERT INTO Enrolled (u_id,courseCode) VALUES (620003168,'ECON2722'),(620003168,'CHEM3347'),(620003168,'COMP3173'),(620003168,'COMP3849'),(620003168,'COMP3685'),(620003168,'INFO2636');
INSERT INTO Users VALUES (620003169,'Amee','Chatcho','AmeeChatcho@gmail.com','ChatchoAmee');
INSERT INTO Students VALUES (620003169,'UNDERGRAD','01-01-2020');
INSERT INTO Enrolled (u_id,courseCode) VALUES (620003169,'MATH3029'),(620003169,'BIOC1164'),(620003169,'COMP2717'),(620003169,'COMP1460');
INSERT INTO Users VALUES (620003170,'Edna','Sandlin','EdnaSandlin@gmail.com','SandlinEdna');
INSERT INTO Students VALUES (620003170,'UNDERGRAD','01-01-2020');
INSERT INTO Enrolled (u_id,courseCode) VALUES (620003170,'MATH2067'),(620003170,'INFO2811'),(620003170,'INFO2521');
INSERT INTO Users VALUES (620003171,'Gregory','Ebbs','GregoryEbbs@gmail.com','EbbsGregory');
INSERT INTO Students VALUES (620003171,'UNDERGRAD','01-01-2020');
INSERT INTO Enrolled (u_id,courseCode) VALUES (620003171,'MATH1454'),(620003171,'MATH3844'),(620003171,'BIOC1534');
INSERT INTO Users VALUES (620003172,'Young','Barrett','YoungBarrett@gmail.com','BarrettYoung');
INSERT INTO Students VALUES (620003172,'UNDERGRAD','01-01-2020');
INSERT INTO Enrolled (u_id,courseCode) VALUES (620003172,'BIOC2589'),(620003172,'MATH1578'),(620003172,'MATH3029'),(620003172,'CHEM3617'),(620003172,'PHYS3686'),(620003172,'MATH2717');
INSERT INTO Users VALUES (620003173,'Orlando','Best','OrlandoBest@gmail.com','BestOrlando');
INSERT INTO Students VALUES (620003173,'UNDERGRAD','01-01-2020');
INSERT INTO Enrolled (u_id,courseCode) VALUES (620003173,'PHYS2238'),(620003173,'COMP3849'),(620003173,'BIOC1744'),(620003173,'INFO2213'),(620003173,'ECON3063');
INSERT INTO Users VALUES (620003174,'Dorcas','Bordelon','DorcasBordelon@gmail.com','BordelonDorcas');
INSERT INTO Students VALUES (620003174,'UNDERGRAD','01-01-2020');
INSERT INTO Enrolled (u_id,courseCode) VALUES (620003174,'ECON1170'),(620003174,'COMP3697'),(620003174,'ECON3228'),(620003174,'PHYS1993');
INSERT INTO Users VALUES (620003175,'Shane','Griffin','ShaneGriffin@gmail.com','GriffinShane');
INSERT INTO Students VALUES (620003175,'UNDERGRAD','01-01-2020');
INSERT INTO Enrolled (u_id,courseCode) VALUES (620003175,'CHEM3747'),(620003175,'CHEM3793'),(620003175,'PHYS3659');
INSERT INTO Users VALUES (620003176,'Bernie','Ferretti','BernieFerretti@gmail.com','FerrettiBernie');
INSERT INTO Students VALUES (620003176,'UNDERGRAD','01-01-2020');
INSERT INTO Enrolled (u_id,courseCode) VALUES (620003176,'INFO1825'),(620003176,'CHEM2481'),(620003176,'CHEM3793'),(620003176,'COMP1543'),(620003176,'INFO2813');
INSERT INTO Users VALUES (620003177,'Mason','Lundholm','MasonLundholm@gmail.com','LundholmMason');
INSERT INTO Students VALUES (620003177,'UNDERGRAD','01-01-2020');
INSERT INTO Enrolled (u_id,courseCode) VALUES (620003177,'PHYS2113'),(620003177,'BIOC1986'),(620003177,'MATH1578'),(620003177,'BIOC2983');
INSERT INTO Users VALUES (620003178,'Eric','Hauser','EricHauser@gmail.com','HauserEric');
INSERT INTO Students VALUES (620003178,'UNDERGRAD','01-01-2020');
INSERT INTO Enrolled (u_id,courseCode) VALUES (620003178,'BIOC1725'),(620003178,'PHYS3464'),(620003178,'CHEM2220'),(620003178,'COMP2400'),(620003178,'COMP1543'),(620003178,'ECON3447');
INSERT INTO Users VALUES (620003179,'Daniel','Schilling','DanielSchilling@gmail.com','SchillingDaniel');
INSERT INTO Students VALUES (620003179,'UNDERGRAD','01-01-2020');
INSERT INTO Enrolled (u_id,courseCode) VALUES (620003179,'COMP1543'),(620003179,'ECON3063'),(620003179,'INFO3868'),(620003179,'MATH3209');
INSERT INTO Users VALUES (620003180,'Willie','Eaton','WillieEaton@gmail.com','EatonWillie');
INSERT INTO Students VALUES (620003180,'UNDERGRAD','01-01-2020');
INSERT INTO Enrolled (u_id,courseCode) VALUES (620003180,'PHYS2238'),(620003180,'CHEM2149'),(620003180,'INFO2811'),(620003180,'ECON3372'),(620003180,'MATH3029');
INSERT INTO Users VALUES (620003181,'Young','Blevins','YoungBlevins@gmail.com','BlevinsYoung');
INSERT INTO Students VALUES (620003181,'UNDERGRAD','01-01-2020');
INSERT INTO Enrolled (u_id,courseCode) VALUES (620003181,'ECON3737'),(620003181,'COMP3084'),(620003181,'BIOC1910');
INSERT INTO Users VALUES (620003182,'Angela','Chatcho','AngelaChatcho@gmail.com','ChatchoAngela');
INSERT INTO Students VALUES (620003182,'UNDERGRAD','01-01-2020');
INSERT INTO Enrolled (u_id,courseCode) VALUES (620003182,'BIOC2236'),(620003182,'INFO2559'),(620003182,'PHYS1140'),(620003182,'COMP1051'),(620003182,'INFO1648'),(620003182,'PHYS3729');
INSERT INTO Users VALUES (620003183,'Alvin','Hayes','AlvinHayes@gmail.com','HayesAlvin');
INSERT INTO Students VALUES (620003183,'UNDERGRAD','01-01-2020');
INSERT INTO Enrolled (u_id,courseCode) VALUES (620003183,'ECON1783'),(620003183,'BIOC2981'),(620003183,'ECON1230'),(620003183,'MATH3688'),(620003183,'BIOC2671');
INSERT INTO Users VALUES (620003184,'Roy','Jesse','RoyJesse@gmail.com','JesseRoy');
INSERT INTO Students VALUES (620003184,'UNDERGRAD','01-01-2020');
INSERT INTO Enrolled (u_id,courseCode) VALUES (620003184,'INFO3868'),(620003184,'PHYS3052'),(620003184,'BIOC3191'),(620003184,'ECON3228'),(620003184,'ECON1098');
INSERT INTO Users VALUES (620003185,'Sam','Crawford','SamCrawford@gmail.com','CrawfordSam');
INSERT INTO Students VALUES (620003185,'UNDERGRAD','01-01-2020');
INSERT INTO Enrolled (u_id,courseCode) VALUES (620003185,'BIOC2236'),(620003185,'ECON1996'),(620003185,'CHEM2149'),(620003185,'INFO2213');
INSERT INTO Users VALUES (620003186,'Tanya','Pero','TanyaPero@gmail.com','PeroTanya');
INSERT INTO Students VALUES (620003186,'UNDERGRAD','01-01-2020');
INSERT INTO Enrolled (u_id,courseCode) VALUES (620003186,'MATH1250'),(620003186,'BIOC1725'),(620003186,'INFO2797'),(620003186,'COMP3746'),(620003186,'BIOC2589');
INSERT INTO Users VALUES (620003187,'Katherine','Rodriguez','KatherineRodriguez@gmail.com','RodriguezKatherine');
INSERT INTO Students VALUES (620003187,'UNDERGRAD','01-01-2020');
INSERT INTO Enrolled (u_id,courseCode) VALUES (620003187,'BIOC3191'),(620003187,'ECON2387'),(620003187,'COMP3173'),(620003187,'INFO3645'),(620003187,'INFO1145'),(620003187,'COMP3746');
INSERT INTO Users VALUES (620003188,'Esmeralda','Ramlall','EsmeraldaRamlall@gmail.com','RamlallEsmeralda');
INSERT INTO Students VALUES (620003188,'UNDERGRAD','01-01-2020');
INSERT INTO Enrolled (u_id,courseCode) VALUES (620003188,'ECON1783'),(620003188,'CHEM2031'),(620003188,'COMP2077'),(620003188,'ECON3288');
INSERT INTO Users VALUES (620003189,'Juanita','Maze','JuanitaMaze@gmail.com','MazeJuanita');
INSERT INTO Students VALUES (620003189,'UNDERGRAD','01-01-2020');
INSERT INTO Enrolled (u_id,courseCode) VALUES (620003189,'MATH1454'),(620003189,'COMP2541'),(620003189,'PHYS3290');
INSERT INTO Users VALUES (620003190,'George','Sandlin','GeorgeSandlin@gmail.com','SandlinGeorge');
INSERT INTO Students VALUES (620003190,'UNDERGRAD','01-01-2020');
INSERT INTO Enrolled (u_id,courseCode) VALUES (620003190,'CHEM1340'),(620003190,'COMP3536'),(620003190,'ECON3085'),(620003190,'COMP3849'),(620003190,'BIOC3721');
INSERT INTO Users VALUES (620003191,'Curtis','Shields','CurtisShields@gmail.com','ShieldsCurtis');
INSERT INTO Students VALUES (620003191,'UNDERGRAD','01-01-2020');
INSERT INTO Enrolled (u_id,courseCode) VALUES (620003191,'INFO2147'),(620003191,'PHYS2229'),(620003191,'CHEM3327'),(620003191,'MATH3544');
INSERT INTO Users VALUES (620003192,'Dominick','Winner','DominickWinner@gmail.com','WinnerDominick');
INSERT INTO Students VALUES (620003192,'UNDERGRAD','01-01-2020');
INSERT INTO Enrolled (u_id,courseCode) VALUES (620003192,'ECON3372'),(620003192,'CHEM1485'),(620003192,'PHYS2229'),(620003192,'ECON3020');
INSERT INTO Users VALUES (620003193,'Chad','Winner','ChadWinner@gmail.com','WinnerChad');
INSERT INTO Students VALUES (620003193,'UNDERGRAD','01-01-2020');
INSERT INTO Enrolled (u_id,courseCode) VALUES (620003193,'COMP3173'),(620003193,'CHEM3747'),(620003193,'INFO2797'),(620003193,'PHYS3464'),(620003193,'ECON3276');
INSERT INTO Users VALUES (620003194,'Randy','Bennett','RandyBennett@gmail.com','BennettRandy');
INSERT INTO Students VALUES (620003194,'UNDERGRAD','01-01-2020');
INSERT INTO Enrolled (u_id,courseCode) VALUES (620003194,'BIOC3604'),(620003194,'BIOC2671'),(620003194,'COMP3697');
INSERT INTO Users VALUES (620003195,'Lilla','Calvert','LillaCalvert@gmail.com','CalvertLilla');
INSERT INTO Students VALUES (620003195,'UNDERGRAD','01-01-2020');
INSERT INTO Enrolled (u_id,courseCode) VALUES (620003195,'COMP3238'),(620003195,'PHYS1399'),(620003195,'CHEM2005'),(620003195,'BIOC1439'),(620003195,'INFO2797');
INSERT INTO Users VALUES (620003196,'Louise','Knox','LouiseKnox@gmail.com','KnoxLouise');
INSERT INTO Students VALUES (620003196,'UNDERGRAD','01-01-2020');
INSERT INTO Enrolled (u_id,courseCode) VALUES (620003196,'INFO2270'),(620003196,'ECON3085'),(620003196,'INFO1990'),(620003196,'COMP2400'),(620003196,'CHEM2066'),(620003196,'COMP1543');
INSERT INTO Users VALUES (620003197,'Alice','Prince','AlicePrince@gmail.com','PrinceAlice');
INSERT INTO Students VALUES (620003197,'UNDERGRAD','01-01-2020');
INSERT INTO Enrolled (u_id,courseCode) VALUES (620003197,'CHEM3054'),(620003197,'INFO2147'),(620003197,'CHEM2065'),(620003197,'INFO2860');
INSERT INTO Users VALUES (620003198,'Demetrice','Morey','DemetriceMorey@gmail.com','MoreyDemetrice');
INSERT INTO Students VALUES (620003198,'UNDERGRAD','01-01-2020');
INSERT INTO Enrolled (u_id,courseCode) VALUES (620003198,'ECON3228'),(620003198,'PHYS3729'),(620003198,'INFO3603'),(620003198,'MATH2873');
INSERT INTO Users VALUES (620003199,'Craig','Saunders','CraigSaunders@gmail.com','SaundersCraig');
INSERT INTO Students VALUES (620003199,'UNDERGRAD','01-01-2020');
INSERT INTO Enrolled (u_id,courseCode) VALUES (620003199,'PHYS2113'),(620003199,'MATH1454'),(620003199,'CHEM1807');
INSERT INTO Users VALUES (620003200,'Wendell','Thompson','WendellThompson@gmail.com','ThompsonWendell');
INSERT INTO Students VALUES (620003200,'UNDERGRAD','01-01-2020');
INSERT INTO Enrolled (u_id,courseCode) VALUES (620003200,'MATH3544'),(620003200,'ECON2703'),(620003200,'BIOC1744'),(620003200,'CHEM2149');
INSERT INTO Users VALUES (620003201,'Catherine','Joaquin','CatherineJoaquin@gmail.com','JoaquinCatherine');
INSERT INTO Students VALUES (620003201,'UNDERGRAD','01-01-2020');
INSERT INTO Enrolled (u_id,courseCode) VALUES (620003201,'COMP1543'),(620003201,'BIOC3721'),(620003201,'BIOC2983'),(620003201,'ECON3020');
INSERT INTO Users VALUES (620003202,'Earl','Knaub','EarlKnaub@gmail.com','KnaubEarl');
INSERT INTO Students VALUES (620003202,'UNDERGRAD','01-01-2020');
INSERT INTO Enrolled (u_id,courseCode) VALUES (620003202,'ECON3228'),(620003202,'ECON3063'),(620003202,'ECON1996'),(620003202,'CHEM3617'),(620003202,'PHYS2229');
INSERT INTO Users VALUES (620003203,'Dale','Waugh','DaleWaugh@gmail.com','WaughDale');
INSERT INTO Students VALUES (620003203,'UNDERGRAD','01-01-2020');
INSERT INTO Enrolled (u_id,courseCode) VALUES (620003203,'INFO1288'),(620003203,'MATH1148'),(620003203,'MATH2555');
INSERT INTO Users VALUES (620003204,'Kathy','Fuller','KathyFuller@gmail.com','FullerKathy');
INSERT INTO Students VALUES (620003204,'UNDERGRAD','01-01-2020');
INSERT INTO Enrolled (u_id,courseCode) VALUES (620003204,'COMP3639'),(620003204,'CHEM1613'),(620003204,'ECON1498'),(620003204,'COMP2361');
INSERT INTO Users VALUES (620003205,'Charlotte','Braun','CharlotteBraun@gmail.com','BraunCharlotte');
INSERT INTO Students VALUES (620003205,'UNDERGRAD','01-01-2020');
INSERT INTO Enrolled (u_id,courseCode) VALUES (620003205,'PHYS1979'),(620003205,'ECON1996'),(620003205,'PHYS3290');
INSERT INTO Users VALUES (620003206,'Ruby','Robles','RubyRobles@gmail.com','RoblesRuby');
INSERT INTO Students VALUES (620003206,'UNDERGRAD','01-01-2020');
INSERT INTO Enrolled (u_id,courseCode) VALUES (620003206,'COMP3639'),(620003206,'INFO2636'),(620003206,'ECON1561');
INSERT INTO Users VALUES (620003207,'Earl','Griffitts','EarlGriffitts@gmail.com','GriffittsEarl');
INSERT INTO Students VALUES (620003207,'UNDERGRAD','01-01-2020');
INSERT INTO Enrolled (u_id,courseCode) VALUES (620003207,'PHYS1993'),(620003207,'ECON3085'),(620003207,'MATH1454'),(620003207,'INFO3419'),(620003207,'COMP1573');
INSERT INTO Users VALUES (620003208,'Chris','Butler','ChrisButler@gmail.com','ButlerChris');
INSERT INTO Students VALUES (620003208,'UNDERGRAD','01-01-2020');
INSERT INTO Enrolled (u_id,courseCode) VALUES (620003208,'PHYS1140'),(620003208,'INFO2950'),(620003208,'ECON3311'),(620003208,'MATH1648');
INSERT INTO Users VALUES (620003209,'Caroline','Heckstall','CarolineHeckstall@gmail.com','HeckstallCaroline');
INSERT INTO Students VALUES (620003209,'UNDERGRAD','01-01-2020');
INSERT INTO Enrolled (u_id,courseCode) VALUES (620003209,'CHEM3747'),(620003209,'ECON1783'),(620003209,'MATH1578'),(620003209,'ECON1498'),(620003209,'CHEM1485'),(620003209,'BIOC1448');
INSERT INTO Users VALUES (620003210,'Tony','Meraz','TonyMeraz@gmail.com','MerazTony');
INSERT INTO Students VALUES (620003210,'UNDERGRAD','01-01-2020');
INSERT INTO Enrolled (u_id,courseCode) VALUES (620003210,'INFO1288'),(620003210,'CHEM3888'),(620003210,'MATH3844'),(620003210,'MATH2957'),(620003210,'PHYS2338');
INSERT INTO Users VALUES (620003211,'Clifford','Eaton','CliffordEaton@gmail.com','EatonClifford');
INSERT INTO Students VALUES (620003211,'UNDERGRAD','01-01-2020');
INSERT INTO Enrolled (u_id,courseCode) VALUES (620003211,'PHYS2229'),(620003211,'INFO2270'),(620003211,'COMP3238'),(620003211,'INFO1833');
INSERT INTO Users VALUES (620003212,'Andrew','Sultzer','AndrewSultzer@gmail.com','SultzerAndrew');
INSERT INTO Students VALUES (620003212,'UNDERGRAD','01-01-2020');
INSERT INTO Enrolled (u_id,courseCode) VALUES (620003212,'PHYS3876'),(620003212,'INFO2860'),(620003212,'MATH3059');
INSERT INTO Users VALUES (620003213,'Ruth','Krause','RuthKrause@gmail.com','KrauseRuth');
INSERT INTO Students VALUES (620003213,'UNDERGRAD','01-01-2020');
INSERT INTO Enrolled (u_id,courseCode) VALUES (620003213,'CHEM2149'),(620003213,'PHYS3787'),(620003213,'MATH3844'),(620003213,'COMP3084'),(620003213,'CHEM3409');
INSERT INTO Users VALUES (620003214,'Trina','Swan','TrinaSwan@gmail.com','SwanTrina');
INSERT INTO Students VALUES (620003214,'UNDERGRAD','01-01-2020');
INSERT INTO Enrolled (u_id,courseCode) VALUES (620003214,'BIOC3230'),(620003214,'PHYS1399'),(620003214,'MATH1250'),(620003214,'ECON2814'),(620003214,'BIOC1910');
INSERT INTO Users VALUES (620003215,'Nicholas','Gilman','NicholasGilman@gmail.com','GilmanNicholas');
INSERT INTO Students VALUES (620003215,'UNDERGRAD','01-01-2020');
INSERT INTO Enrolled (u_id,courseCode) VALUES (620003215,'ECON3085'),(620003215,'PHYS1399'),(620003215,'BIOC1485'),(620003215,'MATH2957'),(620003215,'CHEM2697'),(620003215,'BIOC3230');
INSERT INTO Users VALUES (620003216,'Gary','Jensen','GaryJensen@gmail.com','JensenGary');
INSERT INTO Students VALUES (620003216,'UNDERGRAD','01-01-2020');
INSERT INTO Enrolled (u_id,courseCode) VALUES (620003216,'CHEM3054'),(620003216,'MATH3544'),(620003216,'ECON3004'),(620003216,'COMP2965'),(620003216,'COMP3639'),(620003216,'BIOC1866');
INSERT INTO Users VALUES (620003217,'Wayne','Lemieux','WayneLemieux@gmail.com','LemieuxWayne');
INSERT INTO Students VALUES (620003217,'UNDERGRAD','01-01-2020');
INSERT INTO Enrolled (u_id,courseCode) VALUES (620003217,'INFO1833'),(620003217,'CHEM3793'),(620003217,'COMP2717'),(620003217,'MATH1638');
INSERT INTO Users VALUES (620003218,'Clyde','Pero','ClydePero@gmail.com','PeroClyde');
INSERT INTO Students VALUES (620003218,'UNDERGRAD','01-01-2020');
INSERT INTO Enrolled (u_id,courseCode) VALUES (620003218,'PHYS3052'),(620003218,'BIOC2983'),(620003218,'INFO3868');
INSERT INTO Users VALUES (620003219,'Anderson','Gray','AndersonGray@gmail.com','GrayAnderson');
INSERT INTO Students VALUES (620003219,'UNDERGRAD','01-01-2020');
INSERT INTO Enrolled (u_id,courseCode) VALUES (620003219,'ECON1645'),(620003219,'BIOC3604'),(620003219,'BIOC1986'),(620003219,'INFO3868'),(620003219,'CHEM3409');
INSERT INTO Users VALUES (620003220,'Ashley','Blevins','AshleyBlevins@gmail.com','BlevinsAshley');
INSERT INTO Students VALUES (620003220,'UNDERGRAD','01-01-2020');
INSERT INTO Enrolled (u_id,courseCode) VALUES (620003220,'COMP3849'),(620003220,'PHYS3876'),(620003220,'COMP1460'),(620003220,'COMP1357');
INSERT INTO Users VALUES (620003221,'Ralph','Myrick','RalphMyrick@gmail.com','MyrickRalph');
INSERT INTO Students VALUES (620003221,'UNDERGRAD','01-01-2020');
INSERT INTO Enrolled (u_id,courseCode) VALUES (620003221,'MATH1972'),(620003221,'BIOC2981'),(620003221,'INFO2860'),(620003221,'ECON3085');
INSERT INTO Users VALUES (620003222,'Ronald','Hawkins','RonaldHawkins@gmail.com','HawkinsRonald');
INSERT INTO Students VALUES (620003222,'UNDERGRAD','01-01-2020');
INSERT INTO Enrolled (u_id,courseCode) VALUES (620003222,'ECON3004'),(620003222,'PHYS2448'),(620003222,'CHEM2066'),(620003222,'COMP2400'),(620003222,'PHYS1140');
INSERT INTO Users VALUES (620003223,'Richard','Harms','RichardHarms@gmail.com','HarmsRichard');
INSERT INTO Students VALUES (620003223,'UNDERGRAD','01-01-2020');
INSERT INTO Enrolled (u_id,courseCode) VALUES (620003223,'BIOC1725'),(620003223,'INFO2521'),(620003223,'CHEM2149');
INSERT INTO Users VALUES (620003224,'Antwan','Phinney','AntwanPhinney@gmail.com','PhinneyAntwan');
INSERT INTO Students VALUES (620003224,'UNDERGRAD','01-01-2020');
INSERT INTO Enrolled (u_id,courseCode) VALUES (620003224,'MATH1578'),(620003224,'CHEM3617'),(620003224,'COMP3238'),(620003224,'BIOC2054'),(620003224,'MATH1972');
INSERT INTO Users VALUES (620003225,'Lauren','Stovall','LaurenStovall@gmail.com','StovallLauren');
INSERT INTO Students VALUES (620003225,'UNDERGRAD','01-01-2020');
INSERT INTO Enrolled (u_id,courseCode) VALUES (620003225,'MATH1638'),(620003225,'COMP2080'),(620003225,'INFO2337'),(620003225,'ECON1996'),(620003225,'MATH3844'),(620003225,'BIOC1439');
INSERT INTO Users VALUES (620003226,'Carolyn','Oswalt','CarolynOswalt@gmail.com','OswaltCarolyn');
INSERT INTO Students VALUES (620003226,'UNDERGRAD','01-01-2020');
INSERT INTO Enrolled (u_id,courseCode) VALUES (620003226,'MATH2717'),(620003226,'MATH1638'),(620003226,'PHYS3876'),(620003226,'COMP2400'),(620003226,'BIOC1866'),(620003226,'ECON1170');
INSERT INTO Users VALUES (620003227,'Nathan','Hoffman','NathanHoffman@gmail.com','HoffmanNathan');
INSERT INTO Students VALUES (620003227,'UNDERGRAD','01-01-2020');
INSERT INTO Enrolled (u_id,courseCode) VALUES (620003227,'MATH3688'),(620003227,'COMP3173'),(620003227,'ECON3276');
INSERT INTO Users VALUES (620003228,'Aaron','Quintero','AaronQuintero@gmail.com','QuinteroAaron');
INSERT INTO Students VALUES (620003228,'UNDERGRAD','01-01-2020');
INSERT INTO Enrolled (u_id,courseCode) VALUES (620003228,'PHYS1930'),(620003228,'INFO2521'),(620003228,'COMP3238'),(620003228,'BIOC2981'),(620003228,'BIOC1866');
INSERT INTO Users VALUES (620003229,'Byron','Barron','ByronBarron@gmail.com','BarronByron');
INSERT INTO Students VALUES (620003229,'UNDERGRAD','01-01-2020');
INSERT INTO Enrolled (u_id,courseCode) VALUES (620003229,'ECON3020'),(620003229,'MATH1454'),(620003229,'CHEM2149'),(620003229,'ECON1645'),(620003229,'CHEM1807'),(620003229,'BIOC1598');
INSERT INTO Users VALUES (620003230,'Louise','Vanwyck','LouiseVanwyck@gmail.com','VanwyckLouise');
INSERT INTO Students VALUES (620003230,'UNDERGRAD','01-01-2020');
INSERT INTO Enrolled (u_id,courseCode) VALUES (620003230,'MATH1148'),(620003230,'INFO1648'),(620003230,'COMP3167');
INSERT INTO Users VALUES (620003231,'Andrew','Lindstrom','AndrewLindstrom@gmail.com','LindstromAndrew');
INSERT INTO Students VALUES (620003231,'UNDERGRAD','01-01-2020');
INSERT INTO Enrolled (u_id,courseCode) VALUES (620003231,'PHYS1979'),(620003231,'MATH2067'),(620003231,'CHEM1613'),(620003231,'ECON3372'),(620003231,'CHEM3747');
INSERT INTO Users VALUES (620003232,'Deanne','Sniezek','DeanneSniezek@gmail.com','SniezekDeanne');
INSERT INTO Students VALUES (620003232,'UNDERGRAD','01-01-2020');
INSERT INTO Enrolled (u_id,courseCode) VALUES (620003232,'COMP1460'),(620003232,'COMP2651'),(620003232,'BIOC1866'),(620003232,'ECON3063'),(620003232,'COMP1573'),(620003232,'COMP3238');
INSERT INTO Users VALUES (620003233,'Nathan','Crawford','NathanCrawford@gmail.com','CrawfordNathan');
INSERT INTO Students VALUES (620003233,'UNDERGRAD','01-01-2020');
INSERT INTO Enrolled (u_id,courseCode) VALUES (620003233,'ECON1098'),(620003233,'PHYS2117'),(620003233,'PHYS3290');
INSERT INTO Users VALUES (620003234,'Derek','Rodriguez','DerekRodriguez@gmail.com','RodriguezDerek');
INSERT INTO Students VALUES (620003234,'UNDERGRAD','01-01-2020');
INSERT INTO Enrolled (u_id,courseCode) VALUES (620003234,'MATH3857'),(620003234,'INFO1990'),(620003234,'CHEM1340'),(620003234,'INFO1648'),(620003234,'COMP2965'),(620003234,'ECON1996');
INSERT INTO Users VALUES (620003235,'Marcus','Bradford','MarcusBradford@gmail.com','BradfordMarcus');
INSERT INTO Students VALUES (620003235,'UNDERGRAD','01-01-2020');
INSERT INTO Enrolled (u_id,courseCode) VALUES (620003235,'ECON2722'),(620003235,'BIOC1534'),(620003235,'PHYS2229'),(620003235,'BIOC1052');
INSERT INTO Users VALUES (620003236,'Isreal','Caudill','IsrealCaudill@gmail.com','CaudillIsreal');
INSERT INTO Students VALUES (620003236,'UNDERGRAD','01-01-2020');
INSERT INTO Enrolled (u_id,courseCode) VALUES (620003236,'CHEM2031'),(620003236,'MATH2501'),(620003236,'INFO1242'),(620003236,'CHEM3617');
INSERT INTO Users VALUES (620003237,'Juan','Vanwyck','JuanVanwyck@gmail.com','VanwyckJuan');
INSERT INTO Students VALUES (620003237,'UNDERGRAD','01-01-2020');
INSERT INTO Enrolled (u_id,courseCode) VALUES (620003237,'PHYS3052'),(620003237,'ECON3737'),(620003237,'ECON2703');
INSERT INTO Users VALUES (620003238,'Shannon','Carrington','ShannonCarrington@gmail.com','CarringtonShannon');
INSERT INTO Students VALUES (620003238,'UNDERGRAD','01-01-2020');
INSERT INTO Enrolled (u_id,courseCode) VALUES (620003238,'PHYS3686'),(620003238,'CHEM3409'),(620003238,'BIOC1794'),(620003238,'MATH3844'),(620003238,'BIOC2589'),(620003238,'CHEM2177');
INSERT INTO Users VALUES (620003239,'Shirley','Reyes','ShirleyReyes@gmail.com','ReyesShirley');
INSERT INTO Students VALUES (620003239,'UNDERGRAD','01-01-2020');
INSERT INTO Enrolled (u_id,courseCode) VALUES (620003239,'ECON1783'),(620003239,'BIOC1485'),(620003239,'PHYS2113'),(620003239,'COMP3173');
INSERT INTO Users VALUES (620003240,'Lisa','Mejias','LisaMejias@gmail.com','MejiasLisa');
INSERT INTO Students VALUES (620003240,'UNDERGRAD','01-01-2020');
INSERT INTO Enrolled (u_id,courseCode) VALUES (620003240,'CHEM2697'),(620003240,'BIOC1866'),(620003240,'PHYS3876'),(620003240,'INFO3935'),(620003240,'BIOC2983');
INSERT INTO Users VALUES (620003241,'Julius','Brickey','JuliusBrickey@gmail.com','BrickeyJulius');
INSERT INTO Students VALUES (620003241,'UNDERGRAD','01-01-2020');
INSERT INTO Enrolled (u_id,courseCode) VALUES (620003241,'BIOC1744'),(620003241,'PHYS3787'),(620003241,'MATH3179');
INSERT INTO Users VALUES (620003242,'Ladawn','Mejias','LadawnMejias@gmail.com','MejiasLadawn');
INSERT INTO Students VALUES (620003242,'UNDERGRAD','01-01-2020');
INSERT INTO Enrolled (u_id,courseCode) VALUES (620003242,'INFO3419'),(620003242,'CHEM2697'),(620003242,'ECON3276'),(620003242,'COMP3697');
INSERT INTO Users VALUES (620003243,'James','Gray','JamesGray@gmail.com','GrayJames');
INSERT INTO Students VALUES (620003243,'UNDERGRAD','01-01-2020');
INSERT INTO Enrolled (u_id,courseCode) VALUES (620003243,'ECON3372'),(620003243,'BIOC2550'),(620003243,'INFO2716'),(620003243,'INFO2860'),(620003243,'ECON3063');
INSERT INTO Users VALUES (620003244,'Gloria','Ekberg','GloriaEkberg@gmail.com','EkbergGloria');
INSERT INTO Students VALUES (620003244,'UNDERGRAD','01-01-2020');
INSERT INTO Enrolled (u_id,courseCode) VALUES (620003244,'COMP3418'),(620003244,'BIOC3604'),(620003244,'COMP3084'),(620003244,'PHYS2117'),(620003244,'INFO1145'),(620003244,'MATH1972');
INSERT INTO Users VALUES (620003245,'Hector','Christinsen','HectorChristinsen@gmail.com','ChristinsenHector');
INSERT INTO Students VALUES (620003245,'UNDERGRAD','01-01-2020');
INSERT INTO Enrolled (u_id,courseCode) VALUES (620003245,'PHYS3876'),(620003245,'CHEM3347'),(620003245,'MATH2067'),(620003245,'CHEM2066');
INSERT INTO Users VALUES (620003246,'Sandra','Huffman','SandraHuffman@gmail.com','HuffmanSandra');
INSERT INTO Students VALUES (620003246,'UNDERGRAD','01-01-2020');
INSERT INTO Enrolled (u_id,courseCode) VALUES (620003246,'BIOC1164'),(620003246,'BIOC1986'),(620003246,'ECON3523'),(620003246,'COMP1867'),(620003246,'MATH3209'),(620003246,'BIOC2550');
INSERT INTO Users VALUES (620003247,'Ruth','Wright','RuthWright@gmail.com','WrightRuth');
INSERT INTO Students VALUES (620003247,'UNDERGRAD','01-01-2020');
INSERT INTO Enrolled (u_id,courseCode) VALUES (620003247,'PHYS2563'),(620003247,'MATH2550'),(620003247,'ECON1645'),(620003247,'ECON1561');
INSERT INTO Users VALUES (620003248,'Dora','Letchworth','DoraLetchworth@gmail.com','LetchworthDora');
INSERT INTO Students VALUES (620003248,'UNDERGRAD','01-01-2020');
INSERT INTO Enrolled (u_id,courseCode) VALUES (620003248,'INFO2636'),(620003248,'MATH2067'),(620003248,'PHYS3354');
INSERT INTO Users VALUES (620003249,'Joan','Lemieux','JoanLemieux@gmail.com','LemieuxJoan');
INSERT INTO Students VALUES (620003249,'UNDERGRAD','01-01-2020');
INSERT INTO Enrolled (u_id,courseCode) VALUES (620003249,'CHEM2005'),(620003249,'BIOC1986'),(620003249,'COMP3084'),(620003249,'CHEM1494'),(620003249,'INFO2811');
INSERT INTO Users VALUES (620003250,'James','Granado','JamesGranado@gmail.com','GranadoJames');
INSERT INTO Students VALUES (620003250,'UNDERGRAD','01-01-2020');
INSERT INTO Enrolled (u_id,courseCode) VALUES (620003250,'PHYS1993'),(620003250,'INFO2521'),(620003250,'MATH3844'),(620003250,'INFO1145');
INSERT INTO Users VALUES (620003251,'Nicholas','Maze','NicholasMaze@gmail.com','MazeNicholas');
INSERT INTO Students VALUES (620003251,'UNDERGRAD','01-01-2020');
INSERT INTO Enrolled (u_id,courseCode) VALUES (620003251,'MATH2550'),(620003251,'PHYS3339'),(620003251,'MATH3209');
INSERT INTO Users VALUES (620003252,'Earl','Robertson','EarlRobertson@gmail.com','RobertsonEarl');
INSERT INTO Students VALUES (620003252,'UNDERGRAD','01-01-2020');
INSERT INTO Enrolled (u_id,courseCode) VALUES (620003252,'PHYS2338'),(620003252,'COMP1051'),(620003252,'INFO2337');
INSERT INTO Users VALUES (620003253,'Weldon','Krause','WeldonKrause@gmail.com','KrauseWeldon');
INSERT INTO Students VALUES (620003253,'UNDERGRAD','01-01-2020');
INSERT INTO Enrolled (u_id,courseCode) VALUES (620003253,'MATH1309'),(620003253,'BIOC2236'),(620003253,'COMP1573'),(620003253,'COMP1867'),(620003253,'BIOC1986');
INSERT INTO Users VALUES (620003254,'Don','Waugh','DonWaugh@gmail.com','WaughDon');
INSERT INTO Students VALUES (620003254,'UNDERGRAD','01-01-2020');
INSERT INTO Enrolled (u_id,courseCode) VALUES (620003254,'BIOC1866'),(620003254,'CHEM2066'),(620003254,'COMP3697');
INSERT INTO Users VALUES (620003255,'Matthew','Winner','MatthewWinner@gmail.com','WinnerMatthew');
INSERT INTO Students VALUES (620003255,'UNDERGRAD','01-01-2020');
INSERT INTO Enrolled (u_id,courseCode) VALUES (620003255,'ECON1458'),(620003255,'COMP3685'),(620003255,'BIOC1534'),(620003255,'MATH1454'),(620003255,'CHEM2626');
INSERT INTO Users VALUES (620003256,'Ashleigh','Waugh','AshleighWaugh@gmail.com','WaughAshleigh');
INSERT INTO Students VALUES (620003256,'UNDERGRAD','01-01-2020');
INSERT INTO Enrolled (u_id,courseCode) VALUES (620003256,'BIOC2054'),(620003256,'CHEM2797'),(620003256,'CHEM3888'),(620003256,'MATH3844'),(620003256,'INFO3645'),(620003256,'INFO2950');
INSERT INTO Users VALUES (620003257,'Cassie','Baptiste','CassieBaptiste@gmail.com','BaptisteCassie');
INSERT INTO Students VALUES (620003257,'UNDERGRAD','01-01-2020');
INSERT INTO Enrolled (u_id,courseCode) VALUES (620003257,'COMP3506'),(620003257,'PHYS1173'),(620003257,'ECON1783'),(620003257,'INFO2521');
INSERT INTO Users VALUES (620003258,'Krista','Jesse','KristaJesse@gmail.com','JesseKrista');
INSERT INTO Students VALUES (620003258,'UNDERGRAD','01-01-2020');
INSERT INTO Enrolled (u_id,courseCode) VALUES (620003258,'MATH1972'),(620003258,'MATH3222'),(620003258,'INFO2813');
INSERT INTO Users VALUES (620003259,'Rhoda','Gillman','RhodaGillman@gmail.com','GillmanRhoda');
INSERT INTO Students VALUES (620003259,'UNDERGRAD','01-01-2020');
INSERT INTO Enrolled (u_id,courseCode) VALUES (620003259,'INFO2559'),(620003259,'ECON3063'),(620003259,'INFO2147'),(620003259,'INFO2270');
INSERT INTO Users VALUES (620003260,'Eunice','Pulley','EunicePulley@gmail.com','PulleyEunice');
INSERT INTO Students VALUES (620003260,'UNDERGRAD','01-01-2020');
INSERT INTO Enrolled (u_id,courseCode) VALUES (620003260,'INFO1014'),(620003260,'COMP1460'),(620003260,'ECON3228'),(620003260,'CHEM3747'),(620003260,'ECON2703'),(620003260,'BIOC1794');
INSERT INTO Users VALUES (620003261,'Eugene','Eubank','EugeneEubank@gmail.com','EubankEugene');
INSERT INTO Students VALUES (620003261,'UNDERGRAD','01-01-2020');
INSERT INTO Enrolled (u_id,courseCode) VALUES (620003261,'ECON3085'),(620003261,'PHYS3729'),(620003261,'CHEM2481'),(620003261,'COMP3746'),(620003261,'COMP1184');
INSERT INTO Users VALUES (620003262,'Charlotte','Ekberg','CharlotteEkberg@gmail.com','EkbergCharlotte');
INSERT INTO Students VALUES (620003262,'UNDERGRAD','01-01-2020');
INSERT INTO Enrolled (u_id,courseCode) VALUES (620003262,'INFO2337'),(620003262,'CHEM2867'),(620003262,'PHYS3876'),(620003262,'COMP3047'),(620003262,'INFO2950');
INSERT INTO Users VALUES (620003263,'Stanley','Briggs','StanleyBriggs@gmail.com','BriggsStanley');
INSERT INTO Students VALUES (620003263,'UNDERGRAD','01-01-2020');
INSERT INTO Enrolled (u_id,courseCode) VALUES (620003263,'CHEM2149'),(620003263,'MATH1972'),(620003263,'MATH1735');
INSERT INTO Users VALUES (620003264,'Anderson','Flowers','AndersonFlowers@gmail.com','FlowersAnderson');
INSERT INTO Students VALUES (620003264,'UNDERGRAD','01-01-2020');
INSERT INTO Enrolled (u_id,courseCode) VALUES (620003264,'PHYS2977'),(620003264,'MATH2717'),(620003264,'PHYS2448');
INSERT INTO Users VALUES (620003265,'Kelly','Nichols','KellyNichols@gmail.com','NicholsKelly');
INSERT INTO Students VALUES (620003265,'UNDERGRAD','01-01-2020');
INSERT INTO Enrolled (u_id,courseCode) VALUES (620003265,'INFO2213'),(620003265,'COMP1184'),(620003265,'MATH3613'),(620003265,'ECON1498'),(620003265,'BIOC1725');
INSERT INTO Users VALUES (620003266,'Sheila','Allen','SheilaAllen@gmail.com','AllenSheila');
INSERT INTO Students VALUES (620003266,'UNDERGRAD','01-01-2020');
INSERT INTO Enrolled (u_id,courseCode) VALUES (620003266,'CHEM1807'),(620003266,'COMP3746'),(620003266,'ECON1098'),(620003266,'CHEM2727'),(620003266,'PHYS1399'),(620003266,'ECON1589');
INSERT INTO Users VALUES (620003267,'Gordon','Decker','GordonDecker@gmail.com','DeckerGordon');
INSERT INTO Students VALUES (620003267,'UNDERGRAD','01-01-2020');
INSERT INTO Enrolled (u_id,courseCode) VALUES (620003267,'COMP1867'),(620003267,'MATH2717'),(620003267,'MATH3029'),(620003267,'INFO2270');
INSERT INTO Users VALUES (620003268,'Rick','Williams','RickWilliams@gmail.com','WilliamsRick');
INSERT INTO Students VALUES (620003268,'UNDERGRAD','01-01-2020');
INSERT INTO Enrolled (u_id,courseCode) VALUES (620003268,'BIOC3230'),(620003268,'MATH1578'),(620003268,'COMP3167'),(620003268,'BIOC2550');
INSERT INTO Users VALUES (620003269,'Dora','Bowerman','DoraBowerman@gmail.com','BowermanDora');
INSERT INTO Students VALUES (620003269,'UNDERGRAD','01-01-2020');
INSERT INTO Enrolled (u_id,courseCode) VALUES (620003269,'ECON2345'),(620003269,'COMP3639'),(620003269,'INFO2213'),(620003269,'BIOC1448'),(620003269,'BIOC2236'),(620003269,'BIOC1744');
INSERT INTO Users VALUES (620003270,'Vivian','Charland','VivianCharland@gmail.com','CharlandVivian');
INSERT INTO Students VALUES (620003270,'UNDERGRAD','01-01-2020');
INSERT INTO Enrolled (u_id,courseCode) VALUES (620003270,'INFO3636'),(620003270,'PHYS1140'),(620003270,'COMP1573');
INSERT INTO Users VALUES (620003271,'Michael','Maze','MichaelMaze@gmail.com','MazeMichael');
INSERT INTO Students VALUES (620003271,'UNDERGRAD','01-01-2020');
INSERT INTO Enrolled (u_id,courseCode) VALUES (620003271,'BIOC3191'),(620003271,'COMP3536'),(620003271,'BIOC2589'),(620003271,'ECON2722'),(620003271,'PHYS3464'),(620003271,'PHYS2977');
INSERT INTO Users VALUES (620003272,'Earl','Baccus','EarlBaccus@gmail.com','BaccusEarl');
INSERT INTO Students VALUES (620003272,'UNDERGRAD','01-01-2020');
INSERT INTO Enrolled (u_id,courseCode) VALUES (620003272,'BIOC1866'),(620003272,'ECON1098'),(620003272,'ECON3228'),(620003272,'BIOC3721');
INSERT INTO Users VALUES (620003273,'Carolyn','Tate','CarolynTate@gmail.com','TateCarolyn');
INSERT INTO Students VALUES (620003273,'UNDERGRAD','01-01-2020');
INSERT INTO Enrolled (u_id,courseCode) VALUES (620003273,'ECON1230'),(620003273,'CHEM2697'),(620003273,'ECON3311');
INSERT INTO Users VALUES (620003274,'Harold','Hardman','HaroldHardman@gmail.com','HardmanHarold');
INSERT INTO Students VALUES (620003274,'UNDERGRAD','01-01-2020');
INSERT INTO Enrolled (u_id,courseCode) VALUES (620003274,'PHYS2451'),(620003274,'INFO1825'),(620003274,'COMP2077'),(620003274,'MATH3029'),(620003274,'ECON3311'),(620003274,'BIOC1534');
INSERT INTO Users VALUES (620003275,'Willie','Tate','WillieTate@gmail.com','TateWillie');
INSERT INTO Students VALUES (620003275,'UNDERGRAD','01-01-2020');
INSERT INTO Enrolled (u_id,courseCode) VALUES (620003275,'INFO2797'),(620003275,'ECON3004'),(620003275,'BIOC2550');
INSERT INTO Users VALUES (620003276,'Howard','Mcclain','HowardMcclain@gmail.com','McclainHoward');
INSERT INTO Students VALUES (620003276,'UNDERGRAD','01-01-2020');
INSERT INTO Enrolled (u_id,courseCode) VALUES (620003276,'BIOC1448'),(620003276,'INFO2270'),(620003276,'COMP3639'),(620003276,'BIOC1725'),(620003276,'BIOC1485'),(620003276,'BIOC1910');
INSERT INTO Users VALUES (620003277,'Shirley','Kimbrell','ShirleyKimbrell@gmail.com','KimbrellShirley');
INSERT INTO Students VALUES (620003277,'UNDERGRAD','01-01-2020');
INSERT INTO Enrolled (u_id,courseCode) VALUES (620003277,'BIOC1986'),(620003277,'CHEM3747'),(620003277,'PHYS1993'),(620003277,'ECON3020');
INSERT INTO Users VALUES (620003278,'Greg','Alvarez','GregAlvarez@gmail.com','AlvarezGreg');
INSERT INTO Students VALUES (620003278,'UNDERGRAD','01-01-2020');
INSERT INTO Enrolled (u_id,courseCode) VALUES (620003278,'PHYS3290'),(620003278,'INFO1825'),(620003278,'CHEM3614'),(620003278,'CHEM2177'),(620003278,'INFO1145'),(620003278,'CHEM2481');
INSERT INTO Users VALUES (620003279,'Gabriel','Rivera','GabrielRivera@gmail.com','RiveraGabriel');
INSERT INTO Students VALUES (620003279,'UNDERGRAD','01-01-2020');
INSERT INTO Enrolled (u_id,courseCode) VALUES (620003279,'INFO3868'),(620003279,'COMP2080'),(620003279,'INFO1825'),(620003279,'INFO1288');
INSERT INTO Users VALUES (620003280,'Agnes','Quintero','AgnesQuintero@gmail.com','QuinteroAgnes');
INSERT INTO Students VALUES (620003280,'UNDERGRAD','01-01-2020');
INSERT INTO Enrolled (u_id,courseCode) VALUES (620003280,'MATH2957'),(620003280,'ECON2703'),(620003280,'BIOC2589'),(620003280,'MATH2873'),(620003280,'ECON2814');
INSERT INTO Users VALUES (620003281,'Charles','Wolfe','CharlesWolfe@gmail.com','WolfeCharles');
INSERT INTO Students VALUES (620003281,'UNDERGRAD','01-01-2020');
INSERT INTO Enrolled (u_id,courseCode) VALUES (620003281,'COMP2651'),(620003281,'COMP3536'),(620003281,'COMP1543'),(620003281,'ECON3989'),(620003281,'PHYS2448');
INSERT INTO Users VALUES (620003282,'Josh','Rivera','JoshRivera@gmail.com','RiveraJosh');
INSERT INTO Students VALUES (620003282,'UNDERGRAD','01-01-2020');
INSERT INTO Enrolled (u_id,courseCode) VALUES (620003282,'BIOC3721'),(620003282,'BIOC1104'),(620003282,'INFO2716'),(620003282,'MATH1972');
INSERT INTO Users VALUES (620003283,'Marcus','Wood','MarcusWood@gmail.com','WoodMarcus');
INSERT INTO Students VALUES (620003283,'UNDERGRAD','01-01-2020');
INSERT INTO Enrolled (u_id,courseCode) VALUES (620003283,'ECON2345'),(620003283,'ECON1170'),(620003283,'ECON1996');
INSERT INTO Users VALUES (620003284,'Isreal','Wilbanks','IsrealWilbanks@gmail.com','WilbanksIsreal');
INSERT INTO Students VALUES (620003284,'UNDERGRAD','01-01-2020');
INSERT INTO Enrolled (u_id,courseCode) VALUES (620003284,'BIOC2589'),(620003284,'CHEM2481'),(620003284,'INFO3636'),(620003284,'CHEM3617'),(620003284,'PHYS1140'),(620003284,'COMP2717');
INSERT INTO Users VALUES (620003285,'Martin','Mertens','MartinMertens@gmail.com','MertensMartin');
INSERT INTO Students VALUES (620003285,'UNDERGRAD','01-01-2020');
INSERT INTO Enrolled (u_id,courseCode) VALUES (620003285,'BIOC1448'),(620003285,'PHYS2229'),(620003285,'COMP3849'),(620003285,'CHEM2065'),(620003285,'CHEM2626');
INSERT INTO Users VALUES (620003286,'Debbie','Vario','DebbieVario@gmail.com','VarioDebbie');
INSERT INTO Students VALUES (620003286,'UNDERGRAD','01-01-2020');
INSERT INTO Enrolled (u_id,courseCode) VALUES (620003286,'COMP2651'),(620003286,'ECON3737'),(620003286,'CHEM2797'),(620003286,'ECON1012');
INSERT INTO Users VALUES (620003287,'Bernie','Dillis','BernieDillis@gmail.com','DillisBernie');
INSERT INTO Students VALUES (620003287,'UNDERGRAD','01-01-2020');
INSERT INTO Enrolled (u_id,courseCode) VALUES (620003287,'BIOC1104'),(620003287,'BIOC1052'),(620003287,'MATH1735'),(620003287,'PHYS3052');
INSERT INTO Users VALUES (620003288,'Kirk','Bennett','KirkBennett@gmail.com','BennettKirk');
INSERT INTO Students VALUES (620003288,'UNDERGRAD','01-01-2020');
INSERT INTO Enrolled (u_id,courseCode) VALUES (620003288,'BIOC2054'),(620003288,'PHYS2667'),(620003288,'ECON3004');
INSERT INTO Users VALUES (620003289,'Philip','Robles','PhilipRobles@gmail.com','RoblesPhilip');
INSERT INTO Students VALUES (620003289,'UNDERGRAD','01-01-2020');
INSERT INTO Enrolled (u_id,courseCode) VALUES (620003289,'PHYS2113'),(620003289,'BIOC2550'),(620003289,'ECON3989');
INSERT INTO Users VALUES (620003290,'Rebecca','Mcclanahan','RebeccaMcclanahan@gmail.com','McclanahanRebecca');
INSERT INTO Students VALUES (620003290,'UNDERGRAD','01-01-2020');
INSERT INTO Enrolled (u_id,courseCode) VALUES (620003290,'MATH1648'),(620003290,'BIOC3191'),(620003290,'PHYS3290'),(620003290,'MATH3029');
INSERT INTO Users VALUES (620003291,'Walter','Briggs','WalterBriggs@gmail.com','BriggsWalter');
INSERT INTO Students VALUES (620003291,'UNDERGRAD','01-01-2020');
INSERT INTO Enrolled (u_id,courseCode) VALUES (620003291,'ECON3228'),(620003291,'ECON2387'),(620003291,'CHEM3617'),(620003291,'INFO3603');
INSERT INTO Users VALUES (620003292,'Gina','Jeanbaptiste','GinaJeanbaptiste@gmail.com','JeanbaptisteGina');
INSERT INTO Students VALUES (620003292,'UNDERGRAD','01-01-2020');
INSERT INTO Enrolled (u_id,courseCode) VALUES (620003292,'ECON1589'),(620003292,'COMP1051'),(620003292,'CHEM2727'),(620003292,'INFO3419'),(620003292,'INFO1990');
INSERT INTO Users VALUES (620003293,'Brooke','Lopez','BrookeLopez@gmail.com','LopezBrooke');
INSERT INTO Students VALUES (620003293,'UNDERGRAD','01-01-2020');
INSERT INTO Enrolled (u_id,courseCode) VALUES (620003293,'MATH3222'),(620003293,'PHYS3659'),(620003293,'BIOC1598'),(620003293,'MATH3857'),(620003293,'INFO1447'),(620003293,'COMP1184');
INSERT INTO Users VALUES (620003294,'Stacy','Imoto','StacyImoto@gmail.com','ImotoStacy');
INSERT INTO Students VALUES (620003294,'UNDERGRAD','01-01-2020');
INSERT INTO Enrolled (u_id,courseCode) VALUES (620003294,'ECON3085'),(620003294,'PHYS2451'),(620003294,'BIOC1744'),(620003294,'ECON3372'),(620003294,'ECON3523'),(620003294,'INFO2950');
INSERT INTO Users VALUES (620003295,'Chris','Turkus','ChrisTurkus@gmail.com','TurkusChris');
INSERT INTO Students VALUES (620003295,'UNDERGRAD','01-01-2020');
INSERT INTO Enrolled (u_id,courseCode) VALUES (620003295,'BIOC3341'),(620003295,'INFO2797'),(620003295,'PHYS3686');
INSERT INTO Users VALUES (620003296,'Shalanda','Pedersen','ShalandaPedersen@gmail.com','PedersenShalanda');
INSERT INTO Students VALUES (620003296,'UNDERGRAD','01-01-2020');
INSERT INTO Enrolled (u_id,courseCode) VALUES (620003296,'MATH3844'),(620003296,'CHEM1807'),(620003296,'CHEM3614'),(620003296,'PHYS2667'),(620003296,'PHYS1930'),(620003296,'INFO2213');
INSERT INTO Users VALUES (620003297,'Miss','Coleman','MissColeman@gmail.com','ColemanMiss');
INSERT INTO Students VALUES (620003297,'UNDERGRAD','01-01-2020');
INSERT INTO Enrolled (u_id,courseCode) VALUES (620003297,'MATH3857'),(620003297,'CHEM3793'),(620003297,'PHYS2306'),(620003297,'CHEM1485'),(620003297,'INFO1825'),(620003297,'BIOC1534');
INSERT INTO Users VALUES (620003298,'Jake','Dunn','JakeDunn@gmail.com','DunnJake');
INSERT INTO Students VALUES (620003298,'UNDERGRAD','01-01-2020');
INSERT INTO Enrolled (u_id,courseCode) VALUES (620003298,'BIOC1744'),(620003298,'ECON3737'),(620003298,'MATH1972');
INSERT INTO Users VALUES (620003299,'Kathy','Rice','KathyRice@gmail.com','RiceKathy');
INSERT INTO Students VALUES (620003299,'UNDERGRAD','01-01-2020');
INSERT INTO Enrolled (u_id,courseCode) VALUES (620003299,'PHYS2451'),(620003299,'INFO3868'),(620003299,'ECON1996'),(620003299,'ECON1230'),(620003299,'BIOC1485');
INSERT INTO Users VALUES (620003300,'Dale','Mcclanahan','DaleMcclanahan@gmail.com','McclanahanDale');
INSERT INTO Students VALUES (620003300,'UNDERGRAD','01-01-2020');
INSERT INTO Enrolled (u_id,courseCode) VALUES (620003300,'CHEM1485'),(620003300,'INFO2797'),(620003300,'BIOC2589'),(620003300,'BIOC1725'),(620003300,'ECON1589'),(620003300,'PHYS2117');
INSERT INTO Users VALUES (620003301,'Linda','Siple','LindaSiple@gmail.com','SipleLinda');
INSERT INTO Students VALUES (620003301,'UNDERGRAD','01-01-2020');
INSERT INTO Enrolled (u_id,courseCode) VALUES (620003301,'PHYS2117'),(620003301,'COMP3746'),(620003301,'PHYS1993'),(620003301,'ECON3276');
INSERT INTO Users VALUES (620003302,'Frances','Brock','FrancesBrock@gmail.com','BrockFrances');
INSERT INTO Students VALUES (620003302,'UNDERGRAD','01-01-2020');
INSERT INTO Enrolled (u_id,courseCode) VALUES (620003302,'COMP2717'),(620003302,'BIOC2983'),(620003302,'ECON1561');
INSERT INTO Users VALUES (620003303,'Lindsey','Scarbrough','LindseyScarbrough@gmail.com','ScarbroughLindsey');
INSERT INTO Students VALUES (620003303,'UNDERGRAD','01-01-2020');
INSERT INTO Enrolled (u_id,courseCode) VALUES (620003303,'BIOC1448'),(620003303,'PHYS3876'),(620003303,'INFO1648'),(620003303,'MATH3209'),(620003303,'INFO2270');
INSERT INTO Users VALUES (620003304,'Gary','Boyer','GaryBoyer@gmail.com','BoyerGary');
INSERT INTO Students VALUES (620003304,'UNDERGRAD','01-01-2020');
INSERT INTO Enrolled (u_id,courseCode) VALUES (620003304,'BIOC1986'),(620003304,'MATH2801'),(620003304,'MATH1309'),(620003304,'INFO1990'),(620003304,'CHEM2697'),(620003304,'CHEM2797');
INSERT INTO Users VALUES (620003305,'Randy','Rankin','RandyRankin@gmail.com','RankinRandy');
INSERT INTO Students VALUES (620003305,'UNDERGRAD','01-01-2020');
INSERT INTO Enrolled (u_id,courseCode) VALUES (620003305,'BIOC1534'),(620003305,'INFO3603'),(620003305,'BIOC1725'),(620003305,'PHYS2117'),(620003305,'MATH3688');
INSERT INTO Users VALUES (620003306,'Roberto','Mejias','RobertoMejias@gmail.com','MejiasRoberto');
INSERT INTO Students VALUES (620003306,'UNDERGRAD','01-01-2020');
INSERT INTO Enrolled (u_id,courseCode) VALUES (620003306,'COMP2965'),(620003306,'MATH3173'),(620003306,'MATH1735'),(620003306,'MATH3222'),(620003306,'ECON3276');
INSERT INTO Users VALUES (620003307,'Byron','Lundholm','ByronLundholm@gmail.com','LundholmByron');
INSERT INTO Students VALUES (620003307,'UNDERGRAD','01-01-2020');
INSERT INTO Enrolled (u_id,courseCode) VALUES (620003307,'COMP3697'),(620003307,'CHEM3327'),(620003307,'INFO2559'),(620003307,'ECON1589');
INSERT INTO Users VALUES (620003308,'Evelyn','Briggs','EvelynBriggs@gmail.com','BriggsEvelyn');
INSERT INTO Students VALUES (620003308,'UNDERGRAD','01-01-2020');
INSERT INTO Enrolled (u_id,courseCode) VALUES (620003308,'ECON2703'),(620003308,'ECON3276'),(620003308,'INFO1288'),(620003308,'MATH3222'),(620003308,'ECON1498');
INSERT INTO Users VALUES (620003309,'Antionette','Williams','AntionetteWilliams@gmail.com','WilliamsAntionette');
INSERT INTO Students VALUES (620003309,'UNDERGRAD','01-01-2020');
INSERT INTO Enrolled (u_id,courseCode) VALUES (620003309,'MATH2717'),(620003309,'INFO2337'),(620003309,'ECON1230'),(620003309,'INFO1648'),(620003309,'INFO3419');
INSERT INTO Users VALUES (620003310,'Erin','Chappell','ErinChappell@gmail.com','ChappellErin');
INSERT INTO Students VALUES (620003310,'UNDERGRAD','01-01-2020');
INSERT INTO Enrolled (u_id,courseCode) VALUES (620003310,'ECON2814'),(620003310,'INFO1145'),(620003310,'ECON1230');
INSERT INTO Users VALUES (620003311,'Adrienne','Alvarez','AdrienneAlvarez@gmail.com','AlvarezAdrienne');
INSERT INTO Students VALUES (620003311,'UNDERGRAD','01-01-2020');
INSERT INTO Enrolled (u_id,courseCode) VALUES (620003311,'MATH1250'),(620003311,'MATH1735'),(620003311,'ECON1458'),(620003311,'BIOC1910'),(620003311,'ECON3288');
INSERT INTO Users VALUES (620003312,'Jessie','Braun','JessieBraun@gmail.com','BraunJessie');
INSERT INTO Students VALUES (620003312,'UNDERGRAD','01-01-2020');
INSERT INTO Enrolled (u_id,courseCode) VALUES (620003312,'ECON3447'),(620003312,'PHYS1979'),(620003312,'CHEM2446');
INSERT INTO Users VALUES (620003313,'Jamison','Carrillo','JamisonCarrillo@gmail.com','CarrilloJamison');
INSERT INTO Students VALUES (620003313,'UNDERGRAD','01-01-2020');
INSERT INTO Enrolled (u_id,courseCode) VALUES (620003313,'PHYS3876'),(620003313,'COMP1051'),(620003313,'INFO3636'),(620003313,'ECON2345'),(620003313,'PHYS3464');
INSERT INTO Users VALUES (620003314,'Paul','Joaquin','PaulJoaquin@gmail.com','JoaquinPaul');
INSERT INTO Students VALUES (620003314,'UNDERGRAD','01-01-2020');
INSERT INTO Enrolled (u_id,courseCode) VALUES (620003314,'CHEM2727'),(620003314,'MATH1638'),(620003314,'PHYS3876'),(620003314,'PHYS1173'),(620003314,'ECON1098');
INSERT INTO Users VALUES (620003315,'Betsy','Wright','BetsyWright@gmail.com','WrightBetsy');
INSERT INTO Students VALUES (620003315,'UNDERGRAD','01-01-2020');
INSERT INTO Enrolled (u_id,courseCode) VALUES (620003315,'PHYS1140'),(620003315,'MATH1972'),(620003315,'ECON3447'),(620003315,'ECON1783'),(620003315,'COMP2541');
INSERT INTO Users VALUES (620003316,'Teresa','Wilson','TeresaWilson@gmail.com','WilsonTeresa');
INSERT INTO Students VALUES (620003316,'UNDERGRAD','01-01-2020');
INSERT INTO Enrolled (u_id,courseCode) VALUES (620003316,'BIOC2671'),(620003316,'COMP3639'),(620003316,'ECON3020'),(620003316,'PHYS3787'),(620003316,'COMP3536');
INSERT INTO Users VALUES (620003317,'Janice','Mcneill','JaniceMcneill@gmail.com','McneillJanice');
INSERT INTO Students VALUES (620003317,'UNDERGRAD','01-01-2020');
INSERT INTO Enrolled (u_id,courseCode) VALUES (620003317,'PHYS2338'),(620003317,'INFO1242'),(620003317,'CHEM2867'),(620003317,'CHEM3888');
INSERT INTO Users VALUES (620003318,'Aaron','Cash','AaronCash@gmail.com','CashAaron');
INSERT INTO Students VALUES (620003318,'UNDERGRAD','01-01-2020');
INSERT INTO Enrolled (u_id,courseCode) VALUES (620003318,'CHEM1613'),(620003318,'BIOC1744'),(620003318,'PHYS1140'),(620003318,'ECON3281'),(620003318,'MATH3688'),(620003318,'CHEM3409');
INSERT INTO Users VALUES (620003319,'Evelyn','Lundholm','EvelynLundholm@gmail.com','LundholmEvelyn');
INSERT INTO Students VALUES (620003319,'UNDERGRAD','01-01-2020');
INSERT INTO Enrolled (u_id,courseCode) VALUES (620003319,'INFO1447'),(620003319,'CHEM2065'),(620003319,'PHYS2117'),(620003319,'MATH3857');
INSERT INTO Users VALUES (620003320,'Gary','Blackwell','GaryBlackwell@gmail.com','BlackwellGary');
INSERT INTO Students VALUES (620003320,'UNDERGRAD','01-01-2020');
INSERT INTO Enrolled (u_id,courseCode) VALUES (620003320,'MATH1648'),(620003320,'CHEM2220'),(620003320,'PHYS2667'),(620003320,'MATH2801'),(620003320,'COMP3506');
INSERT INTO Users VALUES (620003321,'Leo','Busse','LeoBusse@gmail.com','BusseLeo');
INSERT INTO Students VALUES (620003321,'UNDERGRAD','01-01-2020');
INSERT INTO Enrolled (u_id,courseCode) VALUES (620003321,'CHEM2797'),(620003321,'MATH1262'),(620003321,'BIOC2983');
INSERT INTO Users VALUES (620003322,'Bethany','Alvarez','BethanyAlvarez@gmail.com','AlvarezBethany');
INSERT INTO Students VALUES (620003322,'UNDERGRAD','01-01-2020');
INSERT INTO Enrolled (u_id,courseCode) VALUES (620003322,'PHYS3686'),(620003322,'PHYS3290'),(620003322,'PHYS3659');
INSERT INTO Users VALUES (620003323,'Dennis','Lemieux','DennisLemieux@gmail.com','LemieuxDennis');
INSERT INTO Students VALUES (620003323,'UNDERGRAD','01-01-2020');
INSERT INTO Enrolled (u_id,courseCode) VALUES (620003323,'ECON3004'),(620003323,'CHEM2446'),(620003323,'INFO2636'),(620003323,'CHEM1494');
INSERT INTO Users VALUES (620003324,'Matthew','Ekberg','MatthewEkberg@gmail.com','EkbergMatthew');
INSERT INTO Students VALUES (620003324,'UNDERGRAD','01-01-2020');
INSERT INTO Enrolled (u_id,courseCode) VALUES (620003324,'ECON1498'),(620003324,'PHYS2448'),(620003324,'INFO2797'),(620003324,'INFO2213');
INSERT INTO Users VALUES (620003325,'Catherine','Noggle','CatherineNoggle@gmail.com','NoggleCatherine');
INSERT INTO Students VALUES (620003325,'UNDERGRAD','01-01-2020');
INSERT INTO Enrolled (u_id,courseCode) VALUES (620003325,'COMP3173'),(620003325,'PHYS2117'),(620003325,'BIOC2236');
INSERT INTO Users VALUES (620003326,'Harold','Steinberger','HaroldSteinberger@gmail.com','SteinbergerHarold');
INSERT INTO Students VALUES (620003326,'UNDERGRAD','01-01-2020');
INSERT INTO Enrolled (u_id,courseCode) VALUES (620003326,'MATH3857'),(620003326,'PHYS2113'),(620003326,'PHYS2117'),(620003326,'COMP1867'),(620003326,'ECON1458'),(620003326,'COMP3697');
INSERT INTO Users VALUES (620003327,'Adelle','Maione','AdelleMaione@gmail.com','MaioneAdelle');
INSERT INTO Students VALUES (620003327,'UNDERGRAD','01-01-2020');
INSERT INTO Enrolled (u_id,courseCode) VALUES (620003327,'BIOC2236'),(620003327,'ECON1170'),(620003327,'ECON3523'),(620003327,'BIOC1910'),(620003327,'ECON3281'),(620003327,'BIOC2054');
INSERT INTO Users VALUES (620003328,'Frances','Monte','FrancesMonte@gmail.com','MonteFrances');
INSERT INTO Students VALUES (620003328,'UNDERGRAD','01-01-2020');
INSERT INTO Enrolled (u_id,courseCode) VALUES (620003328,'BIOC1052'),(620003328,'ECON3372'),(620003328,'COMP3238'),(620003328,'MATH1148');
INSERT INTO Users VALUES (620003329,'Krista','Meraz','KristaMeraz@gmail.com','MerazKrista');
INSERT INTO Students VALUES (620003329,'UNDERGRAD','01-01-2020');
INSERT INTO Enrolled (u_id,courseCode) VALUES (620003329,'MATH1148'),(620003329,'CHEM3409'),(620003329,'MATH3029'),(620003329,'PHYS3876');
INSERT INTO Users VALUES (620003330,'Madaline','Colley','MadalineColley@gmail.com','ColleyMadaline');
INSERT INTO Students VALUES (620003330,'UNDERGRAD','01-01-2020');
INSERT INTO Enrolled (u_id,courseCode) VALUES (620003330,'INFO1014'),(620003330,'ECON1589'),(620003330,'INFO2860'),(620003330,'PHYS3686'),(620003330,'BIOC1910');
INSERT INTO Users VALUES (620003331,'Eric','Nighman','EricNighman@gmail.com','NighmanEric');
INSERT INTO Students VALUES (620003331,'UNDERGRAD','01-01-2020');
INSERT INTO Enrolled (u_id,courseCode) VALUES (620003331,'MATH1148'),(620003331,'ECON1458'),(620003331,'COMP3849'),(620003331,'PHYS2229'),(620003331,'BIOC1866'),(620003331,'PHYS1993');
INSERT INTO Users VALUES (620003332,'Suzanne','Phinney','SuzannePhinney@gmail.com','PhinneySuzanne');
INSERT INTO Students VALUES (620003332,'UNDERGRAD','01-01-2020');
INSERT INTO Enrolled (u_id,courseCode) VALUES (620003332,'COMP3238'),(620003332,'INFO2147'),(620003332,'ECON3288'),(620003332,'MATH1309'),(620003332,'MATH1250'),(620003332,'COMP1184');
INSERT INTO Users VALUES (620003333,'Mack','Meisner','MackMeisner@gmail.com','MeisnerMack');
INSERT INTO Students VALUES (620003333,'UNDERGRAD','01-01-2020');
INSERT INTO Enrolled (u_id,courseCode) VALUES (620003333,'MATH2717'),(620003333,'MATH1262'),(620003333,'CHEM2867'),(620003333,'COMP3084');
INSERT INTO Users VALUES (620003334,'Ruth','Quintero','RuthQuintero@gmail.com','QuinteroRuth');
INSERT INTO Students VALUES (620003334,'UNDERGRAD','01-01-2020');
INSERT INTO Enrolled (u_id,courseCode) VALUES (620003334,'CHEM3888'),(620003334,'PHYS2448'),(620003334,'MATH3613');
INSERT INTO Users VALUES (620003335,'Marie','Ott','MarieOtt@gmail.com','OttMarie');
INSERT INTO Students VALUES (620003335,'UNDERGRAD','01-01-2020');
INSERT INTO Enrolled (u_id,courseCode) VALUES (620003335,'ECON2814'),(620003335,'PHYS2451'),(620003335,'BIOC1534'),(620003335,'CHEM3347'),(620003335,'BIOC1866');
INSERT INTO Users VALUES (620003336,'George','Decker','GeorgeDecker@gmail.com','DeckerGeorge');
INSERT INTO Students VALUES (620003336,'UNDERGRAD','01-01-2020');
INSERT INTO Enrolled (u_id,courseCode) VALUES (620003336,'CHEM1807'),(620003336,'CHEM2626'),(620003336,'MATH2067'),(620003336,'BIOC1910');
INSERT INTO Users VALUES (620003337,'Carlos','Velasquez','CarlosVelasquez@gmail.com','VelasquezCarlos');
INSERT INTO Students VALUES (620003337,'UNDERGRAD','01-01-2020');
INSERT INTO Enrolled (u_id,courseCode) VALUES (620003337,'BIOC3457'),(620003337,'MATH3857'),(620003337,'CHEM2065'),(620003337,'INFO3636'),(620003337,'PHYS3354'),(620003337,'BIOC2671');
INSERT INTO Users VALUES (620003338,'Deanna','Quintero','DeannaQuintero@gmail.com','QuinteroDeanna');
INSERT INTO Students VALUES (620003338,'UNDERGRAD','01-01-2020');
INSERT INTO Enrolled (u_id,courseCode) VALUES (620003338,'ECON3447'),(620003338,'BIOC1104'),(620003338,'ECON1996'),(620003338,'MATH3179'),(620003338,'INFO3645'),(620003338,'COMP2080');
INSERT INTO Users VALUES (620003339,'Ashleigh','Granado','AshleighGranado@gmail.com','GranadoAshleigh');
INSERT INTO Students VALUES (620003339,'UNDERGRAD','01-01-2020');
INSERT INTO Enrolled (u_id,courseCode) VALUES (620003339,'ECON3063'),(620003339,'INFO2797'),(620003339,'MATH1972'),(620003339,'CHEM3054'),(620003339,'INFO3645'),(620003339,'BIOC3230');
INSERT INTO Users VALUES (620003340,'Dorcas','Pedersen','DorcasPedersen@gmail.com','PedersenDorcas');
INSERT INTO Students VALUES (620003340,'UNDERGRAD','01-01-2020');
INSERT INTO Enrolled (u_id,courseCode) VALUES (620003340,'BIOC1439'),(620003340,'PHYS3339'),(620003340,'MATH1735');
INSERT INTO Users VALUES (620003341,'James','Congdon','JamesCongdon@gmail.com','CongdonJames');
INSERT INTO Students VALUES (620003341,'UNDERGRAD','01-01-2020');
INSERT INTO Enrolled (u_id,courseCode) VALUES (620003341,'ECON1012'),(620003341,'MATH1578'),(620003341,'PHYS3659'),(620003341,'COMP2077'),(620003341,'COMP3849');
INSERT INTO Users VALUES (620003342,'Howard','Wolfe','HowardWolfe@gmail.com','WolfeHoward');
INSERT INTO Students VALUES (620003342,'UNDERGRAD','01-01-2020');
INSERT INTO Enrolled (u_id,courseCode) VALUES (620003342,'CHEM1494'),(620003342,'PHYS3729'),(620003342,'CHEM3617'),(620003342,'ECON1230'),(620003342,'INFO1014');
INSERT INTO Users VALUES (620003343,'Bernie','Bourgoin','BernieBourgoin@gmail.com','BourgoinBernie');
INSERT INTO Students VALUES (620003343,'UNDERGRAD','01-01-2020');
INSERT INTO Enrolled (u_id,courseCode) VALUES (620003343,'COMP3849'),(620003343,'MATH3059'),(620003343,'MATH3688'),(620003343,'COMP3084');
INSERT INTO Users VALUES (620003344,'Trina','Oconnell','TrinaOconnell@gmail.com','OconnellTrina');
INSERT INTO Students VALUES (620003344,'UNDERGRAD','01-01-2020');
INSERT INTO Enrolled (u_id,courseCode) VALUES (620003344,'ECON3989'),(620003344,'BIOC2236'),(620003344,'COMP3173'),(620003344,'CHEM3888'),(620003344,'BIOC1744'),(620003344,'COMP3697');
INSERT INTO Users VALUES (620003345,'Timothy','Gondek','TimothyGondek@gmail.com','GondekTimothy');
INSERT INTO Students VALUES (620003345,'UNDERGRAD','01-01-2020');
INSERT INTO Enrolled (u_id,courseCode) VALUES (620003345,'MATH1648'),(620003345,'COMP1867'),(620003345,'INFO1242'),(620003345,'INFO3603'),(620003345,'ECON3276');
INSERT INTO Users VALUES (620003346,'Stephanie','Carrillo','StephanieCarrillo@gmail.com','CarrilloStephanie');
INSERT INTO Students VALUES (620003346,'UNDERGRAD','01-01-2020');
INSERT INTO Enrolled (u_id,courseCode) VALUES (620003346,'PHYS3876'),(620003346,'ECON3989'),(620003346,'COMP3047');
INSERT INTO Users VALUES (620003347,'Francisca','Fuller','FranciscaFuller@gmail.com','FullerFrancisca');
INSERT INTO Students VALUES (620003347,'UNDERGRAD','01-01-2020');
INSERT INTO Enrolled (u_id,courseCode) VALUES (620003347,'INFO2337'),(620003347,'MATH3222'),(620003347,'BIOC1164'),(620003347,'ECON2345'),(620003347,'ECON1458');
INSERT INTO Users VALUES (620003348,'Richard','Lowry','RichardLowry@gmail.com','LowryRichard');
INSERT INTO Students VALUES (620003348,'UNDERGRAD','01-01-2020');
INSERT INTO Enrolled (u_id,courseCode) VALUES (620003348,'MATH3544'),(620003348,'PHYS2977'),(620003348,'ECON2722'),(620003348,'MATH3857'),(620003348,'CHEM3054');
INSERT INTO Users VALUES (620003349,'Sean','Spohn','SeanSpohn@gmail.com','SpohnSean');
INSERT INTO Students VALUES (620003349,'UNDERGRAD','01-01-2020');
INSERT INTO Enrolled (u_id,courseCode) VALUES (620003349,'COMP1867'),(620003349,'PHYS2306'),(620003349,'COMP1460'),(620003349,'ECON3228'),(620003349,'PHYS2238'),(620003349,'PHYS2667');
INSERT INTO Users VALUES (620003350,'Jake','Sudduth','JakeSudduth@gmail.com','SudduthJake');
INSERT INTO Students VALUES (620003350,'UNDERGRAD','01-01-2020');
INSERT INTO Enrolled (u_id,courseCode) VALUES (620003350,'CHEM1485'),(620003350,'MATH2957'),(620003350,'PHYS2238'),(620003350,'BIOC1164'),(620003350,'ECON2814'),(620003350,'ECON3989');
INSERT INTO Users VALUES (620003351,'Janice','Washinski','JaniceWashinski@gmail.com','WashinskiJanice');
INSERT INTO Students VALUES (620003351,'UNDERGRAD','01-01-2020');
INSERT INTO Enrolled (u_id,courseCode) VALUES (620003351,'ECON1170'),(620003351,'BIOC2054'),(620003351,'ECON3085'),(620003351,'BIOC1598');
INSERT INTO Users VALUES (620003352,'Trina','Kimbrell','TrinaKimbrell@gmail.com','KimbrellTrina');
INSERT INTO Students VALUES (620003352,'UNDERGRAD','01-01-2020');
INSERT INTO Enrolled (u_id,courseCode) VALUES (620003352,'PHYS2306'),(620003352,'MATH2957'),(620003352,'COMP3849'),(620003352,'ECON3063'),(620003352,'PHYS1993');
INSERT INTO Users VALUES (620003353,'Donald','Petty','DonaldPetty@gmail.com','PettyDonald');
INSERT INTO Students VALUES (620003353,'UNDERGRAD','01-01-2020');
INSERT INTO Enrolled (u_id,courseCode) VALUES (620003353,'COMP1357'),(620003353,'INFO2636'),(620003353,'CHEM3793');
INSERT INTO Users VALUES (620003354,'Joyce','Huffman','JoyceHuffman@gmail.com','HuffmanJoyce');
INSERT INTO Students VALUES (620003354,'UNDERGRAD','01-01-2020');
INSERT INTO Enrolled (u_id,courseCode) VALUES (620003354,'MATH2550'),(620003354,'BIOC1866'),(620003354,'BIOC1794');
INSERT INTO Users VALUES (620003355,'Louis','White','LouisWhite@gmail.com','WhiteLouis');
INSERT INTO Students VALUES (620003355,'UNDERGRAD','01-01-2020');
INSERT INTO Enrolled (u_id,courseCode) VALUES (620003355,'PHYS2977'),(620003355,'COMP1573'),(620003355,'ECON2345'),(620003355,'MATH3688'),(620003355,'BIOC1910');
INSERT INTO Users VALUES (620003356,'Kirk','Madsen','KirkMadsen@gmail.com','MadsenKirk');
INSERT INTO Students VALUES (620003356,'UNDERGRAD','01-01-2020');
INSERT INTO Enrolled (u_id,courseCode) VALUES (620003356,'ECON1589'),(620003356,'MATH3173'),(620003356,'INFO1014');
INSERT INTO Users VALUES (620003357,'Juanita','Sultzer','JuanitaSultzer@gmail.com','SultzerJuanita');
INSERT INTO Students VALUES (620003357,'UNDERGRAD','01-01-2020');
INSERT INTO Enrolled (u_id,courseCode) VALUES (620003357,'INFO2559'),(620003357,'MATH3173'),(620003357,'CHEM3327'),(620003357,'BIOC1052'),(620003357,'COMP2717'),(620003357,'COMP3849');
INSERT INTO Users VALUES (620003358,'Roberta','Duffy','RobertaDuffy@gmail.com','DuffyRoberta');
INSERT INTO Students VALUES (620003358,'UNDERGRAD','01-01-2020');
INSERT INTO Enrolled (u_id,courseCode) VALUES (620003358,'ECON1498'),(620003358,'MATH3059'),(620003358,'CHEM2604'),(620003358,'ECON2814');
INSERT INTO Users VALUES (620003359,'Frankie','Crespo','FrankieCrespo@gmail.com','CrespoFrankie');
INSERT INTO Students VALUES (620003359,'UNDERGRAD','01-01-2020');
INSERT INTO Enrolled (u_id,courseCode) VALUES (620003359,'INFO3935'),(620003359,'BIOC3604'),(620003359,'BIOC1104');
INSERT INTO Users VALUES (620003360,'Ashleigh','Luper','AshleighLuper@gmail.com','LuperAshleigh');
INSERT INTO Students VALUES (620003360,'UNDERGRAD','01-01-2020');
INSERT INTO Enrolled (u_id,courseCode) VALUES (620003360,'CHEM2727'),(620003360,'ECON3063'),(620003360,'INFO2521');
INSERT INTO Users VALUES (620003361,'Thomas','Bourgoin','ThomasBourgoin@gmail.com','BourgoinThomas');
INSERT INTO Students VALUES (620003361,'UNDERGRAD','01-01-2020');
INSERT INTO Enrolled (u_id,courseCode) VALUES (620003361,'INFO1014'),(620003361,'MATH1648'),(620003361,'COMP3084'),(620003361,'BIOC1744'),(620003361,'MATH3209'),(620003361,'PHYS2338');
INSERT INTO Users VALUES (620003362,'Antionette','Evans','AntionetteEvans@gmail.com','EvansAntionette');
INSERT INTO Students VALUES (620003362,'UNDERGRAD','01-01-2020');
INSERT INTO Enrolled (u_id,courseCode) VALUES (620003362,'PHYS3339'),(620003362,'MATH3029'),(620003362,'PHYS3290');
INSERT INTO Users VALUES (620003363,'Beverly','Pedersen','BeverlyPedersen@gmail.com','PedersenBeverly');
INSERT INTO Students VALUES (620003363,'UNDERGRAD','01-01-2020');
INSERT INTO Enrolled (u_id,courseCode) VALUES (620003363,'ECON3085'),(620003363,'PHYS1930'),(620003363,'COMP3849'),(620003363,'INFO2337'),(620003363,'BIOC2550');
INSERT INTO Users VALUES (620003364,'Sheila','Cannon','SheilaCannon@gmail.com','CannonSheila');
INSERT INTO Students VALUES (620003364,'UNDERGRAD','01-01-2020');
INSERT INTO Enrolled (u_id,courseCode) VALUES (620003364,'COMP2541'),(620003364,'ECON3523'),(620003364,'PHYS2238'),(620003364,'PHYS1173'),(620003364,'INFO2559'),(620003364,'MATH1578');
INSERT INTO Users VALUES (620003365,'Christina','Cummings','ChristinaCummings@gmail.com','CummingsChristina');
INSERT INTO Students VALUES (620003365,'UNDERGRAD','01-01-2020');
INSERT INTO Enrolled (u_id,courseCode) VALUES (620003365,'BIOC3457'),(620003365,'INFO2860'),(620003365,'BIOC1485'),(620003365,'PHYS2563');
INSERT INTO Users VALUES (620003366,'Sam','Estrada','SamEstrada@gmail.com','EstradaSam');
INSERT INTO Students VALUES (620003366,'UNDERGRAD','01-01-2020');
INSERT INTO Enrolled (u_id,courseCode) VALUES (620003366,'MATH2555'),(620003366,'MATH2501'),(620003366,'MATH2550');
INSERT INTO Users VALUES (620003367,'Clifford','Dunn','CliffordDunn@gmail.com','DunnClifford');
INSERT INTO Students VALUES (620003367,'UNDERGRAD','01-01-2020');
INSERT INTO Enrolled (u_id,courseCode) VALUES (620003367,'BIOC1534'),(620003367,'BIOC3457'),(620003367,'BIOC1439');
INSERT INTO Users VALUES (620003368,'Nancy','Rankin','NancyRankin@gmail.com','RankinNancy');
INSERT INTO Students VALUES (620003368,'UNDERGRAD','01-01-2020');
INSERT INTO Enrolled (u_id,courseCode) VALUES (620003368,'INFO3636'),(620003368,'MATH1735'),(620003368,'PHYS3876');
INSERT INTO Users VALUES (620003369,'Ethel','Henderson','EthelHenderson@gmail.com','HendersonEthel');
INSERT INTO Students VALUES (620003369,'UNDERGRAD','01-01-2020');
INSERT INTO Enrolled (u_id,courseCode) VALUES (620003369,'INFO1825'),(620003369,'CHEM3617'),(620003369,'COMP3173'),(620003369,'PHYS1993'),(620003369,'INFO3603'),(620003369,'CHEM1340');
INSERT INTO Users VALUES (620003370,'Ronald','Lindstrom','RonaldLindstrom@gmail.com','LindstromRonald');
INSERT INTO Students VALUES (620003370,'UNDERGRAD','01-01-2020');
INSERT INTO Enrolled (u_id,courseCode) VALUES (620003370,'BIOC1485'),(620003370,'COMP2965'),(620003370,'BIOC3457');
INSERT INTO Users VALUES (620003371,'Lindsey','Porter','LindseyPorter@gmail.com','PorterLindsey');
INSERT INTO Students VALUES (620003371,'UNDERGRAD','01-01-2020');
INSERT INTO Enrolled (u_id,courseCode) VALUES (620003371,'COMP2541'),(620003371,'INFO2813'),(620003371,'PHYS3339'),(620003371,'COMP2717');
INSERT INTO Users VALUES (620003372,'Joe','Ratterman','JoeRatterman@gmail.com','RattermanJoe');
INSERT INTO Students VALUES (620003372,'UNDERGRAD','01-01-2020');
INSERT INTO Enrolled (u_id,courseCode) VALUES (620003372,'MATH1454'),(620003372,'CHEM2220'),(620003372,'MATH1250'),(620003372,'PHYS1979');
INSERT INTO Users VALUES (620003373,'Bobby','Coleman','BobbyColeman@gmail.com','ColemanBobby');
INSERT INTO Students VALUES (620003373,'UNDERGRAD','01-01-2020');
INSERT INTO Enrolled (u_id,courseCode) VALUES (620003373,'COMP3173'),(620003373,'ECON1230'),(620003373,'INFO3935');
INSERT INTO Users VALUES (620003374,'Joy','Joaquin','JoyJoaquin@gmail.com','JoaquinJoy');
INSERT INTO Students VALUES (620003374,'UNDERGRAD','01-01-2020');
INSERT INTO Enrolled (u_id,courseCode) VALUES (620003374,'BIOC1794'),(620003374,'BIOC1744'),(620003374,'MATH1648'),(620003374,'CHEM2177'),(620003374,'CHEM2697');
INSERT INTO Users VALUES (620003375,'Eugene','Mauk','EugeneMauk@gmail.com','MaukEugene');
INSERT INTO Students VALUES (620003375,'UNDERGRAD','01-01-2020');
INSERT INTO Enrolled (u_id,courseCode) VALUES (620003375,'COMP1573'),(620003375,'CHEM2066'),(620003375,'COMP3639'),(620003375,'COMP3506'),(620003375,'ECON3085');
INSERT INTO Users VALUES (620003376,'Stacy','Charland','StacyCharland@gmail.com','CharlandStacy');
INSERT INTO Students VALUES (620003376,'UNDERGRAD','01-01-2020');
INSERT INTO Enrolled (u_id,courseCode) VALUES (620003376,'COMP2077'),(620003376,'BIOC1052'),(620003376,'CHEM3409'),(620003376,'INFO2813'),(620003376,'BIOC1164');
INSERT INTO Users VALUES (620003377,'Jacqueline','Russ','JacquelineRuss@gmail.com','RussJacqueline');
INSERT INTO Students VALUES (620003377,'UNDERGRAD','01-01-2020');
INSERT INTO Enrolled (u_id,courseCode) VALUES (620003377,'ECON2345'),(620003377,'COMP2080'),(620003377,'ECON3276'),(620003377,'COMP3506'),(620003377,'BIOC1866');
INSERT INTO Users VALUES (620003378,'Keith','Hernandez','KeithHernandez@gmail.com','HernandezKeith');
INSERT INTO Students VALUES (620003378,'UNDERGRAD','01-01-2020');
INSERT INTO Enrolled (u_id,courseCode) VALUES (620003378,'PHYS2667'),(620003378,'MATH3222'),(620003378,'CHEM3617'),(620003378,'MATH1148'),(620003378,'COMP3047'),(620003378,'INFO3636');
INSERT INTO Users VALUES (620003379,'Kirk','Christinsen','KirkChristinsen@gmail.com','ChristinsenKirk');
INSERT INTO Students VALUES (620003379,'UNDERGRAD','01-01-2020');
INSERT INTO Enrolled (u_id,courseCode) VALUES (620003379,'ECON3020'),(620003379,'BIOC3341'),(620003379,'BIOC1104'),(620003379,'INFO2716');
INSERT INTO Users VALUES (620003380,'Carol','Mcclanahan','CarolMcclanahan@gmail.com','McclanahanCarol');
INSERT INTO Students VALUES (620003380,'UNDERGRAD','01-01-2020');
INSERT INTO Enrolled (u_id,courseCode) VALUES (620003380,'MATH3857'),(620003380,'MATH2801'),(620003380,'PHYS3339'),(620003380,'CHEM1807');
INSERT INTO Users VALUES (620003381,'Byron','Shani','ByronShani@gmail.com','ShaniByron');
INSERT INTO Students VALUES (620003381,'UNDERGRAD','01-01-2020');
INSERT INTO Enrolled (u_id,courseCode) VALUES (620003381,'COMP2080'),(620003381,'ECON3372'),(620003381,'BIOC2054'),(620003381,'BIOC1104'),(620003381,'CHEM2066');
INSERT INTO Users VALUES (620003382,'Ruby','Casteel','RubyCasteel@gmail.com','CasteelRuby');
INSERT INTO Students VALUES (620003382,'UNDERGRAD','01-01-2020');
INSERT INTO Enrolled (u_id,courseCode) VALUES (620003382,'BIOC1164'),(620003382,'BIOC3191'),(620003382,'MATH1148'),(620003382,'MATH2801'),(620003382,'INFO3603'),(620003382,'CHEM3347');
INSERT INTO Users VALUES (620003383,'Stanley','Mejias','StanleyMejias@gmail.com','MejiasStanley');
INSERT INTO Students VALUES (620003383,'UNDERGRAD','01-01-2020');
INSERT INTO Enrolled (u_id,courseCode) VALUES (620003383,'CHEM2626'),(620003383,'INFO1447'),(620003383,'COMP3536'),(620003383,'ECON1561'),(620003383,'CHEM2177');
INSERT INTO Users VALUES (620003384,'Walter','Prince','WalterPrince@gmail.com','PrinceWalter');
INSERT INTO Students VALUES (620003384,'UNDERGRAD','01-01-2020');
INSERT INTO Enrolled (u_id,courseCode) VALUES (620003384,'COMP2080'),(620003384,'COMP3238'),(620003384,'PHYS3290'),(620003384,'PHYS1399'),(620003384,'ECON1783'),(620003384,'ECON1098');
INSERT INTO Users VALUES (620003385,'Neal','Horth','NealHorth@gmail.com','HorthNeal');
INSERT INTO Students VALUES (620003385,'UNDERGRAD','01-01-2020');
INSERT INTO Enrolled (u_id,courseCode) VALUES (620003385,'CHEM2727'),(620003385,'MATH1735'),(620003385,'CHEM2697'),(620003385,'MATH3029'),(620003385,'ECON2387');
INSERT INTO Users VALUES (620003386,'Christine','Meisner','ChristineMeisner@gmail.com','MeisnerChristine');
INSERT INTO Students VALUES (620003386,'UNDERGRAD','01-01-2020');
INSERT INTO Enrolled (u_id,courseCode) VALUES (620003386,'PHYS1173'),(620003386,'INFO1648'),(620003386,'BIOC2671'),(620003386,'ECON2387'),(620003386,'INFO2213'),(620003386,'INFO3645');
INSERT INTO Users VALUES (620003387,'Suzanne','Vargas','SuzanneVargas@gmail.com','VargasSuzanne');
INSERT INTO Students VALUES (620003387,'UNDERGRAD','01-01-2020');
INSERT INTO Enrolled (u_id,courseCode) VALUES (620003387,'CHEM2626'),(620003387,'CHEM3888'),(620003387,'CHEM2065'),(620003387,'CHEM1494');
INSERT INTO Users VALUES (620003388,'Linda','Cardona','LindaCardona@gmail.com','CardonaLinda');
INSERT INTO Students VALUES (620003388,'UNDERGRAD','01-01-2020');
INSERT INTO Enrolled (u_id,courseCode) VALUES (620003388,'COMP2717'),(620003388,'ECON3372'),(620003388,'MATH2717');
INSERT INTO Users VALUES (620003389,'Carol','Ratterman','CarolRatterman@gmail.com','RattermanCarol');
INSERT INTO Students VALUES (620003389,'UNDERGRAD','01-01-2020');
INSERT INTO Enrolled (u_id,courseCode) VALUES (620003389,'MATH1262'),(620003389,'CHEM2867'),(620003389,'INFO3636');
INSERT INTO Users VALUES (620003390,'Kim','Richardson','KimRichardson@gmail.com','RichardsonKim');
INSERT INTO Students VALUES (620003390,'UNDERGRAD','01-01-2020');
INSERT INTO Enrolled (u_id,courseCode) VALUES (620003390,'ECON3228'),(620003390,'COMP2965'),(620003390,'COMP3697'),(620003390,'CHEM3347');
INSERT INTO Users VALUES (620003391,'Stanley','Gaffney','StanleyGaffney@gmail.com','GaffneyStanley');
INSERT INTO Students VALUES (620003391,'UNDERGRAD','01-01-2020');
INSERT INTO Enrolled (u_id,courseCode) VALUES (620003391,'CHEM3793'),(620003391,'ECON3020'),(620003391,'INFO2716'),(620003391,'CHEM2697'),(620003391,'BIOC2550'),(620003391,'INFO2147');
INSERT INTO Users VALUES (620003392,'Delmar','Steere','DelmarSteere@gmail.com','SteereDelmar');
INSERT INTO Students VALUES (620003392,'UNDERGRAD','01-01-2020');
INSERT INTO Enrolled (u_id,courseCode) VALUES (620003392,'PHYS2667'),(620003392,'INFO2860'),(620003392,'INFO2636'),(620003392,'COMP1867');
INSERT INTO Users VALUES (620003393,'Derek','Rivera','DerekRivera@gmail.com','RiveraDerek');
INSERT INTO Students VALUES (620003393,'UNDERGRAD','01-01-2020');
INSERT INTO Enrolled (u_id,courseCode) VALUES (620003393,'INFO1833'),(620003393,'CHEM3327'),(620003393,'CHEM3888');
INSERT INTO Users VALUES (620003394,'Taylor','Burch','TaylorBurch@gmail.com','BurchTaylor');
INSERT INTO Students VALUES (620003394,'UNDERGRAD','01-01-2020');
INSERT INTO Enrolled (u_id,courseCode) VALUES (620003394,'ECON3447'),(620003394,'INFO1145'),(620003394,'PHYS3876');
INSERT INTO Users VALUES (620003395,'Bryan','Prince','BryanPrince@gmail.com','PrinceBryan');
INSERT INTO Students VALUES (620003395,'UNDERGRAD','01-01-2020');
INSERT INTO Enrolled (u_id,courseCode) VALUES (620003395,'ECON3020'),(620003395,'MATH3613'),(620003395,'ECON3281'),(620003395,'COMP3849'),(620003395,'ECON1458'),(620003395,'COMP3418');
INSERT INTO Users VALUES (620003396,'Francis','Christenberry','FrancisChristenberry@gmail.com','ChristenberryFrancis');
INSERT INTO Students VALUES (620003396,'UNDERGRAD','01-01-2020');
INSERT INTO Enrolled (u_id,courseCode) VALUES (620003396,'INFO3636'),(620003396,'COMP1184'),(620003396,'INFO1145'),(620003396,'BIOC2054'),(620003396,'BIOC1910');
INSERT INTO Users VALUES (620003397,'Georgie','Waugh','GeorgieWaugh@gmail.com','WaughGeorgie');
INSERT INTO Students VALUES (620003397,'UNDERGRAD','01-01-2020');
INSERT INTO Enrolled (u_id,courseCode) VALUES (620003397,'INFO3935'),(620003397,'PHYS2338'),(620003397,'ECON3523'),(620003397,'COMP3047'),(620003397,'BIOC3457'),(620003397,'PHYS3876');
INSERT INTO Users VALUES (620003398,'Don','Deen','DonDeen@gmail.com','DeenDon');
INSERT INTO Students VALUES (620003398,'UNDERGRAD','01-01-2020');
INSERT INTO Enrolled (u_id,courseCode) VALUES (620003398,'CHEM2604'),(620003398,'COMP1460'),(620003398,'MATH1638'),(620003398,'COMP1543');
INSERT INTO Users VALUES (620003399,'Dwayne','Orchard','DwayneOrchard@gmail.com','OrchardDwayne');
INSERT INTO Students VALUES (620003399,'UNDERGRAD','01-01-2020');
INSERT INTO Enrolled (u_id,courseCode) VALUES (620003399,'MATH2873'),(620003399,'ECON1458'),(620003399,'BIOC2054');
INSERT INTO Users VALUES (620003400,'Traci','Terry','TraciTerry@gmail.com','TerryTraci');
INSERT INTO Students VALUES (620003400,'UNDERGRAD','01-01-2020');
INSERT INTO Enrolled (u_id,courseCode) VALUES (620003400,'CHEM1494'),(620003400,'PHYS1993'),(620003400,'ECON3276'),(620003400,'ECON3228');
INSERT INTO Users VALUES (620003401,'Colin','Calloway','ColinCalloway@gmail.com','CallowayColin');
INSERT INTO Students VALUES (620003401,'UNDERGRAD','01-01-2020');
INSERT INTO Enrolled (u_id,courseCode) VALUES (620003401,'PHYS3052'),(620003401,'INFO2636'),(620003401,'PHYS3464'),(620003401,'CHEM2065');
INSERT INTO Users VALUES (620003402,'Jeanna','Carlson','JeannaCarlson@gmail.com','CarlsonJeanna');
INSERT INTO Students VALUES (620003402,'UNDERGRAD','01-01-2020');
INSERT INTO Enrolled (u_id,courseCode) VALUES (620003402,'COMP3849'),(620003402,'PHYS1140'),(620003402,'PHYS1930'),(620003402,'ECON1170');
INSERT INTO Users VALUES (620003403,'Miss','Rankin','MissRankin@gmail.com','RankinMiss');
INSERT INTO Students VALUES (620003403,'UNDERGRAD','01-01-2020');
INSERT INTO Enrolled (u_id,courseCode) VALUES (620003403,'INFO1014'),(620003403,'MATH1972'),(620003403,'BIOC3457'),(620003403,'ECON2722'),(620003403,'ECON2703'),(620003403,'MATH3029');
INSERT INTO Users VALUES (620003404,'Milton','Collins','MiltonCollins@gmail.com','CollinsMilton');
INSERT INTO Students VALUES (620003404,'UNDERGRAD','01-01-2020');
INSERT INTO Enrolled (u_id,courseCode) VALUES (620003404,'BIOC3457'),(620003404,'INFO2813'),(620003404,'BIOC2589'),(620003404,'MATH2555'),(620003404,'MATH1735'),(620003404,'ECON1589');
INSERT INTO Users VALUES (620003405,'Hazel','Aybar','HazelAybar@gmail.com','AybarHazel');
INSERT INTO Students VALUES (620003405,'UNDERGRAD','01-01-2020');
INSERT INTO Enrolled (u_id,courseCode) VALUES (620003405,'BIOC1164'),(620003405,'CHEM3747'),(620003405,'PHYS3354'),(620003405,'COMP3418'),(620003405,'ECON1230'),(620003405,'PHYS2306');
INSERT INTO Users VALUES (620003406,'Ed','Granado','EdGranado@gmail.com','GranadoEd');
INSERT INTO Students VALUES (620003406,'UNDERGRAD','01-01-2020');
INSERT INTO Enrolled (u_id,courseCode) VALUES (620003406,'ECON3989'),(620003406,'MATH3179'),(620003406,'BIOC3191');
INSERT INTO Users VALUES (620003407,'Cleveland','Avery','ClevelandAvery@gmail.com','AveryCleveland');
INSERT INTO Students VALUES (620003407,'UNDERGRAD','01-01-2020');
INSERT INTO Enrolled (u_id,courseCode) VALUES (620003407,'COMP3167'),(620003407,'CHEM3409'),(620003407,'ECON3276'),(620003407,'COMP2400'),(620003407,'INFO2213'),(620003407,'PHYS2113');
INSERT INTO Users VALUES (620003408,'Marshall','Quintero','MarshallQuintero@gmail.com','QuinteroMarshall');
INSERT INTO Students VALUES (620003408,'UNDERGRAD','01-01-2020');
INSERT INTO Enrolled (u_id,courseCode) VALUES (620003408,'PHYS3464'),(620003408,'PHYS1399'),(620003408,'MATH2555');
INSERT INTO Users VALUES (620003409,'Jonathan','Jeanbaptiste','JonathanJeanbaptiste@gmail.com','JeanbaptisteJonathan');
INSERT INTO Students VALUES (620003409,'UNDERGRAD','01-01-2020');
INSERT INTO Enrolled (u_id,courseCode) VALUES (620003409,'BIOC1485'),(620003409,'BIOC2054'),(620003409,'PHYS2451');
INSERT INTO Users VALUES (620003410,'Jewell','Vanhamlin','JewellVanhamlin@gmail.com','VanhamlinJewell');
INSERT INTO Students VALUES (620003410,'UNDERGRAD','01-01-2020');
INSERT INTO Enrolled (u_id,courseCode) VALUES (620003410,'MATH1262'),(620003410,'INFO1242'),(620003410,'ECON3737');
INSERT INTO Users VALUES (620003411,'Rick','Barnett','RickBarnett@gmail.com','BarnettRick');
INSERT INTO Students VALUES (620003411,'UNDERGRAD','01-01-2020');
INSERT INTO Enrolled (u_id,courseCode) VALUES (620003411,'ECON1783'),(620003411,'INFO3935'),(620003411,'ECON2345'),(620003411,'CHEM1340'),(620003411,'PHYS1993'),(620003411,'PHYS1979');
INSERT INTO Users VALUES (620003412,'Barbara','Felipe','BarbaraFelipe@gmail.com','FelipeBarbara');
INSERT INTO Students VALUES (620003412,'UNDERGRAD','01-01-2020');
INSERT INTO Enrolled (u_id,courseCode) VALUES (620003412,'MATH2957'),(620003412,'COMP1357'),(620003412,'CHEM2446'),(620003412,'COMP2080'),(620003412,'MATH1638'),(620003412,'COMP1184');
INSERT INTO Users VALUES (620003413,'Danielle','Lyford','DanielleLyford@gmail.com','LyfordDanielle');
INSERT INTO Students VALUES (620003413,'UNDERGRAD','01-01-2020');
INSERT INTO Enrolled (u_id,courseCode) VALUES (620003413,'INFO2860'),(620003413,'BIOC1910'),(620003413,'PHYS2451');
INSERT INTO Users VALUES (620003414,'Madaline','Carrillo','MadalineCarrillo@gmail.com','CarrilloMadaline');
INSERT INTO Students VALUES (620003414,'UNDERGRAD','01-01-2020');
INSERT INTO Enrolled (u_id,courseCode) VALUES (620003414,'ECON1561'),(620003414,'COMP1051'),(620003414,'BIOC2054'),(620003414,'PHYS1979'),(620003414,'PHYS2563'),(620003414,'ECON1783');
INSERT INTO Users VALUES (620003415,'Luella','Estrada','LuellaEstrada@gmail.com','EstradaLuella');
INSERT INTO Students VALUES (620003415,'UNDERGRAD','01-01-2020');
INSERT INTO Enrolled (u_id,courseCode) VALUES (620003415,'COMP3238'),(620003415,'CHEM2626'),(620003415,'CHEM2031'),(620003415,'COMP3167'),(620003415,'MATH3209');
INSERT INTO Users VALUES (620003416,'Catherine','Pedersen','CatherinePedersen@gmail.com','PedersenCatherine');
INSERT INTO Students VALUES (620003416,'UNDERGRAD','01-01-2020');
INSERT INTO Enrolled (u_id,courseCode) VALUES (620003416,'COMP1543'),(620003416,'PHYS2667'),(620003416,'BIOC1485');
INSERT INTO Users VALUES (620003417,'Cynthia','Garrett','CynthiaGarrett@gmail.com','GarrettCynthia');
INSERT INTO Students VALUES (620003417,'UNDERGRAD','01-01-2020');
INSERT INTO Enrolled (u_id,courseCode) VALUES (620003417,'INFO1447'),(620003417,'INFO2213'),(620003417,'INFO1242'),(620003417,'MATH3029'),(620003417,'CHEM1807');
INSERT INTO Users VALUES (620003418,'Kasey','Terry','KaseyTerry@gmail.com','TerryKasey');
INSERT INTO Students VALUES (620003418,'UNDERGRAD','01-01-2020');
INSERT INTO Enrolled (u_id,courseCode) VALUES (620003418,'ECON1645'),(620003418,'CHEM2065'),(620003418,'INFO1833'),(620003418,'MATH3029');
INSERT INTO Users VALUES (620003419,'Lori','Stovall','LoriStovall@gmail.com','StovallLori');
INSERT INTO Students VALUES (620003419,'UNDERGRAD','01-01-2020');
INSERT INTO Enrolled (u_id,courseCode) VALUES (620003419,'COMP1357'),(620003419,'PHYS3464'),(620003419,'PHYS1140'),(620003419,'ECON1645');
INSERT INTO Users VALUES (620003420,'Flora','Rankin','FloraRankin@gmail.com','RankinFlora');
INSERT INTO Students VALUES (620003420,'UNDERGRAD','01-01-2020');
INSERT INTO Enrolled (u_id,courseCode) VALUES (620003420,'MATH1148'),(620003420,'CHEM2481'),(620003420,'COMP1184'),(620003420,'COMP1357'),(620003420,'BIOC3230');
INSERT INTO Users VALUES (620003421,'Daisy','Mccarthy','DaisyMccarthy@gmail.com','MccarthyDaisy');
INSERT INTO Students VALUES (620003421,'UNDERGRAD','01-01-2020');
INSERT INTO Enrolled (u_id,courseCode) VALUES (620003421,'COMP2077'),(620003421,'PHYS2451'),(620003421,'BIOC1052'),(620003421,'CHEM2065');
INSERT INTO Users VALUES (620003422,'Keith','Jefferson','KeithJefferson@gmail.com','JeffersonKeith');
INSERT INTO Students VALUES (620003422,'UNDERGRAD','01-01-2020');
INSERT INTO Enrolled (u_id,courseCode) VALUES (620003422,'MATH3857'),(620003422,'BIOC1744'),(620003422,'MATH3173'),(620003422,'BIOC2671');
INSERT INTO Users VALUES (620003423,'Vickie','Terry','VickieTerry@gmail.com','TerryVickie');
INSERT INTO Students VALUES (620003423,'UNDERGRAD','01-01-2020');
INSERT INTO Enrolled (u_id,courseCode) VALUES (620003423,'CHEM3617'),(620003423,'ECON3447'),(620003423,'PHYS2338'),(620003423,'INFO3645'),(620003423,'BIOC3721'),(620003423,'CHEM2065');
INSERT INTO Users VALUES (620003424,'Byron','Maione','ByronMaione@gmail.com','MaioneByron');
INSERT INTO Students VALUES (620003424,'UNDERGRAD','01-01-2020');
INSERT INTO Enrolled (u_id,courseCode) VALUES (620003424,'ECON1170'),(620003424,'MATH1148'),(620003424,'ECON2722'),(620003424,'CHEM2797'),(620003424,'CHEM2220'),(620003424,'ECON2703');
INSERT INTO Users VALUES (620003425,'Denise','Shani','DeniseShani@gmail.com','ShaniDenise');
INSERT INTO Students VALUES (620003425,'UNDERGRAD','01-01-2020');
INSERT INTO Enrolled (u_id,courseCode) VALUES (620003425,'MATH3059'),(620003425,'ECON3288'),(620003425,'COMP2717'),(620003425,'INFO2811'),(620003425,'PHYS2448'),(620003425,'INFO2950');
INSERT INTO Users VALUES (620003426,'Elmer','Brown','ElmerBrown@gmail.com','BrownElmer');
INSERT INTO Students VALUES (620003426,'UNDERGRAD','01-01-2020');
INSERT INTO Enrolled (u_id,courseCode) VALUES (620003426,'MATH2801'),(620003426,'PHYS3052'),(620003426,'CHEM2797'),(620003426,'PHYS2229'),(620003426,'PHYS2306');
INSERT INTO Users VALUES (620003427,'Bryon','Boyer','BryonBoyer@gmail.com','BoyerBryon');
INSERT INTO Students VALUES (620003427,'UNDERGRAD','01-01-2020');
INSERT INTO Enrolled (u_id,courseCode) VALUES (620003427,'MATH2501'),(620003427,'BIOC2983'),(620003427,'PHYS3052'),(620003427,'ECON1589'),(620003427,'INFO2559');
INSERT INTO Users VALUES (620003428,'Peggy','Coleman','PeggyColeman@gmail.com','ColemanPeggy');
INSERT INTO Students VALUES (620003428,'UNDERGRAD','01-01-2020');
INSERT INTO Enrolled (u_id,courseCode) VALUES (620003428,'BIOC1534'),(620003428,'COMP3173'),(620003428,'CHEM1494'),(620003428,'MATH2957'),(620003428,'MATH1454'),(620003428,'PHYS2117');
INSERT INTO Users VALUES (620003429,'Vickie','Rodriguez','VickieRodriguez@gmail.com','RodriguezVickie');
INSERT INTO Students VALUES (620003429,'UNDERGRAD','01-01-2020');
INSERT INTO Enrolled (u_id,courseCode) VALUES (620003429,'BIOC2589'),(620003429,'MATH2873'),(620003429,'CHEM2005'),(620003429,'BIOC2671');
INSERT INTO Users VALUES (620003430,'Marie','Griffitts','MarieGriffitts@gmail.com','GriffittsMarie');
INSERT INTO Students VALUES (620003430,'UNDERGRAD','01-01-2020');
INSERT INTO Enrolled (u_id,courseCode) VALUES (620003430,'BIOC2550'),(620003430,'BIOC1448'),(620003430,'BIOC2054'),(620003430,'PHYS1140'),(620003430,'CHEM1485');
INSERT INTO Users VALUES (620003431,'Gabriel','Monte','GabrielMonte@gmail.com','MonteGabriel');
INSERT INTO Students VALUES (620003431,'UNDERGRAD','01-01-2020');
INSERT INTO Enrolled (u_id,courseCode) VALUES (620003431,'ECON1561'),(620003431,'MATH3179'),(620003431,'MATH3222');
INSERT INTO Users VALUES (620003432,'Bobby','Saunders','BobbySaunders@gmail.com','SaundersBobby');
INSERT INTO Students VALUES (620003432,'UNDERGRAD','01-01-2020');
INSERT INTO Enrolled (u_id,courseCode) VALUES (620003432,'MATH3844'),(620003432,'BIOC1485'),(620003432,'COMP3746');
INSERT INTO Users VALUES (620003433,'Charlotte','Moore','CharlotteMoore@gmail.com','MooreCharlotte');
INSERT INTO Students VALUES (620003433,'UNDERGRAD','01-01-2020');
INSERT INTO Enrolled (u_id,courseCode) VALUES (620003433,'PHYS2306'),(620003433,'ECON3228'),(620003433,'MATH3222'),(620003433,'MATH1648'),(620003433,'COMP3849');
INSERT INTO Users VALUES (620003434,'Leticia','Petty','LeticiaPetty@gmail.com','PettyLeticia');
INSERT INTO Students VALUES (620003434,'UNDERGRAD','01-01-2020');
INSERT INTO Enrolled (u_id,courseCode) VALUES (620003434,'INFO3868'),(620003434,'COMP3697'),(620003434,'COMP3047'),(620003434,'BIOC1794'),(620003434,'ECON3004');
INSERT INTO Users VALUES (620003435,'Cassie','Avery','CassieAvery@gmail.com','AveryCassie');
INSERT INTO Students VALUES (620003435,'UNDERGRAD','01-01-2020');
INSERT INTO Enrolled (u_id,courseCode) VALUES (620003435,'PHYS3290'),(620003435,'ECON3004'),(620003435,'CHEM2065');
INSERT INTO Users VALUES (620003436,'Dwight','Howe','DwightHowe@gmail.com','HoweDwight');
INSERT INTO Students VALUES (620003436,'UNDERGRAD','01-01-2020');
INSERT INTO Enrolled (u_id,courseCode) VALUES (620003436,'COMP1573'),(620003436,'INFO1825'),(620003436,'CHEM2626');
INSERT INTO Users VALUES (620003437,'Katherine','Robles','KatherineRobles@gmail.com','RoblesKatherine');
INSERT INTO Students VALUES (620003437,'UNDERGRAD','01-01-2020');
INSERT INTO Enrolled (u_id,courseCode) VALUES (620003437,'PHYS3729'),(620003437,'INFO2716'),(620003437,'INFO3636');
INSERT INTO Users VALUES (620003438,'Rosa','Brickey','RosaBrickey@gmail.com','BrickeyRosa');
INSERT INTO Students VALUES (620003438,'UNDERGRAD','01-01-2020');
INSERT INTO Enrolled (u_id,courseCode) VALUES (620003438,'ECON1458'),(620003438,'ECON3550'),(620003438,'MATH3688'),(620003438,'ECON2722'),(620003438,'ECON3288'),(620003438,'INFO3603');
INSERT INTO Users VALUES (620003439,'Rebecca','Vanhamlin','RebeccaVanhamlin@gmail.com','VanhamlinRebecca');
INSERT INTO Students VALUES (620003439,'UNDERGRAD','01-01-2020');
INSERT INTO Enrolled (u_id,courseCode) VALUES (620003439,'COMP3849'),(620003439,'MATH1250'),(620003439,'CHEM3347'),(620003439,'ECON3281'),(620003439,'INFO2636'),(620003439,'CHEM3614');
INSERT INTO Users VALUES (620003440,'Chris','Laramee','ChrisLaramee@gmail.com','LarameeChris');
INSERT INTO Students VALUES (620003440,'UNDERGRAD','01-01-2020');
INSERT INTO Enrolled (u_id,courseCode) VALUES (620003440,'MATH3544'),(620003440,'MATH1735'),(620003440,'PHYS1993'),(620003440,'MATH2717');
INSERT INTO Users VALUES (620003441,'Magdalen','Brown','MagdalenBrown@gmail.com','BrownMagdalen');
INSERT INTO Students VALUES (620003441,'UNDERGRAD','01-01-2020');
INSERT INTO Enrolled (u_id,courseCode) VALUES (620003441,'CHEM3888'),(620003441,'COMP1184'),(620003441,'BIOC1485');
INSERT INTO Users VALUES (620003442,'Tia','Stovall','TiaStovall@gmail.com','StovallTia');
INSERT INTO Students VALUES (620003442,'UNDERGRAD','01-01-2020');
INSERT INTO Enrolled (u_id,courseCode) VALUES (620003442,'PHYS2238'),(620003442,'MATH1638'),(620003442,'ECON1230');
INSERT INTO Users VALUES (620003443,'Kathy','Crites','KathyCrites@gmail.com','CritesKathy');
INSERT INTO Students VALUES (620003443,'UNDERGRAD','01-01-2020');
INSERT INTO Enrolled (u_id,courseCode) VALUES (620003443,'COMP3084'),(620003443,'MATH3688'),(620003443,'ECON1589'),(620003443,'ECON1498'),(620003443,'BIOC1866');
INSERT INTO Users VALUES (620003444,'Wanda','Henderson','WandaHenderson@gmail.com','HendersonWanda');
INSERT INTO Students VALUES (620003444,'UNDERGRAD','01-01-2020');
INSERT INTO Enrolled (u_id,courseCode) VALUES (620003444,'INFO1990'),(620003444,'PHYS2667'),(620003444,'MATH3059'),(620003444,'ECON3228'),(620003444,'INFO3935');
INSERT INTO Users VALUES (620003445,'Cassie','Gillman','CassieGillman@gmail.com','GillmanCassie');
INSERT INTO Students VALUES (620003445,'UNDERGRAD','01-01-2020');
INSERT INTO Enrolled (u_id,courseCode) VALUES (620003445,'MATH2717'),(620003445,'COMP3167'),(620003445,'INFO2270'),(620003445,'ECON1783');
INSERT INTO Users VALUES (620003446,'Kenneth','Eaton','KennethEaton@gmail.com','EatonKenneth');
INSERT INTO Students VALUES (620003446,'UNDERGRAD','01-01-2020');
INSERT INTO Enrolled (u_id,courseCode) VALUES (620003446,'COMP3173'),(620003446,'BIOC3230'),(620003446,'ECON1783'),(620003446,'MATH1735'),(620003446,'BIOC1598');
INSERT INTO Users VALUES (620003447,'Robert','Ryan','RobertRyan@gmail.com','RyanRobert');
INSERT INTO Students VALUES (620003447,'UNDERGRAD','01-01-2020');
INSERT INTO Enrolled (u_id,courseCode) VALUES (620003447,'INFO2860'),(620003447,'CHEM1340'),(620003447,'BIOC3604'),(620003447,'PHYS1979'),(620003447,'BIOC2981');
INSERT INTO Users VALUES (620003448,'Wayne','Burch','WayneBurch@gmail.com','BurchWayne');
INSERT INTO Students VALUES (620003448,'UNDERGRAD','01-01-2020');
INSERT INTO Enrolled (u_id,courseCode) VALUES (620003448,'CHEM1613'),(620003448,'INFO2337'),(620003448,'MATH3209'),(620003448,'ECON3004'),(620003448,'INFO1648'),(620003448,'MATH1309');
INSERT INTO Users VALUES (620003449,'Vickie','Vanwyck','VickieVanwyck@gmail.com','VanwyckVickie');
INSERT INTO Students VALUES (620003449,'UNDERGRAD','01-01-2020');
INSERT INTO Enrolled (u_id,courseCode) VALUES (620003449,'CHEM2031'),(620003449,'COMP2400'),(620003449,'COMP2541'),(620003449,'COMP1051'),(620003449,'COMP2077'),(620003449,'COMP2965');
INSERT INTO Users VALUES (620003450,'Wayne','Calloway','WayneCalloway@gmail.com','CallowayWayne');
INSERT INTO Students VALUES (620003450,'UNDERGRAD','01-01-2020');
INSERT INTO Enrolled (u_id,courseCode) VALUES (620003450,'COMP3697'),(620003450,'MATH1735'),(620003450,'INFO2559'),(620003450,'INFO2147');
INSERT INTO Users VALUES (620003451,'Tia','Jeanbaptiste','TiaJeanbaptiste@gmail.com','JeanbaptisteTia');
INSERT INTO Students VALUES (620003451,'UNDERGRAD','01-01-2020');
INSERT INTO Enrolled (u_id,courseCode) VALUES (620003451,'ECON3523'),(620003451,'PHYS3686'),(620003451,'BIOC2671'),(620003451,'BIOC2983');
INSERT INTO Users VALUES (620003452,'Cristina','Letchworth','CristinaLetchworth@gmail.com','LetchworthCristina');
INSERT INTO Students VALUES (620003452,'UNDERGRAD','01-01-2020');
INSERT INTO Enrolled (u_id,courseCode) VALUES (620003452,'PHYS3659'),(620003452,'MATH3173'),(620003452,'PHYS1930'),(620003452,'CHEM2604');
INSERT INTO Users VALUES (620003453,'Willard','Cannon','WillardCannon@gmail.com','CannonWillard');
INSERT INTO Students VALUES (620003453,'UNDERGRAD','01-01-2020');
INSERT INTO Enrolled (u_id,courseCode) VALUES (620003453,'INFO3868'),(620003453,'INFO2813'),(620003453,'INFO2950'),(620003453,'ECON3020'),(620003453,'CHEM3617'),(620003453,'CHEM2177');
INSERT INTO Users VALUES (620003454,'Frances','Wesley','FrancesWesley@gmail.com','WesleyFrances');
INSERT INTO Students VALUES (620003454,'UNDERGRAD','01-01-2020');
INSERT INTO Enrolled (u_id,courseCode) VALUES (620003454,'COMP1573'),(620003454,'COMP2717'),(620003454,'PHYS3787'),(620003454,'BIOC3230'),(620003454,'PHYS2338');
INSERT INTO Users VALUES (620003455,'Karen','Nelson','KarenNelson@gmail.com','NelsonKaren');
INSERT INTO Students VALUES (620003455,'UNDERGRAD','01-01-2020');
INSERT INTO Enrolled (u_id,courseCode) VALUES (620003455,'ECON1645'),(620003455,'COMP2077'),(620003455,'COMP2717');
INSERT INTO Users VALUES (620003456,'Rebecca','Eubank','RebeccaEubank@gmail.com','EubankRebecca');
INSERT INTO Students VALUES (620003456,'UNDERGRAD','01-01-2020');
INSERT INTO Enrolled (u_id,courseCode) VALUES (620003456,'PHYS1979'),(620003456,'PHYS2117'),(620003456,'CHEM2604'),(620003456,'PHYS1930'),(620003456,'COMP1357');
INSERT INTO Users VALUES (620003457,'Janice','Jesse','JaniceJesse@gmail.com','JesseJanice');
INSERT INTO Students VALUES (620003457,'UNDERGRAD','01-01-2020');
INSERT INTO Enrolled (u_id,courseCode) VALUES (620003457,'ECON3276'),(620003457,'PHYS2306'),(620003457,'CHEM2481'),(620003457,'COMP2361');
INSERT INTO Users VALUES (620003458,'Danielle','Dahlheimer','DanielleDahlheimer@gmail.com','DahlheimerDanielle');
INSERT INTO Students VALUES (620003458,'UNDERGRAD','01-01-2020');
INSERT INTO Enrolled (u_id,courseCode) VALUES (620003458,'PHYS1930'),(620003458,'MATH3613'),(620003458,'INFO1145'),(620003458,'MATH2801');
INSERT INTO Users VALUES (620003459,'Gloria','Jeanbaptiste','GloriaJeanbaptiste@gmail.com','JeanbaptisteGloria');
INSERT INTO Students VALUES (620003459,'UNDERGRAD','01-01-2020');
INSERT INTO Enrolled (u_id,courseCode) VALUES (620003459,'BIOC3604'),(620003459,'PHYS3686'),(620003459,'PHYS3339'),(620003459,'ECON3737'),(620003459,'PHYS2338'),(620003459,'MATH1262');
INSERT INTO Users VALUES (620003460,'Warren','Hunt','WarrenHunt@gmail.com','HuntWarren');
INSERT INTO Students VALUES (620003460,'UNDERGRAD','01-01-2020');
INSERT INTO Enrolled (u_id,courseCode) VALUES (620003460,'COMP1460'),(620003460,'PHYS2306'),(620003460,'ECON3372'),(620003460,'PHYS3354');
INSERT INTO Users VALUES (620003461,'Timothy','Wurdeman','TimothyWurdeman@gmail.com','WurdemanTimothy');
INSERT INTO Students VALUES (620003461,'UNDERGRAD','01-01-2020');
INSERT INTO Enrolled (u_id,courseCode) VALUES (620003461,'BIOC2550'),(620003461,'MATH2067'),(620003461,'INFO2860'),(620003461,'COMP3238'),(620003461,'PHYS2306'),(620003461,'PHYS2338');
INSERT INTO Users VALUES (620003462,'Sergio','Laudat','SergioLaudat@gmail.com','LaudatSergio');
INSERT INTO Students VALUES (620003462,'UNDERGRAD','01-01-2020');
INSERT INTO Enrolled (u_id,courseCode) VALUES (620003462,'BIOC1866'),(620003462,'MATH2801'),(620003462,'ECON3737'),(620003462,'PHYS2563');
INSERT INTO Users VALUES (620003463,'Paul','Koehn','PaulKoehn@gmail.com','KoehnPaul');
INSERT INTO Students VALUES (620003463,'UNDERGRAD','01-01-2020');
INSERT INTO Enrolled (u_id,courseCode) VALUES (620003463,'CHEM3747'),(620003463,'BIOC2236'),(620003463,'MATH3857');
INSERT INTO Users VALUES (620003464,'Louise','Rankin','LouiseRankin@gmail.com','RankinLouise');
INSERT INTO Students VALUES (620003464,'UNDERGRAD','01-01-2020');
INSERT INTO Enrolled (u_id,courseCode) VALUES (620003464,'MATH1148'),(620003464,'INFO3935'),(620003464,'ECON1996');
INSERT INTO Users VALUES (620003465,'Wanda','Cochran','WandaCochran@gmail.com','CochranWanda');
INSERT INTO Students VALUES (620003465,'UNDERGRAD','01-01-2020');
INSERT INTO Enrolled (u_id,courseCode) VALUES (620003465,'ECON1098'),(620003465,'BIOC2054'),(620003465,'MATH3179'),(620003465,'CHEM2177');
INSERT INTO Users VALUES (620003466,'Jose','Knox','JoseKnox@gmail.com','KnoxJose');
INSERT INTO Students VALUES (620003466,'UNDERGRAD','01-01-2020');
INSERT INTO Enrolled (u_id,courseCode) VALUES (620003466,'PHYS3729'),(620003466,'PHYS3464'),(620003466,'CHEM2149'),(620003466,'CHEM3614');
INSERT INTO Users VALUES (620003467,'Dorcas','Givens','DorcasGivens@gmail.com','GivensDorcas');
INSERT INTO Students VALUES (620003467,'UNDERGRAD','01-01-2020');
INSERT INTO Enrolled (u_id,courseCode) VALUES (620003467,'PHYS3464'),(620003467,'ECON3523'),(620003467,'ECON1170'),(620003467,'COMP3697'),(620003467,'CHEM2065'),(620003467,'ECON1098');
INSERT INTO Users VALUES (620003468,'Dwight','Russ','DwightRuss@gmail.com','RussDwight');
INSERT INTO Students VALUES (620003468,'UNDERGRAD','01-01-2020');
INSERT INTO Enrolled (u_id,courseCode) VALUES (620003468,'MATH2957'),(620003468,'INFO2811'),(620003468,'COMP1543'),(620003468,'MATH3209'),(620003468,'MATH2873'),(620003468,'INFO2559');
INSERT INTO Users VALUES (620003469,'Eunice','Dahlheimer','EuniceDahlheimer@gmail.com','DahlheimerEunice');
INSERT INTO Students VALUES (620003469,'UNDERGRAD','01-01-2020');
INSERT INTO Enrolled (u_id,courseCode) VALUES (620003469,'INFO3935'),(620003469,'MATH2067'),(620003469,'ECON1498'),(620003469,'MATH1735'),(620003469,'INFO1833');
INSERT INTO Users VALUES (620003470,'Brooke','Congdon','BrookeCongdon@gmail.com','CongdonBrooke');
INSERT INTO Students VALUES (620003470,'UNDERGRAD','01-01-2020');
INSERT INTO Enrolled (u_id,courseCode) VALUES (620003470,'MATH3179'),(620003470,'BIOC1744'),(620003470,'INFO3935'),(620003470,'ECON3228'),(620003470,'CHEM1340');
INSERT INTO Users VALUES (620003471,'Dennis','Walley','DennisWalley@gmail.com','WalleyDennis');
INSERT INTO Students VALUES (620003471,'UNDERGRAD','01-01-2020');
INSERT INTO Enrolled (u_id,courseCode) VALUES (620003471,'INFO3868'),(620003471,'BIOC1598'),(620003471,'CHEM2177'),(620003471,'BIOC2671'),(620003471,'MATH2873');
INSERT INTO Users VALUES (620003472,'Dwayne','Wurdeman','DwayneWurdeman@gmail.com','WurdemanDwayne');
INSERT INTO Students VALUES (620003472,'UNDERGRAD','01-01-2020');
INSERT INTO Enrolled (u_id,courseCode) VALUES (620003472,'INFO1014'),(620003472,'ECON3288'),(620003472,'CHEM2626');
INSERT INTO Users VALUES (620003473,'Nicholas','Koehn','NicholasKoehn@gmail.com','KoehnNicholas');
INSERT INTO Students VALUES (620003473,'UNDERGRAD','01-01-2020');
INSERT INTO Enrolled (u_id,courseCode) VALUES (620003473,'MATH1250'),(620003473,'ECON3550'),(620003473,'PHYS1979');
INSERT INTO Users VALUES (620003474,'Ernesto','Lowry','ErnestoLowry@gmail.com','LowryErnesto');
INSERT INTO Students VALUES (620003474,'UNDERGRAD','01-01-2020');
INSERT INTO Enrolled (u_id,courseCode) VALUES (620003474,'BIOC3604'),(620003474,'PHYS2238'),(620003474,'CHEM2481');
INSERT INTO Users VALUES (620003475,'Gordon','Knox','GordonKnox@gmail.com','KnoxGordon');
INSERT INTO Students VALUES (620003475,'UNDERGRAD','01-01-2020');
INSERT INTO Enrolled (u_id,courseCode) VALUES (620003475,'CHEM2177'),(620003475,'PHYS1140'),(620003475,'INFO2270'),(620003475,'ECON1645');
INSERT INTO Users VALUES (620003476,'Jessie','Cummins','JessieCummins@gmail.com','CumminsJessie');
INSERT INTO Students VALUES (620003476,'UNDERGRAD','01-01-2020');
INSERT INTO Enrolled (u_id,courseCode) VALUES (620003476,'PHYS3052'),(620003476,'INFO2521'),(620003476,'COMP3849');
INSERT INTO Users VALUES (620003477,'Brian','Kent','BrianKent@gmail.com','KentBrian');
INSERT INTO Students VALUES (620003477,'UNDERGRAD','01-01-2020');
INSERT INTO Enrolled (u_id,courseCode) VALUES (620003477,'INFO1014'),(620003477,'PHYS2667'),(620003477,'CHEM2031'),(620003477,'COMP3697');
INSERT INTO Users VALUES (620003478,'Daniel','Ratterman','DanielRatterman@gmail.com','RattermanDaniel');
INSERT INTO Students VALUES (620003478,'UNDERGRAD','01-01-2020');
INSERT INTO Enrolled (u_id,courseCode) VALUES (620003478,'CHEM2867'),(620003478,'CHEM3054'),(620003478,'ECON3276'),(620003478,'INFO2213'),(620003478,'CHEM3617'),(620003478,'MATH2957');
INSERT INTO Users VALUES (620003479,'Leo','Truitt','LeoTruitt@gmail.com','TruittLeo');
INSERT INTO Students VALUES (620003479,'UNDERGRAD','01-01-2020');
INSERT INTO Enrolled (u_id,courseCode) VALUES (620003479,'BIOC2236'),(620003479,'BIOC1986'),(620003479,'ECON3372'),(620003479,'PHYS2448'),(620003479,'CHEM3793');
INSERT INTO Users VALUES (620003480,'Magdalen','Hunt','MagdalenHunt@gmail.com','HuntMagdalen');
INSERT INTO Students VALUES (620003480,'UNDERGRAD','01-01-2020');
INSERT INTO Enrolled (u_id,courseCode) VALUES (620003480,'COMP2651'),(620003480,'BIOC1598'),(620003480,'MATH2717');
INSERT INTO Users VALUES (620003481,'Eugene','Nunn','EugeneNunn@gmail.com','NunnEugene');
INSERT INTO Students VALUES (620003481,'UNDERGRAD','01-01-2020');
INSERT INTO Enrolled (u_id,courseCode) VALUES (620003481,'CHEM2727'),(620003481,'CHEM1613'),(620003481,'INFO3636'),(620003481,'CHEM2446'),(620003481,'INFO1288'),(620003481,'COMP3536');
INSERT INTO Users VALUES (620003482,'Jose','Pearson','JosePearson@gmail.com','PearsonJose');
INSERT INTO Students VALUES (620003482,'UNDERGRAD','01-01-2020');
INSERT INTO Enrolled (u_id,courseCode) VALUES (620003482,'MATH3029'),(620003482,'COMP1184'),(620003482,'CHEM2220'),(620003482,'COMP3167'),(620003482,'BIOC3721'),(620003482,'COMP3506');
INSERT INTO Users VALUES (620003483,'Antwan','Noonan','AntwanNoonan@gmail.com','NoonanAntwan');
INSERT INTO Students VALUES (620003483,'UNDERGRAD','01-01-2020');
INSERT INTO Enrolled (u_id,courseCode) VALUES (620003483,'INFO2811'),(620003483,'CHEM3888'),(620003483,'BIOC1052'),(620003483,'COMP2361'),(620003483,'CHEM2066');
INSERT INTO Users VALUES (620003484,'Willard','Danker','WillardDanker@gmail.com','DankerWillard');
INSERT INTO Students VALUES (620003484,'UNDERGRAD','01-01-2020');
INSERT INTO Enrolled (u_id,courseCode) VALUES (620003484,'BIOC1744'),(620003484,'COMP1867'),(620003484,'BIOC2589'),(620003484,'ECON3281'),(620003484,'MATH3544');
INSERT INTO Users VALUES (620003485,'Nicholas','Krout','NicholasKrout@gmail.com','KroutNicholas');
INSERT INTO Students VALUES (620003485,'UNDERGRAD','01-01-2020');
INSERT INTO Enrolled (u_id,courseCode) VALUES (620003485,'MATH3544'),(620003485,'BIOC1744'),(620003485,'PHYS1993'),(620003485,'CHEM1807'),(620003485,'CHEM3888');
INSERT INTO Users VALUES (620003486,'Katherine','Oswalt','KatherineOswalt@gmail.com','OswaltKatherine');
INSERT INTO Students VALUES (620003486,'UNDERGRAD','01-01-2020');
INSERT INTO Enrolled (u_id,courseCode) VALUES (620003486,'COMP3238'),(620003486,'PHYS2977'),(620003486,'PHYS1173'),(620003486,'ECON1458');
INSERT INTO Users VALUES (620003487,'Diane','Mccarthy','DianeMccarthy@gmail.com','MccarthyDiane');
INSERT INTO Students VALUES (620003487,'UNDERGRAD','01-01-2020');
INSERT INTO Enrolled (u_id,courseCode) VALUES (620003487,'BIOC3341'),(620003487,'ECON3372'),(620003487,'PHYS2229'),(620003487,'COMP3536');
INSERT INTO Users VALUES (620003488,'Michelle','Mccarthy','MichelleMccarthy@gmail.com','MccarthyMichelle');
INSERT INTO Students VALUES (620003488,'UNDERGRAD','01-01-2020');
INSERT INTO Enrolled (u_id,courseCode) VALUES (620003488,'COMP2541'),(620003488,'ECON3737'),(620003488,'PHYS2451'),(620003488,'CHEM1613'),(620003488,'BIOC2236');
INSERT INTO Users VALUES (620003489,'Nancy','Steinbach','NancySteinbach@gmail.com','SteinbachNancy');
INSERT INTO Students VALUES (620003489,'UNDERGRAD','01-01-2020');
INSERT INTO Enrolled (u_id,courseCode) VALUES (620003489,'MATH1454'),(620003489,'COMP1051'),(620003489,'INFO3603'),(620003489,'ECON1996');
INSERT INTO Users VALUES (620003490,'Demetrice','Chatcho','DemetriceChatcho@gmail.com','ChatchoDemetrice');
INSERT INTO Students VALUES (620003490,'UNDERGRAD','01-01-2020');
INSERT INTO Enrolled (u_id,courseCode) VALUES (620003490,'PHYS1930'),(620003490,'ECON3063'),(620003490,'BIOC3191');
INSERT INTO Users VALUES (620003491,'Miss','Hodge','MissHodge@gmail.com','HodgeMiss');
INSERT INTO Students VALUES (620003491,'UNDERGRAD','01-01-2020');
INSERT INTO Enrolled (u_id,courseCode) VALUES (620003491,'BIOC1164'),(620003491,'INFO1990'),(620003491,'CHEM2066'),(620003491,'BIOC2671'),(620003491,'BIOC2983');
INSERT INTO Users VALUES (620003492,'Jennifer','Briggs','JenniferBriggs@gmail.com','BriggsJennifer');
INSERT INTO Students VALUES (620003492,'UNDERGRAD','01-01-2020');
INSERT INTO Enrolled (u_id,courseCode) VALUES (620003492,'MATH1638'),(620003492,'MATH2873'),(620003492,'CHEM3793'),(620003492,'INFO3636'),(620003492,'BIOC2054');
INSERT INTO Users VALUES (620003493,'Melvin','Santos','MelvinSantos@gmail.com','SantosMelvin');
INSERT INTO Students VALUES (620003493,'UNDERGRAD','01-01-2020');
INSERT INTO Enrolled (u_id,courseCode) VALUES (620003493,'COMP3639'),(620003493,'BIOC1052'),(620003493,'MATH3613'),(620003493,'BIOC3604'),(620003493,'INFO2860');
INSERT INTO Users VALUES (620003494,'Madaline','Madsen','MadalineMadsen@gmail.com','MadsenMadaline');
INSERT INTO Students VALUES (620003494,'UNDERGRAD','01-01-2020');
INSERT INTO Enrolled (u_id,courseCode) VALUES (620003494,'MATH1735'),(620003494,'BIOC1986'),(620003494,'ECON3281');
INSERT INTO Users VALUES (620003495,'Ethel','Fields','EthelFields@gmail.com','FieldsEthel');
INSERT INTO Students VALUES (620003495,'UNDERGRAD','01-01-2020');
INSERT INTO Enrolled (u_id,courseCode) VALUES (620003495,'COMP3536'),(620003495,'INFO1990'),(620003495,'ECON1098'),(620003495,'BIOC1866'),(620003495,'PHYS2117');
INSERT INTO Users VALUES (620003496,'Weldon','Brown','WeldonBrown@gmail.com','BrownWeldon');
INSERT INTO Students VALUES (620003496,'UNDERGRAD','01-01-2020');
INSERT INTO Enrolled (u_id,courseCode) VALUES (620003496,'ECON3737'),(620003496,'ECON1498'),(620003496,'PHYS2667'),(620003496,'CHEM2797'),(620003496,'INFO2559'),(620003496,'MATH1578');
INSERT INTO Users VALUES (620003497,'Deborah','Hayes','DeborahHayes@gmail.com','HayesDeborah');
INSERT INTO Students VALUES (620003497,'UNDERGRAD','01-01-2020');
INSERT INTO Enrolled (u_id,courseCode) VALUES (620003497,'COMP2361'),(620003497,'INFO2811'),(620003497,'PHYS1399');
INSERT INTO Users VALUES (620003498,'Shannon','Dumas','ShannonDumas@gmail.com','DumasShannon');
INSERT INTO Students VALUES (620003498,'UNDERGRAD','01-01-2020');
INSERT INTO Enrolled (u_id,courseCode) VALUES (620003498,'INFO2950'),(620003498,'ECON1012'),(620003498,'CHEM2797'),(620003498,'INFO2337');
INSERT INTO Users VALUES (620003499,'Jeffrey','Vanhamlin','JeffreyVanhamlin@gmail.com','VanhamlinJeffrey');
INSERT INTO Students VALUES (620003499,'UNDERGRAD','01-01-2020');
INSERT INTO Enrolled (u_id,courseCode) VALUES (620003499,'COMP3536'),(620003499,'BIOC3191'),(620003499,'PHYS2563'),(620003499,'ECON3288'),(620003499,'ECON3281'),(620003499,'BIOC1910');
INSERT INTO Users VALUES (620003500,'Evelyn','Lorenz','EvelynLorenz@gmail.com','LorenzEvelyn');
INSERT INTO Students VALUES (620003500,'UNDERGRAD','01-01-2020');
INSERT INTO Enrolled (u_id,courseCode) VALUES (620003500,'CHEM2220'),(620003500,'COMP3697'),(620003500,'CHEM2065'),(620003500,'COMP3536'),(620003500,'PHYS2113');
INSERT INTO Users VALUES (620003501,'Amee','Hawkins','AmeeHawkins@gmail.com','HawkinsAmee');
INSERT INTO Students VALUES (620003501,'UNDERGRAD','01-01-2020');
INSERT INTO Enrolled (u_id,courseCode) VALUES (620003501,'PHYS1979'),(620003501,'INFO2716'),(620003501,'COMP2400'),(620003501,'PHYS2229'),(620003501,'ECON1458'),(620003501,'ECON3550');
INSERT INTO Users VALUES (620003502,'Nathan','Meraz','NathanMeraz@gmail.com','MerazNathan');
INSERT INTO Students VALUES (620003502,'UNDERGRAD','01-01-2020');
INSERT INTO Enrolled (u_id,courseCode) VALUES (620003502,'BIOC2550'),(620003502,'MATH1250'),(620003502,'BIOC2236'),(620003502,'MATH1578');
INSERT INTO Users VALUES (620003503,'Roy','Busse','RoyBusse@gmail.com','BusseRoy');
INSERT INTO Students VALUES (620003503,'UNDERGRAD','01-01-2020');
INSERT INTO Enrolled (u_id,courseCode) VALUES (620003503,'CHEM3888'),(620003503,'CHEM3409'),(620003503,'BIOC3341'),(620003503,'PHYS3339'),(620003503,'INFO3603'),(620003503,'CHEM3054');
INSERT INTO Users VALUES (620003504,'Sandra','Kent','SandraKent@gmail.com','KentSandra');
INSERT INTO Students VALUES (620003504,'UNDERGRAD','01-01-2020');
INSERT INTO Enrolled (u_id,courseCode) VALUES (620003504,'MATH2957'),(620003504,'INFO3636'),(620003504,'MATH1309'),(620003504,'BIOC3341');
INSERT INTO Users VALUES (620003505,'Wayne','Walley','WayneWalley@gmail.com','WalleyWayne');
INSERT INTO Students VALUES (620003505,'UNDERGRAD','01-01-2020');
INSERT INTO Enrolled (u_id,courseCode) VALUES (620003505,'BIOC3230'),(620003505,'BIOC3721'),(620003505,'BIOC1986');
INSERT INTO Users VALUES (620003506,'Kathleen','Sharp','KathleenSharp@gmail.com','SharpKathleen');
INSERT INTO Students VALUES (620003506,'UNDERGRAD','01-01-2020');
INSERT INTO Enrolled (u_id,courseCode) VALUES (620003506,'COMP1460'),(620003506,'CHEM2867'),(620003506,'BIOC2981'),(620003506,'INFO2636'),(620003506,'BIOC1485'),(620003506,'INFO1242');
INSERT INTO Users VALUES (620003507,'Madaline','Nunn','MadalineNunn@gmail.com','NunnMadaline');
INSERT INTO Students VALUES (620003507,'UNDERGRAD','01-01-2020');
INSERT INTO Enrolled (u_id,courseCode) VALUES (620003507,'PHYS2667'),(620003507,'COMP2651'),(620003507,'INFO3868'),(620003507,'CHEM2149');
INSERT INTO Users VALUES (620003508,'Cynthia','Morey','CynthiaMorey@gmail.com','MoreyCynthia');
INSERT INTO Students VALUES (620003508,'UNDERGRAD','01-01-2020');
INSERT INTO Enrolled (u_id,courseCode) VALUES (620003508,'MATH2067'),(620003508,'COMP1573'),(620003508,'BIOC2981'),(620003508,'INFO2636'),(620003508,'INFO3868'),(620003508,'PHYS3354');
INSERT INTO Users VALUES (620003509,'Geraldine','Winner','GeraldineWinner@gmail.com','WinnerGeraldine');
INSERT INTO Students VALUES (620003509,'UNDERGRAD','01-01-2020');
INSERT INTO Enrolled (u_id,courseCode) VALUES (620003509,'PHYS2563'),(620003509,'MATH1648'),(620003509,'INFO2559'),(620003509,'ECON1458'),(620003509,'ECON3372'),(620003509,'CHEM2697');
INSERT INTO Users VALUES (620003510,'Melodie','Lorenz','MelodieLorenz@gmail.com','LorenzMelodie');
INSERT INTO Students VALUES (620003510,'UNDERGRAD','01-01-2020');
INSERT INTO Enrolled (u_id,courseCode) VALUES (620003510,'PHYS3290'),(620003510,'PHYS2448'),(620003510,'ECON3523');
INSERT INTO Users VALUES (620003511,'Arthur','Williams','ArthurWilliams@gmail.com','WilliamsArthur');
INSERT INTO Students VALUES (620003511,'UNDERGRAD','01-01-2020');
INSERT INTO Enrolled (u_id,courseCode) VALUES (620003511,'CHEM3614'),(620003511,'PHYS2117'),(620003511,'INFO3603');
INSERT INTO Users VALUES (620003512,'Debbie','Calloway','DebbieCalloway@gmail.com','CallowayDebbie');
INSERT INTO Students VALUES (620003512,'UNDERGRAD','01-01-2020');
INSERT INTO Enrolled (u_id,courseCode) VALUES (620003512,'CHEM2697'),(620003512,'PHYS3729'),(620003512,'ECON2814'),(620003512,'COMP3084'),(620003512,'ECON3004');
INSERT INTO Users VALUES (620003513,'Tony','Phinney','TonyPhinney@gmail.com','PhinneyTony');
INSERT INTO Students VALUES (620003513,'UNDERGRAD','01-01-2020');
INSERT INTO Enrolled (u_id,courseCode) VALUES (620003513,'CHEM2867'),(620003513,'MATH3844'),(620003513,'BIOC3191'),(620003513,'BIOC3457'),(620003513,'BIOC3341'),(620003513,'COMP2541');
INSERT INTO Users VALUES (620003514,'Kasey','Imoto','KaseyImoto@gmail.com','ImotoKasey');
INSERT INTO Students VALUES (620003514,'UNDERGRAD','01-01-2020');
INSERT INTO Enrolled (u_id,courseCode) VALUES (620003514,'MATH2188'),(620003514,'ECON3447'),(620003514,'BIOC2550'),(620003514,'CHEM2065');
INSERT INTO Users VALUES (620003515,'Juan','Kenney','JuanKenney@gmail.com','KenneyJuan');
INSERT INTO Students VALUES (620003515,'UNDERGRAD','01-01-2020');
INSERT INTO Enrolled (u_id,courseCode) VALUES (620003515,'COMP3506'),(620003515,'MATH2801'),(620003515,'BIOC3191');
INSERT INTO Users VALUES (620003516,'Casey','Vanhamlin','CaseyVanhamlin@gmail.com','VanhamlinCasey');
INSERT INTO Students VALUES (620003516,'UNDERGRAD','01-01-2020');
INSERT INTO Enrolled (u_id,courseCode) VALUES (620003516,'INFO2716'),(620003516,'CHEM3347'),(620003516,'CHEM2604'),(620003516,'ECON2387'),(620003516,'ECON3288');
INSERT INTO Users VALUES (620003517,'Edward','Turkus','EdwardTurkus@gmail.com','TurkusEdward');
INSERT INTO Students VALUES (620003517,'UNDERGRAD','01-01-2020');
INSERT INTO Enrolled (u_id,courseCode) VALUES (620003517,'CHEM3888'),(620003517,'MATH3173'),(620003517,'COMP1184');
INSERT INTO Users VALUES (620003518,'Linda','Lyford','LindaLyford@gmail.com','LyfordLinda');
INSERT INTO Students VALUES (620003518,'UNDERGRAD','01-01-2020');
INSERT INTO Enrolled (u_id,courseCode) VALUES (620003518,'BIOC1164'),(620003518,'BIOC1986'),(620003518,'INFO1288'),(620003518,'CHEM2031'),(620003518,'MATH1578');
INSERT INTO Users VALUES (620003519,'Ben','Mattingly','BenMattingly@gmail.com','MattinglyBen');
INSERT INTO Students VALUES (620003519,'UNDERGRAD','01-01-2020');
INSERT INTO Enrolled (u_id,courseCode) VALUES (620003519,'MATH1309'),(620003519,'MATH3844'),(620003519,'MATH3209'),(620003519,'INFO2636'),(620003519,'INFO2797'),(620003519,'CHEM2066');
INSERT INTO Users VALUES (620003520,'Caroline','Hernandez','CarolineHernandez@gmail.com','HernandezCaroline');
INSERT INTO Students VALUES (620003520,'UNDERGRAD','01-01-2020');
INSERT INTO Enrolled (u_id,courseCode) VALUES (620003520,'PHYS3290'),(620003520,'PHYS2977'),(620003520,'CHEM2481'),(620003520,'MATH1454');
INSERT INTO Users VALUES (620003521,'Joyce','Eddins','JoyceEddins@gmail.com','EddinsJoyce');
INSERT INTO Students VALUES (620003521,'UNDERGRAD','01-01-2020');
INSERT INTO Enrolled (u_id,courseCode) VALUES (620003521,'COMP1357'),(620003521,'MATH2873'),(620003521,'BIOC2236');
INSERT INTO Users VALUES (620003522,'Roger','Atkins','RogerAtkins@gmail.com','AtkinsRoger');
INSERT INTO Students VALUES (620003522,'UNDERGRAD','01-01-2020');
INSERT INTO Enrolled (u_id,courseCode) VALUES (620003522,'MATH2188'),(620003522,'CHEM1807'),(620003522,'INFO3419');
INSERT INTO Users VALUES (620003523,'Frances','Finkenbinder','FrancesFinkenbinder@gmail.com','FinkenbinderFrances');
INSERT INTO Students VALUES (620003523,'UNDERGRAD','01-01-2020');
INSERT INTO Enrolled (u_id,courseCode) VALUES (620003523,'MATH1578'),(620003523,'PHYS1930'),(620003523,'COMP2651'),(620003523,'PHYS2977'),(620003523,'INFO2811'),(620003523,'ECON3523');
INSERT INTO Users VALUES (620003524,'Clarence','Kimbrell','ClarenceKimbrell@gmail.com','KimbrellClarence');
INSERT INTO Students VALUES (620003524,'UNDERGRAD','01-01-2020');
INSERT INTO Enrolled (u_id,courseCode) VALUES (620003524,'INFO2213'),(620003524,'MATH1454'),(620003524,'MATH2550');
INSERT INTO Users VALUES (620003525,'Jeremy','Pelletier','JeremyPelletier@gmail.com','PelletierJeremy');
INSERT INTO Students VALUES (620003525,'UNDERGRAD','01-01-2020');
INSERT INTO Enrolled (u_id,courseCode) VALUES (620003525,'MATH3844'),(620003525,'ECON1561'),(620003525,'BIOC2054'),(620003525,'ECON3063');
INSERT INTO Users VALUES (620003526,'Sandra','Felipe','SandraFelipe@gmail.com','FelipeSandra');
INSERT INTO Students VALUES (620003526,'UNDERGRAD','01-01-2020');
INSERT INTO Enrolled (u_id,courseCode) VALUES (620003526,'COMP2651'),(620003526,'BIOC1744'),(620003526,'INFO1990'),(620003526,'ECON3281');
INSERT INTO Users VALUES (620003527,'Edward','Dillis','EdwardDillis@gmail.com','DillisEdward');
INSERT INTO Students VALUES (620003527,'UNDERGRAD','01-01-2020');
INSERT INTO Enrolled (u_id,courseCode) VALUES (620003527,'ECON1230'),(620003527,'CHEM3054'),(620003527,'INFO3603'),(620003527,'COMP1867');
INSERT INTO Users VALUES (620003528,'Chris','Halford','ChrisHalford@gmail.com','HalfordChris');
INSERT INTO Students VALUES (620003528,'UNDERGRAD','01-01-2020');
INSERT INTO Enrolled (u_id,courseCode) VALUES (620003528,'MATH1454'),(620003528,'BIOC2550'),(620003528,'COMP2080');
INSERT INTO Users VALUES (620003529,'Suzanne','Burney','SuzanneBurney@gmail.com','BurneySuzanne');
INSERT INTO Students VALUES (620003529,'UNDERGRAD','01-01-2020');
INSERT INTO Enrolled (u_id,courseCode) VALUES (620003529,'COMP1184'),(620003529,'CHEM1613'),(620003529,'PHYS3290'),(620003529,'BIOC1910'),(620003529,'MATH2550'),(620003529,'INFO2521');
INSERT INTO Users VALUES (620003530,'Lauren','Cardona','LaurenCardona@gmail.com','CardonaLauren');
INSERT INTO Students VALUES (620003530,'UNDERGRAD','01-01-2020');
INSERT INTO Enrolled (u_id,courseCode) VALUES (620003530,'ECON1098'),(620003530,'PHYS2113'),(620003530,'PHYS3464'),(620003530,'CHEM2149');
INSERT INTO Users VALUES (620003531,'Rosa','Ramlall','RosaRamlall@gmail.com','RamlallRosa');
INSERT INTO Students VALUES (620003531,'UNDERGRAD','01-01-2020');
INSERT INTO Enrolled (u_id,courseCode) VALUES (620003531,'BIOC1534'),(620003531,'ECON3737'),(620003531,'BIOC1164'),(620003531,'CHEM1485'),(620003531,'BIOC1485'),(620003531,'INFO2811');
INSERT INTO Users VALUES (620003532,'Martin','Mance','MartinMance@gmail.com','ManceMartin');
INSERT INTO Students VALUES (620003532,'UNDERGRAD','01-01-2020');
INSERT INTO Enrolled (u_id,courseCode) VALUES (620003532,'CHEM2697'),(620003532,'PHYS3052'),(620003532,'BIOC1448');
INSERT INTO Users VALUES (620003533,'Earl','Calloway','EarlCalloway@gmail.com','CallowayEarl');
INSERT INTO Students VALUES (620003533,'UNDERGRAD','01-01-2020');
INSERT INTO Enrolled (u_id,courseCode) VALUES (620003533,'ECON1230'),(620003533,'PHYS2113'),(620003533,'ECON1645'),(620003533,'COMP1460'),(620003533,'PHYS3290');
INSERT INTO Users VALUES (620003534,'Vickie','Charland','VickieCharland@gmail.com','CharlandVickie');
INSERT INTO Students VALUES (620003534,'UNDERGRAD','01-01-2020');
INSERT INTO Enrolled (u_id,courseCode) VALUES (620003534,'INFO2860'),(620003534,'COMP2541'),(620003534,'COMP3173'),(620003534,'CHEM2149'),(620003534,'CHEM1340');
INSERT INTO Users VALUES (620003535,'Wayne','Hamilton','WayneHamilton@gmail.com','HamiltonWayne');
INSERT INTO Students VALUES (620003535,'UNDERGRAD','01-01-2020');
INSERT INTO Enrolled (u_id,courseCode) VALUES (620003535,'BIOC1794'),(620003535,'ECON3550'),(620003535,'ECON3311');
INSERT INTO Users VALUES (620003536,'Angie','Letchworth','AngieLetchworth@gmail.com','LetchworthAngie');
INSERT INTO Students VALUES (620003536,'UNDERGRAD','01-01-2020');
INSERT INTO Enrolled (u_id,courseCode) VALUES (620003536,'MATH2067'),(620003536,'CHEM2727'),(620003536,'ECON1589'),(620003536,'PHYS2563');
INSERT INTO Users VALUES (620003537,'Derek','Lockwood','DerekLockwood@gmail.com','LockwoodDerek');
INSERT INTO Students VALUES (620003537,'UNDERGRAD','01-01-2020');
INSERT INTO Enrolled (u_id,courseCode) VALUES (620003537,'MATH3844'),(620003537,'ECON3288'),(620003537,'BIOC1164'),(620003537,'COMP2541'),(620003537,'COMP3849');
INSERT INTO Users VALUES (620003538,'Sarah','Wolfe','SarahWolfe@gmail.com','WolfeSarah');
INSERT INTO Students VALUES (620003538,'UNDERGRAD','01-01-2020');
INSERT INTO Enrolled (u_id,courseCode) VALUES (620003538,'ECON2722'),(620003538,'INFO2521'),(620003538,'MATH3029'),(620003538,'COMP1543'),(620003538,'PHYS3787'),(620003538,'MATH2550');
INSERT INTO Users VALUES (620003539,'Alfred','Hawkins','AlfredHawkins@gmail.com','HawkinsAlfred');
INSERT INTO Students VALUES (620003539,'UNDERGRAD','01-01-2020');
INSERT INTO Enrolled (u_id,courseCode) VALUES (620003539,'ECON3063'),(620003539,'COMP3697'),(620003539,'PHYS3290');
INSERT INTO Users VALUES (620003540,'Lauren','Lundholm','LaurenLundholm@gmail.com','LundholmLauren');
INSERT INTO Students VALUES (620003540,'UNDERGRAD','01-01-2020');
INSERT INTO Enrolled (u_id,courseCode) VALUES (620003540,'COMP3167'),(620003540,'BIOC2983'),(620003540,'MATH2801'),(620003540,'INFO1242');
INSERT INTO Users VALUES (620003541,'Alvin','Russ','AlvinRuss@gmail.com','RussAlvin');
INSERT INTO Students VALUES (620003541,'UNDERGRAD','01-01-2020');
INSERT INTO Enrolled (u_id,courseCode) VALUES (620003541,'PHYS2977'),(620003541,'CHEM2220'),(620003541,'COMP3639'),(620003541,'BIOC1448'),(620003541,'ECON1996');
INSERT INTO Users VALUES (620003542,'Melvin','Burney','MelvinBurney@gmail.com','BurneyMelvin');
INSERT INTO Students VALUES (620003542,'UNDERGRAD','01-01-2020');
INSERT INTO Enrolled (u_id,courseCode) VALUES (620003542,'ECON3020'),(620003542,'ECON1458'),(620003542,'PHYS3339'),(620003542,'COMP3746'),(620003542,'INFO2813'),(620003542,'MATH1148');
INSERT INTO Users VALUES (620003543,'Shonda','Granado','ShondaGranado@gmail.com','GranadoShonda');
INSERT INTO Students VALUES (620003543,'UNDERGRAD','01-01-2020');
INSERT INTO Enrolled (u_id,courseCode) VALUES (620003543,'INFO3419'),(620003543,'PHYS1399'),(620003543,'MATH3613');
INSERT INTO Users VALUES (620003544,'Marcus','Mance','MarcusMance@gmail.com','ManceMarcus');
INSERT INTO Students VALUES (620003544,'UNDERGRAD','01-01-2020');
INSERT INTO Enrolled (u_id,courseCode) VALUES (620003544,'ECON1230'),(620003544,'BIOC3721'),(620003544,'BIOC2671'),(620003544,'PHYS1979'),(620003544,'ECON3228'),(620003544,'PHYS3659');
INSERT INTO Users VALUES (620003545,'Kathy','May','KathyMay@gmail.com','MayKathy');
INSERT INTO Students VALUES (620003545,'UNDERGRAD','01-01-2020');
INSERT INTO Enrolled (u_id,courseCode) VALUES (620003545,'ECON2703'),(620003545,'MATH2550'),(620003545,'BIOC1439'),(620003545,'COMP3506'),(620003545,'PHYS2306'),(620003545,'COMP2717');
INSERT INTO Users VALUES (620003546,'Willard','Schilling','WillardSchilling@gmail.com','SchillingWillard');
INSERT INTO Students VALUES (620003546,'UNDERGRAD','01-01-2020');
INSERT INTO Enrolled (u_id,courseCode) VALUES (620003546,'BIOC1598'),(620003546,'COMP2651'),(620003546,'BIOC1448'),(620003546,'PHYS1930');
INSERT INTO Users VALUES (620003547,'Traci','Monte','TraciMonte@gmail.com','MonteTraci');
INSERT INTO Students VALUES (620003547,'UNDERGRAD','01-01-2020');
INSERT INTO Enrolled (u_id,courseCode) VALUES (620003547,'ECON1996'),(620003547,'CHEM3793'),(620003547,'BIOC2589'),(620003547,'ECON1783'),(620003547,'MATH3029');
INSERT INTO Users VALUES (620003548,'Louis','Hamilton','LouisHamilton@gmail.com','HamiltonLouis');
INSERT INTO Students VALUES (620003548,'UNDERGRAD','01-01-2020');
INSERT INTO Enrolled (u_id,courseCode) VALUES (620003548,'MATH1638'),(620003548,'PHYS3354'),(620003548,'CHEM3793'),(620003548,'PHYS3729'),(620003548,'CHEM2481');
INSERT INTO Users VALUES (620003549,'Mildred','Vanwyck','MildredVanwyck@gmail.com','VanwyckMildred');
INSERT INTO Students VALUES (620003549,'UNDERGRAD','01-01-2020');
INSERT INTO Enrolled (u_id,courseCode) VALUES (620003549,'ECON1458'),(620003549,'CHEM3747'),(620003549,'INFO2950'),(620003549,'PHYS1979'),(620003549,'CHEM2626'),(620003549,'COMP3173');
INSERT INTO Users VALUES (620003550,'Edwin','Stallings','EdwinStallings@gmail.com','StallingsEdwin');
INSERT INTO Students VALUES (620003550,'UNDERGRAD','01-01-2020');
INSERT INTO Enrolled (u_id,courseCode) VALUES (620003550,'CHEM2066'),(620003550,'PHYS1140'),(620003550,'MATH3613');
INSERT INTO Users VALUES (620003551,'Barbara','Knaub','BarbaraKnaub@gmail.com','KnaubBarbara');
INSERT INTO Students VALUES (620003551,'UNDERGRAD','01-01-2020');
INSERT INTO Enrolled (u_id,courseCode) VALUES (620003551,'COMP1357'),(620003551,'BIOC1439'),(620003551,'BIOC3230'),(620003551,'MATH1250'),(620003551,'PHYS2667'),(620003551,'PHYS2113');
INSERT INTO Users VALUES (620003552,'Clarence','Harness','ClarenceHarness@gmail.com','HarnessClarence');
INSERT INTO Students VALUES (620003552,'UNDERGRAD','01-01-2020');
INSERT INTO Enrolled (u_id,courseCode) VALUES (620003552,'CHEM3793'),(620003552,'ECON3523'),(620003552,'COMP3849'),(620003552,'MATH1578');
INSERT INTO Users VALUES (620003553,'Young','Turkus','YoungTurkus@gmail.com','TurkusYoung');
INSERT INTO Students VALUES (620003553,'UNDERGRAD','01-01-2020');
INSERT INTO Enrolled (u_id,courseCode) VALUES (620003553,'BIOC3721'),(620003553,'MATH1638'),(620003553,'ECON3288'),(620003553,'MATH3209');
INSERT INTO Users VALUES (620003554,'Derek','Nunn','DerekNunn@gmail.com','NunnDerek');
INSERT INTO Students VALUES (620003554,'UNDERGRAD','01-01-2020');
INSERT INTO Enrolled (u_id,courseCode) VALUES (620003554,'INFO2636'),(620003554,'PHYS1399'),(620003554,'PHYS3052'),(620003554,'ECON3085');
INSERT INTO Users VALUES (620003555,'Eugene','Ferretti','EugeneFerretti@gmail.com','FerrettiEugene');
INSERT INTO Students VALUES (620003555,'UNDERGRAD','01-01-2020');
INSERT INTO Enrolled (u_id,courseCode) VALUES (620003555,'INFO3935'),(620003555,'ECON3063'),(620003555,'BIOC1598');
INSERT INTO Users VALUES (620003556,'Caroline','Uribe','CarolineUribe@gmail.com','UribeCaroline');
INSERT INTO Students VALUES (620003556,'UNDERGRAD','01-01-2020');
INSERT INTO Enrolled (u_id,courseCode) VALUES (620003556,'MATH1454'),(620003556,'BIOC2054'),(620003556,'MATH3179'),(620003556,'BIOC3191'),(620003556,'CHEM2867');
INSERT INTO Users VALUES (620003557,'Homer','Prince','HomerPrince@gmail.com','PrinceHomer');
INSERT INTO Students VALUES (620003557,'UNDERGRAD','01-01-2020');
INSERT INTO Enrolled (u_id,courseCode) VALUES (620003557,'INFO2337'),(620003557,'COMP1051'),(620003557,'ECON2387'),(620003557,'INFO3645'),(620003557,'MATH1638'),(620003557,'CHEM1340');
INSERT INTO Users VALUES (620003558,'Michael','Meisner','MichaelMeisner@gmail.com','MeisnerMichael');
INSERT INTO Students VALUES (620003558,'UNDERGRAD','01-01-2020');
INSERT INTO Enrolled (u_id,courseCode) VALUES (620003558,'CHEM2867'),(620003558,'BIOC1986'),(620003558,'ECON1783'),(620003558,'ECON2703'),(620003558,'MATH1454'),(620003558,'CHEM2604');
INSERT INTO Users VALUES (620003559,'Louise','Noonan','LouiseNoonan@gmail.com','NoonanLouise');
INSERT INTO Students VALUES (620003559,'UNDERGRAD','01-01-2020');
INSERT INTO Enrolled (u_id,courseCode) VALUES (620003559,'INFO3868'),(620003559,'ECON3372'),(620003559,'INFO1990'),(620003559,'CHEM2604'),(620003559,'INFO1145');
INSERT INTO Users VALUES (620003560,'Adelia','Jefferson','AdeliaJefferson@gmail.com','JeffersonAdelia');
INSERT INTO Students VALUES (620003560,'UNDERGRAD','01-01-2020');
INSERT INTO Enrolled (u_id,courseCode) VALUES (620003560,'ECON3311'),(620003560,'MATH2801'),(620003560,'ECON1498');
INSERT INTO Users VALUES (620003561,'Shawn','Thompson','ShawnThompson@gmail.com','ThompsonShawn');
INSERT INTO Students VALUES (620003561,'UNDERGRAD','01-01-2020');
INSERT INTO Enrolled (u_id,courseCode) VALUES (620003561,'CHEM2626'),(620003561,'PHYS2448'),(620003561,'BIOC3341');
INSERT INTO Users VALUES (620003562,'Carol','Jesse','CarolJesse@gmail.com','JesseCarol');
INSERT INTO Students VALUES (620003562,'UNDERGRAD','01-01-2020');
INSERT INTO Enrolled (u_id,courseCode) VALUES (620003562,'BIOC1598'),(620003562,'CHEM3614'),(620003562,'INFO2337'),(620003562,'PHYS1399');
INSERT INTO Users VALUES (620003563,'Holly','Carlos','HollyCarlos@gmail.com','CarlosHolly');
INSERT INTO Students VALUES (620003563,'UNDERGRAD','01-01-2020');
INSERT INTO Enrolled (u_id,courseCode) VALUES (620003563,'COMP1357'),(620003563,'CHEM2604'),(620003563,'PHYS1140'),(620003563,'COMP1573'),(620003563,'PHYS2451');
INSERT INTO Users VALUES (620003564,'Esmeralda','Casteel','EsmeraldaCasteel@gmail.com','CasteelEsmeralda');
INSERT INTO Students VALUES (620003564,'UNDERGRAD','01-01-2020');
INSERT INTO Enrolled (u_id,courseCode) VALUES (620003564,'CHEM2177'),(620003564,'BIOC2983'),(620003564,'ECON3372');
INSERT INTO Users VALUES (620003565,'Bobby','Mcclanahan','BobbyMcclanahan@gmail.com','McclanahanBobby');
INSERT INTO Students VALUES (620003565,'UNDERGRAD','01-01-2020');
INSERT INTO Enrolled (u_id,courseCode) VALUES (620003565,'CHEM3614'),(620003565,'PHYS2448'),(620003565,'MATH2501');
INSERT INTO Users VALUES (620003566,'Louise','Rodriguez','LouiseRodriguez@gmail.com','RodriguezLouise');
INSERT INTO Students VALUES (620003566,'UNDERGRAD','01-01-2020');
INSERT INTO Enrolled (u_id,courseCode) VALUES (620003566,'INFO2147'),(620003566,'MATH1454'),(620003566,'COMP3536'),(620003566,'MATH3209');
INSERT INTO Users VALUES (620003567,'Ruby','Mcclanahan','RubyMcclanahan@gmail.com','McclanahanRuby');
INSERT INTO Students VALUES (620003567,'UNDERGRAD','01-01-2020');
INSERT INTO Enrolled (u_id,courseCode) VALUES (620003567,'CHEM1494'),(620003567,'CHEM2727'),(620003567,'INFO2337'),(620003567,'PHYS3354');
INSERT INTO Users VALUES (620003568,'Tia','Williamson','TiaWilliamson@gmail.com','WilliamsonTia');
INSERT INTO Students VALUES (620003568,'UNDERGRAD','01-01-2020');
INSERT INTO Enrolled (u_id,courseCode) VALUES (620003568,'COMP2080'),(620003568,'ECON3737'),(620003568,'COMP1867');
INSERT INTO Users VALUES (620003569,'Antionette','Harms','AntionetteHarms@gmail.com','HarmsAntionette');
INSERT INTO Students VALUES (620003569,'UNDERGRAD','01-01-2020');
INSERT INTO Enrolled (u_id,courseCode) VALUES (620003569,'BIOC2236'),(620003569,'CHEM2446'),(620003569,'CHEM3793'),(620003569,'PHYS3464'),(620003569,'BIOC3341'),(620003569,'ECON3085');
INSERT INTO Users VALUES (620003570,'Hector','Blackwell','HectorBlackwell@gmail.com','BlackwellHector');
INSERT INTO Students VALUES (620003570,'UNDERGRAD','01-01-2020');
INSERT INTO Enrolled (u_id,courseCode) VALUES (620003570,'ECON1012'),(620003570,'INFO3603'),(620003570,'COMP3685'),(620003570,'BIOC2589'),(620003570,'MATH2555');
INSERT INTO Users VALUES (620003571,'Martin','Garcia','MartinGarcia@gmail.com','GarciaMartin');
INSERT INTO Students VALUES (620003571,'UNDERGRAD','01-01-2020');
INSERT INTO Enrolled (u_id,courseCode) VALUES (620003571,'MATH1972'),(620003571,'CHEM2177'),(620003571,'CHEM2065'),(620003571,'COMP3685'),(620003571,'COMP3047');
INSERT INTO Users VALUES (620003572,'Cliff','Caudill','CliffCaudill@gmail.com','CaudillCliff');
INSERT INTO Students VALUES (620003572,'UNDERGRAD','01-01-2020');
INSERT INTO Enrolled (u_id,courseCode) VALUES (620003572,'MATH3222'),(620003572,'ECON3311'),(620003572,'PHYS2448'),(620003572,'BIOC2983'),(620003572,'PHYS2117'),(620003572,'INFO2716');
INSERT INTO Users VALUES (620003573,'Lilla','Coleman','LillaColeman@gmail.com','ColemanLilla');
INSERT INTO Students VALUES (620003573,'UNDERGRAD','01-01-2020');
INSERT INTO Enrolled (u_id,courseCode) VALUES (620003573,'CHEM2065'),(620003573,'INFO2270'),(620003573,'INFO1990'),(620003573,'INFO2716'),(620003573,'MATH1972'),(620003573,'INFO3645');
INSERT INTO Users VALUES (620003574,'Antionette','Orchard','AntionetteOrchard@gmail.com','OrchardAntionette');
INSERT INTO Students VALUES (620003574,'UNDERGRAD','01-01-2020');
INSERT INTO Enrolled (u_id,courseCode) VALUES (620003574,'MATH3844'),(620003574,'MATH2801'),(620003574,'BIOC1598'),(620003574,'ECON3004');
INSERT INTO Users VALUES (620003575,'Dean','Ratterman','DeanRatterman@gmail.com','RattermanDean');
INSERT INTO Students VALUES (620003575,'UNDERGRAD','01-01-2020');
INSERT INTO Enrolled (u_id,courseCode) VALUES (620003575,'BIOC1744'),(620003575,'BIOC2983'),(620003575,'ECON2814'),(620003575,'COMP3238');
INSERT INTO Users VALUES (620003576,'Lisa','Hauser','LisaHauser@gmail.com','HauserLisa');
INSERT INTO Students VALUES (620003576,'UNDERGRAD','01-01-2020');
INSERT INTO Enrolled (u_id,courseCode) VALUES (620003576,'PHYS3787'),(620003576,'CHEM3888'),(620003576,'CHEM1485'),(620003576,'CHEM2604'),(620003576,'INFO2716'),(620003576,'ECON3063');
INSERT INTO Users VALUES (620003577,'Kendra','Terry','KendraTerry@gmail.com','TerryKendra');
INSERT INTO Students VALUES (620003577,'UNDERGRAD','01-01-2020');
INSERT INTO Enrolled (u_id,courseCode) VALUES (620003577,'COMP3639'),(620003577,'CHEM2446'),(620003577,'CHEM3327');
INSERT INTO Users VALUES (620003578,'Juanita','Garcia','JuanitaGarcia@gmail.com','GarciaJuanita');
INSERT INTO Students VALUES (620003578,'UNDERGRAD','01-01-2020');
INSERT INTO Enrolled (u_id,courseCode) VALUES (620003578,'CHEM3614'),(620003578,'PHYS2977'),(620003578,'ECON2814'),(620003578,'ECON1645'),(620003578,'CHEM1485');
INSERT INTO Users VALUES (620003579,'Hector','Decker','HectorDecker@gmail.com','DeckerHector');
INSERT INTO Students VALUES (620003579,'UNDERGRAD','01-01-2020');
INSERT INTO Enrolled (u_id,courseCode) VALUES (620003579,'MATH2873'),(620003579,'PHYS1399'),(620003579,'COMP3639');
INSERT INTO Users VALUES (620003580,'Elmer','Oconnell','ElmerOconnell@gmail.com','OconnellElmer');
INSERT INTO Students VALUES (620003580,'UNDERGRAD','01-01-2020');
INSERT INTO Enrolled (u_id,courseCode) VALUES (620003580,'ECON2722'),(620003580,'BIOC2236'),(620003580,'PHYS2306'),(620003580,'CHEM2149'),(620003580,'COMP3047'),(620003580,'BIOC2550');
INSERT INTO Users VALUES (620003581,'Kathy','Rios','KathyRios@gmail.com','RiosKathy');
INSERT INTO Students VALUES (620003581,'UNDERGRAD','01-01-2020');
INSERT INTO Enrolled (u_id,courseCode) VALUES (620003581,'INFO3645'),(620003581,'PHYS2448'),(620003581,'BIOC1448'),(620003581,'COMP1573'),(620003581,'BIOC2671'),(620003581,'ECON3311');
INSERT INTO Users VALUES (620003582,'Latoya','Blackwell','LatoyaBlackwell@gmail.com','BlackwellLatoya');
INSERT INTO Students VALUES (620003582,'UNDERGRAD','01-01-2020');
INSERT INTO Enrolled (u_id,courseCode) VALUES (620003582,'ECON2345'),(620003582,'ECON3550'),(620003582,'BIOC1866'),(620003582,'BIOC2236'),(620003582,'PHYS3052'),(620003582,'PHYS1930');
INSERT INTO Users VALUES (620003583,'Elwood','Cummings','ElwoodCummings@gmail.com','CummingsElwood');
INSERT INTO Students VALUES (620003583,'UNDERGRAD','01-01-2020');
INSERT INTO Enrolled (u_id,courseCode) VALUES (620003583,'BIOC1485'),(620003583,'MATH3029'),(620003583,'ECON2703'),(620003583,'ECON3989'),(620003583,'BIOC2981');
INSERT INTO Users VALUES (620003584,'James','Kaupp','JamesKaupp@gmail.com','KauppJames');
INSERT INTO Students VALUES (620003584,'UNDERGRAD','01-01-2020');
INSERT INTO Enrolled (u_id,courseCode) VALUES (620003584,'BIOC2983'),(620003584,'ECON3550'),(620003584,'MATH1972'),(620003584,'ECON1458');
INSERT INTO Users VALUES (620003585,'Ben','Hinojosa','BenHinojosa@gmail.com','HinojosaBen');
INSERT INTO Students VALUES (620003585,'UNDERGRAD','01-01-2020');
INSERT INTO Enrolled (u_id,courseCode) VALUES (620003585,'INFO2797'),(620003585,'CHEM1494'),(620003585,'PHYS3686'),(620003585,'CHEM2177'),(620003585,'PHYS3290');
INSERT INTO Users VALUES (620003586,'Catherine','Culpepper','CatherineCulpepper@gmail.com','CulpepperCatherine');
INSERT INTO Students VALUES (620003586,'UNDERGRAD','01-01-2020');
INSERT INTO Enrolled (u_id,courseCode) VALUES (620003586,'ECON3085'),(620003586,'CHEM2220'),(620003586,'COMP3173'),(620003586,'MATH3222');
INSERT INTO Users VALUES (620003587,'Maria','Heckstall','MariaHeckstall@gmail.com','HeckstallMaria');
INSERT INTO Students VALUES (620003587,'UNDERGRAD','01-01-2020');
INSERT INTO Enrolled (u_id,courseCode) VALUES (620003587,'COMP3167'),(620003587,'ECON3281'),(620003587,'CHEM3614'),(620003587,'CHEM2867');
INSERT INTO Users VALUES (620003588,'Jennifer','Diggs','JenniferDiggs@gmail.com','DiggsJennifer');
INSERT INTO Students VALUES (620003588,'UNDERGRAD','01-01-2020');
INSERT INTO Enrolled (u_id,courseCode) VALUES (620003588,'CHEM3614'),(620003588,'BIOC1866'),(620003588,'COMP2361'),(620003588,'COMP1357'),(620003588,'MATH3613');
INSERT INTO Users VALUES (620003589,'Dominick','Williamson','DominickWilliamson@gmail.com','WilliamsonDominick');
INSERT INTO Students VALUES (620003589,'UNDERGRAD','01-01-2020');
INSERT INTO Enrolled (u_id,courseCode) VALUES (620003589,'INFO2636'),(620003589,'COMP1573'),(620003589,'MATH2801'),(620003589,'PHYS2238'),(620003589,'COMP3238');
INSERT INTO Users VALUES (620003590,'Georgie','Lamar','GeorgieLamar@gmail.com','LamarGeorgie');
INSERT INTO Students VALUES (620003590,'UNDERGRAD','01-01-2020');
INSERT INTO Enrolled (u_id,courseCode) VALUES (620003590,'COMP3173'),(620003590,'BIOC1164'),(620003590,'PHYS1979'),(620003590,'COMP3047'),(620003590,'ECON1561'),(620003590,'ECON1458');
INSERT INTO Users VALUES (620003591,'Vanessa','Hernandez','VanessaHernandez@gmail.com','HernandezVanessa');
INSERT INTO Students VALUES (620003591,'UNDERGRAD','01-01-2020');
INSERT INTO Enrolled (u_id,courseCode) VALUES (620003591,'PHYS2306'),(620003591,'CHEM2697'),(620003591,'BIOC1164');
INSERT INTO Users VALUES (620003592,'James','Hinojosa','JamesHinojosa@gmail.com','HinojosaJames');
INSERT INTO Students VALUES (620003592,'UNDERGRAD','01-01-2020');
INSERT INTO Enrolled (u_id,courseCode) VALUES (620003592,'BIOC2981'),(620003592,'BIOC1725'),(620003592,'MATH2550');
INSERT INTO Users VALUES (620003593,'Diane','Givens','DianeGivens@gmail.com','GivensDiane');
INSERT INTO Students VALUES (620003593,'UNDERGRAD','01-01-2020');
INSERT INTO Enrolled (u_id,courseCode) VALUES (620003593,'INFO2811'),(620003593,'ECON1498'),(620003593,'MATH2801'),(620003593,'BIOC1598'),(620003593,'COMP3536'),(620003593,'CHEM2005');
INSERT INTO Users VALUES (620003594,'Lois','Scarbrough','LoisScarbrough@gmail.com','ScarbroughLois');
INSERT INTO Students VALUES (620003594,'UNDERGRAD','01-01-2020');
INSERT INTO Enrolled (u_id,courseCode) VALUES (620003594,'BIOC1485'),(620003594,'INFO1990'),(620003594,'ECON2814'),(620003594,'INFO3603'),(620003594,'PHYS1979'),(620003594,'MATH1578');
INSERT INTO Users VALUES (620003595,'Adrienne','Sudduth','AdrienneSudduth@gmail.com','SudduthAdrienne');
INSERT INTO Students VALUES (620003595,'UNDERGRAD','01-01-2020');
INSERT INTO Enrolled (u_id,courseCode) VALUES (620003595,'BIOC1794'),(620003595,'PHYS2448'),(620003595,'BIOC1164'),(620003595,'MATH2188');
INSERT INTO Users VALUES (620003596,'Tiara','Burney','TiaraBurney@gmail.com','BurneyTiara');
INSERT INTO Students VALUES (620003596,'UNDERGRAD','01-01-2020');
INSERT INTO Enrolled (u_id,courseCode) VALUES (620003596,'BIOC1725'),(620003596,'BIOC1794'),(620003596,'COMP3418');
INSERT INTO Users VALUES (620003597,'Elmer','Bower','ElmerBower@gmail.com','BowerElmer');
INSERT INTO Students VALUES (620003597,'UNDERGRAD','01-01-2020');
INSERT INTO Enrolled (u_id,courseCode) VALUES (620003597,'COMP3084'),(620003597,'COMP2361'),(620003597,'INFO3603');
INSERT INTO Users VALUES (620003598,'Cristina','Granado','CristinaGranado@gmail.com','GranadoCristina');
INSERT INTO Students VALUES (620003598,'UNDERGRAD','01-01-2020');
INSERT INTO Enrolled (u_id,courseCode) VALUES (620003598,'PHYS1979'),(620003598,'PHYS3052'),(620003598,'MATH1735'),(620003598,'CHEM1807'),(620003598,'MATH1648'),(620003598,'MATH3613');
INSERT INTO Users VALUES (620003599,'Bryan','Cochran','BryanCochran@gmail.com','CochranBryan');
INSERT INTO Students VALUES (620003599,'UNDERGRAD','01-01-2020');
INSERT INTO Enrolled (u_id,courseCode) VALUES (620003599,'MATH2067'),(620003599,'MATH2717'),(620003599,'ECON1561'),(620003599,'BIOC1534'),(620003599,'INFO1833');
INSERT INTO Users VALUES (620003600,'Earl','Phinney','EarlPhinney@gmail.com','PhinneyEarl');
INSERT INTO Students VALUES (620003600,'UNDERGRAD','01-01-2020');
INSERT INTO Enrolled (u_id,courseCode) VALUES (620003600,'PHYS2448'),(620003600,'INFO2213'),(620003600,'BIOC2236'),(620003600,'PHYS3464'),(620003600,'MATH2801');
INSERT INTO Users VALUES (620003601,'Francis','Vario','FrancisVario@gmail.com','VarioFrancis');
INSERT INTO Students VALUES (620003601,'UNDERGRAD','01-01-2020');
INSERT INTO Enrolled (u_id,courseCode) VALUES (620003601,'MATH2555'),(620003601,'ECON2814'),(620003601,'PHYS2238'),(620003601,'CHEM3409'),(620003601,'INFO2860'),(620003601,'ECON1012');
INSERT INTO Users VALUES (620003602,'Michelle','Jackson','MichelleJackson@gmail.com','JacksonMichelle');
INSERT INTO Students VALUES (620003602,'UNDERGRAD','01-01-2020');
INSERT INTO Enrolled (u_id,courseCode) VALUES (620003602,'ECON2387'),(620003602,'INFO3868'),(620003602,'PHYS3290'),(620003602,'ECON3063');
INSERT INTO Users VALUES (620003603,'Betty','Deen','BettyDeen@gmail.com','DeenBetty');
INSERT INTO Students VALUES (620003603,'UNDERGRAD','01-01-2020');
INSERT INTO Enrolled (u_id,courseCode) VALUES (620003603,'MATH1309'),(620003603,'ECON1783'),(620003603,'PHYS2448');
INSERT INTO Users VALUES (620003604,'Lilla','White','LillaWhite@gmail.com','WhiteLilla');
INSERT INTO Students VALUES (620003604,'UNDERGRAD','01-01-2020');
INSERT INTO Enrolled (u_id,courseCode) VALUES (620003604,'ECON1170'),(620003604,'ECON1561'),(620003604,'INFO1145'),(620003604,'COMP2717');
INSERT INTO Users VALUES (620003605,'Deborah','Jefferson','DeborahJefferson@gmail.com','JeffersonDeborah');
INSERT INTO Students VALUES (620003605,'UNDERGRAD','01-01-2020');
INSERT INTO Enrolled (u_id,courseCode) VALUES (620003605,'MATH2550'),(620003605,'CHEM2727'),(620003605,'MATH2501'),(620003605,'ECON1561');
INSERT INTO Users VALUES (620003606,'Delia','Bennett','DeliaBennett@gmail.com','BennettDelia');
INSERT INTO Students VALUES (620003606,'UNDERGRAD','01-01-2020');
INSERT INTO Enrolled (u_id,courseCode) VALUES (620003606,'ECON1996'),(620003606,'INFO2813'),(620003606,'COMP2651'),(620003606,'CHEM1340'),(620003606,'INFO3603');
INSERT INTO Users VALUES (620003607,'Guillermo','Johnson','GuillermoJohnson@gmail.com','JohnsonGuillermo');
INSERT INTO Students VALUES (620003607,'UNDERGRAD','01-01-2020');
INSERT INTO Enrolled (u_id,courseCode) VALUES (620003607,'PHYS3729'),(620003607,'CHEM2149'),(620003607,'BIOC3721');
INSERT INTO Users VALUES (620003608,'Adelia','Finkenbinder','AdeliaFinkenbinder@gmail.com','FinkenbinderAdelia');
INSERT INTO Students VALUES (620003608,'UNDERGRAD','01-01-2020');
INSERT INTO Enrolled (u_id,courseCode) VALUES (620003608,'BIOC1744'),(620003608,'MATH3209'),(620003608,'CHEM1340');
INSERT INTO Users VALUES (620003609,'Dean','Alexander','DeanAlexander@gmail.com','AlexanderDean');
INSERT INTO Students VALUES (620003609,'UNDERGRAD','01-01-2020');
INSERT INTO Enrolled (u_id,courseCode) VALUES (620003609,'INFO2636'),(620003609,'INFO2147'),(620003609,'ECON1230'),(620003609,'ECON2703');
INSERT INTO Users VALUES (620003610,'Clyde','Eaton','ClydeEaton@gmail.com','EatonClyde');
INSERT INTO Students VALUES (620003610,'UNDERGRAD','01-01-2020');
INSERT INTO Enrolled (u_id,courseCode) VALUES (620003610,'INFO2559'),(620003610,'ECON3737'),(620003610,'ECON1783'),(620003610,'PHYS2229');
INSERT INTO Users VALUES (620003611,'Marilyn','Thompson','MarilynThompson@gmail.com','ThompsonMarilyn');
INSERT INTO Students VALUES (620003611,'UNDERGRAD','01-01-2020');
INSERT INTO Enrolled (u_id,courseCode) VALUES (620003611,'MATH1638'),(620003611,'COMP3173'),(620003611,'INFO1242'),(620003611,'CHEM3617');
INSERT INTO Users VALUES (620003612,'Gary','Shane','GaryShane@gmail.com','ShaneGary');
INSERT INTO Students VALUES (620003612,'UNDERGRAD','01-01-2020');
INSERT INTO Enrolled (u_id,courseCode) VALUES (620003612,'ECON3372'),(620003612,'PHYS3659'),(620003612,'BIOC1439'),(620003612,'ECON1996');
INSERT INTO Users VALUES (620003613,'Rodney','Vargas','RodneyVargas@gmail.com','VargasRodney');
INSERT INTO Students VALUES (620003613,'UNDERGRAD','01-01-2020');
INSERT INTO Enrolled (u_id,courseCode) VALUES (620003613,'BIOC1104'),(620003613,'MATH2501'),(620003613,'INFO3935');
INSERT INTO Users VALUES (620003614,'Magdalen','Campbell','MagdalenCampbell@gmail.com','CampbellMagdalen');
INSERT INTO Students VALUES (620003614,'UNDERGRAD','01-01-2020');
INSERT INTO Enrolled (u_id,courseCode) VALUES (620003614,'CHEM2220'),(620003614,'MATH3857'),(620003614,'COMP2077'),(620003614,'MATH2717'),(620003614,'ECON3737'),(620003614,'INFO2950');
INSERT INTO Users VALUES (620003615,'Teresa','Mitchell','TeresaMitchell@gmail.com','MitchellTeresa');
INSERT INTO Students VALUES (620003615,'UNDERGRAD','01-01-2020');
INSERT INTO Enrolled (u_id,courseCode) VALUES (620003615,'ECON3447'),(620003615,'INFO1648'),(620003615,'CHEM3054'),(620003615,'INFO2797'),(620003615,'BIOC1439');
INSERT INTO Users VALUES (620003616,'Stanley','Scarbrough','StanleyScarbrough@gmail.com','ScarbroughStanley');
INSERT INTO Students VALUES (620003616,'UNDERGRAD','01-01-2020');
INSERT INTO Enrolled (u_id,courseCode) VALUES (620003616,'PHYS3787'),(620003616,'ECON2814'),(620003616,'INFO2147'),(620003616,'ECON3276'),(620003616,'COMP3047'),(620003616,'COMP3084');
INSERT INTO Users VALUES (620003617,'Francis','Kaupp','FrancisKaupp@gmail.com','KauppFrancis');
INSERT INTO Students VALUES (620003617,'UNDERGRAD','01-01-2020');
INSERT INTO Enrolled (u_id,courseCode) VALUES (620003617,'BIOC1439'),(620003617,'BIOC3341'),(620003617,'BIOC1485'),(620003617,'CHEM1807'),(620003617,'PHYS1399'),(620003617,'ECON3550');
INSERT INTO Users VALUES (620003618,'Randall','Hayes','RandallHayes@gmail.com','HayesRandall');
INSERT INTO Students VALUES (620003618,'UNDERGRAD','01-01-2020');
INSERT INTO Enrolled (u_id,courseCode) VALUES (620003618,'BIOC2054'),(620003618,'COMP3167'),(620003618,'INFO2559'),(620003618,'INFO3419'),(620003618,'COMP2541');
INSERT INTO Users VALUES (620003619,'Aaron','Robinson','AaronRobinson@gmail.com','RobinsonAaron');
INSERT INTO Students VALUES (620003619,'UNDERGRAD','01-01-2020');
INSERT INTO Enrolled (u_id,courseCode) VALUES (620003619,'COMP3506'),(620003619,'INFO2950'),(620003619,'PHYS3659'),(620003619,'ECON1230');
INSERT INTO Users VALUES (620003620,'Roberto','Congdon','RobertoCongdon@gmail.com','CongdonRoberto');
INSERT INTO Students VALUES (620003620,'UNDERGRAD','01-01-2020');
INSERT INTO Enrolled (u_id,courseCode) VALUES (620003620,'INFO1990'),(620003620,'MATH1309'),(620003620,'CHEM2481'),(620003620,'BIOC2550');
INSERT INTO Users VALUES (620003621,'Dominique','Steere','DominiqueSteere@gmail.com','SteereDominique');
INSERT INTO Students VALUES (620003621,'UNDERGRAD','01-01-2020');
INSERT INTO Enrolled (u_id,courseCode) VALUES (620003621,'CHEM2065'),(620003621,'INFO1990'),(620003621,'ECON2345'),(620003621,'ECON3550'),(620003621,'CHEM2066'),(620003621,'BIOC1485');
INSERT INTO Users VALUES (620003622,'Sarah','Lopez','SarahLopez@gmail.com','LopezSarah');
INSERT INTO Students VALUES (620003622,'UNDERGRAD','01-01-2020');
INSERT INTO Enrolled (u_id,courseCode) VALUES (620003622,'INFO2813'),(620003622,'INFO2950'),(620003622,'MATH3179'),(620003622,'INFO2559');
INSERT INTO Users VALUES (620003623,'Kenneth','Lowry','KennethLowry@gmail.com','LowryKenneth');
INSERT INTO Students VALUES (620003623,'UNDERGRAD','01-01-2020');
INSERT INTO Enrolled (u_id,courseCode) VALUES (620003623,'PHYS2977'),(620003623,'ECON1498'),(620003623,'PHYS3464'),(620003623,'INFO2950'),(620003623,'ECON3288');
INSERT INTO Users VALUES (620003624,'Willie','Kent','WillieKent@gmail.com','KentWillie');
INSERT INTO Students VALUES (620003624,'UNDERGRAD','01-01-2020');
INSERT INTO Enrolled (u_id,courseCode) VALUES (620003624,'CHEM2797'),(620003624,'COMP3697'),(620003624,'COMP3849'),(620003624,'COMP2965');
INSERT INTO Users VALUES (620003625,'Justin','Jones','JustinJones@gmail.com','JonesJustin');
INSERT INTO Students VALUES (620003625,'UNDERGRAD','01-01-2020');
INSERT INTO Enrolled (u_id,courseCode) VALUES (620003625,'MATH2550'),(620003625,'BIOC2671'),(620003625,'MATH1262'),(620003625,'COMP2541');
INSERT INTO Users VALUES (620003626,'Mark','Shane','MarkShane@gmail.com','ShaneMark');
INSERT INTO Students VALUES (620003626,'UNDERGRAD','01-01-2020');
INSERT INTO Enrolled (u_id,courseCode) VALUES (620003626,'MATH1735'),(620003626,'BIOC3604'),(620003626,'ECON3228'),(620003626,'CHEM3747');
INSERT INTO Users VALUES (620003627,'Jacqueline','Sharp','JacquelineSharp@gmail.com','SharpJacqueline');
INSERT INTO Students VALUES (620003627,'UNDERGRAD','01-01-2020');
INSERT INTO Enrolled (u_id,courseCode) VALUES (620003627,'ECON3281'),(620003627,'CHEM2065'),(620003627,'CHEM1613'),(620003627,'CHEM2727');
INSERT INTO Users VALUES (620003628,'Jacqueline','Mejias','JacquelineMejias@gmail.com','MejiasJacqueline');
INSERT INTO Students VALUES (620003628,'UNDERGRAD','01-01-2020');
INSERT INTO Enrolled (u_id,courseCode) VALUES (620003628,'MATH1262'),(620003628,'PHYS2451'),(620003628,'MATH1309'),(620003628,'ECON1783'),(620003628,'MATH1735'),(620003628,'COMP3849');
INSERT INTO Users VALUES (620003629,'Scott','Mance','ScottMance@gmail.com','ManceScott');
INSERT INTO Students VALUES (620003629,'UNDERGRAD','01-01-2020');
INSERT INTO Enrolled (u_id,courseCode) VALUES (620003629,'MATH3688'),(620003629,'COMP3746'),(620003629,'CHEM2031'),(620003629,'BIOC3721'),(620003629,'ECON1561');
INSERT INTO Users VALUES (620003630,'Evelyn','Jones','EvelynJones@gmail.com','JonesEvelyn');
INSERT INTO Students VALUES (620003630,'UNDERGRAD','01-01-2020');
INSERT INTO Enrolled (u_id,courseCode) VALUES (620003630,'INFO2813'),(620003630,'COMP3536'),(620003630,'ECON2703'),(620003630,'PHYS2229');
INSERT INTO Users VALUES (620003631,'Richard','Horth','RichardHorth@gmail.com','HorthRichard');
INSERT INTO Students VALUES (620003631,'UNDERGRAD','01-01-2020');
INSERT INTO Enrolled (u_id,courseCode) VALUES (620003631,'MATH2873'),(620003631,'MATH3173'),(620003631,'MATH1262'),(620003631,'INFO2716');
INSERT INTO Users VALUES (620003632,'Latoya','Souza','LatoyaSouza@gmail.com','SouzaLatoya');
INSERT INTO Students VALUES (620003632,'UNDERGRAD','01-01-2020');
INSERT INTO Enrolled (u_id,courseCode) VALUES (620003632,'MATH3688'),(620003632,'MATH3544'),(620003632,'ECON1645'),(620003632,'BIOC1866'),(620003632,'INFO2270');
INSERT INTO Users VALUES (620003633,'Kurt','Guidry','KurtGuidry@gmail.com','GuidryKurt');
INSERT INTO Students VALUES (620003633,'UNDERGRAD','01-01-2020');
INSERT INTO Enrolled (u_id,courseCode) VALUES (620003633,'ECON1170'),(620003633,'BIOC2981'),(620003633,'PHYS3787'),(620003633,'CHEM3747'),(620003633,'COMP3506'),(620003633,'MATH1454');
INSERT INTO Users VALUES (620003634,'Frankie','Quintero','FrankieQuintero@gmail.com','QuinteroFrankie');
INSERT INTO Students VALUES (620003634,'UNDERGRAD','01-01-2020');
INSERT INTO Enrolled (u_id,courseCode) VALUES (620003634,'CHEM2797'),(620003634,'ECON1012'),(620003634,'CHEM3617'),(620003634,'MATH3059');
INSERT INTO Users VALUES (620003635,'Terri','Jaworski','TerriJaworski@gmail.com','JaworskiTerri');
INSERT INTO Students VALUES (620003635,'UNDERGRAD','01-01-2020');
INSERT INTO Enrolled (u_id,courseCode) VALUES (620003635,'INFO2521'),(620003635,'PHYS2306'),(620003635,'INFO2337'),(620003635,'BIOC3721'),(620003635,'PHYS1979');
INSERT INTO Users VALUES (620003636,'Teresa','Jeanbaptiste','TeresaJeanbaptiste@gmail.com','JeanbaptisteTeresa');
INSERT INTO Students VALUES (620003636,'UNDERGRAD','01-01-2020');
INSERT INTO Enrolled (u_id,courseCode) VALUES (620003636,'INFO1014'),(620003636,'PHYS2117'),(620003636,'PHYS2238'),(620003636,'ECON2722'),(620003636,'ECON3228');
INSERT INTO Users VALUES (620003637,'Ruth','Bradford','RuthBradford@gmail.com','BradfordRuth');
INSERT INTO Students VALUES (620003637,'UNDERGRAD','01-01-2020');
INSERT INTO Enrolled (u_id,courseCode) VALUES (620003637,'CHEM2149'),(620003637,'BIOC1910'),(620003637,'ECON1230');
INSERT INTO Users VALUES (620003638,'Roberto','Harms','RobertoHarms@gmail.com','HarmsRoberto');
INSERT INTO Students VALUES (620003638,'UNDERGRAD','01-01-2020');
INSERT INTO Enrolled (u_id,courseCode) VALUES (620003638,'ECON2387'),(620003638,'ECON3737'),(620003638,'MATH3544'),(620003638,'PHYS2338'),(620003638,'ECON1783'),(620003638,'MATH3029');
INSERT INTO Users VALUES (620003639,'Shonda','Tirabassi','ShondaTirabassi@gmail.com','TirabassiShonda');
INSERT INTO Students VALUES (620003639,'UNDERGRAD','01-01-2020');
INSERT INTO Enrolled (u_id,courseCode) VALUES (620003639,'INFO1447'),(620003639,'MATH1250'),(620003639,'COMP3173'),(620003639,'ECON2722'),(620003639,'INFO3636'),(620003639,'BIOC1910');
INSERT INTO Users VALUES (620003640,'Cliff','Ferretti','CliffFerretti@gmail.com','FerrettiCliff');
INSERT INTO Students VALUES (620003640,'UNDERGRAD','01-01-2020');
INSERT INTO Enrolled (u_id,courseCode) VALUES (620003640,'BIOC1794'),(620003640,'COMP2077'),(620003640,'COMP3536'),(620003640,'INFO3636'),(620003640,'CHEM2481');
INSERT INTO Users VALUES (620003641,'Louis','Mcneill','LouisMcneill@gmail.com','McneillLouis');
INSERT INTO Students VALUES (620003641,'UNDERGRAD','01-01-2020');
INSERT INTO Enrolled (u_id,courseCode) VALUES (620003641,'COMP3685'),(620003641,'ECON1170'),(620003641,'CHEM2481'),(620003641,'INFO1447');
INSERT INTO Users VALUES (620003642,'Louise','Mertens','LouiseMertens@gmail.com','MertensLouise');
INSERT INTO Students VALUES (620003642,'UNDERGRAD','01-01-2020');
INSERT INTO Enrolled (u_id,courseCode) VALUES (620003642,'BIOC2671'),(620003642,'CHEM2727'),(620003642,'CHEM2446'),(620003642,'INFO3868'),(620003642,'INFO1833');
INSERT INTO Users VALUES (620003643,'Trina','Felipe','TrinaFelipe@gmail.com','FelipeTrina');
INSERT INTO Students VALUES (620003643,'UNDERGRAD','01-01-2020');
INSERT INTO Enrolled (u_id,courseCode) VALUES (620003643,'COMP2965'),(620003643,'COMP3697'),(620003643,'ECON3737'),(620003643,'COMP3506'),(620003643,'COMP1184'),(620003643,'BIOC1104');
INSERT INTO Users VALUES (620003644,'Cleveland','Maze','ClevelandMaze@gmail.com','MazeCleveland');
INSERT INTO Students VALUES (620003644,'UNDERGRAD','01-01-2020');
INSERT INTO Enrolled (u_id,courseCode) VALUES (620003644,'CHEM2065'),(620003644,'PHYS1173'),(620003644,'CHEM2031'),(620003644,'MATH1638'),(620003644,'CHEM2220');
INSERT INTO Users VALUES (620003645,'Geraldine','Dillis','GeraldineDillis@gmail.com','DillisGeraldine');
INSERT INTO Students VALUES (620003645,'UNDERGRAD','01-01-2020');
INSERT INTO Enrolled (u_id,courseCode) VALUES (620003645,'ECON1783'),(620003645,'BIOC2236'),(620003645,'MATH2188'),(620003645,'MATH1309'),(620003645,'MATH2555'),(620003645,'COMP1867');
INSERT INTO Users VALUES (620003646,'Angie','Tate','AngieTate@gmail.com','TateAngie');
INSERT INTO Students VALUES (620003646,'UNDERGRAD','01-01-2020');
INSERT INTO Enrolled (u_id,courseCode) VALUES (620003646,'BIOC1866'),(620003646,'COMP2400'),(620003646,'INFO1288'),(620003646,'ECON1098'),(620003646,'MATH1148');
INSERT INTO Users VALUES (620003647,'Reggie','Mauk','ReggieMauk@gmail.com','MaukReggie');
INSERT INTO Students VALUES (620003647,'UNDERGRAD','01-01-2020');
INSERT INTO Enrolled (u_id,courseCode) VALUES (620003647,'PHYS2117'),(620003647,'MATH3222'),(620003647,'COMP3173');
INSERT INTO Users VALUES (620003648,'Kirk','Culpepper','KirkCulpepper@gmail.com','CulpepperKirk');
INSERT INTO Students VALUES (620003648,'UNDERGRAD','01-01-2020');
INSERT INTO Enrolled (u_id,courseCode) VALUES (620003648,'ECON3085'),(620003648,'INFO2521'),(620003648,'INFO2860');
INSERT INTO Users VALUES (620003649,'Dorcas','Walley','DorcasWalley@gmail.com','WalleyDorcas');
INSERT INTO Students VALUES (620003649,'UNDERGRAD','01-01-2020');
INSERT INTO Enrolled (u_id,courseCode) VALUES (620003649,'COMP3849'),(620003649,'BIOC2589'),(620003649,'MATH2067'),(620003649,'COMP3536');
INSERT INTO Users VALUES (620003650,'Rene','Wesley','ReneWesley@gmail.com','WesleyRene');
INSERT INTO Students VALUES (620003650,'UNDERGRAD','01-01-2020');
INSERT INTO Enrolled (u_id,courseCode) VALUES (620003650,'INFO1288'),(620003650,'BIOC1986'),(620003650,'ECON3288'),(620003650,'CHEM1807');
INSERT INTO Users VALUES (620003651,'Keith','Blackwell','KeithBlackwell@gmail.com','BlackwellKeith');
INSERT INTO Students VALUES (620003651,'UNDERGRAD','01-01-2020');
INSERT INTO Enrolled (u_id,courseCode) VALUES (620003651,'BIOC1439'),(620003651,'COMP3536'),(620003651,'INFO3419');
INSERT INTO Users VALUES (620003652,'Holly','Joeckel','HollyJoeckel@gmail.com','JoeckelHolly');
INSERT INTO Students VALUES (620003652,'UNDERGRAD','01-01-2020');
INSERT INTO Enrolled (u_id,courseCode) VALUES (620003652,'BIOC2589'),(620003652,'MATH1972'),(620003652,'PHYS2238'),(620003652,'BIOC3721'),(620003652,'INFO2636'),(620003652,'MATH1148');
INSERT INTO Users VALUES (620003653,'Walter','Brown','WalterBrown@gmail.com','BrownWalter');
INSERT INTO Students VALUES (620003653,'UNDERGRAD','01-01-2020');
INSERT INTO Enrolled (u_id,courseCode) VALUES (620003653,'ECON2814'),(620003653,'INFO2270'),(620003653,'MATH1638'),(620003653,'CHEM1613'),(620003653,'BIOC1725'),(620003653,'BIOC1052');
INSERT INTO Users VALUES (620003654,'Francisca','Lyford','FranciscaLyford@gmail.com','LyfordFrancisca');
INSERT INTO Students VALUES (620003654,'UNDERGRAD','01-01-2020');
INSERT INTO Enrolled (u_id,courseCode) VALUES (620003654,'COMP2080'),(620003654,'ECON1458'),(620003654,'MATH1638'),(620003654,'CHEM2481'),(620003654,'INFO2813');
INSERT INTO Users VALUES (620003655,'Marcus','Madsen','MarcusMadsen@gmail.com','MadsenMarcus');
INSERT INTO Students VALUES (620003655,'UNDERGRAD','01-01-2020');
INSERT INTO Enrolled (u_id,courseCode) VALUES (620003655,'COMP2077'),(620003655,'CHEM3327'),(620003655,'INFO2559'),(620003655,'ECON3004'),(620003655,'COMP1051');
INSERT INTO Users VALUES (620003656,'Elwood','Huffman','ElwoodHuffman@gmail.com','HuffmanElwood');
INSERT INTO Students VALUES (620003656,'UNDERGRAD','01-01-2020');
INSERT INTO Enrolled (u_id,courseCode) VALUES (620003656,'BIOC2981'),(620003656,'MATH3844'),(620003656,'ECON1012'),(620003656,'MATH2550'),(620003656,'ECON3004'),(620003656,'COMP3849');
INSERT INTO Users VALUES (620003657,'Roger','Calloway','RogerCalloway@gmail.com','CallowayRoger');
INSERT INTO Students VALUES (620003657,'UNDERGRAD','01-01-2020');
INSERT INTO Enrolled (u_id,courseCode) VALUES (620003657,'COMP1460'),(620003657,'INFO1990'),(620003657,'INFO1825'),(620003657,'COMP2717'),(620003657,'CHEM2220'),(620003657,'MATH3179');
INSERT INTO Users VALUES (620003658,'Anderson','Eubank','AndersonEubank@gmail.com','EubankAnderson');
INSERT INTO Students VALUES (620003658,'UNDERGRAD','01-01-2020');
INSERT INTO Enrolled (u_id,courseCode) VALUES (620003658,'CHEM3614'),(620003658,'COMP1867'),(620003658,'INFO3419'),(620003658,'INFO2716'),(620003658,'PHYS3659'),(620003658,'BIOC1986');
INSERT INTO Users VALUES (620003659,'Delia','Martin','DeliaMartin@gmail.com','MartinDelia');
INSERT INTO Students VALUES (620003659,'UNDERGRAD','01-01-2020');
INSERT INTO Enrolled (u_id,courseCode) VALUES (620003659,'CHEM1494'),(620003659,'ECON2703'),(620003659,'MATH3173'),(620003659,'PHYS1173');
INSERT INTO Users VALUES (620003660,'Gilbert','Allen','GilbertAllen@gmail.com','AllenGilbert');
INSERT INTO Students VALUES (620003660,'UNDERGRAD','01-01-2020');
INSERT INTO Enrolled (u_id,courseCode) VALUES (620003660,'CHEM1613'),(620003660,'ECON2722'),(620003660,'ECON3085'),(620003660,'COMP1543'),(620003660,'BIOC1052'),(620003660,'ECON1458');
INSERT INTO Users VALUES (620003661,'Weldon','Howe','WeldonHowe@gmail.com','HoweWeldon');
INSERT INTO Students VALUES (620003661,'UNDERGRAD','01-01-2020');
INSERT INTO Enrolled (u_id,courseCode) VALUES (620003661,'COMP3167'),(620003661,'INFO1648'),(620003661,'ECON1561'),(620003661,'INFO1145'),(620003661,'MATH2188');
INSERT INTO Users VALUES (620003662,'Shonda','Larry','ShondaLarry@gmail.com','LarryShonda');
INSERT INTO Students VALUES (620003662,'UNDERGRAD','01-01-2020');
INSERT INTO Enrolled (u_id,courseCode) VALUES (620003662,'COMP2077'),(620003662,'ECON1012'),(620003662,'ECON3523'),(620003662,'ECON3288'),(620003662,'ECON3447');
INSERT INTO Users VALUES (620003663,'Christina','Williamson','ChristinaWilliamson@gmail.com','WilliamsonChristina');
INSERT INTO Students VALUES (620003663,'UNDERGRAD','01-01-2020');
INSERT INTO Enrolled (u_id,courseCode) VALUES (620003663,'COMP2080'),(620003663,'MATH1454'),(620003663,'INFO1648'),(620003663,'COMP3418'),(620003663,'MATH3613');
INSERT INTO Users VALUES (620003664,'Gina','Sniezek','GinaSniezek@gmail.com','SniezekGina');
INSERT INTO Students VALUES (620003664,'UNDERGRAD','01-01-2020');
INSERT INTO Enrolled (u_id,courseCode) VALUES (620003664,'BIOC2983'),(620003664,'ECON1996'),(620003664,'PHYS3787');
INSERT INTO Users VALUES (620003665,'Dorothy','Dumas','DorothyDumas@gmail.com','DumasDorothy');
INSERT INTO Students VALUES (620003665,'UNDERGRAD','01-01-2020');
INSERT INTO Enrolled (u_id,courseCode) VALUES (620003665,'PHYS1399'),(620003665,'INFO1990'),(620003665,'MATH3179'),(620003665,'INFO2716');
INSERT INTO Users VALUES (620003666,'James','Lindstrom','JamesLindstrom@gmail.com','LindstromJames');
INSERT INTO Students VALUES (620003666,'UNDERGRAD','01-01-2020');
INSERT INTO Enrolled (u_id,courseCode) VALUES (620003666,'ECON2814'),(620003666,'BIOC1866'),(620003666,'ECON2703'),(620003666,'PHYS1979'),(620003666,'BIOC1910'),(620003666,'ECON1589');
INSERT INTO Users VALUES (620003667,'Judith','Figueroa','JudithFigueroa@gmail.com','FigueroaJudith');
INSERT INTO Students VALUES (620003667,'UNDERGRAD','01-01-2020');
INSERT INTO Enrolled (u_id,courseCode) VALUES (620003667,'ECON1098'),(620003667,'PHYS2338'),(620003667,'PHYS2563'),(620003667,'ECON3281'),(620003667,'INFO2337'),(620003667,'INFO2521');
INSERT INTO Users VALUES (620003668,'Homer','Wurdeman','HomerWurdeman@gmail.com','WurdemanHomer');
INSERT INTO Students VALUES (620003668,'UNDERGRAD','01-01-2020');
INSERT INTO Enrolled (u_id,courseCode) VALUES (620003668,'MATH2873'),(620003668,'ECON1996'),(620003668,'INFO1242'),(620003668,'COMP3506');
INSERT INTO Users VALUES (620003669,'Douglas','Felipe','DouglasFelipe@gmail.com','FelipeDouglas');
INSERT INTO Students VALUES (620003669,'UNDERGRAD','01-01-2020');
INSERT INTO Enrolled (u_id,courseCode) VALUES (620003669,'ECON1996'),(620003669,'BIOC3721'),(620003669,'MATH1309'),(620003669,'INFO1825'),(620003669,'ECON2814');
INSERT INTO Users VALUES (620003670,'Freddie','Calvert','FreddieCalvert@gmail.com','CalvertFreddie');
INSERT INTO Students VALUES (620003670,'UNDERGRAD','01-01-2020');
INSERT INTO Enrolled (u_id,courseCode) VALUES (620003670,'CHEM2066'),(620003670,'MATH1148'),(620003670,'BIOC1104');
INSERT INTO Users VALUES (620003671,'Sara','Rivera','SaraRivera@gmail.com','RiveraSara');
INSERT INTO Students VALUES (620003671,'UNDERGRAD','01-01-2020');
INSERT INTO Enrolled (u_id,courseCode) VALUES (620003671,'BIOC1485'),(620003671,'PHYS2451'),(620003671,'INFO1990'),(620003671,'ECON2814'),(620003671,'BIOC1986'),(620003671,'COMP3685');
INSERT INTO Users VALUES (620003672,'Stephanie','Dahlheimer','StephanieDahlheimer@gmail.com','DahlheimerStephanie');
INSERT INTO Students VALUES (620003672,'UNDERGRAD','01-01-2020');
INSERT INTO Enrolled (u_id,courseCode) VALUES (620003672,'PHYS2238'),(620003672,'MATH1309'),(620003672,'PHYS3787'),(620003672,'COMP2541'),(620003672,'COMP2400'),(620003672,'MATH2873');
INSERT INTO Users VALUES (620003673,'Holly','May','HollyMay@gmail.com','MayHolly');
INSERT INTO Students VALUES (620003673,'UNDERGRAD','01-01-2020');
INSERT INTO Enrolled (u_id,courseCode) VALUES (620003673,'INFO3935'),(620003673,'COMP1051'),(620003673,'BIOC3604'),(620003673,'ECON1458');
INSERT INTO Users VALUES (620003674,'Benjamin','Crawford','BenjaminCrawford@gmail.com','CrawfordBenjamin');
INSERT INTO Students VALUES (620003674,'UNDERGRAD','01-01-2020');
INSERT INTO Enrolled (u_id,courseCode) VALUES (620003674,'COMP2965'),(620003674,'PHYS1979'),(620003674,'ECON2722'),(620003674,'MATH1735');
INSERT INTO Users VALUES (620003675,'Rachel','Sultzer','RachelSultzer@gmail.com','SultzerRachel');
INSERT INTO Students VALUES (620003675,'UNDERGRAD','01-01-2020');
INSERT INTO Enrolled (u_id,courseCode) VALUES (620003675,'BIOC1986'),(620003675,'CHEM2727'),(620003675,'INFO2636');
INSERT INTO Users VALUES (620003676,'Patsy','Figueroa','PatsyFigueroa@gmail.com','FigueroaPatsy');
INSERT INTO Students VALUES (620003676,'UNDERGRAD','01-01-2020');
INSERT INTO Enrolled (u_id,courseCode) VALUES (620003676,'COMP1184'),(620003676,'BIOC2981'),(620003676,'CHEM3614'),(620003676,'BIOC2236'),(620003676,'PHYS1930');
INSERT INTO Users VALUES (620003677,'Rhonda','Mejias','RhondaMejias@gmail.com','MejiasRhonda');
INSERT INTO Students VALUES (620003677,'UNDERGRAD','01-01-2020');
INSERT INTO Enrolled (u_id,courseCode) VALUES (620003677,'BIOC2589'),(620003677,'MATH1262'),(620003677,'ECON1645'),(620003677,'ECON1561');
INSERT INTO Users VALUES (620003678,'Sam','Wright','SamWright@gmail.com','WrightSam');
INSERT INTO Students VALUES (620003678,'UNDERGRAD','01-01-2020');
INSERT INTO Enrolled (u_id,courseCode) VALUES (620003678,'MATH1454'),(620003678,'INFO1014'),(620003678,'MATH2188'),(620003678,'INFO1833');
INSERT INTO Users VALUES (620003679,'Cherise','Kaupp','CheriseKaupp@gmail.com','KauppCherise');
INSERT INTO Students VALUES (620003679,'UNDERGRAD','01-01-2020');
INSERT INTO Enrolled (u_id,courseCode) VALUES (620003679,'ECON2814'),(620003679,'MATH1972'),(620003679,'COMP3047'),(620003679,'CHEM2031'),(620003679,'COMP2541'),(620003679,'MATH2957');
INSERT INTO Users VALUES (620003680,'Hazel','Nunn','HazelNunn@gmail.com','NunnHazel');
INSERT INTO Students VALUES (620003680,'UNDERGRAD','01-01-2020');
INSERT INTO Enrolled (u_id,courseCode) VALUES (620003680,'CHEM2727'),(620003680,'BIOC1164'),(620003680,'INFO1825'),(620003680,'COMP1867'),(620003680,'PHYS3787'),(620003680,'BIOC2054');
INSERT INTO Users VALUES (620003681,'Benjamin','Wilbanks','BenjaminWilbanks@gmail.com','WilbanksBenjamin');
INSERT INTO Students VALUES (620003681,'UNDERGRAD','01-01-2020');
INSERT INTO Enrolled (u_id,courseCode) VALUES (620003681,'COMP2080'),(620003681,'PHYS2563'),(620003681,'ECON1561'),(620003681,'MATH1250');
INSERT INTO Users VALUES (620003682,'Jeremy','Armstead','JeremyArmstead@gmail.com','ArmsteadJeremy');
INSERT INTO Students VALUES (620003682,'UNDERGRAD','01-01-2020');
INSERT INTO Enrolled (u_id,courseCode) VALUES (620003682,'PHYS2977'),(620003682,'BIOC1534'),(620003682,'ECON3288'),(620003682,'INFO2860'),(620003682,'MATH1578'),(620003682,'INFO2811');
INSERT INTO Users VALUES (620003683,'Bobby','Tirabassi','BobbyTirabassi@gmail.com','TirabassiBobby');
INSERT INTO Students VALUES (620003683,'UNDERGRAD','01-01-2020');
INSERT INTO Enrolled (u_id,courseCode) VALUES (620003683,'COMP3506'),(620003683,'PHYS3290'),(620003683,'MATH1148'),(620003683,'PHYS2238'),(620003683,'CHEM3347'),(620003683,'INFO2860');
INSERT INTO Users VALUES (620003684,'Christopher','Rankin','ChristopherRankin@gmail.com','RankinChristopher');
INSERT INTO Students VALUES (620003684,'UNDERGRAD','01-01-2020');
INSERT INTO Enrolled (u_id,courseCode) VALUES (620003684,'BIOC2054'),(620003684,'PHYS2113'),(620003684,'COMP3639'),(620003684,'MATH3029');
INSERT INTO Users VALUES (620003685,'Ralph','Rodriguez','RalphRodriguez@gmail.com','RodriguezRalph');
INSERT INTO Students VALUES (620003685,'UNDERGRAD','01-01-2020');
INSERT INTO Enrolled (u_id,courseCode) VALUES (620003685,'INFO3636'),(620003685,'PHYS3464'),(620003685,'COMP2717'),(620003685,'PHYS2306'),(620003685,'INFO3419');
INSERT INTO Users VALUES (620003686,'Cristina','Wurdeman','CristinaWurdeman@gmail.com','WurdemanCristina');
INSERT INTO Students VALUES (620003686,'UNDERGRAD','01-01-2020');
INSERT INTO Enrolled (u_id,courseCode) VALUES (620003686,'BIOC3191'),(620003686,'ECON2814'),(620003686,'CHEM3409');
INSERT INTO Users VALUES (620003687,'Laila','Sudduth','LailaSudduth@gmail.com','SudduthLaila');
INSERT INTO Students VALUES (620003687,'UNDERGRAD','01-01-2020');
INSERT INTO Enrolled (u_id,courseCode) VALUES (620003687,'MATH2801'),(620003687,'MATH2501'),(620003687,'ECON3311'),(620003687,'PHYS2563'),(620003687,'ECON3085');
INSERT INTO Users VALUES (620003688,'Ed','Krout','EdKrout@gmail.com','KroutEd');
INSERT INTO Students VALUES (620003688,'UNDERGRAD','01-01-2020');
INSERT INTO Enrolled (u_id,courseCode) VALUES (620003688,'MATH2957'),(620003688,'INFO2559'),(620003688,'BIOC1485'),(620003688,'CHEM2481');
INSERT INTO Users VALUES (620003689,'Ronald','Smith','RonaldSmith@gmail.com','SmithRonald');
INSERT INTO Students VALUES (620003689,'UNDERGRAD','01-01-2020');
INSERT INTO Enrolled (u_id,courseCode) VALUES (620003689,'COMP3084'),(620003689,'ECON1458'),(620003689,'ECON1230');
INSERT INTO Users VALUES (620003690,'Wanda','Laramee','WandaLaramee@gmail.com','LarameeWanda');
INSERT INTO Students VALUES (620003690,'UNDERGRAD','01-01-2020');
INSERT INTO Enrolled (u_id,courseCode) VALUES (620003690,'PHYS2667'),(620003690,'BIOC1534'),(620003690,'PHYS1399'),(620003690,'ECON3276'),(620003690,'INFO2337');
INSERT INTO Users VALUES (620003691,'Ruth','Brock','RuthBrock@gmail.com','BrockRuth');
INSERT INTO Students VALUES (620003691,'UNDERGRAD','01-01-2020');
INSERT INTO Enrolled (u_id,courseCode) VALUES (620003691,'PHYS2306'),(620003691,'MATH2801'),(620003691,'BIOC1725'),(620003691,'ECON3550'),(620003691,'MATH1454');
INSERT INTO Users VALUES (620003692,'Nathan','Amberg','NathanAmberg@gmail.com','AmbergNathan');
INSERT INTO Students VALUES (620003692,'UNDERGRAD','01-01-2020');
INSERT INTO Enrolled (u_id,courseCode) VALUES (620003692,'INFO2559'),(620003692,'PHYS2451'),(620003692,'CHEM3327'),(620003692,'INFO3419'),(620003692,'PHYS2667'),(620003692,'ECON1783');
INSERT INTO Users VALUES (620003693,'Judith','Luper','JudithLuper@gmail.com','LuperJudith');
INSERT INTO Students VALUES (620003693,'UNDERGRAD','01-01-2020');
INSERT INTO Enrolled (u_id,courseCode) VALUES (620003693,'ECON1098'),(620003693,'INFO2337'),(620003693,'BIOC1052');
INSERT INTO Users VALUES (620003694,'Cleveland','Turkus','ClevelandTurkus@gmail.com','TurkusCleveland');
INSERT INTO Students VALUES (620003694,'UNDERGRAD','01-01-2020');
INSERT INTO Enrolled (u_id,courseCode) VALUES (620003694,'ECON1498'),(620003694,'PHYS3354'),(620003694,'MATH1735'),(620003694,'BIOC1052');
INSERT INTO Users VALUES (620003695,'Edward','Calloway','EdwardCalloway@gmail.com','CallowayEdward');
INSERT INTO Students VALUES (620003695,'UNDERGRAD','01-01-2020');
INSERT INTO Enrolled (u_id,courseCode) VALUES (620003695,'COMP3047'),(620003695,'PHYS1930'),(620003695,'ECON1996'),(620003695,'MATH2717'),(620003695,'BIOC2550');
INSERT INTO Users VALUES (620003696,'Ed','Turkus','EdTurkus@gmail.com','TurkusEd');
INSERT INTO Students VALUES (620003696,'UNDERGRAD','01-01-2020');
INSERT INTO Enrolled (u_id,courseCode) VALUES (620003696,'BIOC2589'),(620003696,'PHYS3876'),(620003696,'PHYS2238'),(620003696,'MATH3179'),(620003696,'COMP3173'),(620003696,'MATH3173');
INSERT INTO Users VALUES (620003697,'Vanessa','Souza','VanessaSouza@gmail.com','SouzaVanessa');
INSERT INTO Students VALUES (620003697,'UNDERGRAD','01-01-2020');
INSERT INTO Enrolled (u_id,courseCode) VALUES (620003697,'INFO2813'),(620003697,'CHEM2481'),(620003697,'CHEM2149'),(620003697,'BIOC1744'),(620003697,'INFO2337'),(620003697,'MATH3857');
INSERT INTO Users VALUES (620003698,'Barbara','Cannon','BarbaraCannon@gmail.com','CannonBarbara');
INSERT INTO Students VALUES (620003698,'UNDERGRAD','01-01-2020');
INSERT INTO Enrolled (u_id,courseCode) VALUES (620003698,'COMP3746'),(620003698,'PHYS2238'),(620003698,'ECON3311'),(620003698,'INFO1288'),(620003698,'INFO1242'),(620003698,'CHEM2149');
INSERT INTO Users VALUES (620003699,'Alvin','Cash','AlvinCash@gmail.com','CashAlvin');
INSERT INTO Students VALUES (620003699,'UNDERGRAD','01-01-2020');
INSERT INTO Enrolled (u_id,courseCode) VALUES (620003699,'CHEM2005'),(620003699,'COMP3746'),(620003699,'ECON1012'),(620003699,'INFO1288');
INSERT INTO Users VALUES (620003700,'Elwood','Finkenbinder','ElwoodFinkenbinder@gmail.com','FinkenbinderElwood');
INSERT INTO Students VALUES (620003700,'UNDERGRAD','01-01-2020');
INSERT INTO Enrolled (u_id,courseCode) VALUES (620003700,'INFO2559'),(620003700,'PHYS3686'),(620003700,'CHEM3614'),(620003700,'INFO1014'),(620003700,'CHEM2626');
INSERT INTO Users VALUES (620003701,'Latoya','Taylor','LatoyaTaylor@gmail.com','TaylorLatoya');
INSERT INTO Students VALUES (620003701,'UNDERGRAD','01-01-2020');
INSERT INTO Enrolled (u_id,courseCode) VALUES (620003701,'PHYS2448'),(620003701,'BIOC2671'),(620003701,'PHYS2451'),(620003701,'ECON3989');
INSERT INTO Users VALUES (620003702,'William','Quintero','WilliamQuintero@gmail.com','QuinteroWilliam');
INSERT INTO Students VALUES (620003702,'UNDERGRAD','01-01-2020');
INSERT INTO Enrolled (u_id,courseCode) VALUES (620003702,'ECON3989'),(620003702,'BIOC1164'),(620003702,'CHEM2867'),(620003702,'MATH1309'),(620003702,'MATH2067'),(620003702,'ECON1170');
INSERT INTO Users VALUES (620003703,'Curtis','Henderson','CurtisHenderson@gmail.com','HendersonCurtis');
INSERT INTO Students VALUES (620003703,'UNDERGRAD','01-01-2020');
INSERT INTO Enrolled (u_id,courseCode) VALUES (620003703,'PHYS3052'),(620003703,'BIOC1744'),(620003703,'BIOC1534'),(620003703,'CHEM2797');
INSERT INTO Users VALUES (620003704,'Rick','Blackwell','RickBlackwell@gmail.com','BlackwellRick');
INSERT INTO Students VALUES (620003704,'UNDERGRAD','01-01-2020');
INSERT INTO Enrolled (u_id,courseCode) VALUES (620003704,'PHYS3659'),(620003704,'COMP3173'),(620003704,'MATH3222');
INSERT INTO Users VALUES (620003705,'Dorothy','Mattingly','DorothyMattingly@gmail.com','MattinglyDorothy');
INSERT INTO Students VALUES (620003705,'UNDERGRAD','01-01-2020');
INSERT INTO Enrolled (u_id,courseCode) VALUES (620003705,'MATH1148'),(620003705,'PHYS1173'),(620003705,'MATH2067');
INSERT INTO Users VALUES (620003706,'Kenneth','Miles','KennethMiles@gmail.com','MilesKenneth');
INSERT INTO Students VALUES (620003706,'UNDERGRAD','01-01-2020');
INSERT INTO Enrolled (u_id,courseCode) VALUES (620003706,'COMP3536'),(620003706,'ECON1098'),(620003706,'MATH2717'),(620003706,'COMP1184'),(620003706,'CHEM1494'),(620003706,'COMP3746');
INSERT INTO Users VALUES (620003707,'Roberta','Flemming','RobertaFlemming@gmail.com','FlemmingRoberta');
INSERT INTO Students VALUES (620003707,'UNDERGRAD','01-01-2020');
INSERT INTO Enrolled (u_id,courseCode) VALUES (620003707,'INFO3419'),(620003707,'MATH3688'),(620003707,'COMP3173');
INSERT INTO Users VALUES (620003708,'Holly','Steere','HollySteere@gmail.com','SteereHolly');
INSERT INTO Students VALUES (620003708,'UNDERGRAD','01-01-2020');
INSERT INTO Enrolled (u_id,courseCode) VALUES (620003708,'BIOC3457'),(620003708,'PHYS2306'),(620003708,'PHYS1399'),(620003708,'CHEM1807');
INSERT INTO Users VALUES (620003709,'Geraldine','Chatcho','GeraldineChatcho@gmail.com','ChatchoGeraldine');
INSERT INTO Students VALUES (620003709,'UNDERGRAD','01-01-2020');
INSERT INTO Enrolled (u_id,courseCode) VALUES (620003709,'ECON3004'),(620003709,'INFO2213'),(620003709,'BIOC1439'),(620003709,'BIOC1164'),(620003709,'ECON2345'),(620003709,'COMP3536');
INSERT INTO Users VALUES (620003710,'David','Wilbanks','DavidWilbanks@gmail.com','WilbanksDavid');
INSERT INTO Students VALUES (620003710,'UNDERGRAD','01-01-2020');
INSERT INTO Enrolled (u_id,courseCode) VALUES (620003710,'CHEM2446'),(620003710,'INFO2270'),(620003710,'PHYS2238'),(620003710,'BIOC1910'),(620003710,'ECON3523'),(620003710,'COMP3084');
INSERT INTO Users VALUES (620003711,'Lois','Joeckel','LoisJoeckel@gmail.com','JoeckelLois');
INSERT INTO Students VALUES (620003711,'UNDERGRAD','01-01-2020');
INSERT INTO Enrolled (u_id,courseCode) VALUES (620003711,'INFO3645'),(620003711,'COMP1357'),(620003711,'MATH2717'),(620003711,'PHYS2448');
INSERT INTO Users VALUES (620003712,'Patricia','Hodge','PatriciaHodge@gmail.com','HodgePatricia');
INSERT INTO Students VALUES (620003712,'UNDERGRAD','01-01-2020');
INSERT INTO Enrolled (u_id,courseCode) VALUES (620003712,'PHYS2113'),(620003712,'ECON3737'),(620003712,'CHEM1485');
INSERT INTO Users VALUES (620003713,'Erin','Hodge','ErinHodge@gmail.com','HodgeErin');
INSERT INTO Students VALUES (620003713,'UNDERGRAD','01-01-2020');
INSERT INTO Enrolled (u_id,courseCode) VALUES (620003713,'CHEM1340'),(620003713,'ECON2722'),(620003713,'BIOC1439'),(620003713,'MATH2188');
INSERT INTO Users VALUES (620003714,'Leo','Caudill','LeoCaudill@gmail.com','CaudillLeo');
INSERT INTO Students VALUES (620003714,'UNDERGRAD','01-01-2020');
INSERT INTO Enrolled (u_id,courseCode) VALUES (620003714,'BIOC2983'),(620003714,'COMP3167'),(620003714,'ECON3989'),(620003714,'BIOC1794');
INSERT INTO Users VALUES (620003715,'Roger','Daniels','RogerDaniels@gmail.com','DanielsRoger');
INSERT INTO Students VALUES (620003715,'UNDERGRAD','01-01-2020');
INSERT INTO Enrolled (u_id,courseCode) VALUES (620003715,'COMP3047'),(620003715,'MATH3844'),(620003715,'COMP3536'),(620003715,'INFO2716'),(620003715,'CHEM2867');
INSERT INTO Users VALUES (620003716,'Ronald','Deen','RonaldDeen@gmail.com','DeenRonald');
INSERT INTO Students VALUES (620003716,'UNDERGRAD','01-01-2020');
INSERT INTO Enrolled (u_id,courseCode) VALUES (620003716,'PHYS2238'),(620003716,'INFO2797'),(620003716,'CHEM2149'),(620003716,'COMP3418');
INSERT INTO Users VALUES (620003717,'Rosa','Knaub','RosaKnaub@gmail.com','KnaubRosa');
INSERT INTO Students VALUES (620003717,'UNDERGRAD','01-01-2020');
INSERT INTO Enrolled (u_id,courseCode) VALUES (620003717,'COMP3536'),(620003717,'PHYS1979'),(620003717,'MATH2801'),(620003717,'PHYS2306'),(620003717,'COMP3639');
INSERT INTO Users VALUES (620003718,'Christina','Hart','ChristinaHart@gmail.com','HartChristina');
INSERT INTO Students VALUES (620003718,'UNDERGRAD','01-01-2020');
INSERT INTO Enrolled (u_id,courseCode) VALUES (620003718,'ECON2345'),(620003718,'CHEM3347'),(620003718,'ECON3020'),(620003718,'PHYS3464');
INSERT INTO Users VALUES (620003719,'Leo','Turner','LeoTurner@gmail.com','TurnerLeo');
INSERT INTO Students VALUES (620003719,'UNDERGRAD','01-01-2020');
INSERT INTO Enrolled (u_id,courseCode) VALUES (620003719,'CHEM3617'),(620003719,'MATH2188'),(620003719,'INFO2521'),(620003719,'MATH3857'),(620003719,'CHEM3614');
INSERT INTO Users VALUES (620003720,'Bryon','Congdon','BryonCongdon@gmail.com','CongdonBryon');
INSERT INTO Students VALUES (620003720,'UNDERGRAD','01-01-2020');
INSERT INTO Enrolled (u_id,courseCode) VALUES (620003720,'MATH2188'),(620003720,'ECON2387'),(620003720,'CHEM1613');
INSERT INTO Users VALUES (620003721,'Manuel','Ryan','ManuelRyan@gmail.com','RyanManuel');
INSERT INTO Students VALUES (620003721,'UNDERGRAD','01-01-2020');
INSERT INTO Enrolled (u_id,courseCode) VALUES (620003721,'ECON2345'),(620003721,'ECON3523'),(620003721,'PHYS3659'),(620003721,'CHEM3327'),(620003721,'BIOC1866'),(620003721,'ECON3063');
INSERT INTO Users VALUES (620003722,'Melodie','Lowry','MelodieLowry@gmail.com','LowryMelodie');
INSERT INTO Students VALUES (620003722,'UNDERGRAD','01-01-2020');
INSERT INTO Enrolled (u_id,courseCode) VALUES (620003722,'PHYS3354'),(620003722,'BIOC1164'),(620003722,'MATH2067'),(620003722,'CHEM2220'),(620003722,'ECON3372'),(620003722,'ECON1458');
INSERT INTO Users VALUES (620003723,'Tanya','Armstead','TanyaArmstead@gmail.com','ArmsteadTanya');
INSERT INTO Students VALUES (620003723,'UNDERGRAD','01-01-2020');
INSERT INTO Enrolled (u_id,courseCode) VALUES (620003723,'ECON3523'),(620003723,'INFO1288'),(620003723,'CHEM1807');
INSERT INTO Users VALUES (620003724,'Gordon','Miles','GordonMiles@gmail.com','MilesGordon');
INSERT INTO Students VALUES (620003724,'UNDERGRAD','01-01-2020');
INSERT INTO Enrolled (u_id,courseCode) VALUES (620003724,'PHYS3339'),(620003724,'ECON1458'),(620003724,'BIOC1744'),(620003724,'MATH3179'),(620003724,'CHEM2149'),(620003724,'INFO3935');
INSERT INTO Users VALUES (620003725,'Sean','Thompson','SeanThompson@gmail.com','ThompsonSean');
INSERT INTO Students VALUES (620003725,'UNDERGRAD','01-01-2020');
INSERT INTO Enrolled (u_id,courseCode) VALUES (620003725,'CHEM1807'),(620003725,'COMP3685'),(620003725,'COMP3238'),(620003725,'INFO2813'),(620003725,'BIOC1164');
INSERT INTO Users VALUES (620003726,'Adrienne','Ekberg','AdrienneEkberg@gmail.com','EkbergAdrienne');
INSERT INTO Students VALUES (620003726,'UNDERGRAD','01-01-2020');
INSERT INTO Enrolled (u_id,courseCode) VALUES (620003726,'BIOC3457'),(620003726,'PHYS3787'),(620003726,'COMP1184'),(620003726,'CHEM2005'),(620003726,'BIOC3604'),(620003726,'PHYS2667');
INSERT INTO Users VALUES (620003727,'Jacqueline','Morey','JacquelineMorey@gmail.com','MoreyJacqueline');
INSERT INTO Students VALUES (620003727,'UNDERGRAD','01-01-2020');
INSERT INTO Enrolled (u_id,courseCode) VALUES (620003727,'INFO2636'),(620003727,'INFO1648'),(620003727,'ECON2722'),(620003727,'ECON1996'),(620003727,'PHYS2563');
INSERT INTO Users VALUES (620003728,'Rhoda','Hunt','RhodaHunt@gmail.com','HuntRhoda');
INSERT INTO Students VALUES (620003728,'UNDERGRAD','01-01-2020');
INSERT INTO Enrolled (u_id,courseCode) VALUES (620003728,'BIOC3230'),(620003728,'CHEM3793'),(620003728,'ECON1458');
INSERT INTO Users VALUES (620003729,'Demetrice','Eaton','DemetriceEaton@gmail.com','EatonDemetrice');
INSERT INTO Students VALUES (620003729,'UNDERGRAD','01-01-2020');
INSERT INTO Enrolled (u_id,courseCode) VALUES (620003729,'PHYS3686'),(620003729,'INFO2811'),(620003729,'MATH2555'),(620003729,'COMP3697'),(620003729,'INFO3868');
INSERT INTO Users VALUES (620003730,'Curtis','English','CurtisEnglish@gmail.com','EnglishCurtis');
INSERT INTO Students VALUES (620003730,'UNDERGRAD','01-01-2020');
INSERT INTO Enrolled (u_id,courseCode) VALUES (620003730,'BIOC1986'),(620003730,'BIOC1164'),(620003730,'INFO1990'),(620003730,'PHYS1930'),(620003730,'ECON3737'),(620003730,'COMP1357');
INSERT INTO Users VALUES (620003731,'Esmeralda','Mcclanahan','EsmeraldaMcclanahan@gmail.com','McclanahanEsmeralda');
INSERT INTO Students VALUES (620003731,'UNDERGRAD','01-01-2020');
INSERT INTO Enrolled (u_id,courseCode) VALUES (620003731,'COMP3849'),(620003731,'ECON1561'),(620003731,'MATH1648'),(620003731,'MATH2717'),(620003731,'CHEM1494');
INSERT INTO Users VALUES (620003732,'Freddie','Lockwood','FreddieLockwood@gmail.com','LockwoodFreddie');
INSERT INTO Students VALUES (620003732,'UNDERGRAD','01-01-2020');
INSERT INTO Enrolled (u_id,courseCode) VALUES (620003732,'ECON3372'),(620003732,'CHEM2481'),(620003732,'PHYS3729');
INSERT INTO Users VALUES (620003733,'Roberto','Orchard','RobertoOrchard@gmail.com','OrchardRoberto');
INSERT INTO Students VALUES (620003733,'UNDERGRAD','01-01-2020');
INSERT INTO Enrolled (u_id,courseCode) VALUES (620003733,'BIOC3721'),(620003733,'INFO2811'),(620003733,'MATH3844'),(620003733,'ECON3989'),(620003733,'PHYS3464');
INSERT INTO Users VALUES (620003734,'Ethel','Hayes','EthelHayes@gmail.com','HayesEthel');
INSERT INTO Students VALUES (620003734,'UNDERGRAD','01-01-2020');
INSERT INTO Enrolled (u_id,courseCode) VALUES (620003734,'COMP1573'),(620003734,'MATH3688'),(620003734,'ECON3281'),(620003734,'PHYS3464'),(620003734,'PHYS3659');
INSERT INTO Users VALUES (620003735,'Vivian','Eddins','VivianEddins@gmail.com','EddinsVivian');
INSERT INTO Students VALUES (620003735,'UNDERGRAD','01-01-2020');
INSERT INTO Enrolled (u_id,courseCode) VALUES (620003735,'MATH3613'),(620003735,'INFO2813'),(620003735,'INFO2559');
INSERT INTO Users VALUES (620003736,'Josh','Walden','JoshWalden@gmail.com','WaldenJosh');
INSERT INTO Students VALUES (620003736,'UNDERGRAD','01-01-2020');
INSERT INTO Enrolled (u_id,courseCode) VALUES (620003736,'PHYS2229'),(620003736,'PHYS1930'),(620003736,'PHYS3686'),(620003736,'INFO2270'),(620003736,'PHYS2238'),(620003736,'COMP3639');
INSERT INTO Users VALUES (620003737,'Shannon','Quintero','ShannonQuintero@gmail.com','QuinteroShannon');
INSERT INTO Students VALUES (620003737,'UNDERGRAD','01-01-2020');
INSERT INTO Enrolled (u_id,courseCode) VALUES (620003737,'BIOC1598'),(620003737,'COMP2651'),(620003737,'CHEM1613'),(620003737,'BIOC1986'),(620003737,'PHYS3659'),(620003737,'INFO1242');
INSERT INTO Users VALUES (620003738,'Dorothy','Jefferson','DorothyJefferson@gmail.com','JeffersonDorothy');
INSERT INTO Students VALUES (620003738,'UNDERGRAD','01-01-2020');
INSERT INTO Enrolled (u_id,courseCode) VALUES (620003738,'PHYS3052'),(620003738,'INFO1825'),(620003738,'MATH1578'),(620003738,'ECON1098');
INSERT INTO Users VALUES (620003739,'William','Griffin','WilliamGriffin@gmail.com','GriffinWilliam');
INSERT INTO Students VALUES (620003739,'UNDERGRAD','01-01-2020');
INSERT INTO Enrolled (u_id,courseCode) VALUES (620003739,'COMP3167'),(620003739,'PHYS3464'),(620003739,'BIOC3721'),(620003739,'CHEM3054');
INSERT INTO Users VALUES (620003740,'Taylor','Pere','TaylorPere@gmail.com','PereTaylor');
INSERT INTO Students VALUES (620003740,'UNDERGRAD','01-01-2020');
INSERT INTO Enrolled (u_id,courseCode) VALUES (620003740,'PHYS3290'),(620003740,'COMP2651'),(620003740,'COMP3746'),(620003740,'COMP3849');
INSERT INTO Users VALUES (620003741,'Leo','Sharp','LeoSharp@gmail.com','SharpLeo');
INSERT INTO Students VALUES (620003741,'UNDERGRAD','01-01-2020');
INSERT INTO Enrolled (u_id,courseCode) VALUES (620003741,'PHYS1173'),(620003741,'PHYS2563'),(620003741,'MATH3544'),(620003741,'INFO2270'),(620003741,'ECON1645'),(620003741,'CHEM1340');
INSERT INTO Users VALUES (620003742,'Anderson','Calder','AndersonCalder@gmail.com','CalderAnderson');
INSERT INTO Students VALUES (620003742,'UNDERGRAD','01-01-2020');
INSERT INTO Enrolled (u_id,courseCode) VALUES (620003742,'COMP1460'),(620003742,'CHEM2220'),(620003742,'INFO2860'),(620003742,'PHYS1140');
INSERT INTO Users VALUES (620003743,'Shalanda','Carlos','ShalandaCarlos@gmail.com','CarlosShalanda');
INSERT INTO Students VALUES (620003743,'UNDERGRAD','01-01-2020');
INSERT INTO Enrolled (u_id,courseCode) VALUES (620003743,'MATH2555'),(620003743,'INFO2813'),(620003743,'COMP2965'),(620003743,'COMP3506'),(620003743,'MATH3544'),(620003743,'ECON3311');
INSERT INTO Users VALUES (620003744,'Ruby','Sandlin','RubySandlin@gmail.com','SandlinRuby');
INSERT INTO Students VALUES (620003744,'UNDERGRAD','01-01-2020');
INSERT INTO Enrolled (u_id,courseCode) VALUES (620003744,'INFO2337'),(620003744,'PHYS2977'),(620003744,'CHEM3888');
INSERT INTO Users VALUES (620003745,'Clifford','Jones','CliffordJones@gmail.com','JonesClifford');
INSERT INTO Students VALUES (620003745,'UNDERGRAD','01-01-2020');
INSERT INTO Enrolled (u_id,courseCode) VALUES (620003745,'CHEM2177'),(620003745,'MATH2555'),(620003745,'INFO2797'),(620003745,'MATH3059'),(620003745,'PHYS2117');
INSERT INTO Users VALUES (620003746,'Sam','Richardson','SamRichardson@gmail.com','RichardsonSam');
INSERT INTO Students VALUES (620003746,'UNDERGRAD','01-01-2020');
INSERT INTO Enrolled (u_id,courseCode) VALUES (620003746,'MATH1262'),(620003746,'ECON1589'),(620003746,'ECON3372'),(620003746,'INFO2636');
INSERT INTO Users VALUES (620003747,'Gary','Eaton','GaryEaton@gmail.com','EatonGary');
INSERT INTO Students VALUES (620003747,'UNDERGRAD','01-01-2020');
INSERT INTO Enrolled (u_id,courseCode) VALUES (620003747,'BIOC2983'),(620003747,'INFO2950'),(620003747,'BIOC1104'),(620003747,'COMP3238'),(620003747,'COMP3506');
INSERT INTO Users VALUES (620003748,'Derek','Walden','DerekWalden@gmail.com','WaldenDerek');
INSERT INTO Students VALUES (620003748,'UNDERGRAD','01-01-2020');
INSERT INTO Enrolled (u_id,courseCode) VALUES (620003748,'BIOC3230'),(620003748,'COMP1460'),(620003748,'PHYS3290'),(620003748,'INFO3603'),(620003748,'COMP2541'),(620003748,'BIOC1744');
INSERT INTO Users VALUES (620003749,'Marshall','Koehn','MarshallKoehn@gmail.com','KoehnMarshall');
INSERT INTO Students VALUES (620003749,'UNDERGRAD','01-01-2020');
INSERT INTO Enrolled (u_id,courseCode) VALUES (620003749,'PHYS2338'),(620003749,'CHEM1807'),(620003749,'PHYS3787'),(620003749,'ECON3372'),(620003749,'MATH3688'),(620003749,'INFO1825');
INSERT INTO Users VALUES (620003750,'Joy','Mance','JoyMance@gmail.com','ManceJoy');
INSERT INTO Students VALUES (620003750,'UNDERGRAD','01-01-2020');
INSERT INTO Enrolled (u_id,courseCode) VALUES (620003750,'CHEM2005'),(620003750,'INFO2950'),(620003750,'INFO1145');
INSERT INTO Users VALUES (620003751,'Randall','Meisner','RandallMeisner@gmail.com','MeisnerRandall');
INSERT INTO Students VALUES (620003751,'UNDERGRAD','01-01-2020');
INSERT INTO Enrolled (u_id,courseCode) VALUES (620003751,'CHEM2727'),(620003751,'MATH3222'),(620003751,'INFO1833');
INSERT INTO Users VALUES (620003752,'Trina','Cummings','TrinaCummings@gmail.com','CummingsTrina');
INSERT INTO Students VALUES (620003752,'UNDERGRAD','01-01-2020');
INSERT INTO Enrolled (u_id,courseCode) VALUES (620003752,'INFO1825'),(620003752,'INFO3868'),(620003752,'PHYS2338'),(620003752,'CHEM2604'),(620003752,'COMP3685');
INSERT INTO Users VALUES (620003753,'Juan','Truong','JuanTruong@gmail.com','TruongJuan');
INSERT INTO Students VALUES (620003753,'UNDERGRAD','01-01-2020');
INSERT INTO Enrolled (u_id,courseCode) VALUES (620003753,'CHEM3347'),(620003753,'INFO3868'),(620003753,'COMP1573');
INSERT INTO Users VALUES (620003754,'Walter','Blevins','WalterBlevins@gmail.com','BlevinsWalter');
INSERT INTO Students VALUES (620003754,'UNDERGRAD','01-01-2020');
INSERT INTO Enrolled (u_id,courseCode) VALUES (620003754,'BIOC2983'),(620003754,'ECON3288'),(620003754,'ECON1589'),(620003754,'BIOC1104'),(620003754,'INFO2813');
INSERT INTO Users VALUES (620003755,'Margaret','Klein','MargaretKlein@gmail.com','KleinMargaret');
INSERT INTO Students VALUES (620003755,'UNDERGRAD','01-01-2020');
INSERT INTO Enrolled (u_id,courseCode) VALUES (620003755,'PHYS2238'),(620003755,'MATH3029'),(620003755,'PHYS2117'),(620003755,'CHEM2604');
INSERT INTO Users VALUES (620003756,'George','Rios','GeorgeRios@gmail.com','RiosGeorge');
INSERT INTO Students VALUES (620003756,'UNDERGRAD','01-01-2020');
INSERT INTO Enrolled (u_id,courseCode) VALUES (620003756,'MATH2555'),(620003756,'PHYS1993'),(620003756,'PHYS3339'),(620003756,'CHEM1613');
INSERT INTO Users VALUES (620003757,'Wilbur','Amberg','WilburAmberg@gmail.com','AmbergWilbur');
INSERT INTO Students VALUES (620003757,'UNDERGRAD','01-01-2020');
INSERT INTO Enrolled (u_id,courseCode) VALUES (620003757,'ECON3311'),(620003757,'INFO2559'),(620003757,'MATH3544'),(620003757,'ECON1098'),(620003757,'CHEM1485');
INSERT INTO Users VALUES (620003758,'Delia','Jensen','DeliaJensen@gmail.com','JensenDelia');
INSERT INTO Students VALUES (620003758,'UNDERGRAD','01-01-2020');
INSERT INTO Enrolled (u_id,courseCode) VALUES (620003758,'CHEM2697'),(620003758,'MATH1250'),(620003758,'PHYS3290'),(620003758,'CHEM3793'),(620003758,'CHEM2220');
INSERT INTO Users VALUES (620003759,'Sarah','Stovall','SarahStovall@gmail.com','StovallSarah');
INSERT INTO Students VALUES (620003759,'UNDERGRAD','01-01-2020');
INSERT INTO Enrolled (u_id,courseCode) VALUES (620003759,'CHEM1613'),(620003759,'INFO2559'),(620003759,'CHEM3617'),(620003759,'COMP3849');
INSERT INTO Users VALUES (620003760,'Angela','Ryan','AngelaRyan@gmail.com','RyanAngela');
INSERT INTO Students VALUES (620003760,'UNDERGRAD','01-01-2020');
INSERT INTO Enrolled (u_id,courseCode) VALUES (620003760,'PHYS3052'),(620003760,'ECON1098'),(620003760,'MATH2067');
INSERT INTO Users VALUES (620003761,'Dwayne','Klein','DwayneKlein@gmail.com','KleinDwayne');
INSERT INTO Students VALUES (620003761,'UNDERGRAD','01-01-2020');
INSERT INTO Enrolled (u_id,courseCode) VALUES (620003761,'ECON3085'),(620003761,'CHEM3614'),(620003761,'MATH3544'),(620003761,'ECON1498'),(620003761,'MATH1454'),(620003761,'INFO2521');
INSERT INTO Users VALUES (620003762,'Young','Pelletier','YoungPelletier@gmail.com','PelletierYoung');
INSERT INTO Students VALUES (620003762,'UNDERGRAD','01-01-2020');
INSERT INTO Enrolled (u_id,courseCode) VALUES (620003762,'ECON1589'),(620003762,'MATH2550'),(620003762,'COMP3238'),(620003762,'PHYS3686');
INSERT INTO Users VALUES (620003763,'Lilla','Henderson','LillaHenderson@gmail.com','HendersonLilla');
INSERT INTO Students VALUES (620003763,'UNDERGRAD','01-01-2020');
INSERT INTO Enrolled (u_id,courseCode) VALUES (620003763,'INFO1825'),(620003763,'MATH2188'),(620003763,'MATH2550'),(620003763,'CHEM3617'),(620003763,'ECON1645'),(620003763,'COMP2717');
INSERT INTO Users VALUES (620003764,'Marjorie','Saunders','MarjorieSaunders@gmail.com','SaundersMarjorie');
INSERT INTO Students VALUES (620003764,'UNDERGRAD','01-01-2020');
INSERT INTO Enrolled (u_id,courseCode) VALUES (620003764,'COMP3167'),(620003764,'CHEM1340'),(620003764,'COMP2400');
INSERT INTO Users VALUES (620003765,'Joy','Dohse','JoyDohse@gmail.com','DohseJoy');
INSERT INTO Students VALUES (620003765,'UNDERGRAD','01-01-2020');
INSERT INTO Enrolled (u_id,courseCode) VALUES (620003765,'MATH2067'),(620003765,'BIOC1448'),(620003765,'ECON1561'),(620003765,'COMP3639');
INSERT INTO Users VALUES (620003766,'Eunice','Macpartland','EuniceMacpartland@gmail.com','MacpartlandEunice');
INSERT INTO Students VALUES (620003766,'UNDERGRAD','01-01-2020');
INSERT INTO Enrolled (u_id,courseCode) VALUES (620003766,'PHYS1993'),(620003766,'PHYS1399'),(620003766,'CHEM2604'),(620003766,'BIOC1725'),(620003766,'INFO3645');
INSERT INTO Users VALUES (620003767,'Joy','Kimbrell','JoyKimbrell@gmail.com','KimbrellJoy');
INSERT INTO Students VALUES (620003767,'UNDERGRAD','01-01-2020');
INSERT INTO Enrolled (u_id,courseCode) VALUES (620003767,'MATH3179'),(620003767,'CHEM1613'),(620003767,'PHYS1930'),(620003767,'COMP3506'),(620003767,'INFO1447'),(620003767,'CHEM3617');
INSERT INTO Users VALUES (620003768,'Caroline','Krout','CarolineKrout@gmail.com','KroutCaroline');
INSERT INTO Students VALUES (620003768,'UNDERGRAD','01-01-2020');
INSERT INTO Enrolled (u_id,courseCode) VALUES (620003768,'CHEM3327'),(620003768,'CHEM3888'),(620003768,'COMP3506'),(620003768,'ECON3276'),(620003768,'COMP3418'),(620003768,'BIOC1725');
INSERT INTO Users VALUES (620003769,'Jeffrey','Maione','JeffreyMaione@gmail.com','MaioneJeffrey');
INSERT INTO Students VALUES (620003769,'UNDERGRAD','01-01-2020');
INSERT INTO Enrolled (u_id,courseCode) VALUES (620003769,'PHYS3464'),(620003769,'ECON1098'),(620003769,'BIOC1744'),(620003769,'BIOC1052'),(620003769,'ECON3228'),(620003769,'CHEM3793');
INSERT INTO Users VALUES (620003770,'Michelle','Williams','MichelleWilliams@gmail.com','WilliamsMichelle');
INSERT INTO Students VALUES (620003770,'UNDERGRAD','01-01-2020');
INSERT INTO Enrolled (u_id,courseCode) VALUES (620003770,'MATH3179'),(620003770,'CHEM1485'),(620003770,'INFO2213'),(620003770,'PHYS3876'),(620003770,'CHEM2149'),(620003770,'MATH3544');
INSERT INTO Users VALUES (620003771,'Nan','Uribe','NanUribe@gmail.com','UribeNan');
INSERT INTO Students VALUES (620003771,'UNDERGRAD','01-01-2020');
INSERT INTO Enrolled (u_id,courseCode) VALUES (620003771,'MATH3209'),(620003771,'ECON1561'),(620003771,'PHYS2117'),(620003771,'COMP3238');
INSERT INTO Users VALUES (620003772,'Carolyn','Garnes','CarolynGarnes@gmail.com','GarnesCarolyn');
INSERT INTO Students VALUES (620003772,'UNDERGRAD','01-01-2020');
INSERT INTO Enrolled (u_id,courseCode) VALUES (620003772,'CHEM2177'),(620003772,'MATH3179'),(620003772,'ECON3276');
INSERT INTO Users VALUES (620003773,'Homer','Felipe','HomerFelipe@gmail.com','FelipeHomer');
INSERT INTO Students VALUES (620003773,'UNDERGRAD','01-01-2020');
INSERT INTO Enrolled (u_id,courseCode) VALUES (620003773,'ECON3372'),(620003773,'INFO2337'),(620003773,'CHEM3054');
INSERT INTO Users VALUES (620003774,'Celia','Cochran','CeliaCochran@gmail.com','CochranCelia');
INSERT INTO Students VALUES (620003774,'UNDERGRAD','01-01-2020');
INSERT INTO Enrolled (u_id,courseCode) VALUES (620003774,'MATH2957'),(620003774,'PHYS2117'),(620003774,'BIOC1104'),(620003774,'BIOC1725'),(620003774,'BIOC1910'),(620003774,'COMP1184');
INSERT INTO Users VALUES (620003775,'Rodney','Rice','RodneyRice@gmail.com','RiceRodney');
INSERT INTO Students VALUES (620003775,'UNDERGRAD','01-01-2020');
INSERT INTO Enrolled (u_id,courseCode) VALUES (620003775,'CHEM2797'),(620003775,'MATH2957'),(620003775,'INFO3935'),(620003775,'BIOC2983'),(620003775,'COMP3849');
INSERT INTO Users VALUES (620003776,'Miss','Kent','MissKent@gmail.com','KentMiss');
INSERT INTO Students VALUES (620003776,'UNDERGRAD','01-01-2020');
INSERT INTO Enrolled (u_id,courseCode) VALUES (620003776,'ECON2814'),(620003776,'MATH3059'),(620003776,'MATH2188'),(620003776,'CHEM2066'),(620003776,'CHEM2797'),(620003776,'MATH1578');
INSERT INTO Users VALUES (620003777,'Eric','Wengerd','EricWengerd@gmail.com','WengerdEric');
INSERT INTO Students VALUES (620003777,'UNDERGRAD','01-01-2020');
INSERT INTO Enrolled (u_id,courseCode) VALUES (620003777,'CHEM3888'),(620003777,'PHYS2306'),(620003777,'PHYS2451'),(620003777,'COMP1460');
INSERT INTO Users VALUES (620003778,'Gabriel','Griffin','GabrielGriffin@gmail.com','GriffinGabriel');
INSERT INTO Students VALUES (620003778,'UNDERGRAD','01-01-2020');
INSERT INTO Enrolled (u_id,courseCode) VALUES (620003778,'BIOC2981'),(620003778,'ECON3020'),(620003778,'INFO2147'),(620003778,'PHYS2117'),(620003778,'COMP2651'),(620003778,'CHEM2797');
INSERT INTO Users VALUES (620003779,'Edward','Harness','EdwardHarness@gmail.com','HarnessEdward');
INSERT INTO Students VALUES (620003779,'UNDERGRAD','01-01-2020');
INSERT INTO Enrolled (u_id,courseCode) VALUES (620003779,'MATH2717'),(620003779,'COMP3685'),(620003779,'ECON2387'),(620003779,'CHEM3054');
INSERT INTO Users VALUES (620003780,'Louise','Woomer','LouiseWoomer@gmail.com','WoomerLouise');
INSERT INTO Students VALUES (620003780,'UNDERGRAD','01-01-2020');
INSERT INTO Enrolled (u_id,courseCode) VALUES (620003780,'COMP3238'),(620003780,'PHYS3729'),(620003780,'CHEM2626'),(620003780,'COMP1357');
INSERT INTO Users VALUES (620003781,'Charlotte','Crespo','CharlotteCrespo@gmail.com','CrespoCharlotte');
INSERT INTO Students VALUES (620003781,'UNDERGRAD','01-01-2020');
INSERT INTO Enrolled (u_id,courseCode) VALUES (620003781,'MATH1578'),(620003781,'COMP3418'),(620003781,'PHYS3876');
INSERT INTO Users VALUES (620003782,'Esmeralda','Lamar','EsmeraldaLamar@gmail.com','LamarEsmeralda');
INSERT INTO Students VALUES (620003782,'UNDERGRAD','01-01-2020');
INSERT INTO Enrolled (u_id,courseCode) VALUES (620003782,'CHEM2727'),(620003782,'MATH3059'),(620003782,'PHYS2229'),(620003782,'BIOC3191'),(620003782,'COMP1867');
INSERT INTO Users VALUES (620003783,'Gordon','Blackwell','GordonBlackwell@gmail.com','BlackwellGordon');
INSERT INTO Students VALUES (620003783,'UNDERGRAD','01-01-2020');
INSERT INTO Enrolled (u_id,courseCode) VALUES (620003783,'INFO2213'),(620003783,'MATH2067'),(620003783,'MATH3844'),(620003783,'ECON3281');
INSERT INTO Users VALUES (620003784,'Sheila','Crites','SheilaCrites@gmail.com','CritesSheila');
INSERT INTO Students VALUES (620003784,'UNDERGRAD','01-01-2020');
INSERT INTO Enrolled (u_id,courseCode) VALUES (620003784,'MATH1578'),(620003784,'BIOC1485'),(620003784,'INFO1242'),(620003784,'MATH1972');
INSERT INTO Users VALUES (620003785,'Peter','Griffitts','PeterGriffitts@gmail.com','GriffittsPeter');
INSERT INTO Students VALUES (620003785,'UNDERGRAD','01-01-2020');
INSERT INTO Enrolled (u_id,courseCode) VALUES (620003785,'INFO1990'),(620003785,'MATH1250'),(620003785,'BIOC1534'),(620003785,'COMP2717');
INSERT INTO Users VALUES (620003786,'Byron','Jeanbaptiste','ByronJeanbaptiste@gmail.com','JeanbaptisteByron');
INSERT INTO Students VALUES (620003786,'UNDERGRAD','01-01-2020');
INSERT INTO Enrolled (u_id,courseCode) VALUES (620003786,'BIOC1794'),(620003786,'BIOC2236'),(620003786,'ECON1170'),(620003786,'MATH2501'),(620003786,'PHYS3354');
INSERT INTO Users VALUES (620003787,'Tracy','Harness','TracyHarness@gmail.com','HarnessTracy');
INSERT INTO Students VALUES (620003787,'UNDERGRAD','01-01-2020');
INSERT INTO Enrolled (u_id,courseCode) VALUES (620003787,'CHEM3617'),(620003787,'COMP3238'),(620003787,'CHEM1340'),(620003787,'PHYS2977'),(620003787,'MATH3059'),(620003787,'COMP1051');
INSERT INTO Users VALUES (620003788,'Charles','Chatcho','CharlesChatcho@gmail.com','ChatchoCharles');
INSERT INTO Students VALUES (620003788,'UNDERGRAD','01-01-2020');
INSERT INTO Enrolled (u_id,courseCode) VALUES (620003788,'ECON3063'),(620003788,'MATH3688'),(620003788,'BIOC3230'),(620003788,'PHYS3876'),(620003788,'BIOC1598');
INSERT INTO Users VALUES (620003789,'Shawn','Horth','ShawnHorth@gmail.com','HorthShawn');
INSERT INTO Students VALUES (620003789,'UNDERGRAD','01-01-2020');
INSERT INTO Enrolled (u_id,courseCode) VALUES (620003789,'COMP3506'),(620003789,'CHEM2005'),(620003789,'COMP3536'),(620003789,'ECON2814'),(620003789,'BIOC1794');
INSERT INTO Users VALUES (620003790,'Kurt','Decker','KurtDecker@gmail.com','DeckerKurt');
INSERT INTO Students VALUES (620003790,'UNDERGRAD','01-01-2020');
INSERT INTO Enrolled (u_id,courseCode) VALUES (620003790,'ECON1996'),(620003790,'COMP3084'),(620003790,'MATH3209'),(620003790,'ECON3523');
INSERT INTO Users VALUES (620003791,'Madaline','Campbell','MadalineCampbell@gmail.com','CampbellMadaline');
INSERT INTO Students VALUES (620003791,'UNDERGRAD','01-01-2020');
INSERT INTO Enrolled (u_id,courseCode) VALUES (620003791,'ECON3020'),(620003791,'PHYS2448'),(620003791,'CHEM1340'),(620003791,'INFO2797'),(620003791,'INFO3603');
INSERT INTO Users VALUES (620003792,'Melvin','Eddins','MelvinEddins@gmail.com','EddinsMelvin');
INSERT INTO Students VALUES (620003792,'UNDERGRAD','01-01-2020');
INSERT INTO Enrolled (u_id,courseCode) VALUES (620003792,'COMP1867'),(620003792,'COMP2080'),(620003792,'BIOC1744'),(620003792,'CHEM2031'),(620003792,'INFO2559'),(620003792,'CHEM2149');
INSERT INTO Users VALUES (620003793,'Roger','Jeanbaptiste','RogerJeanbaptiste@gmail.com','JeanbaptisteRoger');
INSERT INTO Students VALUES (620003793,'UNDERGRAD','01-01-2020');
INSERT INTO Enrolled (u_id,courseCode) VALUES (620003793,'COMP3167'),(620003793,'ECON3523'),(620003793,'COMP1460');
INSERT INTO Users VALUES (620003794,'Evelyn','Davis','EvelynDavis@gmail.com','DavisEvelyn');
INSERT INTO Students VALUES (620003794,'UNDERGRAD','01-01-2020');
INSERT INTO Enrolled (u_id,courseCode) VALUES (620003794,'MATH1972'),(620003794,'PHYS3339'),(620003794,'CHEM3054'),(620003794,'INFO2636'),(620003794,'ECON3288'),(620003794,'COMP3697');
INSERT INTO Users VALUES (620003795,'Donald','Mance','DonaldMance@gmail.com','ManceDonald');
INSERT INTO Students VALUES (620003795,'UNDERGRAD','01-01-2020');
INSERT INTO Enrolled (u_id,courseCode) VALUES (620003795,'PHYS1399'),(620003795,'BIOC1910'),(620003795,'ECON2814');
INSERT INTO Users VALUES (620003796,'George','Banks','GeorgeBanks@gmail.com','BanksGeorge');
INSERT INTO Students VALUES (620003796,'UNDERGRAD','01-01-2020');
INSERT INTO Enrolled (u_id,courseCode) VALUES (620003796,'BIOC1534'),(620003796,'MATH2067'),(620003796,'COMP2717');
INSERT INTO Users VALUES (620003797,'Diane','Scales','DianeScales@gmail.com','ScalesDiane');
INSERT INTO Students VALUES (620003797,'UNDERGRAD','01-01-2020');
INSERT INTO Enrolled (u_id,courseCode) VALUES (620003797,'CHEM2177'),(620003797,'PHYS1993'),(620003797,'COMP2400'),(620003797,'CHEM3409'),(620003797,'COMP1573');
INSERT INTO Users VALUES (620003798,'Doris','Lauritsen','DorisLauritsen@gmail.com','LauritsenDoris');
INSERT INTO Students VALUES (620003798,'UNDERGRAD','01-01-2020');
INSERT INTO Enrolled (u_id,courseCode) VALUES (620003798,'INFO1648'),(620003798,'INFO3636'),(620003798,'ECON3004');
INSERT INTO Users VALUES (620003799,'Clarence','Boyer','ClarenceBoyer@gmail.com','BoyerClarence');
INSERT INTO Students VALUES (620003799,'UNDERGRAD','01-01-2020');
INSERT INTO Enrolled (u_id,courseCode) VALUES (620003799,'PHYS3354'),(620003799,'PHYS2977'),(620003799,'BIOC3721'),(620003799,'MATH2717');
INSERT INTO Users VALUES (620003800,'Don','Grinstead','DonGrinstead@gmail.com','GrinsteadDon');
INSERT INTO Students VALUES (620003800,'UNDERGRAD','01-01-2020');
INSERT INTO Enrolled (u_id,courseCode) VALUES (620003800,'PHYS1930'),(620003800,'COMP3084'),(620003800,'BIOC3341'),(620003800,'INFO2521'),(620003800,'ECON1561');
INSERT INTO Users VALUES (620003801,'Janet','Eaton','JanetEaton@gmail.com','EatonJanet');
INSERT INTO Students VALUES (620003801,'UNDERGRAD','01-01-2020');
INSERT INTO Enrolled (u_id,courseCode) VALUES (620003801,'PHYS1399'),(620003801,'MATH2873'),(620003801,'COMP3084'),(620003801,'ECON3020');
INSERT INTO Users VALUES (620003802,'Leo','Noggle','LeoNoggle@gmail.com','NoggleLeo');
INSERT INTO Students VALUES (620003802,'UNDERGRAD','01-01-2020');
INSERT INTO Enrolled (u_id,courseCode) VALUES (620003802,'INFO1648'),(620003802,'PHYS2451'),(620003802,'INFO3419'),(620003802,'COMP1867');
INSERT INTO Users VALUES (620003803,'Lilla','Deen','LillaDeen@gmail.com','DeenLilla');
INSERT INTO Students VALUES (620003803,'UNDERGRAD','01-01-2020');
INSERT INTO Enrolled (u_id,courseCode) VALUES (620003803,'BIOC2550'),(620003803,'INFO2147'),(620003803,'MATH1648'),(620003803,'ECON1783'),(620003803,'MATH3222');
INSERT INTO Users VALUES (620003804,'Ed','Steinberger','EdSteinberger@gmail.com','SteinbergerEd');
INSERT INTO Students VALUES (620003804,'UNDERGRAD','01-01-2020');
INSERT INTO Enrolled (u_id,courseCode) VALUES (620003804,'INFO1990'),(620003804,'CHEM2065'),(620003804,'BIOC1448'),(620003804,'COMP2077');
INSERT INTO Users VALUES (620003805,'Benjamin','Pedersen','BenjaminPedersen@gmail.com','PedersenBenjamin');
INSERT INTO Students VALUES (620003805,'UNDERGRAD','01-01-2020');
INSERT INTO Enrolled (u_id,courseCode) VALUES (620003805,'INFO2860'),(620003805,'INFO1990'),(620003805,'COMP2541'),(620003805,'CHEM2727'),(620003805,'MATH3059'),(620003805,'CHEM3793');
INSERT INTO Users VALUES (620003806,'Susan','Casteel','SusanCasteel@gmail.com','CasteelSusan');
INSERT INTO Students VALUES (620003806,'UNDERGRAD','01-01-2020');
INSERT INTO Enrolled (u_id,courseCode) VALUES (620003806,'CHEM1807'),(620003806,'INFO1990'),(620003806,'PHYS3290'),(620003806,'INFO2811');
INSERT INTO Users VALUES (620003807,'Ed','Hunt','EdHunt@gmail.com','HuntEd');
INSERT INTO Students VALUES (620003807,'UNDERGRAD','01-01-2020');
INSERT INTO Enrolled (u_id,courseCode) VALUES (620003807,'PHYS2117'),(620003807,'BIOC3341'),(620003807,'CHEM1340'),(620003807,'BIOC3230'),(620003807,'PHYS2113');
INSERT INTO Users VALUES (620003808,'Suzanne','Prince','SuzannePrince@gmail.com','PrinceSuzanne');
INSERT INTO Students VALUES (620003808,'UNDERGRAD','01-01-2020');
INSERT INTO Enrolled (u_id,courseCode) VALUES (620003808,'INFO3645'),(620003808,'BIOC1744'),(620003808,'CHEM2066'),(620003808,'COMP3536'),(620003808,'MATH3209');
INSERT INTO Users VALUES (620003809,'Shalanda','Sullivan','ShalandaSullivan@gmail.com','SullivanShalanda');
INSERT INTO Students VALUES (620003809,'UNDERGRAD','01-01-2020');
INSERT INTO Enrolled (u_id,courseCode) VALUES (620003809,'COMP3167'),(620003809,'INFO2860'),(620003809,'INFO1648'),(620003809,'PHYS2667'),(620003809,'COMP3536'),(620003809,'COMP2541');
INSERT INTO Users VALUES (620003810,'Adam','Hunt','AdamHunt@gmail.com','HuntAdam');
INSERT INTO Students VALUES (620003810,'UNDERGRAD','01-01-2020');
INSERT INTO Enrolled (u_id,courseCode) VALUES (620003810,'INFO3603'),(620003810,'INFO1145'),(620003810,'BIOC2550'),(620003810,'MATH2873'),(620003810,'INFO2797'),(620003810,'PHYS3659');
INSERT INTO Users VALUES (620003811,'Jeanna','Eubank','JeannaEubank@gmail.com','EubankJeanna');
INSERT INTO Students VALUES (620003811,'UNDERGRAD','01-01-2020');
INSERT INTO Enrolled (u_id,courseCode) VALUES (620003811,'COMP2651'),(620003811,'BIOC2983'),(620003811,'MATH1735'),(620003811,'PHYS2338'),(620003811,'ECON1645');
INSERT INTO Users VALUES (620003812,'Tanya','Mertens','TanyaMertens@gmail.com','MertensTanya');
INSERT INTO Students VALUES (620003812,'UNDERGRAD','01-01-2020');
INSERT INTO Enrolled (u_id,courseCode) VALUES (620003812,'MATH3688'),(620003812,'INFO1833'),(620003812,'INFO1825'),(620003812,'COMP3418'),(620003812,'INFO2797');
INSERT INTO Users VALUES (620003813,'Angela','Williams','AngelaWilliams@gmail.com','WilliamsAngela');
INSERT INTO Students VALUES (620003813,'UNDERGRAD','01-01-2020');
INSERT INTO Enrolled (u_id,courseCode) VALUES (620003813,'PHYS3659'),(620003813,'PHYS2306'),(620003813,'PHYS3339'),(620003813,'MATH1638'),(620003813,'PHYS3464'),(620003813,'MATH3613');
INSERT INTO Users VALUES (620003814,'Hector','Flemming','HectorFlemming@gmail.com','FlemmingHector');
INSERT INTO Students VALUES (620003814,'UNDERGRAD','01-01-2020');
INSERT INTO Enrolled (u_id,courseCode) VALUES (620003814,'CHEM2446'),(620003814,'MATH2188'),(620003814,'CHEM2867'),(620003814,'ECON3447'),(620003814,'MATH3209'),(620003814,'PHYS1140');
INSERT INTO Users VALUES (620003815,'Vernon','Flowers','VernonFlowers@gmail.com','FlowersVernon');
INSERT INTO Students VALUES (620003815,'UNDERGRAD','01-01-2020');
INSERT INTO Enrolled (u_id,courseCode) VALUES (620003815,'CHEM1485'),(620003815,'PHYS3464'),(620003815,'PHYS3787');
INSERT INTO Users VALUES (620003816,'Bryan','Martin','BryanMartin@gmail.com','MartinBryan');
INSERT INTO Students VALUES (620003816,'UNDERGRAD','01-01-2020');
INSERT INTO Enrolled (u_id,courseCode) VALUES (620003816,'BIOC1164'),(620003816,'COMP2651'),(620003816,'COMP1184'),(620003816,'COMP3639');
INSERT INTO Users VALUES (620003817,'Katherine','Mcneill','KatherineMcneill@gmail.com','McneillKatherine');
INSERT INTO Students VALUES (620003817,'UNDERGRAD','01-01-2020');
INSERT INTO Enrolled (u_id,courseCode) VALUES (620003817,'CHEM3793'),(620003817,'CHEM2446'),(620003817,'MATH1735'),(620003817,'ECON3276'),(620003817,'CHEM2626'),(620003817,'CHEM3327');
INSERT INTO Users VALUES (620003818,'Vickie','Quintero','VickieQuintero@gmail.com','QuinteroVickie');
INSERT INTO Students VALUES (620003818,'UNDERGRAD','01-01-2020');
INSERT INTO Enrolled (u_id,courseCode) VALUES (620003818,'BIOC1725'),(620003818,'INFO1447'),(620003818,'MATH2801'),(620003818,'INFO2636'),(620003818,'PHYS3876'),(620003818,'PHYS3464');
INSERT INTO Users VALUES (620003819,'Roy','Harness','RoyHarness@gmail.com','HarnessRoy');
INSERT INTO Students VALUES (620003819,'UNDERGRAD','01-01-2020');
INSERT INTO Enrolled (u_id,courseCode) VALUES (620003819,'BIOC1986'),(620003819,'CHEM2867'),(620003819,'ECON3063'),(620003819,'ECON1458'),(620003819,'COMP1184');
INSERT INTO Users VALUES (620003820,'Adelle','Walker','AdelleWalker@gmail.com','WalkerAdelle');
INSERT INTO Students VALUES (620003820,'UNDERGRAD','01-01-2020');
INSERT INTO Enrolled (u_id,courseCode) VALUES (620003820,'PHYS3052'),(620003820,'ECON3063'),(620003820,'COMP2361'),(620003820,'BIOC1986'),(620003820,'MATH1250');
INSERT INTO Users VALUES (620003821,'Cherise','Wengerd','CheriseWengerd@gmail.com','WengerdCherise');
INSERT INTO Students VALUES (620003821,'UNDERGRAD','01-01-2020');
INSERT INTO Enrolled (u_id,courseCode) VALUES (620003821,'MATH1454'),(620003821,'CHEM3793'),(620003821,'BIOC3457'),(620003821,'CHEM1613'),(620003821,'BIOC2550'),(620003821,'ECON3276');
INSERT INTO Users VALUES (620003822,'George','Lowry','GeorgeLowry@gmail.com','LowryGeorge');
INSERT INTO Students VALUES (620003822,'UNDERGRAD','01-01-2020');
INSERT INTO Enrolled (u_id,courseCode) VALUES (620003822,'ECON3447'),(620003822,'CHEM2626'),(620003822,'ECON3311');
INSERT INTO Users VALUES (620003823,'Josh','Withrow','JoshWithrow@gmail.com','WithrowJosh');
INSERT INTO Students VALUES (620003823,'UNDERGRAD','01-01-2020');
INSERT INTO Enrolled (u_id,courseCode) VALUES (620003823,'ECON1783'),(620003823,'PHYS1979'),(620003823,'COMP3167'),(620003823,'MATH3222');
INSERT INTO Users VALUES (620003824,'Stanley','Avery','StanleyAvery@gmail.com','AveryStanley');
INSERT INTO Students VALUES (620003824,'UNDERGRAD','01-01-2020');
INSERT INTO Enrolled (u_id,courseCode) VALUES (620003824,'PHYS3464'),(620003824,'PHYS2451'),(620003824,'BIOC3230'),(620003824,'ECON1170');
INSERT INTO Users VALUES (620003825,'Evelyn','Dillis','EvelynDillis@gmail.com','DillisEvelyn');
INSERT INTO Students VALUES (620003825,'UNDERGRAD','01-01-2020');
INSERT INTO Enrolled (u_id,courseCode) VALUES (620003825,'PHYS1140'),(620003825,'ECON1589'),(620003825,'CHEM3327'),(620003825,'COMP1867'),(620003825,'CHEM3347'),(620003825,'COMP3173');
INSERT INTO Users VALUES (620003826,'Eunice','Lopez','EuniceLopez@gmail.com','LopezEunice');
INSERT INTO Students VALUES (620003826,'UNDERGRAD','01-01-2020');
INSERT INTO Enrolled (u_id,courseCode) VALUES (620003826,'MATH2501'),(620003826,'INFO1825'),(620003826,'INFO2636'),(620003826,'PHYS2306'),(620003826,'BIOC2550'),(620003826,'ECON1589');
INSERT INTO Users VALUES (620003827,'Dwight','Heckstall','DwightHeckstall@gmail.com','HeckstallDwight');
INSERT INTO Students VALUES (620003827,'UNDERGRAD','01-01-2020');
INSERT INTO Enrolled (u_id,courseCode) VALUES (620003827,'PHYS3339'),(620003827,'BIOC3721'),(620003827,'COMP3536'),(620003827,'ECON1012'),(620003827,'PHYS2113');
INSERT INTO Users VALUES (620003828,'Kurt','Dumas','KurtDumas@gmail.com','DumasKurt');
INSERT INTO Students VALUES (620003828,'UNDERGRAD','01-01-2020');
INSERT INTO Enrolled (u_id,courseCode) VALUES (620003828,'MATH2717'),(620003828,'MATH3209'),(620003828,'BIOC2671'),(620003828,'INFO2813'),(620003828,'BIOC1448');
INSERT INTO Users VALUES (620003829,'Frances','Duffy','FrancesDuffy@gmail.com','DuffyFrances');
INSERT INTO Students VALUES (620003829,'UNDERGRAD','01-01-2020');
INSERT INTO Enrolled (u_id,courseCode) VALUES (620003829,'CHEM2005'),(620003829,'CHEM3409'),(620003829,'ECON2345'),(620003829,'INFO3603');
INSERT INTO Users VALUES (620003830,'Eunice','Walley','EuniceWalley@gmail.com','WalleyEunice');
INSERT INTO Students VALUES (620003830,'UNDERGRAD','01-01-2020');
INSERT INTO Enrolled (u_id,courseCode) VALUES (620003830,'PHYS2451'),(620003830,'MATH3688'),(620003830,'MATH3857'),(620003830,'CHEM1807');
INSERT INTO Users VALUES (620003831,'Lauren','Larry','LaurenLarry@gmail.com','LarryLauren');
INSERT INTO Students VALUES (620003831,'UNDERGRAD','01-01-2020');
INSERT INTO Enrolled (u_id,courseCode) VALUES (620003831,'PHYS2229'),(620003831,'MATH2555'),(620003831,'CHEM1485');
INSERT INTO Users VALUES (620003832,'Shawn','Mchenry','ShawnMchenry@gmail.com','MchenryShawn');
INSERT INTO Students VALUES (620003832,'UNDERGRAD','01-01-2020');
INSERT INTO Enrolled (u_id,courseCode) VALUES (620003832,'PHYS3290'),(620003832,'PHYS3339'),(620003832,'INFO2811'),(620003832,'PHYS2563'),(620003832,'MATH1735'),(620003832,'CHEM2149');
INSERT INTO Users VALUES (620003833,'Jesus','Burney','JesusBurney@gmail.com','BurneyJesus');
INSERT INTO Students VALUES (620003833,'UNDERGRAD','01-01-2020');
INSERT INTO Enrolled (u_id,courseCode) VALUES (620003833,'ECON3288'),(620003833,'BIOC2236'),(620003833,'ECON1645'),(620003833,'MATH3222'),(620003833,'CHEM2031'),(620003833,'COMP2400');
INSERT INTO Users VALUES (620003834,'Sadie','Tate','SadieTate@gmail.com','TateSadie');
INSERT INTO Students VALUES (620003834,'UNDERGRAD','01-01-2020');
INSERT INTO Enrolled (u_id,courseCode) VALUES (620003834,'INFO2797'),(620003834,'COMP2361'),(620003834,'INFO3868'),(620003834,'BIOC1910');
INSERT INTO Users VALUES (620003835,'Terri','Joeckel','TerriJoeckel@gmail.com','JoeckelTerri');
INSERT INTO Students VALUES (620003835,'UNDERGRAD','01-01-2020');
INSERT INTO Enrolled (u_id,courseCode) VALUES (620003835,'INFO2860'),(620003835,'MATH1578'),(620003835,'PHYS3686'),(620003835,'MATH2717'),(620003835,'CHEM2220');
INSERT INTO Users VALUES (620003836,'Ronald','Quintero','RonaldQuintero@gmail.com','QuinteroRonald');
INSERT INTO Students VALUES (620003836,'UNDERGRAD','01-01-2020');
INSERT INTO Enrolled (u_id,courseCode) VALUES (620003836,'BIOC2981'),(620003836,'INFO2270'),(620003836,'MATH2501'),(620003836,'BIOC2589');
INSERT INTO Users VALUES (620003837,'Wayne','Jackson','WayneJackson@gmail.com','JacksonWayne');
INSERT INTO Students VALUES (620003837,'UNDERGRAD','01-01-2020');
INSERT INTO Enrolled (u_id,courseCode) VALUES (620003837,'BIOC3604'),(620003837,'BIOC1794'),(620003837,'INFO2950'),(620003837,'COMP1184'),(620003837,'PHYS1399');
INSERT INTO Users VALUES (620003838,'Bernie','Davis','BernieDavis@gmail.com','DavisBernie');
INSERT INTO Students VALUES (620003838,'UNDERGRAD','01-01-2020');
INSERT INTO Enrolled (u_id,courseCode) VALUES (620003838,'ECON1589'),(620003838,'COMP1867'),(620003838,'BIOC2671');
INSERT INTO Users VALUES (620003839,'Cleveland','Robertson','ClevelandRobertson@gmail.com','RobertsonCleveland');
INSERT INTO Students VALUES (620003839,'UNDERGRAD','01-01-2020');
INSERT INTO Enrolled (u_id,courseCode) VALUES (620003839,'INFO1648'),(620003839,'ECON1458'),(620003839,'MATH2501'),(620003839,'CHEM2626'),(620003839,'PHYS2667');
INSERT INTO Users VALUES (620003840,'Angela','Nighman','AngelaNighman@gmail.com','NighmanAngela');
INSERT INTO Students VALUES (620003840,'UNDERGRAD','01-01-2020');
INSERT INTO Enrolled (u_id,courseCode) VALUES (620003840,'BIOC1052'),(620003840,'INFO1648'),(620003840,'BIOC1910'),(620003840,'CHEM1340'),(620003840,'INFO2147');
INSERT INTO Users VALUES (620003841,'Colin','Mejias','ColinMejias@gmail.com','MejiasColin');
INSERT INTO Students VALUES (620003841,'UNDERGRAD','01-01-2020');
INSERT INTO Enrolled (u_id,courseCode) VALUES (620003841,'INFO2559'),(620003841,'COMP3173'),(620003841,'CHEM1494'),(620003841,'BIOC1725'),(620003841,'BIOC3604');
INSERT INTO Users VALUES (620003842,'Cassie','Harness','CassieHarness@gmail.com','HarnessCassie');
INSERT INTO Students VALUES (620003842,'UNDERGRAD','01-01-2020');
INSERT INTO Enrolled (u_id,courseCode) VALUES (620003842,'CHEM1340'),(620003842,'INFO1990'),(620003842,'MATH1454');
INSERT INTO Users VALUES (620003843,'Beverly','Comley','BeverlyComley@gmail.com','ComleyBeverly');
INSERT INTO Students VALUES (620003843,'UNDERGRAD','01-01-2020');
INSERT INTO Enrolled (u_id,courseCode) VALUES (620003843,'PHYS2238'),(620003843,'INFO2813'),(620003843,'COMP1357'),(620003843,'COMP3685'),(620003843,'ECON2387');
INSERT INTO Users VALUES (620003844,'Sarah','Chan','SarahChan@gmail.com','ChanSarah');
INSERT INTO Students VALUES (620003844,'UNDERGRAD','01-01-2020');
INSERT INTO Enrolled (u_id,courseCode) VALUES (620003844,'CHEM2066'),(620003844,'CHEM2149'),(620003844,'CHEM2727'),(620003844,'CHEM1613'),(620003844,'PHYS3729'),(620003844,'BIOC3341');
INSERT INTO Users VALUES (620003845,'Timothy','Jensen','TimothyJensen@gmail.com','JensenTimothy');
INSERT INTO Students VALUES (620003845,'UNDERGRAD','01-01-2020');
INSERT INTO Enrolled (u_id,courseCode) VALUES (620003845,'CHEM2697'),(620003845,'MATH2555'),(620003845,'ECON3085'),(620003845,'COMP3238');
INSERT INTO Users VALUES (620003846,'Mildred','Congdon','MildredCongdon@gmail.com','CongdonMildred');
INSERT INTO Students VALUES (620003846,'UNDERGRAD','01-01-2020');
INSERT INTO Enrolled (u_id,courseCode) VALUES (620003846,'BIOC2981'),(620003846,'ECON3276'),(620003846,'BIOC1164');
INSERT INTO Users VALUES (620003847,'Nicole','Griffin','NicoleGriffin@gmail.com','GriffinNicole');
INSERT INTO Students VALUES (620003847,'UNDERGRAD','01-01-2020');
INSERT INTO Enrolled (u_id,courseCode) VALUES (620003847,'COMP3849'),(620003847,'COMP1867'),(620003847,'INFO2811'),(620003847,'COMP1184'),(620003847,'PHYS2306'),(620003847,'MATH1250');
INSERT INTO Users VALUES (620003848,'Glenda','Madsen','GlendaMadsen@gmail.com','MadsenGlenda');
INSERT INTO Students VALUES (620003848,'UNDERGRAD','01-01-2020');
INSERT INTO Enrolled (u_id,courseCode) VALUES (620003848,'ECON3020'),(620003848,'COMP3173'),(620003848,'ECON3737'),(620003848,'INFO1288'),(620003848,'ECON1458');
INSERT INTO Users VALUES (620003849,'Walter','Stallings','WalterStallings@gmail.com','StallingsWalter');
INSERT INTO Students VALUES (620003849,'UNDERGRAD','01-01-2020');
INSERT INTO Enrolled (u_id,courseCode) VALUES (620003849,'CHEM2066'),(620003849,'INFO2860'),(620003849,'INFO3636'),(620003849,'BIOC3341');
INSERT INTO Users VALUES (620003850,'Linda','Brown','LindaBrown@gmail.com','BrownLinda');
INSERT INTO Students VALUES (620003850,'UNDERGRAD','01-01-2020');
INSERT INTO Enrolled (u_id,courseCode) VALUES (620003850,'ECON1170'),(620003850,'MATH1578'),(620003850,'MATH2067'),(620003850,'BIOC2550'),(620003850,'ECON1012');
INSERT INTO Users VALUES (620003851,'Christopher','Shattuck','ChristopherShattuck@gmail.com','ShattuckChristopher');
INSERT INTO Students VALUES (620003851,'UNDERGRAD','01-01-2020');
INSERT INTO Enrolled (u_id,courseCode) VALUES (620003851,'BIOC3457'),(620003851,'INFO3645'),(620003851,'MATH2550'),(620003851,'ECON2814'),(620003851,'INFO3636');
INSERT INTO Users VALUES (620003852,'Don','Ott','DonOtt@gmail.com','OttDon');
INSERT INTO Students VALUES (620003852,'UNDERGRAD','01-01-2020');
INSERT INTO Enrolled (u_id,courseCode) VALUES (620003852,'BIOC2671'),(620003852,'CHEM1613'),(620003852,'INFO1648');
INSERT INTO Users VALUES (620003853,'Marilyn','Lundholm','MarilynLundholm@gmail.com','LundholmMarilyn');
INSERT INTO Students VALUES (620003853,'UNDERGRAD','01-01-2020');
INSERT INTO Enrolled (u_id,courseCode) VALUES (620003853,'PHYS2451'),(620003853,'BIOC3230'),(620003853,'MATH1578'),(620003853,'BIOC1910'),(620003853,'MATH3222');
INSERT INTO Users VALUES (620003854,'Daniel','Uribe','DanielUribe@gmail.com','UribeDaniel');
INSERT INTO Students VALUES (620003854,'UNDERGRAD','01-01-2020');
INSERT INTO Enrolled (u_id,courseCode) VALUES (620003854,'COMP2541'),(620003854,'ECON2703'),(620003854,'CHEM2065');
INSERT INTO Users VALUES (620003855,'Nan','Valenzuela','NanValenzuela@gmail.com','ValenzuelaNan');
INSERT INTO Students VALUES (620003855,'UNDERGRAD','01-01-2020');
INSERT INTO Enrolled (u_id,courseCode) VALUES (620003855,'CHEM2727'),(620003855,'INFO2797'),(620003855,'BIOC3721');
INSERT INTO Users VALUES (620003856,'Dean','Christinsen','DeanChristinsen@gmail.com','ChristinsenDean');
INSERT INTO Students VALUES (620003856,'UNDERGRAD','01-01-2020');
INSERT INTO Enrolled (u_id,courseCode) VALUES (620003856,'PHYS1173'),(620003856,'CHEM2065'),(620003856,'ECON2814'),(620003856,'COMP1460'),(620003856,'CHEM3617');
INSERT INTO Users VALUES (620003857,'Louis','Valenzuela','LouisValenzuela@gmail.com','ValenzuelaLouis');
INSERT INTO Students VALUES (620003857,'UNDERGRAD','01-01-2020');
INSERT INTO Enrolled (u_id,courseCode) VALUES (620003857,'COMP3697'),(620003857,'CHEM2697'),(620003857,'COMP2080');
INSERT INTO Users VALUES (620003858,'Jason','Maione','JasonMaione@gmail.com','MaioneJason');
INSERT INTO Students VALUES (620003858,'UNDERGRAD','01-01-2020');
INSERT INTO Enrolled (u_id,courseCode) VALUES (620003858,'ECON3737'),(620003858,'ECON3228'),(620003858,'MATH2717');
INSERT INTO Users VALUES (620003859,'Paul','Cardona','PaulCardona@gmail.com','CardonaPaul');
INSERT INTO Students VALUES (620003859,'UNDERGRAD','01-01-2020');
INSERT INTO Enrolled (u_id,courseCode) VALUES (620003859,'COMP3238'),(620003859,'BIOC1986'),(620003859,'PHYS3052'),(620003859,'INFO2716'),(620003859,'BIOC1534');
INSERT INTO Users VALUES (620003860,'Debbie','Brown','DebbieBrown@gmail.com','BrownDebbie');
INSERT INTO Students VALUES (620003860,'UNDERGRAD','01-01-2020');
INSERT INTO Enrolled (u_id,courseCode) VALUES (620003860,'PHYS3659'),(620003860,'CHEM1807'),(620003860,'ECON1561'),(620003860,'MATH3179'),(620003860,'BIOC1866'),(620003860,'PHYS2977');
INSERT INTO Users VALUES (620003861,'Kasey','Reyes','KaseyReyes@gmail.com','ReyesKasey');
INSERT INTO Students VALUES (620003861,'UNDERGRAD','01-01-2020');
INSERT INTO Enrolled (u_id,courseCode) VALUES (620003861,'PHYS3729'),(620003861,'ECON3281'),(620003861,'MATH1972'),(620003861,'COMP2077'),(620003861,'BIOC3721');
INSERT INTO Users VALUES (620003862,'Dennis','Smith','DennisSmith@gmail.com','SmithDennis');
INSERT INTO Students VALUES (620003862,'UNDERGRAD','01-01-2020');
INSERT INTO Enrolled (u_id,courseCode) VALUES (620003862,'MATH2501'),(620003862,'PHYS1979'),(620003862,'INFO2147'),(620003862,'CHEM3793'),(620003862,'MATH1454'),(620003862,'COMP3639');
INSERT INTO Users VALUES (620003863,'Mason','Davis','MasonDavis@gmail.com','DavisMason');
INSERT INTO Students VALUES (620003863,'UNDERGRAD','01-01-2020');
INSERT INTO Enrolled (u_id,courseCode) VALUES (620003863,'ECON3281'),(620003863,'CHEM3617'),(620003863,'CHEM1485');
INSERT INTO Users VALUES (620003864,'Adelia','Turner','AdeliaTurner@gmail.com','TurnerAdelia');
INSERT INTO Students VALUES (620003864,'UNDERGRAD','01-01-2020');
INSERT INTO Enrolled (u_id,courseCode) VALUES (620003864,'CHEM1494'),(620003864,'ECON2722'),(620003864,'MATH2873');
INSERT INTO Users VALUES (620003865,'Doris','Joeckel','DorisJoeckel@gmail.com','JoeckelDoris');
INSERT INTO Students VALUES (620003865,'UNDERGRAD','01-01-2020');
INSERT INTO Enrolled (u_id,courseCode) VALUES (620003865,'BIOC3457'),(620003865,'ECON1561'),(620003865,'ECON3020'),(620003865,'COMP2651'),(620003865,'MATH1972'),(620003865,'ECON1170');
INSERT INTO Users VALUES (620003866,'Alfred','Felipe','AlfredFelipe@gmail.com','FelipeAlfred');
INSERT INTO Students VALUES (620003866,'UNDERGRAD','01-01-2020');
INSERT INTO Enrolled (u_id,courseCode) VALUES (620003866,'MATH3059'),(620003866,'ECON3228'),(620003866,'MATH3029'),(620003866,'CHEM2867'),(620003866,'MATH3688'),(620003866,'ECON3311');
INSERT INTO Users VALUES (620003867,'Trina','Joaquin','TrinaJoaquin@gmail.com','JoaquinTrina');
INSERT INTO Students VALUES (620003867,'UNDERGRAD','01-01-2020');
INSERT INTO Enrolled (u_id,courseCode) VALUES (620003867,'COMP3746'),(620003867,'CHEM2149'),(620003867,'BIOC3230'),(620003867,'INFO1014'),(620003867,'BIOC1598'),(620003867,'ECON1230');
INSERT INTO Users VALUES (620003868,'Tim','Smith','TimSmith@gmail.com','SmithTim');
INSERT INTO Students VALUES (620003868,'UNDERGRAD','01-01-2020');
INSERT INTO Enrolled (u_id,courseCode) VALUES (620003868,'MATH2501'),(620003868,'INFO2337'),(620003868,'CHEM2446'),(620003868,'CHEM2697'),(620003868,'PHYS2338');
INSERT INTO Users VALUES (620003869,'Angie','Crawford','AngieCrawford@gmail.com','CrawfordAngie');
INSERT INTO Students VALUES (620003869,'UNDERGRAD','01-01-2020');
INSERT INTO Enrolled (u_id,courseCode) VALUES (620003869,'COMP3697'),(620003869,'MATH2550'),(620003869,'INFO2797'),(620003869,'INFO3935'),(620003869,'MATH1578'),(620003869,'ECON2387');
INSERT INTO Users VALUES (620003870,'Brooke','Spohn','BrookeSpohn@gmail.com','SpohnBrooke');
INSERT INTO Students VALUES (620003870,'UNDERGRAD','01-01-2020');
INSERT INTO Enrolled (u_id,courseCode) VALUES (620003870,'COMP1184'),(620003870,'PHYS1173'),(620003870,'PHYS1140'),(620003870,'PHYS2229');
INSERT INTO Users VALUES (620003871,'Ashleigh','Larry','AshleighLarry@gmail.com','LarryAshleigh');
INSERT INTO Students VALUES (620003871,'UNDERGRAD','01-01-2020');
INSERT INTO Enrolled (u_id,courseCode) VALUES (620003871,'BIOC1534'),(620003871,'MATH2801'),(620003871,'PHYS3686'),(620003871,'COMP1573'),(620003871,'ECON3063');
INSERT INTO Users VALUES (620003872,'Teresa','Krout','TeresaKrout@gmail.com','KroutTeresa');
INSERT INTO Students VALUES (620003872,'UNDERGRAD','01-01-2020');
INSERT INTO Enrolled (u_id,courseCode) VALUES (620003872,'MATH1148'),(620003872,'INFO2813'),(620003872,'INFO2521'),(620003872,'CHEM2031'),(620003872,'MATH1578');
INSERT INTO Users VALUES (620003873,'Joyce','Larry','JoyceLarry@gmail.com','LarryJoyce');
INSERT INTO Students VALUES (620003873,'UNDERGRAD','01-01-2020');
INSERT INTO Enrolled (u_id,courseCode) VALUES (620003873,'INFO2716'),(620003873,'MATH2555'),(620003873,'BIOC3604');
INSERT INTO Users VALUES (620003874,'Wendell','Granado','WendellGranado@gmail.com','GranadoWendell');
INSERT INTO Students VALUES (620003874,'UNDERGRAD','01-01-2020');
INSERT INTO Enrolled (u_id,courseCode) VALUES (620003874,'BIOC3230'),(620003874,'INFO2636'),(620003874,'MATH2501'),(620003874,'MATH3059'),(620003874,'INFO2270'),(620003874,'COMP2400');
INSERT INTO Users VALUES (620003875,'Wayne','Nerbonne','WayneNerbonne@gmail.com','NerbonneWayne');
INSERT INTO Students VALUES (620003875,'UNDERGRAD','01-01-2020');
INSERT INTO Enrolled (u_id,courseCode) VALUES (620003875,'MATH2188'),(620003875,'ECON3523'),(620003875,'CHEM2005'),(620003875,'BIOC1986'),(620003875,'MATH2550');
INSERT INTO Users VALUES (620003876,'Eugene','Lockwood','EugeneLockwood@gmail.com','LockwoodEugene');
INSERT INTO Students VALUES (620003876,'UNDERGRAD','01-01-2020');
INSERT INTO Enrolled (u_id,courseCode) VALUES (620003876,'PHYS2338'),(620003876,'CHEM2446'),(620003876,'CHEM2065');
INSERT INTO Users VALUES (620003877,'Michael','Rice','MichaelRice@gmail.com','RiceMichael');
INSERT INTO Students VALUES (620003877,'UNDERGRAD','01-01-2020');
INSERT INTO Enrolled (u_id,courseCode) VALUES (620003877,'ECON3989'),(620003877,'MATH2550'),(620003877,'CHEM2727'),(620003877,'ECON1498'),(620003877,'INFO2811'),(620003877,'ECON1561');
INSERT INTO Users VALUES (620003878,'Lilla','Carlyle','LillaCarlyle@gmail.com','CarlyleLilla');
INSERT INTO Students VALUES (620003878,'UNDERGRAD','01-01-2020');
INSERT INTO Enrolled (u_id,courseCode) VALUES (620003878,'BIOC2236'),(620003878,'ECON3550'),(620003878,'PHYS3729'),(620003878,'COMP2361'),(620003878,'COMP3238');
INSERT INTO Users VALUES (620003879,'Katie','Sultzer','KatieSultzer@gmail.com','SultzerKatie');
INSERT INTO Students VALUES (620003879,'UNDERGRAD','01-01-2020');
INSERT INTO Enrolled (u_id,courseCode) VALUES (620003879,'INFO3636'),(620003879,'ECON3523'),(620003879,'CHEM3617');
INSERT INTO Users VALUES (620003880,'James','Mcalister','JamesMcalister@gmail.com','McalisterJames');
INSERT INTO Students VALUES (620003880,'UNDERGRAD','01-01-2020');
INSERT INTO Enrolled (u_id,courseCode) VALUES (620003880,'PHYS3290'),(620003880,'PHYS2229'),(620003880,'COMP2717');
INSERT INTO Users VALUES (620003881,'Terri','Burch','TerriBurch@gmail.com','BurchTerri');
INSERT INTO Students VALUES (620003881,'UNDERGRAD','01-01-2020');
INSERT INTO Enrolled (u_id,courseCode) VALUES (620003881,'ECON2722'),(620003881,'INFO1242'),(620003881,'MATH1454'),(620003881,'PHYS3659');
INSERT INTO Users VALUES (620003882,'Toby','Daniels','TobyDaniels@gmail.com','DanielsToby');
INSERT INTO Students VALUES (620003882,'UNDERGRAD','01-01-2020');
INSERT INTO Enrolled (u_id,courseCode) VALUES (620003882,'MATH3613'),(620003882,'INFO3868'),(620003882,'CHEM2727'),(620003882,'CHEM3888'),(620003882,'INFO2860');
INSERT INTO Users VALUES (620003883,'Mathew','Horth','MathewHorth@gmail.com','HorthMathew');
INSERT INTO Students VALUES (620003883,'UNDERGRAD','01-01-2020');
INSERT INTO Enrolled (u_id,courseCode) VALUES (620003883,'INFO1833'),(620003883,'CHEM1494'),(620003883,'INFO2270'),(620003883,'INFO2813');
INSERT INTO Users VALUES (620003884,'Bethany','Amberg','BethanyAmberg@gmail.com','AmbergBethany');
INSERT INTO Students VALUES (620003884,'UNDERGRAD','01-01-2020');
INSERT INTO Enrolled (u_id,courseCode) VALUES (620003884,'BIOC3230'),(620003884,'PHYS3464'),(620003884,'COMP1867'),(620003884,'PHYS1993'),(620003884,'BIOC1986');
INSERT INTO Users VALUES (620003885,'Sam','Petty','SamPetty@gmail.com','PettySam');
INSERT INTO Students VALUES (620003885,'UNDERGRAD','01-01-2020');
INSERT INTO Enrolled (u_id,courseCode) VALUES (620003885,'ECON1012'),(620003885,'INFO3935'),(620003885,'BIOC3341'),(620003885,'ECON2722'),(620003885,'BIOC1598'),(620003885,'CHEM1613');
INSERT INTO Users VALUES (620003886,'Catherine','Blevins','CatherineBlevins@gmail.com','BlevinsCatherine');
INSERT INTO Students VALUES (620003886,'UNDERGRAD','01-01-2020');
INSERT INTO Enrolled (u_id,courseCode) VALUES (620003886,'COMP1184'),(620003886,'CHEM2065'),(620003886,'PHYS3464'),(620003886,'MATH1309'),(620003886,'INFO3645'),(620003886,'CHEM2727');
INSERT INTO Users VALUES (620003887,'Lauren','Shields','LaurenShields@gmail.com','ShieldsLauren');
INSERT INTO Students VALUES (620003887,'UNDERGRAD','01-01-2020');
INSERT INTO Enrolled (u_id,courseCode) VALUES (620003887,'MATH2801'),(620003887,'ECON3281'),(620003887,'CHEM3614');
INSERT INTO Users VALUES (620003888,'Michelle','Garrett','MichelleGarrett@gmail.com','GarrettMichelle');
INSERT INTO Students VALUES (620003888,'UNDERGRAD','01-01-2020');
INSERT INTO Enrolled (u_id,courseCode) VALUES (620003888,'ECON1561'),(620003888,'PHYS3686'),(620003888,'MATH3209'),(620003888,'ECON3737'),(620003888,'COMP1543'),(620003888,'ECON3288');
INSERT INTO Users VALUES (620003889,'Roger','Comley','RogerComley@gmail.com','ComleyRoger');
INSERT INTO Students VALUES (620003889,'UNDERGRAD','01-01-2020');
INSERT INTO Enrolled (u_id,courseCode) VALUES (620003889,'COMP2400'),(620003889,'PHYS2306'),(620003889,'BIOC3604');
INSERT INTO Users VALUES (620003890,'Angela','Shields','AngelaShields@gmail.com','ShieldsAngela');
INSERT INTO Students VALUES (620003890,'UNDERGRAD','01-01-2020');
INSERT INTO Enrolled (u_id,courseCode) VALUES (620003890,'PHYS3290'),(620003890,'COMP2717'),(620003890,'MATH3222');
INSERT INTO Users VALUES (620003891,'Adam','Sharp','AdamSharp@gmail.com','SharpAdam');
INSERT INTO Students VALUES (620003891,'UNDERGRAD','01-01-2020');
INSERT INTO Enrolled (u_id,courseCode) VALUES (620003891,'PHYS3876'),(620003891,'INFO1288'),(620003891,'ECON1170'),(620003891,'ECON3737'),(620003891,'CHEM1494'),(620003891,'COMP3746');
INSERT INTO Users VALUES (620003892,'George','Joeckel','GeorgeJoeckel@gmail.com','JoeckelGeorge');
INSERT INTO Students VALUES (620003892,'UNDERGRAD','01-01-2020');
INSERT INTO Enrolled (u_id,courseCode) VALUES (620003892,'PHYS2117'),(620003892,'BIOC1794'),(620003892,'BIOC2589'),(620003892,'BIOC3191'),(620003892,'ECON3372');
INSERT INTO Users VALUES (620003893,'Stephen','Santos','StephenSantos@gmail.com','SantosStephen');
INSERT INTO Students VALUES (620003893,'UNDERGRAD','01-01-2020');
INSERT INTO Enrolled (u_id,courseCode) VALUES (620003893,'CHEM2446'),(620003893,'PHYS1979'),(620003893,'COMP2965'),(620003893,'BIOC3721'),(620003893,'CHEM1613');
INSERT INTO Users VALUES (620003894,'Jake','Baptiste','JakeBaptiste@gmail.com','BaptisteJake');
INSERT INTO Students VALUES (620003894,'UNDERGRAD','01-01-2020');
INSERT INTO Enrolled (u_id,courseCode) VALUES (620003894,'MATH1148'),(620003894,'PHYS3052'),(620003894,'INFO1145'),(620003894,'COMP3639'),(620003894,'PHYS2238'),(620003894,'PHYS2977');
INSERT INTO Users VALUES (620003895,'Jake','Dillis','JakeDillis@gmail.com','DillisJake');
INSERT INTO Students VALUES (620003895,'UNDERGRAD','01-01-2020');
INSERT INTO Enrolled (u_id,courseCode) VALUES (620003895,'PHYS2667'),(620003895,'COMP3639'),(620003895,'CHEM2031');
INSERT INTO Users VALUES (620003896,'Andrew','Hunter','AndrewHunter@gmail.com','HunterAndrew');
INSERT INTO Students VALUES (620003896,'UNDERGRAD','01-01-2020');
INSERT INTO Enrolled (u_id,courseCode) VALUES (620003896,'BIOC1534'),(620003896,'PHYS2306'),(620003896,'PHYS3354');
INSERT INTO Users VALUES (620003897,'Madaline','Bennett','MadalineBennett@gmail.com','BennettMadaline');
INSERT INTO Students VALUES (620003897,'UNDERGRAD','01-01-2020');
INSERT INTO Enrolled (u_id,courseCode) VALUES (620003897,'ECON1783'),(620003897,'COMP3238'),(620003897,'PHYS2338'),(620003897,'ECON3737'),(620003897,'ECON3989'),(620003897,'CHEM2604');
INSERT INTO Users VALUES (620003898,'Greg','Dunn','GregDunn@gmail.com','DunnGreg');
INSERT INTO Students VALUES (620003898,'UNDERGRAD','01-01-2020');
INSERT INTO Enrolled (u_id,courseCode) VALUES (620003898,'COMP3238'),(620003898,'MATH2555'),(620003898,'ECON2345'),(620003898,'PHYS3876'),(620003898,'BIOC2236');
INSERT INTO Users VALUES (620003899,'Dean','Busse','DeanBusse@gmail.com','BusseDean');
INSERT INTO Students VALUES (620003899,'UNDERGRAD','01-01-2020');
INSERT INTO Enrolled (u_id,courseCode) VALUES (620003899,'CHEM3617'),(620003899,'MATH3857'),(620003899,'MATH1309'),(620003899,'BIOC1794'),(620003899,'ECON3288'),(620003899,'PHYS2338');
INSERT INTO Users VALUES (620003900,'Mary','Boyer','MaryBoyer@gmail.com','BoyerMary');
INSERT INTO Students VALUES (620003900,'UNDERGRAD','01-01-2020');
INSERT INTO Enrolled (u_id,courseCode) VALUES (620003900,'COMP1460'),(620003900,'PHYS3354'),(620003900,'ECON1561'),(620003900,'BIOC1439'),(620003900,'CHEM2867'),(620003900,'ECON1170');
INSERT INTO Users VALUES (620003901,'Bobby','Bourgoin','BobbyBourgoin@gmail.com','BourgoinBobby');
INSERT INTO Students VALUES (620003901,'UNDERGRAD','01-01-2020');
INSERT INTO Enrolled (u_id,courseCode) VALUES (620003901,'INFO2797'),(620003901,'INFO2270'),(620003901,'MATH1250'),(620003901,'CHEM1494'),(620003901,'INFO1648'),(620003901,'CHEM3617');
INSERT INTO Users VALUES (620003902,'Carrie','Knaub','CarrieKnaub@gmail.com','KnaubCarrie');
INSERT INTO Students VALUES (620003902,'UNDERGRAD','01-01-2020');
INSERT INTO Enrolled (u_id,courseCode) VALUES (620003902,'ECON1561'),(620003902,'MATH1454'),(620003902,'PHYS2117'),(620003902,'ECON3550');
INSERT INTO Users VALUES (620003903,'Charlotte','Mcalister','CharlotteMcalister@gmail.com','McalisterCharlotte');
INSERT INTO Students VALUES (620003903,'UNDERGRAD','01-01-2020');
INSERT INTO Enrolled (u_id,courseCode) VALUES (620003903,'MATH3857'),(620003903,'PHYS1930'),(620003903,'ECON2387'),(620003903,'COMP2717');
INSERT INTO Users VALUES (620003904,'Colin','Russ','ColinRuss@gmail.com','RussColin');
INSERT INTO Students VALUES (620003904,'UNDERGRAD','01-01-2020');
INSERT INTO Enrolled (u_id,courseCode) VALUES (620003904,'MATH2067'),(620003904,'MATH3179'),(620003904,'COMP2717'),(620003904,'COMP3418');
INSERT INTO Users VALUES (620003905,'Shirley','Wolfe','ShirleyWolfe@gmail.com','WolfeShirley');
INSERT INTO Students VALUES (620003905,'UNDERGRAD','01-01-2020');
INSERT INTO Enrolled (u_id,courseCode) VALUES (620003905,'INFO1648'),(620003905,'INFO1242'),(620003905,'MATH2555'),(620003905,'COMP1460'),(620003905,'ECON1783');
INSERT INTO Users VALUES (620003906,'Charlotte','Uribe','CharlotteUribe@gmail.com','UribeCharlotte');
INSERT INTO Students VALUES (620003906,'UNDERGRAD','01-01-2020');
INSERT INTO Enrolled (u_id,courseCode) VALUES (620003906,'CHEM3747'),(620003906,'ECON3276'),(620003906,'COMP3506'),(620003906,'INFO1014'),(620003906,'INFO2213'),(620003906,'BIOC1794');
INSERT INTO Users VALUES (620003907,'Charlotte','Decker','CharlotteDecker@gmail.com','DeckerCharlotte');
INSERT INTO Students VALUES (620003907,'UNDERGRAD','01-01-2020');
INSERT INTO Enrolled (u_id,courseCode) VALUES (620003907,'MATH2801'),(620003907,'COMP3685'),(620003907,'BIOC1448'),(620003907,'COMP1051'),(620003907,'BIOC2550'),(620003907,'BIOC2589');
INSERT INTO Users VALUES (620003908,'Christopher','Pantoja','ChristopherPantoja@gmail.com','PantojaChristopher');
INSERT INTO Students VALUES (620003908,'UNDERGRAD','01-01-2020');
INSERT INTO Enrolled (u_id,courseCode) VALUES (620003908,'BIOC1485'),(620003908,'PHYS3686'),(620003908,'CHEM2626'),(620003908,'COMP2077');
INSERT INTO Users VALUES (620003909,'Shonda','Evans','ShondaEvans@gmail.com','EvansShonda');
INSERT INTO Students VALUES (620003909,'UNDERGRAD','01-01-2020');
INSERT INTO Enrolled (u_id,courseCode) VALUES (620003909,'BIOC3721'),(620003909,'BIOC3604'),(620003909,'MATH1250'),(620003909,'PHYS3729');
INSERT INTO Users VALUES (620003910,'Shane','Nelson','ShaneNelson@gmail.com','NelsonShane');
INSERT INTO Students VALUES (620003910,'UNDERGRAD','01-01-2020');
INSERT INTO Enrolled (u_id,courseCode) VALUES (620003910,'BIOC1725'),(620003910,'CHEM3327'),(620003910,'ECON3447'),(620003910,'MATH2801'),(620003910,'ECON1645'),(620003910,'CHEM2446');
INSERT INTO Users VALUES (620003911,'Linda','Pero','LindaPero@gmail.com','PeroLinda');
INSERT INTO Students VALUES (620003911,'UNDERGRAD','01-01-2020');
INSERT INTO Enrolled (u_id,courseCode) VALUES (620003911,'COMP2541'),(620003911,'MATH2188'),(620003911,'CHEM3409');
INSERT INTO Users VALUES (620003912,'Louise','Cardona','LouiseCardona@gmail.com','CardonaLouise');
INSERT INTO Students VALUES (620003912,'UNDERGRAD','01-01-2020');
INSERT INTO Enrolled (u_id,courseCode) VALUES (620003912,'MATH1638'),(620003912,'BIOC2054'),(620003912,'COMP2077'),(620003912,'INFO1648'),(620003912,'INFO2337');
INSERT INTO Users VALUES (620003913,'Wilbur','Watson','WilburWatson@gmail.com','WatsonWilbur');
INSERT INTO Students VALUES (620003913,'UNDERGRAD','01-01-2020');
INSERT INTO Enrolled (u_id,courseCode) VALUES (620003913,'INFO2950'),(620003913,'MATH3222'),(620003913,'CHEM2867'),(620003913,'CHEM1494'),(620003913,'COMP3746'),(620003913,'ECON2814');
INSERT INTO Users VALUES (620003914,'Betsy','Griffitts','BetsyGriffitts@gmail.com','GriffittsBetsy');
INSERT INTO Students VALUES (620003914,'UNDERGRAD','01-01-2020');
INSERT INTO Enrolled (u_id,courseCode) VALUES (620003914,'COMP3849'),(620003914,'CHEM2797'),(620003914,'ECON1498'),(620003914,'COMP2651'),(620003914,'BIOC3191');
INSERT INTO Users VALUES (620003915,'Eunice','Pedersen','EunicePedersen@gmail.com','PedersenEunice');
INSERT INTO Students VALUES (620003915,'UNDERGRAD','01-01-2020');
INSERT INTO Enrolled (u_id,courseCode) VALUES (620003915,'BIOC1910'),(620003915,'ECON3372'),(620003915,'PHYS3729');
INSERT INTO Users VALUES (620003916,'Louis','Turkus','LouisTurkus@gmail.com','TurkusLouis');
INSERT INTO Students VALUES (620003916,'UNDERGRAD','01-01-2020');
INSERT INTO Enrolled (u_id,courseCode) VALUES (620003916,'BIOC3604'),(620003916,'ECON3085'),(620003916,'MATH2957'),(620003916,'MATH1972'),(620003916,'PHYS1140'),(620003916,'BIOC1598');
INSERT INTO Users VALUES (620003917,'Kurt','Hernandez','KurtHernandez@gmail.com','HernandezKurt');
INSERT INTO Students VALUES (620003917,'UNDERGRAD','01-01-2020');
INSERT INTO Enrolled (u_id,courseCode) VALUES (620003917,'MATH1309'),(620003917,'ECON3281'),(620003917,'PHYS1979'),(620003917,'PHYS3876'),(620003917,'INFO2559'),(620003917,'CHEM3888');
INSERT INTO Users VALUES (620003918,'Hazel','Lockwood','HazelLockwood@gmail.com','LockwoodHazel');
INSERT INTO Students VALUES (620003918,'UNDERGRAD','01-01-2020');
INSERT INTO Enrolled (u_id,courseCode) VALUES (620003918,'INFO1990'),(620003918,'BIOC3721'),(620003918,'BIOC1104'),(620003918,'MATH3029'),(620003918,'INFO3935');
INSERT INTO Users VALUES (620003919,'Casey','Crites','CaseyCrites@gmail.com','CritesCasey');
INSERT INTO Students VALUES (620003919,'UNDERGRAD','01-01-2020');
INSERT INTO Enrolled (u_id,courseCode) VALUES (620003919,'BIOC1598'),(620003919,'PHYS2229'),(620003919,'MATH2801'),(620003919,'MATH1148');
INSERT INTO Users VALUES (620003920,'Sara','Calloway','SaraCalloway@gmail.com','CallowaySara');
INSERT INTO Students VALUES (620003920,'UNDERGRAD','01-01-2020');
INSERT INTO Enrolled (u_id,courseCode) VALUES (620003920,'BIOC3604'),(620003920,'MATH2873'),(620003920,'BIOC1448'),(620003920,'BIOC3721');
INSERT INTO Users VALUES (620003921,'Wendell','Miles','WendellMiles@gmail.com','MilesWendell');
INSERT INTO Students VALUES (620003921,'UNDERGRAD','01-01-2020');
INSERT INTO Enrolled (u_id,courseCode) VALUES (620003921,'PHYS3787'),(620003921,'ECON1458'),(620003921,'COMP3746'),(620003921,'MATH1262'),(620003921,'INFO2950'),(620003921,'ECON2722');
INSERT INTO Users VALUES (620003922,'Lisa','Halford','LisaHalford@gmail.com','HalfordLisa');
INSERT INTO Students VALUES (620003922,'UNDERGRAD','01-01-2020');
INSERT INTO Enrolled (u_id,courseCode) VALUES (620003922,'MATH1148'),(620003922,'ECON1645'),(620003922,'PHYS1399'),(620003922,'MATH2067'),(620003922,'MATH1578'),(620003922,'MATH1638');
INSERT INTO Users VALUES (620003923,'Jessie','Hinojosa','JessieHinojosa@gmail.com','HinojosaJessie');
INSERT INTO Students VALUES (620003923,'UNDERGRAD','01-01-2020');
INSERT INTO Enrolled (u_id,courseCode) VALUES (620003923,'MATH3059'),(620003923,'INFO2797'),(620003923,'ECON2722'),(620003923,'MATH2188');
INSERT INTO Users VALUES (620003924,'Laila','Carrillo','LailaCarrillo@gmail.com','CarrilloLaila');
INSERT INTO Students VALUES (620003924,'UNDERGRAD','01-01-2020');
INSERT INTO Enrolled (u_id,courseCode) VALUES (620003924,'COMP3047'),(620003924,'INFO2797'),(620003924,'PHYS2667');
INSERT INTO Users VALUES (620003925,'Vanessa','Scully','VanessaScully@gmail.com','ScullyVanessa');
INSERT INTO Students VALUES (620003925,'UNDERGRAD','01-01-2020');
INSERT INTO Enrolled (u_id,courseCode) VALUES (620003925,'ECON1561'),(620003925,'CHEM1807'),(620003925,'PHYS3729'),(620003925,'CHEM2446'),(620003925,'CHEM2697'),(620003925,'COMP3173');
INSERT INTO Users VALUES (620003926,'Craig','Pere','CraigPere@gmail.com','PereCraig');
INSERT INTO Students VALUES (620003926,'UNDERGRAD','01-01-2020');
INSERT INTO Enrolled (u_id,courseCode) VALUES (620003926,'CHEM1340'),(620003926,'ECON1996'),(620003926,'MATH3613'),(620003926,'BIOC1744'),(620003926,'COMP3418');
INSERT INTO Users VALUES (620003927,'Kurt','Halford','KurtHalford@gmail.com','HalfordKurt');
INSERT INTO Students VALUES (620003927,'UNDERGRAD','01-01-2020');
INSERT INTO Enrolled (u_id,courseCode) VALUES (620003927,'COMP1543'),(620003927,'BIOC3191'),(620003927,'ECON1783'),(620003927,'INFO1990'),(620003927,'INFO2797');
INSERT INTO Users VALUES (620003928,'Sean','Klein','SeanKlein@gmail.com','KleinSean');
INSERT INTO Students VALUES (620003928,'UNDERGRAD','01-01-2020');
INSERT INTO Enrolled (u_id,courseCode) VALUES (620003928,'COMP2400'),(620003928,'CHEM1494'),(620003928,'MATH3857'),(620003928,'CHEM3747');
INSERT INTO Users VALUES (620003929,'Carolyn','Mcalister','CarolynMcalister@gmail.com','McalisterCarolyn');
INSERT INTO Students VALUES (620003929,'UNDERGRAD','01-01-2020');
INSERT INTO Enrolled (u_id,courseCode) VALUES (620003929,'BIOC1744'),(620003929,'BIOC3604'),(620003929,'COMP1184'),(620003929,'ECON3020');
INSERT INTO Users VALUES (620003930,'Edwin','Siple','EdwinSiple@gmail.com','SipleEdwin');
INSERT INTO Students VALUES (620003930,'UNDERGRAD','01-01-2020');
INSERT INTO Enrolled (u_id,courseCode) VALUES (620003930,'INFO2521'),(620003930,'MATH3222'),(620003930,'BIOC1534'),(620003930,'INFO2636'),(620003930,'CHEM2066');
INSERT INTO Users VALUES (620003931,'Dean','Howe','DeanHowe@gmail.com','HoweDean');
INSERT INTO Students VALUES (620003931,'UNDERGRAD','01-01-2020');
INSERT INTO Enrolled (u_id,courseCode) VALUES (620003931,'PHYS3290'),(620003931,'MATH1735'),(620003931,'BIOC1439'),(620003931,'CHEM2867'),(620003931,'PHYS1140');
INSERT INTO Users VALUES (620003932,'Traci','Morey','TraciMorey@gmail.com','MoreyTraci');
INSERT INTO Students VALUES (620003932,'UNDERGRAD','01-01-2020');
INSERT INTO Enrolled (u_id,courseCode) VALUES (620003932,'MATH2067'),(620003932,'MATH3173'),(620003932,'COMP1460');
INSERT INTO Users VALUES (620003933,'Marie','Baptiste','MarieBaptiste@gmail.com','BaptisteMarie');
INSERT INTO Students VALUES (620003933,'UNDERGRAD','01-01-2020');
INSERT INTO Enrolled (u_id,courseCode) VALUES (620003933,'ECON1098'),(620003933,'CHEM1340'),(620003933,'COMP2651'),(620003933,'MATH2188');
INSERT INTO Users VALUES (620003934,'Bryan','Starks','BryanStarks@gmail.com','StarksBryan');
INSERT INTO Students VALUES (620003934,'UNDERGRAD','01-01-2020');
INSERT INTO Enrolled (u_id,courseCode) VALUES (620003934,'BIOC1598'),(620003934,'BIOC2589'),(620003934,'MATH2550'),(620003934,'MATH2501'),(620003934,'COMP1184'),(620003934,'COMP1357');
INSERT INTO Users VALUES (620003935,'Toby','Mitchell','TobyMitchell@gmail.com','MitchellToby');
INSERT INTO Students VALUES (620003935,'UNDERGRAD','01-01-2020');
INSERT INTO Enrolled (u_id,courseCode) VALUES (620003935,'CHEM2727'),(620003935,'ECON3989'),(620003935,'INFO3868'),(620003935,'MATH3613'),(620003935,'MATH3209'),(620003935,'PHYS1399');
INSERT INTO Users VALUES (620003936,'Marilyn','Armstead','MarilynArmstead@gmail.com','ArmsteadMarilyn');
INSERT INTO Students VALUES (620003936,'UNDERGRAD','01-01-2020');
INSERT INTO Enrolled (u_id,courseCode) VALUES (620003936,'MATH2555'),(620003936,'COMP2077'),(620003936,'CHEM2065'),(620003936,'CHEM1485'),(620003936,'INFO2716');
INSERT INTO Users VALUES (620003937,'Milton','Hinojosa','MiltonHinojosa@gmail.com','HinojosaMilton');
INSERT INTO Students VALUES (620003937,'UNDERGRAD','01-01-2020');
INSERT INTO Enrolled (u_id,courseCode) VALUES (620003937,'MATH2188'),(620003937,'COMP3536'),(620003937,'ECON3550'),(620003937,'MATH2067'),(620003937,'PHYS3052'),(620003937,'PHYS1979');
INSERT INTO Users VALUES (620003938,'Christina','Mcclenon','ChristinaMcclenon@gmail.com','McclenonChristina');
INSERT INTO Students VALUES (620003938,'UNDERGRAD','01-01-2020');
INSERT INTO Enrolled (u_id,courseCode) VALUES (620003938,'CHEM1340'),(620003938,'COMP3697'),(620003938,'INFO3603'),(620003938,'ECON1645'),(620003938,'BIOC2671');
INSERT INTO Users VALUES (620003939,'Charlotte','Atkins','CharlotteAtkins@gmail.com','AtkinsCharlotte');
INSERT INTO Students VALUES (620003939,'UNDERGRAD','01-01-2020');
INSERT INTO Enrolled (u_id,courseCode) VALUES (620003939,'PHYS3052'),(620003939,'ECON3020'),(620003939,'CHEM3327'),(620003939,'PHYS2448'),(620003939,'ECON3989');
INSERT INTO Users VALUES (620003940,'Michelle','Crawford','MichelleCrawford@gmail.com','CrawfordMichelle');
INSERT INTO Students VALUES (620003940,'UNDERGRAD','01-01-2020');
INSERT INTO Enrolled (u_id,courseCode) VALUES (620003940,'INFO1833'),(620003940,'CHEM2177'),(620003940,'CHEM3327'),(620003940,'INFO3636'),(620003940,'PHYS3876');
INSERT INTO Users VALUES (620003941,'Juan','Mcclain','JuanMcclain@gmail.com','McclainJuan');
INSERT INTO Students VALUES (620003941,'UNDERGRAD','01-01-2020');
INSERT INTO Enrolled (u_id,courseCode) VALUES (620003941,'MATH1262'),(620003941,'INFO2521'),(620003941,'COMP2361'),(620003941,'PHYS2448'),(620003941,'BIOC2589');
INSERT INTO Users VALUES (620003942,'Douglas','Russ','DouglasRuss@gmail.com','RussDouglas');
INSERT INTO Students VALUES (620003942,'UNDERGRAD','01-01-2020');
INSERT INTO Enrolled (u_id,courseCode) VALUES (620003942,'CHEM2727'),(620003942,'COMP3746'),(620003942,'BIOC3191'),(620003942,'CHEM3409'),(620003942,'INFO1014');
INSERT INTO Users VALUES (620003943,'Teresa','Kent','TeresaKent@gmail.com','KentTeresa');
INSERT INTO Students VALUES (620003943,'UNDERGRAD','01-01-2020');
INSERT INTO Enrolled (u_id,courseCode) VALUES (620003943,'COMP2651'),(620003943,'INFO2147'),(620003943,'ECON2387');
INSERT INTO Users VALUES (620003944,'Carol','Ferretti','CarolFerretti@gmail.com','FerrettiCarol');
INSERT INTO Students VALUES (620003944,'UNDERGRAD','01-01-2020');
INSERT INTO Enrolled (u_id,courseCode) VALUES (620003944,'PHYS2338'),(620003944,'BIOC1725'),(620003944,'MATH2550'),(620003944,'ECON2722'),(620003944,'BIOC1448'),(620003944,'CHEM3888');
INSERT INTO Users VALUES (620003945,'Cheryl','Garcia','CherylGarcia@gmail.com','GarciaCheryl');
INSERT INTO Students VALUES (620003945,'UNDERGRAD','01-01-2020');
INSERT INTO Enrolled (u_id,courseCode) VALUES (620003945,'INFO1242'),(620003945,'PHYS2563'),(620003945,'MATH2555'),(620003945,'MATH3222'),(620003945,'COMP1357');
INSERT INTO Users VALUES (620003946,'Marjorie','Williamson','MarjorieWilliamson@gmail.com','WilliamsonMarjorie');
INSERT INTO Students VALUES (620003946,'UNDERGRAD','01-01-2020');
INSERT INTO Enrolled (u_id,courseCode) VALUES (620003946,'MATH3544'),(620003946,'INFO2337'),(620003946,'COMP1543'),(620003946,'PHYS1140'),(620003946,'CHEM3347');
INSERT INTO Users VALUES (620003947,'Rosa','Mcneill','RosaMcneill@gmail.com','McneillRosa');
INSERT INTO Students VALUES (620003947,'UNDERGRAD','01-01-2020');
INSERT INTO Enrolled (u_id,courseCode) VALUES (620003947,'BIOC1598'),(620003947,'PHYS1993'),(620003947,'COMP2400'),(620003947,'ECON1996');
INSERT INTO Users VALUES (620003948,'Peggy','Tate','PeggyTate@gmail.com','TatePeggy');
INSERT INTO Students VALUES (620003948,'UNDERGRAD','01-01-2020');
INSERT INTO Enrolled (u_id,courseCode) VALUES (620003948,'MATH1454'),(620003948,'ECON3372'),(620003948,'CHEM3409'),(620003948,'ECON3523');
INSERT INTO Users VALUES (620003949,'Mason','Alvarez','MasonAlvarez@gmail.com','AlvarezMason');
INSERT INTO Students VALUES (620003949,'UNDERGRAD','01-01-2020');
INSERT INTO Enrolled (u_id,courseCode) VALUES (620003949,'PHYS1993'),(620003949,'INFO2270'),(620003949,'BIOC3230'),(620003949,'COMP3047'),(620003949,'INFO3603');
INSERT INTO Users VALUES (620003950,'Mary','Jackson','MaryJackson@gmail.com','JacksonMary');
INSERT INTO Students VALUES (620003950,'UNDERGRAD','01-01-2020');
INSERT INTO Enrolled (u_id,courseCode) VALUES (620003950,'MATH3059'),(620003950,'INFO2811'),(620003950,'MATH1262');
INSERT INTO Users VALUES (620003951,'Patricia','Woomer','PatriciaWoomer@gmail.com','WoomerPatricia');
INSERT INTO Students VALUES (620003951,'UNDERGRAD','01-01-2020');
INSERT INTO Enrolled (u_id,courseCode) VALUES (620003951,'BIOC3341'),(620003951,'INFO1833'),(620003951,'ECON1645'),(620003951,'COMP2717');
INSERT INTO Users VALUES (620003952,'Mary','Ryan','MaryRyan@gmail.com','RyanMary');
INSERT INTO Students VALUES (620003952,'UNDERGRAD','01-01-2020');
INSERT INTO Enrolled (u_id,courseCode) VALUES (620003952,'CHEM2797'),(620003952,'CHEM2626'),(620003952,'INFO3419'),(620003952,'COMP3084'),(620003952,'BIOC1439'),(620003952,'CHEM2604');
INSERT INTO Users VALUES (620003953,'Dorcas','Williams','DorcasWilliams@gmail.com','WilliamsDorcas');
INSERT INTO Students VALUES (620003953,'UNDERGRAD','01-01-2020');
INSERT INTO Enrolled (u_id,courseCode) VALUES (620003953,'COMP2965'),(620003953,'CHEM2481'),(620003953,'MATH3029'),(620003953,'COMP1051');
INSERT INTO Users VALUES (620003954,'Freddie','Lopez','FreddieLopez@gmail.com','LopezFreddie');
INSERT INTO Students VALUES (620003954,'UNDERGRAD','01-01-2020');
INSERT INTO Enrolled (u_id,courseCode) VALUES (620003954,'ECON3523'),(620003954,'CHEM1613'),(620003954,'PHYS1979'),(620003954,'BIOC1986');
INSERT INTO Users VALUES (620003955,'Chad','Moldrem','ChadMoldrem@gmail.com','MoldremChad');
INSERT INTO Students VALUES (620003955,'UNDERGRAD','01-01-2020');
INSERT INTO Enrolled (u_id,courseCode) VALUES (620003955,'PHYS3787'),(620003955,'BIOC1448'),(620003955,'ECON1561'),(620003955,'PHYS3686'),(620003955,'PHYS2338'),(620003955,'CHEM2626');
INSERT INTO Users VALUES (620003956,'Teresa','Evans','TeresaEvans@gmail.com','EvansTeresa');
INSERT INTO Students VALUES (620003956,'UNDERGRAD','01-01-2020');
INSERT INTO Enrolled (u_id,courseCode) VALUES (620003956,'COMP3536'),(620003956,'MATH3222'),(620003956,'CHEM2220');
INSERT INTO Users VALUES (620003957,'Deanne','Felipe','DeanneFelipe@gmail.com','FelipeDeanne');
INSERT INTO Students VALUES (620003957,'UNDERGRAD','01-01-2020');
INSERT INTO Enrolled (u_id,courseCode) VALUES (620003957,'MATH3844'),(620003957,'INFO1833'),(620003957,'ECON3311'),(620003957,'CHEM2031');
INSERT INTO Users VALUES (620003958,'Vanessa','Campbell','VanessaCampbell@gmail.com','CampbellVanessa');
INSERT INTO Students VALUES (620003958,'UNDERGRAD','01-01-2020');
INSERT INTO Enrolled (u_id,courseCode) VALUES (620003958,'BIOC3230'),(620003958,'CHEM2481'),(620003958,'ECON3447');
INSERT INTO Users VALUES (620003959,'Cassie','Golden','CassieGolden@gmail.com','GoldenCassie');
INSERT INTO Students VALUES (620003959,'UNDERGRAD','01-01-2020');
INSERT INTO Enrolled (u_id,courseCode) VALUES (620003959,'MATH1972'),(620003959,'ECON1170'),(620003959,'CHEM3747');
INSERT INTO Users VALUES (620003960,'Jeffrey','Cash','JeffreyCash@gmail.com','CashJeffrey');
INSERT INTO Students VALUES (620003960,'UNDERGRAD','01-01-2020');
INSERT INTO Enrolled (u_id,courseCode) VALUES (620003960,'ECON1561'),(620003960,'INFO1833'),(620003960,'COMP2080'),(620003960,'MATH3544'),(620003960,'INFO2636');
INSERT INTO Users VALUES (620003961,'Demetrice','Prince','DemetricePrince@gmail.com','PrinceDemetrice');
INSERT INTO Students VALUES (620003961,'UNDERGRAD','01-01-2020');
INSERT INTO Enrolled (u_id,courseCode) VALUES (620003961,'ECON2722'),(620003961,'INFO1447'),(620003961,'INFO3935'),(620003961,'INFO1833'),(620003961,'PHYS1140');
INSERT INTO Users VALUES (620003962,'Laila','Laramee','LailaLaramee@gmail.com','LarameeLaila');
INSERT INTO Students VALUES (620003962,'UNDERGRAD','01-01-2020');
INSERT INTO Enrolled (u_id,courseCode) VALUES (620003962,'BIOC1439'),(620003962,'INFO1825'),(620003962,'INFO1242'),(620003962,'CHEM1807'),(620003962,'BIOC1104');
INSERT INTO Users VALUES (620003963,'Betty','Steere','BettySteere@gmail.com','SteereBetty');
INSERT INTO Students VALUES (620003963,'UNDERGRAD','01-01-2020');
INSERT INTO Enrolled (u_id,courseCode) VALUES (620003963,'COMP1460'),(620003963,'INFO2811'),(620003963,'CHEM3888'),(620003963,'PHYS3659'),(620003963,'ECON3276');
INSERT INTO Users VALUES (620003964,'Nan','Taylor','NanTaylor@gmail.com','TaylorNan');
INSERT INTO Students VALUES (620003964,'UNDERGRAD','01-01-2020');
INSERT INTO Enrolled (u_id,courseCode) VALUES (620003964,'MATH2873'),(620003964,'COMP2541'),(620003964,'ECON3737');
INSERT INTO Users VALUES (620003965,'Arthur','Krout','ArthurKrout@gmail.com','KroutArthur');
INSERT INTO Students VALUES (620003965,'UNDERGRAD','01-01-2020');
INSERT INTO Enrolled (u_id,courseCode) VALUES (620003965,'COMP3506'),(620003965,'CHEM3347'),(620003965,'CHEM1807'),(620003965,'MATH2501'),(620003965,'MATH2550'),(620003965,'ECON1561');
INSERT INTO Users VALUES (620003966,'Agnes','Duffie','AgnesDuffie@gmail.com','DuffieAgnes');
INSERT INTO Students VALUES (620003966,'UNDERGRAD','01-01-2020');
INSERT INTO Enrolled (u_id,courseCode) VALUES (620003966,'MATH1648'),(620003966,'COMP3746'),(620003966,'ECON2345'),(620003966,'CHEM2604');
INSERT INTO Users VALUES (620003967,'Agnes','Wilbanks','AgnesWilbanks@gmail.com','WilbanksAgnes');
INSERT INTO Students VALUES (620003967,'UNDERGRAD','01-01-2020');
INSERT INTO Enrolled (u_id,courseCode) VALUES (620003967,'PHYS2113'),(620003967,'INFO2213'),(620003967,'BIOC3341'),(620003967,'ECON2814');
INSERT INTO Users VALUES (620003968,'Rhonda','Harrington','RhondaHarrington@gmail.com','HarringtonRhonda');
INSERT INTO Students VALUES (620003968,'UNDERGRAD','01-01-2020');
INSERT INTO Enrolled (u_id,courseCode) VALUES (620003968,'ECON1561'),(620003968,'COMP1460'),(620003968,'INFO3868');
INSERT INTO Users VALUES (620003969,'Kirk','Duffy','KirkDuffy@gmail.com','DuffyKirk');
INSERT INTO Students VALUES (620003969,'UNDERGRAD','01-01-2020');
INSERT INTO Enrolled (u_id,courseCode) VALUES (620003969,'INFO1447'),(620003969,'PHYS2229'),(620003969,'PHYS3339'),(620003969,'CHEM2867'),(620003969,'INFO1288'),(620003969,'BIOC3341');
INSERT INTO Users VALUES (620003970,'Tim','Mitchell','TimMitchell@gmail.com','MitchellTim');
INSERT INTO Students VALUES (620003970,'UNDERGRAD','01-01-2020');
INSERT INTO Enrolled (u_id,courseCode) VALUES (620003970,'COMP3685'),(620003970,'CHEM3327'),(620003970,'ECON2387'),(620003970,'INFO3636'),(620003970,'MATH2957');
INSERT INTO Users VALUES (620003971,'Daniel','Banks','DanielBanks@gmail.com','BanksDaniel');
INSERT INTO Students VALUES (620003971,'UNDERGRAD','01-01-2020');
INSERT INTO Enrolled (u_id,courseCode) VALUES (620003971,'CHEM3614'),(620003971,'CHEM3054'),(620003971,'ECON2387'),(620003971,'PHYS3339'),(620003971,'CHEM3747');
INSERT INTO Users VALUES (620003972,'Juan','Shane','JuanShane@gmail.com','ShaneJuan');
INSERT INTO Students VALUES (620003972,'UNDERGRAD','01-01-2020');
INSERT INTO Enrolled (u_id,courseCode) VALUES (620003972,'BIOC1794'),(620003972,'ECON3085'),(620003972,'CHEM2867'),(620003972,'PHYS2563'),(620003972,'ECON3737'),(620003972,'CHEM3747');
INSERT INTO Users VALUES (620003973,'Geoffrey','Cochran','GeoffreyCochran@gmail.com','CochranGeoffrey');
INSERT INTO Students VALUES (620003973,'UNDERGRAD','01-01-2020');
INSERT INTO Enrolled (u_id,courseCode) VALUES (620003973,'MATH2067'),(620003973,'INFO2559'),(620003973,'COMP2541'),(620003973,'COMP3697'),(620003973,'MATH3688'),(620003973,'COMP1357');
INSERT INTO Users VALUES (620003974,'Colin','Vargas','ColinVargas@gmail.com','VargasColin');
INSERT INTO Students VALUES (620003974,'UNDERGRAD','01-01-2020');
INSERT INTO Enrolled (u_id,courseCode) VALUES (620003974,'ECON1561'),(620003974,'BIOC2054'),(620003974,'MATH3222'),(620003974,'COMP3167'),(620003974,'INFO2636');
INSERT INTO Users VALUES (620003975,'Randall','Charland','RandallCharland@gmail.com','CharlandRandall');
INSERT INTO Students VALUES (620003975,'UNDERGRAD','01-01-2020');
INSERT INTO Enrolled (u_id,courseCode) VALUES (620003975,'PHYS3339'),(620003975,'CHEM3888'),(620003975,'CHEM2727'),(620003975,'INFO2797'),(620003975,'BIOC3604'),(620003975,'PHYS2238');
INSERT INTO Users VALUES (620003976,'Gabriel','Harms','GabrielHarms@gmail.com','HarmsGabriel');
INSERT INTO Students VALUES (620003976,'UNDERGRAD','01-01-2020');
INSERT INTO Enrolled (u_id,courseCode) VALUES (620003976,'INFO2147'),(620003976,'MATH3179'),(620003976,'BIOC1534'),(620003976,'ECON3737');
INSERT INTO Users VALUES (620003977,'Randy','Eddins','RandyEddins@gmail.com','EddinsRandy');
INSERT INTO Students VALUES (620003977,'UNDERGRAD','01-01-2020');
INSERT INTO Enrolled (u_id,courseCode) VALUES (620003977,'COMP2965'),(620003977,'COMP3849'),(620003977,'BIOC3721');
INSERT INTO Users VALUES (620003978,'Steven','Nichols','StevenNichols@gmail.com','NicholsSteven');
INSERT INTO Students VALUES (620003978,'UNDERGRAD','01-01-2020');
INSERT INTO Enrolled (u_id,courseCode) VALUES (620003978,'BIOC3341'),(620003978,'BIOC3457'),(620003978,'BIOC2981'),(620003978,'COMP2400'),(620003978,'CHEM1485'),(620003978,'COMP2717');
INSERT INTO Users VALUES (620003979,'Elwood','Merna','ElwoodMerna@gmail.com','MernaElwood');
INSERT INTO Students VALUES (620003979,'UNDERGRAD','01-01-2020');
INSERT INTO Enrolled (u_id,courseCode) VALUES (620003979,'CHEM3327'),(620003979,'PHYS2338'),(620003979,'COMP1543');
INSERT INTO Users VALUES (620003980,'Matthew','Bourgoin','MatthewBourgoin@gmail.com','BourgoinMatthew');
INSERT INTO Students VALUES (620003980,'UNDERGRAD','01-01-2020');
INSERT INTO Enrolled (u_id,courseCode) VALUES (620003980,'MATH1735'),(620003980,'CHEM3409'),(620003980,'CHEM2867');
INSERT INTO Users VALUES (620003981,'Shirley','Oswalt','ShirleyOswalt@gmail.com','OswaltShirley');
INSERT INTO Students VALUES (620003981,'UNDERGRAD','01-01-2020');
INSERT INTO Enrolled (u_id,courseCode) VALUES (620003981,'BIOC1744'),(620003981,'PHYS1979'),(620003981,'PHYS3686'),(620003981,'INFO2213'),(620003981,'MATH2555'),(620003981,'COMP2361');
INSERT INTO Users VALUES (620003982,'Shayne','Calloway','ShayneCalloway@gmail.com','CallowayShayne');
INSERT INTO Students VALUES (620003982,'UNDERGRAD','01-01-2020');
INSERT INTO Enrolled (u_id,courseCode) VALUES (620003982,'ECON3523'),(620003982,'COMP1460'),(620003982,'INFO2559'),(620003982,'INFO2716');
INSERT INTO Users VALUES (620003983,'Wilbur','Scales','WilburScales@gmail.com','ScalesWilbur');
INSERT INTO Students VALUES (620003983,'UNDERGRAD','01-01-2020');
INSERT INTO Enrolled (u_id,courseCode) VALUES (620003983,'INFO2521'),(620003983,'MATH2501'),(620003983,'ECON1589'),(620003983,'INFO2213'),(620003983,'CHEM2149'),(620003983,'COMP1460');
INSERT INTO Users VALUES (620003984,'Willie','Caudill','WillieCaudill@gmail.com','CaudillWillie');
INSERT INTO Students VALUES (620003984,'UNDERGRAD','01-01-2020');
INSERT INTO Enrolled (u_id,courseCode) VALUES (620003984,'CHEM3747'),(620003984,'MATH3544'),(620003984,'PHYS3729');
INSERT INTO Users VALUES (620003985,'Matthew','Dahlheimer','MatthewDahlheimer@gmail.com','DahlheimerMatthew');
INSERT INTO Students VALUES (620003985,'UNDERGRAD','01-01-2020');
INSERT INTO Enrolled (u_id,courseCode) VALUES (620003985,'PHYS2117'),(620003985,'PHYS1140'),(620003985,'INFO2811'),(620003985,'INFO3935'),(620003985,'MATH2873'),(620003985,'CHEM2177');
INSERT INTO Users VALUES (620003986,'Orlando','Shane','OrlandoShane@gmail.com','ShaneOrlando');
INSERT INTO Students VALUES (620003986,'UNDERGRAD','01-01-2020');
INSERT INTO Enrolled (u_id,courseCode) VALUES (620003986,'ECON1458'),(620003986,'BIOC2983'),(620003986,'BIOC2589'),(620003986,'COMP1184'),(620003986,'BIOC1534'),(620003986,'BIOC3191');
INSERT INTO Users VALUES (620003987,'Lilla','Pere','LillaPere@gmail.com','PereLilla');
INSERT INTO Students VALUES (620003987,'UNDERGRAD','01-01-2020');
INSERT INTO Enrolled (u_id,courseCode) VALUES (620003987,'INFO3645'),(620003987,'PHYS2563'),(620003987,'CHEM2005');
INSERT INTO Users VALUES (620003988,'Jose','Mchenry','JoseMchenry@gmail.com','MchenryJose');
INSERT INTO Students VALUES (620003988,'UNDERGRAD','01-01-2020');
INSERT INTO Enrolled (u_id,courseCode) VALUES (620003988,'CHEM2220'),(620003988,'INFO2636'),(620003988,'ECON1996');
INSERT INTO Users VALUES (620003989,'Gabriel','Carlos','GabrielCarlos@gmail.com','CarlosGabriel');
INSERT INTO Students VALUES (620003989,'UNDERGRAD','01-01-2020');
INSERT INTO Enrolled (u_id,courseCode) VALUES (620003989,'MATH1309'),(620003989,'INFO2147'),(620003989,'BIOC2236'),(620003989,'CHEM3888'),(620003989,'BIOC2981'),(620003989,'INFO1014');
INSERT INTO Users VALUES (620003990,'Stephanie','Ramlall','StephanieRamlall@gmail.com','RamlallStephanie');
INSERT INTO Students VALUES (620003990,'UNDERGRAD','01-01-2020');
INSERT INTO Enrolled (u_id,courseCode) VALUES (620003990,'ECON3523'),(620003990,'ECON1783'),(620003990,'CHEM2066'),(620003990,'PHYS1993');
INSERT INTO Users VALUES (620003991,'Keith','Decker','KeithDecker@gmail.com','DeckerKeith');
INSERT INTO Students VALUES (620003991,'UNDERGRAD','01-01-2020');
INSERT INTO Enrolled (u_id,courseCode) VALUES (620003991,'CHEM2065'),(620003991,'INFO3868'),(620003991,'COMP2077'),(620003991,'CHEM2604'),(620003991,'BIOC3721');
INSERT INTO Users VALUES (620003992,'Alice','Crawford','AliceCrawford@gmail.com','CrawfordAlice');
INSERT INTO Students VALUES (620003992,'UNDERGRAD','01-01-2020');
INSERT INTO Enrolled (u_id,courseCode) VALUES (620003992,'PHYS2563'),(620003992,'COMP2361'),(620003992,'ECON3281'),(620003992,'MATH1250');
INSERT INTO Users VALUES (620003993,'Hector','Cummings','HectorCummings@gmail.com','CummingsHector');
INSERT INTO Students VALUES (620003993,'UNDERGRAD','01-01-2020');
INSERT INTO Enrolled (u_id,courseCode) VALUES (620003993,'ECON1170'),(620003993,'MATH1262'),(620003993,'MATH2550');
INSERT INTO Users VALUES (620003994,'Jeffrey','Gaffney','JeffreyGaffney@gmail.com','GaffneyJeffrey');
INSERT INTO Students VALUES (620003994,'UNDERGRAD','01-01-2020');
INSERT INTO Enrolled (u_id,courseCode) VALUES (620003994,'CHEM3747'),(620003994,'PHYS2448'),(620003994,'MATH2717'),(620003994,'BIOC2550'),(620003994,'MATH2550'),(620003994,'INFO2860');
INSERT INTO Users VALUES (620003995,'Adam','Wurdeman','AdamWurdeman@gmail.com','WurdemanAdam');
INSERT INTO Students VALUES (620003995,'UNDERGRAD','01-01-2020');
INSERT INTO Enrolled (u_id,courseCode) VALUES (620003995,'CHEM2727'),(620003995,'MATH3059'),(620003995,'COMP2651'),(620003995,'PHYS2563'),(620003995,'BIOC2983'),(620003995,'MATH2555');
INSERT INTO Users VALUES (620003996,'Timothy','Pere','TimothyPere@gmail.com','PereTimothy');
INSERT INTO Students VALUES (620003996,'UNDERGRAD','01-01-2020');
INSERT INTO Enrolled (u_id,courseCode) VALUES (620003996,'BIOC1866'),(620003996,'MATH3844'),(620003996,'CHEM2626'),(620003996,'COMP3173'),(620003996,'CHEM3747');
INSERT INTO Users VALUES (620003997,'Miguel','Hanks','MiguelHanks@gmail.com','HanksMiguel');
INSERT INTO Students VALUES (620003997,'UNDERGRAD','01-01-2020');
INSERT INTO Enrolled (u_id,courseCode) VALUES (620003997,'BIOC3341'),(620003997,'ECON2814'),(620003997,'PHYS3787'),(620003997,'PHYS2229');
INSERT INTO Users VALUES (620003998,'Mack','Truitt','MackTruitt@gmail.com','TruittMack');
INSERT INTO Students VALUES (620003998,'UNDERGRAD','01-01-2020');
INSERT INTO Enrolled (u_id,courseCode) VALUES (620003998,'CHEM3614'),(620003998,'CHEM2066'),(620003998,'MATH1578'),(620003998,'MATH2801');
INSERT INTO Users VALUES (620003999,'Wanda','Felipe','WandaFelipe@gmail.com','FelipeWanda');
INSERT INTO Students VALUES (620003999,'UNDERGRAD','01-01-2020');
INSERT INTO Enrolled (u_id,courseCode) VALUES (620003999,'ECON2345'),(620003999,'BIOC2550'),(620003999,'ECON3447');
