INSERT INTO Users VALUES (620020000,'Hector','Mccarthy','HectorMccarthy@gmail.com','MccarthyHector');
INSERT INTO Students VALUES (620020000,'UNDERGRAD','01-01-2020');
INSERT INTO Enrolled (u_id,courseCode) VALUES (620020000,'MATH3688'),(620020000,'INFO3603'),(620020000,'ECON1230'),(620020000,'PHYS2306');
INSERT INTO Users VALUES (620020001,'Mary','Hanks','MaryHanks@gmail.com','HanksMary');
INSERT INTO Students VALUES (620020001,'UNDERGRAD','01-01-2020');
INSERT INTO Enrolled (u_id,courseCode) VALUES (620020001,'INFO1447'),(620020001,'MATH3209'),(620020001,'ECON2703');
INSERT INTO Users VALUES (620020002,'Gary','Krause','GaryKrause@gmail.com','KrauseGary');
INSERT INTO Students VALUES (620020002,'UNDERGRAD','01-01-2020');
INSERT INTO Enrolled (u_id,courseCode) VALUES (620020002,'PHYS2977'),(620020002,'ECON1996'),(620020002,'BIOC3457'),(620020002,'BIOC2983'),(620020002,'COMP3084'),(620020002,'CHEM2446');
INSERT INTO Users VALUES (620020003,'Ralph','Tate','RalphTate@gmail.com','TateRalph');
INSERT INTO Students VALUES (620020003,'UNDERGRAD','01-01-2020');
INSERT INTO Enrolled (u_id,courseCode) VALUES (620020003,'INFO1833'),(620020003,'MATH2501'),(620020003,'BIOC3230'),(620020003,'MATH2801'),(620020003,'CHEM3747');
INSERT INTO Users VALUES (620020004,'Juan','Barnett','JuanBarnett@gmail.com','BarnettJuan');
INSERT INTO Students VALUES (620020004,'UNDERGRAD','01-01-2020');
INSERT INTO Enrolled (u_id,courseCode) VALUES (620020004,'INFO2811'),(620020004,'ECON3311'),(620020004,'ECON1170');
INSERT INTO Users VALUES (620020005,'Latoya','Wood','LatoyaWood@gmail.com','WoodLatoya');
INSERT INTO Students VALUES (620020005,'UNDERGRAD','01-01-2020');
INSERT INTO Enrolled (u_id,courseCode) VALUES (620020005,'INFO3419'),(620020005,'COMP2965'),(620020005,'CHEM2626'),(620020005,'CHEM2177'),(620020005,'BIOC3604');
INSERT INTO Users VALUES (620020006,'Amee','Blackwell','AmeeBlackwell@gmail.com','BlackwellAmee');
INSERT INTO Students VALUES (620020006,'UNDERGRAD','01-01-2020');
INSERT INTO Enrolled (u_id,courseCode) VALUES (620020006,'MATH3857'),(620020006,'CHEM2066'),(620020006,'PHYS2667'),(620020006,'BIOC1052'),(620020006,'MATH3059');
INSERT INTO Users VALUES (620020007,'Anderson','Maze','AndersonMaze@gmail.com','MazeAnderson');
INSERT INTO Students VALUES (620020007,'UNDERGRAD','01-01-2020');
INSERT INTO Enrolled (u_id,courseCode) VALUES (620020007,'BIOC2983'),(620020007,'PHYS2306'),(620020007,'CHEM1340'),(620020007,'ECON1098'),(620020007,'CHEM3614');
INSERT INTO Users VALUES (620020008,'Michael','Dillis','MichaelDillis@gmail.com','DillisMichael');
INSERT INTO Students VALUES (620020008,'UNDERGRAD','01-01-2020');
INSERT INTO Enrolled (u_id,courseCode) VALUES (620020008,'MATH3844'),(620020008,'CHEM1494'),(620020008,'BIOC1164'),(620020008,'PHYS3659'),(620020008,'BIOC2983');
INSERT INTO Users VALUES (620020009,'Trina','Golden','TrinaGolden@gmail.com','GoldenTrina');
INSERT INTO Students VALUES (620020009,'UNDERGRAD','01-01-2020');
INSERT INTO Enrolled (u_id,courseCode) VALUES (620020009,'PHYS3686'),(620020009,'CHEM3888'),(620020009,'BIOC1744'),(620020009,'PHYS3464'),(620020009,'INFO1447');
INSERT INTO Users VALUES (620020010,'Deborah','Amberg','DeborahAmberg@gmail.com','AmbergDeborah');
INSERT INTO Students VALUES (620020010,'UNDERGRAD','01-01-2020');
INSERT INTO Enrolled (u_id,courseCode) VALUES (620020010,'ECON3288'),(620020010,'BIOC2983'),(620020010,'COMP3639'),(620020010,'PHYS3659'),(620020010,'CHEM3614');
INSERT INTO Users VALUES (620020011,'Nancy','Gondek','NancyGondek@gmail.com','GondekNancy');
INSERT INTO Students VALUES (620020011,'UNDERGRAD','01-01-2020');
INSERT INTO Enrolled (u_id,courseCode) VALUES (620020011,'MATH2501'),(620020011,'COMP3536'),(620020011,'COMP1357');
INSERT INTO Users VALUES (620020012,'Nina','Mcclain','NinaMcclain@gmail.com','McclainNina');
INSERT INTO Students VALUES (620020012,'UNDERGRAD','01-01-2020');
INSERT INTO Enrolled (u_id,courseCode) VALUES (620020012,'MATH1454'),(620020012,'MATH3029'),(620020012,'ECON3063'),(620020012,'ECON3311');
INSERT INTO Users VALUES (620020013,'Ralph','Hardman','RalphHardman@gmail.com','HardmanRalph');
INSERT INTO Students VALUES (620020013,'UNDERGRAD','01-01-2020');
INSERT INTO Enrolled (u_id,courseCode) VALUES (620020013,'COMP3167'),(620020013,'ECON3063'),(620020013,'MATH1735'),(620020013,'BIOC3604'),(620020013,'INFO3935');
INSERT INTO Users VALUES (620020014,'Denise','Maze','DeniseMaze@gmail.com','MazeDenise');
INSERT INTO Students VALUES (620020014,'UNDERGRAD','01-01-2020');
INSERT INTO Enrolled (u_id,courseCode) VALUES (620020014,'PHYS3052'),(620020014,'COMP2717'),(620020014,'CHEM2005'),(620020014,'ECON3020');
INSERT INTO Users VALUES (620020015,'Juanita','Knox','JuanitaKnox@gmail.com','KnoxJuanita');
INSERT INTO Students VALUES (620020015,'UNDERGRAD','01-01-2020');
INSERT INTO Enrolled (u_id,courseCode) VALUES (620020015,'INFO2950'),(620020015,'BIOC3604'),(620020015,'ECON2814');
INSERT INTO Users VALUES (620020016,'Howard','Williams','HowardWilliams@gmail.com','WilliamsHoward');
INSERT INTO Students VALUES (620020016,'UNDERGRAD','01-01-2020');
INSERT INTO Enrolled (u_id,courseCode) VALUES (620020016,'COMP2965'),(620020016,'INFO2559'),(620020016,'MATH3613'),(620020016,'COMP2080'),(620020016,'CHEM3793'),(620020016,'COMP3173');
INSERT INTO Users VALUES (620020017,'Lorenza','Flemming','LorenzaFlemming@gmail.com','FlemmingLorenza');
INSERT INTO Students VALUES (620020017,'UNDERGRAD','01-01-2020');
INSERT INTO Enrolled (u_id,courseCode) VALUES (620020017,'MATH2957'),(620020017,'PHYS2451'),(620020017,'CHEM3793'),(620020017,'BIOC2236');
INSERT INTO Users VALUES (620020018,'Harold','Early','HaroldEarly@gmail.com','EarlyHarold');
INSERT INTO Students VALUES (620020018,'UNDERGRAD','01-01-2020');
INSERT INTO Enrolled (u_id,courseCode) VALUES (620020018,'COMP3047'),(620020018,'CHEM2697'),(620020018,'COMP3084'),(620020018,'ECON3372'),(620020018,'INFO1648'),(620020018,'PHYS2113');
INSERT INTO Users VALUES (620020019,'Allison','Lorenz','AllisonLorenz@gmail.com','LorenzAllison');
INSERT INTO Students VALUES (620020019,'UNDERGRAD','01-01-2020');
INSERT INTO Enrolled (u_id,courseCode) VALUES (620020019,'CHEM3409'),(620020019,'INFO1288'),(620020019,'CHEM3617');
INSERT INTO Users VALUES (620020020,'Margaret','Congdon','MargaretCongdon@gmail.com','CongdonMargaret');
INSERT INTO Students VALUES (620020020,'UNDERGRAD','01-01-2020');
INSERT INTO Enrolled (u_id,courseCode) VALUES (620020020,'CHEM2697'),(620020020,'BIOC1725'),(620020020,'PHYS3729');
INSERT INTO Users VALUES (620020021,'Celia','Citizen','CeliaCitizen@gmail.com','CitizenCelia');
INSERT INTO Students VALUES (620020021,'UNDERGRAD','01-01-2020');
INSERT INTO Enrolled (u_id,courseCode) VALUES (620020021,'CHEM2220'),(620020021,'COMP3639'),(620020021,'PHYS1399'),(620020021,'MATH2555'),(620020021,'MATH3059'),(620020021,'PHYS2451');
INSERT INTO Users VALUES (620020022,'Bernie','Early','BernieEarly@gmail.com','EarlyBernie');
INSERT INTO Students VALUES (620020022,'UNDERGRAD','01-01-2020');
INSERT INTO Enrolled (u_id,courseCode) VALUES (620020022,'INFO3419'),(620020022,'PHYS2563'),(620020022,'INFO1648'),(620020022,'ECON3276');
INSERT INTO Users VALUES (620020023,'Toby','Bras','TobyBras@gmail.com','BrasToby');
INSERT INTO Students VALUES (620020023,'UNDERGRAD','01-01-2020');
INSERT INTO Enrolled (u_id,courseCode) VALUES (620020023,'PHYS1399'),(620020023,'INFO2521'),(620020023,'INFO3419'),(620020023,'INFO2559'),(620020023,'ECON1996');
INSERT INTO Users VALUES (620020024,'Suzanne','Crawford','SuzanneCrawford@gmail.com','CrawfordSuzanne');
INSERT INTO Students VALUES (620020024,'UNDERGRAD','01-01-2020');
INSERT INTO Enrolled (u_id,courseCode) VALUES (620020024,'BIOC2671'),(620020024,'INFO2559'),(620020024,'INFO2950'),(620020024,'INFO1288'),(620020024,'INFO2147');
INSERT INTO Users VALUES (620020025,'Trina','Stallings','TrinaStallings@gmail.com','StallingsTrina');
INSERT INTO Students VALUES (620020025,'UNDERGRAD','01-01-2020');
INSERT INTO Enrolled (u_id,courseCode) VALUES (620020025,'CHEM2626'),(620020025,'MATH3857'),(620020025,'BIOC1534');
INSERT INTO Users VALUES (620020026,'Jesus','Spohn','JesusSpohn@gmail.com','SpohnJesus');
INSERT INTO Students VALUES (620020026,'UNDERGRAD','01-01-2020');
INSERT INTO Enrolled (u_id,courseCode) VALUES (620020026,'ECON2722'),(620020026,'COMP3418'),(620020026,'COMP3047'),(620020026,'BIOC1910'),(620020026,'CHEM3617');
INSERT INTO Users VALUES (620020027,'Nan','Dumas','NanDumas@gmail.com','DumasNan');
INSERT INTO Students VALUES (620020027,'UNDERGRAD','01-01-2020');
INSERT INTO Enrolled (u_id,courseCode) VALUES (620020027,'BIOC2671'),(620020027,'PHYS2117'),(620020027,'CHEM3614'),(620020027,'MATH2555'),(620020027,'ECON3447'),(620020027,'CHEM2005');
INSERT INTO Users VALUES (620020028,'Ralph','Reyes','RalphReyes@gmail.com','ReyesRalph');
INSERT INTO Students VALUES (620020028,'UNDERGRAD','01-01-2020');
INSERT INTO Enrolled (u_id,courseCode) VALUES (620020028,'COMP2651'),(620020028,'CHEM2177'),(620020028,'BIOC1104'),(620020028,'ECON3063'),(620020028,'CHEM1807'),(620020028,'INFO1242');
INSERT INTO Users VALUES (620020029,'Bethany','Carlyle','BethanyCarlyle@gmail.com','CarlyleBethany');
INSERT INTO Students VALUES (620020029,'UNDERGRAD','01-01-2020');
INSERT INTO Enrolled (u_id,courseCode) VALUES (620020029,'ECON3523'),(620020029,'PHYS1930'),(620020029,'INFO3603'),(620020029,'INFO3636'),(620020029,'PHYS1140');
INSERT INTO Users VALUES (620020030,'Casey','Carlos','CaseyCarlos@gmail.com','CarlosCasey');
INSERT INTO Students VALUES (620020030,'UNDERGRAD','01-01-2020');
INSERT INTO Enrolled (u_id,courseCode) VALUES (620020030,'CHEM3888'),(620020030,'ECON1589'),(620020030,'ECON2703'),(620020030,'PHYS2117');
INSERT INTO Users VALUES (620020031,'Julius','Luper','JuliusLuper@gmail.com','LuperJulius');
INSERT INTO Students VALUES (620020031,'UNDERGRAD','01-01-2020');
INSERT INTO Enrolled (u_id,courseCode) VALUES (620020031,'ECON1996'),(620020031,'ECON3228'),(620020031,'MATH3029'),(620020031,'MATH3173'),(620020031,'PHYS3876'),(620020031,'INFO1648');
INSERT INTO Users VALUES (620020032,'Elmer','Vargas','ElmerVargas@gmail.com','VargasElmer');
INSERT INTO Students VALUES (620020032,'UNDERGRAD','01-01-2020');
INSERT INTO Enrolled (u_id,courseCode) VALUES (620020032,'INFO3603'),(620020032,'ECON3085'),(620020032,'CHEM2031'),(620020032,'BIOC3721'),(620020032,'MATH1578'),(620020032,'ECON3020');
INSERT INTO Users VALUES (620020033,'Wilbur','Tirabassi','WilburTirabassi@gmail.com','TirabassiWilbur');
INSERT INTO Students VALUES (620020033,'UNDERGRAD','01-01-2020');
INSERT INTO Enrolled (u_id,courseCode) VALUES (620020033,'ECON1561'),(620020033,'CHEM2697'),(620020033,'CHEM3793');
INSERT INTO Users VALUES (620020034,'Ed','Wengerd','EdWengerd@gmail.com','WengerdEd');
INSERT INTO Students VALUES (620020034,'UNDERGRAD','01-01-2020');
INSERT INTO Enrolled (u_id,courseCode) VALUES (620020034,'MATH3209'),(620020034,'COMP2361'),(620020034,'MATH1454'),(620020034,'CHEM3409'),(620020034,'CHEM2177'),(620020034,'PHYS3052');
INSERT INTO Users VALUES (620020035,'Adrienne','Citizen','AdrienneCitizen@gmail.com','CitizenAdrienne');
INSERT INTO Students VALUES (620020035,'UNDERGRAD','01-01-2020');
INSERT INTO Enrolled (u_id,courseCode) VALUES (620020035,'COMP3506'),(620020035,'INFO2811'),(620020035,'ECON3550'),(620020035,'CHEM1340');
INSERT INTO Users VALUES (620020036,'Linda','Rivera','LindaRivera@gmail.com','RiveraLinda');
INSERT INTO Students VALUES (620020036,'UNDERGRAD','01-01-2020');
INSERT INTO Enrolled (u_id,courseCode) VALUES (620020036,'CHEM1340'),(620020036,'INFO1145'),(620020036,'INFO2521'),(620020036,'CHEM2481'),(620020036,'BIOC1986'),(620020036,'COMP3173');
INSERT INTO Users VALUES (620020037,'Jeanna','Hawkins','JeannaHawkins@gmail.com','HawkinsJeanna');
INSERT INTO Students VALUES (620020037,'UNDERGRAD','01-01-2020');
INSERT INTO Enrolled (u_id,courseCode) VALUES (620020037,'BIOC3457'),(620020037,'BIOC2983'),(620020037,'BIOC1744'),(620020037,'COMP2077'),(620020037,'BIOC3604'),(620020037,'CHEM1340');
INSERT INTO Users VALUES (620020038,'Eric','Christenberry','EricChristenberry@gmail.com','ChristenberryEric');
INSERT INTO Students VALUES (620020038,'UNDERGRAD','01-01-2020');
INSERT INTO Enrolled (u_id,courseCode) VALUES (620020038,'COMP3047'),(620020038,'INFO3603'),(620020038,'PHYS1140'),(620020038,'INFO1288'),(620020038,'BIOC1164');
INSERT INTO Users VALUES (620020039,'Paul','Imoto','PaulImoto@gmail.com','ImotoPaul');
INSERT INTO Students VALUES (620020039,'UNDERGRAD','01-01-2020');
INSERT INTO Enrolled (u_id,courseCode) VALUES (620020039,'CHEM1807'),(620020039,'MATH3857'),(620020039,'ECON1645');
INSERT INTO Users VALUES (620020040,'Gary','Washinski','GaryWashinski@gmail.com','WashinskiGary');
INSERT INTO Students VALUES (620020040,'UNDERGRAD','01-01-2020');
INSERT INTO Enrolled (u_id,courseCode) VALUES (620020040,'ECON3288'),(620020040,'COMP3506'),(620020040,'BIOC1164'),(620020040,'COMP3685');
INSERT INTO Users VALUES (620020041,'Lori','Jefferson','LoriJefferson@gmail.com','JeffersonLori');
INSERT INTO Students VALUES (620020041,'UNDERGRAD','01-01-2020');
INSERT INTO Enrolled (u_id,courseCode) VALUES (620020041,'COMP2080'),(620020041,'INFO2521'),(620020041,'CHEM3617'),(620020041,'BIOC1986');
INSERT INTO Users VALUES (620020042,'Jewell','Daniels','JewellDaniels@gmail.com','DanielsJewell');
INSERT INTO Students VALUES (620020042,'UNDERGRAD','01-01-2020');
INSERT INTO Enrolled (u_id,courseCode) VALUES (620020042,'CHEM2797'),(620020042,'INFO3603'),(620020042,'ECON3085'),(620020042,'PHYS3876');
INSERT INTO Users VALUES (620020043,'Jason','Eaton','JasonEaton@gmail.com','EatonJason');
INSERT INTO Students VALUES (620020043,'UNDERGRAD','01-01-2020');
INSERT INTO Enrolled (u_id,courseCode) VALUES (620020043,'PHYS1930'),(620020043,'INFO3419'),(620020043,'COMP2361'),(620020043,'BIOC3457'),(620020043,'CHEM2065');
INSERT INTO Users VALUES (620020044,'Amee','Harrington','AmeeHarrington@gmail.com','HarringtonAmee');
INSERT INTO Students VALUES (620020044,'UNDERGRAD','01-01-2020');
INSERT INTO Enrolled (u_id,courseCode) VALUES (620020044,'CHEM2149'),(620020044,'INFO1014'),(620020044,'MATH1309'),(620020044,'INFO3636');
INSERT INTO Users VALUES (620020045,'Grace','Armstead','GraceArmstead@gmail.com','ArmsteadGrace');
INSERT INTO Students VALUES (620020045,'UNDERGRAD','01-01-2020');
INSERT INTO Enrolled (u_id,courseCode) VALUES (620020045,'CHEM2149'),(620020045,'MATH1250'),(620020045,'COMP3639');
INSERT INTO Users VALUES (620020046,'Greg','Huffman','GregHuffman@gmail.com','HuffmanGreg');
INSERT INTO Students VALUES (620020046,'UNDERGRAD','01-01-2020');
INSERT INTO Enrolled (u_id,courseCode) VALUES (620020046,'PHYS2113'),(620020046,'ECON3020'),(620020046,'INFO3868');
INSERT INTO Users VALUES (620020047,'Eric','Calloway','EricCalloway@gmail.com','CallowayEric');
INSERT INTO Students VALUES (620020047,'UNDERGRAD','01-01-2020');
INSERT INTO Enrolled (u_id,courseCode) VALUES (620020047,'CHEM2005'),(620020047,'BIOC1598'),(620020047,'COMP2965');
INSERT INTO Users VALUES (620020048,'Joyce','Ryan','JoyceRyan@gmail.com','RyanJoyce');
INSERT INTO Students VALUES (620020048,'UNDERGRAD','01-01-2020');
INSERT INTO Enrolled (u_id,courseCode) VALUES (620020048,'PHYS3290'),(620020048,'BIOC2550'),(620020048,'COMP3173');
INSERT INTO Users VALUES (620020049,'Cliff','Ekberg','CliffEkberg@gmail.com','EkbergCliff');
INSERT INTO Students VALUES (620020049,'UNDERGRAD','01-01-2020');
INSERT INTO Enrolled (u_id,courseCode) VALUES (620020049,'PHYS3290'),(620020049,'INFO3935'),(620020049,'CHEM3888'),(620020049,'MATH1250');
INSERT INTO Users VALUES (620020050,'Shonda','Jefferson','ShondaJefferson@gmail.com','JeffersonShonda');
INSERT INTO Students VALUES (620020050,'UNDERGRAD','01-01-2020');
INSERT INTO Enrolled (u_id,courseCode) VALUES (620020050,'BIOC1164'),(620020050,'CHEM2149'),(620020050,'ECON1012');
INSERT INTO Users VALUES (620020051,'Edna','Barnett','EdnaBarnett@gmail.com','BarnettEdna');
INSERT INTO Students VALUES (620020051,'UNDERGRAD','01-01-2020');
INSERT INTO Enrolled (u_id,courseCode) VALUES (620020051,'COMP1051'),(620020051,'BIOC2054'),(620020051,'PHYS2229'),(620020051,'ECON3085'),(620020051,'PHYS2338');
INSERT INTO Users VALUES (620020052,'Daniel','Eaton','DanielEaton@gmail.com','EatonDaniel');
INSERT INTO Students VALUES (620020052,'UNDERGRAD','01-01-2020');
INSERT INTO Enrolled (u_id,courseCode) VALUES (620020052,'INFO2813'),(620020052,'COMP3849'),(620020052,'MATH3222'),(620020052,'MATH1648'),(620020052,'MATH1972'),(620020052,'INFO1242');
INSERT INTO Users VALUES (620020053,'Janet','Amberg','JanetAmberg@gmail.com','AmbergJanet');
INSERT INTO Students VALUES (620020053,'UNDERGRAD','01-01-2020');
INSERT INTO Enrolled (u_id,courseCode) VALUES (620020053,'MATH3173'),(620020053,'COMP2651'),(620020053,'MATH1250'),(620020053,'ECON2722');
INSERT INTO Users VALUES (620020054,'Willie','Maione','WillieMaione@gmail.com','MaioneWillie');
INSERT INTO Students VALUES (620020054,'UNDERGRAD','01-01-2020');
INSERT INTO Enrolled (u_id,courseCode) VALUES (620020054,'MATH2801'),(620020054,'CHEM3617'),(620020054,'INFO3935'),(620020054,'COMP3639'),(620020054,'INFO2337');
INSERT INTO Users VALUES (620020055,'Young','Deen','YoungDeen@gmail.com','DeenYoung');
INSERT INTO Students VALUES (620020055,'UNDERGRAD','01-01-2020');
INSERT INTO Enrolled (u_id,courseCode) VALUES (620020055,'PHYS2117'),(620020055,'PHYS3339'),(620020055,'COMP2077'),(620020055,'COMP2080'),(620020055,'PHYS2451');
INSERT INTO Users VALUES (620020056,'Neal','Walden','NealWalden@gmail.com','WaldenNeal');
INSERT INTO Students VALUES (620020056,'UNDERGRAD','01-01-2020');
INSERT INTO Enrolled (u_id,courseCode) VALUES (620020056,'MATH3688'),(620020056,'INFO3636'),(620020056,'ECON3085');
INSERT INTO Users VALUES (620020057,'Tony','Pantoja','TonyPantoja@gmail.com','PantojaTony');
INSERT INTO Students VALUES (620020057,'UNDERGRAD','01-01-2020');
INSERT INTO Enrolled (u_id,courseCode) VALUES (620020057,'INFO3603'),(620020057,'COMP2400'),(620020057,'INFO1447'),(620020057,'ECON1458'),(620020057,'PHYS3290'),(620020057,'COMP3746');
INSERT INTO Users VALUES (620020058,'Susan','Velasquez','SusanVelasquez@gmail.com','VelasquezSusan');
INSERT INTO Students VALUES (620020058,'UNDERGRAD','01-01-2020');
INSERT INTO Enrolled (u_id,courseCode) VALUES (620020058,'INFO2716'),(620020058,'PHYS2667'),(620020058,'ECON3311');
INSERT INTO Users VALUES (620020059,'Jeffrey','Granado','JeffreyGranado@gmail.com','GranadoJeffrey');
INSERT INTO Students VALUES (620020059,'UNDERGRAD','01-01-2020');
INSERT INTO Enrolled (u_id,courseCode) VALUES (620020059,'INFO1833'),(620020059,'PHYS3659'),(620020059,'PHYS3052'),(620020059,'MATH1262'),(620020059,'MATH2067'),(620020059,'ECON3020');
INSERT INTO Users VALUES (620020060,'Melanie','Sudduth','MelanieSudduth@gmail.com','SudduthMelanie');
INSERT INTO Students VALUES (620020060,'UNDERGRAD','01-01-2020');
INSERT INTO Enrolled (u_id,courseCode) VALUES (620020060,'INFO1242'),(620020060,'BIOC1986'),(620020060,'PHYS2306');
INSERT INTO Users VALUES (620020061,'Thomas','Burch','ThomasBurch@gmail.com','BurchThomas');
INSERT INTO Students VALUES (620020061,'UNDERGRAD','01-01-2020');
INSERT INTO Enrolled (u_id,courseCode) VALUES (620020061,'BIOC2054'),(620020061,'MATH1972'),(620020061,'ECON2345');
INSERT INTO Users VALUES (620020062,'Angela','Lopez','AngelaLopez@gmail.com','LopezAngela');
INSERT INTO Students VALUES (620020062,'UNDERGRAD','01-01-2020');
INSERT INTO Enrolled (u_id,courseCode) VALUES (620020062,'COMP2651'),(620020062,'MATH1638'),(620020062,'INFO2337'),(620020062,'ECON1012');
INSERT INTO Users VALUES (620020063,'Deborah','Gaffney','DeborahGaffney@gmail.com','GaffneyDeborah');
INSERT INTO Students VALUES (620020063,'UNDERGRAD','01-01-2020');
INSERT INTO Enrolled (u_id,courseCode) VALUES (620020063,'CHEM1485'),(620020063,'CHEM3617'),(620020063,'ECON3228');
INSERT INTO Users VALUES (620020064,'Sharon','Miles','SharonMiles@gmail.com','MilesSharon');
INSERT INTO Students VALUES (620020064,'UNDERGRAD','01-01-2020');
INSERT INTO Enrolled (u_id,courseCode) VALUES (620020064,'PHYS2448'),(620020064,'INFO1990'),(620020064,'CHEM1340');
INSERT INTO Users VALUES (620020065,'Lindsey','Walker','LindseyWalker@gmail.com','WalkerLindsey');
INSERT INTO Students VALUES (620020065,'UNDERGRAD','01-01-2020');
INSERT INTO Enrolled (u_id,courseCode) VALUES (620020065,'PHYS2113'),(620020065,'COMP3639'),(620020065,'ECON2387'),(620020065,'INFO1447'),(620020065,'CHEM3409'),(620020065,'MATH2501');
INSERT INTO Users VALUES (620020066,'Blake','Sudduth','BlakeSudduth@gmail.com','SudduthBlake');
INSERT INTO Students VALUES (620020066,'UNDERGRAD','01-01-2020');
INSERT INTO Enrolled (u_id,courseCode) VALUES (620020066,'ECON1012'),(620020066,'INFO2811'),(620020066,'MATH2801'),(620020066,'BIOC1986'),(620020066,'COMP3047'),(620020066,'BIOC1866');
INSERT INTO Users VALUES (620020067,'Sheila','Golden','SheilaGolden@gmail.com','GoldenSheila');
INSERT INTO Students VALUES (620020067,'UNDERGRAD','01-01-2020');
INSERT INTO Enrolled (u_id,courseCode) VALUES (620020067,'BIOC1598'),(620020067,'INFO1648'),(620020067,'MATH3613');
INSERT INTO Users VALUES (620020068,'Steven','Dillis','StevenDillis@gmail.com','DillisSteven');
INSERT INTO Students VALUES (620020068,'UNDERGRAD','01-01-2020');
INSERT INTO Enrolled (u_id,courseCode) VALUES (620020068,'INFO2636'),(620020068,'BIOC2236'),(620020068,'INFO2337'),(620020068,'BIOC1725');
INSERT INTO Users VALUES (620020069,'Helen','Woomer','HelenWoomer@gmail.com','WoomerHelen');
INSERT INTO Students VALUES (620020069,'UNDERGRAD','01-01-2020');
INSERT INTO Enrolled (u_id,courseCode) VALUES (620020069,'ECON1561'),(620020069,'BIOC1794'),(620020069,'COMP3418'),(620020069,'MATH3844'),(620020069,'COMP2400'),(620020069,'BIOC1910');
INSERT INTO Users VALUES (620020070,'Sheila','Grinstead','SheilaGrinstead@gmail.com','GrinsteadSheila');
INSERT INTO Students VALUES (620020070,'UNDERGRAD','01-01-2020');
INSERT INTO Enrolled (u_id,courseCode) VALUES (620020070,'CHEM3747'),(620020070,'PHYS1979'),(620020070,'CHEM2867'),(620020070,'ECON3737');
INSERT INTO Users VALUES (620020071,'Lisa','Scales','LisaScales@gmail.com','ScalesLisa');
INSERT INTO Students VALUES (620020071,'UNDERGRAD','01-01-2020');
INSERT INTO Enrolled (u_id,courseCode) VALUES (620020071,'COMP1460'),(620020071,'CHEM2177'),(620020071,'MATH2188'),(620020071,'INFO1014');
INSERT INTO Users VALUES (620020072,'Isreal','Citizen','IsrealCitizen@gmail.com','CitizenIsreal');
INSERT INTO Students VALUES (620020072,'UNDERGRAD','01-01-2020');
INSERT INTO Enrolled (u_id,courseCode) VALUES (620020072,'MATH1578'),(620020072,'PHYS2338'),(620020072,'CHEM2867');
INSERT INTO Users VALUES (620020073,'Shonda','Pearson','ShondaPearson@gmail.com','PearsonShonda');
INSERT INTO Students VALUES (620020073,'UNDERGRAD','01-01-2020');
INSERT INTO Enrolled (u_id,courseCode) VALUES (620020073,'PHYS2451'),(620020073,'PHYS2338'),(620020073,'ECON3228'),(620020073,'BIOC1744'),(620020073,'CHEM1613');
INSERT INTO Users VALUES (620020074,'Rene','Steere','ReneSteere@gmail.com','SteereRene');
INSERT INTO Students VALUES (620020074,'UNDERGRAD','01-01-2020');
INSERT INTO Enrolled (u_id,courseCode) VALUES (620020074,'INFO2213'),(620020074,'BIOC2589'),(620020074,'INFO1014'),(620020074,'INFO2337'),(620020074,'MATH1578'),(620020074,'BIOC1725');
INSERT INTO Users VALUES (620020075,'Delia','Jones','DeliaJones@gmail.com','JonesDelia');
INSERT INTO Students VALUES (620020075,'UNDERGRAD','01-01-2020');
INSERT INTO Enrolled (u_id,courseCode) VALUES (620020075,'MATH1578'),(620020075,'PHYS3659'),(620020075,'BIOC3604');
INSERT INTO Users VALUES (620020076,'Orlando','Early','OrlandoEarly@gmail.com','EarlyOrlando');
INSERT INTO Students VALUES (620020076,'UNDERGRAD','01-01-2020');
INSERT INTO Enrolled (u_id,courseCode) VALUES (620020076,'MATH2957'),(620020076,'COMP2080'),(620020076,'CHEM2005'),(620020076,'ECON3004');
INSERT INTO Users VALUES (620020077,'Sharon','Robles','SharonRobles@gmail.com','RoblesSharon');
INSERT INTO Students VALUES (620020077,'UNDERGRAD','01-01-2020');
INSERT INTO Enrolled (u_id,courseCode) VALUES (620020077,'INFO1825'),(620020077,'COMP2541'),(620020077,'INFO2213');
INSERT INTO Users VALUES (620020078,'Sadie','Gondek','SadieGondek@gmail.com','GondekSadie');
INSERT INTO Students VALUES (620020078,'UNDERGRAD','01-01-2020');
INSERT INTO Enrolled (u_id,courseCode) VALUES (620020078,'CHEM2177'),(620020078,'COMP3849'),(620020078,'MATH2188');
INSERT INTO Users VALUES (620020079,'Rhoda','Gondek','RhodaGondek@gmail.com','GondekRhoda');
INSERT INTO Students VALUES (620020079,'UNDERGRAD','01-01-2020');
INSERT INTO Enrolled (u_id,courseCode) VALUES (620020079,'PHYS3354'),(620020079,'COMP1543'),(620020079,'PHYS2667'),(620020079,'COMP1051'),(620020079,'COMP2541'),(620020079,'BIOC1439');
INSERT INTO Users VALUES (620020080,'Marie','Figueroa','MarieFigueroa@gmail.com','FigueroaMarie');
INSERT INTO Students VALUES (620020080,'UNDERGRAD','01-01-2020');
INSERT INTO Enrolled (u_id,courseCode) VALUES (620020080,'PHYS2667'),(620020080,'PHYS3339'),(620020080,'ECON1098'),(620020080,'MATH1454'),(620020080,'MATH3857'),(620020080,'ECON3004');
INSERT INTO Users VALUES (620020081,'Kendra','Amberg','KendraAmberg@gmail.com','AmbergKendra');
INSERT INTO Students VALUES (620020081,'UNDERGRAD','01-01-2020');
INSERT INTO Enrolled (u_id,courseCode) VALUES (620020081,'CHEM3327'),(620020081,'ECON1498'),(620020081,'INFO3603'),(620020081,'PHYS3659'),(620020081,'COMP3047');
INSERT INTO Users VALUES (620020082,'James','Braun','JamesBraun@gmail.com','BraunJames');
INSERT INTO Students VALUES (620020082,'UNDERGRAD','01-01-2020');
INSERT INTO Enrolled (u_id,courseCode) VALUES (620020082,'ECON1498'),(620020082,'CHEM2727'),(620020082,'CHEM3888'),(620020082,'BIOC3604'),(620020082,'PHYS3464');
INSERT INTO Users VALUES (620020083,'Dennis','Starks','DennisStarks@gmail.com','StarksDennis');
INSERT INTO Students VALUES (620020083,'UNDERGRAD','01-01-2020');
INSERT INTO Enrolled (u_id,courseCode) VALUES (620020083,'BIOC3721'),(620020083,'PHYS2451'),(620020083,'ECON3228');
INSERT INTO Users VALUES (620020084,'Jacqueline','Truitt','JacquelineTruitt@gmail.com','TruittJacqueline');
INSERT INTO Students VALUES (620020084,'UNDERGRAD','01-01-2020');
INSERT INTO Enrolled (u_id,courseCode) VALUES (620020084,'ECON3276'),(620020084,'BIOC2981'),(620020084,'ECON3550');
INSERT INTO Users VALUES (620020085,'Geoffrey','Krause','GeoffreyKrause@gmail.com','KrauseGeoffrey');
INSERT INTO Students VALUES (620020085,'UNDERGRAD','01-01-2020');
INSERT INTO Enrolled (u_id,courseCode) VALUES (620020085,'COMP2080'),(620020085,'BIOC1744'),(620020085,'PHYS3729'),(620020085,'COMP3084');
INSERT INTO Users VALUES (620020086,'Bernard','Lowry','BernardLowry@gmail.com','LowryBernard');
INSERT INTO Students VALUES (620020086,'UNDERGRAD','01-01-2020');
INSERT INTO Enrolled (u_id,courseCode) VALUES (620020086,'COMP2965'),(620020086,'PHYS3876'),(620020086,'PHYS3787'),(620020086,'COMP3173');
INSERT INTO Users VALUES (620020087,'Tiara','Pelletier','TiaraPelletier@gmail.com','PelletierTiara');
INSERT INTO Students VALUES (620020087,'UNDERGRAD','01-01-2020');
INSERT INTO Enrolled (u_id,courseCode) VALUES (620020087,'COMP3849'),(620020087,'PHYS2448'),(620020087,'ECON3228');
INSERT INTO Users VALUES (620020088,'Roger','Watson','RogerWatson@gmail.com','WatsonRoger');
INSERT INTO Students VALUES (620020088,'UNDERGRAD','01-01-2020');
INSERT INTO Enrolled (u_id,courseCode) VALUES (620020088,'CHEM3347'),(620020088,'INFO3419'),(620020088,'BIOC2983'),(620020088,'COMP3084');
INSERT INTO Users VALUES (620020089,'Christina','Parker','ChristinaParker@gmail.com','ParkerChristina');
INSERT INTO Students VALUES (620020089,'UNDERGRAD','01-01-2020');
INSERT INTO Enrolled (u_id,courseCode) VALUES (620020089,'CHEM2177'),(620020089,'INFO2950'),(620020089,'ECON1498');
INSERT INTO Users VALUES (620020090,'Rhoda','Laudat','RhodaLaudat@gmail.com','LaudatRhoda');
INSERT INTO Students VALUES (620020090,'UNDERGRAD','01-01-2020');
INSERT INTO Enrolled (u_id,courseCode) VALUES (620020090,'MATH1454'),(620020090,'CHEM3614'),(620020090,'INFO2147');
INSERT INTO Users VALUES (620020091,'Latoya','Brock','LatoyaBrock@gmail.com','BrockLatoya');
INSERT INTO Students VALUES (620020091,'UNDERGRAD','01-01-2020');
INSERT INTO Enrolled (u_id,courseCode) VALUES (620020091,'PHYS3052'),(620020091,'MATH3209'),(620020091,'COMP1184'),(620020091,'INFO1833'),(620020091,'MATH1735'),(620020091,'MATH2501');
INSERT INTO Users VALUES (620020092,'Roger','Taylor','RogerTaylor@gmail.com','TaylorRoger');
INSERT INTO Students VALUES (620020092,'UNDERGRAD','01-01-2020');
INSERT INTO Enrolled (u_id,courseCode) VALUES (620020092,'INFO2521'),(620020092,'MATH1735'),(620020092,'INFO1825'),(620020092,'BIOC1485'),(620020092,'PHYS3464'),(620020092,'ECON3372');
INSERT INTO Users VALUES (620020093,'Bernie','Hunt','BernieHunt@gmail.com','HuntBernie');
INSERT INTO Students VALUES (620020093,'UNDERGRAD','01-01-2020');
INSERT INTO Enrolled (u_id,courseCode) VALUES (620020093,'INFO2813'),(620020093,'COMP3506'),(620020093,'COMP2965');
INSERT INTO Users VALUES (620020094,'Richard','Howe','RichardHowe@gmail.com','HoweRichard');
INSERT INTO Students VALUES (620020094,'UNDERGRAD','01-01-2020');
INSERT INTO Enrolled (u_id,courseCode) VALUES (620020094,'BIOC1794'),(620020094,'ECON1589'),(620020094,'BIOC1164'),(620020094,'INFO1014'),(620020094,'INFO1145');
INSERT INTO Users VALUES (620020095,'Sergio','Diggs','SergioDiggs@gmail.com','DiggsSergio');
INSERT INTO Students VALUES (620020095,'UNDERGRAD','01-01-2020');
INSERT INTO Enrolled (u_id,courseCode) VALUES (620020095,'COMP2077'),(620020095,'COMP3685'),(620020095,'PHYS1993'),(620020095,'PHYS1930');
INSERT INTO Users VALUES (620020096,'Willard','Lauritsen','WillardLauritsen@gmail.com','LauritsenWillard');
INSERT INTO Students VALUES (620020096,'UNDERGRAD','01-01-2020');
INSERT INTO Enrolled (u_id,courseCode) VALUES (620020096,'MATH3688'),(620020096,'MATH2188'),(620020096,'PHYS2977'),(620020096,'PHYS3052');
INSERT INTO Users VALUES (620020097,'Terri','Maione','TerriMaione@gmail.com','MaioneTerri');
INSERT INTO Students VALUES (620020097,'UNDERGRAD','01-01-2020');
INSERT INTO Enrolled (u_id,courseCode) VALUES (620020097,'MATH2717'),(620020097,'ECON1645'),(620020097,'ECON3447');
INSERT INTO Users VALUES (620020098,'Curtis','Souza','CurtisSouza@gmail.com','SouzaCurtis');
INSERT INTO Students VALUES (620020098,'UNDERGRAD','01-01-2020');
INSERT INTO Enrolled (u_id,courseCode) VALUES (620020098,'MATH3059'),(620020098,'ECON3550'),(620020098,'PHYS3052'),(620020098,'INFO2813'),(620020098,'INFO1825'),(620020098,'BIOC2983');
INSERT INTO Users VALUES (620020099,'Evelyn','Hayes','EvelynHayes@gmail.com','HayesEvelyn');
INSERT INTO Students VALUES (620020099,'UNDERGRAD','01-01-2020');
INSERT INTO Enrolled (u_id,courseCode) VALUES (620020099,'COMP2361'),(620020099,'INFO2147'),(620020099,'MATH2801');
INSERT INTO Users VALUES (620020100,'Ashley','Wurdeman','AshleyWurdeman@gmail.com','WurdemanAshley');
INSERT INTO Students VALUES (620020100,'UNDERGRAD','01-01-2020');
INSERT INTO Enrolled (u_id,courseCode) VALUES (620020100,'ECON3311'),(620020100,'MATH1638'),(620020100,'INFO1447'),(620020100,'ECON2387'),(620020100,'BIOC3457'),(620020100,'ECON3085');
INSERT INTO Users VALUES (620020101,'Randall','Rankin','RandallRankin@gmail.com','RankinRandall');
INSERT INTO Students VALUES (620020101,'UNDERGRAD','01-01-2020');
INSERT INTO Enrolled (u_id,courseCode) VALUES (620020101,'ECON3989'),(620020101,'PHYS2977'),(620020101,'COMP2361'),(620020101,'ECON2722'),(620020101,'INFO1833');
INSERT INTO Users VALUES (620020102,'Don','Steinberger','DonSteinberger@gmail.com','SteinbergerDon');
INSERT INTO Students VALUES (620020102,'UNDERGRAD','01-01-2020');
INSERT INTO Enrolled (u_id,courseCode) VALUES (620020102,'BIOC1448'),(620020102,'INFO1648'),(620020102,'ECON1098');
INSERT INTO Users VALUES (620020103,'Rodney','Miraglia','RodneyMiraglia@gmail.com','MiragliaRodney');
INSERT INTO Students VALUES (620020103,'UNDERGRAD','01-01-2020');
INSERT INTO Enrolled (u_id,courseCode) VALUES (620020103,'PHYS2113'),(620020103,'CHEM3888'),(620020103,'BIOC1910'),(620020103,'MATH2501'),(620020103,'COMP1460');
INSERT INTO Users VALUES (620020104,'Clyde','Mcclain','ClydeMcclain@gmail.com','McclainClyde');
INSERT INTO Students VALUES (620020104,'UNDERGRAD','01-01-2020');
INSERT INTO Enrolled (u_id,courseCode) VALUES (620020104,'MATH1638'),(620020104,'CHEM2797'),(620020104,'PHYS2338'),(620020104,'COMP1460'),(620020104,'ECON3372'),(620020104,'MATH1454');
INSERT INTO Users VALUES (620020105,'Jake','Jesse','JakeJesse@gmail.com','JesseJake');
INSERT INTO Students VALUES (620020105,'UNDERGRAD','01-01-2020');
INSERT INTO Enrolled (u_id,courseCode) VALUES (620020105,'ECON3228'),(620020105,'COMP2080'),(620020105,'BIOC2671'),(620020105,'ECON3276'),(620020105,'BIOC3191'),(620020105,'ECON1098');
INSERT INTO Users VALUES (620020106,'Martin','Laramee','MartinLaramee@gmail.com','LarameeMartin');
INSERT INTO Students VALUES (620020106,'UNDERGRAD','01-01-2020');
INSERT INTO Enrolled (u_id,courseCode) VALUES (620020106,'BIOC2981'),(620020106,'ECON3228'),(620020106,'PHYS3659');
INSERT INTO Users VALUES (620020107,'Jimmy','Hardman','JimmyHardman@gmail.com','HardmanJimmy');
INSERT INTO Students VALUES (620020107,'UNDERGRAD','01-01-2020');
INSERT INTO Enrolled (u_id,courseCode) VALUES (620020107,'PHYS3290'),(620020107,'MATH1735'),(620020107,'INFO3603'),(620020107,'ECON1458'),(620020107,'ECON3989');
INSERT INTO Users VALUES (620020108,'Geraldine','Mcclenon','GeraldineMcclenon@gmail.com','McclenonGeraldine');
INSERT INTO Students VALUES (620020108,'UNDERGRAD','01-01-2020');
INSERT INTO Enrolled (u_id,courseCode) VALUES (620020108,'CHEM3327'),(620020108,'BIOC1794'),(620020108,'PHYS3876'),(620020108,'COMP3506'),(620020108,'BIOC3721'),(620020108,'ECON3311');
INSERT INTO Users VALUES (620020109,'Danielle','Harrington','DanielleHarrington@gmail.com','HarringtonDanielle');
INSERT INTO Students VALUES (620020109,'UNDERGRAD','01-01-2020');
INSERT INTO Enrolled (u_id,courseCode) VALUES (620020109,'INFO2270'),(620020109,'CHEM3793'),(620020109,'INFO3603'),(620020109,'CHEM1613');
INSERT INTO Users VALUES (620020110,'Bobby','Garnes','BobbyGarnes@gmail.com','GarnesBobby');
INSERT INTO Students VALUES (620020110,'UNDERGRAD','01-01-2020');
INSERT INTO Enrolled (u_id,courseCode) VALUES (620020110,'CHEM3327'),(620020110,'ECON3228'),(620020110,'MATH1262'),(620020110,'PHYS3354'),(620020110,'INFO2521'),(620020110,'MATH2717');
INSERT INTO Users VALUES (620020111,'Rodney','Mcclanahan','RodneyMcclanahan@gmail.com','McclanahanRodney');
INSERT INTO Students VALUES (620020111,'UNDERGRAD','01-01-2020');
INSERT INTO Enrolled (u_id,courseCode) VALUES (620020111,'CHEM3793'),(620020111,'CHEM2065'),(620020111,'CHEM1494');
INSERT INTO Users VALUES (620020112,'Tanya','Mcclanahan','TanyaMcclanahan@gmail.com','McclanahanTanya');
INSERT INTO Students VALUES (620020112,'UNDERGRAD','01-01-2020');
INSERT INTO Enrolled (u_id,courseCode) VALUES (620020112,'BIOC3604'),(620020112,'COMP3849'),(620020112,'INFO3935'),(620020112,'ECON1230');
INSERT INTO Users VALUES (620020113,'Joe','Walden','JoeWalden@gmail.com','WaldenJoe');
INSERT INTO Students VALUES (620020113,'UNDERGRAD','01-01-2020');
INSERT INTO Enrolled (u_id,courseCode) VALUES (620020113,'CHEM2867'),(620020113,'COMP3536'),(620020113,'CHEM2481'),(620020113,'COMP2361'),(620020113,'MATH1309');
INSERT INTO Users VALUES (620020114,'Toby','Gillis','TobyGillis@gmail.com','GillisToby');
INSERT INTO Students VALUES (620020114,'UNDERGRAD','01-01-2020');
INSERT INTO Enrolled (u_id,courseCode) VALUES (620020114,'INFO1145'),(620020114,'INFO1833'),(620020114,'CHEM2005'),(620020114,'INFO2521'),(620020114,'BIOC2981');
INSERT INTO Users VALUES (620020115,'Debbie','Sharp','DebbieSharp@gmail.com','SharpDebbie');
INSERT INTO Students VALUES (620020115,'UNDERGRAD','01-01-2020');
INSERT INTO Enrolled (u_id,courseCode) VALUES (620020115,'PHYS3354'),(620020115,'INFO2337'),(620020115,'MATH2188');
INSERT INTO Users VALUES (620020116,'Sarah','Hodge','SarahHodge@gmail.com','HodgeSarah');
INSERT INTO Students VALUES (620020116,'UNDERGRAD','01-01-2020');
INSERT INTO Enrolled (u_id,courseCode) VALUES (620020116,'PHYS2113'),(620020116,'CHEM3617'),(620020116,'MATH3613'),(620020116,'COMP1357'),(620020116,'BIOC1485');
INSERT INTO Users VALUES (620020117,'Julius','Lockwood','JuliusLockwood@gmail.com','LockwoodJulius');
INSERT INTO Students VALUES (620020117,'UNDERGRAD','01-01-2020');
INSERT INTO Enrolled (u_id,courseCode) VALUES (620020117,'MATH2067'),(620020117,'ECON1230'),(620020117,'PHYS1399'),(620020117,'COMP1051'),(620020117,'INFO2636'),(620020117,'BIOC1910');
INSERT INTO Users VALUES (620020118,'Jeffrey','Blackwell','JeffreyBlackwell@gmail.com','BlackwellJeffrey');
INSERT INTO Students VALUES (620020118,'UNDERGRAD','01-01-2020');
INSERT INTO Enrolled (u_id,courseCode) VALUES (620020118,'PHYS3729'),(620020118,'MATH1250'),(620020118,'CHEM3347'),(620020118,'CHEM2220'),(620020118,'INFO2636'),(620020118,'ECON3550');
INSERT INTO Users VALUES (620020119,'Dominique','Grinstead','DominiqueGrinstead@gmail.com','GrinsteadDominique');
INSERT INTO Students VALUES (620020119,'UNDERGRAD','01-01-2020');
INSERT INTO Enrolled (u_id,courseCode) VALUES (620020119,'ECON3063'),(620020119,'MATH3544'),(620020119,'MATH2501');
INSERT INTO Users VALUES (620020120,'Isreal','Winner','IsrealWinner@gmail.com','WinnerIsreal');
INSERT INTO Students VALUES (620020120,'UNDERGRAD','01-01-2020');
INSERT INTO Enrolled (u_id,courseCode) VALUES (620020120,'COMP3418'),(620020120,'CHEM3793'),(620020120,'MATH3173'),(620020120,'COMP2717');
INSERT INTO Users VALUES (620020121,'Josh','Gilman','JoshGilman@gmail.com','GilmanJosh');
INSERT INTO Students VALUES (620020121,'UNDERGRAD','01-01-2020');
INSERT INTO Enrolled (u_id,courseCode) VALUES (620020121,'INFO1288'),(620020121,'MATH3173'),(620020121,'ECON1783'),(620020121,'ECON1230'),(620020121,'CHEM3793');
INSERT INTO Users VALUES (620020122,'Howard','Bras','HowardBras@gmail.com','BrasHoward');
INSERT INTO Students VALUES (620020122,'UNDERGRAD','01-01-2020');
INSERT INTO Enrolled (u_id,courseCode) VALUES (620020122,'PHYS1173'),(620020122,'CHEM1807'),(620020122,'MATH3222'),(620020122,'INFO3645'),(620020122,'INFO1014');
INSERT INTO Users VALUES (620020123,'Hector','Wilbanks','HectorWilbanks@gmail.com','WilbanksHector');
INSERT INTO Students VALUES (620020123,'UNDERGRAD','01-01-2020');
INSERT INTO Enrolled (u_id,courseCode) VALUES (620020123,'CHEM3888'),(620020123,'PHYS1930'),(620020123,'PHYS3339');
INSERT INTO Users VALUES (620020124,'Karen','Richardson','KarenRichardson@gmail.com','RichardsonKaren');
INSERT INTO Students VALUES (620020124,'UNDERGRAD','01-01-2020');
INSERT INTO Enrolled (u_id,courseCode) VALUES (620020124,'ECON3276'),(620020124,'MATH3173'),(620020124,'ECON3550'),(620020124,'BIOC1439'),(620020124,'PHYS2229'),(620020124,'CHEM1340');
INSERT INTO Users VALUES (620020125,'Jessie','Wurdeman','JessieWurdeman@gmail.com','WurdemanJessie');
INSERT INTO Students VALUES (620020125,'UNDERGRAD','01-01-2020');
INSERT INTO Enrolled (u_id,courseCode) VALUES (620020125,'PHYS2306'),(620020125,'BIOC1485'),(620020125,'BIOC1725');
INSERT INTO Users VALUES (620020126,'Elwood','Scully','ElwoodScully@gmail.com','ScullyElwood');
INSERT INTO Students VALUES (620020126,'UNDERGRAD','01-01-2020');
INSERT INTO Enrolled (u_id,courseCode) VALUES (620020126,'ECON3288'),(620020126,'MATH1648'),(620020126,'INFO2716');
INSERT INTO Users VALUES (620020127,'Denise','Garnes','DeniseGarnes@gmail.com','GarnesDenise');
INSERT INTO Students VALUES (620020127,'UNDERGRAD','01-01-2020');
INSERT INTO Enrolled (u_id,courseCode) VALUES (620020127,'COMP3084'),(620020127,'MATH2067'),(620020127,'PHYS3339'),(620020127,'MATH1735');
INSERT INTO Users VALUES (620020128,'Ben','Hodge','BenHodge@gmail.com','HodgeBen');
INSERT INTO Students VALUES (620020128,'UNDERGRAD','01-01-2020');
INSERT INTO Enrolled (u_id,courseCode) VALUES (620020128,'COMP3536'),(620020128,'INFO2716'),(620020128,'COMP1357');
INSERT INTO Users VALUES (620020129,'Homer','Harms','HomerHarms@gmail.com','HarmsHomer');
INSERT INTO Students VALUES (620020129,'UNDERGRAD','01-01-2020');
INSERT INTO Enrolled (u_id,courseCode) VALUES (620020129,'CHEM2481'),(620020129,'INFO1648'),(620020129,'MATH3857'),(620020129,'COMP3639'),(620020129,'BIOC2236'),(620020129,'ECON1996');
INSERT INTO Users VALUES (620020130,'Edna','Duffie','EdnaDuffie@gmail.com','DuffieEdna');
INSERT INTO Students VALUES (620020130,'UNDERGRAD','01-01-2020');
INSERT INTO Enrolled (u_id,courseCode) VALUES (620020130,'BIOC2550'),(620020130,'MATH1735'),(620020130,'PHYS2563'),(620020130,'BIOC1598');
INSERT INTO Users VALUES (620020131,'Ruth','Campbell','RuthCampbell@gmail.com','CampbellRuth');
INSERT INTO Students VALUES (620020131,'UNDERGRAD','01-01-2020');
INSERT INTO Enrolled (u_id,courseCode) VALUES (620020131,'INFO3603'),(620020131,'INFO2521'),(620020131,'MATH3029');
INSERT INTO Users VALUES (620020132,'Ronald','Mattingly','RonaldMattingly@gmail.com','MattinglyRonald');
INSERT INTO Students VALUES (620020132,'UNDERGRAD','01-01-2020');
INSERT INTO Enrolled (u_id,courseCode) VALUES (620020132,'INFO1014'),(620020132,'CHEM3347'),(620020132,'INFO2559'),(620020132,'ECON1589'),(620020132,'PHYS2338');
INSERT INTO Users VALUES (620020133,'Kimberly','Baccus','KimberlyBaccus@gmail.com','BaccusKimberly');
INSERT INTO Students VALUES (620020133,'UNDERGRAD','01-01-2020');
INSERT INTO Enrolled (u_id,courseCode) VALUES (620020133,'CHEM3747'),(620020133,'BIOC1794'),(620020133,'CHEM2065'),(620020133,'ECON3523'),(620020133,'INFO1825'),(620020133,'CHEM1485');
INSERT INTO Users VALUES (620020134,'Tia','Mcneill','TiaMcneill@gmail.com','McneillTia');
INSERT INTO Students VALUES (620020134,'UNDERGRAD','01-01-2020');
INSERT INTO Enrolled (u_id,courseCode) VALUES (620020134,'MATH2873'),(620020134,'PHYS1399'),(620020134,'COMP2965'),(620020134,'MATH3059'),(620020134,'CHEM2066'),(620020134,'BIOC2550');
INSERT INTO Users VALUES (620020135,'Edward','Cummings','EdwardCummings@gmail.com','CummingsEdward');
INSERT INTO Students VALUES (620020135,'UNDERGRAD','01-01-2020');
INSERT INTO Enrolled (u_id,courseCode) VALUES (620020135,'BIOC2589'),(620020135,'COMP1573'),(620020135,'PHYS3729');
INSERT INTO Users VALUES (620020136,'Marjorie','Myrick','MarjorieMyrick@gmail.com','MyrickMarjorie');
INSERT INTO Students VALUES (620020136,'UNDERGRAD','01-01-2020');
INSERT INTO Enrolled (u_id,courseCode) VALUES (620020136,'COMP3536'),(620020136,'CHEM2177'),(620020136,'COMP2717'),(620020136,'COMP1051'),(620020136,'INFO1288');
INSERT INTO Users VALUES (620020137,'Walter','Ferretti','WalterFerretti@gmail.com','FerrettiWalter');
INSERT INTO Students VALUES (620020137,'UNDERGRAD','01-01-2020');
INSERT INTO Enrolled (u_id,courseCode) VALUES (620020137,'INFO2270'),(620020137,'COMP1867'),(620020137,'ECON3085');
INSERT INTO Users VALUES (620020138,'Lauren','Cannon','LaurenCannon@gmail.com','CannonLauren');
INSERT INTO Students VALUES (620020138,'UNDERGRAD','01-01-2020');
INSERT INTO Enrolled (u_id,courseCode) VALUES (620020138,'MATH1250'),(620020138,'COMP3238'),(620020138,'PHYS2238');
INSERT INTO Users VALUES (620020139,'Shawn','Jesse','ShawnJesse@gmail.com','JesseShawn');
INSERT INTO Students VALUES (620020139,'UNDERGRAD','01-01-2020');
INSERT INTO Enrolled (u_id,courseCode) VALUES (620020139,'INFO2716'),(620020139,'BIOC1052'),(620020139,'COMP3639'),(620020139,'PHYS2117'),(620020139,'CHEM3793'),(620020139,'PHYS2338');
INSERT INTO Users VALUES (620020140,'Katie','Scarbrough','KatieScarbrough@gmail.com','ScarbroughKatie');
INSERT INTO Students VALUES (620020140,'UNDERGRAD','01-01-2020');
INSERT INTO Enrolled (u_id,courseCode) VALUES (620020140,'ECON2814'),(620020140,'ECON3020'),(620020140,'BIOC2054'),(620020140,'INFO1648'),(620020140,'BIOC3341');
INSERT INTO Users VALUES (620020141,'Greg','Hoyer','GregHoyer@gmail.com','HoyerGreg');
INSERT INTO Students VALUES (620020141,'UNDERGRAD','01-01-2020');
INSERT INTO Enrolled (u_id,courseCode) VALUES (620020141,'ECON2814'),(620020141,'MATH1454'),(620020141,'INFO3603'),(620020141,'CHEM1340'),(620020141,'COMP1051');
INSERT INTO Users VALUES (620020142,'Willie','Macpartland','WillieMacpartland@gmail.com','MacpartlandWillie');
INSERT INTO Students VALUES (620020142,'UNDERGRAD','01-01-2020');
INSERT INTO Enrolled (u_id,courseCode) VALUES (620020142,'INFO1288'),(620020142,'ECON3372'),(620020142,'BIOC1744'),(620020142,'COMP2965'),(620020142,'COMP2361');
INSERT INTO Users VALUES (620020143,'Doris','Russ','DorisRuss@gmail.com','RussDoris');
INSERT INTO Students VALUES (620020143,'UNDERGRAD','01-01-2020');
INSERT INTO Enrolled (u_id,courseCode) VALUES (620020143,'ECON1012'),(620020143,'PHYS1140'),(620020143,'BIOC1104');
INSERT INTO Users VALUES (620020144,'Elwood','Comley','ElwoodComley@gmail.com','ComleyElwood');
INSERT INTO Students VALUES (620020144,'UNDERGRAD','01-01-2020');
INSERT INTO Enrolled (u_id,courseCode) VALUES (620020144,'INFO3935'),(620020144,'BIOC2589'),(620020144,'COMP2541'),(620020144,'BIOC1598'),(620020144,'BIOC1725'),(620020144,'ECON3228');
INSERT INTO Users VALUES (620020145,'Tanya','Lemieux','TanyaLemieux@gmail.com','LemieuxTanya');
INSERT INTO Students VALUES (620020145,'UNDERGRAD','01-01-2020');
INSERT INTO Enrolled (u_id,courseCode) VALUES (620020145,'PHYS3876'),(620020145,'BIOC1448'),(620020145,'MATH2873'),(620020145,'MATH1972');
INSERT INTO Users VALUES (620020146,'Danielle','Calvert','DanielleCalvert@gmail.com','CalvertDanielle');
INSERT INTO Students VALUES (620020146,'UNDERGRAD','01-01-2020');
INSERT INTO Enrolled (u_id,courseCode) VALUES (620020146,'ECON2814'),(620020146,'ECON3372'),(620020146,'BIOC1448'),(620020146,'BIOC2589');
INSERT INTO Users VALUES (620020147,'Gordon','Watson','GordonWatson@gmail.com','WatsonGordon');
INSERT INTO Students VALUES (620020147,'UNDERGRAD','01-01-2020');
INSERT INTO Enrolled (u_id,courseCode) VALUES (620020147,'MATH2957'),(620020147,'INFO3603'),(620020147,'CHEM2481'),(620020147,'MATH2550'),(620020147,'INFO2860');
INSERT INTO Users VALUES (620020148,'Rhonda','Baptiste','RhondaBaptiste@gmail.com','BaptisteRhonda');
INSERT INTO Students VALUES (620020148,'UNDERGRAD','01-01-2020');
INSERT INTO Enrolled (u_id,courseCode) VALUES (620020148,'CHEM2481'),(620020148,'COMP3639'),(620020148,'INFO3636');
INSERT INTO Users VALUES (620020149,'Miguel','Scales','MiguelScales@gmail.com','ScalesMiguel');
INSERT INTO Students VALUES (620020149,'UNDERGRAD','01-01-2020');
INSERT INTO Enrolled (u_id,courseCode) VALUES (620020149,'INFO1014'),(620020149,'MATH2555'),(620020149,'ECON2387'),(620020149,'BIOC2054');
INSERT INTO Users VALUES (620020150,'Brooke','Garcia','BrookeGarcia@gmail.com','GarciaBrooke');
INSERT INTO Students VALUES (620020150,'UNDERGRAD','01-01-2020');
INSERT INTO Enrolled (u_id,courseCode) VALUES (620020150,'ECON3989'),(620020150,'COMP3167'),(620020150,'MATH3209'),(620020150,'COMP3084'),(620020150,'BIOC3191');
INSERT INTO Users VALUES (620020151,'Wanda','Hodge','WandaHodge@gmail.com','HodgeWanda');
INSERT INTO Students VALUES (620020151,'UNDERGRAD','01-01-2020');
INSERT INTO Enrolled (u_id,courseCode) VALUES (620020151,'INFO1288'),(620020151,'BIOC1986'),(620020151,'MATH1262'),(620020151,'CHEM3617');
INSERT INTO Users VALUES (620020152,'Sarah','Rivera','SarahRivera@gmail.com','RiveraSarah');
INSERT INTO Students VALUES (620020152,'UNDERGRAD','01-01-2020');
INSERT INTO Enrolled (u_id,courseCode) VALUES (620020152,'COMP1573'),(620020152,'CHEM2697'),(620020152,'MATH2501'),(620020152,'COMP1184'),(620020152,'CHEM3347');
INSERT INTO Users VALUES (620020153,'Melvin','Rice','MelvinRice@gmail.com','RiceMelvin');
INSERT INTO Students VALUES (620020153,'UNDERGRAD','01-01-2020');
INSERT INTO Enrolled (u_id,courseCode) VALUES (620020153,'COMP1460'),(620020153,'ECON1098'),(620020153,'INFO2521');
INSERT INTO Users VALUES (620020154,'Dora','Barron','DoraBarron@gmail.com','BarronDora');
INSERT INTO Students VALUES (620020154,'UNDERGRAD','01-01-2020');
INSERT INTO Enrolled (u_id,courseCode) VALUES (620020154,'BIOC2671'),(620020154,'CHEM1807'),(620020154,'MATH3059'),(620020154,'INFO1833'),(620020154,'MATH3688');
INSERT INTO Users VALUES (620020155,'Adam','Kent','AdamKent@gmail.com','KentAdam');
INSERT INTO Students VALUES (620020155,'UNDERGRAD','01-01-2020');
INSERT INTO Enrolled (u_id,courseCode) VALUES (620020155,'ECON3063'),(620020155,'INFO2797'),(620020155,'BIOC3341');
INSERT INTO Users VALUES (620020156,'Dean','Scully','DeanScully@gmail.com','ScullyDean');
INSERT INTO Students VALUES (620020156,'UNDERGRAD','01-01-2020');
INSERT INTO Enrolled (u_id,courseCode) VALUES (620020156,'ECON1561'),(620020156,'ECON2345'),(620020156,'ECON3447'),(620020156,'COMP1867'),(620020156,'PHYS1979'),(620020156,'MATH2550');
INSERT INTO Users VALUES (620020157,'Judith','Steinbach','JudithSteinbach@gmail.com','SteinbachJudith');
INSERT INTO Students VALUES (620020157,'UNDERGRAD','01-01-2020');
INSERT INTO Enrolled (u_id,courseCode) VALUES (620020157,'ECON1012'),(620020157,'PHYS2338'),(620020157,'PHYS2448'),(620020157,'PHYS2451'),(620020157,'COMP3084');
INSERT INTO Users VALUES (620020158,'Don','Sniezek','DonSniezek@gmail.com','SniezekDon');
INSERT INTO Students VALUES (620020158,'UNDERGRAD','01-01-2020');
INSERT INTO Enrolled (u_id,courseCode) VALUES (620020158,'COMP3173'),(620020158,'ECON3276'),(620020158,'COMP2651'),(620020158,'PHYS2306');
INSERT INTO Users VALUES (620020159,'Shawn','Comley','ShawnComley@gmail.com','ComleyShawn');
INSERT INTO Students VALUES (620020159,'UNDERGRAD','01-01-2020');
INSERT INTO Enrolled (u_id,courseCode) VALUES (620020159,'BIOC1910'),(620020159,'INFO2811'),(620020159,'CHEM1613'),(620020159,'ECON3281'),(620020159,'COMP2717');
INSERT INTO Users VALUES (620020160,'Caroline','Nichols','CarolineNichols@gmail.com','NicholsCaroline');
INSERT INTO Students VALUES (620020160,'UNDERGRAD','01-01-2020');
INSERT INTO Enrolled (u_id,courseCode) VALUES (620020160,'CHEM3888'),(620020160,'COMP2077'),(620020160,'COMP3536'),(620020160,'COMP3418'),(620020160,'INFO2813');
INSERT INTO Users VALUES (620020161,'Dean','Gillman','DeanGillman@gmail.com','GillmanDean');
INSERT INTO Students VALUES (620020161,'UNDERGRAD','01-01-2020');
INSERT INTO Enrolled (u_id,courseCode) VALUES (620020161,'ECON2814'),(620020161,'ECON1012'),(620020161,'COMP1573'),(620020161,'MATH1648'),(620020161,'CHEM1807');
INSERT INTO Users VALUES (620020162,'Betty','Pantoja','BettyPantoja@gmail.com','PantojaBetty');
INSERT INTO Students VALUES (620020162,'UNDERGRAD','01-01-2020');
INSERT INTO Enrolled (u_id,courseCode) VALUES (620020162,'MATH3544'),(620020162,'INFO2636'),(620020162,'COMP2080'),(620020162,'MATH1735'),(620020162,'MATH3209');
INSERT INTO Users VALUES (620020163,'Peggy','Blevins','PeggyBlevins@gmail.com','BlevinsPeggy');
INSERT INTO Students VALUES (620020163,'UNDERGRAD','01-01-2020');
INSERT INTO Enrolled (u_id,courseCode) VALUES (620020163,'BIOC1052'),(620020163,'PHYS2306'),(620020163,'MATH3544'),(620020163,'MATH3688'),(620020163,'COMP2541'),(620020163,'ECON3372');
INSERT INTO Users VALUES (620020164,'Freddie','Sandlin','FreddieSandlin@gmail.com','SandlinFreddie');
INSERT INTO Students VALUES (620020164,'UNDERGRAD','01-01-2020');
INSERT INTO Enrolled (u_id,courseCode) VALUES (620020164,'PHYS1993'),(620020164,'COMP2400'),(620020164,'BIOC1104'),(620020164,'ECON3288'),(620020164,'CHEM2481'),(620020164,'CHEM3327');
INSERT INTO Users VALUES (620020165,'Peter','Madsen','PeterMadsen@gmail.com','MadsenPeter');
INSERT INTO Students VALUES (620020165,'UNDERGRAD','01-01-2020');
INSERT INTO Enrolled (u_id,courseCode) VALUES (620020165,'INFO1990'),(620020165,'BIOC1448'),(620020165,'ECON3372');
INSERT INTO Users VALUES (620020166,'Joe','Barron','JoeBarron@gmail.com','BarronJoe');
INSERT INTO Students VALUES (620020166,'UNDERGRAD','01-01-2020');
INSERT INTO Enrolled (u_id,courseCode) VALUES (620020166,'BIOC3457'),(620020166,'CHEM1494'),(620020166,'ECON2814'),(620020166,'PHYS1140');
INSERT INTO Users VALUES (620020167,'Betty','Maione','BettyMaione@gmail.com','MaioneBetty');
INSERT INTO Students VALUES (620020167,'UNDERGRAD','01-01-2020');
INSERT INTO Enrolled (u_id,courseCode) VALUES (620020167,'MATH1735'),(620020167,'COMP1543'),(620020167,'CHEM2177'),(620020167,'CHEM1807');
INSERT INTO Users VALUES (620020168,'Shannon','Tallent','ShannonTallent@gmail.com','TallentShannon');
INSERT INTO Students VALUES (620020168,'UNDERGRAD','01-01-2020');
INSERT INTO Enrolled (u_id,courseCode) VALUES (620020168,'COMP1867'),(620020168,'ECON3004'),(620020168,'INFO2213'),(620020168,'MATH3613');
INSERT INTO Users VALUES (620020169,'Kimberly','Bradford','KimberlyBradford@gmail.com','BradfordKimberly');
INSERT INTO Students VALUES (620020169,'UNDERGRAD','01-01-2020');
INSERT INTO Enrolled (u_id,courseCode) VALUES (620020169,'PHYS1979'),(620020169,'COMP3506'),(620020169,'INFO1145');
INSERT INTO Users VALUES (620020170,'Flora','Briggs','FloraBriggs@gmail.com','BriggsFlora');
INSERT INTO Students VALUES (620020170,'UNDERGRAD','01-01-2020');
INSERT INTO Enrolled (u_id,courseCode) VALUES (620020170,'ECON3288'),(620020170,'PHYS3052'),(620020170,'COMP2400'),(620020170,'INFO1242'),(620020170,'CHEM3347');
INSERT INTO Users VALUES (620020171,'Frankie','Colley','FrankieColley@gmail.com','ColleyFrankie');
INSERT INTO Students VALUES (620020171,'UNDERGRAD','01-01-2020');
INSERT INTO Enrolled (u_id,courseCode) VALUES (620020171,'MATH2067'),(620020171,'PHYS3339'),(620020171,'BIOC1744'),(620020171,'INFO3636'),(620020171,'CHEM2797');
INSERT INTO Users VALUES (620020172,'Wayne','Knaub','WayneKnaub@gmail.com','KnaubWayne');
INSERT INTO Students VALUES (620020172,'UNDERGRAD','01-01-2020');
INSERT INTO Enrolled (u_id,courseCode) VALUES (620020172,'PHYS2338'),(620020172,'ECON2722'),(620020172,'INFO2147'),(620020172,'COMP2541');
INSERT INTO Users VALUES (620020173,'Leo','Terry','LeoTerry@gmail.com','TerryLeo');
INSERT INTO Students VALUES (620020173,'UNDERGRAD','01-01-2020');
INSERT INTO Enrolled (u_id,courseCode) VALUES (620020173,'BIOC1439'),(620020173,'ECON3020'),(620020173,'COMP3639'),(620020173,'CHEM2031');
INSERT INTO Users VALUES (620020174,'Danielle','Hunter','DanielleHunter@gmail.com','HunterDanielle');
INSERT INTO Students VALUES (620020174,'UNDERGRAD','01-01-2020');
INSERT INTO Enrolled (u_id,courseCode) VALUES (620020174,'ECON3288'),(620020174,'ECON1645'),(620020174,'MATH3544'),(620020174,'ECON3063'),(620020174,'BIOC1485'),(620020174,'BIOC3230');
INSERT INTO Users VALUES (620020175,'Francisca','Hardman','FranciscaHardman@gmail.com','HardmanFrancisca');
INSERT INTO Students VALUES (620020175,'UNDERGRAD','01-01-2020');
INSERT INTO Enrolled (u_id,courseCode) VALUES (620020175,'CHEM3409'),(620020175,'CHEM2481'),(620020175,'PHYS1979'),(620020175,'MATH3544'),(620020175,'COMP2361'),(620020175,'INFO1648');
INSERT INTO Users VALUES (620020176,'Ethel','Williams','EthelWilliams@gmail.com','WilliamsEthel');
INSERT INTO Students VALUES (620020176,'UNDERGRAD','01-01-2020');
INSERT INTO Enrolled (u_id,courseCode) VALUES (620020176,'ECON1498'),(620020176,'INFO3603'),(620020176,'CHEM2797');
INSERT INTO Users VALUES (620020177,'Robert','Ferretti','RobertFerretti@gmail.com','FerrettiRobert');
INSERT INTO Students VALUES (620020177,'UNDERGRAD','01-01-2020');
INSERT INTO Enrolled (u_id,courseCode) VALUES (620020177,'ECON2722'),(620020177,'COMP2965'),(620020177,'INFO1648'),(620020177,'CHEM2066'),(620020177,'COMP3047'),(620020177,'ECON3281');
INSERT INTO Users VALUES (620020178,'Marilyn','Banks','MarilynBanks@gmail.com','BanksMarilyn');
INSERT INTO Students VALUES (620020178,'UNDERGRAD','01-01-2020');
INSERT INTO Enrolled (u_id,courseCode) VALUES (620020178,'COMP3685'),(620020178,'COMP2541'),(620020178,'PHYS2306'),(620020178,'PHYS2448'),(620020178,'MATH1250'),(620020178,'MATH3544');
INSERT INTO Users VALUES (620020179,'Stacy','Krause','StacyKrause@gmail.com','KrauseStacy');
INSERT INTO Students VALUES (620020179,'UNDERGRAD','01-01-2020');
INSERT INTO Enrolled (u_id,courseCode) VALUES (620020179,'BIOC2589'),(620020179,'CHEM3617'),(620020179,'BIOC1534'),(620020179,'PHYS2238');
INSERT INTO Users VALUES (620020180,'Steven','Carrillo','StevenCarrillo@gmail.com','CarrilloSteven');
INSERT INTO Students VALUES (620020180,'UNDERGRAD','01-01-2020');
INSERT INTO Enrolled (u_id,courseCode) VALUES (620020180,'MATH3209'),(620020180,'PHYS3052'),(620020180,'MATH3844'),(620020180,'PHYS2977'),(620020180,'COMP1460');
INSERT INTO Users VALUES (620020181,'George','Hayes','GeorgeHayes@gmail.com','HayesGeorge');
INSERT INTO Students VALUES (620020181,'UNDERGRAD','01-01-2020');
INSERT INTO Enrolled (u_id,courseCode) VALUES (620020181,'ECON3550'),(620020181,'CHEM2177'),(620020181,'INFO2521');
INSERT INTO Users VALUES (620020182,'Clyde','Figueroa','ClydeFigueroa@gmail.com','FigueroaClyde');
INSERT INTO Students VALUES (620020182,'UNDERGRAD','01-01-2020');
INSERT INTO Enrolled (u_id,courseCode) VALUES (620020182,'INFO1990'),(620020182,'ECON3311'),(620020182,'COMP1051'),(620020182,'CHEM2066'),(620020182,'CHEM1494'),(620020182,'INFO3636');
INSERT INTO Users VALUES (620020183,'Roger','Gaffney','RogerGaffney@gmail.com','GaffneyRoger');
INSERT INTO Students VALUES (620020183,'UNDERGRAD','01-01-2020');
INSERT INTO Enrolled (u_id,courseCode) VALUES (620020183,'BIOC1052'),(620020183,'COMP3167'),(620020183,'ECON3004'),(620020183,'MATH3059'),(620020183,'MATH3222'),(620020183,'MATH1262');
INSERT INTO Users VALUES (620020184,'Anderson','Cannon','AndersonCannon@gmail.com','CannonAnderson');
INSERT INTO Students VALUES (620020184,'UNDERGRAD','01-01-2020');
INSERT INTO Enrolled (u_id,courseCode) VALUES (620020184,'COMP3084'),(620020184,'ECON3311'),(620020184,'INFO2636');
INSERT INTO Users VALUES (620020185,'Christine','Turkus','ChristineTurkus@gmail.com','TurkusChristine');
INSERT INTO Students VALUES (620020185,'UNDERGRAD','01-01-2020');
INSERT INTO Enrolled (u_id,courseCode) VALUES (620020185,'ECON3989'),(620020185,'CHEM2005'),(620020185,'ECON3228'),(620020185,'BIOC1910');
INSERT INTO Users VALUES (620020186,'Taylor','Tate','TaylorTate@gmail.com','TateTaylor');
INSERT INTO Students VALUES (620020186,'UNDERGRAD','01-01-2020');
INSERT INTO Enrolled (u_id,courseCode) VALUES (620020186,'INFO1825'),(620020186,'BIOC1448'),(620020186,'ECON2387'),(620020186,'CHEM2626'),(620020186,'ECON3085'),(620020186,'COMP3167');
INSERT INTO Users VALUES (620020187,'Madaline','Thomas','MadalineThomas@gmail.com','ThomasMadaline');
INSERT INTO Students VALUES (620020187,'UNDERGRAD','01-01-2020');
INSERT INTO Enrolled (u_id,courseCode) VALUES (620020187,'MATH3222'),(620020187,'BIOC3457'),(620020187,'BIOC3721'),(620020187,'MATH3209'),(620020187,'PHYS2448'),(620020187,'INFO1014');
INSERT INTO Users VALUES (620020188,'Mary','Johnson','MaryJohnson@gmail.com','JohnsonMary');
INSERT INTO Students VALUES (620020188,'UNDERGRAD','01-01-2020');
INSERT INTO Enrolled (u_id,courseCode) VALUES (620020188,'PHYS2667'),(620020188,'ECON3523'),(620020188,'PHYS2451'),(620020188,'MATH2957');
INSERT INTO Users VALUES (620020189,'Sergio','Butcher','SergioButcher@gmail.com','ButcherSergio');
INSERT INTO Students VALUES (620020189,'UNDERGRAD','01-01-2020');
INSERT INTO Enrolled (u_id,courseCode) VALUES (620020189,'ECON3020'),(620020189,'BIOC1744'),(620020189,'COMP3506');
INSERT INTO Users VALUES (620020190,'Beverly','Finkenbinder','BeverlyFinkenbinder@gmail.com','FinkenbinderBeverly');
INSERT INTO Students VALUES (620020190,'UNDERGRAD','01-01-2020');
INSERT INTO Enrolled (u_id,courseCode) VALUES (620020190,'COMP3849'),(620020190,'ECON3276'),(620020190,'ECON3523'),(620020190,'CHEM3747');
INSERT INTO Users VALUES (620020191,'Martin','Bordelon','MartinBordelon@gmail.com','BordelonMartin');
INSERT INTO Students VALUES (620020191,'UNDERGRAD','01-01-2020');
INSERT INTO Enrolled (u_id,courseCode) VALUES (620020191,'ECON2814'),(620020191,'CHEM1494'),(620020191,'PHYS3464'),(620020191,'BIOC1866'),(620020191,'CHEM3347');
INSERT INTO Users VALUES (620020192,'Isreal','Shields','IsrealShields@gmail.com','ShieldsIsreal');
INSERT INTO Students VALUES (620020192,'UNDERGRAD','01-01-2020');
INSERT INTO Enrolled (u_id,courseCode) VALUES (620020192,'BIOC2550'),(620020192,'COMP1184'),(620020192,'MATH2801'),(620020192,'PHYS3339'),(620020192,'INFO2811'),(620020192,'ECON3228');
INSERT INTO Users VALUES (620020193,'Flora','Lowrey','FloraLowrey@gmail.com','LowreyFlora');
INSERT INTO Students VALUES (620020193,'UNDERGRAD','01-01-2020');
INSERT INTO Enrolled (u_id,courseCode) VALUES (620020193,'PHYS2667'),(620020193,'MATH1578'),(620020193,'CHEM2031'),(620020193,'COMP2541'),(620020193,'PHYS3787');
INSERT INTO Users VALUES (620020194,'Christina','Garnes','ChristinaGarnes@gmail.com','GarnesChristina');
INSERT INTO Students VALUES (620020194,'UNDERGRAD','01-01-2020');
INSERT INTO Enrolled (u_id,courseCode) VALUES (620020194,'INFO3419'),(620020194,'INFO3645'),(620020194,'MATH3613');
INSERT INTO Users VALUES (620020195,'Frances','Johnson','FrancesJohnson@gmail.com','JohnsonFrances');
INSERT INTO Students VALUES (620020195,'UNDERGRAD','01-01-2020');
INSERT INTO Enrolled (u_id,courseCode) VALUES (620020195,'COMP3418'),(620020195,'ECON1098'),(620020195,'MATH3844'),(620020195,'BIOC1866'),(620020195,'MATH2717'),(620020195,'BIOC1448');
INSERT INTO Users VALUES (620020196,'Tony','Nighman','TonyNighman@gmail.com','NighmanTony');
INSERT INTO Students VALUES (620020196,'UNDERGRAD','01-01-2020');
INSERT INTO Enrolled (u_id,courseCode) VALUES (620020196,'CHEM2626'),(620020196,'CHEM2005'),(620020196,'MATH3059'),(620020196,'ECON1561'),(620020196,'PHYS2117'),(620020196,'BIOC1794');
INSERT INTO Users VALUES (620020197,'Dean','Vargas','DeanVargas@gmail.com','VargasDean');
INSERT INTO Students VALUES (620020197,'UNDERGRAD','01-01-2020');
INSERT INTO Enrolled (u_id,courseCode) VALUES (620020197,'INFO1242'),(620020197,'INFO2860'),(620020197,'BIOC1534'),(620020197,'CHEM3054'),(620020197,'INFO2559');
INSERT INTO Users VALUES (620020198,'Lindsey','Wood','LindseyWood@gmail.com','WoodLindsey');
INSERT INTO Students VALUES (620020198,'UNDERGRAD','01-01-2020');
INSERT INTO Enrolled (u_id,courseCode) VALUES (620020198,'ECON1783'),(620020198,'BIOC3457'),(620020198,'PHYS1979'),(620020198,'PHYS3290'),(620020198,'BIOC1439');
INSERT INTO Users VALUES (620020199,'Donald','Pero','DonaldPero@gmail.com','PeroDonald');
INSERT INTO Students VALUES (620020199,'UNDERGRAD','01-01-2020');
INSERT INTO Enrolled (u_id,courseCode) VALUES (620020199,'CHEM2066'),(620020199,'MATH2957'),(620020199,'INFO2337'),(620020199,'MATH1648'),(620020199,'PHYS1993'),(620020199,'CHEM2446');
INSERT INTO Users VALUES (620020200,'Don','Swan','DonSwan@gmail.com','SwanDon');
INSERT INTO Students VALUES (620020200,'UNDERGRAD','01-01-2020');
INSERT INTO Enrolled (u_id,courseCode) VALUES (620020200,'ECON2703'),(620020200,'COMP2651'),(620020200,'CHEM2697'),(620020200,'PHYS3659'),(620020200,'ECON1458'),(620020200,'ECON3288');
INSERT INTO Users VALUES (620020201,'Evelyn','Sandlin','EvelynSandlin@gmail.com','SandlinEvelyn');
INSERT INTO Students VALUES (620020201,'UNDERGRAD','01-01-2020');
INSERT INTO Enrolled (u_id,courseCode) VALUES (620020201,'ECON1589'),(620020201,'MATH2550'),(620020201,'BIOC2671');
INSERT INTO Users VALUES (620020202,'Luella','Hunt','LuellaHunt@gmail.com','HuntLuella');
INSERT INTO Students VALUES (620020202,'UNDERGRAD','01-01-2020');
INSERT INTO Enrolled (u_id,courseCode) VALUES (620020202,'INFO1833'),(620020202,'PHYS3464'),(620020202,'CHEM2149'),(620020202,'ECON1098'),(620020202,'INFO2337'),(620020202,'MATH1578');
INSERT INTO Users VALUES (620020203,'Lois','Taylor','LoisTaylor@gmail.com','TaylorLois');
INSERT INTO Students VALUES (620020203,'UNDERGRAD','01-01-2020');
INSERT INTO Enrolled (u_id,courseCode) VALUES (620020203,'MATH1648'),(620020203,'BIOC3230'),(620020203,'MATH3857'),(620020203,'ECON1498');
INSERT INTO Users VALUES (620020204,'Stanley','Luper','StanleyLuper@gmail.com','LuperStanley');
INSERT INTO Students VALUES (620020204,'UNDERGRAD','01-01-2020');
INSERT INTO Enrolled (u_id,courseCode) VALUES (620020204,'INFO3419'),(620020204,'MATH3029'),(620020204,'ECON3281'),(620020204,'CHEM1340'),(620020204,'CHEM3747'),(620020204,'CHEM2797');
INSERT INTO Users VALUES (620020205,'Geraldine','Joaquin','GeraldineJoaquin@gmail.com','JoaquinGeraldine');
INSERT INTO Students VALUES (620020205,'UNDERGRAD','01-01-2020');
INSERT INTO Enrolled (u_id,courseCode) VALUES (620020205,'PHYS2238'),(620020205,'MATH2801'),(620020205,'COMP2541');
INSERT INTO Users VALUES (620020206,'Homer','Carlyle','HomerCarlyle@gmail.com','CarlyleHomer');
INSERT INTO Students VALUES (620020206,'UNDERGRAD','01-01-2020');
INSERT INTO Enrolled (u_id,courseCode) VALUES (620020206,'PHYS2306'),(620020206,'PHYS2117'),(620020206,'MATH1972'),(620020206,'BIOC1744'),(620020206,'CHEM3747');
INSERT INTO Users VALUES (620020207,'David','Deen','DavidDeen@gmail.com','DeenDavid');
INSERT INTO Students VALUES (620020207,'UNDERGRAD','01-01-2020');
INSERT INTO Enrolled (u_id,courseCode) VALUES (620020207,'CHEM3614'),(620020207,'COMP3167'),(620020207,'PHYS3659'),(620020207,'BIOC1052');
INSERT INTO Users VALUES (620020208,'Luella','Miles','LuellaMiles@gmail.com','MilesLuella');
INSERT INTO Students VALUES (620020208,'UNDERGRAD','01-01-2020');
INSERT INTO Enrolled (u_id,courseCode) VALUES (620020208,'INFO2950'),(620020208,'PHYS3354'),(620020208,'COMP2541');
INSERT INTO Users VALUES (620020209,'Cherise','Harness','CheriseHarness@gmail.com','HarnessCherise');
INSERT INTO Students VALUES (620020209,'UNDERGRAD','01-01-2020');
INSERT INTO Enrolled (u_id,courseCode) VALUES (620020209,'MATH3179'),(620020209,'ECON3281'),(620020209,'ECON1783');
INSERT INTO Users VALUES (620020210,'Stephanie','Wood','StephanieWood@gmail.com','WoodStephanie');
INSERT INTO Students VALUES (620020210,'UNDERGRAD','01-01-2020');
INSERT INTO Enrolled (u_id,courseCode) VALUES (620020210,'COMP3238'),(620020210,'PHYS3354'),(620020210,'MATH1309'),(620020210,'CHEM3614'),(620020210,'CHEM2005');
INSERT INTO Users VALUES (620020211,'Sheila','Culpepper','SheilaCulpepper@gmail.com','CulpepperSheila');
INSERT INTO Students VALUES (620020211,'UNDERGRAD','01-01-2020');
INSERT INTO Enrolled (u_id,courseCode) VALUES (620020211,'PHYS3729'),(620020211,'INFO2797'),(620020211,'ECON2387'),(620020211,'PHYS1173');
INSERT INTO Users VALUES (620020212,'Melvin','Bower','MelvinBower@gmail.com','BowerMelvin');
INSERT INTO Students VALUES (620020212,'UNDERGRAD','01-01-2020');
INSERT INTO Enrolled (u_id,courseCode) VALUES (620020212,'ECON3276'),(620020212,'MATH2957'),(620020212,'BIOC3457');
INSERT INTO Users VALUES (620020213,'Wayne','Pantoja','WaynePantoja@gmail.com','PantojaWayne');
INSERT INTO Students VALUES (620020213,'UNDERGRAD','01-01-2020');
INSERT INTO Enrolled (u_id,courseCode) VALUES (620020213,'COMP1867'),(620020213,'INFO3603'),(620020213,'ECON2703'),(620020213,'COMP3697'),(620020213,'COMP2717'),(620020213,'INFO3868');
INSERT INTO Users VALUES (620020214,'Maria','Steinbach','MariaSteinbach@gmail.com','SteinbachMaria');
INSERT INTO Students VALUES (620020214,'UNDERGRAD','01-01-2020');
INSERT INTO Enrolled (u_id,courseCode) VALUES (620020214,'ECON2387'),(620020214,'CHEM3888'),(620020214,'ECON3447'),(620020214,'CHEM2005');
INSERT INTO Users VALUES (620020215,'Daisy','Moore','DaisyMoore@gmail.com','MooreDaisy');
INSERT INTO Students VALUES (620020215,'UNDERGRAD','01-01-2020');
INSERT INTO Enrolled (u_id,courseCode) VALUES (620020215,'ECON2722'),(620020215,'CHEM2446'),(620020215,'ECON1012'),(620020215,'ECON1783');
INSERT INTO Users VALUES (620020216,'Maria','Kimbrell','MariaKimbrell@gmail.com','KimbrellMaria');
INSERT INTO Students VALUES (620020216,'UNDERGRAD','01-01-2020');
INSERT INTO Enrolled (u_id,courseCode) VALUES (620020216,'CHEM2005'),(620020216,'MATH1735'),(620020216,'COMP2080'),(620020216,'INFO1648'),(620020216,'COMP1051'),(620020216,'CHEM2697');
INSERT INTO Users VALUES (620020217,'Nan','Golden','NanGolden@gmail.com','GoldenNan');
INSERT INTO Students VALUES (620020217,'UNDERGRAD','01-01-2020');
INSERT INTO Enrolled (u_id,courseCode) VALUES (620020217,'ECON1170'),(620020217,'BIOC1744'),(620020217,'PHYS2113'),(620020217,'MATH3059'),(620020217,'MATH3544');
INSERT INTO Users VALUES (620020218,'Rene','Evans','ReneEvans@gmail.com','EvansRene');
INSERT INTO Students VALUES (620020218,'UNDERGRAD','01-01-2020');
INSERT INTO Enrolled (u_id,courseCode) VALUES (620020218,'PHYS2448'),(620020218,'ECON1012'),(620020218,'INFO2559'),(620020218,'ECON3989'),(620020218,'MATH2957');
INSERT INTO Users VALUES (620020219,'Madaline','Crawford','MadalineCrawford@gmail.com','CrawfordMadaline');
INSERT INTO Students VALUES (620020219,'UNDERGRAD','01-01-2020');
INSERT INTO Enrolled (u_id,courseCode) VALUES (620020219,'INFO1833'),(620020219,'BIOC3230'),(620020219,'BIOC1485'),(620020219,'PHYS1930');
INSERT INTO Users VALUES (620020220,'Traci','Smith','TraciSmith@gmail.com','SmithTraci');
INSERT INTO Students VALUES (620020220,'UNDERGRAD','01-01-2020');
INSERT INTO Enrolled (u_id,courseCode) VALUES (620020220,'INFO1833'),(620020220,'CHEM2005'),(620020220,'BIOC3721'),(620020220,'COMP3685'),(620020220,'COMP1460');
INSERT INTO Users VALUES (620020221,'Tim','Harrington','TimHarrington@gmail.com','HarringtonTim');
INSERT INTO Students VALUES (620020221,'UNDERGRAD','01-01-2020');
INSERT INTO Enrolled (u_id,courseCode) VALUES (620020221,'CHEM3347'),(620020221,'INFO2860'),(620020221,'BIOC1052'),(620020221,'CHEM1485');
INSERT INTO Users VALUES (620020222,'Vanessa','Mance','VanessaMance@gmail.com','ManceVanessa');
INSERT INTO Students VALUES (620020222,'UNDERGRAD','01-01-2020');
INSERT INTO Enrolled (u_id,courseCode) VALUES (620020222,'ECON1098'),(620020222,'INFO2797'),(620020222,'BIOC1164'),(620020222,'INFO3636');
INSERT INTO Users VALUES (620020223,'Martin','Bourgoin','MartinBourgoin@gmail.com','BourgoinMartin');
INSERT INTO Students VALUES (620020223,'UNDERGRAD','01-01-2020');
INSERT INTO Enrolled (u_id,courseCode) VALUES (620020223,'CHEM2604'),(620020223,'ECON1996'),(620020223,'CHEM2065'),(620020223,'BIOC1744'),(620020223,'BIOC1794'),(620020223,'INFO3603');
INSERT INTO Users VALUES (620020224,'Harold','Walley','HaroldWalley@gmail.com','WalleyHarold');
INSERT INTO Students VALUES (620020224,'UNDERGRAD','01-01-2020');
INSERT INTO Enrolled (u_id,courseCode) VALUES (620020224,'INFO1014'),(620020224,'PHYS3290'),(620020224,'INFO2797');
INSERT INTO Users VALUES (620020225,'Nancy','Evans','NancyEvans@gmail.com','EvansNancy');
INSERT INTO Students VALUES (620020225,'UNDERGRAD','01-01-2020');
INSERT INTO Enrolled (u_id,courseCode) VALUES (620020225,'PHYS2338'),(620020225,'PHYS3729'),(620020225,'PHYS2238'),(620020225,'MATH3844'),(620020225,'PHYS2117');
INSERT INTO Users VALUES (620020226,'Madaline','Ferretti','MadalineFerretti@gmail.com','FerrettiMadaline');
INSERT INTO Students VALUES (620020226,'UNDERGRAD','01-01-2020');
INSERT INTO Enrolled (u_id,courseCode) VALUES (620020226,'INFO1990'),(620020226,'MATH1638'),(620020226,'COMP1051');
INSERT INTO Users VALUES (620020227,'Terri','Sandlin','TerriSandlin@gmail.com','SandlinTerri');
INSERT INTO Students VALUES (620020227,'UNDERGRAD','01-01-2020');
INSERT INTO Enrolled (u_id,courseCode) VALUES (620020227,'PHYS2338'),(620020227,'PHYS3686'),(620020227,'ECON1230'),(620020227,'BIOC3341'),(620020227,'COMP3238'),(620020227,'MATH1309');
INSERT INTO Users VALUES (620020228,'Charles','Gilmore','CharlesGilmore@gmail.com','GilmoreCharles');
INSERT INTO Students VALUES (620020228,'UNDERGRAD','01-01-2020');
INSERT INTO Enrolled (u_id,courseCode) VALUES (620020228,'BIOC1794'),(620020228,'INFO1990'),(620020228,'ECON3276');
INSERT INTO Users VALUES (620020229,'Rodney','Martin','RodneyMartin@gmail.com','MartinRodney');
INSERT INTO Students VALUES (620020229,'UNDERGRAD','01-01-2020');
INSERT INTO Enrolled (u_id,courseCode) VALUES (620020229,'BIOC3341'),(620020229,'COMP1460'),(620020229,'COMP3167'),(620020229,'BIOC3721');
INSERT INTO Users VALUES (620020230,'Thomas','Hernandez','ThomasHernandez@gmail.com','HernandezThomas');
INSERT INTO Students VALUES (620020230,'UNDERGRAD','01-01-2020');
INSERT INTO Enrolled (u_id,courseCode) VALUES (620020230,'PHYS3339'),(620020230,'BIOC1164'),(620020230,'MATH1578');
INSERT INTO Users VALUES (620020231,'Agnes','Lundholm','AgnesLundholm@gmail.com','LundholmAgnes');
INSERT INTO Students VALUES (620020231,'UNDERGRAD','01-01-2020');
INSERT INTO Enrolled (u_id,courseCode) VALUES (620020231,'BIOC1164'),(620020231,'CHEM2031'),(620020231,'INFO1014'),(620020231,'MATH1454'),(620020231,'ECON3228');
INSERT INTO Users VALUES (620020232,'Joy','Barnett','JoyBarnett@gmail.com','BarnettJoy');
INSERT INTO Students VALUES (620020232,'UNDERGRAD','01-01-2020');
INSERT INTO Enrolled (u_id,courseCode) VALUES (620020232,'ECON1012'),(620020232,'INFO3636'),(620020232,'INFO1014'),(620020232,'INFO2559'),(620020232,'COMP3536');
INSERT INTO Users VALUES (620020233,'Wilbur','Comley','WilburComley@gmail.com','ComleyWilbur');
INSERT INTO Students VALUES (620020233,'UNDERGRAD','01-01-2020');
INSERT INTO Enrolled (u_id,courseCode) VALUES (620020233,'BIOC1910'),(620020233,'COMP1573'),(620020233,'INFO1288'),(620020233,'CHEM2065');
INSERT INTO Users VALUES (620020234,'Paul','Harrington','PaulHarrington@gmail.com','HarringtonPaul');
INSERT INTO Students VALUES (620020234,'UNDERGRAD','01-01-2020');
INSERT INTO Enrolled (u_id,courseCode) VALUES (620020234,'PHYS3354'),(620020234,'MATH3613'),(620020234,'BIOC1448'),(620020234,'PHYS2977'),(620020234,'ECON3228'),(620020234,'BIOC1986');
INSERT INTO Users VALUES (620020235,'Howard','Swan','HowardSwan@gmail.com','SwanHoward');
INSERT INTO Students VALUES (620020235,'UNDERGRAD','01-01-2020');
INSERT INTO Enrolled (u_id,courseCode) VALUES (620020235,'MATH3544'),(620020235,'CHEM3888'),(620020235,'CHEM2446'),(620020235,'BIOC2671');
INSERT INTO Users VALUES (620020236,'Tony','Jensen','TonyJensen@gmail.com','JensenTony');
INSERT INTO Students VALUES (620020236,'UNDERGRAD','01-01-2020');
INSERT INTO Enrolled (u_id,courseCode) VALUES (620020236,'MATH1648'),(620020236,'MATH3173'),(620020236,'ECON3063'),(620020236,'BIOC1052');
INSERT INTO Users VALUES (620020237,'Delia','Parker','DeliaParker@gmail.com','ParkerDelia');
INSERT INTO Students VALUES (620020237,'UNDERGRAD','01-01-2020');
INSERT INTO Enrolled (u_id,courseCode) VALUES (620020237,'COMP2965'),(620020237,'MATH1972'),(620020237,'ECON3281'),(620020237,'ECON1561');
INSERT INTO Users VALUES (620020238,'Gary','Dillis','GaryDillis@gmail.com','DillisGary');
INSERT INTO Students VALUES (620020238,'UNDERGRAD','01-01-2020');
INSERT INTO Enrolled (u_id,courseCode) VALUES (620020238,'BIOC2983'),(620020238,'CHEM2481'),(620020238,'INFO2636'),(620020238,'BIOC2671'),(620020238,'INFO1242');
INSERT INTO Users VALUES (620020239,'Hector','Chatcho','HectorChatcho@gmail.com','ChatchoHector');
INSERT INTO Students VALUES (620020239,'UNDERGRAD','01-01-2020');
INSERT INTO Enrolled (u_id,courseCode) VALUES (620020239,'BIOC3604'),(620020239,'BIOC1866'),(620020239,'COMP2361');
INSERT INTO Users VALUES (620020240,'Rene','Miles','ReneMiles@gmail.com','MilesRene');
INSERT INTO Students VALUES (620020240,'UNDERGRAD','01-01-2020');
INSERT INTO Enrolled (u_id,courseCode) VALUES (620020240,'MATH3222'),(620020240,'ECON3276'),(620020240,'INFO3636'),(620020240,'ECON1589'),(620020240,'ECON1458'),(620020240,'MATH1250');
INSERT INTO Users VALUES (620020241,'Maria','Cash','MariaCash@gmail.com','CashMaria');
INSERT INTO Students VALUES (620020241,'UNDERGRAD','01-01-2020');
INSERT INTO Enrolled (u_id,courseCode) VALUES (620020241,'COMP3167'),(620020241,'PHYS3290'),(620020241,'COMP3849');
INSERT INTO Users VALUES (620020242,'Justin','Cannon','JustinCannon@gmail.com','CannonJustin');
INSERT INTO Students VALUES (620020242,'UNDERGRAD','01-01-2020');
INSERT INTO Enrolled (u_id,courseCode) VALUES (620020242,'MATH2555'),(620020242,'MATH1250'),(620020242,'PHYS3339'),(620020242,'COMP3506'),(620020242,'COMP2965');
INSERT INTO Users VALUES (620020243,'Curtis','Siple','CurtisSiple@gmail.com','SipleCurtis');
INSERT INTO Students VALUES (620020243,'UNDERGRAD','01-01-2020');
INSERT INTO Enrolled (u_id,courseCode) VALUES (620020243,'ECON1230'),(620020243,'CHEM2604'),(620020243,'BIOC2236'),(620020243,'BIOC1598'),(620020243,'INFO2270');
INSERT INTO Users VALUES (620020244,'Mason','Halford','MasonHalford@gmail.com','HalfordMason');
INSERT INTO Students VALUES (620020244,'UNDERGRAD','01-01-2020');
INSERT INTO Enrolled (u_id,courseCode) VALUES (620020244,'ECON3228'),(620020244,'PHYS3354'),(620020244,'MATH3544'),(620020244,'COMP1184'),(620020244,'CHEM2177'),(620020244,'INFO1014');
INSERT INTO Users VALUES (620020245,'Joan','Phinney','JoanPhinney@gmail.com','PhinneyJoan');
INSERT INTO Students VALUES (620020245,'UNDERGRAD','01-01-2020');
INSERT INTO Enrolled (u_id,courseCode) VALUES (620020245,'ECON3228'),(620020245,'PHYS2667'),(620020245,'ECON2387'),(620020245,'ECON3288'),(620020245,'ECON3085');
INSERT INTO Users VALUES (620020246,'Glenda','Carlson','GlendaCarlson@gmail.com','CarlsonGlenda');
INSERT INTO Students VALUES (620020246,'UNDERGRAD','01-01-2020');
INSERT INTO Enrolled (u_id,courseCode) VALUES (620020246,'PHYS3354'),(620020246,'MATH3029'),(620020246,'ECON2345');
INSERT INTO Users VALUES (620020247,'Angie','Lopez','AngieLopez@gmail.com','LopezAngie');
INSERT INTO Students VALUES (620020247,'UNDERGRAD','01-01-2020');
INSERT INTO Enrolled (u_id,courseCode) VALUES (620020247,'ECON3447'),(620020247,'BIOC2671'),(620020247,'COMP2400'),(620020247,'PHYS1979'),(620020247,'MATH3844'),(620020247,'BIOC3721');
INSERT INTO Users VALUES (620020248,'Rebecca','Brickey','RebeccaBrickey@gmail.com','BrickeyRebecca');
INSERT INTO Students VALUES (620020248,'UNDERGRAD','01-01-2020');
INSERT INTO Enrolled (u_id,courseCode) VALUES (620020248,'COMP2541'),(620020248,'CHEM2149'),(620020248,'COMP3506'),(620020248,'PHYS3354'),(620020248,'INFO2716');
INSERT INTO Users VALUES (620020249,'Jessie','English','JessieEnglish@gmail.com','EnglishJessie');
INSERT INTO Students VALUES (620020249,'UNDERGRAD','01-01-2020');
INSERT INTO Enrolled (u_id,courseCode) VALUES (620020249,'ECON3228'),(620020249,'CHEM1494'),(620020249,'INFO2797'),(620020249,'COMP3167'),(620020249,'PHYS1173'),(620020249,'ECON3276');
INSERT INTO Users VALUES (620020250,'Gabriel','Grinstead','GabrielGrinstead@gmail.com','GrinsteadGabriel');
INSERT INTO Students VALUES (620020250,'UNDERGRAD','01-01-2020');
INSERT INTO Enrolled (u_id,courseCode) VALUES (620020250,'CHEM3327'),(620020250,'MATH3173'),(620020250,'BIOC3457'),(620020250,'PHYS1979');
INSERT INTO Users VALUES (620020251,'Gina','Luper','GinaLuper@gmail.com','LuperGina');
INSERT INTO Students VALUES (620020251,'UNDERGRAD','01-01-2020');
INSERT INTO Enrolled (u_id,courseCode) VALUES (620020251,'PHYS2117'),(620020251,'ECON2387'),(620020251,'INFO3935');
INSERT INTO Users VALUES (620020252,'Helen','Mertens','HelenMertens@gmail.com','MertensHelen');
INSERT INTO Students VALUES (620020252,'UNDERGRAD','01-01-2020');
INSERT INTO Enrolled (u_id,courseCode) VALUES (620020252,'ECON1012'),(620020252,'MATH1262'),(620020252,'PHYS1399'),(620020252,'MATH2188');
INSERT INTO Users VALUES (620020253,'Ruby','Mauk','RubyMauk@gmail.com','MaukRuby');
INSERT INTO Students VALUES (620020253,'UNDERGRAD','01-01-2020');
INSERT INTO Enrolled (u_id,courseCode) VALUES (620020253,'BIOC1534'),(620020253,'ECON1589'),(620020253,'MATH3173'),(620020253,'INFO3935');
INSERT INTO Users VALUES (620020254,'Carrie','Chappell','CarrieChappell@gmail.com','ChappellCarrie');
INSERT INTO Students VALUES (620020254,'UNDERGRAD','01-01-2020');
INSERT INTO Enrolled (u_id,courseCode) VALUES (620020254,'PHYS1173'),(620020254,'MATH2067'),(620020254,'MATH1309'),(620020254,'CHEM2220'),(620020254,'CHEM2031'),(620020254,'CHEM2604');
INSERT INTO Users VALUES (620020255,'David','Robinson','DavidRobinson@gmail.com','RobinsonDavid');
INSERT INTO Students VALUES (620020255,'UNDERGRAD','01-01-2020');
INSERT INTO Enrolled (u_id,courseCode) VALUES (620020255,'ECON3020'),(620020255,'MATH3179'),(620020255,'MATH2873'),(620020255,'COMP2717');
INSERT INTO Users VALUES (620020256,'Jeanna','Cardona','JeannaCardona@gmail.com','CardonaJeanna');
INSERT INTO Students VALUES (620020256,'UNDERGRAD','01-01-2020');
INSERT INTO Enrolled (u_id,courseCode) VALUES (620020256,'CHEM2697'),(620020256,'MATH3059'),(620020256,'ECON2722'),(620020256,'ECON1783'),(620020256,'CHEM3409'),(620020256,'PHYS2563');
INSERT INTO Users VALUES (620020257,'Martin','Gilman','MartinGilman@gmail.com','GilmanMartin');
INSERT INTO Students VALUES (620020257,'UNDERGRAD','01-01-2020');
INSERT INTO Enrolled (u_id,courseCode) VALUES (620020257,'INFO2337'),(620020257,'ECON3311'),(620020257,'COMP2541'),(620020257,'MATH1638'),(620020257,'PHYS1979'),(620020257,'INFO1825');
INSERT INTO Users VALUES (620020258,'Krista','Terry','KristaTerry@gmail.com','TerryKrista');
INSERT INTO Students VALUES (620020258,'UNDERGRAD','01-01-2020');
INSERT INTO Enrolled (u_id,courseCode) VALUES (620020258,'COMP2717'),(620020258,'BIOC1052'),(620020258,'MATH3209'),(620020258,'PHYS2238');
INSERT INTO Users VALUES (620020259,'Sara','Noggle','SaraNoggle@gmail.com','NoggleSara');
INSERT INTO Students VALUES (620020259,'UNDERGRAD','01-01-2020');
INSERT INTO Enrolled (u_id,courseCode) VALUES (620020259,'MATH3844'),(620020259,'BIOC3721'),(620020259,'ECON1561'),(620020259,'CHEM2005');
INSERT INTO Users VALUES (620020260,'Daniel','Myrick','DanielMyrick@gmail.com','MyrickDaniel');
INSERT INTO Students VALUES (620020260,'UNDERGRAD','01-01-2020');
INSERT INTO Enrolled (u_id,courseCode) VALUES (620020260,'ECON3447'),(620020260,'MATH3059'),(620020260,'BIOC2236'),(620020260,'COMP2400');
INSERT INTO Users VALUES (620020261,'Keith','Calvert','KeithCalvert@gmail.com','CalvertKeith');
INSERT INTO Students VALUES (620020261,'UNDERGRAD','01-01-2020');
INSERT INTO Enrolled (u_id,courseCode) VALUES (620020261,'BIOC2981'),(620020261,'BIOC1164'),(620020261,'ECON2345'),(620020261,'INFO1648');
INSERT INTO Users VALUES (620020262,'Jennifer','Maze','JenniferMaze@gmail.com','MazeJennifer');
INSERT INTO Students VALUES (620020262,'UNDERGRAD','01-01-2020');
INSERT INTO Enrolled (u_id,courseCode) VALUES (620020262,'MATH1648'),(620020262,'PHYS1979'),(620020262,'INFO1242'),(620020262,'INFO2521'),(620020262,'BIOC2054');
INSERT INTO Users VALUES (620020263,'Warren','Pantoja','WarrenPantoja@gmail.com','PantojaWarren');
INSERT INTO Students VALUES (620020263,'UNDERGRAD','01-01-2020');
INSERT INTO Enrolled (u_id,courseCode) VALUES (620020263,'COMP1867'),(620020263,'INFO2337'),(620020263,'PHYS2117'),(620020263,'BIOC2589'),(620020263,'PHYS2338'),(620020263,'MATH3613');
INSERT INTO Users VALUES (620020264,'Hector','Mcclenon','HectorMcclenon@gmail.com','McclenonHector');
INSERT INTO Students VALUES (620020264,'UNDERGRAD','01-01-2020');
INSERT INTO Enrolled (u_id,courseCode) VALUES (620020264,'CHEM2867'),(620020264,'COMP1573'),(620020264,'COMP3746');
INSERT INTO Users VALUES (620020265,'Sean','Blackwell','SeanBlackwell@gmail.com','BlackwellSean');
INSERT INTO Students VALUES (620020265,'UNDERGRAD','01-01-2020');
INSERT INTO Enrolled (u_id,courseCode) VALUES (620020265,'PHYS3686'),(620020265,'COMP1867'),(620020265,'MATH2957'),(620020265,'COMP3167'),(620020265,'MATH1148'),(620020265,'ECON3085');
INSERT INTO Users VALUES (620020266,'Sandra','Colley','SandraColley@gmail.com','ColleySandra');
INSERT INTO Students VALUES (620020266,'UNDERGRAD','01-01-2020');
INSERT INTO Enrolled (u_id,courseCode) VALUES (620020266,'INFO2559'),(620020266,'PHYS2113'),(620020266,'BIOC3457'),(620020266,'ECON1098'),(620020266,'ECON3004');
INSERT INTO Users VALUES (620020267,'Timothy','Early','TimothyEarly@gmail.com','EarlyTimothy');
INSERT INTO Students VALUES (620020267,'UNDERGRAD','01-01-2020');
INSERT INTO Enrolled (u_id,courseCode) VALUES (620020267,'PHYS1173'),(620020267,'CHEM2220'),(620020267,'COMP2541');
INSERT INTO Users VALUES (620020268,'Christopher','Santos','ChristopherSantos@gmail.com','SantosChristopher');
INSERT INTO Students VALUES (620020268,'UNDERGRAD','01-01-2020');
INSERT INTO Enrolled (u_id,courseCode) VALUES (620020268,'ECON1458'),(620020268,'CHEM2697'),(620020268,'CHEM2220');
INSERT INTO Users VALUES (620020269,'Laila','Robles','LailaRobles@gmail.com','RoblesLaila');
INSERT INTO Students VALUES (620020269,'UNDERGRAD','01-01-2020');
INSERT INTO Enrolled (u_id,courseCode) VALUES (620020269,'COMP2077'),(620020269,'CHEM3327'),(620020269,'PHYS3052'),(620020269,'INFO3636'),(620020269,'MATH2873');
INSERT INTO Users VALUES (620020270,'Helen','Tirabassi','HelenTirabassi@gmail.com','TirabassiHelen');
INSERT INTO Students VALUES (620020270,'UNDERGRAD','01-01-2020');
INSERT INTO Enrolled (u_id,courseCode) VALUES (620020270,'INFO2337'),(620020270,'CHEM1807'),(620020270,'MATH3857'),(620020270,'PHYS1930');
INSERT INTO Users VALUES (620020271,'Susan','Thomas','SusanThomas@gmail.com','ThomasSusan');
INSERT INTO Students VALUES (620020271,'UNDERGRAD','01-01-2020');
INSERT INTO Enrolled (u_id,courseCode) VALUES (620020271,'INFO3419'),(620020271,'INFO1833'),(620020271,'CHEM3617'),(620020271,'CHEM3327'),(620020271,'COMP3746');
INSERT INTO Users VALUES (620020272,'Guillermo','Lauritsen','GuillermoLauritsen@gmail.com','LauritsenGuillermo');
INSERT INTO Students VALUES (620020272,'UNDERGRAD','01-01-2020');
INSERT INTO Enrolled (u_id,courseCode) VALUES (620020272,'BIOC2983'),(620020272,'INFO2337'),(620020272,'MATH3688'),(620020272,'PHYS1979');
INSERT INTO Users VALUES (620020273,'Ashleigh','Barron','AshleighBarron@gmail.com','BarronAshleigh');
INSERT INTO Students VALUES (620020273,'UNDERGRAD','01-01-2020');
INSERT INTO Enrolled (u_id,courseCode) VALUES (620020273,'ECON1098'),(620020273,'MATH3179'),(620020273,'ECON3550'),(620020273,'ECON2722');
INSERT INTO Users VALUES (620020274,'Shayne','Boyer','ShayneBoyer@gmail.com','BoyerShayne');
INSERT INTO Students VALUES (620020274,'UNDERGRAD','01-01-2020');
INSERT INTO Enrolled (u_id,courseCode) VALUES (620020274,'MATH2188'),(620020274,'ECON1498'),(620020274,'CHEM3888'),(620020274,'MATH3844'),(620020274,'INFO3868'),(620020274,'CHEM3747');
INSERT INTO Users VALUES (620020275,'Julius','Brown','JuliusBrown@gmail.com','BrownJulius');
INSERT INTO Students VALUES (620020275,'UNDERGRAD','01-01-2020');
INSERT INTO Enrolled (u_id,courseCode) VALUES (620020275,'INFO2950'),(620020275,'PHYS1993'),(620020275,'BIOC1164');
INSERT INTO Users VALUES (620020276,'Freddie','Carlson','FreddieCarlson@gmail.com','CarlsonFreddie');
INSERT INTO Students VALUES (620020276,'UNDERGRAD','01-01-2020');
INSERT INTO Enrolled (u_id,courseCode) VALUES (620020276,'BIOC1534'),(620020276,'INFO3645'),(620020276,'ECON3004');
INSERT INTO Users VALUES (620020277,'Adrienne','Mcclanahan','AdrienneMcclanahan@gmail.com','McclanahanAdrienne');
INSERT INTO Students VALUES (620020277,'UNDERGRAD','01-01-2020');
INSERT INTO Enrolled (u_id,courseCode) VALUES (620020277,'INFO2813'),(620020277,'CHEM1494'),(620020277,'MATH3209'),(620020277,'ECON1498'),(620020277,'PHYS2117');
INSERT INTO Users VALUES (620020278,'Betty','Schilling','BettySchilling@gmail.com','SchillingBetty');
INSERT INTO Students VALUES (620020278,'UNDERGRAD','01-01-2020');
INSERT INTO Enrolled (u_id,courseCode) VALUES (620020278,'INFO3868'),(620020278,'INFO2559'),(620020278,'MATH3544'),(620020278,'PHYS1140'),(620020278,'COMP1573'),(620020278,'INFO1447');
INSERT INTO Users VALUES (620020279,'Sam','Cummins','SamCummins@gmail.com','CumminsSam');
INSERT INTO Students VALUES (620020279,'UNDERGRAD','01-01-2020');
INSERT INTO Enrolled (u_id,courseCode) VALUES (620020279,'BIOC2589'),(620020279,'COMP2361'),(620020279,'MATH1638');
INSERT INTO Users VALUES (620020280,'Gilbert','Myrick','GilbertMyrick@gmail.com','MyrickGilbert');
INSERT INTO Students VALUES (620020280,'UNDERGRAD','01-01-2020');
INSERT INTO Enrolled (u_id,courseCode) VALUES (620020280,'INFO2797'),(620020280,'CHEM2604'),(620020280,'INFO2270'),(620020280,'CHEM1340'),(620020280,'COMP1460'),(620020280,'MATH1309');
INSERT INTO Users VALUES (620020281,'Carlos','Decker','CarlosDecker@gmail.com','DeckerCarlos');
INSERT INTO Students VALUES (620020281,'UNDERGRAD','01-01-2020');
INSERT INTO Enrolled (u_id,courseCode) VALUES (620020281,'INFO2521'),(620020281,'MATH1309'),(620020281,'COMP2965');
INSERT INTO Users VALUES (620020282,'Madaline','Carlyle','MadalineCarlyle@gmail.com','CarlyleMadaline');
INSERT INTO Students VALUES (620020282,'UNDERGRAD','01-01-2020');
INSERT INTO Enrolled (u_id,courseCode) VALUES (620020282,'COMP1867'),(620020282,'BIOC3341'),(620020282,'MATH1262'),(620020282,'BIOC2981'),(620020282,'INFO1825');
INSERT INTO Users VALUES (620020283,'Esmeralda','Christenberry','EsmeraldaChristenberry@gmail.com','ChristenberryEsmeralda');
INSERT INTO Students VALUES (620020283,'UNDERGRAD','01-01-2020');
INSERT INTO Enrolled (u_id,courseCode) VALUES (620020283,'ECON3737'),(620020283,'COMP3506'),(620020283,'ECON3228'),(620020283,'CHEM2177');
INSERT INTO Users VALUES (620020284,'Flora','Barron','FloraBarron@gmail.com','BarronFlora');
INSERT INTO Students VALUES (620020284,'UNDERGRAD','01-01-2020');
INSERT INTO Enrolled (u_id,courseCode) VALUES (620020284,'INFO3636'),(620020284,'MATH2067'),(620020284,'INFO3645'),(620020284,'INFO1833');
INSERT INTO Users VALUES (620020285,'Tanya','Noggle','TanyaNoggle@gmail.com','NoggleTanya');
INSERT INTO Students VALUES (620020285,'UNDERGRAD','01-01-2020');
INSERT INTO Enrolled (u_id,courseCode) VALUES (620020285,'COMP2400'),(620020285,'MATH1648'),(620020285,'CHEM2220'),(620020285,'CHEM2697');
INSERT INTO Users VALUES (620020286,'Clyde','Rios','ClydeRios@gmail.com','RiosClyde');
INSERT INTO Students VALUES (620020286,'UNDERGRAD','01-01-2020');
INSERT INTO Enrolled (u_id,courseCode) VALUES (620020286,'MATH2717'),(620020286,'COMP1357'),(620020286,'INFO1288'),(620020286,'PHYS3052'),(620020286,'ECON3085'),(620020286,'PHYS3787');
INSERT INTO Users VALUES (620020287,'Sandra','Hinojosa','SandraHinojosa@gmail.com','HinojosaSandra');
INSERT INTO Students VALUES (620020287,'UNDERGRAD','01-01-2020');
INSERT INTO Enrolled (u_id,courseCode) VALUES (620020287,'CHEM2005'),(620020287,'MATH2188'),(620020287,'MATH3222');
INSERT INTO Users VALUES (620020288,'Dora','Sudduth','DoraSudduth@gmail.com','SudduthDora');
INSERT INTO Students VALUES (620020288,'UNDERGRAD','01-01-2020');
INSERT INTO Enrolled (u_id,courseCode) VALUES (620020288,'BIOC2671'),(620020288,'CHEM3747'),(620020288,'COMP1460');
INSERT INTO Users VALUES (620020289,'Samuel','Blackwell','SamuelBlackwell@gmail.com','BlackwellSamuel');
INSERT INTO Students VALUES (620020289,'UNDERGRAD','01-01-2020');
INSERT INTO Enrolled (u_id,courseCode) VALUES (620020289,'INFO2213'),(620020289,'PHYS2338'),(620020289,'COMP2965');
INSERT INTO Users VALUES (620020290,'Cleveland','Lemieux','ClevelandLemieux@gmail.com','LemieuxCleveland');
INSERT INTO Students VALUES (620020290,'UNDERGRAD','01-01-2020');
INSERT INTO Enrolled (u_id,courseCode) VALUES (620020290,'ECON2703'),(620020290,'CHEM2066'),(620020290,'ECON1589'),(620020290,'INFO3935'),(620020290,'PHYS2977');
INSERT INTO Users VALUES (620020291,'Bernard','Robinson','BernardRobinson@gmail.com','RobinsonBernard');
INSERT INTO Students VALUES (620020291,'UNDERGRAD','01-01-2020');
INSERT INTO Enrolled (u_id,courseCode) VALUES (620020291,'PHYS2448'),(620020291,'COMP1184'),(620020291,'INFO3603'),(620020291,'MATH2550');
INSERT INTO Users VALUES (620020292,'Katherine','Klein','KatherineKlein@gmail.com','KleinKatherine');
INSERT INTO Students VALUES (620020292,'UNDERGRAD','01-01-2020');
INSERT INTO Enrolled (u_id,courseCode) VALUES (620020292,'INFO1833'),(620020292,'INFO1145'),(620020292,'CHEM2177'),(620020292,'ECON2722'),(620020292,'BIOC1598');
INSERT INTO Users VALUES (620020293,'Peggy','Phinney','PeggyPhinney@gmail.com','PhinneyPeggy');
INSERT INTO Students VALUES (620020293,'UNDERGRAD','01-01-2020');
INSERT INTO Enrolled (u_id,courseCode) VALUES (620020293,'ECON3288'),(620020293,'CHEM2604'),(620020293,'MATH3179');
INSERT INTO Users VALUES (620020294,'Karen','Burch','KarenBurch@gmail.com','BurchKaren');
INSERT INTO Students VALUES (620020294,'UNDERGRAD','01-01-2020');
INSERT INTO Enrolled (u_id,courseCode) VALUES (620020294,'BIOC1485'),(620020294,'MATH1648'),(620020294,'PHYS3354'),(620020294,'BIOC1910'),(620020294,'INFO2860'),(620020294,'ECON3281');
INSERT INTO Users VALUES (620020295,'Curtis','Best','CurtisBest@gmail.com','BestCurtis');
INSERT INTO Students VALUES (620020295,'UNDERGRAD','01-01-2020');
INSERT INTO Enrolled (u_id,courseCode) VALUES (620020295,'BIOC1052'),(620020295,'CHEM1807'),(620020295,'ECON1561'),(620020295,'INFO3868');
INSERT INTO Users VALUES (620020296,'Katherine','Cannon','KatherineCannon@gmail.com','CannonKatherine');
INSERT INTO Students VALUES (620020296,'UNDERGRAD','01-01-2020');
INSERT INTO Enrolled (u_id,courseCode) VALUES (620020296,'BIOC3457'),(620020296,'ECON1458'),(620020296,'CHEM3747'),(620020296,'MATH2550');
INSERT INTO Users VALUES (620020297,'Lisa','Jaworski','LisaJaworski@gmail.com','JaworskiLisa');
INSERT INTO Students VALUES (620020297,'UNDERGRAD','01-01-2020');
INSERT INTO Enrolled (u_id,courseCode) VALUES (620020297,'BIOC2589'),(620020297,'ECON3228'),(620020297,'COMP1867');
INSERT INTO Users VALUES (620020298,'Charlotte','Nichols','CharlotteNichols@gmail.com','NicholsCharlotte');
INSERT INTO Students VALUES (620020298,'UNDERGRAD','01-01-2020');
INSERT INTO Enrolled (u_id,courseCode) VALUES (620020298,'CHEM3614'),(620020298,'BIOC1598'),(620020298,'COMP2361'),(620020298,'ECON2345'),(620020298,'INFO2950');
INSERT INTO Users VALUES (620020299,'Lindsey','Lowrey','LindseyLowrey@gmail.com','LowreyLindsey');
INSERT INTO Students VALUES (620020299,'UNDERGRAD','01-01-2020');
INSERT INTO Enrolled (u_id,courseCode) VALUES (620020299,'BIOC1744'),(620020299,'MATH3209'),(620020299,'MATH1638'),(620020299,'CHEM2481'),(620020299,'COMP2361'),(620020299,'CHEM2446');
INSERT INTO Users VALUES (620020300,'Lindsey','Dunn','LindseyDunn@gmail.com','DunnLindsey');
INSERT INTO Students VALUES (620020300,'UNDERGRAD','01-01-2020');
INSERT INTO Enrolled (u_id,courseCode) VALUES (620020300,'CHEM2177'),(620020300,'PHYS2451'),(620020300,'MATH3059'),(620020300,'PHYS3464'),(620020300,'INFO3645');
INSERT INTO Users VALUES (620020301,'William','Hoffman','WilliamHoffman@gmail.com','HoffmanWilliam');
INSERT INTO Students VALUES (620020301,'UNDERGRAD','01-01-2020');
INSERT INTO Enrolled (u_id,courseCode) VALUES (620020301,'BIOC1439'),(620020301,'PHYS2117'),(620020301,'BIOC1986'),(620020301,'ECON3372'),(620020301,'PHYS3339');
INSERT INTO Users VALUES (620020302,'Carolyn','Luper','CarolynLuper@gmail.com','LuperCarolyn');
INSERT INTO Students VALUES (620020302,'UNDERGRAD','01-01-2020');
INSERT INTO Enrolled (u_id,courseCode) VALUES (620020302,'PHYS3354'),(620020302,'COMP3047'),(620020302,'INFO2270'),(620020302,'CHEM1340'),(620020302,'MATH1148'),(620020302,'MATH3857');
INSERT INTO Users VALUES (620020303,'Walter','Truong','WalterTruong@gmail.com','TruongWalter');
INSERT INTO Students VALUES (620020303,'UNDERGRAD','01-01-2020');
INSERT INTO Enrolled (u_id,courseCode) VALUES (620020303,'BIOC1164'),(620020303,'ECON1645'),(620020303,'COMP2080');
INSERT INTO Users VALUES (620020304,'Glenda','Santos','GlendaSantos@gmail.com','SantosGlenda');
INSERT INTO Students VALUES (620020304,'UNDERGRAD','01-01-2020');
INSERT INTO Enrolled (u_id,courseCode) VALUES (620020304,'CHEM2031'),(620020304,'CHEM1807'),(620020304,'CHEM2066');
INSERT INTO Users VALUES (620020305,'Kasey','Pero','KaseyPero@gmail.com','PeroKasey');
INSERT INTO Students VALUES (620020305,'UNDERGRAD','01-01-2020');
INSERT INTO Enrolled (u_id,courseCode) VALUES (620020305,'PHYS1979'),(620020305,'CHEM2220'),(620020305,'COMP1573'),(620020305,'ECON1230'),(620020305,'INFO2337');
INSERT INTO Users VALUES (620020306,'Jessie','Mcclain','JessieMcclain@gmail.com','McclainJessie');
INSERT INTO Students VALUES (620020306,'UNDERGRAD','01-01-2020');
INSERT INTO Enrolled (u_id,courseCode) VALUES (620020306,'INFO1447'),(620020306,'BIOC2983'),(620020306,'BIOC1986');
INSERT INTO Users VALUES (620020307,'Byron','Eubank','ByronEubank@gmail.com','EubankByron');
INSERT INTO Students VALUES (620020307,'UNDERGRAD','01-01-2020');
INSERT INTO Enrolled (u_id,courseCode) VALUES (620020307,'INFO3636'),(620020307,'BIOC1744'),(620020307,'CHEM3409'),(620020307,'COMP1573'),(620020307,'CHEM2697');
INSERT INTO Users VALUES (620020308,'Dennis','Carrington','DennisCarrington@gmail.com','CarringtonDennis');
INSERT INTO Students VALUES (620020308,'UNDERGRAD','01-01-2020');
INSERT INTO Enrolled (u_id,courseCode) VALUES (620020308,'BIOC2983'),(620020308,'INFO2213'),(620020308,'ECON2814'),(620020308,'PHYS1173'),(620020308,'PHYS1993');
INSERT INTO Users VALUES (620020309,'Stephanie','Wright','StephanieWright@gmail.com','WrightStephanie');
INSERT INTO Students VALUES (620020309,'UNDERGRAD','01-01-2020');
INSERT INTO Enrolled (u_id,courseCode) VALUES (620020309,'CHEM3054'),(620020309,'MATH1972'),(620020309,'PHYS2563');
INSERT INTO Users VALUES (620020310,'Holly','Laramee','HollyLaramee@gmail.com','LarameeHolly');
INSERT INTO Students VALUES (620020310,'UNDERGRAD','01-01-2020');
INSERT INTO Enrolled (u_id,courseCode) VALUES (620020310,'ECON3020'),(620020310,'CHEM1485'),(620020310,'PHYS1979');
INSERT INTO Users VALUES (620020311,'Joan','Griffitts','JoanGriffitts@gmail.com','GriffittsJoan');
INSERT INTO Students VALUES (620020311,'UNDERGRAD','01-01-2020');
INSERT INTO Enrolled (u_id,courseCode) VALUES (620020311,'COMP3167'),(620020311,'INFO1990'),(620020311,'COMP2400'),(620020311,'CHEM2797'),(620020311,'ECON1498'),(620020311,'MATH1250');
INSERT INTO Users VALUES (620020312,'Adelle','Sniezek','AdelleSniezek@gmail.com','SniezekAdelle');
INSERT INTO Students VALUES (620020312,'UNDERGRAD','01-01-2020');
INSERT INTO Enrolled (u_id,courseCode) VALUES (620020312,'MATH3179'),(620020312,'CHEM2446'),(620020312,'BIOC3721'),(620020312,'CHEM2005');
INSERT INTO Users VALUES (620020313,'Marie','Shattuck','MarieShattuck@gmail.com','ShattuckMarie');
INSERT INTO Students VALUES (620020313,'UNDERGRAD','01-01-2020');
INSERT INTO Enrolled (u_id,courseCode) VALUES (620020313,'INFO2813'),(620020313,'BIOC2054'),(620020313,'COMP2651');
INSERT INTO Users VALUES (620020314,'Shonda','Collins','ShondaCollins@gmail.com','CollinsShonda');
INSERT INTO Students VALUES (620020314,'UNDERGRAD','01-01-2020');
INSERT INTO Enrolled (u_id,courseCode) VALUES (620020314,'COMP1543'),(620020314,'COMP3849'),(620020314,'MATH3173'),(620020314,'MATH2067'),(620020314,'INFO2213'),(620020314,'MATH2555');
INSERT INTO Users VALUES (620020315,'Rosa','Porter','RosaPorter@gmail.com','PorterRosa');
INSERT INTO Students VALUES (620020315,'UNDERGRAD','01-01-2020');
INSERT INTO Enrolled (u_id,courseCode) VALUES (620020315,'INFO1145'),(620020315,'COMP1051'),(620020315,'MATH1250');
INSERT INTO Users VALUES (620020316,'Adrienne','Reyes','AdrienneReyes@gmail.com','ReyesAdrienne');
INSERT INTO Students VALUES (620020316,'UNDERGRAD','01-01-2020');
INSERT INTO Enrolled (u_id,courseCode) VALUES (620020316,'COMP1543'),(620020316,'CHEM3347'),(620020316,'COMP3418');
INSERT INTO Users VALUES (620020317,'Latoya','Hardman','LatoyaHardman@gmail.com','HardmanLatoya');
INSERT INTO Students VALUES (620020317,'UNDERGRAD','01-01-2020');
INSERT INTO Enrolled (u_id,courseCode) VALUES (620020317,'CHEM3747'),(620020317,'CHEM1807'),(620020317,'CHEM2005'),(620020317,'COMP3685'),(620020317,'INFO3935');
INSERT INTO Users VALUES (620020318,'Delmar','Santos','DelmarSantos@gmail.com','SantosDelmar');
INSERT INTO Students VALUES (620020318,'UNDERGRAD','01-01-2020');
INSERT INTO Enrolled (u_id,courseCode) VALUES (620020318,'MATH2550'),(620020318,'BIOC3721'),(620020318,'ECON3989');
INSERT INTO Users VALUES (620020319,'Don','Calder','DonCalder@gmail.com','CalderDon');
INSERT INTO Students VALUES (620020319,'UNDERGRAD','01-01-2020');
INSERT INTO Enrolled (u_id,courseCode) VALUES (620020319,'MATH2501'),(620020319,'COMP2965'),(620020319,'COMP2651'),(620020319,'CHEM2797'),(620020319,'PHYS1173'),(620020319,'PHYS3052');
INSERT INTO Users VALUES (620020320,'Wanda','Coleman','WandaColeman@gmail.com','ColemanWanda');
INSERT INTO Students VALUES (620020320,'UNDERGRAD','01-01-2020');
INSERT INTO Enrolled (u_id,courseCode) VALUES (620020320,'ECON1230'),(620020320,'BIOC2550'),(620020320,'MATH2717'),(620020320,'MATH2550'),(620020320,'INFO2559'),(620020320,'CHEM3617');
INSERT INTO Users VALUES (620020321,'Craig','Harrington','CraigHarrington@gmail.com','HarringtonCraig');
INSERT INTO Students VALUES (620020321,'UNDERGRAD','01-01-2020');
INSERT INTO Enrolled (u_id,courseCode) VALUES (620020321,'PHYS1399'),(620020321,'BIOC3341'),(620020321,'BIOC1534'),(620020321,'CHEM3888'),(620020321,'PHYS3686'),(620020321,'BIOC3721');
INSERT INTO Users VALUES (620020322,'Melvin','Lowrey','MelvinLowrey@gmail.com','LowreyMelvin');
INSERT INTO Students VALUES (620020322,'UNDERGRAD','01-01-2020');
INSERT INTO Enrolled (u_id,courseCode) VALUES (620020322,'MATH3209'),(620020322,'COMP3697'),(620020322,'MATH2801'),(620020322,'COMP2080'),(620020322,'ECON2387');
INSERT INTO Users VALUES (620020323,'Josh','Marshall','JoshMarshall@gmail.com','MarshallJosh');
INSERT INTO Students VALUES (620020323,'UNDERGRAD','01-01-2020');
INSERT INTO Enrolled (u_id,courseCode) VALUES (620020323,'COMP2077'),(620020323,'BIOC1534'),(620020323,'BIOC3457'),(620020323,'BIOC1598');
INSERT INTO Users VALUES (620020324,'Sadie','Reyes','SadieReyes@gmail.com','ReyesSadie');
INSERT INTO Students VALUES (620020324,'UNDERGRAD','01-01-2020');
INSERT INTO Enrolled (u_id,courseCode) VALUES (620020324,'ECON1589'),(620020324,'INFO1288'),(620020324,'PHYS2563');
INSERT INTO Users VALUES (620020325,'Adelia','Hinojosa','AdeliaHinojosa@gmail.com','HinojosaAdelia');
INSERT INTO Students VALUES (620020325,'UNDERGRAD','01-01-2020');
INSERT INTO Enrolled (u_id,courseCode) VALUES (620020325,'ECON2814'),(620020325,'ECON1012'),(620020325,'MATH2717'),(620020325,'ECON1458'),(620020325,'MATH2188');
INSERT INTO Users VALUES (620020326,'Sara','Braun','SaraBraun@gmail.com','BraunSara');
INSERT INTO Students VALUES (620020326,'UNDERGRAD','01-01-2020');
INSERT INTO Enrolled (u_id,courseCode) VALUES (620020326,'PHYS3787'),(620020326,'PHYS3464'),(620020326,'ECON1589'),(620020326,'MATH2873'),(620020326,'COMP2400');
INSERT INTO Users VALUES (620020327,'Ruby','Lyford','RubyLyford@gmail.com','LyfordRuby');
INSERT INTO Students VALUES (620020327,'UNDERGRAD','01-01-2020');
INSERT INTO Enrolled (u_id,courseCode) VALUES (620020327,'MATH1735'),(620020327,'MATH3544'),(620020327,'PHYS3787'),(620020327,'MATH2550'),(620020327,'CHEM3347');
INSERT INTO Users VALUES (620020328,'Tracy','Martin','TracyMartin@gmail.com','MartinTracy');
INSERT INTO Students VALUES (620020328,'UNDERGRAD','01-01-2020');
INSERT INTO Enrolled (u_id,courseCode) VALUES (620020328,'ECON3276'),(620020328,'BIOC1794'),(620020328,'COMP2651'),(620020328,'MATH1454');
INSERT INTO Users VALUES (620020329,'Doris','James','DorisJames@gmail.com','JamesDoris');
INSERT INTO Students VALUES (620020329,'UNDERGRAD','01-01-2020');
INSERT INTO Enrolled (u_id,courseCode) VALUES (620020329,'MATH1735'),(620020329,'PHYS3464'),(620020329,'PHYS2448'),(620020329,'ECON1996');
INSERT INTO Users VALUES (620020330,'Walter','Williams','WalterWilliams@gmail.com','WilliamsWalter');
INSERT INTO Students VALUES (620020330,'UNDERGRAD','01-01-2020');
INSERT INTO Enrolled (u_id,courseCode) VALUES (620020330,'MATH3173'),(620020330,'CHEM1340'),(620020330,'COMP3697'),(620020330,'PHYS3290'),(620020330,'BIOC1598');
INSERT INTO Users VALUES (620020331,'Louise','Diggs','LouiseDiggs@gmail.com','DiggsLouise');
INSERT INTO Students VALUES (620020331,'UNDERGRAD','01-01-2020');
INSERT INTO Enrolled (u_id,courseCode) VALUES (620020331,'MATH3222'),(620020331,'COMP1051'),(620020331,'BIOC1986'),(620020331,'COMP2400'),(620020331,'BIOC1104');
INSERT INTO Users VALUES (620020332,'Neal','Bower','NealBower@gmail.com','BowerNeal');
INSERT INTO Students VALUES (620020332,'UNDERGRAD','01-01-2020');
INSERT INTO Enrolled (u_id,courseCode) VALUES (620020332,'MATH3059'),(620020332,'MATH1250'),(620020332,'BIOC1485'),(620020332,'PHYS3659'),(620020332,'MATH1578');
INSERT INTO Users VALUES (620020333,'Brian','Fuller','BrianFuller@gmail.com','FullerBrian');
INSERT INTO Students VALUES (620020333,'UNDERGRAD','01-01-2020');
INSERT INTO Enrolled (u_id,courseCode) VALUES (620020333,'COMP2361'),(620020333,'COMP3173'),(620020333,'INFO2811'),(620020333,'CHEM2867');
INSERT INTO Users VALUES (620020334,'Thomas','Taylor','ThomasTaylor@gmail.com','TaylorThomas');
INSERT INTO Students VALUES (620020334,'UNDERGRAD','01-01-2020');
INSERT INTO Enrolled (u_id,courseCode) VALUES (620020334,'PHYS1173'),(620020334,'BIOC1485'),(620020334,'PHYS3464');
INSERT INTO Users VALUES (620020335,'Margaret','Larry','MargaretLarry@gmail.com','LarryMargaret');
INSERT INTO Students VALUES (620020335,'UNDERGRAD','01-01-2020');
INSERT INTO Enrolled (u_id,courseCode) VALUES (620020335,'MATH2067'),(620020335,'INFO2521'),(620020335,'BIOC1439'),(620020335,'BIOC1744');
INSERT INTO Users VALUES (620020336,'Erin','Wright','ErinWright@gmail.com','WrightErin');
INSERT INTO Students VALUES (620020336,'UNDERGRAD','01-01-2020');
INSERT INTO Enrolled (u_id,courseCode) VALUES (620020336,'CHEM2446'),(620020336,'COMP1460'),(620020336,'INFO2811'),(620020336,'CHEM1485'),(620020336,'MATH3544'),(620020336,'COMP1051');
INSERT INTO Users VALUES (620020337,'Tracy','Scully','TracyScully@gmail.com','ScullyTracy');
INSERT INTO Students VALUES (620020337,'UNDERGRAD','01-01-2020');
INSERT INTO Enrolled (u_id,courseCode) VALUES (620020337,'INFO3603'),(620020337,'COMP2651'),(620020337,'COMP1543'),(620020337,'COMP3047'),(620020337,'MATH3613'),(620020337,'CHEM1485');
INSERT INTO Users VALUES (620020338,'Katherine','Busse','KatherineBusse@gmail.com','BusseKatherine');
INSERT INTO Students VALUES (620020338,'UNDERGRAD','01-01-2020');
INSERT INTO Enrolled (u_id,courseCode) VALUES (620020338,'ECON3989'),(620020338,'INFO2950'),(620020338,'INFO2337');
INSERT INTO Users VALUES (620020339,'Shannon','Jefferson','ShannonJefferson@gmail.com','JeffersonShannon');
INSERT INTO Students VALUES (620020339,'UNDERGRAD','01-01-2020');
INSERT INTO Enrolled (u_id,courseCode) VALUES (620020339,'MATH1148'),(620020339,'CHEM2481'),(620020339,'ECON3281'),(620020339,'BIOC2589'),(620020339,'BIOC1794'),(620020339,'ECON1498');
INSERT INTO Users VALUES (620020340,'Agnes','Dohse','AgnesDohse@gmail.com','DohseAgnes');
INSERT INTO Students VALUES (620020340,'UNDERGRAD','01-01-2020');
INSERT INTO Enrolled (u_id,courseCode) VALUES (620020340,'ECON2387'),(620020340,'PHYS2977'),(620020340,'CHEM2626');
INSERT INTO Users VALUES (620020341,'Janet','Barnett','JanetBarnett@gmail.com','BarnettJanet');
INSERT INTO Students VALUES (620020341,'UNDERGRAD','01-01-2020');
INSERT INTO Enrolled (u_id,courseCode) VALUES (620020341,'MATH1578'),(620020341,'CHEM2697'),(620020341,'ECON2814');
INSERT INTO Users VALUES (620020342,'Nathan','Scully','NathanScully@gmail.com','ScullyNathan');
INSERT INTO Students VALUES (620020342,'UNDERGRAD','01-01-2020');
INSERT INTO Enrolled (u_id,courseCode) VALUES (620020342,'INFO2950'),(620020342,'CHEM2727'),(620020342,'BIOC3191');
INSERT INTO Users VALUES (620020343,'Cliff','Felipe','CliffFelipe@gmail.com','FelipeCliff');
INSERT INTO Students VALUES (620020343,'UNDERGRAD','01-01-2020');
INSERT INTO Enrolled (u_id,courseCode) VALUES (620020343,'BIOC1439'),(620020343,'BIOC3230'),(620020343,'MATH3857'),(620020343,'PHYS1930');
INSERT INTO Users VALUES (620020344,'Robert','Blackwell','RobertBlackwell@gmail.com','BlackwellRobert');
INSERT INTO Students VALUES (620020344,'UNDERGRAD','01-01-2020');
INSERT INTO Enrolled (u_id,courseCode) VALUES (620020344,'COMP1867'),(620020344,'PHYS1173'),(620020344,'MATH2555'),(620020344,'MATH1578');
INSERT INTO Users VALUES (620020345,'Carol','Bower','CarolBower@gmail.com','BowerCarol');
INSERT INTO Students VALUES (620020345,'UNDERGRAD','01-01-2020');
INSERT INTO Enrolled (u_id,courseCode) VALUES (620020345,'INFO1990'),(620020345,'PHYS3659'),(620020345,'MATH3222');
INSERT INTO Users VALUES (620020346,'Orlando','Alexander','OrlandoAlexander@gmail.com','AlexanderOrlando');
INSERT INTO Students VALUES (620020346,'UNDERGRAD','01-01-2020');
INSERT INTO Enrolled (u_id,courseCode) VALUES (620020346,'ECON2814'),(620020346,'CHEM2626'),(620020346,'CHEM3409'),(620020346,'PHYS2448'),(620020346,'INFO2950'),(620020346,'COMP2400');
INSERT INTO Users VALUES (620020347,'Kendra','Briggs','KendraBriggs@gmail.com','BriggsKendra');
INSERT INTO Students VALUES (620020347,'UNDERGRAD','01-01-2020');
INSERT INTO Enrolled (u_id,courseCode) VALUES (620020347,'ECON3228'),(620020347,'MATH1148'),(620020347,'COMP3849'),(620020347,'COMP2080'),(620020347,'INFO2811');
INSERT INTO Users VALUES (620020348,'Tanya','Gillis','TanyaGillis@gmail.com','GillisTanya');
INSERT INTO Students VALUES (620020348,'UNDERGRAD','01-01-2020');
INSERT INTO Enrolled (u_id,courseCode) VALUES (620020348,'PHYS2451'),(620020348,'MATH3179'),(620020348,'PHYS3290');
INSERT INTO Users VALUES (620020349,'Kathy','Letchworth','KathyLetchworth@gmail.com','LetchworthKathy');
INSERT INTO Students VALUES (620020349,'UNDERGRAD','01-01-2020');
INSERT INTO Enrolled (u_id,courseCode) VALUES (620020349,'ECON3281'),(620020349,'COMP1543'),(620020349,'PHYS1993'),(620020349,'COMP3536');
INSERT INTO Users VALUES (620020350,'Linda','Truong','LindaTruong@gmail.com','TruongLinda');
INSERT INTO Students VALUES (620020350,'UNDERGRAD','01-01-2020');
INSERT INTO Enrolled (u_id,courseCode) VALUES (620020350,'ECON1098'),(620020350,'INFO2213'),(620020350,'BIOC1164'),(620020350,'INFO2559'),(620020350,'BIOC3191');
INSERT INTO Users VALUES (620020351,'Nancy','Carrillo','NancyCarrillo@gmail.com','CarrilloNancy');
INSERT INTO Students VALUES (620020351,'UNDERGRAD','01-01-2020');
INSERT INTO Enrolled (u_id,courseCode) VALUES (620020351,'ECON3281'),(620020351,'COMP1051'),(620020351,'ECON3020'),(620020351,'ECON3228'),(620020351,'BIOC1164');
INSERT INTO Users VALUES (620020352,'Kimberly','Maione','KimberlyMaione@gmail.com','MaioneKimberly');
INSERT INTO Students VALUES (620020352,'UNDERGRAD','01-01-2020');
INSERT INTO Enrolled (u_id,courseCode) VALUES (620020352,'INFO3868'),(620020352,'MATH2501'),(620020352,'COMP2077'),(620020352,'MATH2555');
INSERT INTO Users VALUES (620020353,'Angela','Wolfe','AngelaWolfe@gmail.com','WolfeAngela');
INSERT INTO Students VALUES (620020353,'UNDERGRAD','01-01-2020');
INSERT INTO Enrolled (u_id,courseCode) VALUES (620020353,'COMP2651'),(620020353,'MATH3029'),(620020353,'ECON3737'),(620020353,'BIOC1448'),(620020353,'CHEM3888');
INSERT INTO Users VALUES (620020354,'Warren','Dillis','WarrenDillis@gmail.com','DillisWarren');
INSERT INTO Students VALUES (620020354,'UNDERGRAD','01-01-2020');
INSERT INTO Enrolled (u_id,courseCode) VALUES (620020354,'PHYS3787'),(620020354,'COMP1573'),(620020354,'INFO1648'),(620020354,'COMP1051'),(620020354,'BIOC1598'),(620020354,'BIOC1794');
INSERT INTO Users VALUES (620020355,'William','Laudat','WilliamLaudat@gmail.com','LaudatWilliam');
INSERT INTO Students VALUES (620020355,'UNDERGRAD','01-01-2020');
INSERT INTO Enrolled (u_id,courseCode) VALUES (620020355,'INFO2797'),(620020355,'INFO2270'),(620020355,'MATH1578'),(620020355,'CHEM2066'),(620020355,'COMP3849'),(620020355,'PHYS2306');
INSERT INTO Users VALUES (620020356,'Ralph','Martin','RalphMartin@gmail.com','MartinRalph');
INSERT INTO Students VALUES (620020356,'UNDERGRAD','01-01-2020');
INSERT INTO Enrolled (u_id,courseCode) VALUES (620020356,'CHEM2031'),(620020356,'ECON2722'),(620020356,'PHYS3659');
INSERT INTO Users VALUES (620020357,'Justin','Carlyle','JustinCarlyle@gmail.com','CarlyleJustin');
INSERT INTO Students VALUES (620020357,'UNDERGRAD','01-01-2020');
INSERT INTO Enrolled (u_id,courseCode) VALUES (620020357,'BIOC1534'),(620020357,'INFO1014'),(620020357,'ECON2703'),(620020357,'BIOC1485'),(620020357,'MATH2957'),(620020357,'MATH2873');
INSERT INTO Users VALUES (620020358,'Barbara','Rankin','BarbaraRankin@gmail.com','RankinBarbara');
INSERT INTO Students VALUES (620020358,'UNDERGRAD','01-01-2020');
INSERT INTO Enrolled (u_id,courseCode) VALUES (620020358,'MATH3544'),(620020358,'MATH2873'),(620020358,'MATH1578'),(620020358,'COMP3167'),(620020358,'CHEM3409'),(620020358,'INFO2147');
INSERT INTO Users VALUES (620020359,'Vivian','Lundholm','VivianLundholm@gmail.com','LundholmVivian');
INSERT INTO Students VALUES (620020359,'UNDERGRAD','01-01-2020');
INSERT INTO Enrolled (u_id,courseCode) VALUES (620020359,'BIOC3230'),(620020359,'ECON1589'),(620020359,'PHYS3729'),(620020359,'CHEM3888');
INSERT INTO Users VALUES (620020360,'Katie','Pedersen','KatiePedersen@gmail.com','PedersenKatie');
INSERT INTO Students VALUES (620020360,'UNDERGRAD','01-01-2020');
INSERT INTO Enrolled (u_id,courseCode) VALUES (620020360,'COMP3238'),(620020360,'COMP3173'),(620020360,'BIOC1910'),(620020360,'INFO1990');
INSERT INTO Users VALUES (620020361,'Dorothy','Hauser','DorothyHauser@gmail.com','HauserDorothy');
INSERT INTO Students VALUES (620020361,'UNDERGRAD','01-01-2020');
INSERT INTO Enrolled (u_id,courseCode) VALUES (620020361,'CHEM3793'),(620020361,'COMP1051'),(620020361,'INFO3868'),(620020361,'MATH3844');
INSERT INTO Users VALUES (620020362,'Sara','Petersen','SaraPetersen@gmail.com','PetersenSara');
INSERT INTO Students VALUES (620020362,'UNDERGRAD','01-01-2020');
INSERT INTO Enrolled (u_id,courseCode) VALUES (620020362,'INFO1145'),(620020362,'CHEM2697'),(620020362,'CHEM2177'),(620020362,'PHYS2448');
INSERT INTO Users VALUES (620020363,'Vickie','Joeckel','VickieJoeckel@gmail.com','JoeckelVickie');
INSERT INTO Students VALUES (620020363,'UNDERGRAD','01-01-2020');
INSERT INTO Enrolled (u_id,courseCode) VALUES (620020363,'MATH3544'),(620020363,'INFO3645'),(620020363,'ECON3004'),(620020363,'MATH2550'),(620020363,'COMP3084');
INSERT INTO Users VALUES (620020364,'Taylor','Avery','TaylorAvery@gmail.com','AveryTaylor');
INSERT INTO Students VALUES (620020364,'UNDERGRAD','01-01-2020');
INSERT INTO Enrolled (u_id,courseCode) VALUES (620020364,'BIOC3721'),(620020364,'COMP2080'),(620020364,'INFO3868'),(620020364,'PHYS2229'),(620020364,'MATH2501');
INSERT INTO Users VALUES (620020365,'Dorothy','Wesley','DorothyWesley@gmail.com','WesleyDorothy');
INSERT INTO Students VALUES (620020365,'UNDERGRAD','01-01-2020');
INSERT INTO Enrolled (u_id,courseCode) VALUES (620020365,'BIOC1866'),(620020365,'INFO2521'),(620020365,'CHEM3888');
INSERT INTO Users VALUES (620020366,'Tia','Orchard','TiaOrchard@gmail.com','OrchardTia');
INSERT INTO Students VALUES (620020366,'UNDERGRAD','01-01-2020');
INSERT INTO Enrolled (u_id,courseCode) VALUES (620020366,'INFO2337'),(620020366,'COMP1184'),(620020366,'CHEM1613');
INSERT INTO Users VALUES (620020367,'Guillermo','Hayes','GuillermoHayes@gmail.com','HayesGuillermo');
INSERT INTO Students VALUES (620020367,'UNDERGRAD','01-01-2020');
INSERT INTO Enrolled (u_id,courseCode) VALUES (620020367,'COMP1543'),(620020367,'PHYS2306'),(620020367,'BIOC3457'),(620020367,'COMP1573'),(620020367,'PHYS3787'),(620020367,'BIOC2671');
INSERT INTO Users VALUES (620020368,'Adelle','Wurdeman','AdelleWurdeman@gmail.com','WurdemanAdelle');
INSERT INTO Students VALUES (620020368,'UNDERGRAD','01-01-2020');
INSERT INTO Enrolled (u_id,courseCode) VALUES (620020368,'BIOC3191'),(620020368,'BIOC2671'),(620020368,'PHYS3354'),(620020368,'BIOC2589');
INSERT INTO Users VALUES (620020369,'Brenda','Oswalt','BrendaOswalt@gmail.com','OswaltBrenda');
INSERT INTO Students VALUES (620020369,'UNDERGRAD','01-01-2020');
INSERT INTO Enrolled (u_id,courseCode) VALUES (620020369,'COMP2080'),(620020369,'CHEM1494'),(620020369,'MATH1578'),(620020369,'ECON3228');
INSERT INTO Users VALUES (620020370,'Nan','Cummins','NanCummins@gmail.com','CumminsNan');
INSERT INTO Students VALUES (620020370,'UNDERGRAD','01-01-2020');
INSERT INTO Enrolled (u_id,courseCode) VALUES (620020370,'INFO2811'),(620020370,'MATH2801'),(620020370,'ECON1012'),(620020370,'CHEM1340');
INSERT INTO Users VALUES (620020371,'Vickie','Chan','VickieChan@gmail.com','ChanVickie');
INSERT INTO Students VALUES (620020371,'UNDERGRAD','01-01-2020');
INSERT INTO Enrolled (u_id,courseCode) VALUES (620020371,'MATH1735'),(620020371,'MATH2801'),(620020371,'INFO1648'),(620020371,'INFO2147'),(620020371,'CHEM2066'),(620020371,'COMP2717');
INSERT INTO Users VALUES (620020372,'Trina','Harrington','TrinaHarrington@gmail.com','HarringtonTrina');
INSERT INTO Students VALUES (620020372,'UNDERGRAD','01-01-2020');
INSERT INTO Enrolled (u_id,courseCode) VALUES (620020372,'CHEM3617'),(620020372,'CHEM2005'),(620020372,'COMP3536');
INSERT INTO Users VALUES (620020373,'Lilla','Mcclain','LillaMcclain@gmail.com','McclainLilla');
INSERT INTO Students VALUES (620020373,'UNDERGRAD','01-01-2020');
INSERT INTO Enrolled (u_id,courseCode) VALUES (620020373,'MATH1148'),(620020373,'BIOC1052'),(620020373,'ECON1098'),(620020373,'MATH2957'),(620020373,'COMP1573');
INSERT INTO Users VALUES (620020374,'Shawn','Meisner','ShawnMeisner@gmail.com','MeisnerShawn');
INSERT INTO Students VALUES (620020374,'UNDERGRAD','01-01-2020');
INSERT INTO Enrolled (u_id,courseCode) VALUES (620020374,'BIOC1052'),(620020374,'INFO2636'),(620020374,'INFO2811');
INSERT INTO Users VALUES (620020375,'Tony','Rivera','TonyRivera@gmail.com','RiveraTony');
INSERT INTO Students VALUES (620020375,'UNDERGRAD','01-01-2020');
INSERT INTO Enrolled (u_id,courseCode) VALUES (620020375,'ECON1230'),(620020375,'COMP3697'),(620020375,'MATH3222');
INSERT INTO Users VALUES (620020376,'Nathan','Nunn','NathanNunn@gmail.com','NunnNathan');
INSERT INTO Students VALUES (620020376,'UNDERGRAD','01-01-2020');
INSERT INTO Enrolled (u_id,courseCode) VALUES (620020376,'INFO1014'),(620020376,'ECON3085'),(620020376,'MATH3688'),(620020376,'CHEM2867');
INSERT INTO Users VALUES (620020377,'Gabriel','Cardona','GabrielCardona@gmail.com','CardonaGabriel');
INSERT INTO Students VALUES (620020377,'UNDERGRAD','01-01-2020');
INSERT INTO Enrolled (u_id,courseCode) VALUES (620020377,'ECON3447'),(620020377,'COMP1867'),(620020377,'INFO2147'),(620020377,'INFO1833'),(620020377,'CHEM1494');
INSERT INTO Users VALUES (620020378,'Thomas','Guidry','ThomasGuidry@gmail.com','GuidryThomas');
INSERT INTO Students VALUES (620020378,'UNDERGRAD','01-01-2020');
INSERT INTO Enrolled (u_id,courseCode) VALUES (620020378,'MATH3179'),(620020378,'ECON3523'),(620020378,'INFO1833'),(620020378,'COMP2400'),(620020378,'COMP2080'),(620020378,'PHYS2448');
INSERT INTO Users VALUES (620020379,'Louise','Morey','LouiseMorey@gmail.com','MoreyLouise');
INSERT INTO Students VALUES (620020379,'UNDERGRAD','01-01-2020');
INSERT INTO Enrolled (u_id,courseCode) VALUES (620020379,'ECON1458'),(620020379,'MATH2555'),(620020379,'INFO1447'),(620020379,'ECON1561'),(620020379,'PHYS3339');
INSERT INTO Users VALUES (620020380,'Eugene','Myrick','EugeneMyrick@gmail.com','MyrickEugene');
INSERT INTO Students VALUES (620020380,'UNDERGRAD','01-01-2020');
INSERT INTO Enrolled (u_id,courseCode) VALUES (620020380,'PHYS2338'),(620020380,'BIOC3604'),(620020380,'PHYS2113');
INSERT INTO Users VALUES (620020381,'Philip','Cummins','PhilipCummins@gmail.com','CumminsPhilip');
INSERT INTO Students VALUES (620020381,'UNDERGRAD','01-01-2020');
INSERT INTO Enrolled (u_id,courseCode) VALUES (620020381,'COMP3418'),(620020381,'ECON3523'),(620020381,'INFO1288'),(620020381,'BIOC3230'),(620020381,'ECON2722'),(620020381,'BIOC1164');
INSERT INTO Users VALUES (620020382,'Anderson','Avery','AndersonAvery@gmail.com','AveryAnderson');
INSERT INTO Students VALUES (620020382,'UNDERGRAD','01-01-2020');
INSERT INTO Enrolled (u_id,courseCode) VALUES (620020382,'MATH1250'),(620020382,'BIOC1866'),(620020382,'COMP2965'),(620020382,'ECON3737'),(620020382,'MATH2188');
INSERT INTO Users VALUES (620020383,'Daniel','Long','DanielLong@gmail.com','LongDaniel');
INSERT INTO Students VALUES (620020383,'UNDERGRAD','01-01-2020');
INSERT INTO Enrolled (u_id,courseCode) VALUES (620020383,'INFO2147'),(620020383,'COMP2361'),(620020383,'INFO3645'),(620020383,'ECON3737');
INSERT INTO Users VALUES (620020384,'Joyce','Finkenbinder','JoyceFinkenbinder@gmail.com','FinkenbinderJoyce');
INSERT INTO Students VALUES (620020384,'UNDERGRAD','01-01-2020');
INSERT INTO Enrolled (u_id,courseCode) VALUES (620020384,'COMP2651'),(620020384,'COMP2361'),(620020384,'CHEM1613'),(620020384,'PHYS2113'),(620020384,'BIOC2671'),(620020384,'BIOC2236');
INSERT INTO Users VALUES (620020385,'Danielle','Chatcho','DanielleChatcho@gmail.com','ChatchoDanielle');
INSERT INTO Students VALUES (620020385,'UNDERGRAD','01-01-2020');
INSERT INTO Enrolled (u_id,courseCode) VALUES (620020385,'MATH2188'),(620020385,'CHEM1485'),(620020385,'ECON2814'),(620020385,'ECON3311'),(620020385,'CHEM2177'),(620020385,'PHYS2306');
INSERT INTO Users VALUES (620020386,'Patricia','Daniels','PatriciaDaniels@gmail.com','DanielsPatricia');
INSERT INTO Students VALUES (620020386,'UNDERGRAD','01-01-2020');
INSERT INTO Enrolled (u_id,courseCode) VALUES (620020386,'INFO3645'),(620020386,'CHEM3409'),(620020386,'BIOC1164');
INSERT INTO Users VALUES (620020387,'Latoya','Oswalt','LatoyaOswalt@gmail.com','OswaltLatoya');
INSERT INTO Students VALUES (620020387,'UNDERGRAD','01-01-2020');
INSERT INTO Enrolled (u_id,courseCode) VALUES (620020387,'ECON2387'),(620020387,'MATH3688'),(620020387,'PHYS2977'),(620020387,'PHYS3659'),(620020387,'INFO1145'),(620020387,'BIOC3721');
INSERT INTO Users VALUES (620020388,'Susan','Harms','SusanHarms@gmail.com','HarmsSusan');
INSERT INTO Students VALUES (620020388,'UNDERGRAD','01-01-2020');
INSERT INTO Enrolled (u_id,courseCode) VALUES (620020388,'MATH2550'),(620020388,'INFO2716'),(620020388,'CHEM1494'),(620020388,'INFO1145'),(620020388,'COMP3084'),(620020388,'BIOC1986');
INSERT INTO Users VALUES (620020389,'Jesus','Scully','JesusScully@gmail.com','ScullyJesus');
INSERT INTO Students VALUES (620020389,'UNDERGRAD','01-01-2020');
INSERT INTO Enrolled (u_id,courseCode) VALUES (620020389,'MATH3173'),(620020389,'BIOC1725'),(620020389,'BIOC2236'),(620020389,'CHEM2446'),(620020389,'ECON3004');
INSERT INTO Users VALUES (620020390,'Debbie','Bowerman','DebbieBowerman@gmail.com','BowermanDebbie');
INSERT INTO Students VALUES (620020390,'UNDERGRAD','01-01-2020');
INSERT INTO Enrolled (u_id,courseCode) VALUES (620020390,'ECON2387'),(620020390,'PHYS3052'),(620020390,'BIOC1598'),(620020390,'ECON1012');
INSERT INTO Users VALUES (620020391,'Adrienne','Calloway','AdrienneCalloway@gmail.com','CallowayAdrienne');
INSERT INTO Students VALUES (620020391,'UNDERGRAD','01-01-2020');
INSERT INTO Enrolled (u_id,courseCode) VALUES (620020391,'INFO1014'),(620020391,'MATH2501'),(620020391,'CHEM3327'),(620020391,'CHEM2481');
INSERT INTO Users VALUES (620020392,'Dwayne','Mitchell','DwayneMitchell@gmail.com','MitchellDwayne');
INSERT INTO Students VALUES (620020392,'UNDERGRAD','01-01-2020');
INSERT INTO Enrolled (u_id,courseCode) VALUES (620020392,'BIOC1485'),(620020392,'CHEM2697'),(620020392,'ECON1561');
INSERT INTO Users VALUES (620020393,'Eric','Marshall','EricMarshall@gmail.com','MarshallEric');
INSERT INTO Students VALUES (620020393,'UNDERGRAD','01-01-2020');
INSERT INTO Enrolled (u_id,courseCode) VALUES (620020393,'ECON1458'),(620020393,'BIOC2236'),(620020393,'CHEM2481');
INSERT INTO Users VALUES (620020394,'Cleveland','Calder','ClevelandCalder@gmail.com','CalderCleveland');
INSERT INTO Students VALUES (620020394,'UNDERGRAD','01-01-2020');
INSERT INTO Enrolled (u_id,courseCode) VALUES (620020394,'COMP3238'),(620020394,'ECON3447'),(620020394,'COMP1051'),(620020394,'BIOC1164');
INSERT INTO Users VALUES (620020395,'Iris','Garrett','IrisGarrett@gmail.com','GarrettIris');
INSERT INTO Students VALUES (620020395,'UNDERGRAD','01-01-2020');
INSERT INTO Enrolled (u_id,courseCode) VALUES (620020395,'MATH3544'),(620020395,'ECON3228'),(620020395,'CHEM2867'),(620020395,'INFO3645'),(620020395,'COMP2400');
INSERT INTO Users VALUES (620020396,'Joseph','Boyer','JosephBoyer@gmail.com','BoyerJoseph');
INSERT INTO Students VALUES (620020396,'UNDERGRAD','01-01-2020');
INSERT INTO Enrolled (u_id,courseCode) VALUES (620020396,'BIOC2550'),(620020396,'INFO1014'),(620020396,'PHYS1993'),(620020396,'BIOC2236'),(620020396,'CHEM1340');
INSERT INTO Users VALUES (620020397,'Dominique','Scarbrough','DominiqueScarbrough@gmail.com','ScarbroughDominique');
INSERT INTO Students VALUES (620020397,'UNDERGRAD','01-01-2020');
INSERT INTO Enrolled (u_id,courseCode) VALUES (620020397,'INFO2636'),(620020397,'MATH3844'),(620020397,'COMP2965'),(620020397,'INFO2813'),(620020397,'ECON2814'),(620020397,'COMP3849');
INSERT INTO Users VALUES (620020398,'Jimmy','Reyes','JimmyReyes@gmail.com','ReyesJimmy');
INSERT INTO Students VALUES (620020398,'UNDERGRAD','01-01-2020');
INSERT INTO Enrolled (u_id,courseCode) VALUES (620020398,'COMP1051'),(620020398,'MATH2067'),(620020398,'PHYS1173');
INSERT INTO Users VALUES (620020399,'Homer','Pero','HomerPero@gmail.com','PeroHomer');
INSERT INTO Students VALUES (620020399,'UNDERGRAD','01-01-2020');
INSERT INTO Enrolled (u_id,courseCode) VALUES (620020399,'PHYS2338'),(620020399,'INFO2147'),(620020399,'ECON1170'),(620020399,'ECON3989'),(620020399,'CHEM2697');
INSERT INTO Users VALUES (620020400,'Wendell','Gillis','WendellGillis@gmail.com','GillisWendell');
INSERT INTO Students VALUES (620020400,'UNDERGRAD','01-01-2020');
INSERT INTO Enrolled (u_id,courseCode) VALUES (620020400,'COMP3697'),(620020400,'PHYS1930'),(620020400,'COMP2077'),(620020400,'MATH1578'),(620020400,'COMP1184');
INSERT INTO Users VALUES (620020401,'Clifford','Merna','CliffordMerna@gmail.com','MernaClifford');
INSERT INTO Students VALUES (620020401,'UNDERGRAD','01-01-2020');
INSERT INTO Enrolled (u_id,courseCode) VALUES (620020401,'ECON3288'),(620020401,'ECON3311'),(620020401,'ECON3550'),(620020401,'PHYS1399');
INSERT INTO Users VALUES (620020402,'Cristina','Imoto','CristinaImoto@gmail.com','ImotoCristina');
INSERT INTO Students VALUES (620020402,'UNDERGRAD','01-01-2020');
INSERT INTO Enrolled (u_id,courseCode) VALUES (620020402,'MATH2550'),(620020402,'MATH1250'),(620020402,'INFO1447'),(620020402,'PHYS2229');
INSERT INTO Users VALUES (620020403,'Christine','Hawkins','ChristineHawkins@gmail.com','HawkinsChristine');
INSERT INTO Students VALUES (620020403,'UNDERGRAD','01-01-2020');
INSERT INTO Enrolled (u_id,courseCode) VALUES (620020403,'CHEM2727'),(620020403,'PHYS2563'),(620020403,'BIOC1448'),(620020403,'INFO1990'),(620020403,'MATH3613');
INSERT INTO Users VALUES (620020404,'Arthur','Butcher','ArthurButcher@gmail.com','ButcherArthur');
INSERT INTO Students VALUES (620020404,'UNDERGRAD','01-01-2020');
INSERT INTO Enrolled (u_id,courseCode) VALUES (620020404,'ECON2387'),(620020404,'ECON3550'),(620020404,'MATH3209'),(620020404,'CHEM3347'),(620020404,'CHEM1485'),(620020404,'BIOC1986');
INSERT INTO Users VALUES (620020405,'Dominick','Eddins','DominickEddins@gmail.com','EddinsDominick');
INSERT INTO Students VALUES (620020405,'UNDERGRAD','01-01-2020');
INSERT INTO Enrolled (u_id,courseCode) VALUES (620020405,'COMP3639'),(620020405,'COMP3685'),(620020405,'ECON2814');
INSERT INTO Users VALUES (620020406,'Carolyn','Sniezek','CarolynSniezek@gmail.com','SniezekCarolyn');
INSERT INTO Students VALUES (620020406,'UNDERGRAD','01-01-2020');
INSERT INTO Enrolled (u_id,courseCode) VALUES (620020406,'BIOC1164'),(620020406,'ECON2703'),(620020406,'ECON3085'),(620020406,'BIOC3721');
INSERT INTO Users VALUES (620020407,'Christina','Kent','ChristinaKent@gmail.com','KentChristina');
INSERT INTO Students VALUES (620020407,'UNDERGRAD','01-01-2020');
INSERT INTO Enrolled (u_id,courseCode) VALUES (620020407,'MATH1262'),(620020407,'CHEM2446'),(620020407,'ECON1589');
INSERT INTO Users VALUES (620020408,'Gilbert','Truong','GilbertTruong@gmail.com','TruongGilbert');
INSERT INTO Students VALUES (620020408,'UNDERGRAD','01-01-2020');
INSERT INTO Enrolled (u_id,courseCode) VALUES (620020408,'PHYS3659'),(620020408,'BIOC1534'),(620020408,'PHYS1993'),(620020408,'PHYS2117'),(620020408,'MATH3209');
INSERT INTO Users VALUES (620020409,'Justin','Givens','JustinGivens@gmail.com','GivensJustin');
INSERT INTO Students VALUES (620020409,'UNDERGRAD','01-01-2020');
INSERT INTO Enrolled (u_id,courseCode) VALUES (620020409,'BIOC1104'),(620020409,'COMP2717'),(620020409,'PHYS3354'),(620020409,'COMP3084');
INSERT INTO Users VALUES (620020410,'Jennifer','Hardman','JenniferHardman@gmail.com','HardmanJennifer');
INSERT INTO Students VALUES (620020410,'UNDERGRAD','01-01-2020');
INSERT INTO Enrolled (u_id,courseCode) VALUES (620020410,'COMP3849'),(620020410,'ECON1561'),(620020410,'INFO2521'),(620020410,'COMP2361');
INSERT INTO Users VALUES (620020411,'Dwayne','Chatcho','DwayneChatcho@gmail.com','ChatchoDwayne');
INSERT INTO Students VALUES (620020411,'UNDERGRAD','01-01-2020');
INSERT INTO Enrolled (u_id,courseCode) VALUES (620020411,'PHYS3339'),(620020411,'CHEM2481'),(620020411,'INFO1447');
INSERT INTO Users VALUES (620020412,'Joyce','Wilson','JoyceWilson@gmail.com','WilsonJoyce');
INSERT INTO Students VALUES (620020412,'UNDERGRAD','01-01-2020');
INSERT INTO Enrolled (u_id,courseCode) VALUES (620020412,'ECON1996'),(620020412,'BIOC1744'),(620020412,'PHYS2338');
INSERT INTO Users VALUES (620020413,'Homer','Brock','HomerBrock@gmail.com','BrockHomer');
INSERT INTO Students VALUES (620020413,'UNDERGRAD','01-01-2020');
INSERT INTO Enrolled (u_id,courseCode) VALUES (620020413,'PHYS2117'),(620020413,'BIOC3230'),(620020413,'INFO3645'),(620020413,'INFO2213'),(620020413,'ECON3281');
INSERT INTO Users VALUES (620020414,'Cleveland','Quintero','ClevelandQuintero@gmail.com','QuinteroCleveland');
INSERT INTO Students VALUES (620020414,'UNDERGRAD','01-01-2020');
INSERT INTO Enrolled (u_id,courseCode) VALUES (620020414,'INFO2270'),(620020414,'INFO1825'),(620020414,'MATH3029'),(620020414,'PHYS1993'),(620020414,'BIOC1448');
INSERT INTO Users VALUES (620020415,'Philip','Wright','PhilipWright@gmail.com','WrightPhilip');
INSERT INTO Students VALUES (620020415,'UNDERGRAD','01-01-2020');
INSERT INTO Enrolled (u_id,courseCode) VALUES (620020415,'MATH3029'),(620020415,'BIOC1744'),(620020415,'ECON3288'),(620020415,'MATH3688');
INSERT INTO Users VALUES (620020416,'Dora','Cash','DoraCash@gmail.com','CashDora');
INSERT INTO Students VALUES (620020416,'UNDERGRAD','01-01-2020');
INSERT INTO Enrolled (u_id,courseCode) VALUES (620020416,'COMP2077'),(620020416,'INFO2559'),(620020416,'COMP2965'),(620020416,'BIOC1744');
INSERT INTO Users VALUES (620020417,'Justin','Walley','JustinWalley@gmail.com','WalleyJustin');
INSERT INTO Students VALUES (620020417,'UNDERGRAD','01-01-2020');
INSERT INTO Enrolled (u_id,courseCode) VALUES (620020417,'MATH3222'),(620020417,'BIOC1598'),(620020417,'BIOC1485'),(620020417,'PHYS2238');
INSERT INTO Users VALUES (620020418,'Craig','Gillman','CraigGillman@gmail.com','GillmanCraig');
INSERT INTO Students VALUES (620020418,'UNDERGRAD','01-01-2020');
INSERT INTO Enrolled (u_id,courseCode) VALUES (620020418,'BIOC1794'),(620020418,'ECON3276'),(620020418,'BIOC1485'),(620020418,'BIOC2983');
INSERT INTO Users VALUES (620020419,'Philip','Tirabassi','PhilipTirabassi@gmail.com','TirabassiPhilip');
INSERT INTO Students VALUES (620020419,'UNDERGRAD','01-01-2020');
INSERT INTO Enrolled (u_id,courseCode) VALUES (620020419,'MATH2555'),(620020419,'ECON1996'),(620020419,'PHYS3876'),(620020419,'MATH3209'),(620020419,'ECON3311'),(620020419,'ECON2722');
INSERT INTO Users VALUES (620020420,'Jewell','Gilman','JewellGilman@gmail.com','GilmanJewell');
INSERT INTO Students VALUES (620020420,'UNDERGRAD','01-01-2020');
INSERT INTO Enrolled (u_id,courseCode) VALUES (620020420,'PHYS1930'),(620020420,'BIOC1866'),(620020420,'ECON2722');
INSERT INTO Users VALUES (620020421,'Debbie','Burch','DebbieBurch@gmail.com','BurchDebbie');
INSERT INTO Students VALUES (620020421,'UNDERGRAD','01-01-2020');
INSERT INTO Enrolled (u_id,courseCode) VALUES (620020421,'COMP1184'),(620020421,'BIOC1794'),(620020421,'BIOC1910'),(620020421,'COMP1460'),(620020421,'MATH3688');
INSERT INTO Users VALUES (620020422,'Deanne','Williams','DeanneWilliams@gmail.com','WilliamsDeanne');
INSERT INTO Students VALUES (620020422,'UNDERGRAD','01-01-2020');
INSERT INTO Enrolled (u_id,courseCode) VALUES (620020422,'PHYS1173'),(620020422,'ECON1230'),(620020422,'CHEM3614');
INSERT INTO Users VALUES (620020423,'Edna','Rivera','EdnaRivera@gmail.com','RiveraEdna');
INSERT INTO Students VALUES (620020423,'UNDERGRAD','01-01-2020');
INSERT INTO Enrolled (u_id,courseCode) VALUES (620020423,'COMP3167'),(620020423,'COMP3506'),(620020423,'MATH1148'),(620020423,'ECON1012'),(620020423,'INFO1833'),(620020423,'PHYS1173');
INSERT INTO Users VALUES (620020424,'Kimberly','Lopez','KimberlyLopez@gmail.com','LopezKimberly');
INSERT INTO Students VALUES (620020424,'UNDERGRAD','01-01-2020');
INSERT INTO Enrolled (u_id,courseCode) VALUES (620020424,'CHEM2697'),(620020424,'COMP3685'),(620020424,'COMP3506'),(620020424,'INFO1242'),(620020424,'CHEM3617');
INSERT INTO Users VALUES (620020425,'Shalanda','Griffin','ShalandaGriffin@gmail.com','GriffinShalanda');
INSERT INTO Students VALUES (620020425,'UNDERGRAD','01-01-2020');
INSERT INTO Enrolled (u_id,courseCode) VALUES (620020425,'CHEM2727'),(620020425,'MATH2555'),(620020425,'MATH1735'),(620020425,'PHYS3354'),(620020425,'INFO3935');
INSERT INTO Users VALUES (620020426,'Dale','Truong','DaleTruong@gmail.com','TruongDale');
INSERT INTO Students VALUES (620020426,'UNDERGRAD','01-01-2020');
INSERT INTO Enrolled (u_id,courseCode) VALUES (620020426,'MATH2555'),(620020426,'COMP3685'),(620020426,'ECON2722');
INSERT INTO Users VALUES (620020427,'Tia','Butcher','TiaButcher@gmail.com','ButcherTia');
INSERT INTO Students VALUES (620020427,'UNDERGRAD','01-01-2020');
INSERT INTO Enrolled (u_id,courseCode) VALUES (620020427,'CHEM3793'),(620020427,'COMP3084'),(620020427,'BIOC1104'),(620020427,'CHEM3054'),(620020427,'COMP2965'),(620020427,'ECON3004');
INSERT INTO Users VALUES (620020428,'Bernie','Amberg','BernieAmberg@gmail.com','AmbergBernie');
INSERT INTO Students VALUES (620020428,'UNDERGRAD','01-01-2020');
INSERT INTO Enrolled (u_id,courseCode) VALUES (620020428,'BIOC2589'),(620020428,'MATH2801'),(620020428,'MATH3209');
INSERT INTO Users VALUES (620020429,'Cassie','Washinski','CassieWashinski@gmail.com','WashinskiCassie');
INSERT INTO Students VALUES (620020429,'UNDERGRAD','01-01-2020');
INSERT INTO Enrolled (u_id,courseCode) VALUES (620020429,'CHEM3347'),(620020429,'PHYS2238'),(620020429,'ECON3989'),(620020429,'PHYS3464'),(620020429,'INFO1145'),(620020429,'ECON1012');
INSERT INTO Users VALUES (620020430,'Edna','Cummings','EdnaCummings@gmail.com','CummingsEdna');
INSERT INTO Students VALUES (620020430,'UNDERGRAD','01-01-2020');
INSERT INTO Enrolled (u_id,courseCode) VALUES (620020430,'ECON3085'),(620020430,'BIOC3604'),(620020430,'COMP1184'),(620020430,'CHEM1807'),(620020430,'COMP1867');
INSERT INTO Users VALUES (620020431,'Cristina','Diggs','CristinaDiggs@gmail.com','DiggsCristina');
INSERT INTO Students VALUES (620020431,'UNDERGRAD','01-01-2020');
INSERT INTO Enrolled (u_id,courseCode) VALUES (620020431,'COMP3167'),(620020431,'INFO3868'),(620020431,'CHEM1807');
INSERT INTO Users VALUES (620020432,'Rosa','Uribe','RosaUribe@gmail.com','UribeRosa');
INSERT INTO Students VALUES (620020432,'UNDERGRAD','01-01-2020');
INSERT INTO Enrolled (u_id,courseCode) VALUES (620020432,'CHEM2066'),(620020432,'MATH1735'),(620020432,'INFO3645');
INSERT INTO Users VALUES (620020433,'Stacy','Brickey','StacyBrickey@gmail.com','BrickeyStacy');
INSERT INTO Students VALUES (620020433,'UNDERGRAD','01-01-2020');
INSERT INTO Enrolled (u_id,courseCode) VALUES (620020433,'MATH2873'),(620020433,'PHYS2667'),(620020433,'BIOC3230'),(620020433,'ECON3288'),(620020433,'CHEM2031');
INSERT INTO Users VALUES (620020434,'Nathan','Rios','NathanRios@gmail.com','RiosNathan');
INSERT INTO Students VALUES (620020434,'UNDERGRAD','01-01-2020');
INSERT INTO Enrolled (u_id,courseCode) VALUES (620020434,'INFO2797'),(620020434,'BIOC1725'),(620020434,'MATH3544'),(620020434,'PHYS3339'),(620020434,'BIOC1534');
INSERT INTO Users VALUES (620020435,'Tia','Hoyer','TiaHoyer@gmail.com','HoyerTia');
INSERT INTO Students VALUES (620020435,'UNDERGRAD','01-01-2020');
INSERT INTO Enrolled (u_id,courseCode) VALUES (620020435,'ECON1498'),(620020435,'ECON3276'),(620020435,'CHEM3409'),(620020435,'COMP3238');
INSERT INTO Users VALUES (620020436,'Teresa','Hoyer','TeresaHoyer@gmail.com','HoyerTeresa');
INSERT INTO Students VALUES (620020436,'UNDERGRAD','01-01-2020');
INSERT INTO Enrolled (u_id,courseCode) VALUES (620020436,'CHEM1613'),(620020436,'ECON1170'),(620020436,'INFO1145'),(620020436,'ECON1498');
INSERT INTO Users VALUES (620020437,'Byron','Halford','ByronHalford@gmail.com','HalfordByron');
INSERT INTO Students VALUES (620020437,'UNDERGRAD','01-01-2020');
INSERT INTO Enrolled (u_id,courseCode) VALUES (620020437,'MATH1250'),(620020437,'PHYS1930'),(620020437,'CHEM3617'),(620020437,'COMP3167');
INSERT INTO Users VALUES (620020438,'Melodie','Laramee','MelodieLaramee@gmail.com','LarameeMelodie');
INSERT INTO Students VALUES (620020438,'UNDERGRAD','01-01-2020');
INSERT INTO Enrolled (u_id,courseCode) VALUES (620020438,'INFO2813'),(620020438,'ECON3447'),(620020438,'COMP3084');
INSERT INTO Users VALUES (620020439,'Shonda','Long','ShondaLong@gmail.com','LongShonda');
INSERT INTO Students VALUES (620020439,'UNDERGRAD','01-01-2020');
INSERT INTO Enrolled (u_id,courseCode) VALUES (620020439,'COMP1051'),(620020439,'INFO2270'),(620020439,'CHEM3347');
INSERT INTO Users VALUES (620020440,'Dale','Tallent','DaleTallent@gmail.com','TallentDale');
INSERT INTO Students VALUES (620020440,'UNDERGRAD','01-01-2020');
INSERT INTO Enrolled (u_id,courseCode) VALUES (620020440,'BIOC2983'),(620020440,'INFO2950'),(620020440,'CHEM2066'),(620020440,'INFO1648'),(620020440,'BIOC3604'),(620020440,'BIOC1910');
INSERT INTO Users VALUES (620020441,'Dorothy','Gondek','DorothyGondek@gmail.com','GondekDorothy');
INSERT INTO Students VALUES (620020441,'UNDERGRAD','01-01-2020');
INSERT INTO Enrolled (u_id,courseCode) VALUES (620020441,'PHYS3876'),(620020441,'MATH2550'),(620020441,'INFO3645'),(620020441,'INFO2813'),(620020441,'BIOC1598'),(620020441,'PHYS2229');
INSERT INTO Users VALUES (620020442,'Madaline','Mchenry','MadalineMchenry@gmail.com','MchenryMadaline');
INSERT INTO Students VALUES (620020442,'UNDERGRAD','01-01-2020');
INSERT INTO Enrolled (u_id,courseCode) VALUES (620020442,'ECON3281'),(620020442,'ECON2722'),(620020442,'INFO2559'),(620020442,'CHEM3054');
INSERT INTO Users VALUES (620020443,'Timothy','Pulley','TimothyPulley@gmail.com','PulleyTimothy');
INSERT INTO Students VALUES (620020443,'UNDERGRAD','01-01-2020');
INSERT INTO Enrolled (u_id,courseCode) VALUES (620020443,'ECON1458'),(620020443,'CHEM3327'),(620020443,'ECON1996'),(620020443,'BIOC1744'),(620020443,'MATH1262');
INSERT INTO Users VALUES (620020444,'Marjorie','Early','MarjorieEarly@gmail.com','EarlyMarjorie');
INSERT INTO Students VALUES (620020444,'UNDERGRAD','01-01-2020');
INSERT INTO Enrolled (u_id,courseCode) VALUES (620020444,'CHEM3054'),(620020444,'COMP2361'),(620020444,'INFO1014'),(620020444,'MATH3173');
INSERT INTO Users VALUES (620020445,'Aaron','Williams','AaronWilliams@gmail.com','WilliamsAaron');
INSERT INTO Students VALUES (620020445,'UNDERGRAD','01-01-2020');
INSERT INTO Enrolled (u_id,courseCode) VALUES (620020445,'MATH3613'),(620020445,'BIOC3721'),(620020445,'BIOC2550'),(620020445,'COMP3697'),(620020445,'MATH1648');
INSERT INTO Users VALUES (620020446,'Tony','Porter','TonyPorter@gmail.com','PorterTony');
INSERT INTO Students VALUES (620020446,'UNDERGRAD','01-01-2020');
INSERT INTO Enrolled (u_id,courseCode) VALUES (620020446,'COMP3536'),(620020446,'CHEM2031'),(620020446,'ECON3550'),(620020446,'BIOC3191'),(620020446,'INFO3636');
INSERT INTO Users VALUES (620020447,'Sadie','Eubank','SadieEubank@gmail.com','EubankSadie');
INSERT INTO Students VALUES (620020447,'UNDERGRAD','01-01-2020');
INSERT INTO Enrolled (u_id,courseCode) VALUES (620020447,'PHYS2117'),(620020447,'INFO1833'),(620020447,'MATH3059');
INSERT INTO Users VALUES (620020448,'Willard','Mcclain','WillardMcclain@gmail.com','McclainWillard');
INSERT INTO Students VALUES (620020448,'UNDERGRAD','01-01-2020');
INSERT INTO Enrolled (u_id,courseCode) VALUES (620020448,'ECON1098'),(620020448,'CHEM2626'),(620020448,'BIOC1439'),(620020448,'INFO3935'),(620020448,'INFO1242');
INSERT INTO Users VALUES (620020449,'Weldon','Gaffney','WeldonGaffney@gmail.com','GaffneyWeldon');
INSERT INTO Students VALUES (620020449,'UNDERGRAD','01-01-2020');
INSERT INTO Enrolled (u_id,courseCode) VALUES (620020449,'MATH1972'),(620020449,'COMP3238'),(620020449,'ECON2345'),(620020449,'COMP2965'),(620020449,'MATH3029');
INSERT INTO Users VALUES (620020450,'Josh','Joaquin','JoshJoaquin@gmail.com','JoaquinJosh');
INSERT INTO Students VALUES (620020450,'UNDERGRAD','01-01-2020');
INSERT INTO Enrolled (u_id,courseCode) VALUES (620020450,'COMP3506'),(620020450,'ECON1996'),(620020450,'INFO3636'),(620020450,'MATH3209');
INSERT INTO Users VALUES (620020451,'Justin','Hoffman','JustinHoffman@gmail.com','HoffmanJustin');
INSERT INTO Students VALUES (620020451,'UNDERGRAD','01-01-2020');
INSERT INTO Enrolled (u_id,courseCode) VALUES (620020451,'COMP1184'),(620020451,'PHYS2451'),(620020451,'COMP3084'),(620020451,'MATH1735'),(620020451,'BIOC1866');
INSERT INTO Users VALUES (620020452,'Lilla','Wesley','LillaWesley@gmail.com','WesleyLilla');
INSERT INTO Students VALUES (620020452,'UNDERGRAD','01-01-2020');
INSERT INTO Enrolled (u_id,courseCode) VALUES (620020452,'INFO2950'),(620020452,'ECON2703'),(620020452,'BIOC1104');
INSERT INTO Users VALUES (620020453,'Susan','Nichols','SusanNichols@gmail.com','NicholsSusan');
INSERT INTO Students VALUES (620020453,'UNDERGRAD','01-01-2020');
INSERT INTO Enrolled (u_id,courseCode) VALUES (620020453,'MATH3844'),(620020453,'MATH3613'),(620020453,'CHEM1613'),(620020453,'MATH1648');
INSERT INTO Users VALUES (620020454,'Lori','Sharp','LoriSharp@gmail.com','SharpLori');
INSERT INTO Students VALUES (620020454,'UNDERGRAD','01-01-2020');
INSERT INTO Enrolled (u_id,courseCode) VALUES (620020454,'ECON1230'),(620020454,'CHEM3614'),(620020454,'ECON3447'),(620020454,'ECON1498');
INSERT INTO Users VALUES (620020455,'Howard','Dunn','HowardDunn@gmail.com','DunnHoward');
INSERT INTO Students VALUES (620020455,'UNDERGRAD','01-01-2020');
INSERT INTO Enrolled (u_id,courseCode) VALUES (620020455,'COMP1543'),(620020455,'BIOC1485'),(620020455,'ECON1498'),(620020455,'CHEM1613');
INSERT INTO Users VALUES (620020456,'Nicholas','Ferretti','NicholasFerretti@gmail.com','FerrettiNicholas');
INSERT INTO Students VALUES (620020456,'UNDERGRAD','01-01-2020');
INSERT INTO Enrolled (u_id,courseCode) VALUES (620020456,'COMP2965'),(620020456,'BIOC2054'),(620020456,'COMP3849'),(620020456,'CHEM3347'),(620020456,'INFO2860');
INSERT INTO Users VALUES (620020457,'Ruth','Thomas','RuthThomas@gmail.com','ThomasRuth');
INSERT INTO Students VALUES (620020457,'UNDERGRAD','01-01-2020');
INSERT INTO Enrolled (u_id,courseCode) VALUES (620020457,'ECON1098'),(620020457,'BIOC3230'),(620020457,'INFO3645');
INSERT INTO Users VALUES (620020458,'Gilbert','Golden','GilbertGolden@gmail.com','GoldenGilbert');
INSERT INTO Students VALUES (620020458,'UNDERGRAD','01-01-2020');
INSERT INTO Enrolled (u_id,courseCode) VALUES (620020458,'MATH3173'),(620020458,'INFO2860'),(620020458,'MATH1972');
INSERT INTO Users VALUES (620020459,'Orlando','Christenberry','OrlandoChristenberry@gmail.com','ChristenberryOrlando');
INSERT INTO Students VALUES (620020459,'UNDERGRAD','01-01-2020');
INSERT INTO Enrolled (u_id,courseCode) VALUES (620020459,'MATH3688'),(620020459,'BIOC1534'),(620020459,'CHEM2867'),(620020459,'MATH1638');
INSERT INTO Users VALUES (620020460,'Vanessa','Gaffney','VanessaGaffney@gmail.com','GaffneyVanessa');
INSERT INTO Students VALUES (620020460,'UNDERGRAD','01-01-2020');
INSERT INTO Enrolled (u_id,courseCode) VALUES (620020460,'PHYS3787'),(620020460,'PHYS3339'),(620020460,'ECON3288');
INSERT INTO Users VALUES (620020461,'Timothy','Hunt','TimothyHunt@gmail.com','HuntTimothy');
INSERT INTO Students VALUES (620020461,'UNDERGRAD','01-01-2020');
INSERT INTO Enrolled (u_id,courseCode) VALUES (620020461,'CHEM1340'),(620020461,'ECON2703'),(620020461,'BIOC1052'),(620020461,'COMP1867');
INSERT INTO Users VALUES (620020462,'Miguel','Nunn','MiguelNunn@gmail.com','NunnMiguel');
INSERT INTO Students VALUES (620020462,'UNDERGRAD','01-01-2020');
INSERT INTO Enrolled (u_id,courseCode) VALUES (620020462,'BIOC2983'),(620020462,'ECON3989'),(620020462,'MATH1578'),(620020462,'PHYS3354'),(620020462,'INFO3645');
INSERT INTO Users VALUES (620020463,'Angela','Banks','AngelaBanks@gmail.com','BanksAngela');
INSERT INTO Students VALUES (620020463,'UNDERGRAD','01-01-2020');
INSERT INTO Enrolled (u_id,courseCode) VALUES (620020463,'CHEM1485'),(620020463,'CHEM3617'),(620020463,'MATH2067'),(620020463,'INFO3868'),(620020463,'MATH1578');
INSERT INTO Users VALUES (620020464,'Edward','Calder','EdwardCalder@gmail.com','CalderEdward');
INSERT INTO Students VALUES (620020464,'UNDERGRAD','01-01-2020');
INSERT INTO Enrolled (u_id,courseCode) VALUES (620020464,'COMP2400'),(620020464,'BIOC3721'),(620020464,'CHEM2697');
INSERT INTO Users VALUES (620020465,'Marie','Washinski','MarieWashinski@gmail.com','WashinskiMarie');
INSERT INTO Students VALUES (620020465,'UNDERGRAD','01-01-2020');
INSERT INTO Enrolled (u_id,courseCode) VALUES (620020465,'COMP1573'),(620020465,'CHEM1485'),(620020465,'CHEM2727'),(620020465,'MATH1309'),(620020465,'INFO2860'),(620020465,'CHEM2220');
INSERT INTO Users VALUES (620020466,'Jamison','Gilmore','JamisonGilmore@gmail.com','GilmoreJamison');
INSERT INTO Students VALUES (620020466,'UNDERGRAD','01-01-2020');
INSERT INTO Enrolled (u_id,courseCode) VALUES (620020466,'CHEM2867'),(620020466,'PHYS2977'),(620020466,'CHEM2031');
INSERT INTO Users VALUES (620020467,'Eric','Ott','EricOtt@gmail.com','OttEric');
INSERT INTO Students VALUES (620020467,'UNDERGRAD','01-01-2020');
INSERT INTO Enrolled (u_id,courseCode) VALUES (620020467,'INFO3645'),(620020467,'MATH1638'),(620020467,'BIOC1485');
INSERT INTO Users VALUES (620020468,'Catherine','Blackwell','CatherineBlackwell@gmail.com','BlackwellCatherine');
INSERT INTO Students VALUES (620020468,'UNDERGRAD','01-01-2020');
INSERT INTO Enrolled (u_id,courseCode) VALUES (620020468,'ECON3228'),(620020468,'BIOC1164'),(620020468,'PHYS2238'),(620020468,'CHEM2727'),(620020468,'CHEM3747'),(620020468,'MATH1262');
INSERT INTO Users VALUES (620020469,'Michelle','Turner','MichelleTurner@gmail.com','TurnerMichelle');
INSERT INTO Students VALUES (620020469,'UNDERGRAD','01-01-2020');
INSERT INTO Enrolled (u_id,courseCode) VALUES (620020469,'COMP3506'),(620020469,'MATH1648'),(620020469,'INFO1288'),(620020469,'MATH3209'),(620020469,'MATH3222'),(620020469,'ECON2722');
INSERT INTO Users VALUES (620020470,'Paul','Hart','PaulHart@gmail.com','HartPaul');
INSERT INTO Students VALUES (620020470,'UNDERGRAD','01-01-2020');
INSERT INTO Enrolled (u_id,courseCode) VALUES (620020470,'PHYS1173'),(620020470,'COMP1543'),(620020470,'INFO2950'),(620020470,'BIOC3604'),(620020470,'COMP3173');
INSERT INTO Users VALUES (620020471,'Douglas','Dahlheimer','DouglasDahlheimer@gmail.com','DahlheimerDouglas');
INSERT INTO Students VALUES (620020471,'UNDERGRAD','01-01-2020');
INSERT INTO Enrolled (u_id,courseCode) VALUES (620020471,'ECON2722'),(620020471,'INFO2860'),(620020471,'MATH1250'),(620020471,'ECON3020');
INSERT INTO Users VALUES (620020472,'Linda','Chappell','LindaChappell@gmail.com','ChappellLinda');
INSERT INTO Students VALUES (620020472,'UNDERGRAD','01-01-2020');
INSERT INTO Enrolled (u_id,courseCode) VALUES (620020472,'PHYS2977'),(620020472,'MATH3857'),(620020472,'BIOC1439');
INSERT INTO Users VALUES (620020473,'Iris','Hart','IrisHart@gmail.com','HartIris');
INSERT INTO Students VALUES (620020473,'UNDERGRAD','01-01-2020');
INSERT INTO Enrolled (u_id,courseCode) VALUES (620020473,'INFO1242'),(620020473,'PHYS3052'),(620020473,'COMP3685'),(620020473,'COMP1184'),(620020473,'ECON1589'),(620020473,'PHYS1399');
INSERT INTO Users VALUES (620020474,'Shannon','Banks','ShannonBanks@gmail.com','BanksShannon');
INSERT INTO Students VALUES (620020474,'UNDERGRAD','01-01-2020');
INSERT INTO Enrolled (u_id,courseCode) VALUES (620020474,'INFO1447'),(620020474,'PHYS1140'),(620020474,'MATH3544'),(620020474,'COMP3685'),(620020474,'BIOC2589');
INSERT INTO Users VALUES (620020475,'Marjorie','Danker','MarjorieDanker@gmail.com','DankerMarjorie');
INSERT INTO Students VALUES (620020475,'UNDERGRAD','01-01-2020');
INSERT INTO Enrolled (u_id,courseCode) VALUES (620020475,'CHEM2697'),(620020475,'CHEM3617'),(620020475,'COMP1184');
INSERT INTO Users VALUES (620020476,'Sandra','Lockwood','SandraLockwood@gmail.com','LockwoodSandra');
INSERT INTO Students VALUES (620020476,'UNDERGRAD','01-01-2020');
INSERT INTO Enrolled (u_id,courseCode) VALUES (620020476,'CHEM3614'),(620020476,'INFO3645'),(620020476,'PHYS2238');
INSERT INTO Users VALUES (620020477,'Dorcas','Crawford','DorcasCrawford@gmail.com','CrawfordDorcas');
INSERT INTO Students VALUES (620020477,'UNDERGRAD','01-01-2020');
INSERT INTO Enrolled (u_id,courseCode) VALUES (620020477,'CHEM2867'),(620020477,'ECON3020'),(620020477,'CHEM1613');
INSERT INTO Users VALUES (620020478,'Vanessa','Wood','VanessaWood@gmail.com','WoodVanessa');
INSERT INTO Students VALUES (620020478,'UNDERGRAD','01-01-2020');
INSERT INTO Enrolled (u_id,courseCode) VALUES (620020478,'ECON2703'),(620020478,'ECON3004'),(620020478,'BIOC1744'),(620020478,'MATH3688'),(620020478,'ECON2387');
INSERT INTO Users VALUES (620020479,'Thomas','Wilbanks','ThomasWilbanks@gmail.com','WilbanksThomas');
INSERT INTO Students VALUES (620020479,'UNDERGRAD','01-01-2020');
INSERT INTO Enrolled (u_id,courseCode) VALUES (620020479,'INFO2797'),(620020479,'COMP2361'),(620020479,'INFO3645'),(620020479,'CHEM1340'),(620020479,'BIOC2550');
INSERT INTO Users VALUES (620020480,'Betsy','Granado','BetsyGranado@gmail.com','GranadoBetsy');
INSERT INTO Students VALUES (620020480,'UNDERGRAD','01-01-2020');
INSERT INTO Enrolled (u_id,courseCode) VALUES (620020480,'PHYS1140'),(620020480,'CHEM2481'),(620020480,'PHYS1930'),(620020480,'CHEM3888'),(620020480,'INFO1145'),(620020480,'CHEM1340');
INSERT INTO Users VALUES (620020481,'Eric','Sudduth','EricSudduth@gmail.com','SudduthEric');
INSERT INTO Students VALUES (620020481,'UNDERGRAD','01-01-2020');
INSERT INTO Enrolled (u_id,courseCode) VALUES (620020481,'CHEM2626'),(620020481,'BIOC1598'),(620020481,'MATH1454'),(620020481,'INFO1833'),(620020481,'INFO2559'),(620020481,'INFO3645');
INSERT INTO Users VALUES (620020482,'Rick','Harness','RickHarness@gmail.com','HarnessRick');
INSERT INTO Students VALUES (620020482,'UNDERGRAD','01-01-2020');
INSERT INTO Enrolled (u_id,courseCode) VALUES (620020482,'PHYS3290'),(620020482,'INFO2811'),(620020482,'ECON3228'),(620020482,'BIOC1866'),(620020482,'BIOC2236');
INSERT INTO Users VALUES (620020483,'Miss','Hoffman','MissHoffman@gmail.com','HoffmanMiss');
INSERT INTO Students VALUES (620020483,'UNDERGRAD','01-01-2020');
INSERT INTO Enrolled (u_id,courseCode) VALUES (620020483,'PHYS3354'),(620020483,'INFO2860'),(620020483,'PHYS2451'),(620020483,'COMP3167');
INSERT INTO Users VALUES (620020484,'Kelly','Miraglia','KellyMiraglia@gmail.com','MiragliaKelly');
INSERT INTO Students VALUES (620020484,'UNDERGRAD','01-01-2020');
INSERT INTO Enrolled (u_id,courseCode) VALUES (620020484,'CHEM3054'),(620020484,'MATH1309'),(620020484,'CHEM1613'),(620020484,'PHYS3876'),(620020484,'MATH1578'),(620020484,'CHEM3747');
INSERT INTO Users VALUES (620020485,'Howard','Christinsen','HowardChristinsen@gmail.com','ChristinsenHoward');
INSERT INTO Students VALUES (620020485,'UNDERGRAD','01-01-2020');
INSERT INTO Enrolled (u_id,courseCode) VALUES (620020485,'BIOC1485'),(620020485,'MATH1638'),(620020485,'PHYS1993'),(620020485,'BIOC1439'),(620020485,'INFO2813'),(620020485,'MATH3544');
INSERT INTO Users VALUES (620020486,'Caroline','Sandlin','CarolineSandlin@gmail.com','SandlinCaroline');
INSERT INTO Students VALUES (620020486,'UNDERGRAD','01-01-2020');
INSERT INTO Enrolled (u_id,courseCode) VALUES (620020486,'INFO2811'),(620020486,'COMP1051'),(620020486,'INFO1447'),(620020486,'INFO2860');
INSERT INTO Users VALUES (620020487,'Carrie','Ebbs','CarrieEbbs@gmail.com','EbbsCarrie');
INSERT INTO Students VALUES (620020487,'UNDERGRAD','01-01-2020');
INSERT INTO Enrolled (u_id,courseCode) VALUES (620020487,'ECON1012'),(620020487,'PHYS2117'),(620020487,'COMP2717'),(620020487,'ECON2814'),(620020487,'INFO2950');
INSERT INTO Users VALUES (620020488,'Jesus','Hoffman','JesusHoffman@gmail.com','HoffmanJesus');
INSERT INTO Students VALUES (620020488,'UNDERGRAD','01-01-2020');
INSERT INTO Enrolled (u_id,courseCode) VALUES (620020488,'CHEM2727'),(620020488,'INFO3419'),(620020488,'BIOC2054'),(620020488,'PHYS2229'),(620020488,'COMP1051');
INSERT INTO Users VALUES (620020489,'Charlotte','Crites','CharlotteCrites@gmail.com','CritesCharlotte');
INSERT INTO Students VALUES (620020489,'UNDERGRAD','01-01-2020');
INSERT INTO Enrolled (u_id,courseCode) VALUES (620020489,'MATH2801'),(620020489,'INFO1242'),(620020489,'INFO2813'),(620020489,'ECON1589');
INSERT INTO Users VALUES (620020490,'Walter','Mcalister','WalterMcalister@gmail.com','McalisterWalter');
INSERT INTO Students VALUES (620020490,'UNDERGRAD','01-01-2020');
INSERT INTO Enrolled (u_id,courseCode) VALUES (620020490,'INFO2521'),(620020490,'BIOC1598'),(620020490,'PHYS2117'),(620020490,'INFO1990'),(620020490,'MATH3844');
INSERT INTO Users VALUES (620020491,'Louise','Souza','LouiseSouza@gmail.com','SouzaLouise');
INSERT INTO Students VALUES (620020491,'UNDERGRAD','01-01-2020');
INSERT INTO Enrolled (u_id,courseCode) VALUES (620020491,'MATH1309'),(620020491,'MATH1250'),(620020491,'COMP3746'),(620020491,'INFO1825'),(620020491,'PHYS3052');
INSERT INTO Users VALUES (620020492,'Warren','Mcclain','WarrenMcclain@gmail.com','McclainWarren');
INSERT INTO Students VALUES (620020492,'UNDERGRAD','01-01-2020');
INSERT INTO Enrolled (u_id,courseCode) VALUES (620020492,'BIOC1866'),(620020492,'ECON3288'),(620020492,'MATH1972'),(620020492,'ECON3228'),(620020492,'INFO3868'),(620020492,'INFO2813');
INSERT INTO Users VALUES (620020493,'Iris','Boyer','IrisBoyer@gmail.com','BoyerIris');
INSERT INTO Students VALUES (620020493,'UNDERGRAD','01-01-2020');
INSERT INTO Enrolled (u_id,courseCode) VALUES (620020493,'CHEM3409'),(620020493,'MATH3544'),(620020493,'COMP3697'),(620020493,'BIOC2550'),(620020493,'INFO2270'),(620020493,'MATH2501');
INSERT INTO Users VALUES (620020494,'Sara','Alexander','SaraAlexander@gmail.com','AlexanderSara');
INSERT INTO Students VALUES (620020494,'UNDERGRAD','01-01-2020');
INSERT INTO Enrolled (u_id,courseCode) VALUES (620020494,'BIOC1910'),(620020494,'COMP3173'),(620020494,'BIOC1164'),(620020494,'ECON3276'),(620020494,'BIOC1052'),(620020494,'PHYS2563');
INSERT INTO Users VALUES (620020495,'Christopher','Figueroa','ChristopherFigueroa@gmail.com','FigueroaChristopher');
INSERT INTO Students VALUES (620020495,'UNDERGRAD','01-01-2020');
INSERT INTO Enrolled (u_id,courseCode) VALUES (620020495,'PHYS3729'),(620020495,'PHYS3787'),(620020495,'INFO3419'),(620020495,'INFO2860');
INSERT INTO Users VALUES (620020496,'Cassie','Kaupp','CassieKaupp@gmail.com','KauppCassie');
INSERT INTO Students VALUES (620020496,'UNDERGRAD','01-01-2020');
INSERT INTO Enrolled (u_id,courseCode) VALUES (620020496,'PHYS3659'),(620020496,'PHYS2113'),(620020496,'ECON3276'),(620020496,'INFO2636'),(620020496,'BIOC3604'),(620020496,'BIOC1910');
INSERT INTO Users VALUES (620020497,'Jeanna','Harms','JeannaHarms@gmail.com','HarmsJeanna');
INSERT INTO Students VALUES (620020497,'UNDERGRAD','01-01-2020');
INSERT INTO Enrolled (u_id,courseCode) VALUES (620020497,'ECON2722'),(620020497,'PHYS2117'),(620020497,'INFO1833'),(620020497,'PHYS3787'),(620020497,'CHEM1494');
INSERT INTO Users VALUES (620020498,'Shonda','Maze','ShondaMaze@gmail.com','MazeShonda');
INSERT INTO Students VALUES (620020498,'UNDERGRAD','01-01-2020');
INSERT INTO Enrolled (u_id,courseCode) VALUES (620020498,'PHYS2667'),(620020498,'COMP2541'),(620020498,'ECON1170'),(620020498,'MATH1250'),(620020498,'MATH3613');
INSERT INTO Users VALUES (620020499,'Shirley','Moore','ShirleyMoore@gmail.com','MooreShirley');
INSERT INTO Students VALUES (620020499,'UNDERGRAD','01-01-2020');
INSERT INTO Enrolled (u_id,courseCode) VALUES (620020499,'MATH3222'),(620020499,'CHEM2066'),(620020499,'CHEM2697'),(620020499,'INFO3935'),(620020499,'COMP1460'),(620020499,'INFO2270');
INSERT INTO Users VALUES (620020500,'Jeffrey','Henderson','JeffreyHenderson@gmail.com','HendersonJeffrey');
INSERT INTO Students VALUES (620020500,'UNDERGRAD','01-01-2020');
INSERT INTO Enrolled (u_id,courseCode) VALUES (620020500,'BIOC1052'),(620020500,'MATH2957'),(620020500,'MATH3613'),(620020500,'COMP3536'),(620020500,'MATH1250');
INSERT INTO Users VALUES (620020501,'Aaron','Shields','AaronShields@gmail.com','ShieldsAaron');
INSERT INTO Students VALUES (620020501,'UNDERGRAD','01-01-2020');
INSERT INTO Enrolled (u_id,courseCode) VALUES (620020501,'MATH2550'),(620020501,'MATH2188'),(620020501,'CHEM2797'),(620020501,'BIOC1485'),(620020501,'INFO1145');
INSERT INTO Users VALUES (620020502,'Larry','Pulley','LarryPulley@gmail.com','PulleyLarry');
INSERT INTO Students VALUES (620020502,'UNDERGRAD','01-01-2020');
INSERT INTO Enrolled (u_id,courseCode) VALUES (620020502,'PHYS3354'),(620020502,'INFO3419'),(620020502,'CHEM3747');
INSERT INTO Users VALUES (620020503,'Cynthia','Scales','CynthiaScales@gmail.com','ScalesCynthia');
INSERT INTO Students VALUES (620020503,'UNDERGRAD','01-01-2020');
INSERT INTO Enrolled (u_id,courseCode) VALUES (620020503,'ECON3523'),(620020503,'CHEM2065'),(620020503,'BIOC3604'),(620020503,'PHYS3290'),(620020503,'PHYS2117'),(620020503,'PHYS3686');
INSERT INTO Users VALUES (620020504,'Jeffrey','Wengerd','JeffreyWengerd@gmail.com','WengerdJeffrey');
INSERT INTO Students VALUES (620020504,'UNDERGRAD','01-01-2020');
INSERT INTO Enrolled (u_id,courseCode) VALUES (620020504,'PHYS3659'),(620020504,'ECON2814'),(620020504,'CHEM1485'),(620020504,'INFO2636'),(620020504,'COMP3697'),(620020504,'BIOC3230');
INSERT INTO Users VALUES (620020505,'Tiara','Turner','TiaraTurner@gmail.com','TurnerTiara');
INSERT INTO Students VALUES (620020505,'UNDERGRAD','01-01-2020');
INSERT INTO Enrolled (u_id,courseCode) VALUES (620020505,'MATH3688'),(620020505,'ECON1589'),(620020505,'BIOC2054'),(620020505,'PHYS3659'),(620020505,'CHEM1494'),(620020505,'BIOC2983');
INSERT INTO Users VALUES (620020506,'Tiara','Woomer','TiaraWoomer@gmail.com','WoomerTiara');
INSERT INTO Students VALUES (620020506,'UNDERGRAD','01-01-2020');
INSERT INTO Enrolled (u_id,courseCode) VALUES (620020506,'COMP3685'),(620020506,'CHEM2065'),(620020506,'INFO2213'),(620020506,'MATH1309');
INSERT INTO Users VALUES (620020507,'Wayne','Butcher','WayneButcher@gmail.com','ButcherWayne');
INSERT INTO Students VALUES (620020507,'UNDERGRAD','01-01-2020');
INSERT INTO Enrolled (u_id,courseCode) VALUES (620020507,'BIOC1164'),(620020507,'CHEM2446'),(620020507,'MATH1454'),(620020507,'CHEM3747'),(620020507,'ECON3447');
INSERT INTO Users VALUES (620020508,'Evelyn','Deen','EvelynDeen@gmail.com','DeenEvelyn');
INSERT INTO Students VALUES (620020508,'UNDERGRAD','01-01-2020');
INSERT INTO Enrolled (u_id,courseCode) VALUES (620020508,'CHEM2065'),(620020508,'BIOC1910'),(620020508,'MATH3029');
INSERT INTO Users VALUES (620020509,'Linda','Lowrey','LindaLowrey@gmail.com','LowreyLinda');
INSERT INTO Students VALUES (620020509,'UNDERGRAD','01-01-2020');
INSERT INTO Enrolled (u_id,courseCode) VALUES (620020509,'MATH2873'),(620020509,'CHEM3347'),(620020509,'COMP3238');
INSERT INTO Users VALUES (620020510,'Stacy','Moore','StacyMoore@gmail.com','MooreStacy');
INSERT INTO Students VALUES (620020510,'UNDERGRAD','01-01-2020');
INSERT INTO Enrolled (u_id,courseCode) VALUES (620020510,'MATH2873'),(620020510,'COMP1051'),(620020510,'COMP2080'),(620020510,'INFO3419'),(620020510,'ECON3288'),(620020510,'INFO2147');
INSERT INTO Users VALUES (620020511,'Douglas','Bradford','DouglasBradford@gmail.com','BradfordDouglas');
INSERT INTO Students VALUES (620020511,'UNDERGRAD','01-01-2020');
INSERT INTO Enrolled (u_id,courseCode) VALUES (620020511,'INFO2716'),(620020511,'COMP2541'),(620020511,'BIOC2983');
INSERT INTO Users VALUES (620020512,'Eunice','Dumas','EuniceDumas@gmail.com','DumasEunice');
INSERT INTO Students VALUES (620020512,'UNDERGRAD','01-01-2020');
INSERT INTO Enrolled (u_id,courseCode) VALUES (620020512,'PHYS3354'),(620020512,'COMP3685'),(620020512,'BIOC1448'),(620020512,'ECON3989'),(620020512,'ECON1458'),(620020512,'BIOC2054');
INSERT INTO Users VALUES (620020513,'Wilbur','Merna','WilburMerna@gmail.com','MernaWilbur');
INSERT INTO Students VALUES (620020513,'UNDERGRAD','01-01-2020');
INSERT INTO Enrolled (u_id,courseCode) VALUES (620020513,'BIOC2550'),(620020513,'COMP2361'),(620020513,'COMP3685'),(620020513,'COMP3697'),(620020513,'INFO1825'),(620020513,'ECON1012');
INSERT INTO Users VALUES (620020514,'Gary','Bower','GaryBower@gmail.com','BowerGary');
INSERT INTO Students VALUES (620020514,'UNDERGRAD','01-01-2020');
INSERT INTO Enrolled (u_id,courseCode) VALUES (620020514,'INFO1825'),(620020514,'CHEM3327'),(620020514,'INFO1014'),(620020514,'MATH1454');
INSERT INTO Users VALUES (620020515,'Adam','Mance','AdamMance@gmail.com','ManceAdam');
INSERT INTO Students VALUES (620020515,'UNDERGRAD','01-01-2020');
INSERT INTO Enrolled (u_id,courseCode) VALUES (620020515,'ECON3020'),(620020515,'COMP2361'),(620020515,'MATH3222'),(620020515,'BIOC2981'),(620020515,'PHYS1930');
INSERT INTO Users VALUES (620020516,'Mason','Sudduth','MasonSudduth@gmail.com','SudduthMason');
INSERT INTO Students VALUES (620020516,'UNDERGRAD','01-01-2020');
INSERT INTO Enrolled (u_id,courseCode) VALUES (620020516,'PHYS3052'),(620020516,'CHEM1494'),(620020516,'PHYS1979'),(620020516,'COMP3506');
INSERT INTO Users VALUES (620020517,'Jennifer','Luper','JenniferLuper@gmail.com','LuperJennifer');
INSERT INTO Students VALUES (620020517,'UNDERGRAD','01-01-2020');
INSERT INTO Enrolled (u_id,courseCode) VALUES (620020517,'CHEM3617'),(620020517,'BIOC1448'),(620020517,'CHEM3888');
INSERT INTO Users VALUES (620020518,'Bryan','Tallent','BryanTallent@gmail.com','TallentBryan');
INSERT INTO Students VALUES (620020518,'UNDERGRAD','01-01-2020');
INSERT INTO Enrolled (u_id,courseCode) VALUES (620020518,'COMP1357'),(620020518,'ECON1498'),(620020518,'ECON3063'),(620020518,'ECON3276'),(620020518,'COMP1573');
INSERT INTO Users VALUES (620020519,'Roberta','Burch','RobertaBurch@gmail.com','BurchRoberta');
INSERT INTO Students VALUES (620020519,'UNDERGRAD','01-01-2020');
INSERT INTO Enrolled (u_id,courseCode) VALUES (620020519,'COMP3849'),(620020519,'ECON1645'),(620020519,'INFO2716'),(620020519,'MATH1638'),(620020519,'ECON1170'),(620020519,'INFO2950');
INSERT INTO Users VALUES (620020520,'Cherise','Wilbanks','CheriseWilbanks@gmail.com','WilbanksCherise');
INSERT INTO Students VALUES (620020520,'UNDERGRAD','01-01-2020');
INSERT INTO Enrolled (u_id,courseCode) VALUES (620020520,'COMP3685'),(620020520,'COMP2965'),(620020520,'MATH2550');
INSERT INTO Users VALUES (620020521,'Dean','Sharp','DeanSharp@gmail.com','SharpDean');
INSERT INTO Students VALUES (620020521,'UNDERGRAD','01-01-2020');
INSERT INTO Enrolled (u_id,courseCode) VALUES (620020521,'PHYS2229'),(620020521,'MATH3173'),(620020521,'MATH3844'),(620020521,'BIOC1534'),(620020521,'PHYS3686');
INSERT INTO Users VALUES (620020522,'Rhonda','Wood','RhondaWood@gmail.com','WoodRhonda');
INSERT INTO Students VALUES (620020522,'UNDERGRAD','01-01-2020');
INSERT INTO Enrolled (u_id,courseCode) VALUES (620020522,'BIOC3457'),(620020522,'MATH3059'),(620020522,'BIOC2983'),(620020522,'INFO3636'),(620020522,'MATH2801'),(620020522,'COMP3418');
INSERT INTO Users VALUES (620020523,'Judith','Williamson','JudithWilliamson@gmail.com','WilliamsonJudith');
INSERT INTO Students VALUES (620020523,'UNDERGRAD','01-01-2020');
INSERT INTO Enrolled (u_id,courseCode) VALUES (620020523,'COMP2965'),(620020523,'BIOC1986'),(620020523,'INFO1014'),(620020523,'CHEM3888'),(620020523,'MATH2188');
INSERT INTO Users VALUES (620020524,'Roberto','Koehn','RobertoKoehn@gmail.com','KoehnRoberto');
INSERT INTO Students VALUES (620020524,'UNDERGRAD','01-01-2020');
INSERT INTO Enrolled (u_id,courseCode) VALUES (620020524,'CHEM2604'),(620020524,'COMP1867'),(620020524,'ECON3063');
INSERT INTO Users VALUES (620020525,'Susan','Hauser','SusanHauser@gmail.com','HauserSusan');
INSERT INTO Students VALUES (620020525,'UNDERGRAD','01-01-2020');
INSERT INTO Enrolled (u_id,courseCode) VALUES (620020525,'MATH1638'),(620020525,'PHYS2563'),(620020525,'COMP2361');
INSERT INTO Users VALUES (620020526,'Jamison','Russ','JamisonRuss@gmail.com','RussJamison');
INSERT INTO Students VALUES (620020526,'UNDERGRAD','01-01-2020');
INSERT INTO Enrolled (u_id,courseCode) VALUES (620020526,'ECON3311'),(620020526,'PHYS3339'),(620020526,'PHYS2229'),(620020526,'INFO2811'),(620020526,'INFO3603'),(620020526,'CHEM3327');
INSERT INTO Users VALUES (620020527,'Curtis','Parker','CurtisParker@gmail.com','ParkerCurtis');
INSERT INTO Students VALUES (620020527,'UNDERGRAD','01-01-2020');
INSERT INTO Enrolled (u_id,courseCode) VALUES (620020527,'INFO1648'),(620020527,'ECON1230'),(620020527,'MATH3613'),(620020527,'CHEM2481'),(620020527,'BIOC3191');
INSERT INTO Users VALUES (620020528,'Betsy','Hodge','BetsyHodge@gmail.com','HodgeBetsy');
INSERT INTO Students VALUES (620020528,'UNDERGRAD','01-01-2020');
INSERT INTO Enrolled (u_id,courseCode) VALUES (620020528,'MATH2873'),(620020528,'INFO1825'),(620020528,'BIOC1910'),(620020528,'COMP2717');
INSERT INTO Users VALUES (620020529,'Sara','Pearson','SaraPearson@gmail.com','PearsonSara');
INSERT INTO Students VALUES (620020529,'UNDERGRAD','01-01-2020');
INSERT INTO Enrolled (u_id,courseCode) VALUES (620020529,'COMP1184'),(620020529,'CHEM2066'),(620020529,'MATH1454'),(620020529,'COMP1357'),(620020529,'ECON3737'),(620020529,'BIOC3230');
INSERT INTO Users VALUES (620020530,'Alfred','Ebbs','AlfredEbbs@gmail.com','EbbsAlfred');
INSERT INTO Students VALUES (620020530,'UNDERGRAD','01-01-2020');
INSERT INTO Enrolled (u_id,courseCode) VALUES (620020530,'CHEM3054'),(620020530,'BIOC1052'),(620020530,'CHEM2220'),(620020530,'INFO2797'),(620020530,'INFO1648');
INSERT INTO Users VALUES (620020531,'Shonda','Cummins','ShondaCummins@gmail.com','CumminsShonda');
INSERT INTO Students VALUES (620020531,'UNDERGRAD','01-01-2020');
INSERT INTO Enrolled (u_id,courseCode) VALUES (620020531,'BIOC3191'),(620020531,'PHYS3729'),(620020531,'MATH2873'),(620020531,'PHYS3052');
INSERT INTO Users VALUES (620020532,'Cherise','Lemieux','CheriseLemieux@gmail.com','LemieuxCherise');
INSERT INTO Students VALUES (620020532,'UNDERGRAD','01-01-2020');
INSERT INTO Enrolled (u_id,courseCode) VALUES (620020532,'BIOC1910'),(620020532,'BIOC1534'),(620020532,'MATH3613'),(620020532,'BIOC1052');
INSERT INTO Users VALUES (620020533,'Dominique','Christinsen','DominiqueChristinsen@gmail.com','ChristinsenDominique');
INSERT INTO Students VALUES (620020533,'UNDERGRAD','01-01-2020');
INSERT INTO Enrolled (u_id,courseCode) VALUES (620020533,'CHEM3614'),(620020533,'CHEM3747'),(620020533,'CHEM1807'),(620020533,'MATH1735'),(620020533,'MATH3688');
INSERT INTO Users VALUES (620020534,'Rick','Steinberger','RickSteinberger@gmail.com','SteinbergerRick');
INSERT INTO Students VALUES (620020534,'UNDERGRAD','01-01-2020');
INSERT INTO Enrolled (u_id,courseCode) VALUES (620020534,'BIOC1794'),(620020534,'CHEM2481'),(620020534,'INFO2270'),(620020534,'BIOC1439');
INSERT INTO Users VALUES (620020535,'Roberto','Cummings','RobertoCummings@gmail.com','CummingsRoberto');
INSERT INTO Students VALUES (620020535,'UNDERGRAD','01-01-2020');
INSERT INTO Enrolled (u_id,courseCode) VALUES (620020535,'PHYS1399'),(620020535,'BIOC2983'),(620020535,'MATH2555'),(620020535,'INFO1288'),(620020535,'CHEM1340'),(620020535,'BIOC3604');
INSERT INTO Users VALUES (620020536,'Matthew','Lamar','MatthewLamar@gmail.com','LamarMatthew');
INSERT INTO Students VALUES (620020536,'UNDERGRAD','01-01-2020');
INSERT INTO Enrolled (u_id,courseCode) VALUES (620020536,'MATH1250'),(620020536,'ECON1458'),(620020536,'MATH2501');
INSERT INTO Users VALUES (620020537,'Juan','Miraglia','JuanMiraglia@gmail.com','MiragliaJuan');
INSERT INTO Students VALUES (620020537,'UNDERGRAD','01-01-2020');
INSERT INTO Enrolled (u_id,courseCode) VALUES (620020537,'COMP3506'),(620020537,'BIOC1910'),(620020537,'INFO3868'),(620020537,'CHEM3054'),(620020537,'BIOC1485');
INSERT INTO Users VALUES (620020538,'Brian','Mauk','BrianMauk@gmail.com','MaukBrian');
INSERT INTO Students VALUES (620020538,'UNDERGRAD','01-01-2020');
INSERT INTO Enrolled (u_id,courseCode) VALUES (620020538,'COMP2717'),(620020538,'COMP1357'),(620020538,'CHEM2797'),(620020538,'ECON1645'),(620020538,'ECON2703');
INSERT INTO Users VALUES (620020539,'Amee','Sharp','AmeeSharp@gmail.com','SharpAmee');
INSERT INTO Students VALUES (620020539,'UNDERGRAD','01-01-2020');
INSERT INTO Enrolled (u_id,courseCode) VALUES (620020539,'CHEM2065'),(620020539,'PHYS1979'),(620020539,'COMP3697'),(620020539,'ECON1012');
INSERT INTO Users VALUES (620020540,'Jeanna','Mcclanahan','JeannaMcclanahan@gmail.com','McclanahanJeanna');
INSERT INTO Students VALUES (620020540,'UNDERGRAD','01-01-2020');
INSERT INTO Enrolled (u_id,courseCode) VALUES (620020540,'PHYS3052'),(620020540,'ECON1458'),(620020540,'PHYS1993'),(620020540,'CHEM1494'),(620020540,'INFO2716'),(620020540,'BIOC1439');
INSERT INTO Users VALUES (620020541,'Ralph','Wolfe','RalphWolfe@gmail.com','WolfeRalph');
INSERT INTO Students VALUES (620020541,'UNDERGRAD','01-01-2020');
INSERT INTO Enrolled (u_id,courseCode) VALUES (620020541,'CHEM2005'),(620020541,'PHYS3464'),(620020541,'BIOC2671'),(620020541,'ECON1645'),(620020541,'INFO2270');
INSERT INTO Users VALUES (620020542,'Marcus','Garcia','MarcusGarcia@gmail.com','GarciaMarcus');
INSERT INTO Students VALUES (620020542,'UNDERGRAD','01-01-2020');
INSERT INTO Enrolled (u_id,courseCode) VALUES (620020542,'INFO3636'),(620020542,'PHYS1979'),(620020542,'BIOC1448'),(620020542,'PHYS2117'),(620020542,'CHEM3617'),(620020542,'COMP3238');
INSERT INTO Users VALUES (620020543,'John','Gillman','JohnGillman@gmail.com','GillmanJohn');
INSERT INTO Students VALUES (620020543,'UNDERGRAD','01-01-2020');
INSERT INTO Enrolled (u_id,courseCode) VALUES (620020543,'CHEM1613'),(620020543,'COMP1357'),(620020543,'BIOC1910'),(620020543,'COMP3506'),(620020543,'BIOC2983');
INSERT INTO Users VALUES (620020544,'Stephanie','Carlyle','StephanieCarlyle@gmail.com','CarlyleStephanie');
INSERT INTO Students VALUES (620020544,'UNDERGRAD','01-01-2020');
INSERT INTO Enrolled (u_id,courseCode) VALUES (620020544,'MATH2067'),(620020544,'CHEM3347'),(620020544,'CHEM2446'),(620020544,'CHEM2867'),(620020544,'CHEM3617'),(620020544,'MATH2801');
INSERT INTO Users VALUES (620020545,'Larry','Hernandez','LarryHernandez@gmail.com','HernandezLarry');
INSERT INTO Students VALUES (620020545,'UNDERGRAD','01-01-2020');
INSERT INTO Enrolled (u_id,courseCode) VALUES (620020545,'CHEM2031'),(620020545,'ECON1561'),(620020545,'MATH2801'),(620020545,'PHYS3354'),(620020545,'CHEM3327'),(620020545,'ECON3737');
INSERT INTO Users VALUES (620020546,'Caroline','Eaton','CarolineEaton@gmail.com','EatonCaroline');
INSERT INTO Students VALUES (620020546,'UNDERGRAD','01-01-2020');
INSERT INTO Enrolled (u_id,courseCode) VALUES (620020546,'ECON2722'),(620020546,'BIOC2671'),(620020546,'COMP2965'),(620020546,'PHYS2667'),(620020546,'COMP2541');
INSERT INTO Users VALUES (620020547,'Nancy','Mance','NancyMance@gmail.com','ManceNancy');
INSERT INTO Students VALUES (620020547,'UNDERGRAD','01-01-2020');
INSERT INTO Enrolled (u_id,courseCode) VALUES (620020547,'MATH1250'),(620020547,'MATH2801'),(620020547,'ECON3311'),(620020547,'PHYS3290'),(620020547,'CHEM2005');
INSERT INTO Users VALUES (620020548,'Bryan','Scales','BryanScales@gmail.com','ScalesBryan');
INSERT INTO Students VALUES (620020548,'UNDERGRAD','01-01-2020');
INSERT INTO Enrolled (u_id,courseCode) VALUES (620020548,'PHYS2113'),(620020548,'CHEM2065'),(620020548,'ECON2387'),(620020548,'MATH3179'),(620020548,'INFO1825');
INSERT INTO Users VALUES (620020549,'Rene','Maze','ReneMaze@gmail.com','MazeRene');
INSERT INTO Students VALUES (620020549,'UNDERGRAD','01-01-2020');
INSERT INTO Enrolled (u_id,courseCode) VALUES (620020549,'CHEM2220'),(620020549,'COMP2077'),(620020549,'BIOC1439');
INSERT INTO Users VALUES (620020550,'Dwayne','Mccarthy','DwayneMccarthy@gmail.com','MccarthyDwayne');
INSERT INTO Students VALUES (620020550,'UNDERGRAD','01-01-2020');
INSERT INTO Enrolled (u_id,courseCode) VALUES (620020550,'BIOC1986'),(620020550,'MATH2555'),(620020550,'COMP2080'),(620020550,'INFO2813');
INSERT INTO Users VALUES (620020551,'Dwayne','Kent','DwayneKent@gmail.com','KentDwayne');
INSERT INTO Students VALUES (620020551,'UNDERGRAD','01-01-2020');
INSERT INTO Enrolled (u_id,courseCode) VALUES (620020551,'INFO3645'),(620020551,'MATH2188'),(620020551,'COMP2965'),(620020551,'BIOC3191'),(620020551,'MATH3059');
INSERT INTO Users VALUES (620020552,'Willard','Burch','WillardBurch@gmail.com','BurchWillard');
INSERT INTO Students VALUES (620020552,'UNDERGRAD','01-01-2020');
INSERT INTO Enrolled (u_id,courseCode) VALUES (620020552,'MATH3173'),(620020552,'CHEM3888'),(620020552,'COMP3849'),(620020552,'MATH2801'),(620020552,'MATH1454');
INSERT INTO Users VALUES (620020553,'Thomas','Butler','ThomasButler@gmail.com','ButlerThomas');
INSERT INTO Students VALUES (620020553,'UNDERGRAD','01-01-2020');
INSERT INTO Enrolled (u_id,courseCode) VALUES (620020553,'BIOC2550'),(620020553,'BIOC3230'),(620020553,'ECON1561');
INSERT INTO Users VALUES (620020554,'Richard','Miles','RichardMiles@gmail.com','MilesRichard');
INSERT INTO Students VALUES (620020554,'UNDERGRAD','01-01-2020');
INSERT INTO Enrolled (u_id,courseCode) VALUES (620020554,'ECON3085'),(620020554,'PHYS3876'),(620020554,'INFO1242'),(620020554,'PHYS1979');
INSERT INTO Users VALUES (620020555,'Joy','Robertson','JoyRobertson@gmail.com','RobertsonJoy');
INSERT INTO Students VALUES (620020555,'UNDERGRAD','01-01-2020');
INSERT INTO Enrolled (u_id,courseCode) VALUES (620020555,'CHEM2220'),(620020555,'BIOC1725'),(620020555,'PHYS3729'),(620020555,'BIOC1866'),(620020555,'INFO2270'),(620020555,'PHYS1140');
INSERT INTO Users VALUES (620020556,'Milton','Ott','MiltonOtt@gmail.com','OttMilton');
INSERT INTO Students VALUES (620020556,'UNDERGRAD','01-01-2020');
INSERT INTO Enrolled (u_id,courseCode) VALUES (620020556,'CHEM1494'),(620020556,'INFO3645'),(620020556,'MATH3688'),(620020556,'ECON1458'),(620020556,'BIOC1598');
INSERT INTO Users VALUES (620020557,'Traci','Miraglia','TraciMiraglia@gmail.com','MiragliaTraci');
INSERT INTO Students VALUES (620020557,'UNDERGRAD','01-01-2020');
INSERT INTO Enrolled (u_id,courseCode) VALUES (620020557,'MATH3179'),(620020557,'CHEM3347'),(620020557,'PHYS1979');
INSERT INTO Users VALUES (620020558,'Keith','Rios','KeithRios@gmail.com','RiosKeith');
INSERT INTO Students VALUES (620020558,'UNDERGRAD','01-01-2020');
INSERT INTO Enrolled (u_id,courseCode) VALUES (620020558,'CHEM1340'),(620020558,'PHYS2451'),(620020558,'MATH1454'),(620020558,'COMP2965'),(620020558,'MATH1578'),(620020558,'BIOC1485');
INSERT INTO Users VALUES (620020559,'Evelyn','Allen','EvelynAllen@gmail.com','AllenEvelyn');
INSERT INTO Students VALUES (620020559,'UNDERGRAD','01-01-2020');
INSERT INTO Enrolled (u_id,courseCode) VALUES (620020559,'PHYS2977'),(620020559,'INFO2337'),(620020559,'CHEM3614'),(620020559,'MATH1638'),(620020559,'ECON1996'),(620020559,'CHEM2220');
INSERT INTO Users VALUES (620020560,'Scott','Calder','ScottCalder@gmail.com','CalderScott');
INSERT INTO Students VALUES (620020560,'UNDERGRAD','01-01-2020');
INSERT INTO Enrolled (u_id,courseCode) VALUES (620020560,'COMP3685'),(620020560,'ECON3228'),(620020560,'COMP2077');
INSERT INTO Users VALUES (620020561,'Howard','Noggle','HowardNoggle@gmail.com','NoggleHoward');
INSERT INTO Students VALUES (620020561,'UNDERGRAD','01-01-2020');
INSERT INTO Enrolled (u_id,courseCode) VALUES (620020561,'COMP3849'),(620020561,'BIOC2983'),(620020561,'ECON1012'),(620020561,'BIOC1866'),(620020561,'CHEM1340'),(620020561,'COMP2965');
INSERT INTO Users VALUES (620020562,'Greg','Tate','GregTate@gmail.com','TateGreg');
INSERT INTO Students VALUES (620020562,'UNDERGRAD','01-01-2020');
INSERT INTO Enrolled (u_id,courseCode) VALUES (620020562,'ECON1783'),(620020562,'MATH3179'),(620020562,'PHYS3290'),(620020562,'ECON1170'),(620020562,'BIOC1052'),(620020562,'ECON3447');
INSERT INTO Users VALUES (620020563,'Adelle','Hunt','AdelleHunt@gmail.com','HuntAdelle');
INSERT INTO Students VALUES (620020563,'UNDERGRAD','01-01-2020');
INSERT INTO Enrolled (u_id,courseCode) VALUES (620020563,'INFO1145'),(620020563,'CHEM2797'),(620020563,'CHEM2220'),(620020563,'CHEM2005'),(620020563,'BIOC3457'),(620020563,'COMP2400');
INSERT INTO Users VALUES (620020564,'Kathleen','Robles','KathleenRobles@gmail.com','RoblesKathleen');
INSERT INTO Students VALUES (620020564,'UNDERGRAD','01-01-2020');
INSERT INTO Enrolled (u_id,courseCode) VALUES (620020564,'MATH1735'),(620020564,'PHYS2667'),(620020564,'INFO3645'),(620020564,'COMP2361'),(620020564,'BIOC2054'),(620020564,'MATH1454');
INSERT INTO Users VALUES (620020565,'Marcus','Nunn','MarcusNunn@gmail.com','NunnMarcus');
INSERT INTO Students VALUES (620020565,'UNDERGRAD','01-01-2020');
INSERT INTO Enrolled (u_id,courseCode) VALUES (620020565,'BIOC1866'),(620020565,'PHYS3686'),(620020565,'BIOC2236');
INSERT INTO Users VALUES (620020566,'Scott','Truong','ScottTruong@gmail.com','TruongScott');
INSERT INTO Students VALUES (620020566,'UNDERGRAD','01-01-2020');
INSERT INTO Enrolled (u_id,courseCode) VALUES (620020566,'INFO2337'),(620020566,'PHYS3729'),(620020566,'CHEM1613'),(620020566,'CHEM1340'),(620020566,'BIOC2236');
INSERT INTO Users VALUES (620020567,'Terri','Howe','TerriHowe@gmail.com','HoweTerri');
INSERT INTO Students VALUES (620020567,'UNDERGRAD','01-01-2020');
INSERT INTO Enrolled (u_id,courseCode) VALUES (620020567,'PHYS1930'),(620020567,'PHYS3052'),(620020567,'INFO3645'),(620020567,'BIOC2983'),(620020567,'MATH1972'),(620020567,'PHYS2117');
INSERT INTO Users VALUES (620020568,'Trina','Barrett','TrinaBarrett@gmail.com','BarrettTrina');
INSERT INTO Students VALUES (620020568,'UNDERGRAD','01-01-2020');
INSERT INTO Enrolled (u_id,courseCode) VALUES (620020568,'PHYS3876'),(620020568,'MATH2067'),(620020568,'CHEM2481'),(620020568,'MATH1578');
INSERT INTO Users VALUES (620020569,'William','Kimbrell','WilliamKimbrell@gmail.com','KimbrellWilliam');
INSERT INTO Students VALUES (620020569,'UNDERGRAD','01-01-2020');
INSERT INTO Enrolled (u_id,courseCode) VALUES (620020569,'BIOC3604'),(620020569,'PHYS2977'),(620020569,'PHYS3659');
INSERT INTO Users VALUES (620020570,'Frankie','Jones','FrankieJones@gmail.com','JonesFrankie');
INSERT INTO Students VALUES (620020570,'UNDERGRAD','01-01-2020');
INSERT INTO Enrolled (u_id,courseCode) VALUES (620020570,'BIOC3341'),(620020570,'ECON1589'),(620020570,'MATH1735'),(620020570,'ECON2703'),(620020570,'COMP3536'),(620020570,'BIOC2589');
INSERT INTO Users VALUES (620020571,'Walter','Shields','WalterShields@gmail.com','ShieldsWalter');
INSERT INTO Students VALUES (620020571,'UNDERGRAD','01-01-2020');
INSERT INTO Enrolled (u_id,courseCode) VALUES (620020571,'PHYS2667'),(620020571,'INFO3868'),(620020571,'ECON1645'),(620020571,'CHEM3614');
INSERT INTO Users VALUES (620020572,'Daniel','Mertens','DanielMertens@gmail.com','MertensDaniel');
INSERT INTO Students VALUES (620020572,'UNDERGRAD','01-01-2020');
INSERT INTO Enrolled (u_id,courseCode) VALUES (620020572,'PHYS1979'),(620020572,'CHEM3888'),(620020572,'BIOC1910'),(620020572,'ECON1645');
INSERT INTO Users VALUES (620020573,'Laila','Smith','LailaSmith@gmail.com','SmithLaila');
INSERT INTO Students VALUES (620020573,'UNDERGRAD','01-01-2020');
INSERT INTO Enrolled (u_id,courseCode) VALUES (620020573,'COMP3685'),(620020573,'CHEM3888'),(620020573,'INFO1145'),(620020573,'BIOC1448'),(620020573,'MATH3688'),(620020573,'INFO3603');
INSERT INTO Users VALUES (620020574,'Angie','Thompson','AngieThompson@gmail.com','ThompsonAngie');
INSERT INTO Students VALUES (620020574,'UNDERGRAD','01-01-2020');
INSERT INTO Enrolled (u_id,courseCode) VALUES (620020574,'INFO2811'),(620020574,'MATH1454'),(620020574,'CHEM3747'),(620020574,'PHYS3290'),(620020574,'COMP2965');
INSERT INTO Users VALUES (620020575,'Evelyn','Jesse','EvelynJesse@gmail.com','JesseEvelyn');
INSERT INTO Students VALUES (620020575,'UNDERGRAD','01-01-2020');
INSERT INTO Enrolled (u_id,courseCode) VALUES (620020575,'COMP3506'),(620020575,'CHEM1340'),(620020575,'CHEM2220');
INSERT INTO Users VALUES (620020576,'Cliff','Hunter','CliffHunter@gmail.com','HunterCliff');
INSERT INTO Students VALUES (620020576,'UNDERGRAD','01-01-2020');
INSERT INTO Enrolled (u_id,courseCode) VALUES (620020576,'COMP3849'),(620020576,'ECON1589'),(620020576,'CHEM2177'),(620020576,'ECON1645'),(620020576,'PHYS2448');
INSERT INTO Users VALUES (620020577,'Sergio','Henderson','SergioHenderson@gmail.com','HendersonSergio');
INSERT INTO Students VALUES (620020577,'UNDERGRAD','01-01-2020');
INSERT INTO Enrolled (u_id,courseCode) VALUES (620020577,'INFO1825'),(620020577,'ECON1012'),(620020577,'COMP1867'),(620020577,'MATH3029'),(620020577,'MATH1148'),(620020577,'MATH1250');
INSERT INTO Users VALUES (620020578,'Colin','Boyer','ColinBoyer@gmail.com','BoyerColin');
INSERT INTO Students VALUES (620020578,'UNDERGRAD','01-01-2020');
INSERT INTO Enrolled (u_id,courseCode) VALUES (620020578,'CHEM2867'),(620020578,'BIOC2550'),(620020578,'MATH1148');
INSERT INTO Users VALUES (620020579,'Georgie','Lavoy','GeorgieLavoy@gmail.com','LavoyGeorgie');
INSERT INTO Students VALUES (620020579,'UNDERGRAD','01-01-2020');
INSERT INTO Enrolled (u_id,courseCode) VALUES (620020579,'BIOC2671'),(620020579,'COMP3849'),(620020579,'MATH3222'),(620020579,'COMP3084');
INSERT INTO Users VALUES (620020580,'Linda','Myrick','LindaMyrick@gmail.com','MyrickLinda');
INSERT INTO Students VALUES (620020580,'UNDERGRAD','01-01-2020');
INSERT INTO Enrolled (u_id,courseCode) VALUES (620020580,'PHYS3052'),(620020580,'COMP3849'),(620020580,'ECON3020'),(620020580,'ECON3004'),(620020580,'BIOC3721');
INSERT INTO Users VALUES (620020581,'Bethany','Mitchell','BethanyMitchell@gmail.com','MitchellBethany');
INSERT INTO Students VALUES (620020581,'UNDERGRAD','01-01-2020');
INSERT INTO Enrolled (u_id,courseCode) VALUES (620020581,'COMP3536'),(620020581,'BIOC1485'),(620020581,'COMP3697');
INSERT INTO Users VALUES (620020582,'Clifford','Madsen','CliffordMadsen@gmail.com','MadsenClifford');
INSERT INTO Students VALUES (620020582,'UNDERGRAD','01-01-2020');
INSERT INTO Enrolled (u_id,courseCode) VALUES (620020582,'ECON3447'),(620020582,'PHYS1930'),(620020582,'COMP3746'),(620020582,'INFO2797'),(620020582,'BIOC1986');
INSERT INTO Users VALUES (620020583,'Mary','Cash','MaryCash@gmail.com','CashMary');
INSERT INTO Students VALUES (620020583,'UNDERGRAD','01-01-2020');
INSERT INTO Enrolled (u_id,courseCode) VALUES (620020583,'ECON1498'),(620020583,'PHYS3876'),(620020583,'CHEM3888');
INSERT INTO Users VALUES (620020584,'Francis','Heckstall','FrancisHeckstall@gmail.com','HeckstallFrancis');
INSERT INTO Students VALUES (620020584,'UNDERGRAD','01-01-2020');
INSERT INTO Enrolled (u_id,courseCode) VALUES (620020584,'INFO1014'),(620020584,'COMP2541'),(620020584,'ECON1645');
INSERT INTO Users VALUES (620020585,'Colin','Withrow','ColinWithrow@gmail.com','WithrowColin');
INSERT INTO Students VALUES (620020585,'UNDERGRAD','01-01-2020');
INSERT INTO Enrolled (u_id,courseCode) VALUES (620020585,'ECON1498'),(620020585,'PHYS2306'),(620020585,'CHEM2031'),(620020585,'CHEM2177'),(620020585,'PHYS2667'),(620020585,'COMP3084');
INSERT INTO Users VALUES (620020586,'Josh','Barrett','JoshBarrett@gmail.com','BarrettJosh');
INSERT INTO Students VALUES (620020586,'UNDERGRAD','01-01-2020');
INSERT INTO Enrolled (u_id,courseCode) VALUES (620020586,'PHYS2451'),(620020586,'ECON3311'),(620020586,'CHEM1807'),(620020586,'COMP2077'),(620020586,'CHEM3888');
INSERT INTO Users VALUES (620020587,'Luella','Cash','LuellaCash@gmail.com','CashLuella');
INSERT INTO Students VALUES (620020587,'UNDERGRAD','01-01-2020');
INSERT INTO Enrolled (u_id,courseCode) VALUES (620020587,'INFO2813'),(620020587,'BIOC1910'),(620020587,'MATH1309'),(620020587,'ECON1561');
INSERT INTO Users VALUES (620020588,'Sharon','Alexander','SharonAlexander@gmail.com','AlexanderSharon');
INSERT INTO Students VALUES (620020588,'UNDERGRAD','01-01-2020');
INSERT INTO Enrolled (u_id,courseCode) VALUES (620020588,'CHEM2604'),(620020588,'PHYS2229'),(620020588,'CHEM3347'),(620020588,'COMP1460'),(620020588,'INFO2950');
INSERT INTO Users VALUES (620020589,'Jose','Letchworth','JoseLetchworth@gmail.com','LetchworthJose');
INSERT INTO Students VALUES (620020589,'UNDERGRAD','01-01-2020');
INSERT INTO Enrolled (u_id,courseCode) VALUES (620020589,'PHYS3052'),(620020589,'PHYS3729'),(620020589,'BIOC1794'),(620020589,'MATH3857'),(620020589,'INFO1648');
INSERT INTO Users VALUES (620020590,'Ruth','Calloway','RuthCalloway@gmail.com','CallowayRuth');
INSERT INTO Students VALUES (620020590,'UNDERGRAD','01-01-2020');
INSERT INTO Enrolled (u_id,courseCode) VALUES (620020590,'MATH3059'),(620020590,'INFO2337'),(620020590,'COMP2361'),(620020590,'MATH1578'),(620020590,'ECON3004');
INSERT INTO Users VALUES (620020591,'Mildred','Rivera','MildredRivera@gmail.com','RiveraMildred');
INSERT INTO Students VALUES (620020591,'UNDERGRAD','01-01-2020');
INSERT INTO Enrolled (u_id,courseCode) VALUES (620020591,'MATH1972'),(620020591,'MATH1638'),(620020591,'INFO2860');
INSERT INTO Users VALUES (620020592,'Blake','Horth','BlakeHorth@gmail.com','HorthBlake');
INSERT INTO Students VALUES (620020592,'UNDERGRAD','01-01-2020');
INSERT INTO Enrolled (u_id,courseCode) VALUES (620020592,'ECON1561'),(620020592,'ECON1230'),(620020592,'PHYS2306'),(620020592,'BIOC1439'),(620020592,'BIOC1744'),(620020592,'COMP3173');
INSERT INTO Users VALUES (620020593,'Shannon','Moldrem','ShannonMoldrem@gmail.com','MoldremShannon');
INSERT INTO Students VALUES (620020593,'UNDERGRAD','01-01-2020');
INSERT INTO Enrolled (u_id,courseCode) VALUES (620020593,'PHYS2563'),(620020593,'COMP2717'),(620020593,'CHEM3327'),(620020593,'INFO2813'),(620020593,'CHEM2626');
INSERT INTO Users VALUES (620020594,'Madaline','Cash','MadalineCash@gmail.com','CashMadaline');
INSERT INTO Students VALUES (620020594,'UNDERGRAD','01-01-2020');
INSERT INTO Enrolled (u_id,courseCode) VALUES (620020594,'BIOC3230'),(620020594,'MATH3544'),(620020594,'INFO1242'),(620020594,'MATH1454'),(620020594,'INFO2950');
INSERT INTO Users VALUES (620020595,'Frances','Briggs','FrancesBriggs@gmail.com','BriggsFrances');
INSERT INTO Students VALUES (620020595,'UNDERGRAD','01-01-2020');
INSERT INTO Enrolled (u_id,courseCode) VALUES (620020595,'MATH3179'),(620020595,'MATH2550'),(620020595,'ECON3288');
INSERT INTO Users VALUES (620020596,'Shane','Sullivan','ShaneSullivan@gmail.com','SullivanShane');
INSERT INTO Students VALUES (620020596,'UNDERGRAD','01-01-2020');
INSERT INTO Enrolled (u_id,courseCode) VALUES (620020596,'COMP3506'),(620020596,'CHEM3793'),(620020596,'COMP3746'),(620020596,'CHEM2481'),(620020596,'ECON3311');
INSERT INTO Users VALUES (620020597,'Thomas','Diggs','ThomasDiggs@gmail.com','DiggsThomas');
INSERT INTO Students VALUES (620020597,'UNDERGRAD','01-01-2020');
INSERT INTO Enrolled (u_id,courseCode) VALUES (620020597,'PHYS3659'),(620020597,'BIOC3230'),(620020597,'ECON1783'),(620020597,'MATH2801'),(620020597,'INFO2860');
INSERT INTO Users VALUES (620020598,'Christopher','Souza','ChristopherSouza@gmail.com','SouzaChristopher');
INSERT INTO Students VALUES (620020598,'UNDERGRAD','01-01-2020');
INSERT INTO Enrolled (u_id,courseCode) VALUES (620020598,'MATH3688'),(620020598,'BIOC3191'),(620020598,'PHYS1173'),(620020598,'COMP3167'),(620020598,'BIOC2983');
INSERT INTO Users VALUES (620020599,'Magdalen','Burch','MagdalenBurch@gmail.com','BurchMagdalen');
INSERT INTO Students VALUES (620020599,'UNDERGRAD','01-01-2020');
INSERT INTO Enrolled (u_id,courseCode) VALUES (620020599,'BIOC1725'),(620020599,'ECON3523'),(620020599,'PHYS2113');
INSERT INTO Users VALUES (620020600,'Sara','Colley','SaraColley@gmail.com','ColleySara');
INSERT INTO Students VALUES (620020600,'UNDERGRAD','01-01-2020');
INSERT INTO Enrolled (u_id,courseCode) VALUES (620020600,'COMP2965'),(620020600,'CHEM3054'),(620020600,'CHEM2867'),(620020600,'MATH1648'),(620020600,'ECON2814'),(620020600,'ECON1098');
INSERT INTO Users VALUES (620020601,'Adelle','Bradford','AdelleBradford@gmail.com','BradfordAdelle');
INSERT INTO Students VALUES (620020601,'UNDERGRAD','01-01-2020');
INSERT INTO Enrolled (u_id,courseCode) VALUES (620020601,'INFO1648'),(620020601,'PHYS3464'),(620020601,'BIOC1448'),(620020601,'PHYS2117'),(620020601,'INFO1014'),(620020601,'MATH2550');
INSERT INTO Users VALUES (620020602,'Isreal','Lindstrom','IsrealLindstrom@gmail.com','LindstromIsreal');
INSERT INTO Students VALUES (620020602,'UNDERGRAD','01-01-2020');
INSERT INTO Enrolled (u_id,courseCode) VALUES (620020602,'BIOC3721'),(620020602,'CHEM2481'),(620020602,'COMP2717'),(620020602,'BIOC1744');
INSERT INTO Users VALUES (620020603,'Kathleen','Hudson','KathleenHudson@gmail.com','HudsonKathleen');
INSERT INTO Students VALUES (620020603,'UNDERGRAD','01-01-2020');
INSERT INTO Enrolled (u_id,courseCode) VALUES (620020603,'PHYS2338'),(620020603,'ECON3288'),(620020603,'CHEM2797');
INSERT INTO Users VALUES (620020604,'Ashleigh','Cochran','AshleighCochran@gmail.com','CochranAshleigh');
INSERT INTO Students VALUES (620020604,'UNDERGRAD','01-01-2020');
INSERT INTO Enrolled (u_id,courseCode) VALUES (620020604,'CHEM3747'),(620020604,'BIOC3721'),(620020604,'COMP1867'),(620020604,'INFO2559');
INSERT INTO Users VALUES (620020605,'Cassie','Martin','CassieMartin@gmail.com','MartinCassie');
INSERT INTO Students VALUES (620020605,'UNDERGRAD','01-01-2020');
INSERT INTO Enrolled (u_id,courseCode) VALUES (620020605,'COMP1543'),(620020605,'MATH3544'),(620020605,'CHEM2005'),(620020605,'PHYS1930');
INSERT INTO Users VALUES (620020606,'Cliff','Hernandez','CliffHernandez@gmail.com','HernandezCliff');
INSERT INTO Students VALUES (620020606,'UNDERGRAD','01-01-2020');
INSERT INTO Enrolled (u_id,courseCode) VALUES (620020606,'MATH3544'),(620020606,'BIOC1725'),(620020606,'INFO1648'),(620020606,'INFO2270');
INSERT INTO Users VALUES (620020607,'Casey','Chan','CaseyChan@gmail.com','ChanCasey');
INSERT INTO Students VALUES (620020607,'UNDERGRAD','01-01-2020');
INSERT INTO Enrolled (u_id,courseCode) VALUES (620020607,'CHEM2031'),(620020607,'INFO1825'),(620020607,'INFO3636'),(620020607,'ECON2703'),(620020607,'MATH3029');
INSERT INTO Users VALUES (620020608,'Joseph','Bourgoin','JosephBourgoin@gmail.com','BourgoinJoseph');
INSERT INTO Students VALUES (620020608,'UNDERGRAD','01-01-2020');
INSERT INTO Enrolled (u_id,courseCode) VALUES (620020608,'ECON3447'),(620020608,'BIOC2983'),(620020608,'ECON3020'),(620020608,'PHYS3339'),(620020608,'MATH3688'),(620020608,'ECON3989');
INSERT INTO Users VALUES (620020609,'Adelle','Diggs','AdelleDiggs@gmail.com','DiggsAdelle');
INSERT INTO Students VALUES (620020609,'UNDERGRAD','01-01-2020');
INSERT INTO Enrolled (u_id,courseCode) VALUES (620020609,'MATH1148'),(620020609,'ECON3281'),(620020609,'PHYS2448');
INSERT INTO Users VALUES (620020610,'Shayne','Citizen','ShayneCitizen@gmail.com','CitizenShayne');
INSERT INTO Students VALUES (620020610,'UNDERGRAD','01-01-2020');
INSERT INTO Enrolled (u_id,courseCode) VALUES (620020610,'MATH3179'),(620020610,'ECON1458'),(620020610,'PHYS2117');
INSERT INTO Users VALUES (620020611,'Julius','Kaupp','JuliusKaupp@gmail.com','KauppJulius');
INSERT INTO Students VALUES (620020611,'UNDERGRAD','01-01-2020');
INSERT INTO Enrolled (u_id,courseCode) VALUES (620020611,'BIOC3191'),(620020611,'INFO1648'),(620020611,'MATH3179');
INSERT INTO Users VALUES (620020612,'Juanita','Griffitts','JuanitaGriffitts@gmail.com','GriffittsJuanita');
INSERT INTO Students VALUES (620020612,'UNDERGRAD','01-01-2020');
INSERT INTO Enrolled (u_id,courseCode) VALUES (620020612,'MATH3613'),(620020612,'CHEM3054'),(620020612,'CHEM2005');
INSERT INTO Users VALUES (620020613,'John','Turkus','JohnTurkus@gmail.com','TurkusJohn');
INSERT INTO Students VALUES (620020613,'UNDERGRAD','01-01-2020');
INSERT INTO Enrolled (u_id,courseCode) VALUES (620020613,'INFO2716'),(620020613,'ECON3228'),(620020613,'COMP2717');
INSERT INTO Users VALUES (620020614,'Patricia','Hanks','PatriciaHanks@gmail.com','HanksPatricia');
INSERT INTO Students VALUES (620020614,'UNDERGRAD','01-01-2020');
INSERT INTO Enrolled (u_id,courseCode) VALUES (620020614,'PHYS2448'),(620020614,'COMP1573'),(620020614,'INFO2270'),(620020614,'COMP1184'),(620020614,'CHEM3617');
INSERT INTO Users VALUES (620020615,'Lisa','Shane','LisaShane@gmail.com','ShaneLisa');
INSERT INTO Students VALUES (620020615,'UNDERGRAD','01-01-2020');
INSERT INTO Enrolled (u_id,courseCode) VALUES (620020615,'PHYS3290'),(620020615,'PHYS2338'),(620020615,'PHYS1173'),(620020615,'BIOC1910'),(620020615,'CHEM1613'),(620020615,'BIOC3604');
INSERT INTO Users VALUES (620020616,'Gary','Wengerd','GaryWengerd@gmail.com','WengerdGary');
INSERT INTO Students VALUES (620020616,'UNDERGRAD','01-01-2020');
INSERT INTO Enrolled (u_id,courseCode) VALUES (620020616,'ECON3447'),(620020616,'CHEM3888'),(620020616,'INFO1648'),(620020616,'MATH3844'),(620020616,'BIOC2236');
INSERT INTO Users VALUES (620020617,'Floyd','Best','FloydBest@gmail.com','BestFloyd');
INSERT INTO Students VALUES (620020617,'UNDERGRAD','01-01-2020');
INSERT INTO Enrolled (u_id,courseCode) VALUES (620020617,'ECON1012'),(620020617,'BIOC2981'),(620020617,'CHEM2066'),(620020617,'COMP2361');
INSERT INTO Users VALUES (620020618,'Jeffrey','Souza','JeffreySouza@gmail.com','SouzaJeffrey');
INSERT INTO Students VALUES (620020618,'UNDERGRAD','01-01-2020');
INSERT INTO Enrolled (u_id,courseCode) VALUES (620020618,'ECON3989'),(620020618,'CHEM2220'),(620020618,'ECON2814'),(620020618,'PHYS2338'),(620020618,'CHEM2065'),(620020618,'BIOC2671');
INSERT INTO Users VALUES (620020619,'Sheila','Alvarez','SheilaAlvarez@gmail.com','AlvarezSheila');
INSERT INTO Students VALUES (620020619,'UNDERGRAD','01-01-2020');
INSERT INTO Enrolled (u_id,courseCode) VALUES (620020619,'PHYS3686'),(620020619,'MATH3179'),(620020619,'BIOC2054');
INSERT INTO Users VALUES (620020620,'Vivian','Walden','VivianWalden@gmail.com','WaldenVivian');
INSERT INTO Students VALUES (620020620,'UNDERGRAD','01-01-2020');
INSERT INTO Enrolled (u_id,courseCode) VALUES (620020620,'INFO1990'),(620020620,'INFO1447'),(620020620,'BIOC1485');
INSERT INTO Users VALUES (620020621,'Derek','Mejias','DerekMejias@gmail.com','MejiasDerek');
INSERT INTO Students VALUES (620020621,'UNDERGRAD','01-01-2020');
INSERT INTO Enrolled (u_id,courseCode) VALUES (620020621,'COMP1573'),(620020621,'INFO2270'),(620020621,'INFO1014'),(620020621,'CHEM3409');
INSERT INTO Users VALUES (620020622,'Warren','Myrick','WarrenMyrick@gmail.com','MyrickWarren');
INSERT INTO Students VALUES (620020622,'UNDERGRAD','01-01-2020');
INSERT INTO Enrolled (u_id,courseCode) VALUES (620020622,'BIOC1794'),(620020622,'COMP3849'),(620020622,'CHEM2697'),(620020622,'MATH2067'),(620020622,'BIOC3457'),(620020622,'PHYS1140');
INSERT INTO Users VALUES (620020623,'Suzanne','Quintero','SuzanneQuintero@gmail.com','QuinteroSuzanne');
INSERT INTO Students VALUES (620020623,'UNDERGRAD','01-01-2020');
INSERT INTO Enrolled (u_id,courseCode) VALUES (620020623,'ECON3228'),(620020623,'MATH2873'),(620020623,'ECON3020');
INSERT INTO Users VALUES (620020624,'Ladawn','Griffin','LadawnGriffin@gmail.com','GriffinLadawn');
INSERT INTO Students VALUES (620020624,'UNDERGRAD','01-01-2020');
INSERT INTO Enrolled (u_id,courseCode) VALUES (620020624,'BIOC2236'),(620020624,'BIOC1534'),(620020624,'COMP3506'),(620020624,'ECON2814');
INSERT INTO Users VALUES (620020625,'Warren','Vineyard','WarrenVineyard@gmail.com','VineyardWarren');
INSERT INTO Students VALUES (620020625,'UNDERGRAD','01-01-2020');
INSERT INTO Enrolled (u_id,courseCode) VALUES (620020625,'MATH2501'),(620020625,'CHEM3617'),(620020625,'ECON1230'),(620020625,'INFO2813'),(620020625,'BIOC3191');
INSERT INTO Users VALUES (620020626,'Deanne','Colley','DeanneColley@gmail.com','ColleyDeanne');
INSERT INTO Students VALUES (620020626,'UNDERGRAD','01-01-2020');
INSERT INTO Enrolled (u_id,courseCode) VALUES (620020626,'BIOC1448'),(620020626,'PHYS1993'),(620020626,'INFO2797'),(620020626,'ECON3276');
INSERT INTO Users VALUES (620020627,'Jake','Oconnell','JakeOconnell@gmail.com','OconnellJake');
INSERT INTO Students VALUES (620020627,'UNDERGRAD','01-01-2020');
INSERT INTO Enrolled (u_id,courseCode) VALUES (620020627,'PHYS3729'),(620020627,'ECON3372'),(620020627,'ECON1098'),(620020627,'INFO1288');
INSERT INTO Users VALUES (620020628,'Dawn','Richardson','DawnRichardson@gmail.com','RichardsonDawn');
INSERT INTO Students VALUES (620020628,'UNDERGRAD','01-01-2020');
INSERT INTO Enrolled (u_id,courseCode) VALUES (620020628,'INFO2716'),(620020628,'INFO2950'),(620020628,'ECON2814'),(620020628,'PHYS2338');
INSERT INTO Users VALUES (620020629,'Kathleen','Gilman','KathleenGilman@gmail.com','GilmanKathleen');
INSERT INTO Students VALUES (620020629,'UNDERGRAD','01-01-2020');
INSERT INTO Enrolled (u_id,courseCode) VALUES (620020629,'MATH2067'),(620020629,'BIOC1794'),(620020629,'ECON3550');
INSERT INTO Users VALUES (620020630,'Sandra','Carlyle','SandraCarlyle@gmail.com','CarlyleSandra');
INSERT INTO Students VALUES (620020630,'UNDERGRAD','01-01-2020');
INSERT INTO Enrolled (u_id,courseCode) VALUES (620020630,'INFO2797'),(620020630,'CHEM2481'),(620020630,'COMP3849'),(620020630,'PHYS1399');
INSERT INTO Users VALUES (620020631,'Delmar','Dohse','DelmarDohse@gmail.com','DohseDelmar');
INSERT INTO Students VALUES (620020631,'UNDERGRAD','01-01-2020');
INSERT INTO Enrolled (u_id,courseCode) VALUES (620020631,'INFO2797'),(620020631,'CHEM2005'),(620020631,'ECON3737'),(620020631,'ECON3523');
INSERT INTO Users VALUES (620020632,'Angela','Cash','AngelaCash@gmail.com','CashAngela');
INSERT INTO Students VALUES (620020632,'UNDERGRAD','01-01-2020');
INSERT INTO Enrolled (u_id,courseCode) VALUES (620020632,'INFO1447'),(620020632,'BIOC2589'),(620020632,'MATH1454'),(620020632,'COMP3418');
INSERT INTO Users VALUES (620020633,'Geraldine','Davis','GeraldineDavis@gmail.com','DavisGeraldine');
INSERT INTO Students VALUES (620020633,'UNDERGRAD','01-01-2020');
INSERT INTO Enrolled (u_id,courseCode) VALUES (620020633,'PHYS3729'),(620020633,'CHEM2626'),(620020633,'INFO1242'),(620020633,'PHYS2306');
INSERT INTO Users VALUES (620020634,'Flora','Dumas','FloraDumas@gmail.com','DumasFlora');
INSERT INTO Students VALUES (620020634,'UNDERGRAD','01-01-2020');
INSERT INTO Enrolled (u_id,courseCode) VALUES (620020634,'INFO2559'),(620020634,'PHYS2338'),(620020634,'INFO2860');
INSERT INTO Users VALUES (620020635,'Leticia','Baptiste','LeticiaBaptiste@gmail.com','BaptisteLeticia');
INSERT INTO Students VALUES (620020635,'UNDERGRAD','01-01-2020');
INSERT INTO Enrolled (u_id,courseCode) VALUES (620020635,'MATH3544'),(620020635,'CHEM2149'),(620020635,'PHYS1979'),(620020635,'INFO1648'),(620020635,'PHYS2113'),(620020635,'BIOC1910');
INSERT INTO Users VALUES (620020636,'Steven','Alvarez','StevenAlvarez@gmail.com','AlvarezSteven');
INSERT INTO Students VALUES (620020636,'UNDERGRAD','01-01-2020');
INSERT INTO Enrolled (u_id,courseCode) VALUES (620020636,'PHYS3464'),(620020636,'ECON3737'),(620020636,'INFO3645'),(620020636,'BIOC2550');
INSERT INTO Users VALUES (620020637,'Philip','Merna','PhilipMerna@gmail.com','MernaPhilip');
INSERT INTO Students VALUES (620020637,'UNDERGRAD','01-01-2020');
INSERT INTO Enrolled (u_id,courseCode) VALUES (620020637,'COMP3418'),(620020637,'INFO3868'),(620020637,'MATH1148'),(620020637,'ECON3550'),(620020637,'MATH1735');
INSERT INTO Users VALUES (620020638,'Juanita','Carrington','JuanitaCarrington@gmail.com','CarringtonJuanita');
INSERT INTO Students VALUES (620020638,'UNDERGRAD','01-01-2020');
INSERT INTO Enrolled (u_id,courseCode) VALUES (620020638,'COMP1051'),(620020638,'PHYS3290'),(620020638,'MATH1148');
INSERT INTO Users VALUES (620020639,'Janet','Vanwyck','JanetVanwyck@gmail.com','VanwyckJanet');
INSERT INTO Students VALUES (620020639,'UNDERGRAD','01-01-2020');
INSERT INTO Enrolled (u_id,courseCode) VALUES (620020639,'PHYS2306'),(620020639,'CHEM2149'),(620020639,'BIOC1744');
INSERT INTO Users VALUES (620020640,'Clarence','Richardson','ClarenceRichardson@gmail.com','RichardsonClarence');
INSERT INTO Students VALUES (620020640,'UNDERGRAD','01-01-2020');
INSERT INTO Enrolled (u_id,courseCode) VALUES (620020640,'INFO3935'),(620020640,'PHYS3464'),(620020640,'CHEM1494'),(620020640,'ECON3550'),(620020640,'ECON3063');
INSERT INTO Users VALUES (620020641,'Karen','Uribe','KarenUribe@gmail.com','UribeKaren');
INSERT INTO Students VALUES (620020641,'UNDERGRAD','01-01-2020');
INSERT INTO Enrolled (u_id,courseCode) VALUES (620020641,'MATH2188'),(620020641,'MATH3179'),(620020641,'COMP1573'),(620020641,'PHYS3787'),(620020641,'INFO1014');
INSERT INTO Users VALUES (620020642,'Sharon','Lamar','SharonLamar@gmail.com','LamarSharon');
INSERT INTO Students VALUES (620020642,'UNDERGRAD','01-01-2020');
INSERT INTO Enrolled (u_id,courseCode) VALUES (620020642,'CHEM3409'),(620020642,'INFO2950'),(620020642,'ECON1230'),(620020642,'INFO1825'),(620020642,'BIOC2983');
INSERT INTO Users VALUES (620020643,'Ernesto','Danker','ErnestoDanker@gmail.com','DankerErnesto');
INSERT INTO Students VALUES (620020643,'UNDERGRAD','01-01-2020');
INSERT INTO Enrolled (u_id,courseCode) VALUES (620020643,'CHEM3793'),(620020643,'COMP3238'),(620020643,'COMP3084');
INSERT INTO Users VALUES (620020644,'Christopher','Calvert','ChristopherCalvert@gmail.com','CalvertChristopher');
INSERT INTO Students VALUES (620020644,'UNDERGRAD','01-01-2020');
INSERT INTO Enrolled (u_id,courseCode) VALUES (620020644,'INFO2636'),(620020644,'BIOC1534'),(620020644,'ECON3550'),(620020644,'INFO3419'),(620020644,'COMP3639');
INSERT INTO Users VALUES (620020645,'Celia','Pulley','CeliaPulley@gmail.com','PulleyCelia');
INSERT INTO Students VALUES (620020645,'UNDERGRAD','01-01-2020');
INSERT INTO Enrolled (u_id,courseCode) VALUES (620020645,'CHEM2867'),(620020645,'INFO2521'),(620020645,'ECON2722'),(620020645,'COMP1357');
INSERT INTO Users VALUES (620020646,'Dorcas','Oconnell','DorcasOconnell@gmail.com','OconnellDorcas');
INSERT INTO Students VALUES (620020646,'UNDERGRAD','01-01-2020');
INSERT INTO Enrolled (u_id,courseCode) VALUES (620020646,'BIOC1485'),(620020646,'BIOC1439'),(620020646,'BIOC1534'),(620020646,'BIOC2981');
INSERT INTO Users VALUES (620020647,'Jeffrey','Shani','JeffreyShani@gmail.com','ShaniJeffrey');
INSERT INTO Students VALUES (620020647,'UNDERGRAD','01-01-2020');
INSERT INTO Enrolled (u_id,courseCode) VALUES (620020647,'INFO3868'),(620020647,'ECON3550'),(620020647,'INFO2950');
INSERT INTO Users VALUES (620020648,'Diane','Mcneill','DianeMcneill@gmail.com','McneillDiane');
INSERT INTO Students VALUES (620020648,'UNDERGRAD','01-01-2020');
INSERT INTO Enrolled (u_id,courseCode) VALUES (620020648,'INFO3645'),(620020648,'CHEM1807'),(620020648,'BIOC1485'),(620020648,'COMP2717'),(620020648,'BIOC2981'),(620020648,'MATH3209');
INSERT INTO Users VALUES (620020649,'Julius','Meisner','JuliusMeisner@gmail.com','MeisnerJulius');
INSERT INTO Students VALUES (620020649,'UNDERGRAD','01-01-2020');
INSERT INTO Enrolled (u_id,courseCode) VALUES (620020649,'INFO2860'),(620020649,'INFO3935'),(620020649,'INFO1242'),(620020649,'MATH1262');
INSERT INTO Users VALUES (620020650,'Dwayne','Oswalt','DwayneOswalt@gmail.com','OswaltDwayne');
INSERT INTO Students VALUES (620020650,'UNDERGRAD','01-01-2020');
INSERT INTO Enrolled (u_id,courseCode) VALUES (620020650,'BIOC1910'),(620020650,'MATH3179'),(620020650,'MATH2801'),(620020650,'CHEM3614');
INSERT INTO Users VALUES (620020651,'Jeffrey','Steinbach','JeffreySteinbach@gmail.com','SteinbachJeffrey');
INSERT INTO Students VALUES (620020651,'UNDERGRAD','01-01-2020');
INSERT INTO Enrolled (u_id,courseCode) VALUES (620020651,'MATH2555'),(620020651,'INFO1242'),(620020651,'CHEM2031'),(620020651,'INFO1447'),(620020651,'CHEM2066');
INSERT INTO Users VALUES (620020652,'Kimberly','Marshall','KimberlyMarshall@gmail.com','MarshallKimberly');
INSERT INTO Students VALUES (620020652,'UNDERGRAD','01-01-2020');
INSERT INTO Enrolled (u_id,courseCode) VALUES (620020652,'ECON3737'),(620020652,'INFO2337'),(620020652,'CHEM3054');
INSERT INTO Users VALUES (620020653,'Roger','Ratterman','RogerRatterman@gmail.com','RattermanRoger');
INSERT INTO Students VALUES (620020653,'UNDERGRAD','01-01-2020');
INSERT INTO Enrolled (u_id,courseCode) VALUES (620020653,'ECON1645'),(620020653,'BIOC1794'),(620020653,'PHYS2113'),(620020653,'BIOC2981'),(620020653,'PHYS2229'),(620020653,'COMP2541');
INSERT INTO Users VALUES (620020654,'Deanna','Koehn','DeannaKoehn@gmail.com','KoehnDeanna');
INSERT INTO Students VALUES (620020654,'UNDERGRAD','01-01-2020');
INSERT INTO Enrolled (u_id,courseCode) VALUES (620020654,'PHYS2977'),(620020654,'MATH2501'),(620020654,'CHEM1485'),(620020654,'MATH1638');
INSERT INTO Users VALUES (620020655,'Vanessa','Oswalt','VanessaOswalt@gmail.com','OswaltVanessa');
INSERT INTO Students VALUES (620020655,'UNDERGRAD','01-01-2020');
INSERT INTO Enrolled (u_id,courseCode) VALUES (620020655,'PHYS3339'),(620020655,'PHYS3787'),(620020655,'MATH3173'),(620020655,'PHYS2238'),(620020655,'PHYS2451');
INSERT INTO Users VALUES (620020656,'Christine','Barnett','ChristineBarnett@gmail.com','BarnettChristine');
INSERT INTO Students VALUES (620020656,'UNDERGRAD','01-01-2020');
INSERT INTO Enrolled (u_id,courseCode) VALUES (620020656,'CHEM3747'),(620020656,'PHYS1399'),(620020656,'INFO2636'),(620020656,'ECON3288');
INSERT INTO Users VALUES (620020657,'Mary','Withrow','MaryWithrow@gmail.com','WithrowMary');
INSERT INTO Students VALUES (620020657,'UNDERGRAD','01-01-2020');
INSERT INTO Enrolled (u_id,courseCode) VALUES (620020657,'ECON1561'),(620020657,'MATH2801'),(620020657,'ECON1589'),(620020657,'INFO3419'),(620020657,'PHYS1979');
INSERT INTO Users VALUES (620020658,'Daniel','Nichols','DanielNichols@gmail.com','NicholsDaniel');
INSERT INTO Students VALUES (620020658,'UNDERGRAD','01-01-2020');
INSERT INTO Enrolled (u_id,courseCode) VALUES (620020658,'CHEM2727'),(620020658,'PHYS2113'),(620020658,'BIOC1439'),(620020658,'COMP3746'),(620020658,'MATH3059');
INSERT INTO Users VALUES (620020659,'Dominick','English','DominickEnglish@gmail.com','EnglishDominick');
INSERT INTO Students VALUES (620020659,'UNDERGRAD','01-01-2020');
INSERT INTO Enrolled (u_id,courseCode) VALUES (620020659,'ECON1170'),(620020659,'MATH1262'),(620020659,'BIOC2054'),(620020659,'MATH3613');
INSERT INTO Users VALUES (620020660,'Kimberly','Citizen','KimberlyCitizen@gmail.com','CitizenKimberly');
INSERT INTO Students VALUES (620020660,'UNDERGRAD','01-01-2020');
INSERT INTO Enrolled (u_id,courseCode) VALUES (620020660,'CHEM2446'),(620020660,'INFO2559'),(620020660,'CHEM2797'),(620020660,'COMP2965');
INSERT INTO Users VALUES (620020661,'Chad','Richardson','ChadRichardson@gmail.com','RichardsonChad');
INSERT INTO Students VALUES (620020661,'UNDERGRAD','01-01-2020');
INSERT INTO Enrolled (u_id,courseCode) VALUES (620020661,'ECON2387'),(620020661,'BIOC3191'),(620020661,'CHEM3054'),(620020661,'MATH3857');
INSERT INTO Users VALUES (620020662,'Lauren','Calder','LaurenCalder@gmail.com','CalderLauren');
INSERT INTO Students VALUES (620020662,'UNDERGRAD','01-01-2020');
INSERT INTO Enrolled (u_id,courseCode) VALUES (620020662,'MATH2957'),(620020662,'CHEM3327'),(620020662,'COMP3849'),(620020662,'INFO1014'),(620020662,'CHEM3793');
INSERT INTO Users VALUES (620020663,'Earl','Eubank','EarlEubank@gmail.com','EubankEarl');
INSERT INTO Students VALUES (620020663,'UNDERGRAD','01-01-2020');
INSERT INTO Enrolled (u_id,courseCode) VALUES (620020663,'ECON3989'),(620020663,'BIOC2671'),(620020663,'ECON1561'),(620020663,'CHEM2867'),(620020663,'COMP2965'),(620020663,'INFO2860');
INSERT INTO Users VALUES (620020664,'Dale','Huffman','DaleHuffman@gmail.com','HuffmanDale');
INSERT INTO Students VALUES (620020664,'UNDERGRAD','01-01-2020');
INSERT INTO Enrolled (u_id,courseCode) VALUES (620020664,'PHYS2977'),(620020664,'CHEM1340'),(620020664,'PHYS2229'),(620020664,'CHEM1494'),(620020664,'ECON1498'),(620020664,'BIOC2981');
INSERT INTO Users VALUES (620020665,'Guillermo','Huffman','GuillermoHuffman@gmail.com','HuffmanGuillermo');
INSERT INTO Students VALUES (620020665,'UNDERGRAD','01-01-2020');
INSERT INTO Enrolled (u_id,courseCode) VALUES (620020665,'CHEM1340'),(620020665,'CHEM2697'),(620020665,'PHYS1399'),(620020665,'CHEM2005'),(620020665,'INFO3868');
INSERT INTO Users VALUES (620020666,'Gregory','Mitchell','GregoryMitchell@gmail.com','MitchellGregory');
INSERT INTO Students VALUES (620020666,'UNDERGRAD','01-01-2020');
INSERT INTO Enrolled (u_id,courseCode) VALUES (620020666,'MATH2717'),(620020666,'MATH1648'),(620020666,'BIOC1052'),(620020666,'BIOC2550');
INSERT INTO Users VALUES (620020667,'Juan','Blackwell','JuanBlackwell@gmail.com','BlackwellJuan');
INSERT INTO Students VALUES (620020667,'UNDERGRAD','01-01-2020');
INSERT INTO Enrolled (u_id,courseCode) VALUES (620020667,'COMP3849'),(620020667,'COMP3084'),(620020667,'BIOC3191'),(620020667,'INFO3868'),(620020667,'ECON3276');
INSERT INTO Users VALUES (620020668,'Rosa','Barnett','RosaBarnett@gmail.com','BarnettRosa');
INSERT INTO Students VALUES (620020668,'UNDERGRAD','01-01-2020');
INSERT INTO Enrolled (u_id,courseCode) VALUES (620020668,'COMP2651'),(620020668,'COMP3506'),(620020668,'COMP2717'),(620020668,'ECON1458'),(620020668,'CHEM2066'),(620020668,'INFO2636');
INSERT INTO Users VALUES (620020669,'Janice','Stovall','JaniceStovall@gmail.com','StovallJanice');
INSERT INTO Students VALUES (620020669,'UNDERGRAD','01-01-2020');
INSERT INTO Enrolled (u_id,courseCode) VALUES (620020669,'PHYS3729'),(620020669,'CHEM1807'),(620020669,'INFO1014');
INSERT INTO Users VALUES (620020670,'Mary','Finkenbinder','MaryFinkenbinder@gmail.com','FinkenbinderMary');
INSERT INTO Students VALUES (620020670,'UNDERGRAD','01-01-2020');
INSERT INTO Enrolled (u_id,courseCode) VALUES (620020670,'CHEM3327'),(620020670,'BIOC2671'),(620020670,'INFO3603'),(620020670,'COMP3685');
INSERT INTO Users VALUES (620020671,'Marjorie','Rivera','MarjorieRivera@gmail.com','RiveraMarjorie');
INSERT INTO Students VALUES (620020671,'UNDERGRAD','01-01-2020');
INSERT INTO Enrolled (u_id,courseCode) VALUES (620020671,'INFO2270'),(620020671,'CHEM3409'),(620020671,'BIOC3230'),(620020671,'PHYS1979'),(620020671,'CHEM3347'),(620020671,'PHYS3052');
INSERT INTO Users VALUES (620020672,'Gregory','Knox','GregoryKnox@gmail.com','KnoxGregory');
INSERT INTO Students VALUES (620020672,'UNDERGRAD','01-01-2020');
INSERT INTO Enrolled (u_id,courseCode) VALUES (620020672,'ECON3989'),(620020672,'CHEM2697'),(620020672,'CHEM3793');
INSERT INTO Users VALUES (620020673,'Frances','Macpartland','FrancesMacpartland@gmail.com','MacpartlandFrances');
INSERT INTO Students VALUES (620020673,'UNDERGRAD','01-01-2020');
INSERT INTO Enrolled (u_id,courseCode) VALUES (620020673,'ECON3228'),(620020673,'PHYS1173'),(620020673,'COMP1573'),(620020673,'PHYS2977'),(620020673,'INFO2950'),(620020673,'COMP2965');
INSERT INTO Users VALUES (620020674,'Taylor','Turkus','TaylorTurkus@gmail.com','TurkusTaylor');
INSERT INTO Students VALUES (620020674,'UNDERGRAD','01-01-2020');
INSERT INTO Enrolled (u_id,courseCode) VALUES (620020674,'BIOC3604'),(620020674,'ECON1170'),(620020674,'COMP1051'),(620020674,'PHYS1173'),(620020674,'BIOC1598'),(620020674,'INFO2337');
INSERT INTO Users VALUES (620020675,'Kim','Nerbonne','KimNerbonne@gmail.com','NerbonneKim');
INSERT INTO Students VALUES (620020675,'UNDERGRAD','01-01-2020');
INSERT INTO Enrolled (u_id,courseCode) VALUES (620020675,'COMP2400'),(620020675,'CHEM3409'),(620020675,'COMP3238'),(620020675,'ECON1458');
INSERT INTO Users VALUES (620020676,'Trina','Russ','TrinaRuss@gmail.com','RussTrina');
INSERT INTO Students VALUES (620020676,'UNDERGRAD','01-01-2020');
INSERT INTO Enrolled (u_id,courseCode) VALUES (620020676,'CHEM2066'),(620020676,'PHYS3729'),(620020676,'BIOC3191'),(620020676,'BIOC2550'),(620020676,'COMP3047'),(620020676,'INFO2213');
INSERT INTO Users VALUES (620020677,'Dawn','Garcia','DawnGarcia@gmail.com','GarciaDawn');
INSERT INTO Students VALUES (620020677,'UNDERGRAD','01-01-2020');
INSERT INTO Enrolled (u_id,courseCode) VALUES (620020677,'ECON3020'),(620020677,'PHYS1979'),(620020677,'BIOC1910'),(620020677,'ECON3004'),(620020677,'INFO2270');
INSERT INTO Users VALUES (620020678,'Young','Briggs','YoungBriggs@gmail.com','BriggsYoung');
INSERT INTO Students VALUES (620020678,'UNDERGRAD','01-01-2020');
INSERT INTO Enrolled (u_id,courseCode) VALUES (620020678,'PHYS1993'),(620020678,'BIOC1485'),(620020678,'BIOC2671'),(620020678,'ECON1589'),(620020678,'PHYS2113');
INSERT INTO Users VALUES (620020679,'Vickie','Christinsen','VickieChristinsen@gmail.com','ChristinsenVickie');
INSERT INTO Students VALUES (620020679,'UNDERGRAD','01-01-2020');
INSERT INTO Enrolled (u_id,courseCode) VALUES (620020679,'PHYS1930'),(620020679,'CHEM2220'),(620020679,'CHEM2626'),(620020679,'BIOC1439');
INSERT INTO Users VALUES (620020680,'Francisca','Larry','FranciscaLarry@gmail.com','LarryFrancisca');
INSERT INTO Students VALUES (620020680,'UNDERGRAD','01-01-2020');
INSERT INTO Enrolled (u_id,courseCode) VALUES (620020680,'ECON3311'),(620020680,'BIOC1534'),(620020680,'ECON1589'),(620020680,'ECON2703'),(620020680,'COMP3746'),(620020680,'CHEM3617');
INSERT INTO Users VALUES (620020681,'Nan','Steinbach','NanSteinbach@gmail.com','SteinbachNan');
INSERT INTO Students VALUES (620020681,'UNDERGRAD','01-01-2020');
INSERT INTO Enrolled (u_id,courseCode) VALUES (620020681,'CHEM1485'),(620020681,'COMP1460'),(620020681,'ECON1098'),(620020681,'CHEM2065');
INSERT INTO Users VALUES (620020682,'Toby','Carlson','TobyCarlson@gmail.com','CarlsonToby');
INSERT INTO Students VALUES (620020682,'UNDERGRAD','01-01-2020');
INSERT INTO Enrolled (u_id,courseCode) VALUES (620020682,'ECON3989'),(620020682,'PHYS2448'),(620020682,'INFO2559'),(620020682,'COMP2077');
INSERT INTO Users VALUES (620020683,'Delmar','Pearson','DelmarPearson@gmail.com','PearsonDelmar');
INSERT INTO Students VALUES (620020683,'UNDERGRAD','01-01-2020');
INSERT INTO Enrolled (u_id,courseCode) VALUES (620020683,'COMP2077'),(620020683,'INFO3636'),(620020683,'MATH1454'),(620020683,'INFO2716');
INSERT INTO Users VALUES (620020684,'Suzanne','Moore','SuzanneMoore@gmail.com','MooreSuzanne');
INSERT INTO Students VALUES (620020684,'UNDERGRAD','01-01-2020');
INSERT INTO Enrolled (u_id,courseCode) VALUES (620020684,'COMP1357'),(620020684,'BIOC1794'),(620020684,'ECON1783'),(620020684,'CHEM2220');
INSERT INTO Users VALUES (620020685,'Betsy','Bordelon','BetsyBordelon@gmail.com','BordelonBetsy');
INSERT INTO Students VALUES (620020685,'UNDERGRAD','01-01-2020');
INSERT INTO Enrolled (u_id,courseCode) VALUES (620020685,'MATH2801'),(620020685,'INFO1145'),(620020685,'PHYS2238'),(620020685,'MATH1578'),(620020685,'PHYS1930'),(620020685,'ECON3447');
INSERT INTO Users VALUES (620020686,'Marilyn','Blackwell','MarilynBlackwell@gmail.com','BlackwellMarilyn');
INSERT INTO Students VALUES (620020686,'UNDERGRAD','01-01-2020');
INSERT INTO Enrolled (u_id,courseCode) VALUES (620020686,'INFO1648'),(620020686,'MATH1578'),(620020686,'ECON3020'),(620020686,'CHEM2065');
INSERT INTO Users VALUES (620020687,'Carol','Figueroa','CarolFigueroa@gmail.com','FigueroaCarol');
INSERT INTO Students VALUES (620020687,'UNDERGRAD','01-01-2020');
INSERT INTO Enrolled (u_id,courseCode) VALUES (620020687,'PHYS3787'),(620020687,'CHEM2481'),(620020687,'ECON3372'),(620020687,'COMP2651'),(620020687,'PHYS2113');
INSERT INTO Users VALUES (620020688,'Linda','Mauk','LindaMauk@gmail.com','MaukLinda');
INSERT INTO Students VALUES (620020688,'UNDERGRAD','01-01-2020');
INSERT INTO Enrolled (u_id,courseCode) VALUES (620020688,'BIOC1725'),(620020688,'PHYS1140'),(620020688,'BIOC3604');
INSERT INTO Users VALUES (620020689,'Kasey','Mcclanahan','KaseyMcclanahan@gmail.com','McclanahanKasey');
INSERT INTO Students VALUES (620020689,'UNDERGRAD','01-01-2020');
INSERT INTO Enrolled (u_id,courseCode) VALUES (620020689,'BIOC3191'),(620020689,'MATH1578'),(620020689,'MATH3857'),(620020689,'ECON2703'),(620020689,'ECON3004'),(620020689,'PHYS3354');
INSERT INTO Users VALUES (620020690,'Warren','Carlson','WarrenCarlson@gmail.com','CarlsonWarren');
INSERT INTO Students VALUES (620020690,'UNDERGRAD','01-01-2020');
INSERT INTO Enrolled (u_id,courseCode) VALUES (620020690,'BIOC2671'),(620020690,'COMP2965'),(620020690,'BIOC3230'),(620020690,'PHYS2451'),(620020690,'CHEM2031');
INSERT INTO Users VALUES (620020691,'Justin','Luper','JustinLuper@gmail.com','LuperJustin');
INSERT INTO Students VALUES (620020691,'UNDERGRAD','01-01-2020');
INSERT INTO Enrolled (u_id,courseCode) VALUES (620020691,'PHYS1173'),(620020691,'MATH1148'),(620020691,'PHYS3686'),(620020691,'CHEM3793');
INSERT INTO Users VALUES (620020692,'Kendra','Maze','KendraMaze@gmail.com','MazeKendra');
INSERT INTO Students VALUES (620020692,'UNDERGRAD','01-01-2020');
INSERT INTO Enrolled (u_id,courseCode) VALUES (620020692,'CHEM2066'),(620020692,'BIOC2054'),(620020692,'MATH3173'),(620020692,'PHYS1173');
INSERT INTO Users VALUES (620020693,'Hector','Christenberry','HectorChristenberry@gmail.com','ChristenberryHector');
INSERT INTO Students VALUES (620020693,'UNDERGRAD','01-01-2020');
INSERT INTO Enrolled (u_id,courseCode) VALUES (620020693,'ECON1170'),(620020693,'PHYS2238'),(620020693,'PHYS2448'),(620020693,'MATH2067'),(620020693,'CHEM3347');
INSERT INTO Users VALUES (620020694,'Sarah','Avery','SarahAvery@gmail.com','AverySarah');
INSERT INTO Students VALUES (620020694,'UNDERGRAD','01-01-2020');
INSERT INTO Enrolled (u_id,courseCode) VALUES (620020694,'BIOC2981'),(620020694,'MATH3222'),(620020694,'PHYS1140'),(620020694,'MATH1735');
INSERT INTO Users VALUES (620020695,'Gary','Laramee','GaryLaramee@gmail.com','LarameeGary');
INSERT INTO Students VALUES (620020695,'UNDERGRAD','01-01-2020');
INSERT INTO Enrolled (u_id,courseCode) VALUES (620020695,'PHYS2229'),(620020695,'ECON1230'),(620020695,'COMP3173'),(620020695,'COMP3167');
INSERT INTO Users VALUES (620020696,'Willard','Jeanbaptiste','WillardJeanbaptiste@gmail.com','JeanbaptisteWillard');
INSERT INTO Students VALUES (620020696,'UNDERGRAD','01-01-2020');
INSERT INTO Enrolled (u_id,courseCode) VALUES (620020696,'CHEM1485'),(620020696,'ECON3288'),(620020696,'BIOC2236'),(620020696,'COMP3536'),(620020696,'INFO3645'),(620020696,'COMP1460');
INSERT INTO Users VALUES (620020697,'Roy','Howe','RoyHowe@gmail.com','HoweRoy');
INSERT INTO Students VALUES (620020697,'UNDERGRAD','01-01-2020');
INSERT INTO Enrolled (u_id,courseCode) VALUES (620020697,'PHYS1399'),(620020697,'ECON3288'),(620020697,'MATH3209'),(620020697,'ECON3311'),(620020697,'ECON2345');
INSERT INTO Users VALUES (620020698,'Steven','Burch','StevenBurch@gmail.com','BurchSteven');
INSERT INTO Students VALUES (620020698,'UNDERGRAD','01-01-2020');
INSERT INTO Enrolled (u_id,courseCode) VALUES (620020698,'INFO3419'),(620020698,'MATH1148'),(620020698,'ECON3737'),(620020698,'MATH2717');
INSERT INTO Users VALUES (620020699,'Wanda','Avery','WandaAvery@gmail.com','AveryWanda');
INSERT INTO Students VALUES (620020699,'UNDERGRAD','01-01-2020');
INSERT INTO Enrolled (u_id,courseCode) VALUES (620020699,'CHEM3054'),(620020699,'PHYS3354'),(620020699,'PHYS3686');
INSERT INTO Users VALUES (620020700,'Dora','Grinstead','DoraGrinstead@gmail.com','GrinsteadDora');
INSERT INTO Students VALUES (620020700,'UNDERGRAD','01-01-2020');
INSERT INTO Enrolled (u_id,courseCode) VALUES (620020700,'ECON3276'),(620020700,'MATH3613'),(620020700,'INFO2147');
INSERT INTO Users VALUES (620020701,'Brian','White','BrianWhite@gmail.com','WhiteBrian');
INSERT INTO Students VALUES (620020701,'UNDERGRAD','01-01-2020');
INSERT INTO Enrolled (u_id,courseCode) VALUES (620020701,'PHYS2448'),(620020701,'MATH2501'),(620020701,'MATH1250'),(620020701,'INFO2559'),(620020701,'BIOC3721');
INSERT INTO Users VALUES (620020702,'Robert','Kenney','RobertKenney@gmail.com','KenneyRobert');
INSERT INTO Students VALUES (620020702,'UNDERGRAD','01-01-2020');
INSERT INTO Enrolled (u_id,courseCode) VALUES (620020702,'CHEM3614'),(620020702,'PHYS2117'),(620020702,'BIOC1725');
INSERT INTO Users VALUES (620020703,'Latoya','Kaupp','LatoyaKaupp@gmail.com','KauppLatoya');
INSERT INTO Students VALUES (620020703,'UNDERGRAD','01-01-2020');
INSERT INTO Enrolled (u_id,courseCode) VALUES (620020703,'MATH3179'),(620020703,'BIOC1866'),(620020703,'CHEM3747'),(620020703,'INFO1648'),(620020703,'CHEM2177');
INSERT INTO Users VALUES (620020704,'Krista','Lowrey','KristaLowrey@gmail.com','LowreyKrista');
INSERT INTO Students VALUES (620020704,'UNDERGRAD','01-01-2020');
INSERT INTO Enrolled (u_id,courseCode) VALUES (620020704,'BIOC1448'),(620020704,'CHEM2697'),(620020704,'ECON1230'),(620020704,'CHEM3617'),(620020704,'COMP3173'),(620020704,'MATH1250');
INSERT INTO Users VALUES (620020705,'Bethany','Knox','BethanyKnox@gmail.com','KnoxBethany');
INSERT INTO Students VALUES (620020705,'UNDERGRAD','01-01-2020');
INSERT INTO Enrolled (u_id,courseCode) VALUES (620020705,'BIOC3191'),(620020705,'COMP3536'),(620020705,'INFO2811');
INSERT INTO Users VALUES (620020706,'Ronald','Sultzer','RonaldSultzer@gmail.com','SultzerRonald');
INSERT INTO Students VALUES (620020706,'UNDERGRAD','01-01-2020');
INSERT INTO Enrolled (u_id,courseCode) VALUES (620020706,'PHYS3659'),(620020706,'ECON2345'),(620020706,'BIOC1448'),(620020706,'COMP3167'),(620020706,'CHEM2797');
INSERT INTO Users VALUES (620020707,'Lois','Moore','LoisMoore@gmail.com','MooreLois');
INSERT INTO Students VALUES (620020707,'UNDERGRAD','01-01-2020');
INSERT INTO Enrolled (u_id,courseCode) VALUES (620020707,'ECON3523'),(620020707,'MATH1648'),(620020707,'INFO2811'),(620020707,'COMP3849'),(620020707,'CHEM1613'),(620020707,'BIOC2981');
INSERT INTO Users VALUES (620020708,'Jewell','Carlson','JewellCarlson@gmail.com','CarlsonJewell');
INSERT INTO Students VALUES (620020708,'UNDERGRAD','01-01-2020');
INSERT INTO Enrolled (u_id,courseCode) VALUES (620020708,'INFO1014'),(620020708,'COMP2965'),(620020708,'CHEM3614'),(620020708,'MATH1972'),(620020708,'PHYS1993'),(620020708,'INFO2860');
INSERT INTO Users VALUES (620020709,'Kathleen','Garcia','KathleenGarcia@gmail.com','GarciaKathleen');
INSERT INTO Students VALUES (620020709,'UNDERGRAD','01-01-2020');
INSERT INTO Enrolled (u_id,courseCode) VALUES (620020709,'PHYS3354'),(620020709,'INFO2270'),(620020709,'ECON2387'),(620020709,'INFO2559');
INSERT INTO Users VALUES (620020710,'Steven','Oconnell','StevenOconnell@gmail.com','OconnellSteven');
INSERT INTO Students VALUES (620020710,'UNDERGRAD','01-01-2020');
INSERT INTO Enrolled (u_id,courseCode) VALUES (620020710,'ECON3004'),(620020710,'MATH2555'),(620020710,'BIOC1485'),(620020710,'CHEM2626'),(620020710,'INFO2860');
INSERT INTO Users VALUES (620020711,'Casey','Dumas','CaseyDumas@gmail.com','DumasCasey');
INSERT INTO Students VALUES (620020711,'UNDERGRAD','01-01-2020');
INSERT INTO Enrolled (u_id,courseCode) VALUES (620020711,'COMP2541'),(620020711,'MATH2501'),(620020711,'ECON1498');
INSERT INTO Users VALUES (620020712,'Marcus','Bower','MarcusBower@gmail.com','BowerMarcus');
INSERT INTO Students VALUES (620020712,'UNDERGRAD','01-01-2020');
INSERT INTO Enrolled (u_id,courseCode) VALUES (620020712,'MATH3179'),(620020712,'BIOC2550'),(620020712,'ECON1996'),(620020712,'BIOC1986');
INSERT INTO Users VALUES (620020713,'Deanne','Fields','DeanneFields@gmail.com','FieldsDeanne');
INSERT INTO Students VALUES (620020713,'UNDERGRAD','01-01-2020');
INSERT INTO Enrolled (u_id,courseCode) VALUES (620020713,'ECON3737'),(620020713,'INFO2636'),(620020713,'INFO2337');
INSERT INTO Users VALUES (620020714,'Tim','Finkenbinder','TimFinkenbinder@gmail.com','FinkenbinderTim');
INSERT INTO Students VALUES (620020714,'UNDERGRAD','01-01-2020');
INSERT INTO Enrolled (u_id,courseCode) VALUES (620020714,'MATH1454'),(620020714,'PHYS2563'),(620020714,'ECON1498'),(620020714,'PHYS3052');
INSERT INTO Users VALUES (620020715,'Bryon','Pulley','BryonPulley@gmail.com','PulleyBryon');
INSERT INTO Students VALUES (620020715,'UNDERGRAD','01-01-2020');
INSERT INTO Enrolled (u_id,courseCode) VALUES (620020715,'CHEM3747'),(620020715,'MATH3173'),(620020715,'COMP2651'),(620020715,'CHEM1613'),(620020715,'PHYS2113'),(620020715,'ECON1230');
INSERT INTO Users VALUES (620020716,'Kenneth','Allen','KennethAllen@gmail.com','AllenKenneth');
INSERT INTO Students VALUES (620020716,'UNDERGRAD','01-01-2020');
INSERT INTO Enrolled (u_id,courseCode) VALUES (620020716,'ECON3004'),(620020716,'COMP3685'),(620020716,'BIOC2236');
INSERT INTO Users VALUES (620020717,'Don','Vanwyck','DonVanwyck@gmail.com','VanwyckDon');
INSERT INTO Students VALUES (620020717,'UNDERGRAD','01-01-2020');
INSERT INTO Enrolled (u_id,courseCode) VALUES (620020717,'PHYS2977'),(620020717,'PHYS2451'),(620020717,'ECON3523');
INSERT INTO Users VALUES (620020718,'Luella','Nelson','LuellaNelson@gmail.com','NelsonLuella');
INSERT INTO Students VALUES (620020718,'UNDERGRAD','01-01-2020');
INSERT INTO Enrolled (u_id,courseCode) VALUES (620020718,'CHEM2727'),(620020718,'MATH3059'),(620020718,'ECON1589'),(620020718,'COMP2541'),(620020718,'COMP3849'),(620020718,'CHEM1494');
INSERT INTO Users VALUES (620020719,'Larry','Baccus','LarryBaccus@gmail.com','BaccusLarry');
INSERT INTO Students VALUES (620020719,'UNDERGRAD','01-01-2020');
INSERT INTO Enrolled (u_id,courseCode) VALUES (620020719,'COMP3697'),(620020719,'BIOC2054'),(620020719,'BIOC2589'),(620020719,'MATH2550');
INSERT INTO Users VALUES (620020720,'Vernon','Koehn','VernonKoehn@gmail.com','KoehnVernon');
INSERT INTO Students VALUES (620020720,'UNDERGRAD','01-01-2020');
INSERT INTO Enrolled (u_id,courseCode) VALUES (620020720,'MATH3029'),(620020720,'INFO3868'),(620020720,'PHYS2306'),(620020720,'CHEM2031'),(620020720,'ECON3004');
INSERT INTO Users VALUES (620020721,'Jeanna','Truong','JeannaTruong@gmail.com','TruongJeanna');
INSERT INTO Students VALUES (620020721,'UNDERGRAD','01-01-2020');
INSERT INTO Enrolled (u_id,courseCode) VALUES (620020721,'MATH3857'),(620020721,'MATH2067'),(620020721,'INFO1990');
INSERT INTO Users VALUES (620020722,'Ralph','Klein','RalphKlein@gmail.com','KleinRalph');
INSERT INTO Students VALUES (620020722,'UNDERGRAD','01-01-2020');
INSERT INTO Enrolled (u_id,courseCode) VALUES (620020722,'BIOC2983'),(620020722,'INFO3603'),(620020722,'MATH2801'),(620020722,'BIOC1052'),(620020722,'COMP3084');
INSERT INTO Users VALUES (620020723,'Deanna','Felipe','DeannaFelipe@gmail.com','FelipeDeanna');
INSERT INTO Students VALUES (620020723,'UNDERGRAD','01-01-2020');
INSERT INTO Enrolled (u_id,courseCode) VALUES (620020723,'PHYS1140'),(620020723,'MATH3844'),(620020723,'PHYS3464'),(620020723,'BIOC1534');
INSERT INTO Users VALUES (620020724,'Frankie','Burney','FrankieBurney@gmail.com','BurneyFrankie');
INSERT INTO Students VALUES (620020724,'UNDERGRAD','01-01-2020');
INSERT INTO Enrolled (u_id,courseCode) VALUES (620020724,'ECON1458'),(620020724,'COMP3536'),(620020724,'MATH2501'),(620020724,'COMP1573');
INSERT INTO Users VALUES (620020725,'Roger','Alexander','RogerAlexander@gmail.com','AlexanderRoger');
INSERT INTO Students VALUES (620020725,'UNDERGRAD','01-01-2020');
INSERT INTO Enrolled (u_id,courseCode) VALUES (620020725,'CHEM1340'),(620020725,'INFO1145'),(620020725,'INFO2147'),(620020725,'CHEM2481'),(620020725,'CHEM1494');
INSERT INTO Users VALUES (620020726,'Carrie','Tate','CarrieTate@gmail.com','TateCarrie');
INSERT INTO Students VALUES (620020726,'UNDERGRAD','01-01-2020');
INSERT INTO Enrolled (u_id,courseCode) VALUES (620020726,'MATH2188'),(620020726,'MATH3173'),(620020726,'CHEM3409');
INSERT INTO Users VALUES (620020727,'Colin','Joeckel','ColinJoeckel@gmail.com','JoeckelColin');
INSERT INTO Students VALUES (620020727,'UNDERGRAD','01-01-2020');
INSERT INTO Enrolled (u_id,courseCode) VALUES (620020727,'MATH3857'),(620020727,'COMP2080'),(620020727,'ECON2722'),(620020727,'COMP3418'),(620020727,'PHYS2113'),(620020727,'CHEM2005');
INSERT INTO Users VALUES (620020728,'Madaline','Hauser','MadalineHauser@gmail.com','HauserMadaline');
INSERT INTO Students VALUES (620020728,'UNDERGRAD','01-01-2020');
INSERT INTO Enrolled (u_id,courseCode) VALUES (620020728,'PHYS1979'),(620020728,'INFO2213'),(620020728,'MATH1309'),(620020728,'BIOC3721'),(620020728,'PHYS3729'),(620020728,'ECON3276');
INSERT INTO Users VALUES (620020729,'Dennis','Baccus','DennisBaccus@gmail.com','BaccusDennis');
INSERT INTO Students VALUES (620020729,'UNDERGRAD','01-01-2020');
INSERT INTO Enrolled (u_id,courseCode) VALUES (620020729,'COMP3697'),(620020729,'PHYS2238'),(620020729,'MATH1972'),(620020729,'INFO2147'),(620020729,'ECON3311');
INSERT INTO Users VALUES (620020730,'Dwight','Finkenbinder','DwightFinkenbinder@gmail.com','FinkenbinderDwight');
INSERT INTO Students VALUES (620020730,'UNDERGRAD','01-01-2020');
INSERT INTO Enrolled (u_id,courseCode) VALUES (620020730,'BIOC1794'),(620020730,'PHYS3464'),(620020730,'CHEM3054'),(620020730,'PHYS1930');
INSERT INTO Users VALUES (620020731,'Julius','Cummings','JuliusCummings@gmail.com','CummingsJulius');
INSERT INTO Students VALUES (620020731,'UNDERGRAD','01-01-2020');
INSERT INTO Enrolled (u_id,courseCode) VALUES (620020731,'COMP3173'),(620020731,'MATH3544'),(620020731,'PHYS1930'),(620020731,'ECON2387'),(620020731,'ECON3276'),(620020731,'BIOC2983');
INSERT INTO Users VALUES (620020732,'Marie','Harness','MarieHarness@gmail.com','HarnessMarie');
INSERT INTO Students VALUES (620020732,'UNDERGRAD','01-01-2020');
INSERT INTO Enrolled (u_id,courseCode) VALUES (620020732,'INFO1288'),(620020732,'ECON3447'),(620020732,'ECON3085'),(620020732,'CHEM3327'),(620020732,'BIOC3604'),(620020732,'CHEM2177');
INSERT INTO Users VALUES (620020733,'Clifford','Jefferson','CliffordJefferson@gmail.com','JeffersonClifford');
INSERT INTO Students VALUES (620020733,'UNDERGRAD','01-01-2020');
INSERT INTO Enrolled (u_id,courseCode) VALUES (620020733,'ECON3523'),(620020733,'COMP2077'),(620020733,'ECON3447');
INSERT INTO Users VALUES (620020734,'Madaline','Givens','MadalineGivens@gmail.com','GivensMadaline');
INSERT INTO Students VALUES (620020734,'UNDERGRAD','01-01-2020');
INSERT INTO Enrolled (u_id,courseCode) VALUES (620020734,'PHYS2117'),(620020734,'ECON3311'),(620020734,'ECON1230');
INSERT INTO Users VALUES (620020735,'Cynthia','Madsen','CynthiaMadsen@gmail.com','MadsenCynthia');
INSERT INTO Students VALUES (620020735,'UNDERGRAD','01-01-2020');
INSERT INTO Enrolled (u_id,courseCode) VALUES (620020735,'INFO2337'),(620020735,'ECON1561'),(620020735,'MATH3222'),(620020735,'MATH2801'),(620020735,'BIOC1439');
INSERT INTO Users VALUES (620020736,'Barbara','May','BarbaraMay@gmail.com','MayBarbara');
INSERT INTO Students VALUES (620020736,'UNDERGRAD','01-01-2020');
INSERT INTO Enrolled (u_id,courseCode) VALUES (620020736,'MATH1148'),(620020736,'BIOC2589'),(620020736,'ECON3550'),(620020736,'ECON1996'),(620020736,'MATH2801'),(620020736,'INFO1648');
INSERT INTO Users VALUES (620020737,'Tiara','Washinski','TiaraWashinski@gmail.com','WashinskiTiara');
INSERT INTO Students VALUES (620020737,'UNDERGRAD','01-01-2020');
INSERT INTO Enrolled (u_id,courseCode) VALUES (620020737,'MATH1648'),(620020737,'PHYS2306'),(620020737,'CHEM2066'),(620020737,'COMP1867'),(620020737,'INFO2860'),(620020737,'INFO3636');
INSERT INTO Users VALUES (620020738,'Homer','Davis','HomerDavis@gmail.com','DavisHomer');
INSERT INTO Students VALUES (620020738,'UNDERGRAD','01-01-2020');
INSERT INTO Enrolled (u_id,courseCode) VALUES (620020738,'BIOC1485'),(620020738,'CHEM2005'),(620020738,'MATH2555'),(620020738,'COMP3536');
INSERT INTO Users VALUES (620020739,'Barbara','Alvarez','BarbaraAlvarez@gmail.com','AlvarezBarbara');
INSERT INTO Students VALUES (620020739,'UNDERGRAD','01-01-2020');
INSERT INTO Enrolled (u_id,courseCode) VALUES (620020739,'BIOC1104'),(620020739,'INFO1990'),(620020739,'ECON3085'),(620020739,'PHYS2338'),(620020739,'BIOC1910');
INSERT INTO Users VALUES (620020740,'Ashley','Hanks','AshleyHanks@gmail.com','HanksAshley');
INSERT INTO Students VALUES (620020740,'UNDERGRAD','01-01-2020');
INSERT INTO Enrolled (u_id,courseCode) VALUES (620020740,'CHEM3327'),(620020740,'MATH2501'),(620020740,'INFO3645'),(620020740,'MATH1578'),(620020740,'COMP3536'),(620020740,'PHYS1399');
INSERT INTO Users VALUES (620020741,'Dwight','Jefferson','DwightJefferson@gmail.com','JeffersonDwight');
INSERT INTO Students VALUES (620020741,'UNDERGRAD','01-01-2020');
INSERT INTO Enrolled (u_id,courseCode) VALUES (620020741,'PHYS2306'),(620020741,'MATH1262'),(620020741,'MATH1972'),(620020741,'ECON1783'),(620020741,'MATH3544');
INSERT INTO Users VALUES (620020742,'Marshall','Imoto','MarshallImoto@gmail.com','ImotoMarshall');
INSERT INTO Students VALUES (620020742,'UNDERGRAD','01-01-2020');
INSERT INTO Enrolled (u_id,courseCode) VALUES (620020742,'MATH2717'),(620020742,'CHEM2481'),(620020742,'MATH1638');
INSERT INTO Users VALUES (620020743,'Adam','Lamar','AdamLamar@gmail.com','LamarAdam');
INSERT INTO Students VALUES (620020743,'UNDERGRAD','01-01-2020');
INSERT INTO Enrolled (u_id,courseCode) VALUES (620020743,'COMP3167'),(620020743,'INFO2797'),(620020743,'PHYS2451'),(620020743,'COMP3639'),(620020743,'CHEM3614');
INSERT INTO Users VALUES (620020744,'Wanda','Allen','WandaAllen@gmail.com','AllenWanda');
INSERT INTO Students VALUES (620020744,'UNDERGRAD','01-01-2020');
INSERT INTO Enrolled (u_id,courseCode) VALUES (620020744,'BIOC1164'),(620020744,'CHEM2065'),(620020744,'INFO3645'),(620020744,'BIOC2589');
INSERT INTO Users VALUES (620020745,'Chris','Mcneill','ChrisMcneill@gmail.com','McneillChris');
INSERT INTO Students VALUES (620020745,'UNDERGRAD','01-01-2020');
INSERT INTO Enrolled (u_id,courseCode) VALUES (620020745,'PHYS2563'),(620020745,'MATH3544'),(620020745,'INFO1825'),(620020745,'MATH3059');
INSERT INTO Users VALUES (620020746,'Cassie','Mitchell','CassieMitchell@gmail.com','MitchellCassie');
INSERT INTO Students VALUES (620020746,'UNDERGRAD','01-01-2020');
INSERT INTO Enrolled (u_id,courseCode) VALUES (620020746,'BIOC3230'),(620020746,'MATH3613'),(620020746,'BIOC1485'),(620020746,'MATH1735'),(620020746,'INFO3603'),(620020746,'BIOC2236');
INSERT INTO Users VALUES (620020747,'John','Mance','JohnMance@gmail.com','ManceJohn');
INSERT INTO Students VALUES (620020747,'UNDERGRAD','01-01-2020');
INSERT INTO Enrolled (u_id,courseCode) VALUES (620020747,'BIOC1439'),(620020747,'COMP3536'),(620020747,'CHEM2220'),(620020747,'ECON1012'),(620020747,'INFO2147');
INSERT INTO Users VALUES (620020748,'Kathy','Marshall','KathyMarshall@gmail.com','MarshallKathy');
INSERT INTO Students VALUES (620020748,'UNDERGRAD','01-01-2020');
INSERT INTO Enrolled (u_id,courseCode) VALUES (620020748,'COMP2400'),(620020748,'ECON1561'),(620020748,'MATH2555');
INSERT INTO Users VALUES (620020749,'Gabriel','Armstead','GabrielArmstead@gmail.com','ArmsteadGabriel');
INSERT INTO Students VALUES (620020749,'UNDERGRAD','01-01-2020');
INSERT INTO Enrolled (u_id,courseCode) VALUES (620020749,'BIOC3457'),(620020749,'MATH1735'),(620020749,'BIOC1725'),(620020749,'PHYS3339'),(620020749,'MATH2501');
INSERT INTO Users VALUES (620020750,'Kim','Myrick','KimMyrick@gmail.com','MyrickKim');
INSERT INTO Students VALUES (620020750,'UNDERGRAD','01-01-2020');
INSERT INTO Enrolled (u_id,courseCode) VALUES (620020750,'MATH3173'),(620020750,'BIOC3457'),(620020750,'COMP3536'),(620020750,'CHEM2727'),(620020750,'PHYS1399');
INSERT INTO Users VALUES (620020751,'Edward','Daniels','EdwardDaniels@gmail.com','DanielsEdward');
INSERT INTO Students VALUES (620020751,'UNDERGRAD','01-01-2020');
INSERT INTO Enrolled (u_id,courseCode) VALUES (620020751,'ECON2345'),(620020751,'BIOC1052'),(620020751,'CHEM2481'),(620020751,'INFO1447'),(620020751,'BIOC1986'),(620020751,'MATH3222');
INSERT INTO Users VALUES (620020752,'Timothy','Granado','TimothyGranado@gmail.com','GranadoTimothy');
INSERT INTO Students VALUES (620020752,'UNDERGRAD','01-01-2020');
INSERT INTO Enrolled (u_id,courseCode) VALUES (620020752,'BIOC2236'),(620020752,'INFO3645'),(620020752,'INFO2147'),(620020752,'MATH1648'),(620020752,'INFO3419'),(620020752,'PHYS1979');
INSERT INTO Users VALUES (620020753,'Ashley','Pedersen','AshleyPedersen@gmail.com','PedersenAshley');
INSERT INTO Students VALUES (620020753,'UNDERGRAD','01-01-2020');
INSERT INTO Enrolled (u_id,courseCode) VALUES (620020753,'BIOC1866'),(620020753,'PHYS2451'),(620020753,'MATH3613'),(620020753,'MATH1578'),(620020753,'ECON3523'),(620020753,'INFO3868');
INSERT INTO Users VALUES (620020754,'Derek','Truong','DerekTruong@gmail.com','TruongDerek');
INSERT INTO Students VALUES (620020754,'UNDERGRAD','01-01-2020');
INSERT INTO Enrolled (u_id,courseCode) VALUES (620020754,'MATH3179'),(620020754,'BIOC1986'),(620020754,'MATH1648'),(620020754,'INFO1447'),(620020754,'COMP1867'),(620020754,'MATH1250');
INSERT INTO Users VALUES (620020755,'Demetrice','Barrett','DemetriceBarrett@gmail.com','BarrettDemetrice');
INSERT INTO Students VALUES (620020755,'UNDERGRAD','01-01-2020');
INSERT INTO Enrolled (u_id,courseCode) VALUES (620020755,'PHYS3659'),(620020755,'INFO1447'),(620020755,'ECON1098');
INSERT INTO Users VALUES (620020756,'Melanie','Watson','MelanieWatson@gmail.com','WatsonMelanie');
INSERT INTO Students VALUES (620020756,'UNDERGRAD','01-01-2020');
INSERT INTO Enrolled (u_id,courseCode) VALUES (620020756,'INFO1145'),(620020756,'CHEM3327'),(620020756,'CHEM3054'),(620020756,'CHEM2867');
INSERT INTO Users VALUES (620020757,'Warren','Mcneill','WarrenMcneill@gmail.com','McneillWarren');
INSERT INTO Students VALUES (620020757,'UNDERGRAD','01-01-2020');
INSERT INTO Enrolled (u_id,courseCode) VALUES (620020757,'ECON3063'),(620020757,'CHEM3327'),(620020757,'CHEM2177'),(620020757,'MATH2717'),(620020757,'MATH3059');
INSERT INTO Users VALUES (620020758,'Georgie','Truong','GeorgieTruong@gmail.com','TruongGeorgie');
INSERT INTO Students VALUES (620020758,'UNDERGRAD','01-01-2020');
INSERT INTO Enrolled (u_id,courseCode) VALUES (620020758,'BIOC1744'),(620020758,'MATH1309'),(620020758,'COMP1867');
INSERT INTO Users VALUES (620020759,'Celia','Bordelon','CeliaBordelon@gmail.com','BordelonCelia');
INSERT INTO Students VALUES (620020759,'UNDERGRAD','01-01-2020');
INSERT INTO Enrolled (u_id,courseCode) VALUES (620020759,'CHEM2065'),(620020759,'COMP3746'),(620020759,'COMP2361'),(620020759,'BIOC2671'),(620020759,'CHEM3617'),(620020759,'CHEM2446');
INSERT INTO Users VALUES (620020760,'Magdalen','Saunders','MagdalenSaunders@gmail.com','SaundersMagdalen');
INSERT INTO Students VALUES (620020760,'UNDERGRAD','01-01-2020');
INSERT INTO Enrolled (u_id,courseCode) VALUES (620020760,'BIOC1598'),(620020760,'COMP3173'),(620020760,'ECON3228'),(620020760,'MATH3059'),(620020760,'PHYS2448');
INSERT INTO Users VALUES (620020761,'Howard','Carlyle','HowardCarlyle@gmail.com','CarlyleHoward');
INSERT INTO Students VALUES (620020761,'UNDERGRAD','01-01-2020');
INSERT INTO Enrolled (u_id,courseCode) VALUES (620020761,'ECON1098'),(620020761,'CHEM2220'),(620020761,'MATH1972');
INSERT INTO Users VALUES (620020762,'Eugene','Knox','EugeneKnox@gmail.com','KnoxEugene');
INSERT INTO Students VALUES (620020762,'UNDERGRAD','01-01-2020');
INSERT INTO Enrolled (u_id,courseCode) VALUES (620020762,'INFO3636'),(620020762,'CHEM1494'),(620020762,'COMP2965');
INSERT INTO Users VALUES (620020763,'Cherise','Vineyard','CheriseVineyard@gmail.com','VineyardCherise');
INSERT INTO Students VALUES (620020763,'UNDERGRAD','01-01-2020');
INSERT INTO Enrolled (u_id,courseCode) VALUES (620020763,'ECON1783'),(620020763,'BIOC3230'),(620020763,'PHYS1140');
INSERT INTO Users VALUES (620020764,'Colin','Letchworth','ColinLetchworth@gmail.com','LetchworthColin');
INSERT INTO Students VALUES (620020764,'UNDERGRAD','01-01-2020');
INSERT INTO Enrolled (u_id,courseCode) VALUES (620020764,'BIOC3721'),(620020764,'BIOC3341'),(620020764,'COMP2077'),(620020764,'PHYS3354'),(620020764,'PHYS3290'),(620020764,'CHEM3327');
INSERT INTO Users VALUES (620020765,'Patricia','Macpartland','PatriciaMacpartland@gmail.com','MacpartlandPatricia');
INSERT INTO Students VALUES (620020765,'UNDERGRAD','01-01-2020');
INSERT INTO Enrolled (u_id,courseCode) VALUES (620020765,'MATH1250'),(620020765,'MATH1148'),(620020765,'ECON1498'),(620020765,'PHYS2451'),(620020765,'COMP2965');
INSERT INTO Users VALUES (620020766,'Peggy','Ekberg','PeggyEkberg@gmail.com','EkbergPeggy');
INSERT INTO Students VALUES (620020766,'UNDERGRAD','01-01-2020');
INSERT INTO Enrolled (u_id,courseCode) VALUES (620020766,'ECON1645'),(620020766,'INFO1825'),(620020766,'INFO2950'),(620020766,'BIOC1052'),(620020766,'COMP3685');
INSERT INTO Users VALUES (620020767,'Chad','Vanhamlin','ChadVanhamlin@gmail.com','VanhamlinChad');
INSERT INTO Students VALUES (620020767,'UNDERGRAD','01-01-2020');
INSERT INTO Enrolled (u_id,courseCode) VALUES (620020767,'MATH2555'),(620020767,'CHEM3054'),(620020767,'MATH3209'),(620020767,'COMP3685'),(620020767,'BIOC1725');
INSERT INTO Users VALUES (620020768,'Doris','Knaub','DorisKnaub@gmail.com','KnaubDoris');
INSERT INTO Students VALUES (620020768,'UNDERGRAD','01-01-2020');
INSERT INTO Enrolled (u_id,courseCode) VALUES (620020768,'INFO1825'),(620020768,'MATH3209'),(620020768,'COMP3167'),(620020768,'PHYS2306'),(620020768,'CHEM2797');
INSERT INTO Users VALUES (620020769,'Deborah','Prince','DeborahPrince@gmail.com','PrinceDeborah');
INSERT INTO Students VALUES (620020769,'UNDERGRAD','01-01-2020');
INSERT INTO Enrolled (u_id,courseCode) VALUES (620020769,'ECON2722'),(620020769,'MATH2717'),(620020769,'PHYS3729'),(620020769,'INFO2559'),(620020769,'BIOC3230'),(620020769,'COMP3685');
INSERT INTO Users VALUES (620020770,'Dwayne','Cash','DwayneCash@gmail.com','CashDwayne');
INSERT INTO Students VALUES (620020770,'UNDERGRAD','01-01-2020');
INSERT INTO Enrolled (u_id,courseCode) VALUES (620020770,'ECON2814'),(620020770,'COMP1184'),(620020770,'INFO2337');
INSERT INTO Users VALUES (620020771,'Shayne','Gillman','ShayneGillman@gmail.com','GillmanShayne');
INSERT INTO Students VALUES (620020771,'UNDERGRAD','01-01-2020');
INSERT INTO Enrolled (u_id,courseCode) VALUES (620020771,'ECON3288'),(620020771,'CHEM2604'),(620020771,'MATH1250');
INSERT INTO Users VALUES (620020772,'Margaret','Stovall','MargaretStovall@gmail.com','StovallMargaret');
INSERT INTO Students VALUES (620020772,'UNDERGRAD','01-01-2020');
INSERT INTO Enrolled (u_id,courseCode) VALUES (620020772,'CHEM3617'),(620020772,'CHEM3054'),(620020772,'BIOC1744'),(620020772,'PHYS1979'),(620020772,'INFO3868'),(620020772,'CHEM3614');
INSERT INTO Users VALUES (620020773,'Mark','Lauritsen','MarkLauritsen@gmail.com','LauritsenMark');
INSERT INTO Students VALUES (620020773,'UNDERGRAD','01-01-2020');
INSERT INTO Enrolled (u_id,courseCode) VALUES (620020773,'MATH3613'),(620020773,'PHYS3729'),(620020773,'ECON1645'),(620020773,'COMP3685'),(620020773,'ECON2814'),(620020773,'COMP3849');
INSERT INTO Users VALUES (620020774,'Christine','Cardona','ChristineCardona@gmail.com','CardonaChristine');
INSERT INTO Students VALUES (620020774,'UNDERGRAD','01-01-2020');
INSERT INTO Enrolled (u_id,courseCode) VALUES (620020774,'BIOC2671'),(620020774,'BIOC3721'),(620020774,'COMP1357'),(620020774,'MATH1735');
INSERT INTO Users VALUES (620020775,'Ethel','Shattuck','EthelShattuck@gmail.com','ShattuckEthel');
INSERT INTO Students VALUES (620020775,'UNDERGRAD','01-01-2020');
INSERT INTO Enrolled (u_id,courseCode) VALUES (620020775,'COMP1543'),(620020775,'MATH2717'),(620020775,'INFO2337'),(620020775,'ECON3989'),(620020775,'CHEM1613'),(620020775,'MATH2550');
INSERT INTO Users VALUES (620020776,'Steven','Garrett','StevenGarrett@gmail.com','GarrettSteven');
INSERT INTO Students VALUES (620020776,'UNDERGRAD','01-01-2020');
INSERT INTO Enrolled (u_id,courseCode) VALUES (620020776,'BIOC1986'),(620020776,'COMP1184'),(620020776,'PHYS3686'),(620020776,'BIOC2550'),(620020776,'CHEM1613');
INSERT INTO Users VALUES (620020777,'Miguel','Sudduth','MiguelSudduth@gmail.com','SudduthMiguel');
INSERT INTO Students VALUES (620020777,'UNDERGRAD','01-01-2020');
INSERT INTO Enrolled (u_id,courseCode) VALUES (620020777,'COMP3238'),(620020777,'CHEM2066'),(620020777,'CHEM3347'),(620020777,'COMP3506'),(620020777,'PHYS2563'),(620020777,'INFO1648');
INSERT INTO Users VALUES (620020778,'Terri','Waugh','TerriWaugh@gmail.com','WaughTerri');
INSERT INTO Students VALUES (620020778,'UNDERGRAD','01-01-2020');
INSERT INTO Enrolled (u_id,courseCode) VALUES (620020778,'PHYS2229'),(620020778,'PHYS1930'),(620020778,'BIOC2054'),(620020778,'BIOC1744');
INSERT INTO Users VALUES (620020779,'Tanya','Grinstead','TanyaGrinstead@gmail.com','GrinsteadTanya');
INSERT INTO Students VALUES (620020779,'UNDERGRAD','01-01-2020');
INSERT INTO Enrolled (u_id,courseCode) VALUES (620020779,'COMP3697'),(620020779,'COMP2400'),(620020779,'MATH2717'),(620020779,'MATH2555'),(620020779,'MATH1262');
INSERT INTO Users VALUES (620020780,'Janice','Myrick','JaniceMyrick@gmail.com','MyrickJanice');
INSERT INTO Students VALUES (620020780,'UNDERGRAD','01-01-2020');
INSERT INTO Enrolled (u_id,courseCode) VALUES (620020780,'PHYS1993'),(620020780,'PHYS3876'),(620020780,'ECON2722'),(620020780,'BIOC1104');
INSERT INTO Users VALUES (620020781,'Daniel','Halford','DanielHalford@gmail.com','HalfordDaniel');
INSERT INTO Students VALUES (620020781,'UNDERGRAD','01-01-2020');
INSERT INTO Enrolled (u_id,courseCode) VALUES (620020781,'PHYS3787'),(620020781,'BIOC1598'),(620020781,'CHEM2005'),(620020781,'BIOC1164'),(620020781,'COMP3084'),(620020781,'INFO2636');
INSERT INTO Users VALUES (620020782,'Teresa','Moldrem','TeresaMoldrem@gmail.com','MoldremTeresa');
INSERT INTO Students VALUES (620020782,'UNDERGRAD','01-01-2020');
INSERT INTO Enrolled (u_id,courseCode) VALUES (620020782,'CHEM2867'),(620020782,'CHEM3614'),(620020782,'BIOC1910'),(620020782,'BIOC1485'),(620020782,'ECON1996'),(620020782,'PHYS2667');
INSERT INTO Users VALUES (620020783,'Jeanna','Howe','JeannaHowe@gmail.com','HoweJeanna');
INSERT INTO Students VALUES (620020783,'UNDERGRAD','01-01-2020');
INSERT INTO Enrolled (u_id,courseCode) VALUES (620020783,'PHYS2238'),(620020783,'MATH2873'),(620020783,'INFO1990'),(620020783,'ECON3737');
INSERT INTO Users VALUES (620020784,'William','Campbell','WilliamCampbell@gmail.com','CampbellWilliam');
INSERT INTO Students VALUES (620020784,'UNDERGRAD','01-01-2020');
INSERT INTO Enrolled (u_id,courseCode) VALUES (620020784,'COMP2361'),(620020784,'ECON1561'),(620020784,'BIOC3721'),(620020784,'CHEM3409');
INSERT INTO Users VALUES (620020785,'Amee','Hart','AmeeHart@gmail.com','HartAmee');
INSERT INTO Students VALUES (620020785,'UNDERGRAD','01-01-2020');
INSERT INTO Enrolled (u_id,courseCode) VALUES (620020785,'MATH3613'),(620020785,'ECON2387'),(620020785,'ECON1645'),(620020785,'MATH1578'),(620020785,'INFO1648'),(620020785,'COMP1357');
INSERT INTO Users VALUES (620020786,'Curtis','Jaworski','CurtisJaworski@gmail.com','JaworskiCurtis');
INSERT INTO Students VALUES (620020786,'UNDERGRAD','01-01-2020');
INSERT INTO Enrolled (u_id,courseCode) VALUES (620020786,'COMP1184'),(620020786,'COMP3685'),(620020786,'COMP3047'),(620020786,'MATH2550'),(620020786,'INFO1833'),(620020786,'COMP3167');
INSERT INTO Users VALUES (620020787,'Teresa','Bras','TeresaBras@gmail.com','BrasTeresa');
INSERT INTO Students VALUES (620020787,'UNDERGRAD','01-01-2020');
INSERT INTO Enrolled (u_id,courseCode) VALUES (620020787,'MATH1309'),(620020787,'ECON1645'),(620020787,'CHEM3888');
INSERT INTO Users VALUES (620020788,'Krista','Ott','KristaOtt@gmail.com','OttKrista');
INSERT INTO Students VALUES (620020788,'UNDERGRAD','01-01-2020');
INSERT INTO Enrolled (u_id,courseCode) VALUES (620020788,'MATH1735'),(620020788,'CHEM3614'),(620020788,'MATH3209');
INSERT INTO Users VALUES (620020789,'Sean','Barrett','SeanBarrett@gmail.com','BarrettSean');
INSERT INTO Students VALUES (620020789,'UNDERGRAD','01-01-2020');
INSERT INTO Enrolled (u_id,courseCode) VALUES (620020789,'CHEM2626'),(620020789,'BIOC2589'),(620020789,'MATH3029');
INSERT INTO Users VALUES (620020790,'Lorenza','Mertens','LorenzaMertens@gmail.com','MertensLorenza');
INSERT INTO Students VALUES (620020790,'UNDERGRAD','01-01-2020');
INSERT INTO Enrolled (u_id,courseCode) VALUES (620020790,'BIOC2589'),(620020790,'MATH1148'),(620020790,'CHEM2626');
INSERT INTO Users VALUES (620020791,'Linda','Deen','LindaDeen@gmail.com','DeenLinda');
INSERT INTO Students VALUES (620020791,'UNDERGRAD','01-01-2020');
INSERT INTO Enrolled (u_id,courseCode) VALUES (620020791,'BIOC1744'),(620020791,'MATH3222'),(620020791,'CHEM2220');
INSERT INTO Users VALUES (620020792,'Nan','Halford','NanHalford@gmail.com','HalfordNan');
INSERT INTO Students VALUES (620020792,'UNDERGRAD','01-01-2020');
INSERT INTO Enrolled (u_id,courseCode) VALUES (620020792,'ECON3004'),(620020792,'PHYS1399'),(620020792,'MATH3688'),(620020792,'COMP2080');
INSERT INTO Users VALUES (620020793,'Latoya','Finkenbinder','LatoyaFinkenbinder@gmail.com','FinkenbinderLatoya');
INSERT INTO Students VALUES (620020793,'UNDERGRAD','01-01-2020');
INSERT INTO Enrolled (u_id,courseCode) VALUES (620020793,'CHEM2604'),(620020793,'COMP3418'),(620020793,'CHEM2727');
INSERT INTO Users VALUES (620020794,'Delmar','Krout','DelmarKrout@gmail.com','KroutDelmar');
INSERT INTO Students VALUES (620020794,'UNDERGRAD','01-01-2020');
INSERT INTO Enrolled (u_id,courseCode) VALUES (620020794,'ECON3550'),(620020794,'INFO1648'),(620020794,'CHEM2626'),(620020794,'BIOC1439'),(620020794,'CHEM3054'),(620020794,'CHEM1613');
INSERT INTO Users VALUES (620020795,'Dorcas','Scales','DorcasScales@gmail.com','ScalesDorcas');
INSERT INTO Students VALUES (620020795,'UNDERGRAD','01-01-2020');
INSERT INTO Enrolled (u_id,courseCode) VALUES (620020795,'COMP1573'),(620020795,'INFO2337'),(620020795,'BIOC1986'),(620020795,'ECON2722'),(620020795,'COMP1543'),(620020795,'BIOC3341');
INSERT INTO Users VALUES (620020796,'Milton','Pedersen','MiltonPedersen@gmail.com','PedersenMilton');
INSERT INTO Students VALUES (620020796,'UNDERGRAD','01-01-2020');
INSERT INTO Enrolled (u_id,courseCode) VALUES (620020796,'COMP1867'),(620020796,'CHEM2005'),(620020796,'ECON1589'),(620020796,'CHEM1494'),(620020796,'ECON3311');
INSERT INTO Users VALUES (620020797,'Kurt','Sniezek','KurtSniezek@gmail.com','SniezekKurt');
INSERT INTO Students VALUES (620020797,'UNDERGRAD','01-01-2020');
INSERT INTO Enrolled (u_id,courseCode) VALUES (620020797,'ECON1783'),(620020797,'BIOC1104'),(620020797,'PHYS2306'),(620020797,'ECON2345'),(620020797,'ECON1996'),(620020797,'PHYS2448');
INSERT INTO Users VALUES (620020798,'Cristina','Shane','CristinaShane@gmail.com','ShaneCristina');
INSERT INTO Students VALUES (620020798,'UNDERGRAD','01-01-2020');
INSERT INTO Enrolled (u_id,courseCode) VALUES (620020798,'INFO2337'),(620020798,'PHYS3686'),(620020798,'PHYS1993'),(620020798,'MATH1309'),(620020798,'CHEM3747'),(620020798,'CHEM1494');
INSERT INTO Users VALUES (620020799,'Leo','Burney','LeoBurney@gmail.com','BurneyLeo');
INSERT INTO Students VALUES (620020799,'UNDERGRAD','01-01-2020');
INSERT INTO Enrolled (u_id,courseCode) VALUES (620020799,'ECON2703'),(620020799,'COMP2541'),(620020799,'ECON1783'),(620020799,'PHYS2667'),(620020799,'MATH1454');
INSERT INTO Users VALUES (620020800,'Elwood','Carlson','ElwoodCarlson@gmail.com','CarlsonElwood');
INSERT INTO Students VALUES (620020800,'UNDERGRAD','01-01-2020');
INSERT INTO Enrolled (u_id,courseCode) VALUES (620020800,'COMP3685'),(620020800,'PHYS2977'),(620020800,'PHYS2113');
INSERT INTO Users VALUES (620020801,'Vanessa','Barron','VanessaBarron@gmail.com','BarronVanessa');
INSERT INTO Students VALUES (620020801,'UNDERGRAD','01-01-2020');
INSERT INTO Enrolled (u_id,courseCode) VALUES (620020801,'CHEM2867'),(620020801,'INFO3645'),(620020801,'COMP2541'),(620020801,'PHYS3464');
INSERT INTO Users VALUES (620020802,'Leo','Crawford','LeoCrawford@gmail.com','CrawfordLeo');
INSERT INTO Students VALUES (620020802,'UNDERGRAD','01-01-2020');
INSERT INTO Enrolled (u_id,courseCode) VALUES (620020802,'ECON3523'),(620020802,'CHEM1807'),(620020802,'CHEM2220');
INSERT INTO Users VALUES (620020803,'Tanya','Campbell','TanyaCampbell@gmail.com','CampbellTanya');
INSERT INTO Students VALUES (620020803,'UNDERGRAD','01-01-2020');
INSERT INTO Enrolled (u_id,courseCode) VALUES (620020803,'COMP1051'),(620020803,'MATH3544'),(620020803,'COMP2965'),(620020803,'ECON2387'),(620020803,'INFO3603');
INSERT INTO Users VALUES (620020804,'Guillermo','Gray','GuillermoGray@gmail.com','GrayGuillermo');
INSERT INTO Students VALUES (620020804,'UNDERGRAD','01-01-2020');
INSERT INTO Enrolled (u_id,courseCode) VALUES (620020804,'COMP2361'),(620020804,'CHEM3617'),(620020804,'COMP2077'),(620020804,'CHEM2481');
INSERT INTO Users VALUES (620020805,'Mason','Collins','MasonCollins@gmail.com','CollinsMason');
INSERT INTO Students VALUES (620020805,'UNDERGRAD','01-01-2020');
INSERT INTO Enrolled (u_id,courseCode) VALUES (620020805,'INFO1648'),(620020805,'INFO1242'),(620020805,'COMP3173');
INSERT INTO Users VALUES (620020806,'Hector','Letchworth','HectorLetchworth@gmail.com','LetchworthHector');
INSERT INTO Students VALUES (620020806,'UNDERGRAD','01-01-2020');
INSERT INTO Enrolled (u_id,courseCode) VALUES (620020806,'PHYS3464'),(620020806,'PHYS3354'),(620020806,'INFO3419');
INSERT INTO Users VALUES (620020807,'Greg','Porter','GregPorter@gmail.com','PorterGreg');
INSERT INTO Students VALUES (620020807,'UNDERGRAD','01-01-2020');
INSERT INTO Enrolled (u_id,courseCode) VALUES (620020807,'COMP2080'),(620020807,'BIOC1744'),(620020807,'ECON3063'),(620020807,'COMP2965');
INSERT INTO Users VALUES (620020808,'Mason','Maze','MasonMaze@gmail.com','MazeMason');
INSERT INTO Students VALUES (620020808,'UNDERGRAD','01-01-2020');
INSERT INTO Enrolled (u_id,courseCode) VALUES (620020808,'PHYS3290'),(620020808,'MATH1638'),(620020808,'CHEM2797'),(620020808,'INFO2813');
INSERT INTO Users VALUES (620020809,'Byron','Robles','ByronRobles@gmail.com','RoblesByron');
INSERT INTO Students VALUES (620020809,'UNDERGRAD','01-01-2020');
INSERT INTO Enrolled (u_id,courseCode) VALUES (620020809,'INFO2521'),(620020809,'MATH1454'),(620020809,'COMP3238'),(620020809,'CHEM2220'),(620020809,'BIOC1986');
INSERT INTO Users VALUES (620020810,'Guillermo','Wolfe','GuillermoWolfe@gmail.com','WolfeGuillermo');
INSERT INTO Students VALUES (620020810,'UNDERGRAD','01-01-2020');
INSERT INTO Enrolled (u_id,courseCode) VALUES (620020810,'PHYS3787'),(620020810,'BIOC1794'),(620020810,'MATH2555'),(620020810,'CHEM2867'),(620020810,'COMP3746');
INSERT INTO Users VALUES (620020811,'Glenda','Mance','GlendaMance@gmail.com','ManceGlenda');
INSERT INTO Students VALUES (620020811,'UNDERGRAD','01-01-2020');
INSERT INTO Enrolled (u_id,courseCode) VALUES (620020811,'COMP1543'),(620020811,'PHYS3659'),(620020811,'PHYS3729');
INSERT INTO Users VALUES (620020812,'Wanda','Winner','WandaWinner@gmail.com','WinnerWanda');
INSERT INTO Students VALUES (620020812,'UNDERGRAD','01-01-2020');
INSERT INTO Enrolled (u_id,courseCode) VALUES (620020812,'CHEM2604'),(620020812,'INFO1833'),(620020812,'CHEM3327'),(620020812,'COMP3238'),(620020812,'CHEM3409');
INSERT INTO Users VALUES (620020813,'Nancy','Butler','NancyButler@gmail.com','ButlerNancy');
INSERT INTO Students VALUES (620020813,'UNDERGRAD','01-01-2020');
INSERT INTO Enrolled (u_id,courseCode) VALUES (620020813,'CHEM3614'),(620020813,'ECON1996'),(620020813,'PHYS1979');
INSERT INTO Users VALUES (620020814,'Arthur','Carlyle','ArthurCarlyle@gmail.com','CarlyleArthur');
INSERT INTO Students VALUES (620020814,'UNDERGRAD','01-01-2020');
INSERT INTO Enrolled (u_id,courseCode) VALUES (620020814,'INFO1825'),(620020814,'MATH1148'),(620020814,'MATH1309'),(620020814,'ECON3020'),(620020814,'ECON3311');
INSERT INTO Users VALUES (620020815,'Timothy','Hamilton','TimothyHamilton@gmail.com','HamiltonTimothy');
INSERT INTO Students VALUES (620020815,'UNDERGRAD','01-01-2020');
INSERT INTO Enrolled (u_id,courseCode) VALUES (620020815,'BIOC2054'),(620020815,'PHYS2238'),(620020815,'BIOC1104'),(620020815,'MATH2501');
INSERT INTO Users VALUES (620020816,'Grace','Shani','GraceShani@gmail.com','ShaniGrace');
INSERT INTO Students VALUES (620020816,'UNDERGRAD','01-01-2020');
INSERT INTO Enrolled (u_id,courseCode) VALUES (620020816,'COMP3746'),(620020816,'PHYS2451'),(620020816,'INFO3645'),(620020816,'MATH1578'),(620020816,'COMP2080');
INSERT INTO Users VALUES (620020817,'Lisa','Barrett','LisaBarrett@gmail.com','BarrettLisa');
INSERT INTO Students VALUES (620020817,'UNDERGRAD','01-01-2020');
INSERT INTO Enrolled (u_id,courseCode) VALUES (620020817,'BIOC2983'),(620020817,'MATH1972'),(620020817,'PHYS1993'),(620020817,'ECON1645'),(620020817,'CHEM3614'),(620020817,'MATH3613');
INSERT INTO Users VALUES (620020818,'Teresa','Givens','TeresaGivens@gmail.com','GivensTeresa');
INSERT INTO Students VALUES (620020818,'UNDERGRAD','01-01-2020');
INSERT INTO Enrolled (u_id,courseCode) VALUES (620020818,'PHYS3787'),(620020818,'ECON1498'),(620020818,'INFO2337'),(620020818,'MATH3222');
INSERT INTO Users VALUES (620020819,'Thomas','Nerbonne','ThomasNerbonne@gmail.com','NerbonneThomas');
INSERT INTO Students VALUES (620020819,'UNDERGRAD','01-01-2020');
INSERT INTO Enrolled (u_id,courseCode) VALUES (620020819,'MATH1735'),(620020819,'MATH1972'),(620020819,'ECON2387'),(620020819,'COMP2080'),(620020819,'PHYS2117');
INSERT INTO Users VALUES (620020820,'Gregory','Lavoy','GregoryLavoy@gmail.com','LavoyGregory');
INSERT INTO Students VALUES (620020820,'UNDERGRAD','01-01-2020');
INSERT INTO Enrolled (u_id,courseCode) VALUES (620020820,'PHYS2338'),(620020820,'INFO1288'),(620020820,'INFO3603'),(620020820,'BIOC1910'),(620020820,'CHEM2626'),(620020820,'CHEM2797');
INSERT INTO Users VALUES (620020821,'Catherine','Gilman','CatherineGilman@gmail.com','GilmanCatherine');
INSERT INTO Students VALUES (620020821,'UNDERGRAD','01-01-2020');
INSERT INTO Enrolled (u_id,courseCode) VALUES (620020821,'BIOC2983'),(620020821,'INFO1145'),(620020821,'PHYS2667'),(620020821,'CHEM2481');
INSERT INTO Users VALUES (620020822,'Danielle','Duffie','DanielleDuffie@gmail.com','DuffieDanielle');
INSERT INTO Students VALUES (620020822,'UNDERGRAD','01-01-2020');
INSERT INTO Enrolled (u_id,courseCode) VALUES (620020822,'BIOC2589'),(620020822,'COMP1460'),(620020822,'INFO1447'),(620020822,'CHEM2727'),(620020822,'PHYS2448');
INSERT INTO Users VALUES (620020823,'Melanie','Henderson','MelanieHenderson@gmail.com','HendersonMelanie');
INSERT INTO Students VALUES (620020823,'UNDERGRAD','01-01-2020');
INSERT INTO Enrolled (u_id,courseCode) VALUES (620020823,'MATH3844'),(620020823,'ECON3281'),(620020823,'BIOC3341'),(620020823,'ECON2703');
INSERT INTO Users VALUES (620020824,'Amee','Barron','AmeeBarron@gmail.com','BarronAmee');
INSERT INTO Students VALUES (620020824,'UNDERGRAD','01-01-2020');
INSERT INTO Enrolled (u_id,courseCode) VALUES (620020824,'MATH3857'),(620020824,'INFO1447'),(620020824,'COMP2077');
INSERT INTO Users VALUES (620020825,'Nathan','Chan','NathanChan@gmail.com','ChanNathan');
INSERT INTO Students VALUES (620020825,'UNDERGRAD','01-01-2020');
INSERT INTO Enrolled (u_id,courseCode) VALUES (620020825,'MATH3222'),(620020825,'BIOC1164'),(620020825,'MATH2188'),(620020825,'MATH1250'),(620020825,'BIOC2236'),(620020825,'INFO1014');
INSERT INTO Users VALUES (620020826,'Cleveland','Blevins','ClevelandBlevins@gmail.com','BlevinsCleveland');
INSERT INTO Students VALUES (620020826,'UNDERGRAD','01-01-2020');
INSERT INTO Enrolled (u_id,courseCode) VALUES (620020826,'ECON1230'),(620020826,'CHEM2031'),(620020826,'CHEM3327');
INSERT INTO Users VALUES (620020827,'Howard','Rodriguez','HowardRodriguez@gmail.com','RodriguezHoward');
INSERT INTO Students VALUES (620020827,'UNDERGRAD','01-01-2020');
INSERT INTO Enrolled (u_id,courseCode) VALUES (620020827,'ECON3228'),(620020827,'ECON1012'),(620020827,'CHEM2481'),(620020827,'MATH3029'),(620020827,'CHEM3347');
INSERT INTO Users VALUES (620020828,'Dominick','Baccus','DominickBaccus@gmail.com','BaccusDominick');
INSERT INTO Students VALUES (620020828,'UNDERGRAD','01-01-2020');
INSERT INTO Enrolled (u_id,courseCode) VALUES (620020828,'COMP1573'),(620020828,'MATH1972'),(620020828,'ECON3063'),(620020828,'ECON2814'),(620020828,'PHYS3876');
INSERT INTO Users VALUES (620020829,'Vivian','Givens','VivianGivens@gmail.com','GivensVivian');
INSERT INTO Students VALUES (620020829,'UNDERGRAD','01-01-2020');
INSERT INTO Enrolled (u_id,courseCode) VALUES (620020829,'BIOC3604'),(620020829,'MATH2188'),(620020829,'CHEM2149'),(620020829,'ECON3063'),(620020829,'INFO1825'),(620020829,'COMP3536');
INSERT INTO Users VALUES (620020830,'Doris','Colley','DorisColley@gmail.com','ColleyDoris');
INSERT INTO Students VALUES (620020830,'UNDERGRAD','01-01-2020');
INSERT INTO Enrolled (u_id,courseCode) VALUES (620020830,'BIOC1910'),(620020830,'BIOC3721'),(620020830,'BIOC3230'),(620020830,'BIOC1794');
INSERT INTO Users VALUES (620020831,'Trina','Busse','TrinaBusse@gmail.com','BusseTrina');
INSERT INTO Students VALUES (620020831,'UNDERGRAD','01-01-2020');
INSERT INTO Enrolled (u_id,courseCode) VALUES (620020831,'CHEM2481'),(620020831,'INFO1648'),(620020831,'COMP3536'),(620020831,'BIOC1534'),(620020831,'MATH1454');
INSERT INTO Users VALUES (620020832,'Dwayne','Hernandez','DwayneHernandez@gmail.com','HernandezDwayne');
INSERT INTO Students VALUES (620020832,'UNDERGRAD','01-01-2020');
INSERT INTO Enrolled (u_id,courseCode) VALUES (620020832,'PHYS2306'),(620020832,'MATH3209'),(620020832,'CHEM2797'),(620020832,'MATH2957'),(620020832,'COMP3685');
INSERT INTO Users VALUES (620020833,'Mathew','Carrington','MathewCarrington@gmail.com','CarringtonMathew');
INSERT INTO Students VALUES (620020833,'UNDERGRAD','01-01-2020');
INSERT INTO Enrolled (u_id,courseCode) VALUES (620020833,'MATH3613'),(620020833,'ECON3311'),(620020833,'ECON2345'),(620020833,'ECON3281');
INSERT INTO Users VALUES (620020834,'Juanita','Crespo','JuanitaCrespo@gmail.com','CrespoJuanita');
INSERT INTO Students VALUES (620020834,'UNDERGRAD','01-01-2020');
INSERT INTO Enrolled (u_id,courseCode) VALUES (620020834,'CHEM2481'),(620020834,'ECON3276'),(620020834,'ECON3523');
INSERT INTO Users VALUES (620020835,'Eunice','Vineyard','EuniceVineyard@gmail.com','VineyardEunice');
INSERT INTO Students VALUES (620020835,'UNDERGRAD','01-01-2020');
INSERT INTO Enrolled (u_id,courseCode) VALUES (620020835,'COMP1573'),(620020835,'INFO2860'),(620020835,'MATH2555'),(620020835,'PHYS3876');
INSERT INTO Users VALUES (620020836,'Sarah','Coleman','SarahColeman@gmail.com','ColemanSarah');
INSERT INTO Students VALUES (620020836,'UNDERGRAD','01-01-2020');
INSERT INTO Enrolled (u_id,courseCode) VALUES (620020836,'ECON3063'),(620020836,'PHYS2113'),(620020836,'COMP3639'),(620020836,'INFO1825');
INSERT INTO Users VALUES (620020837,'Miss','Duffy','MissDuffy@gmail.com','DuffyMiss');
INSERT INTO Students VALUES (620020837,'UNDERGRAD','01-01-2020');
INSERT INTO Enrolled (u_id,courseCode) VALUES (620020837,'INFO1145'),(620020837,'COMP3639'),(620020837,'BIOC1598'),(620020837,'CHEM2446'),(620020837,'MATH1148');
INSERT INTO Users VALUES (620020838,'Alice','Miller','AliceMiller@gmail.com','MillerAlice');
INSERT INTO Students VALUES (620020838,'UNDERGRAD','01-01-2020');
INSERT INTO Enrolled (u_id,courseCode) VALUES (620020838,'COMP1357'),(620020838,'ECON1996'),(620020838,'COMP3697'),(620020838,'PHYS2451'),(620020838,'COMP3084');
INSERT INTO Users VALUES (620020839,'Warren','Velasquez','WarrenVelasquez@gmail.com','VelasquezWarren');
INSERT INTO Students VALUES (620020839,'UNDERGRAD','01-01-2020');
INSERT INTO Enrolled (u_id,courseCode) VALUES (620020839,'CHEM2177'),(620020839,'BIOC1866'),(620020839,'CHEM2867');
INSERT INTO Users VALUES (620020840,'Gina','Cummins','GinaCummins@gmail.com','CumminsGina');
INSERT INTO Students VALUES (620020840,'UNDERGRAD','01-01-2020');
INSERT INTO Enrolled (u_id,courseCode) VALUES (620020840,'ECON1561'),(620020840,'CHEM1494'),(620020840,'COMP1460');
INSERT INTO Users VALUES (620020841,'Ronald','Sullivan','RonaldSullivan@gmail.com','SullivanRonald');
INSERT INTO Students VALUES (620020841,'UNDERGRAD','01-01-2020');
INSERT INTO Enrolled (u_id,courseCode) VALUES (620020841,'MATH2873'),(620020841,'COMP3084'),(620020841,'MATH3179'),(620020841,'COMP2717'),(620020841,'ECON1012'),(620020841,'COMP3685');
INSERT INTO Users VALUES (620020842,'Tanya','Meraz','TanyaMeraz@gmail.com','MerazTanya');
INSERT INTO Students VALUES (620020842,'UNDERGRAD','01-01-2020');
INSERT INTO Enrolled (u_id,courseCode) VALUES (620020842,'CHEM1340'),(620020842,'MATH2067'),(620020842,'CHEM2220'),(620020842,'BIOC1598'),(620020842,'CHEM2481'),(620020842,'BIOC3191');
INSERT INTO Users VALUES (620020843,'Manuel','Vargas','ManuelVargas@gmail.com','VargasManuel');
INSERT INTO Students VALUES (620020843,'UNDERGRAD','01-01-2020');
INSERT INTO Enrolled (u_id,courseCode) VALUES (620020843,'MATH1309'),(620020843,'BIOC1744'),(620020843,'COMP2717');
INSERT INTO Users VALUES (620020844,'Cristina','Braun','CristinaBraun@gmail.com','BraunCristina');
INSERT INTO Students VALUES (620020844,'UNDERGRAD','01-01-2020');
INSERT INTO Enrolled (u_id,courseCode) VALUES (620020844,'INFO3935'),(620020844,'PHYS3052'),(620020844,'ECON3447');
INSERT INTO Users VALUES (620020845,'Harold','Uribe','HaroldUribe@gmail.com','UribeHarold');
INSERT INTO Students VALUES (620020845,'UNDERGRAD','01-01-2020');
INSERT INTO Enrolled (u_id,courseCode) VALUES (620020845,'PHYS2448'),(620020845,'MATH3222'),(620020845,'ECON3020'),(620020845,'COMP1460'),(620020845,'INFO2860'),(620020845,'ECON3063');
INSERT INTO Users VALUES (620020846,'Kenneth','Bower','KennethBower@gmail.com','BowerKenneth');
INSERT INTO Students VALUES (620020846,'UNDERGRAD','01-01-2020');
INSERT INTO Enrolled (u_id,courseCode) VALUES (620020846,'PHYS2306'),(620020846,'ECON1098'),(620020846,'BIOC2550'),(620020846,'MATH1972'),(620020846,'COMP1543'),(620020846,'CHEM2697');
INSERT INTO Users VALUES (620020847,'Juanita','Rice','JuanitaRice@gmail.com','RiceJuanita');
INSERT INTO Students VALUES (620020847,'UNDERGRAD','01-01-2020');
INSERT INTO Enrolled (u_id,courseCode) VALUES (620020847,'CHEM1613'),(620020847,'ECON1098'),(620020847,'INFO2813'),(620020847,'INFO2559'),(620020847,'COMP1460'),(620020847,'INFO1288');
INSERT INTO Users VALUES (620020848,'Lilla','Bourgoin','LillaBourgoin@gmail.com','BourgoinLilla');
INSERT INTO Students VALUES (620020848,'UNDERGRAD','01-01-2020');
INSERT INTO Enrolled (u_id,courseCode) VALUES (620020848,'MATH2550'),(620020848,'CHEM3347'),(620020848,'CHEM1340'),(620020848,'MATH1648');
INSERT INTO Users VALUES (620020849,'Harold','White','HaroldWhite@gmail.com','WhiteHarold');
INSERT INTO Students VALUES (620020849,'UNDERGRAD','01-01-2020');
INSERT INTO Enrolled (u_id,courseCode) VALUES (620020849,'CHEM3054'),(620020849,'MATH2067'),(620020849,'COMP3173');
INSERT INTO Users VALUES (620020850,'Ralph','Spohn','RalphSpohn@gmail.com','SpohnRalph');
INSERT INTO Students VALUES (620020850,'UNDERGRAD','01-01-2020');
INSERT INTO Enrolled (u_id,courseCode) VALUES (620020850,'PHYS3787'),(620020850,'CHEM2005'),(620020850,'COMP3047'),(620020850,'PHYS2238');
INSERT INTO Users VALUES (620020851,'Patsy','Blevins','PatsyBlevins@gmail.com','BlevinsPatsy');
INSERT INTO Students VALUES (620020851,'UNDERGRAD','01-01-2020');
INSERT INTO Enrolled (u_id,courseCode) VALUES (620020851,'MATH3179'),(620020851,'ECON1012'),(620020851,'COMP3173'),(620020851,'INFO3603'),(620020851,'PHYS2117');
INSERT INTO Users VALUES (620020852,'Antionette','Burney','AntionetteBurney@gmail.com','BurneyAntionette');
INSERT INTO Students VALUES (620020852,'UNDERGRAD','01-01-2020');
INSERT INTO Enrolled (u_id,courseCode) VALUES (620020852,'ECON1589'),(620020852,'COMP2651'),(620020852,'COMP3697'),(620020852,'ECON1996');
INSERT INTO Users VALUES (620020853,'Ronald','English','RonaldEnglish@gmail.com','EnglishRonald');
INSERT INTO Students VALUES (620020853,'UNDERGRAD','01-01-2020');
INSERT INTO Enrolled (u_id,courseCode) VALUES (620020853,'MATH2873'),(620020853,'MATH1454'),(620020853,'COMP3047'),(620020853,'BIOC2981'),(620020853,'ECON2814'),(620020853,'INFO3935');
INSERT INTO Users VALUES (620020854,'Stephen','Eubank','StephenEubank@gmail.com','EubankStephen');
INSERT INTO Students VALUES (620020854,'UNDERGRAD','01-01-2020');
INSERT INTO Enrolled (u_id,courseCode) VALUES (620020854,'BIOC3721'),(620020854,'PHYS1140'),(620020854,'MATH3029'),(620020854,'PHYS3464'),(620020854,'COMP1867');
INSERT INTO Users VALUES (620020855,'Deborah','Tate','DeborahTate@gmail.com','TateDeborah');
INSERT INTO Students VALUES (620020855,'UNDERGRAD','01-01-2020');
INSERT INTO Enrolled (u_id,courseCode) VALUES (620020855,'BIOC1725'),(620020855,'PHYS3729'),(620020855,'PHYS3659'),(620020855,'CHEM3054');
INSERT INTO Users VALUES (620020856,'Betty','Howe','BettyHowe@gmail.com','HoweBetty');
INSERT INTO Students VALUES (620020856,'UNDERGRAD','01-01-2020');
INSERT INTO Enrolled (u_id,courseCode) VALUES (620020856,'PHYS2451'),(620020856,'CHEM2697'),(620020856,'MATH3059');
INSERT INTO Users VALUES (620020857,'Keith','Mcalister','KeithMcalister@gmail.com','McalisterKeith');
INSERT INTO Students VALUES (620020857,'UNDERGRAD','01-01-2020');
INSERT INTO Enrolled (u_id,courseCode) VALUES (620020857,'COMP3697'),(620020857,'MATH1638'),(620020857,'COMP3238'),(620020857,'PHYS1173');
INSERT INTO Users VALUES (620020858,'Susan','Carlson','SusanCarlson@gmail.com','CarlsonSusan');
INSERT INTO Students VALUES (620020858,'UNDERGRAD','01-01-2020');
INSERT INTO Enrolled (u_id,courseCode) VALUES (620020858,'ECON3550'),(620020858,'CHEM2481'),(620020858,'MATH2957'),(620020858,'CHEM2149'),(620020858,'INFO2813');
INSERT INTO Users VALUES (620020859,'Catherine','Harness','CatherineHarness@gmail.com','HarnessCatherine');
INSERT INTO Students VALUES (620020859,'UNDERGRAD','01-01-2020');
INSERT INTO Enrolled (u_id,courseCode) VALUES (620020859,'INFO2636'),(620020859,'ECON3020'),(620020859,'BIOC2550'),(620020859,'INFO1833'),(620020859,'PHYS2306'),(620020859,'INFO2521');
INSERT INTO Users VALUES (620020860,'Hector','Swan','HectorSwan@gmail.com','SwanHector');
INSERT INTO Students VALUES (620020860,'UNDERGRAD','01-01-2020');
INSERT INTO Enrolled (u_id,courseCode) VALUES (620020860,'PHYS3290'),(620020860,'INFO2559'),(620020860,'COMP2717');
INSERT INTO Users VALUES (620020861,'Manuel','Shani','ManuelShani@gmail.com','ShaniManuel');
INSERT INTO Students VALUES (620020861,'UNDERGRAD','01-01-2020');
INSERT INTO Enrolled (u_id,courseCode) VALUES (620020861,'MATH3222'),(620020861,'MATH2801'),(620020861,'ECON3447');
INSERT INTO Users VALUES (620020862,'Patsy','Gaffney','PatsyGaffney@gmail.com','GaffneyPatsy');
INSERT INTO Students VALUES (620020862,'UNDERGRAD','01-01-2020');
INSERT INTO Enrolled (u_id,courseCode) VALUES (620020862,'PHYS2117'),(620020862,'BIOC1534'),(620020862,'COMP2080');
INSERT INTO Users VALUES (620020863,'Jeanna','Crespo','JeannaCrespo@gmail.com','CrespoJeanna');
INSERT INTO Students VALUES (620020863,'UNDERGRAD','01-01-2020');
INSERT INTO Enrolled (u_id,courseCode) VALUES (620020863,'ECON1458'),(620020863,'BIOC2671'),(620020863,'PHYS3339'),(620020863,'PHYS2306'),(620020863,'CHEM1485'),(620020863,'CHEM2867');
INSERT INTO Users VALUES (620020864,'Evelyn','Coleman','EvelynColeman@gmail.com','ColemanEvelyn');
INSERT INTO Students VALUES (620020864,'UNDERGRAD','01-01-2020');
INSERT INTO Enrolled (u_id,courseCode) VALUES (620020864,'BIOC1986'),(620020864,'INFO1242'),(620020864,'MATH3613');
INSERT INTO Users VALUES (620020865,'Ashleigh','Garnes','AshleighGarnes@gmail.com','GarnesAshleigh');
INSERT INTO Students VALUES (620020865,'UNDERGRAD','01-01-2020');
INSERT INTO Enrolled (u_id,courseCode) VALUES (620020865,'MATH2067'),(620020865,'PHYS3787'),(620020865,'ECON1098'),(620020865,'PHYS2451');
INSERT INTO Users VALUES (620020866,'Bryan','Banks','BryanBanks@gmail.com','BanksBryan');
INSERT INTO Students VALUES (620020866,'UNDERGRAD','01-01-2020');
INSERT INTO Enrolled (u_id,courseCode) VALUES (620020866,'ECON1230'),(620020866,'CHEM3409'),(620020866,'CHEM3888');
INSERT INTO Users VALUES (620020867,'Jamison','Brown','JamisonBrown@gmail.com','BrownJamison');
INSERT INTO Students VALUES (620020867,'UNDERGRAD','01-01-2020');
INSERT INTO Enrolled (u_id,courseCode) VALUES (620020867,'MATH1309'),(620020867,'MATH2550'),(620020867,'INFO2213'),(620020867,'INFO3645');
INSERT INTO Users VALUES (620020868,'Sandra','Ekberg','SandraEkberg@gmail.com','EkbergSandra');
INSERT INTO Students VALUES (620020868,'UNDERGRAD','01-01-2020');
INSERT INTO Enrolled (u_id,courseCode) VALUES (620020868,'INFO2811'),(620020868,'MATH3029'),(620020868,'MATH1250'),(620020868,'PHYS2117'),(620020868,'MATH3844'),(620020868,'PHYS2977');
INSERT INTO Users VALUES (620020869,'Grace','Duffie','GraceDuffie@gmail.com','DuffieGrace');
INSERT INTO Students VALUES (620020869,'UNDERGRAD','01-01-2020');
INSERT INTO Enrolled (u_id,courseCode) VALUES (620020869,'BIOC2054'),(620020869,'PHYS3290'),(620020869,'COMP3849');
INSERT INTO Users VALUES (620020870,'Jesus','Kaupp','JesusKaupp@gmail.com','KauppJesus');
INSERT INTO Students VALUES (620020870,'UNDERGRAD','01-01-2020');
INSERT INTO Enrolled (u_id,courseCode) VALUES (620020870,'CHEM2065'),(620020870,'BIOC3604'),(620020870,'COMP1573');
INSERT INTO Users VALUES (620020871,'Byron','Golden','ByronGolden@gmail.com','GoldenByron');
INSERT INTO Students VALUES (620020871,'UNDERGRAD','01-01-2020');
INSERT INTO Enrolled (u_id,courseCode) VALUES (620020871,'INFO1825'),(620020871,'BIOC1910'),(620020871,'COMP1051'),(620020871,'INFO2811'),(620020871,'COMP3685'),(620020871,'COMP3047');
INSERT INTO Users VALUES (620020872,'Jennifer','Phinney','JenniferPhinney@gmail.com','PhinneyJennifer');
INSERT INTO Students VALUES (620020872,'UNDERGRAD','01-01-2020');
INSERT INTO Enrolled (u_id,courseCode) VALUES (620020872,'MATH2717'),(620020872,'ECON3085'),(620020872,'CHEM1807'),(620020872,'CHEM3614'),(620020872,'COMP1573');
INSERT INTO Users VALUES (620020873,'Frances','Felipe','FrancesFelipe@gmail.com','FelipeFrances');
INSERT INTO Students VALUES (620020873,'UNDERGRAD','01-01-2020');
INSERT INTO Enrolled (u_id,courseCode) VALUES (620020873,'MATH1262'),(620020873,'INFO2559'),(620020873,'INFO2950'),(620020873,'MATH2555');
INSERT INTO Users VALUES (620020874,'Mark','Richardson','MarkRichardson@gmail.com','RichardsonMark');
INSERT INTO Students VALUES (620020874,'UNDERGRAD','01-01-2020');
INSERT INTO Enrolled (u_id,courseCode) VALUES (620020874,'PHYS3729'),(620020874,'ECON3311'),(620020874,'CHEM2066'),(620020874,'MATH1648');
INSERT INTO Users VALUES (620020875,'Jewell','Joeckel','JewellJoeckel@gmail.com','JoeckelJewell');
INSERT INTO Students VALUES (620020875,'UNDERGRAD','01-01-2020');
INSERT INTO Enrolled (u_id,courseCode) VALUES (620020875,'PHYS1930'),(620020875,'BIOC1439'),(620020875,'INFO1833'),(620020875,'MATH1638'),(620020875,'MATH3179');
INSERT INTO Users VALUES (620020876,'Bernie','Campbell','BernieCampbell@gmail.com','CampbellBernie');
INSERT INTO Students VALUES (620020876,'UNDERGRAD','01-01-2020');
INSERT INTO Enrolled (u_id,courseCode) VALUES (620020876,'COMP2541'),(620020876,'BIOC1052'),(620020876,'ECON3281');
INSERT INTO Users VALUES (620020877,'Marilyn','Burney','MarilynBurney@gmail.com','BurneyMarilyn');
INSERT INTO Students VALUES (620020877,'UNDERGRAD','01-01-2020');
INSERT INTO Enrolled (u_id,courseCode) VALUES (620020877,'INFO2716'),(620020877,'CHEM2797'),(620020877,'INFO3935'),(620020877,'MATH3222'),(620020877,'CHEM2727'),(620020877,'PHYS2667');
INSERT INTO Users VALUES (620020878,'Carrie','Diggs','CarrieDiggs@gmail.com','DiggsCarrie');
INSERT INTO Students VALUES (620020878,'UNDERGRAD','01-01-2020');
INSERT INTO Enrolled (u_id,courseCode) VALUES (620020878,'ECON3447'),(620020878,'COMP1573'),(620020878,'MATH1250'),(620020878,'CHEM3614');
INSERT INTO Users VALUES (620020879,'Young','Taylor','YoungTaylor@gmail.com','TaylorYoung');
INSERT INTO Students VALUES (620020879,'UNDERGRAD','01-01-2020');
INSERT INTO Enrolled (u_id,courseCode) VALUES (620020879,'BIOC2589'),(620020879,'ECON1996'),(620020879,'PHYS2563'),(620020879,'BIOC1164');
INSERT INTO Users VALUES (620020880,'Lindsey','Siple','LindseySiple@gmail.com','SipleLindsey');
INSERT INTO Students VALUES (620020880,'UNDERGRAD','01-01-2020');
INSERT INTO Enrolled (u_id,courseCode) VALUES (620020880,'ECON3020'),(620020880,'ECON1783'),(620020880,'INFO2950');
INSERT INTO Users VALUES (620020881,'Keith','Atkins','KeithAtkins@gmail.com','AtkinsKeith');
INSERT INTO Students VALUES (620020881,'UNDERGRAD','01-01-2020');
INSERT INTO Enrolled (u_id,courseCode) VALUES (620020881,'PHYS2113'),(620020881,'MATH1648'),(620020881,'ECON2345'),(620020881,'COMP3084');
INSERT INTO Users VALUES (620020882,'Adam','Swan','AdamSwan@gmail.com','SwanAdam');
INSERT INTO Students VALUES (620020882,'UNDERGRAD','01-01-2020');
INSERT INTO Enrolled (u_id,courseCode) VALUES (620020882,'BIOC2671'),(620020882,'COMP3238'),(620020882,'INFO3645'),(620020882,'PHYS2229'),(620020882,'ECON3288'),(620020882,'MATH1250');
INSERT INTO Users VALUES (620020883,'Geoffrey','Wesley','GeoffreyWesley@gmail.com','WesleyGeoffrey');
INSERT INTO Students VALUES (620020883,'UNDERGRAD','01-01-2020');
INSERT INTO Enrolled (u_id,courseCode) VALUES (620020883,'MATH1638'),(620020883,'PHYS1173'),(620020883,'MATH1148'),(620020883,'INFO1242'),(620020883,'CHEM2867');
INSERT INTO Users VALUES (620020884,'Danielle','Vanhamlin','DanielleVanhamlin@gmail.com','VanhamlinDanielle');
INSERT INTO Students VALUES (620020884,'UNDERGRAD','01-01-2020');
INSERT INTO Enrolled (u_id,courseCode) VALUES (620020884,'PHYS3052'),(620020884,'ECON3281'),(620020884,'BIOC2236'),(620020884,'MATH1250'),(620020884,'CHEM2149');
INSERT INTO Users VALUES (620020885,'Rene','Robles','ReneRobles@gmail.com','RoblesRene');
INSERT INTO Students VALUES (620020885,'UNDERGRAD','01-01-2020');
INSERT INTO Enrolled (u_id,courseCode) VALUES (620020885,'PHYS3464'),(620020885,'COMP3047'),(620020885,'MATH3613');
INSERT INTO Users VALUES (620020886,'Kathleen','Butler','KathleenButler@gmail.com','ButlerKathleen');
INSERT INTO Students VALUES (620020886,'UNDERGRAD','01-01-2020');
INSERT INTO Enrolled (u_id,courseCode) VALUES (620020886,'CHEM3327'),(620020886,'PHYS2117'),(620020886,'COMP1867'),(620020886,'CHEM3617'),(620020886,'ECON1458'),(620020886,'INFO3636');
INSERT INTO Users VALUES (620020887,'Carrie','Blackwell','CarrieBlackwell@gmail.com','BlackwellCarrie');
INSERT INTO Students VALUES (620020887,'UNDERGRAD','01-01-2020');
INSERT INTO Enrolled (u_id,courseCode) VALUES (620020887,'CHEM3614'),(620020887,'BIOC2981'),(620020887,'CHEM2177'),(620020887,'INFO1825'),(620020887,'MATH1250');
INSERT INTO Users VALUES (620020888,'Jonathan','Petersen','JonathanPetersen@gmail.com','PetersenJonathan');
INSERT INTO Students VALUES (620020888,'UNDERGRAD','01-01-2020');
INSERT INTO Enrolled (u_id,courseCode) VALUES (620020888,'MATH3613'),(620020888,'MATH1262'),(620020888,'INFO2860'),(620020888,'INFO1447'),(620020888,'MATH3173');
INSERT INTO Users VALUES (620020889,'Tim','Jeanbaptiste','TimJeanbaptiste@gmail.com','JeanbaptisteTim');
INSERT INTO Students VALUES (620020889,'UNDERGRAD','01-01-2020');
INSERT INTO Enrolled (u_id,courseCode) VALUES (620020889,'COMP2717'),(620020889,'COMP1460'),(620020889,'INFO3636'),(620020889,'PHYS2977');
INSERT INTO Users VALUES (620020890,'Lauren','Nighman','LaurenNighman@gmail.com','NighmanLauren');
INSERT INTO Students VALUES (620020890,'UNDERGRAD','01-01-2020');
INSERT INTO Enrolled (u_id,courseCode) VALUES (620020890,'PHYS2238'),(620020890,'COMP2651'),(620020890,'COMP3639');
INSERT INTO Users VALUES (620020891,'Willie','Maze','WillieMaze@gmail.com','MazeWillie');
INSERT INTO Students VALUES (620020891,'UNDERGRAD','01-01-2020');
INSERT INTO Enrolled (u_id,courseCode) VALUES (620020891,'PHYS2563'),(620020891,'CHEM3617'),(620020891,'CHEM2177'),(620020891,'PHYS3659');
INSERT INTO Users VALUES (620020892,'Lorenza','Krause','LorenzaKrause@gmail.com','KrauseLorenza');
INSERT INTO Students VALUES (620020892,'UNDERGRAD','01-01-2020');
INSERT INTO Enrolled (u_id,courseCode) VALUES (620020892,'MATH3613'),(620020892,'BIOC1794'),(620020892,'BIOC3230');
INSERT INTO Users VALUES (620020893,'Charles','Cardona','CharlesCardona@gmail.com','CardonaCharles');
INSERT INTO Students VALUES (620020893,'UNDERGRAD','01-01-2020');
INSERT INTO Enrolled (u_id,courseCode) VALUES (620020893,'BIOC2054'),(620020893,'ECON2387'),(620020893,'INFO1825'),(620020893,'BIOC2983'),(620020893,'MATH1638'),(620020893,'CHEM2604');
INSERT INTO Users VALUES (620020894,'Hector','Hernandez','HectorHernandez@gmail.com','HernandezHector');
INSERT INTO Students VALUES (620020894,'UNDERGRAD','01-01-2020');
INSERT INTO Enrolled (u_id,courseCode) VALUES (620020894,'ECON2703'),(620020894,'COMP3746'),(620020894,'CHEM2149'),(620020894,'COMP2965'),(620020894,'PHYS1993'),(620020894,'CHEM2031');
INSERT INTO Users VALUES (620020895,'Roberta','Huffman','RobertaHuffman@gmail.com','HuffmanRoberta');
INSERT INTO Students VALUES (620020895,'UNDERGRAD','01-01-2020');
INSERT INTO Enrolled (u_id,courseCode) VALUES (620020895,'INFO2716'),(620020895,'BIOC1164'),(620020895,'COMP2080'),(620020895,'PHYS1173');
INSERT INTO Users VALUES (620020896,'Reginald','Jensen','ReginaldJensen@gmail.com','JensenReginald');
INSERT INTO Students VALUES (620020896,'UNDERGRAD','01-01-2020');
INSERT INTO Enrolled (u_id,courseCode) VALUES (620020896,'COMP2361'),(620020896,'INFO1145'),(620020896,'MATH1638'),(620020896,'BIOC1910');
INSERT INTO Users VALUES (620020897,'Keith','Garrett','KeithGarrett@gmail.com','GarrettKeith');
INSERT INTO Students VALUES (620020897,'UNDERGRAD','01-01-2020');
INSERT INTO Enrolled (u_id,courseCode) VALUES (620020897,'MATH2067'),(620020897,'COMP2361'),(620020897,'ECON3550'),(620020897,'COMP3167'),(620020897,'COMP2541'),(620020897,'PHYS2306');
INSERT INTO Users VALUES (620020898,'Kasey','Kenney','KaseyKenney@gmail.com','KenneyKasey');
INSERT INTO Students VALUES (620020898,'UNDERGRAD','01-01-2020');
INSERT INTO Enrolled (u_id,courseCode) VALUES (620020898,'PHYS3290'),(620020898,'COMP3084'),(620020898,'CHEM3617');
INSERT INTO Users VALUES (620020899,'Robert','Barron','RobertBarron@gmail.com','BarronRobert');
INSERT INTO Students VALUES (620020899,'UNDERGRAD','01-01-2020');
INSERT INTO Enrolled (u_id,courseCode) VALUES (620020899,'CHEM1613'),(620020899,'INFO3603'),(620020899,'INFO1825'),(620020899,'CHEM1494'),(620020899,'MATH1250'),(620020899,'ECON3523');
INSERT INTO Users VALUES (620020900,'Nancy','Alexander','NancyAlexander@gmail.com','AlexanderNancy');
INSERT INTO Students VALUES (620020900,'UNDERGRAD','01-01-2020');
INSERT INTO Enrolled (u_id,courseCode) VALUES (620020900,'COMP3849'),(620020900,'ECON3020'),(620020900,'MATH2873');
INSERT INTO Users VALUES (620020901,'Milton','Hodge','MiltonHodge@gmail.com','HodgeMilton');
INSERT INTO Students VALUES (620020901,'UNDERGRAD','01-01-2020');
INSERT INTO Enrolled (u_id,courseCode) VALUES (620020901,'PHYS3354'),(620020901,'MATH3688'),(620020901,'ECON3447'),(620020901,'BIOC2236'),(620020901,'MATH2555'),(620020901,'COMP3685');
INSERT INTO Users VALUES (620020902,'Stanley','Schilling','StanleySchilling@gmail.com','SchillingStanley');
INSERT INTO Students VALUES (620020902,'UNDERGRAD','01-01-2020');
INSERT INTO Enrolled (u_id,courseCode) VALUES (620020902,'PHYS2563'),(620020902,'COMP1573'),(620020902,'COMP2400'),(620020902,'BIOC1485');
INSERT INTO Users VALUES (620020903,'Deanna','Dumas','DeannaDumas@gmail.com','DumasDeanna');
INSERT INTO Students VALUES (620020903,'UNDERGRAD','01-01-2020');
INSERT INTO Enrolled (u_id,courseCode) VALUES (620020903,'CHEM2697'),(620020903,'ECON2345'),(620020903,'PHYS3339');
INSERT INTO Users VALUES (620020904,'Melodie','Bordelon','MelodieBordelon@gmail.com','BordelonMelodie');
INSERT INTO Students VALUES (620020904,'UNDERGRAD','01-01-2020');
INSERT INTO Enrolled (u_id,courseCode) VALUES (620020904,'CHEM2697'),(620020904,'CHEM2626'),(620020904,'CHEM2177'),(620020904,'PHYS3464'),(620020904,'COMP3238');
INSERT INTO Users VALUES (620020905,'Dawn','White','DawnWhite@gmail.com','WhiteDawn');
INSERT INTO Students VALUES (620020905,'UNDERGRAD','01-01-2020');
INSERT INTO Enrolled (u_id,courseCode) VALUES (620020905,'ECON3228'),(620020905,'ECON3989'),(620020905,'ECON2387'),(620020905,'MATH3059');
INSERT INTO Users VALUES (620020906,'Linda','Bradford','LindaBradford@gmail.com','BradfordLinda');
INSERT INTO Students VALUES (620020906,'UNDERGRAD','01-01-2020');
INSERT INTO Enrolled (u_id,courseCode) VALUES (620020906,'MATH3179'),(620020906,'BIOC3721'),(620020906,'BIOC2054'),(620020906,'CHEM1340'),(620020906,'ECON1645');
INSERT INTO Users VALUES (620020907,'Mathew','Gilman','MathewGilman@gmail.com','GilmanMathew');
INSERT INTO Students VALUES (620020907,'UNDERGRAD','01-01-2020');
INSERT INTO Enrolled (u_id,courseCode) VALUES (620020907,'ECON3288'),(620020907,'PHYS1993'),(620020907,'INFO2337'),(620020907,'CHEM3793');
INSERT INTO Users VALUES (620020908,'Tia','Pero','TiaPero@gmail.com','PeroTia');
INSERT INTO Students VALUES (620020908,'UNDERGRAD','01-01-2020');
INSERT INTO Enrolled (u_id,courseCode) VALUES (620020908,'MATH2555'),(620020908,'PHYS1399'),(620020908,'MATH2188'),(620020908,'INFO1825'),(620020908,'PHYS2229');
INSERT INTO Users VALUES (620020909,'Iris','Cummins','IrisCummins@gmail.com','CumminsIris');
INSERT INTO Students VALUES (620020909,'UNDERGRAD','01-01-2020');
INSERT INTO Enrolled (u_id,courseCode) VALUES (620020909,'COMP1460'),(620020909,'CHEM2031'),(620020909,'BIOC3230'),(620020909,'PHYS1140'),(620020909,'INFO2521'),(620020909,'BIOC1448');
INSERT INTO Users VALUES (620020910,'Angie','Dahlheimer','AngieDahlheimer@gmail.com','DahlheimerAngie');
INSERT INTO Students VALUES (620020910,'UNDERGRAD','01-01-2020');
INSERT INTO Enrolled (u_id,courseCode) VALUES (620020910,'MATH2957'),(620020910,'MATH3222'),(620020910,'PHYS3464');
INSERT INTO Users VALUES (620020911,'Dale','Wilson','DaleWilson@gmail.com','WilsonDale');
INSERT INTO Students VALUES (620020911,'UNDERGRAD','01-01-2020');
INSERT INTO Enrolled (u_id,courseCode) VALUES (620020911,'MATH3029'),(620020911,'PHYS3729'),(620020911,'COMP3639');
INSERT INTO Users VALUES (620020912,'Rhoda','Chatcho','RhodaChatcho@gmail.com','ChatchoRhoda');
INSERT INTO Students VALUES (620020912,'UNDERGRAD','01-01-2020');
INSERT INTO Enrolled (u_id,courseCode) VALUES (620020912,'BIOC3721'),(620020912,'MATH3209'),(620020912,'MATH3173'),(620020912,'CHEM1807');
INSERT INTO Users VALUES (620020913,'Craig','Madsen','CraigMadsen@gmail.com','MadsenCraig');
INSERT INTO Students VALUES (620020913,'UNDERGRAD','01-01-2020');
INSERT INTO Enrolled (u_id,courseCode) VALUES (620020913,'COMP3047'),(620020913,'ECON1561'),(620020913,'PHYS2667'),(620020913,'INFO3935'),(620020913,'COMP3167');
INSERT INTO Users VALUES (620020914,'Linda','Gillis','LindaGillis@gmail.com','GillisLinda');
INSERT INTO Students VALUES (620020914,'UNDERGRAD','01-01-2020');
INSERT INTO Enrolled (u_id,courseCode) VALUES (620020914,'MATH1578'),(620020914,'CHEM3747'),(620020914,'COMP3084');
INSERT INTO Users VALUES (620020915,'Jessie','Harms','JessieHarms@gmail.com','HarmsJessie');
INSERT INTO Students VALUES (620020915,'UNDERGRAD','01-01-2020');
INSERT INTO Enrolled (u_id,courseCode) VALUES (620020915,'MATH1972'),(620020915,'INFO2270'),(620020915,'MATH1250'),(620020915,'CHEM2031'),(620020915,'INFO3935');
INSERT INTO Users VALUES (620020916,'Gina','Henderson','GinaHenderson@gmail.com','HendersonGina');
INSERT INTO Students VALUES (620020916,'UNDERGRAD','01-01-2020');
INSERT INTO Enrolled (u_id,courseCode) VALUES (620020916,'COMP3173'),(620020916,'MATH2188'),(620020916,'ECON1783');
INSERT INTO Users VALUES (620020917,'Louis','Ryan','LouisRyan@gmail.com','RyanLouis');
INSERT INTO Students VALUES (620020917,'UNDERGRAD','01-01-2020');
INSERT INTO Enrolled (u_id,courseCode) VALUES (620020917,'COMP3418'),(620020917,'MATH3544'),(620020917,'MATH3059');
INSERT INTO Users VALUES (620020918,'Marie','Krout','MarieKrout@gmail.com','KroutMarie');
INSERT INTO Students VALUES (620020918,'UNDERGRAD','01-01-2020');
INSERT INTO Enrolled (u_id,courseCode) VALUES (620020918,'PHYS3052'),(620020918,'MATH3179'),(620020918,'ECON1645'),(620020918,'PHYS2306'),(620020918,'ECON3523'),(620020918,'COMP3047');
INSERT INTO Users VALUES (620020919,'Stephanie','Lockwood','StephanieLockwood@gmail.com','LockwoodStephanie');
INSERT INTO Students VALUES (620020919,'UNDERGRAD','01-01-2020');
INSERT INTO Enrolled (u_id,courseCode) VALUES (620020919,'MATH1972'),(620020919,'COMP3167'),(620020919,'BIOC1164'),(620020919,'PHYS1399'),(620020919,'PHYS2338');
INSERT INTO Users VALUES (620020920,'Gordon','Oswalt','GordonOswalt@gmail.com','OswaltGordon');
INSERT INTO Students VALUES (620020920,'UNDERGRAD','01-01-2020');
INSERT INTO Enrolled (u_id,courseCode) VALUES (620020920,'PHYS3686'),(620020920,'BIOC2054'),(620020920,'CHEM3793'),(620020920,'COMP1460'),(620020920,'MATH3222'),(620020920,'PHYS2451');
INSERT INTO Users VALUES (620020921,'Shane','Oswalt','ShaneOswalt@gmail.com','OswaltShane');
INSERT INTO Students VALUES (620020921,'UNDERGRAD','01-01-2020');
INSERT INTO Enrolled (u_id,courseCode) VALUES (620020921,'MATH2717'),(620020921,'MATH2873'),(620020921,'ECON3281'),(620020921,'ECON1996'),(620020921,'BIOC2054'),(620020921,'ECON1098');
INSERT INTO Users VALUES (620020922,'William','Lauritsen','WilliamLauritsen@gmail.com','LauritsenWilliam');
INSERT INTO Students VALUES (620020922,'UNDERGRAD','01-01-2020');
INSERT INTO Enrolled (u_id,courseCode) VALUES (620020922,'ECON3020'),(620020922,'MATH2717'),(620020922,'BIOC3230'),(620020922,'PHYS2306');
INSERT INTO Users VALUES (620020923,'Deborah','Diggs','DeborahDiggs@gmail.com','DiggsDeborah');
INSERT INTO Students VALUES (620020923,'UNDERGRAD','01-01-2020');
INSERT INTO Enrolled (u_id,courseCode) VALUES (620020923,'ECON2387'),(620020923,'COMP1573'),(620020923,'COMP3506'),(620020923,'COMP3849'),(620020923,'BIOC2550');
INSERT INTO Users VALUES (620020924,'Reginald','Noonan','ReginaldNoonan@gmail.com','NoonanReginald');
INSERT INTO Students VALUES (620020924,'UNDERGRAD','01-01-2020');
INSERT INTO Enrolled (u_id,courseCode) VALUES (620020924,'BIOC3604'),(620020924,'CHEM2066'),(620020924,'MATH1972'),(620020924,'INFO2860'),(620020924,'MATH1648'),(620020924,'MATH2801');
INSERT INTO Users VALUES (620020925,'Shawn','Sharp','ShawnSharp@gmail.com','SharpShawn');
INSERT INTO Students VALUES (620020925,'UNDERGRAD','01-01-2020');
INSERT INTO Enrolled (u_id,courseCode) VALUES (620020925,'BIOC1794'),(620020925,'COMP3167'),(620020925,'BIOC1866'),(620020925,'MATH2550'),(620020925,'MATH2717'),(620020925,'COMP3506');
INSERT INTO Users VALUES (620020926,'Traci','Walker','TraciWalker@gmail.com','WalkerTraci');
INSERT INTO Students VALUES (620020926,'UNDERGRAD','01-01-2020');
INSERT INTO Enrolled (u_id,courseCode) VALUES (620020926,'COMP3697'),(620020926,'MATH1250'),(620020926,'CHEM2446');
INSERT INTO Users VALUES (620020927,'Rhonda','Cummins','RhondaCummins@gmail.com','CumminsRhonda');
INSERT INTO Students VALUES (620020927,'UNDERGRAD','01-01-2020');
INSERT INTO Enrolled (u_id,courseCode) VALUES (620020927,'INFO2811'),(620020927,'ECON1783'),(620020927,'BIOC1104'),(620020927,'PHYS1399'),(620020927,'BIOC2236');
INSERT INTO Users VALUES (620020928,'Flora','Robinson','FloraRobinson@gmail.com','RobinsonFlora');
INSERT INTO Students VALUES (620020928,'UNDERGRAD','01-01-2020');
INSERT INTO Enrolled (u_id,courseCode) VALUES (620020928,'MATH1250'),(620020928,'COMP1573'),(620020928,'COMP1460'),(620020928,'PHYS3354'),(620020928,'MATH3544');
INSERT INTO Users VALUES (620020929,'Ethel','Stallings','EthelStallings@gmail.com','StallingsEthel');
INSERT INTO Students VALUES (620020929,'UNDERGRAD','01-01-2020');
INSERT INTO Enrolled (u_id,courseCode) VALUES (620020929,'BIOC2589'),(620020929,'PHYS2338'),(620020929,'INFO3935'),(620020929,'COMP2361'),(620020929,'MATH3688'),(620020929,'INFO2559');
INSERT INTO Users VALUES (620020930,'Toby','Tirabassi','TobyTirabassi@gmail.com','TirabassiToby');
INSERT INTO Students VALUES (620020930,'UNDERGRAD','01-01-2020');
INSERT INTO Enrolled (u_id,courseCode) VALUES (620020930,'COMP3418'),(620020930,'BIOC1986'),(620020930,'PHYS3686'),(620020930,'CHEM3747'),(620020930,'CHEM3327');
INSERT INTO Users VALUES (620020931,'Mack','Richardson','MackRichardson@gmail.com','RichardsonMack');
INSERT INTO Students VALUES (620020931,'UNDERGRAD','01-01-2020');
INSERT INTO Enrolled (u_id,courseCode) VALUES (620020931,'INFO1242'),(620020931,'INFO1447'),(620020931,'MATH3857'),(620020931,'ECON2345');
INSERT INTO Users VALUES (620020932,'Rodney','Robles','RodneyRobles@gmail.com','RoblesRodney');
INSERT INTO Students VALUES (620020932,'UNDERGRAD','01-01-2020');
INSERT INTO Enrolled (u_id,courseCode) VALUES (620020932,'INFO2950'),(620020932,'INFO3645'),(620020932,'BIOC2671'),(620020932,'MATH2957');
INSERT INTO Users VALUES (620020933,'Ruby','Deen','RubyDeen@gmail.com','DeenRuby');
INSERT INTO Students VALUES (620020933,'UNDERGRAD','01-01-2020');
INSERT INTO Enrolled (u_id,courseCode) VALUES (620020933,'COMP2077'),(620020933,'MATH2801'),(620020933,'MATH3688');
INSERT INTO Users VALUES (620020934,'Evelyn','Valenzuela','EvelynValenzuela@gmail.com','ValenzuelaEvelyn');
INSERT INTO Students VALUES (620020934,'UNDERGRAD','01-01-2020');
INSERT INTO Enrolled (u_id,courseCode) VALUES (620020934,'BIOC1448'),(620020934,'INFO3636'),(620020934,'MATH1262');
INSERT INTO Users VALUES (620020935,'Bryon','Richardson','BryonRichardson@gmail.com','RichardsonBryon');
INSERT INTO Students VALUES (620020935,'UNDERGRAD','01-01-2020');
INSERT INTO Enrolled (u_id,courseCode) VALUES (620020935,'MATH2873'),(620020935,'CHEM2177'),(620020935,'MATH2555'),(620020935,'BIOC2671'),(620020935,'COMP3685');
INSERT INTO Users VALUES (620020936,'Sandra','Krout','SandraKrout@gmail.com','KroutSandra');
INSERT INTO Students VALUES (620020936,'UNDERGRAD','01-01-2020');
INSERT INTO Enrolled (u_id,courseCode) VALUES (620020936,'PHYS1140'),(620020936,'INFO1648'),(620020936,'ECON3737'),(620020936,'ECON3523'),(620020936,'BIOC2589'),(620020936,'ECON3228');
INSERT INTO Users VALUES (620020937,'Jeanna','Miller','JeannaMiller@gmail.com','MillerJeanna');
INSERT INTO Students VALUES (620020937,'UNDERGRAD','01-01-2020');
INSERT INTO Enrolled (u_id,courseCode) VALUES (620020937,'BIOC2589'),(620020937,'COMP3685'),(620020937,'INFO1990'),(620020937,'COMP3418');
INSERT INTO Users VALUES (620020938,'Lorenza','Tallent','LorenzaTallent@gmail.com','TallentLorenza');
INSERT INTO Students VALUES (620020938,'UNDERGRAD','01-01-2020');
INSERT INTO Enrolled (u_id,courseCode) VALUES (620020938,'INFO2811'),(620020938,'COMP3697'),(620020938,'ECON3311');
INSERT INTO Users VALUES (620020939,'Shawn','Chan','ShawnChan@gmail.com','ChanShawn');
INSERT INTO Students VALUES (620020939,'UNDERGRAD','01-01-2020');
INSERT INTO Enrolled (u_id,courseCode) VALUES (620020939,'PHYS2448'),(620020939,'CHEM1807'),(620020939,'COMP3849'),(620020939,'INFO2636'),(620020939,'CHEM3617');
INSERT INTO Users VALUES (620020940,'Bobby','Ryan','BobbyRyan@gmail.com','RyanBobby');
INSERT INTO Students VALUES (620020940,'UNDERGRAD','01-01-2020');
INSERT INTO Enrolled (u_id,courseCode) VALUES (620020940,'CHEM2867'),(620020940,'BIOC1910'),(620020940,'INFO1648'),(620020940,'COMP3685');
INSERT INTO Users VALUES (620020941,'Kathleen','Schilling','KathleenSchilling@gmail.com','SchillingKathleen');
INSERT INTO Students VALUES (620020941,'UNDERGRAD','01-01-2020');
INSERT INTO Enrolled (u_id,courseCode) VALUES (620020941,'MATH1148'),(620020941,'INFO2147'),(620020941,'INFO2636'),(620020941,'PHYS2338'),(620020941,'COMP3697');
INSERT INTO Users VALUES (620020942,'Christine','Steere','ChristineSteere@gmail.com','SteereChristine');
INSERT INTO Students VALUES (620020942,'UNDERGRAD','01-01-2020');
INSERT INTO Enrolled (u_id,courseCode) VALUES (620020942,'COMP1184'),(620020942,'MATH3857'),(620020942,'PHYS2977'),(620020942,'MATH2550');
INSERT INTO Users VALUES (620020943,'Dwayne','Howe','DwayneHowe@gmail.com','HoweDwayne');
INSERT INTO Students VALUES (620020943,'UNDERGRAD','01-01-2020');
INSERT INTO Enrolled (u_id,courseCode) VALUES (620020943,'INFO1145'),(620020943,'PHYS2448'),(620020943,'INFO3419'),(620020943,'ECON1561');
INSERT INTO Users VALUES (620020944,'Kimberly','Hardman','KimberlyHardman@gmail.com','HardmanKimberly');
INSERT INTO Students VALUES (620020944,'UNDERGRAD','01-01-2020');
INSERT INTO Enrolled (u_id,courseCode) VALUES (620020944,'BIOC1104'),(620020944,'INFO1014'),(620020944,'ECON3311');
INSERT INTO Users VALUES (620020945,'Blake','Richardson','BlakeRichardson@gmail.com','RichardsonBlake');
INSERT INTO Students VALUES (620020945,'UNDERGRAD','01-01-2020');
INSERT INTO Enrolled (u_id,courseCode) VALUES (620020945,'ECON1498'),(620020945,'ECON2387'),(620020945,'INFO2716'),(620020945,'ECON1589');
INSERT INTO Users VALUES (620020946,'Don','Amberg','DonAmberg@gmail.com','AmbergDon');
INSERT INTO Students VALUES (620020946,'UNDERGRAD','01-01-2020');
INSERT INTO Enrolled (u_id,courseCode) VALUES (620020946,'BIOC3191'),(620020946,'COMP1543'),(620020946,'MATH1972'),(620020946,'COMP1051'),(620020946,'CHEM2066'),(620020946,'MATH3173');
INSERT INTO Users VALUES (620020947,'Gordon','Cummings','GordonCummings@gmail.com','CummingsGordon');
INSERT INTO Students VALUES (620020947,'UNDERGRAD','01-01-2020');
INSERT INTO Enrolled (u_id,courseCode) VALUES (620020947,'BIOC3604'),(620020947,'ECON3020'),(620020947,'COMP2717'),(620020947,'BIOC3191'),(620020947,'BIOC1485'),(620020947,'MATH2801');
INSERT INTO Users VALUES (620020948,'Dora','Lemieux','DoraLemieux@gmail.com','LemieuxDora');
INSERT INTO Students VALUES (620020948,'UNDERGRAD','01-01-2020');
INSERT INTO Enrolled (u_id,courseCode) VALUES (620020948,'PHYS3787'),(620020948,'INFO2213'),(620020948,'INFO2636'),(620020948,'ECON3228'),(620020948,'MATH2957');
INSERT INTO Users VALUES (620020949,'Jeanna','Fields','JeannaFields@gmail.com','FieldsJeanna');
INSERT INTO Students VALUES (620020949,'UNDERGRAD','01-01-2020');
INSERT INTO Enrolled (u_id,courseCode) VALUES (620020949,'COMP1357'),(620020949,'MATH3179'),(620020949,'ECON3550'),(620020949,'BIOC3191'),(620020949,'INFO1145'),(620020949,'PHYS1930');
INSERT INTO Users VALUES (620020950,'Charlotte','Mertens','CharlotteMertens@gmail.com','MertensCharlotte');
INSERT INTO Students VALUES (620020950,'UNDERGRAD','01-01-2020');
INSERT INTO Enrolled (u_id,courseCode) VALUES (620020950,'COMP1867'),(620020950,'ECON2814'),(620020950,'ECON3550'),(620020950,'CHEM2867');
INSERT INTO Users VALUES (620020951,'Richard','Vario','RichardVario@gmail.com','VarioRichard');
INSERT INTO Students VALUES (620020951,'UNDERGRAD','01-01-2020');
INSERT INTO Enrolled (u_id,courseCode) VALUES (620020951,'COMP3167'),(620020951,'PHYS2306'),(620020951,'ECON3228'),(620020951,'PHYS2338'),(620020951,'PHYS3290'),(620020951,'CHEM1613');
INSERT INTO Users VALUES (620020952,'Elwood','Letchworth','ElwoodLetchworth@gmail.com','LetchworthElwood');
INSERT INTO Students VALUES (620020952,'UNDERGRAD','01-01-2020');
INSERT INTO Enrolled (u_id,courseCode) VALUES (620020952,'COMP1543'),(620020952,'BIOC1164'),(620020952,'INFO3603');
INSERT INTO Users VALUES (620020953,'Nan','Dunn','NanDunn@gmail.com','DunnNan');
INSERT INTO Students VALUES (620020953,'UNDERGRAD','01-01-2020');
INSERT INTO Enrolled (u_id,courseCode) VALUES (620020953,'CHEM1340'),(620020953,'ECON1012'),(620020953,'BIOC1866'),(620020953,'CHEM3793');
INSERT INTO Users VALUES (620020954,'Andrew','Carlos','AndrewCarlos@gmail.com','CarlosAndrew');
INSERT INTO Students VALUES (620020954,'UNDERGRAD','01-01-2020');
INSERT INTO Enrolled (u_id,courseCode) VALUES (620020954,'INFO3868'),(620020954,'INFO1990'),(620020954,'CHEM1485');
INSERT INTO Users VALUES (620020955,'Roger','Brock','RogerBrock@gmail.com','BrockRoger');
INSERT INTO Students VALUES (620020955,'UNDERGRAD','01-01-2020');
INSERT INTO Enrolled (u_id,courseCode) VALUES (620020955,'BIOC2589'),(620020955,'MATH1972'),(620020955,'ECON1589'),(620020955,'CHEM2220'),(620020955,'PHYS3290'),(620020955,'BIOC2983');
INSERT INTO Users VALUES (620020956,'Joan','Sultzer','JoanSultzer@gmail.com','SultzerJoan');
INSERT INTO Students VALUES (620020956,'UNDERGRAD','01-01-2020');
INSERT INTO Enrolled (u_id,courseCode) VALUES (620020956,'BIOC1164'),(620020956,'COMP3639'),(620020956,'COMP3685'),(620020956,'MATH3544');
INSERT INTO Users VALUES (620020957,'Rosa','Nunn','RosaNunn@gmail.com','NunnRosa');
INSERT INTO Students VALUES (620020957,'UNDERGRAD','01-01-2020');
INSERT INTO Enrolled (u_id,courseCode) VALUES (620020957,'PHYS3354'),(620020957,'MATH1262'),(620020957,'ECON3523'),(620020957,'MATH3844'),(620020957,'MATH1648');
INSERT INTO Users VALUES (620020958,'Paul','Luper','PaulLuper@gmail.com','LuperPaul');
INSERT INTO Students VALUES (620020958,'UNDERGRAD','01-01-2020');
INSERT INTO Enrolled (u_id,courseCode) VALUES (620020958,'COMP3639'),(620020958,'ECON2703'),(620020958,'PHYS2563');
INSERT INTO Users VALUES (620020959,'Brian','Meisner','BrianMeisner@gmail.com','MeisnerBrian');
INSERT INTO Students VALUES (620020959,'UNDERGRAD','01-01-2020');
INSERT INTO Enrolled (u_id,courseCode) VALUES (620020959,'ECON1170'),(620020959,'INFO2636'),(620020959,'ECON3372'),(620020959,'ECON3085'),(620020959,'PHYS3052');
INSERT INTO Users VALUES (620020960,'Don','Gondek','DonGondek@gmail.com','GondekDon');
INSERT INTO Students VALUES (620020960,'UNDERGRAD','01-01-2020');
INSERT INTO Enrolled (u_id,courseCode) VALUES (620020960,'ECON2387'),(620020960,'BIOC2054'),(620020960,'COMP3849'),(620020960,'BIOC3191'),(620020960,'ECON3020');
INSERT INTO Users VALUES (620020961,'James','Wilbanks','JamesWilbanks@gmail.com','WilbanksJames');
INSERT INTO Students VALUES (620020961,'UNDERGRAD','01-01-2020');
INSERT INTO Enrolled (u_id,courseCode) VALUES (620020961,'MATH2717'),(620020961,'BIOC1448'),(620020961,'MATH3179');
INSERT INTO Users VALUES (620020962,'Bryon','Wood','BryonWood@gmail.com','WoodBryon');
INSERT INTO Students VALUES (620020962,'UNDERGRAD','01-01-2020');
INSERT INTO Enrolled (u_id,courseCode) VALUES (620020962,'INFO1288'),(620020962,'INFO3868'),(620020962,'COMP3685'),(620020962,'ECON3063'),(620020962,'BIOC1164');
INSERT INTO Users VALUES (620020963,'Debbie','Blackwell','DebbieBlackwell@gmail.com','BlackwellDebbie');
INSERT INTO Students VALUES (620020963,'UNDERGRAD','01-01-2020');
INSERT INTO Enrolled (u_id,courseCode) VALUES (620020963,'MATH2957'),(620020963,'INFO2559'),(620020963,'INFO1288'),(620020963,'CHEM1807');
INSERT INTO Users VALUES (620020964,'Katie','Steinberger','KatieSteinberger@gmail.com','SteinbergerKatie');
INSERT INTO Students VALUES (620020964,'UNDERGRAD','01-01-2020');
INSERT INTO Enrolled (u_id,courseCode) VALUES (620020964,'BIOC3191'),(620020964,'CHEM2065'),(620020964,'PHYS3876'),(620020964,'CHEM3409'),(620020964,'ECON3737');
INSERT INTO Users VALUES (620020965,'Reginald','Kaupp','ReginaldKaupp@gmail.com','KauppReginald');
INSERT INTO Students VALUES (620020965,'UNDERGRAD','01-01-2020');
INSERT INTO Enrolled (u_id,courseCode) VALUES (620020965,'CHEM2065'),(620020965,'BIOC3191'),(620020965,'MATH3179'),(620020965,'BIOC1448'),(620020965,'COMP1867');
INSERT INTO Users VALUES (620020966,'Bernie','Petty','BerniePetty@gmail.com','PettyBernie');
INSERT INTO Students VALUES (620020966,'UNDERGRAD','01-01-2020');
INSERT INTO Enrolled (u_id,courseCode) VALUES (620020966,'INFO2270'),(620020966,'ECON3550'),(620020966,'BIOC1164'),(620020966,'CHEM2446');
INSERT INTO Users VALUES (620020967,'Lois','Kimbrell','LoisKimbrell@gmail.com','KimbrellLois');
INSERT INTO Students VALUES (620020967,'UNDERGRAD','01-01-2020');
INSERT INTO Enrolled (u_id,courseCode) VALUES (620020967,'CHEM2005'),(620020967,'ECON3228'),(620020967,'CHEM1613'),(620020967,'PHYS2113');
INSERT INTO Users VALUES (620020968,'Bernard','Vario','BernardVario@gmail.com','VarioBernard');
INSERT INTO Students VALUES (620020968,'UNDERGRAD','01-01-2020');
INSERT INTO Enrolled (u_id,courseCode) VALUES (620020968,'INFO2337'),(620020968,'INFO2716'),(620020968,'CHEM2066'),(620020968,'MATH3222'),(620020968,'COMP2717'),(620020968,'COMP3084');
INSERT INTO Users VALUES (620020969,'Earl','Davis','EarlDavis@gmail.com','DavisEarl');
INSERT INTO Students VALUES (620020969,'UNDERGRAD','01-01-2020');
INSERT INTO Enrolled (u_id,courseCode) VALUES (620020969,'CHEM1613'),(620020969,'ECON1589'),(620020969,'ECON1170'),(620020969,'PHYS2306'),(620020969,'CHEM3409');
INSERT INTO Users VALUES (620020970,'Holly','Kenney','HollyKenney@gmail.com','KenneyHolly');
INSERT INTO Students VALUES (620020970,'UNDERGRAD','01-01-2020');
INSERT INTO Enrolled (u_id,courseCode) VALUES (620020970,'COMP2651'),(620020970,'BIOC2983'),(620020970,'COMP1184'),(620020970,'INFO1990');
INSERT INTO Users VALUES (620020971,'Caroline','Vargas','CarolineVargas@gmail.com','VargasCaroline');
INSERT INTO Students VALUES (620020971,'UNDERGRAD','01-01-2020');
INSERT INTO Enrolled (u_id,courseCode) VALUES (620020971,'INFO1242'),(620020971,'MATH2801'),(620020971,'ECON1645'),(620020971,'ECON1561'),(620020971,'BIOC3604'),(620020971,'PHYS1173');
INSERT INTO Users VALUES (620020972,'Orlando','Calder','OrlandoCalder@gmail.com','CalderOrlando');
INSERT INTO Students VALUES (620020972,'UNDERGRAD','01-01-2020');
INSERT INTO Enrolled (u_id,courseCode) VALUES (620020972,'ECON3281'),(620020972,'COMP3536'),(620020972,'CHEM3617'),(620020972,'BIOC1866');
INSERT INTO Users VALUES (620020973,'Marcus','Figueroa','MarcusFigueroa@gmail.com','FigueroaMarcus');
INSERT INTO Students VALUES (620020973,'UNDERGRAD','01-01-2020');
INSERT INTO Enrolled (u_id,courseCode) VALUES (620020973,'CHEM2066'),(620020973,'BIOC2983'),(620020973,'INFO1288');
INSERT INTO Users VALUES (620020974,'Celia','Rodriguez','CeliaRodriguez@gmail.com','RodriguezCelia');
INSERT INTO Students VALUES (620020974,'UNDERGRAD','01-01-2020');
INSERT INTO Enrolled (u_id,courseCode) VALUES (620020974,'CHEM1340'),(620020974,'CHEM2220'),(620020974,'PHYS3876'),(620020974,'BIOC1725'),(620020974,'CHEM2604');
INSERT INTO Users VALUES (620020975,'Dwayne','Ryan','DwayneRyan@gmail.com','RyanDwayne');
INSERT INTO Students VALUES (620020975,'UNDERGRAD','01-01-2020');
INSERT INTO Enrolled (u_id,courseCode) VALUES (620020975,'COMP3173'),(620020975,'BIOC1439'),(620020975,'MATH1309');
INSERT INTO Users VALUES (620020976,'Frankie','Christenberry','FrankieChristenberry@gmail.com','ChristenberryFrankie');
INSERT INTO Students VALUES (620020976,'UNDERGRAD','01-01-2020');
INSERT INTO Enrolled (u_id,courseCode) VALUES (620020976,'PHYS1993'),(620020976,'BIOC1598'),(620020976,'CHEM3054'),(620020976,'CHEM2065'),(620020976,'PHYS1140');
INSERT INTO Users VALUES (620020977,'Dean','Evans','DeanEvans@gmail.com','EvansDean');
INSERT INTO Students VALUES (620020977,'UNDERGRAD','01-01-2020');
INSERT INTO Enrolled (u_id,courseCode) VALUES (620020977,'INFO2860'),(620020977,'COMP3746'),(620020977,'BIOC1164'),(620020977,'ECON3288');
INSERT INTO Users VALUES (620020978,'Teresa','Terry','TeresaTerry@gmail.com','TerryTeresa');
INSERT INTO Students VALUES (620020978,'UNDERGRAD','01-01-2020');
INSERT INTO Enrolled (u_id,courseCode) VALUES (620020978,'INFO3645'),(620020978,'BIOC3191'),(620020978,'MATH3179'),(620020978,'INFO2797'),(620020978,'COMP1573'),(620020978,'CHEM2149');
INSERT INTO Users VALUES (620020979,'Jeanna','Spohn','JeannaSpohn@gmail.com','SpohnJeanna');
INSERT INTO Students VALUES (620020979,'UNDERGRAD','01-01-2020');
INSERT INTO Enrolled (u_id,courseCode) VALUES (620020979,'COMP2077'),(620020979,'PHYS2306'),(620020979,'ECON1589'),(620020979,'COMP3639');
INSERT INTO Users VALUES (620020980,'Kimberly','Kent','KimberlyKent@gmail.com','KentKimberly');
INSERT INTO Students VALUES (620020980,'UNDERGRAD','01-01-2020');
INSERT INTO Enrolled (u_id,courseCode) VALUES (620020980,'MATH2501'),(620020980,'COMP3167'),(620020980,'MATH2717'),(620020980,'MATH2067'),(620020980,'BIOC1910');
INSERT INTO Users VALUES (620020981,'Timothy','Crawford','TimothyCrawford@gmail.com','CrawfordTimothy');
INSERT INTO Students VALUES (620020981,'UNDERGRAD','01-01-2020');
INSERT INTO Enrolled (u_id,courseCode) VALUES (620020981,'BIOC2983'),(620020981,'BIOC1448'),(620020981,'BIOC3721');
INSERT INTO Users VALUES (620020982,'Frankie','Cash','FrankieCash@gmail.com','CashFrankie');
INSERT INTO Students VALUES (620020982,'UNDERGRAD','01-01-2020');
INSERT INTO Enrolled (u_id,courseCode) VALUES (620020982,'BIOC2054'),(620020982,'INFO2860'),(620020982,'COMP3697');
INSERT INTO Users VALUES (620020983,'Edward','Evans','EdwardEvans@gmail.com','EvansEdward');
INSERT INTO Students VALUES (620020983,'UNDERGRAD','01-01-2020');
INSERT INTO Enrolled (u_id,courseCode) VALUES (620020983,'ECON3085'),(620020983,'CHEM2177'),(620020983,'CHEM1485'),(620020983,'COMP3685');
INSERT INTO Users VALUES (620020984,'Rhonda','Terry','RhondaTerry@gmail.com','TerryRhonda');
INSERT INTO Students VALUES (620020984,'UNDERGRAD','01-01-2020');
INSERT INTO Enrolled (u_id,courseCode) VALUES (620020984,'PHYS2977'),(620020984,'BIOC3230'),(620020984,'BIOC3341'),(620020984,'MATH2801');
INSERT INTO Users VALUES (620020985,'Roberto','Pelletier','RobertoPelletier@gmail.com','PelletierRoberto');
INSERT INTO Students VALUES (620020985,'UNDERGRAD','01-01-2020');
INSERT INTO Enrolled (u_id,courseCode) VALUES (620020985,'PHYS2448'),(620020985,'BIOC3191'),(620020985,'BIOC1534'),(620020985,'INFO2811'),(620020985,'ECON1783'),(620020985,'COMP3173');
INSERT INTO Users VALUES (620020986,'Louis','Mcclain','LouisMcclain@gmail.com','McclainLouis');
INSERT INTO Students VALUES (620020986,'UNDERGRAD','01-01-2020');
INSERT INTO Enrolled (u_id,courseCode) VALUES (620020986,'MATH2555'),(620020986,'ECON3004'),(620020986,'PHYS2229'),(620020986,'ECON3288'),(620020986,'MATH2801'),(620020986,'CHEM3793');
INSERT INTO Users VALUES (620020987,'Jake','Hauser','JakeHauser@gmail.com','HauserJake');
INSERT INTO Students VALUES (620020987,'UNDERGRAD','01-01-2020');
INSERT INTO Enrolled (u_id,courseCode) VALUES (620020987,'INFO2270'),(620020987,'BIOC1052'),(620020987,'ECON3004'),(620020987,'CHEM2626');
INSERT INTO Users VALUES (620020988,'Jake','Sultzer','JakeSultzer@gmail.com','SultzerJake');
INSERT INTO Students VALUES (620020988,'UNDERGRAD','01-01-2020');
INSERT INTO Enrolled (u_id,courseCode) VALUES (620020988,'ECON1498'),(620020988,'ECON1012'),(620020988,'COMP2541'),(620020988,'PHYS2563'),(620020988,'INFO1990'),(620020988,'ECON2387');
INSERT INTO Users VALUES (620020989,'Don','Pero','DonPero@gmail.com','PeroDon');
INSERT INTO Students VALUES (620020989,'UNDERGRAD','01-01-2020');
INSERT INTO Enrolled (u_id,courseCode) VALUES (620020989,'PHYS2667'),(620020989,'CHEM2065'),(620020989,'MATH1309'),(620020989,'CHEM2481');
INSERT INTO Users VALUES (620020990,'Roberta','Larry','RobertaLarry@gmail.com','LarryRoberta');
INSERT INTO Students VALUES (620020990,'UNDERGRAD','01-01-2020');
INSERT INTO Enrolled (u_id,courseCode) VALUES (620020990,'INFO2521'),(620020990,'MATH1250'),(620020990,'COMP2965'),(620020990,'BIOC2054');
INSERT INTO Users VALUES (620020991,'Deborah','Caudill','DeborahCaudill@gmail.com','CaudillDeborah');
INSERT INTO Students VALUES (620020991,'UNDERGRAD','01-01-2020');
INSERT INTO Enrolled (u_id,courseCode) VALUES (620020991,'INFO2716'),(620020991,'COMP2400'),(620020991,'PHYS2563'),(620020991,'COMP3047');
INSERT INTO Users VALUES (620020992,'Cynthia','Dahlheimer','CynthiaDahlheimer@gmail.com','DahlheimerCynthia');
INSERT INTO Students VALUES (620020992,'UNDERGRAD','01-01-2020');
INSERT INTO Enrolled (u_id,courseCode) VALUES (620020992,'ECON2722'),(620020992,'ECON2703'),(620020992,'PHYS3052'),(620020992,'COMP3047');
INSERT INTO Users VALUES (620020993,'Deanne','Cummings','DeanneCummings@gmail.com','CummingsDeanne');
INSERT INTO Students VALUES (620020993,'UNDERGRAD','01-01-2020');
INSERT INTO Enrolled (u_id,courseCode) VALUES (620020993,'PHYS3876'),(620020993,'CHEM3347'),(620020993,'CHEM3888'),(620020993,'BIOC2589'),(620020993,'COMP1051'),(620020993,'INFO2797');
INSERT INTO Users VALUES (620020994,'Marshall','Krout','MarshallKrout@gmail.com','KroutMarshall');
INSERT INTO Students VALUES (620020994,'UNDERGRAD','01-01-2020');
INSERT INTO Enrolled (u_id,courseCode) VALUES (620020994,'COMP2080'),(620020994,'PHYS2338'),(620020994,'MATH1262'),(620020994,'MATH1648'),(620020994,'PHYS1140');
INSERT INTO Users VALUES (620020995,'Adelia','Baccus','AdeliaBaccus@gmail.com','BaccusAdelia');
INSERT INTO Students VALUES (620020995,'UNDERGRAD','01-01-2020');
INSERT INTO Enrolled (u_id,courseCode) VALUES (620020995,'BIOC2054'),(620020995,'PHYS2117'),(620020995,'INFO3935'),(620020995,'PHYS3729'),(620020995,'MATH1578');
INSERT INTO Users VALUES (620020996,'Shirley','Bradford','ShirleyBradford@gmail.com','BradfordShirley');
INSERT INTO Students VALUES (620020996,'UNDERGRAD','01-01-2020');
INSERT INTO Enrolled (u_id,courseCode) VALUES (620020996,'PHYS1979'),(620020996,'MATH2550'),(620020996,'MATH2188'),(620020996,'ECON1098'),(620020996,'ECON3004'),(620020996,'MATH2957');
INSERT INTO Users VALUES (620020997,'Bryon','Joaquin','BryonJoaquin@gmail.com','JoaquinBryon');
INSERT INTO Students VALUES (620020997,'UNDERGRAD','01-01-2020');
INSERT INTO Enrolled (u_id,courseCode) VALUES (620020997,'BIOC2589'),(620020997,'BIOC1910'),(620020997,'CHEM2604'),(620020997,'PHYS2113');
INSERT INTO Users VALUES (620020998,'Betty','Eaton','BettyEaton@gmail.com','EatonBetty');
INSERT INTO Students VALUES (620020998,'UNDERGRAD','01-01-2020');
INSERT INTO Enrolled (u_id,courseCode) VALUES (620020998,'ECON2387'),(620020998,'ECON3281'),(620020998,'CHEM2005'),(620020998,'ECON1589');
INSERT INTO Users VALUES (620020999,'Sharon','Cannon','SharonCannon@gmail.com','CannonSharon');
INSERT INTO Students VALUES (620020999,'UNDERGRAD','01-01-2020');
INSERT INTO Enrolled (u_id,courseCode) VALUES (620020999,'BIOC3230'),(620020999,'CHEM2005'),(620020999,'PHYS2117'),(620020999,'CHEM3747'),(620020999,'PHYS2229'),(620020999,'ECON1170');
INSERT INTO Users VALUES (620021000,'Rick','Calvert','RickCalvert@gmail.com','CalvertRick');
INSERT INTO Students VALUES (620021000,'UNDERGRAD','01-01-2020');
INSERT INTO Enrolled (u_id,courseCode) VALUES (620021000,'ECON1098'),(620021000,'CHEM2065'),(620021000,'ECON1783'),(620021000,'INFO2213'),(620021000,'BIOC2236'),(620021000,'BIOC1725');
INSERT INTO Users VALUES (620021001,'Floyd','Lockwood','FloydLockwood@gmail.com','LockwoodFloyd');
INSERT INTO Students VALUES (620021001,'UNDERGRAD','01-01-2020');
INSERT INTO Enrolled (u_id,courseCode) VALUES (620021001,'PHYS1979'),(620021001,'ECON1012'),(620021001,'ECON2345'),(620021001,'INFO2797'),(620021001,'ECON2703');
INSERT INTO Users VALUES (620021002,'Frankie','Watson','FrankieWatson@gmail.com','WatsonFrankie');
INSERT INTO Students VALUES (620021002,'UNDERGRAD','01-01-2020');
INSERT INTO Enrolled (u_id,courseCode) VALUES (620021002,'ECON1498'),(620021002,'PHYS2306'),(620021002,'INFO2860');
INSERT INTO Users VALUES (620021003,'Cristina','Culpepper','CristinaCulpepper@gmail.com','CulpepperCristina');
INSERT INTO Students VALUES (620021003,'UNDERGRAD','01-01-2020');
INSERT INTO Enrolled (u_id,courseCode) VALUES (620021003,'MATH2801'),(620021003,'INFO2636'),(620021003,'MATH2957'),(620021003,'ECON1498'),(620021003,'COMP3418');
INSERT INTO Users VALUES (620021004,'Gregory','Mcclanahan','GregoryMcclanahan@gmail.com','McclanahanGregory');
INSERT INTO Students VALUES (620021004,'UNDERGRAD','01-01-2020');
INSERT INTO Enrolled (u_id,courseCode) VALUES (620021004,'COMP2965'),(620021004,'BIOC2983'),(620021004,'ECON3550');
INSERT INTO Users VALUES (620021005,'Alvin','Vario','AlvinVario@gmail.com','VarioAlvin');
INSERT INTO Students VALUES (620021005,'UNDERGRAD','01-01-2020');
INSERT INTO Enrolled (u_id,courseCode) VALUES (620021005,'ECON2814'),(620021005,'ECON3311'),(620021005,'COMP2651'),(620021005,'CHEM2481');
INSERT INTO Users VALUES (620021006,'Casey','Grinstead','CaseyGrinstead@gmail.com','GrinsteadCasey');
INSERT INTO Students VALUES (620021006,'UNDERGRAD','01-01-2020');
INSERT INTO Enrolled (u_id,courseCode) VALUES (620021006,'COMP2400'),(620021006,'MATH2873'),(620021006,'CHEM3409'),(620021006,'COMP1867'),(620021006,'INFO1833'),(620021006,'BIOC2054');
INSERT INTO Users VALUES (620021007,'Daisy','Watson','DaisyWatson@gmail.com','WatsonDaisy');
INSERT INTO Students VALUES (620021007,'UNDERGRAD','01-01-2020');
INSERT INTO Enrolled (u_id,courseCode) VALUES (620021007,'BIOC1910'),(620021007,'BIOC3604'),(620021007,'BIOC1104'),(620021007,'ECON3276');
INSERT INTO Users VALUES (620021008,'Byron','Rios','ByronRios@gmail.com','RiosByron');
INSERT INTO Students VALUES (620021008,'UNDERGRAD','01-01-2020');
INSERT INTO Enrolled (u_id,courseCode) VALUES (620021008,'ECON1996'),(620021008,'ECON3281'),(620021008,'INFO1447'),(620021008,'ECON1589'),(620021008,'INFO1014');
INSERT INTO Users VALUES (620021009,'Catherine','Cummings','CatherineCummings@gmail.com','CummingsCatherine');
INSERT INTO Students VALUES (620021009,'UNDERGRAD','01-01-2020');
INSERT INTO Enrolled (u_id,courseCode) VALUES (620021009,'CHEM3747'),(620021009,'MATH3179'),(620021009,'CHEM3347');
INSERT INTO Users VALUES (620021010,'Barbara','Vargas','BarbaraVargas@gmail.com','VargasBarbara');
INSERT INTO Students VALUES (620021010,'UNDERGRAD','01-01-2020');
INSERT INTO Enrolled (u_id,courseCode) VALUES (620021010,'CHEM2697'),(620021010,'ECON3447'),(620021010,'BIOC1485'),(620021010,'BIOC1104'),(620021010,'CHEM1340');
INSERT INTO Users VALUES (620021011,'Gina','Carlyle','GinaCarlyle@gmail.com','CarlyleGina');
INSERT INTO Students VALUES (620021011,'UNDERGRAD','01-01-2020');
INSERT INTO Enrolled (u_id,courseCode) VALUES (620021011,'COMP1357'),(620021011,'ECON3288'),(620021011,'ECON1996'),(620021011,'CHEM2149');
INSERT INTO Users VALUES (620021012,'Steven','Felipe','StevenFelipe@gmail.com','FelipeSteven');
INSERT INTO Students VALUES (620021012,'UNDERGRAD','01-01-2020');
INSERT INTO Enrolled (u_id,courseCode) VALUES (620021012,'BIOC2671'),(620021012,'COMP1051'),(620021012,'PHYS3876'),(620021012,'COMP1543'),(620021012,'BIOC2236'),(620021012,'BIOC3457');
INSERT INTO Users VALUES (620021013,'Jewell','Mejias','JewellMejias@gmail.com','MejiasJewell');
INSERT INTO Students VALUES (620021013,'UNDERGRAD','01-01-2020');
INSERT INTO Enrolled (u_id,courseCode) VALUES (620021013,'PHYS2448'),(620021013,'ECON3020'),(620021013,'INFO2521'),(620021013,'INFO2213'),(620021013,'PHYS3354'),(620021013,'MATH2188');
INSERT INTO Users VALUES (620021014,'Melvin','Reyes','MelvinReyes@gmail.com','ReyesMelvin');
INSERT INTO Students VALUES (620021014,'UNDERGRAD','01-01-2020');
INSERT INTO Enrolled (u_id,courseCode) VALUES (620021014,'COMP3685'),(620021014,'PHYS1979'),(620021014,'BIOC1794'),(620021014,'BIOC1866');
INSERT INTO Users VALUES (620021015,'Carrie','Lowry','CarrieLowry@gmail.com','LowryCarrie');
INSERT INTO Students VALUES (620021015,'UNDERGRAD','01-01-2020');
INSERT INTO Enrolled (u_id,courseCode) VALUES (620021015,'PHYS2117'),(620021015,'PHYS3290'),(620021015,'CHEM2604'),(620021015,'CHEM2867');
INSERT INTO Users VALUES (620021016,'Brenda','Ramlall','BrendaRamlall@gmail.com','RamlallBrenda');
INSERT INTO Students VALUES (620021016,'UNDERGRAD','01-01-2020');
INSERT INTO Enrolled (u_id,courseCode) VALUES (620021016,'COMP1543'),(620021016,'ECON3020'),(620021016,'PHYS2113'),(620021016,'COMP3238');
INSERT INTO Users VALUES (620021017,'Tia','Fuller','TiaFuller@gmail.com','FullerTia');
INSERT INTO Students VALUES (620021017,'UNDERGRAD','01-01-2020');
INSERT INTO Enrolled (u_id,courseCode) VALUES (620021017,'MATH3209'),(620021017,'ECON3311'),(620021017,'CHEM2727'),(620021017,'COMP3167'),(620021017,'CHEM2867'),(620021017,'BIOC3721');
INSERT INTO Users VALUES (620021018,'William','Cummins','WilliamCummins@gmail.com','CumminsWilliam');
INSERT INTO Students VALUES (620021018,'UNDERGRAD','01-01-2020');
INSERT INTO Enrolled (u_id,courseCode) VALUES (620021018,'ECON3447'),(620021018,'COMP2717'),(620021018,'COMP3849'),(620021018,'ECON1589'),(620021018,'CHEM2867'),(620021018,'INFO3603');
INSERT INTO Users VALUES (620021019,'Shirley','Barrett','ShirleyBarrett@gmail.com','BarrettShirley');
INSERT INTO Students VALUES (620021019,'UNDERGRAD','01-01-2020');
INSERT INTO Enrolled (u_id,courseCode) VALUES (620021019,'BIOC3191'),(620021019,'INFO2860'),(620021019,'ECON3020'),(620021019,'COMP3084');
INSERT INTO Users VALUES (620021020,'Ronald','Sudduth','RonaldSudduth@gmail.com','SudduthRonald');
INSERT INTO Students VALUES (620021020,'UNDERGRAD','01-01-2020');
INSERT INTO Enrolled (u_id,courseCode) VALUES (620021020,'CHEM2604'),(620021020,'ECON3085'),(620021020,'BIOC1052'),(620021020,'MATH3613'),(620021020,'ECON1170');
INSERT INTO Users VALUES (620021021,'Maria','Luper','MariaLuper@gmail.com','LuperMaria');
INSERT INTO Students VALUES (620021021,'UNDERGRAD','01-01-2020');
INSERT INTO Enrolled (u_id,courseCode) VALUES (620021021,'BIOC2550'),(620021021,'CHEM2065'),(620021021,'PHYS1930');
INSERT INTO Users VALUES (620021022,'Reggie','Mertens','ReggieMertens@gmail.com','MertensReggie');
INSERT INTO Students VALUES (620021022,'UNDERGRAD','01-01-2020');
INSERT INTO Enrolled (u_id,courseCode) VALUES (620021022,'ECON1458'),(620021022,'INFO2559'),(620021022,'COMP3536'),(620021022,'MATH3613');
INSERT INTO Users VALUES (620021023,'Martin','Halford','MartinHalford@gmail.com','HalfordMartin');
INSERT INTO Students VALUES (620021023,'UNDERGRAD','01-01-2020');
INSERT INTO Enrolled (u_id,courseCode) VALUES (620021023,'CHEM2797'),(620021023,'INFO1990'),(620021023,'BIOC2054'),(620021023,'ECON3085'),(620021023,'ECON3447');
INSERT INTO Users VALUES (620021024,'Shayne','Mcclanahan','ShayneMcclanahan@gmail.com','McclanahanShayne');
INSERT INTO Students VALUES (620021024,'UNDERGRAD','01-01-2020');
INSERT INTO Enrolled (u_id,courseCode) VALUES (620021024,'INFO2147'),(620021024,'INFO2813'),(620021024,'BIOC3341'),(620021024,'ECON1561'),(620021024,'COMP3849');
INSERT INTO Users VALUES (620021025,'Terri','Estrada','TerriEstrada@gmail.com','EstradaTerri');
INSERT INTO Students VALUES (620021025,'UNDERGRAD','01-01-2020');
INSERT INTO Enrolled (u_id,courseCode) VALUES (620021025,'PHYS3787'),(620021025,'BIOC1725'),(620021025,'ECON2387'),(620021025,'BIOC2054');
INSERT INTO Users VALUES (620021026,'Young','King','YoungKing@gmail.com','KingYoung');
INSERT INTO Students VALUES (620021026,'UNDERGRAD','01-01-2020');
INSERT INTO Enrolled (u_id,courseCode) VALUES (620021026,'INFO2811'),(620021026,'COMP1184'),(620021026,'BIOC2236'),(620021026,'PHYS3686'),(620021026,'CHEM2626'),(620021026,'MATH3029');
INSERT INTO Users VALUES (620021027,'John','Noonan','JohnNoonan@gmail.com','NoonanJohn');
INSERT INTO Students VALUES (620021027,'UNDERGRAD','01-01-2020');
INSERT INTO Enrolled (u_id,courseCode) VALUES (620021027,'INFO2950'),(620021027,'MATH2801'),(620021027,'ECON1996');
INSERT INTO Users VALUES (620021028,'Joseph','May','JosephMay@gmail.com','MayJoseph');
INSERT INTO Students VALUES (620021028,'UNDERGRAD','01-01-2020');
INSERT INTO Enrolled (u_id,courseCode) VALUES (620021028,'BIOC3721'),(620021028,'INFO2813'),(620021028,'INFO2147'),(620021028,'MATH3222');
INSERT INTO Users VALUES (620021029,'John','Lundholm','JohnLundholm@gmail.com','LundholmJohn');
INSERT INTO Students VALUES (620021029,'UNDERGRAD','01-01-2020');
INSERT INTO Enrolled (u_id,courseCode) VALUES (620021029,'BIOC1794'),(620021029,'ECON3063'),(620021029,'CHEM2065'),(620021029,'PHYS3686'),(620021029,'CHEM3327');
INSERT INTO Users VALUES (620021030,'Young','Phinney','YoungPhinney@gmail.com','PhinneyYoung');
INSERT INTO Students VALUES (620021030,'UNDERGRAD','01-01-2020');
INSERT INTO Enrolled (u_id,courseCode) VALUES (620021030,'BIOC2589'),(620021030,'COMP2541'),(620021030,'INFO2797'),(620021030,'PHYS2113');
INSERT INTO Users VALUES (620021031,'Ernesto','Shattuck','ErnestoShattuck@gmail.com','ShattuckErnesto');
INSERT INTO Students VALUES (620021031,'UNDERGRAD','01-01-2020');
INSERT INTO Enrolled (u_id,courseCode) VALUES (620021031,'INFO1825'),(620021031,'INFO2147'),(620021031,'CHEM2149'),(620021031,'MATH3059'),(620021031,'PHYS1399');
INSERT INTO Users VALUES (620021032,'Sharon','Barrett','SharonBarrett@gmail.com','BarrettSharon');
INSERT INTO Students VALUES (620021032,'UNDERGRAD','01-01-2020');
INSERT INTO Enrolled (u_id,courseCode) VALUES (620021032,'PHYS2451'),(620021032,'ECON1498'),(620021032,'INFO2860'),(620021032,'PHYS2338'),(620021032,'CHEM3327');
INSERT INTO Users VALUES (620021033,'Nancy','Ekberg','NancyEkberg@gmail.com','EkbergNancy');
INSERT INTO Students VALUES (620021033,'UNDERGRAD','01-01-2020');
INSERT INTO Enrolled (u_id,courseCode) VALUES (620021033,'BIOC3457'),(620021033,'BIOC1448'),(620021033,'PHYS3354'),(620021033,'PHYS1173');
INSERT INTO Users VALUES (620021034,'Steven','Brock','StevenBrock@gmail.com','BrockSteven');
INSERT INTO Students VALUES (620021034,'UNDERGRAD','01-01-2020');
INSERT INTO Enrolled (u_id,courseCode) VALUES (620021034,'MATH1309'),(620021034,'ECON1458'),(620021034,'MATH3688');
INSERT INTO Users VALUES (620021035,'Miguel','Moldrem','MiguelMoldrem@gmail.com','MoldremMiguel');
INSERT INTO Students VALUES (620021035,'UNDERGRAD','01-01-2020');
INSERT INTO Enrolled (u_id,courseCode) VALUES (620021035,'INFO3935'),(620021035,'INFO3419'),(620021035,'BIOC3341'),(620021035,'BIOC1725'),(620021035,'ECON3311');
INSERT INTO Users VALUES (620021036,'Clifford','Steinbach','CliffordSteinbach@gmail.com','SteinbachClifford');
INSERT INTO Students VALUES (620021036,'UNDERGRAD','01-01-2020');
INSERT INTO Enrolled (u_id,courseCode) VALUES (620021036,'MATH3222'),(620021036,'MATH3688'),(620021036,'INFO1825');
INSERT INTO Users VALUES (620021037,'Cristina','Calloway','CristinaCalloway@gmail.com','CallowayCristina');
INSERT INTO Students VALUES (620021037,'UNDERGRAD','01-01-2020');
INSERT INTO Enrolled (u_id,courseCode) VALUES (620021037,'MATH3688'),(620021037,'PHYS1399'),(620021037,'COMP2400');
INSERT INTO Users VALUES (620021038,'Amee','Meisner','AmeeMeisner@gmail.com','MeisnerAmee');
INSERT INTO Students VALUES (620021038,'UNDERGRAD','01-01-2020');
INSERT INTO Enrolled (u_id,courseCode) VALUES (620021038,'PHYS3354'),(620021038,'COMP3685'),(620021038,'MATH1972'),(620021038,'MATH3688'),(620021038,'CHEM3409');
INSERT INTO Users VALUES (620021039,'Young','Noonan','YoungNoonan@gmail.com','NoonanYoung');
INSERT INTO Students VALUES (620021039,'UNDERGRAD','01-01-2020');
INSERT INTO Enrolled (u_id,courseCode) VALUES (620021039,'CHEM2797'),(620021039,'INFO3603'),(620021039,'BIOC3230'),(620021039,'MATH3688');
INSERT INTO Users VALUES (620021040,'Wendell','Petty','WendellPetty@gmail.com','PettyWendell');
INSERT INTO Students VALUES (620021040,'UNDERGRAD','01-01-2020');
INSERT INTO Enrolled (u_id,courseCode) VALUES (620021040,'COMP3173'),(620021040,'COMP1867'),(620021040,'ECON1498');
INSERT INTO Users VALUES (620021041,'Agnes','Garrett','AgnesGarrett@gmail.com','GarrettAgnes');
INSERT INTO Students VALUES (620021041,'UNDERGRAD','01-01-2020');
INSERT INTO Enrolled (u_id,courseCode) VALUES (620021041,'COMP1867'),(620021041,'ECON1098'),(620021041,'COMP1051'),(620021041,'PHYS1930'),(620021041,'ECON3372'),(620021041,'MATH2717');
INSERT INTO Users VALUES (620021042,'Elwood','Shields','ElwoodShields@gmail.com','ShieldsElwood');
INSERT INTO Students VALUES (620021042,'UNDERGRAD','01-01-2020');
INSERT INTO Enrolled (u_id,courseCode) VALUES (620021042,'PHYS3339'),(620021042,'CHEM1494'),(620021042,'INFO2521');
INSERT INTO Users VALUES (620021043,'Keith','Hunter','KeithHunter@gmail.com','HunterKeith');
INSERT INTO Students VALUES (620021043,'UNDERGRAD','01-01-2020');
INSERT INTO Enrolled (u_id,courseCode) VALUES (620021043,'MATH3059'),(620021043,'COMP1357'),(620021043,'PHYS3052'),(620021043,'INFO2521');
INSERT INTO Users VALUES (620021044,'Byron','Grinstead','ByronGrinstead@gmail.com','GrinsteadByron');
INSERT INTO Students VALUES (620021044,'UNDERGRAD','01-01-2020');
INSERT INTO Enrolled (u_id,courseCode) VALUES (620021044,'BIOC2981'),(620021044,'PHYS1930'),(620021044,'ECON1498'),(620021044,'COMP2541');
INSERT INTO Users VALUES (620021045,'Trina','Sullivan','TrinaSullivan@gmail.com','SullivanTrina');
INSERT INTO Students VALUES (620021045,'UNDERGRAD','01-01-2020');
INSERT INTO Enrolled (u_id,courseCode) VALUES (620021045,'COMP3047'),(620021045,'COMP3746'),(620021045,'COMP2077'),(620021045,'CHEM1807'),(620021045,'ECON1561'),(620021045,'PHYS2113');
INSERT INTO Users VALUES (620021046,'Marcus','Alvarez','MarcusAlvarez@gmail.com','AlvarezMarcus');
INSERT INTO Students VALUES (620021046,'UNDERGRAD','01-01-2020');
INSERT INTO Enrolled (u_id,courseCode) VALUES (620021046,'PHYS3052'),(620021046,'COMP1051'),(620021046,'INFO3419'),(620021046,'INFO2521');
INSERT INTO Users VALUES (620021047,'Gina','Estrada','GinaEstrada@gmail.com','EstradaGina');
INSERT INTO Students VALUES (620021047,'UNDERGRAD','01-01-2020');
INSERT INTO Enrolled (u_id,courseCode) VALUES (620021047,'MATH1454'),(620021047,'COMP2541'),(620021047,'CHEM3888'),(620021047,'BIOC1986');
INSERT INTO Users VALUES (620021048,'Luella','Nerbonne','LuellaNerbonne@gmail.com','NerbonneLuella');
INSERT INTO Students VALUES (620021048,'UNDERGRAD','01-01-2020');
INSERT INTO Enrolled (u_id,courseCode) VALUES (620021048,'MATH3029'),(620021048,'ECON1996'),(620021048,'PHYS3052'),(620021048,'PHYS3686');
INSERT INTO Users VALUES (620021049,'Geraldine','Washinski','GeraldineWashinski@gmail.com','WashinskiGeraldine');
INSERT INTO Students VALUES (620021049,'UNDERGRAD','01-01-2020');
INSERT INTO Enrolled (u_id,courseCode) VALUES (620021049,'COMP3238'),(620021049,'CHEM3347'),(620021049,'PHYS1930');
INSERT INTO Users VALUES (620021050,'Kasey','Griffitts','KaseyGriffitts@gmail.com','GriffittsKasey');
INSERT INTO Students VALUES (620021050,'UNDERGRAD','01-01-2020');
INSERT INTO Enrolled (u_id,courseCode) VALUES (620021050,'COMP3506'),(620021050,'PHYS3354'),(620021050,'INFO2521');
INSERT INTO Users VALUES (620021051,'Terri','Imoto','TerriImoto@gmail.com','ImotoTerri');
INSERT INTO Students VALUES (620021051,'UNDERGRAD','01-01-2020');
INSERT INTO Enrolled (u_id,courseCode) VALUES (620021051,'ECON1170'),(620021051,'COMP1051'),(620021051,'ECON3311'),(620021051,'CHEM1340');
INSERT INTO Users VALUES (620021052,'Wanda','Lopez','WandaLopez@gmail.com','LopezWanda');
INSERT INTO Students VALUES (620021052,'UNDERGRAD','01-01-2020');
INSERT INTO Enrolled (u_id,courseCode) VALUES (620021052,'MATH2188'),(620021052,'PHYS3290'),(620021052,'BIOC3191'),(620021052,'ECON3737'),(620021052,'CHEM3614');
INSERT INTO Users VALUES (620021053,'Juan','Garnes','JuanGarnes@gmail.com','GarnesJuan');
INSERT INTO Students VALUES (620021053,'UNDERGRAD','01-01-2020');
INSERT INTO Enrolled (u_id,courseCode) VALUES (620021053,'BIOC3191'),(620021053,'INFO3419'),(620021053,'CHEM3614');
INSERT INTO Users VALUES (620021054,'Shayne','Oswalt','ShayneOswalt@gmail.com','OswaltShayne');
INSERT INTO Students VALUES (620021054,'UNDERGRAD','01-01-2020');
INSERT INTO Enrolled (u_id,courseCode) VALUES (620021054,'COMP1051'),(620021054,'MATH2188'),(620021054,'BIOC1986'),(620021054,'CHEM3409'),(620021054,'INFO1014'),(620021054,'MATH3059');
INSERT INTO Users VALUES (620021055,'Nancy','Barnett','NancyBarnett@gmail.com','BarnettNancy');
INSERT INTO Students VALUES (620021055,'UNDERGRAD','01-01-2020');
INSERT INTO Enrolled (u_id,courseCode) VALUES (620021055,'MATH3179'),(620021055,'PHYS1993'),(620021055,'CHEM1613'),(620021055,'CHEM2797'),(620021055,'INFO3419');
INSERT INTO Users VALUES (620021056,'Elwood','Vanhamlin','ElwoodVanhamlin@gmail.com','VanhamlinElwood');
INSERT INTO Students VALUES (620021056,'UNDERGRAD','01-01-2020');
INSERT INTO Enrolled (u_id,courseCode) VALUES (620021056,'ECON1783'),(620021056,'MATH1250'),(620021056,'BIOC1534'),(620021056,'CHEM2031'),(620021056,'INFO1447');
INSERT INTO Users VALUES (620021057,'Josh','Howe','JoshHowe@gmail.com','HoweJosh');
INSERT INTO Students VALUES (620021057,'UNDERGRAD','01-01-2020');
INSERT INTO Enrolled (u_id,courseCode) VALUES (620021057,'CHEM2626'),(620021057,'CHEM2031'),(620021057,'ECON3281'),(620021057,'INFO2147'),(620021057,'BIOC2550'),(620021057,'ECON1498');
INSERT INTO Users VALUES (620021058,'Nicholas','Congdon','NicholasCongdon@gmail.com','CongdonNicholas');
INSERT INTO Students VALUES (620021058,'UNDERGRAD','01-01-2020');
INSERT INTO Enrolled (u_id,courseCode) VALUES (620021058,'INFO2521'),(620021058,'CHEM2626'),(620021058,'PHYS2229'),(620021058,'COMP3639');
INSERT INTO Users VALUES (620021059,'Adam','Cochran','AdamCochran@gmail.com','CochranAdam');
INSERT INTO Students VALUES (620021059,'UNDERGRAD','01-01-2020');
INSERT INTO Enrolled (u_id,courseCode) VALUES (620021059,'INFO2811'),(620021059,'ECON3281'),(620021059,'COMP2651');
INSERT INTO Users VALUES (620021060,'Cynthia','Williamson','CynthiaWilliamson@gmail.com','WilliamsonCynthia');
INSERT INTO Students VALUES (620021060,'UNDERGRAD','01-01-2020');
INSERT INTO Enrolled (u_id,courseCode) VALUES (620021060,'CHEM2697'),(620021060,'COMP3685'),(620021060,'CHEM2797'),(620021060,'BIOC1794'),(620021060,'MATH1638');
INSERT INTO Users VALUES (620021061,'Tia','Oswalt','TiaOswalt@gmail.com','OswaltTia');
INSERT INTO Students VALUES (620021061,'UNDERGRAD','01-01-2020');
INSERT INTO Enrolled (u_id,courseCode) VALUES (620021061,'PHYS3354'),(620021061,'MATH3844'),(620021061,'MATH3029'),(620021061,'PHYS2977'),(620021061,'ECON1561'),(620021061,'BIOC3457');
INSERT INTO Users VALUES (620021062,'Alfred','Duffy','AlfredDuffy@gmail.com','DuffyAlfred');
INSERT INTO Students VALUES (620021062,'UNDERGRAD','01-01-2020');
INSERT INTO Enrolled (u_id,courseCode) VALUES (620021062,'INFO1288'),(620021062,'ECON3004'),(620021062,'COMP1051'),(620021062,'CHEM2065');
INSERT INTO Users VALUES (620021063,'Craig','Sultzer','CraigSultzer@gmail.com','SultzerCraig');
INSERT INTO Students VALUES (620021063,'UNDERGRAD','01-01-2020');
INSERT INTO Enrolled (u_id,courseCode) VALUES (620021063,'INFO2811'),(620021063,'PHYS2117'),(620021063,'CHEM1807'),(620021063,'COMP1573');
INSERT INTO Users VALUES (620021064,'Peggy','Bordelon','PeggyBordelon@gmail.com','BordelonPeggy');
INSERT INTO Students VALUES (620021064,'UNDERGRAD','01-01-2020');
INSERT INTO Enrolled (u_id,courseCode) VALUES (620021064,'BIOC1794'),(620021064,'BIOC1448'),(620021064,'INFO3868');
INSERT INTO Users VALUES (620021065,'Toby','Spohn','TobySpohn@gmail.com','SpohnToby');
INSERT INTO Students VALUES (620021065,'UNDERGRAD','01-01-2020');
INSERT INTO Enrolled (u_id,courseCode) VALUES (620021065,'PHYS2563'),(620021065,'MATH3613'),(620021065,'MATH3844'),(620021065,'BIOC2589'),(620021065,'INFO1014'),(620021065,'INFO2716');
INSERT INTO Users VALUES (620021066,'Flora','Hamilton','FloraHamilton@gmail.com','HamiltonFlora');
INSERT INTO Students VALUES (620021066,'UNDERGRAD','01-01-2020');
INSERT INTO Enrolled (u_id,courseCode) VALUES (620021066,'CHEM1613'),(620021066,'CHEM2177'),(620021066,'INFO1242'),(620021066,'MATH3059'),(620021066,'PHYS3464');
INSERT INTO Users VALUES (620021067,'Andrew','Terry','AndrewTerry@gmail.com','TerryAndrew');
INSERT INTO Students VALUES (620021067,'UNDERGRAD','01-01-2020');
INSERT INTO Enrolled (u_id,courseCode) VALUES (620021067,'MATH1148'),(620021067,'COMP3536'),(620021067,'ECON3063'),(620021067,'INFO3935'),(620021067,'CHEM2481');
INSERT INTO Users VALUES (620021068,'Orlando','Tirabassi','OrlandoTirabassi@gmail.com','TirabassiOrlando');
INSERT INTO Students VALUES (620021068,'UNDERGRAD','01-01-2020');
INSERT INTO Enrolled (u_id,courseCode) VALUES (620021068,'ECON3989'),(620021068,'MATH1454'),(620021068,'INFO2636');
INSERT INTO Users VALUES (620021069,'Mason','Ott','MasonOtt@gmail.com','OttMason');
INSERT INTO Students VALUES (620021069,'UNDERGRAD','01-01-2020');
INSERT INTO Enrolled (u_id,courseCode) VALUES (620021069,'CHEM2867'),(620021069,'MATH1638'),(620021069,'BIOC1866'),(620021069,'PHYS1140'),(620021069,'PHYS1979'),(620021069,'BIOC2983');
INSERT INTO Users VALUES (620021070,'Betty','Wengerd','BettyWengerd@gmail.com','WengerdBetty');
INSERT INTO Students VALUES (620021070,'UNDERGRAD','01-01-2020');
INSERT INTO Enrolled (u_id,courseCode) VALUES (620021070,'COMP1357'),(620021070,'ECON3276'),(620021070,'MATH2717'),(620021070,'MATH3209'),(620021070,'COMP2361');
INSERT INTO Users VALUES (620021071,'Stanley','May','StanleyMay@gmail.com','MayStanley');
INSERT INTO Students VALUES (620021071,'UNDERGRAD','01-01-2020');
INSERT INTO Enrolled (u_id,courseCode) VALUES (620021071,'MATH1578'),(620021071,'ECON2345'),(620021071,'ECON1170'),(620021071,'COMP3167');
INSERT INTO Users VALUES (620021072,'Homer','Pere','HomerPere@gmail.com','PereHomer');
INSERT INTO Students VALUES (620021072,'UNDERGRAD','01-01-2020');
INSERT INTO Enrolled (u_id,courseCode) VALUES (620021072,'ECON1012'),(620021072,'COMP2717'),(620021072,'INFO2811');
INSERT INTO Users VALUES (620021073,'Richard','Cochran','RichardCochran@gmail.com','CochranRichard');
INSERT INTO Students VALUES (620021073,'UNDERGRAD','01-01-2020');
INSERT INTO Enrolled (u_id,courseCode) VALUES (620021073,'INFO2636'),(620021073,'MATH2188'),(620021073,'BIOC1598'),(620021073,'ECON3276');
INSERT INTO Users VALUES (620021074,'Marilyn','Chappell','MarilynChappell@gmail.com','ChappellMarilyn');
INSERT INTO Students VALUES (620021074,'UNDERGRAD','01-01-2020');
INSERT INTO Enrolled (u_id,courseCode) VALUES (620021074,'CHEM2149'),(620021074,'CHEM2604'),(620021074,'ECON3288');
INSERT INTO Users VALUES (620021075,'Bernard','Duffie','BernardDuffie@gmail.com','DuffieBernard');
INSERT INTO Students VALUES (620021075,'UNDERGRAD','01-01-2020');
INSERT INTO Enrolled (u_id,courseCode) VALUES (620021075,'MATH3688'),(620021075,'BIOC1794'),(620021075,'CHEM2867'),(620021075,'MATH3029');
INSERT INTO Users VALUES (620021076,'Howard','Alexander','HowardAlexander@gmail.com','AlexanderHoward');
INSERT INTO Students VALUES (620021076,'UNDERGRAD','01-01-2020');
INSERT INTO Enrolled (u_id,courseCode) VALUES (620021076,'BIOC1744'),(620021076,'PHYS2563'),(620021076,'MATH3179'),(620021076,'INFO1447'),(620021076,'BIOC1866');
INSERT INTO Users VALUES (620021077,'Glenda','Swan','GlendaSwan@gmail.com','SwanGlenda');
INSERT INTO Students VALUES (620021077,'UNDERGRAD','01-01-2020');
INSERT INTO Enrolled (u_id,courseCode) VALUES (620021077,'INFO2636'),(620021077,'INFO2337'),(620021077,'MATH3173');
INSERT INTO Users VALUES (620021078,'Bryan','Evans','BryanEvans@gmail.com','EvansBryan');
INSERT INTO Students VALUES (620021078,'UNDERGRAD','01-01-2020');
INSERT INTO Enrolled (u_id,courseCode) VALUES (620021078,'PHYS2229'),(620021078,'COMP1051'),(620021078,'PHYS3339'),(620021078,'CHEM3327');
INSERT INTO Users VALUES (620021079,'Richard','Velasquez','RichardVelasquez@gmail.com','VelasquezRichard');
INSERT INTO Students VALUES (620021079,'UNDERGRAD','01-01-2020');
INSERT INTO Enrolled (u_id,courseCode) VALUES (620021079,'INFO3868'),(620021079,'BIOC1910'),(620021079,'MATH1250');
INSERT INTO Users VALUES (620021080,'Joe','Long','JoeLong@gmail.com','LongJoe');
INSERT INTO Students VALUES (620021080,'UNDERGRAD','01-01-2020');
INSERT INTO Enrolled (u_id,courseCode) VALUES (620021080,'BIOC2981'),(620021080,'COMP3506'),(620021080,'PHYS2238'),(620021080,'ECON1783'),(620021080,'ECON3311'),(620021080,'ECON3372');
INSERT INTO Users VALUES (620021081,'Vivian','Lockwood','VivianLockwood@gmail.com','LockwoodVivian');
INSERT INTO Students VALUES (620021081,'UNDERGRAD','01-01-2020');
INSERT INTO Enrolled (u_id,courseCode) VALUES (620021081,'CHEM3614'),(620021081,'PHYS2238'),(620021081,'COMP3167'),(620021081,'CHEM3793'),(620021081,'MATH3179');
INSERT INTO Users VALUES (620021082,'Stanley','Lockwood','StanleyLockwood@gmail.com','LockwoodStanley');
INSERT INTO Students VALUES (620021082,'UNDERGRAD','01-01-2020');
INSERT INTO Enrolled (u_id,courseCode) VALUES (620021082,'COMP3639'),(620021082,'CHEM3327'),(620021082,'MATH3209'),(620021082,'ECON1230'),(620021082,'PHYS3729'),(620021082,'INFO1833');
INSERT INTO Users VALUES (620021083,'Marie','Krause','MarieKrause@gmail.com','KrauseMarie');
INSERT INTO Students VALUES (620021083,'UNDERGRAD','01-01-2020');
INSERT INTO Enrolled (u_id,courseCode) VALUES (620021083,'COMP2965'),(620021083,'PHYS2977'),(620021083,'CHEM2446'),(620021083,'ECON1498'),(620021083,'BIOC2671'),(620021083,'BIOC1485');
INSERT INTO Users VALUES (620021084,'Gilbert','Knox','GilbertKnox@gmail.com','KnoxGilbert');
INSERT INTO Students VALUES (620021084,'UNDERGRAD','01-01-2020');
INSERT INTO Enrolled (u_id,courseCode) VALUES (620021084,'INFO1014'),(620021084,'BIOC3721'),(620021084,'ECON1098'),(620021084,'MATH3222'),(620021084,'BIOC3230'),(620021084,'CHEM3614');
INSERT INTO Users VALUES (620021085,'Kathy','Golden','KathyGolden@gmail.com','GoldenKathy');
INSERT INTO Students VALUES (620021085,'UNDERGRAD','01-01-2020');
INSERT INTO Enrolled (u_id,courseCode) VALUES (620021085,'MATH3209'),(620021085,'ECON3004'),(620021085,'PHYS1930'),(620021085,'PHYS2306'),(620021085,'CHEM3747'),(620021085,'PHYS1993');
INSERT INTO Users VALUES (620021086,'Frankie','Lavoy','FrankieLavoy@gmail.com','LavoyFrankie');
INSERT INTO Students VALUES (620021086,'UNDERGRAD','01-01-2020');
INSERT INTO Enrolled (u_id,courseCode) VALUES (620021086,'BIOC1439'),(620021086,'INFO3636'),(620021086,'MATH3544'),(620021086,'COMP2361'),(620021086,'ECON1589');
INSERT INTO Users VALUES (620021087,'Willie','Barron','WillieBarron@gmail.com','BarronWillie');
INSERT INTO Students VALUES (620021087,'UNDERGRAD','01-01-2020');
INSERT INTO Enrolled (u_id,courseCode) VALUES (620021087,'MATH2957'),(620021087,'PHYS2113'),(620021087,'ECON1783'),(620021087,'COMP2400'),(620021087,'COMP1867'),(620021087,'BIOC3341');
INSERT INTO Users VALUES (620021088,'Jake','Mcclenon','JakeMcclenon@gmail.com','McclenonJake');
INSERT INTO Students VALUES (620021088,'UNDERGRAD','01-01-2020');
INSERT INTO Enrolled (u_id,courseCode) VALUES (620021088,'PHYS1173'),(620021088,'CHEM2177'),(620021088,'MATH2717'),(620021088,'COMP3849'),(620021088,'BIOC2550'),(620021088,'INFO1990');
INSERT INTO Users VALUES (620021089,'Nancy','Jackson','NancyJackson@gmail.com','JacksonNancy');
INSERT INTO Students VALUES (620021089,'UNDERGRAD','01-01-2020');
INSERT INTO Enrolled (u_id,courseCode) VALUES (620021089,'COMP3746'),(620021089,'CHEM3617'),(620021089,'BIOC1725'),(620021089,'PHYS3686');
INSERT INTO Users VALUES (620021090,'Carolyn','Vineyard','CarolynVineyard@gmail.com','VineyardCarolyn');
INSERT INTO Students VALUES (620021090,'UNDERGRAD','01-01-2020');
INSERT INTO Enrolled (u_id,courseCode) VALUES (620021090,'ECON3276'),(620021090,'COMP1184'),(620021090,'COMP3639'),(620021090,'COMP1543'),(620021090,'CHEM3888');
INSERT INTO Users VALUES (620021091,'Juan','Lowrey','JuanLowrey@gmail.com','LowreyJuan');
INSERT INTO Students VALUES (620021091,'UNDERGRAD','01-01-2020');
INSERT INTO Enrolled (u_id,courseCode) VALUES (620021091,'CHEM2149'),(620021091,'CHEM3747'),(620021091,'BIOC1986'),(620021091,'CHEM3793'),(620021091,'MATH3222');
INSERT INTO Users VALUES (620021092,'Sarah','Alvarez','SarahAlvarez@gmail.com','AlvarezSarah');
INSERT INTO Students VALUES (620021092,'UNDERGRAD','01-01-2020');
INSERT INTO Enrolled (u_id,courseCode) VALUES (620021092,'COMP3639'),(620021092,'COMP3084'),(620021092,'ECON1589');
INSERT INTO Users VALUES (620021093,'Isreal','Allen','IsrealAllen@gmail.com','AllenIsreal');
INSERT INTO Students VALUES (620021093,'UNDERGRAD','01-01-2020');
INSERT INTO Enrolled (u_id,courseCode) VALUES (620021093,'INFO2337'),(620021093,'MATH2717'),(620021093,'ECON2703'),(620021093,'INFO3645'),(620021093,'CHEM1807'),(620021093,'COMP3047');
INSERT INTO Users VALUES (620021094,'Brian','Carlos','BrianCarlos@gmail.com','CarlosBrian');
INSERT INTO Students VALUES (620021094,'UNDERGRAD','01-01-2020');
INSERT INTO Enrolled (u_id,courseCode) VALUES (620021094,'MATH2717'),(620021094,'MATH3173'),(620021094,'COMP2400');
INSERT INTO Users VALUES (620021095,'Angela','Monte','AngelaMonte@gmail.com','MonteAngela');
INSERT INTO Students VALUES (620021095,'UNDERGRAD','01-01-2020');
INSERT INTO Enrolled (u_id,courseCode) VALUES (620021095,'BIOC2054'),(620021095,'CHEM2031'),(620021095,'COMP3639'),(620021095,'ECON2387'),(620021095,'INFO2521'),(620021095,'ECON3311');
INSERT INTO Users VALUES (620021096,'Dwayne','Burch','DwayneBurch@gmail.com','BurchDwayne');
INSERT INTO Students VALUES (620021096,'UNDERGRAD','01-01-2020');
INSERT INTO Enrolled (u_id,courseCode) VALUES (620021096,'INFO2559'),(620021096,'COMP3746'),(620021096,'COMP3047'),(620021096,'INFO1825'),(620021096,'BIOC1485');
INSERT INTO Users VALUES (620021097,'Daisy','Ramlall','DaisyRamlall@gmail.com','RamlallDaisy');
INSERT INTO Students VALUES (620021097,'UNDERGRAD','01-01-2020');
INSERT INTO Enrolled (u_id,courseCode) VALUES (620021097,'COMP2541'),(620021097,'BIOC1104'),(620021097,'ECON2345'),(620021097,'MATH1648');
INSERT INTO Users VALUES (620021098,'Kasey','Valenzuela','KaseyValenzuela@gmail.com','ValenzuelaKasey');
INSERT INTO Students VALUES (620021098,'UNDERGRAD','01-01-2020');
INSERT INTO Enrolled (u_id,courseCode) VALUES (620021098,'COMP1357'),(620021098,'COMP1573'),(620021098,'ECON1098'),(620021098,'INFO2636'),(620021098,'ECON3989'),(620021098,'COMP2965');
INSERT INTO Users VALUES (620021099,'Demetrice','Golden','DemetriceGolden@gmail.com','GoldenDemetrice');
INSERT INTO Students VALUES (620021099,'UNDERGRAD','01-01-2020');
INSERT INTO Enrolled (u_id,courseCode) VALUES (620021099,'CHEM2727'),(620021099,'CHEM2177'),(620021099,'BIOC3341'),(620021099,'COMP1460');
INSERT INTO Users VALUES (620021100,'Evelyn','Cardona','EvelynCardona@gmail.com','CardonaEvelyn');
INSERT INTO Students VALUES (620021100,'UNDERGRAD','01-01-2020');
INSERT INTO Enrolled (u_id,courseCode) VALUES (620021100,'ECON3523'),(620021100,'CHEM3888'),(620021100,'COMP2651'),(620021100,'INFO3636');
INSERT INTO Users VALUES (620021101,'Joe','Lavoy','JoeLavoy@gmail.com','LavoyJoe');
INSERT INTO Students VALUES (620021101,'UNDERGRAD','01-01-2020');
INSERT INTO Enrolled (u_id,courseCode) VALUES (620021101,'PHYS2117'),(620021101,'MATH2067'),(620021101,'PHYS3339'),(620021101,'COMP3238'),(620021101,'MATH1972'),(620021101,'CHEM2066');
INSERT INTO Users VALUES (620021102,'Sean','Halford','SeanHalford@gmail.com','HalfordSean');
INSERT INTO Students VALUES (620021102,'UNDERGRAD','01-01-2020');
INSERT INTO Enrolled (u_id,courseCode) VALUES (620021102,'CHEM3793'),(620021102,'COMP2541'),(620021102,'ECON1230');
INSERT INTO Users VALUES (620021103,'Kenneth','Luper','KennethLuper@gmail.com','LuperKenneth');
INSERT INTO Students VALUES (620021103,'UNDERGRAD','01-01-2020');
INSERT INTO Enrolled (u_id,courseCode) VALUES (620021103,'BIOC3604'),(620021103,'BIOC1910'),(620021103,'BIOC2054'),(620021103,'PHYS3686');
INSERT INTO Users VALUES (620021104,'Alvin','Cannon','AlvinCannon@gmail.com','CannonAlvin');
INSERT INTO Students VALUES (620021104,'UNDERGRAD','01-01-2020');
INSERT INTO Enrolled (u_id,courseCode) VALUES (620021104,'PHYS1979'),(620021104,'INFO2811'),(620021104,'INFO2337'),(620021104,'COMP3685'),(620021104,'INFO3603');
INSERT INTO Users VALUES (620021105,'Susan','Parker','SusanParker@gmail.com','ParkerSusan');
INSERT INTO Students VALUES (620021105,'UNDERGRAD','01-01-2020');
INSERT INTO Enrolled (u_id,courseCode) VALUES (620021105,'INFO2811'),(620021105,'COMP2717'),(620021105,'BIOC1986');
INSERT INTO Users VALUES (620021106,'Colin','Winner','ColinWinner@gmail.com','WinnerColin');
INSERT INTO Students VALUES (620021106,'UNDERGRAD','01-01-2020');
INSERT INTO Enrolled (u_id,courseCode) VALUES (620021106,'CHEM2005'),(620021106,'CHEM1340'),(620021106,'COMP3746'),(620021106,'COMP3697'),(620021106,'PHYS3464'),(620021106,'BIOC3191');
INSERT INTO Users VALUES (620021107,'Rebecca','Hauser','RebeccaHauser@gmail.com','HauserRebecca');
INSERT INTO Students VALUES (620021107,'UNDERGRAD','01-01-2020');
INSERT INTO Enrolled (u_id,courseCode) VALUES (620021107,'MATH2873'),(620021107,'COMP1184'),(620021107,'MATH1638');
INSERT INTO Users VALUES (620021108,'Robert','Walker','RobertWalker@gmail.com','WalkerRobert');
INSERT INTO Students VALUES (620021108,'UNDERGRAD','01-01-2020');
INSERT INTO Enrolled (u_id,courseCode) VALUES (620021108,'INFO2270'),(620021108,'BIOC1052'),(620021108,'INFO2797'),(620021108,'CHEM1613');
INSERT INTO Users VALUES (620021109,'Frankie','Turkus','FrankieTurkus@gmail.com','TurkusFrankie');
INSERT INTO Students VALUES (620021109,'UNDERGRAD','01-01-2020');
INSERT INTO Enrolled (u_id,courseCode) VALUES (620021109,'MATH3222'),(620021109,'ECON3447'),(620021109,'ECON3276'),(620021109,'MATH1148'),(620021109,'CHEM3347');
INSERT INTO Users VALUES (620021110,'Richard','Comley','RichardComley@gmail.com','ComleyRichard');
INSERT INTO Students VALUES (620021110,'UNDERGRAD','01-01-2020');
INSERT INTO Enrolled (u_id,courseCode) VALUES (620021110,'BIOC2550'),(620021110,'PHYS3686'),(620021110,'ECON1783'),(620021110,'BIOC1744'),(620021110,'CHEM2727'),(620021110,'CHEM3054');
INSERT INTO Users VALUES (620021111,'Samuel','Myrick','SamuelMyrick@gmail.com','MyrickSamuel');
INSERT INTO Students VALUES (620021111,'UNDERGRAD','01-01-2020');
INSERT INTO Enrolled (u_id,courseCode) VALUES (620021111,'PHYS1979'),(620021111,'INFO3636'),(620021111,'MATH2717');
INSERT INTO Users VALUES (620021112,'Chad','Scales','ChadScales@gmail.com','ScalesChad');
INSERT INTO Students VALUES (620021112,'UNDERGRAD','01-01-2020');
INSERT INTO Enrolled (u_id,courseCode) VALUES (620021112,'INFO2213'),(620021112,'INFO3603'),(620021112,'INFO2270'),(620021112,'CHEM2031'),(620021112,'MATH1262'),(620021112,'MATH3173');
INSERT INTO Users VALUES (620021113,'Leo','Tirabassi','LeoTirabassi@gmail.com','TirabassiLeo');
INSERT INTO Students VALUES (620021113,'UNDERGRAD','01-01-2020');
INSERT INTO Enrolled (u_id,courseCode) VALUES (620021113,'CHEM3888'),(620021113,'COMP1573'),(620021113,'CHEM1613');
INSERT INTO Users VALUES (620021114,'Kasey','Spohn','KaseySpohn@gmail.com','SpohnKasey');
INSERT INTO Students VALUES (620021114,'UNDERGRAD','01-01-2020');
INSERT INTO Enrolled (u_id,courseCode) VALUES (620021114,'COMP3746'),(620021114,'BIOC3604'),(620021114,'CHEM3347'),(620021114,'INFO1833'),(620021114,'BIOC2981'),(620021114,'COMP1357');
INSERT INTO Users VALUES (620021115,'Bryan','Mattingly','BryanMattingly@gmail.com','MattinglyBryan');
INSERT INTO Students VALUES (620021115,'UNDERGRAD','01-01-2020');
INSERT INTO Enrolled (u_id,courseCode) VALUES (620021115,'ECON1012'),(620021115,'PHYS3787'),(620021115,'ECON1170'),(620021115,'PHYS1399'),(620021115,'MATH3179'),(620021115,'ECON1230');
INSERT INTO Users VALUES (620021116,'Clyde','Reyes','ClydeReyes@gmail.com','ReyesClyde');
INSERT INTO Students VALUES (620021116,'UNDERGRAD','01-01-2020');
INSERT INTO Enrolled (u_id,courseCode) VALUES (620021116,'CHEM1485'),(620021116,'INFO2521'),(620021116,'MATH2067'),(620021116,'BIOC2589'),(620021116,'MATH2801');
INSERT INTO Users VALUES (620021117,'Dominique','Stovall','DominiqueStovall@gmail.com','StovallDominique');
INSERT INTO Students VALUES (620021117,'UNDERGRAD','01-01-2020');
INSERT INTO Enrolled (u_id,courseCode) VALUES (620021117,'CHEM3347'),(620021117,'ECON1996'),(620021117,'CHEM2065'),(620021117,'INFO1825'),(620021117,'PHYS2563'),(620021117,'INFO3636');
INSERT INTO Users VALUES (620021118,'Maria','Hunter','MariaHunter@gmail.com','HunterMaria');
INSERT INTO Students VALUES (620021118,'UNDERGRAD','01-01-2020');
INSERT INTO Enrolled (u_id,courseCode) VALUES (620021118,'CHEM2149'),(620021118,'BIOC3191'),(620021118,'ECON1783'),(620021118,'PHYS3290'),(620021118,'PHYS3876'),(620021118,'INFO2636');
INSERT INTO Users VALUES (620021119,'Eunice','Wilbanks','EuniceWilbanks@gmail.com','WilbanksEunice');
INSERT INTO Students VALUES (620021119,'UNDERGRAD','01-01-2020');
INSERT INTO Enrolled (u_id,courseCode) VALUES (620021119,'MATH1148'),(620021119,'INFO2716'),(620021119,'MATH2550'),(620021119,'MATH2957'),(620021119,'ECON2703'),(620021119,'MATH2555');
INSERT INTO Users VALUES (620021120,'Nicholas','Carrington','NicholasCarrington@gmail.com','CarringtonNicholas');
INSERT INTO Students VALUES (620021120,'UNDERGRAD','01-01-2020');
INSERT INTO Enrolled (u_id,courseCode) VALUES (620021120,'ECON3063'),(620021120,'BIOC3341'),(620021120,'BIOC2550');
INSERT INTO Users VALUES (620021121,'Eunice','Barnett','EuniceBarnett@gmail.com','BarnettEunice');
INSERT INTO Students VALUES (620021121,'UNDERGRAD','01-01-2020');
INSERT INTO Enrolled (u_id,courseCode) VALUES (620021121,'CHEM2626'),(620021121,'COMP2077'),(620021121,'PHYS1399'),(620021121,'ECON2703'),(620021121,'ECON3276'),(620021121,'CHEM1494');
INSERT INTO Users VALUES (620021122,'Douglas','Brock','DouglasBrock@gmail.com','BrockDouglas');
INSERT INTO Students VALUES (620021122,'UNDERGRAD','01-01-2020');
INSERT INTO Enrolled (u_id,courseCode) VALUES (620021122,'COMP3047'),(620021122,'PHYS3729'),(620021122,'ECON3063');
INSERT INTO Users VALUES (620021123,'Marjorie','Mattingly','MarjorieMattingly@gmail.com','MattinglyMarjorie');
INSERT INTO Students VALUES (620021123,'UNDERGRAD','01-01-2020');
INSERT INTO Enrolled (u_id,courseCode) VALUES (620021123,'INFO1288'),(620021123,'ECON2722'),(620021123,'PHYS3876'),(620021123,'COMP1357'),(620021123,'MATH1972');
INSERT INTO Users VALUES (620021124,'Suzanne','Meraz','SuzanneMeraz@gmail.com','MerazSuzanne');
INSERT INTO Students VALUES (620021124,'UNDERGRAD','01-01-2020');
INSERT INTO Enrolled (u_id,courseCode) VALUES (620021124,'CHEM2066'),(620021124,'CHEM2005'),(620021124,'INFO2860'),(620021124,'PHYS3729'),(620021124,'COMP2077'),(620021124,'COMP3506');
INSERT INTO Users VALUES (620021125,'Joy','Culpepper','JoyCulpepper@gmail.com','CulpepperJoy');
INSERT INTO Students VALUES (620021125,'UNDERGRAD','01-01-2020');
INSERT INTO Enrolled (u_id,courseCode) VALUES (620021125,'PHYS2977'),(620021125,'COMP3238'),(620021125,'CHEM2065'),(620021125,'MATH3613');
INSERT INTO Users VALUES (620021126,'Melodie','Atkins','MelodieAtkins@gmail.com','AtkinsMelodie');
INSERT INTO Students VALUES (620021126,'UNDERGRAD','01-01-2020');
INSERT INTO Enrolled (u_id,courseCode) VALUES (620021126,'COMP1543'),(620021126,'BIOC2671'),(620021126,'INFO1288');
INSERT INTO Users VALUES (620021127,'Alice','Moore','AliceMoore@gmail.com','MooreAlice');
INSERT INTO Students VALUES (620021127,'UNDERGRAD','01-01-2020');
INSERT INTO Enrolled (u_id,courseCode) VALUES (620021127,'CHEM3747'),(620021127,'ECON1098'),(620021127,'CHEM2481'),(620021127,'BIOC1534');
INSERT INTO Users VALUES (620021128,'Adelia','Myrick','AdeliaMyrick@gmail.com','MyrickAdelia');
INSERT INTO Students VALUES (620021128,'UNDERGRAD','01-01-2020');
INSERT INTO Enrolled (u_id,courseCode) VALUES (620021128,'MATH2188'),(620021128,'MATH2501'),(620021128,'CHEM2031');
INSERT INTO Users VALUES (620021129,'Blake','Christinsen','BlakeChristinsen@gmail.com','ChristinsenBlake');
INSERT INTO Students VALUES (620021129,'UNDERGRAD','01-01-2020');
INSERT INTO Enrolled (u_id,courseCode) VALUES (620021129,'BIOC2983'),(620021129,'INFO2337'),(620021129,'PHYS3339'),(620021129,'CHEM2065'),(620021129,'MATH3173'),(620021129,'CHEM3054');
INSERT INTO Users VALUES (620021130,'Jewell','Chan','JewellChan@gmail.com','ChanJewell');
INSERT INTO Students VALUES (620021130,'UNDERGRAD','01-01-2020');
INSERT INTO Enrolled (u_id,courseCode) VALUES (620021130,'ECON3372'),(620021130,'ECON3523'),(620021130,'CHEM1613');
INSERT INTO Users VALUES (620021131,'Willie','Finkenbinder','WillieFinkenbinder@gmail.com','FinkenbinderWillie');
INSERT INTO Students VALUES (620021131,'UNDERGRAD','01-01-2020');
INSERT INTO Enrolled (u_id,courseCode) VALUES (620021131,'COMP1573'),(620021131,'INFO1145'),(620021131,'CHEM3614'),(620021131,'INFO1288');
INSERT INTO Users VALUES (620021132,'Maria','Taylor','MariaTaylor@gmail.com','TaylorMaria');
INSERT INTO Students VALUES (620021132,'UNDERGRAD','01-01-2020');
INSERT INTO Enrolled (u_id,courseCode) VALUES (620021132,'PHYS1930'),(620021132,'BIOC1448'),(620021132,'BIOC1534'),(620021132,'PHYS2338'),(620021132,'BIOC3457'),(620021132,'MATH3029');
INSERT INTO Users VALUES (620021133,'Shayne','Collins','ShayneCollins@gmail.com','CollinsShayne');
INSERT INTO Students VALUES (620021133,'UNDERGRAD','01-01-2020');
INSERT INTO Enrolled (u_id,courseCode) VALUES (620021133,'PHYS2977'),(620021133,'BIOC2589'),(620021133,'ECON2814'),(620021133,'COMP1867'),(620021133,'ECON3276'),(620021133,'CHEM2697');
INSERT INTO Users VALUES (620021134,'Don','Truitt','DonTruitt@gmail.com','TruittDon');
INSERT INTO Students VALUES (620021134,'UNDERGRAD','01-01-2020');
INSERT INTO Enrolled (u_id,courseCode) VALUES (620021134,'CHEM3054'),(620021134,'CHEM2604'),(620021134,'PHYS3659'),(620021134,'COMP2541');
INSERT INTO Users VALUES (620021135,'Elmer','Mejias','ElmerMejias@gmail.com','MejiasElmer');
INSERT INTO Students VALUES (620021135,'UNDERGRAD','01-01-2020');
INSERT INTO Enrolled (u_id,courseCode) VALUES (620021135,'CHEM3888'),(620021135,'COMP1460'),(620021135,'INFO2716');
INSERT INTO Users VALUES (620021136,'Deanne','Tate','DeanneTate@gmail.com','TateDeanne');
INSERT INTO Students VALUES (620021136,'UNDERGRAD','01-01-2020');
INSERT INTO Enrolled (u_id,courseCode) VALUES (620021136,'MATH3613'),(620021136,'CHEM2481'),(620021136,'COMP3167'),(620021136,'PHYS2238'),(620021136,'ECON3523');
INSERT INTO Users VALUES (620021137,'Ernesto','Heckstall','ErnestoHeckstall@gmail.com','HeckstallErnesto');
INSERT INTO Students VALUES (620021137,'UNDERGRAD','01-01-2020');
INSERT INTO Enrolled (u_id,courseCode) VALUES (620021137,'PHYS3354'),(620021137,'PHYS2238'),(620021137,'PHYS2306'),(620021137,'COMP3084'),(620021137,'BIOC1052');
INSERT INTO Users VALUES (620021138,'Alice','Robles','AliceRobles@gmail.com','RoblesAlice');
INSERT INTO Students VALUES (620021138,'UNDERGRAD','01-01-2020');
INSERT INTO Enrolled (u_id,courseCode) VALUES (620021138,'ECON3523'),(620021138,'MATH1972'),(620021138,'CHEM2626'),(620021138,'CHEM2031'),(620021138,'COMP3506');
INSERT INTO Users VALUES (620021139,'Helen','Miles','HelenMiles@gmail.com','MilesHelen');
INSERT INTO Students VALUES (620021139,'UNDERGRAD','01-01-2020');
INSERT INTO Enrolled (u_id,courseCode) VALUES (620021139,'CHEM2626'),(620021139,'MATH3222'),(620021139,'CHEM2177'),(620021139,'MATH1972'),(620021139,'PHYS2238'),(620021139,'INFO3868');
INSERT INTO Users VALUES (620021140,'Marilyn','Stallings','MarilynStallings@gmail.com','StallingsMarilyn');
INSERT INTO Students VALUES (620021140,'UNDERGRAD','01-01-2020');
INSERT INTO Enrolled (u_id,courseCode) VALUES (620021140,'MATH1262'),(620021140,'PHYS3876'),(620021140,'PHYS1173');
INSERT INTO Users VALUES (620021141,'Kirk','Pulley','KirkPulley@gmail.com','PulleyKirk');
INSERT INTO Students VALUES (620021141,'UNDERGRAD','01-01-2020');
INSERT INTO Enrolled (u_id,courseCode) VALUES (620021141,'CHEM2220'),(620021141,'BIOC3341'),(620021141,'MATH3613'),(620021141,'MATH3029'),(620021141,'INFO1014'),(620021141,'ECON3228');
INSERT INTO Users VALUES (620021142,'Michael','Calder','MichaelCalder@gmail.com','CalderMichael');
INSERT INTO Students VALUES (620021142,'UNDERGRAD','01-01-2020');
INSERT INTO Enrolled (u_id,courseCode) VALUES (620021142,'INFO1990'),(620021142,'MATH1148'),(620021142,'PHYS1979'),(620021142,'ECON3372');
INSERT INTO Users VALUES (620021143,'Bernie','Robinson','BernieRobinson@gmail.com','RobinsonBernie');
INSERT INTO Students VALUES (620021143,'UNDERGRAD','01-01-2020');
INSERT INTO Enrolled (u_id,courseCode) VALUES (620021143,'MATH2957'),(620021143,'ECON1098'),(620021143,'PHYS2667'),(620021143,'PHYS3787'),(620021143,'ECON3447'),(620021143,'COMP3849');
INSERT INTO Users VALUES (620021144,'Kathy','Carrington','KathyCarrington@gmail.com','CarringtonKathy');
INSERT INTO Students VALUES (620021144,'UNDERGRAD','01-01-2020');
INSERT INTO Enrolled (u_id,courseCode) VALUES (620021144,'BIOC1725'),(620021144,'BIOC1794'),(620021144,'ECON3063');
INSERT INTO Users VALUES (620021145,'Aaron','Smith','AaronSmith@gmail.com','SmithAaron');
INSERT INTO Students VALUES (620021145,'UNDERGRAD','01-01-2020');
INSERT INTO Enrolled (u_id,courseCode) VALUES (620021145,'INFO1447'),(620021145,'PHYS2563'),(620021145,'BIOC1986');
INSERT INTO Users VALUES (620021146,'Suzanne','Wengerd','SuzanneWengerd@gmail.com','WengerdSuzanne');
INSERT INTO Students VALUES (620021146,'UNDERGRAD','01-01-2020');
INSERT INTO Enrolled (u_id,courseCode) VALUES (620021146,'ECON3004'),(620021146,'ECON3020'),(620021146,'COMP2361'),(620021146,'ECON1561');
INSERT INTO Users VALUES (620021147,'Roberta','Prince','RobertaPrince@gmail.com','PrinceRoberta');
INSERT INTO Students VALUES (620021147,'UNDERGRAD','01-01-2020');
INSERT INTO Enrolled (u_id,courseCode) VALUES (620021147,'MATH1578'),(620021147,'CHEM3054'),(620021147,'COMP1543'),(620021147,'MATH2801'),(620021147,'CHEM2031');
INSERT INTO Users VALUES (620021148,'Edna','Ryan','EdnaRyan@gmail.com','RyanEdna');
INSERT INTO Students VALUES (620021148,'UNDERGRAD','01-01-2020');
INSERT INTO Enrolled (u_id,courseCode) VALUES (620021148,'COMP3746'),(620021148,'CHEM3614'),(620021148,'INFO2860'),(620021148,'MATH1454'),(620021148,'CHEM1807'),(620021148,'MATH3209');
INSERT INTO Users VALUES (620021149,'Caroline','Marshall','CarolineMarshall@gmail.com','MarshallCaroline');
INSERT INTO Students VALUES (620021149,'UNDERGRAD','01-01-2020');
INSERT INTO Enrolled (u_id,courseCode) VALUES (620021149,'PHYS3659'),(620021149,'MATH3222'),(620021149,'PHYS2117');
INSERT INTO Users VALUES (620021150,'Mason','Mertens','MasonMertens@gmail.com','MertensMason');
INSERT INTO Students VALUES (620021150,'UNDERGRAD','01-01-2020');
INSERT INTO Enrolled (u_id,courseCode) VALUES (620021150,'BIOC1986'),(620021150,'ECON1996'),(620021150,'MATH2801'),(620021150,'ECON2703'),(620021150,'CHEM2481');
INSERT INTO Users VALUES (620021151,'Janet','Garrett','JanetGarrett@gmail.com','GarrettJanet');
INSERT INTO Students VALUES (620021151,'UNDERGRAD','01-01-2020');
INSERT INTO Enrolled (u_id,courseCode) VALUES (620021151,'MATH3544'),(620021151,'PHYS3464'),(620021151,'PHYS1979'),(620021151,'INFO1833'),(620021151,'CHEM3614'),(620021151,'INFO2860');
INSERT INTO Users VALUES (620021152,'Christine','Figueroa','ChristineFigueroa@gmail.com','FigueroaChristine');
INSERT INTO Students VALUES (620021152,'UNDERGRAD','01-01-2020');
INSERT INTO Enrolled (u_id,courseCode) VALUES (620021152,'CHEM2604'),(620021152,'INFO2950'),(620021152,'ECON3372'),(620021152,'MATH3544'),(620021152,'BIOC1052'),(620021152,'INFO3603');
INSERT INTO Users VALUES (620021153,'Joyce','Lemieux','JoyceLemieux@gmail.com','LemieuxJoyce');
INSERT INTO Students VALUES (620021153,'UNDERGRAD','01-01-2020');
INSERT INTO Enrolled (u_id,courseCode) VALUES (620021153,'MATH2550'),(620021153,'BIOC3341'),(620021153,'ECON3085'),(620021153,'CHEM3617');
INSERT INTO Users VALUES (620021154,'Elwood','Wolfe','ElwoodWolfe@gmail.com','WolfeElwood');
INSERT INTO Students VALUES (620021154,'UNDERGRAD','01-01-2020');
INSERT INTO Enrolled (u_id,courseCode) VALUES (620021154,'CHEM2626'),(620021154,'BIOC3721'),(620021154,'CHEM2005'),(620021154,'PHYS1140'),(620021154,'ECON3447'),(620021154,'INFO1447');
INSERT INTO Users VALUES (620021155,'Lois','Vanhamlin','LoisVanhamlin@gmail.com','VanhamlinLois');
INSERT INTO Students VALUES (620021155,'UNDERGRAD','01-01-2020');
INSERT INTO Enrolled (u_id,courseCode) VALUES (620021155,'PHYS2338'),(620021155,'CHEM2697'),(620021155,'COMP3173'),(620021155,'INFO2213');
INSERT INTO Users VALUES (620021156,'Dwayne','Tirabassi','DwayneTirabassi@gmail.com','TirabassiDwayne');
INSERT INTO Students VALUES (620021156,'UNDERGRAD','01-01-2020');
INSERT INTO Enrolled (u_id,courseCode) VALUES (620021156,'CHEM3617'),(620021156,'CHEM2697'),(620021156,'BIOC1910'),(620021156,'PHYS2306'),(620021156,'BIOC2983');
INSERT INTO Users VALUES (620021157,'Leticia','Wurdeman','LeticiaWurdeman@gmail.com','WurdemanLeticia');
INSERT INTO Students VALUES (620021157,'UNDERGRAD','01-01-2020');
INSERT INTO Enrolled (u_id,courseCode) VALUES (620021157,'CHEM2626'),(620021157,'BIOC1725'),(620021157,'CHEM2149'),(620021157,'MATH3544');
INSERT INTO Users VALUES (620021158,'Ben','Quintero','BenQuintero@gmail.com','QuinteroBen');
INSERT INTO Students VALUES (620021158,'UNDERGRAD','01-01-2020');
INSERT INTO Enrolled (u_id,courseCode) VALUES (620021158,'BIOC1439'),(620021158,'CHEM3793'),(620021158,'ECON3989'),(620021158,'CHEM2149'),(620021158,'COMP1543');
INSERT INTO Users VALUES (620021159,'Beverly','Eubank','BeverlyEubank@gmail.com','EubankBeverly');
INSERT INTO Students VALUES (620021159,'UNDERGRAD','01-01-2020');
INSERT INTO Enrolled (u_id,courseCode) VALUES (620021159,'CHEM1807'),(620021159,'MATH2550'),(620021159,'COMP3047'),(620021159,'MATH3857'),(620021159,'PHYS1399');
INSERT INTO Users VALUES (620021160,'Latoya','Thomas','LatoyaThomas@gmail.com','ThomasLatoya');
INSERT INTO Students VALUES (620021160,'UNDERGRAD','01-01-2020');
INSERT INTO Enrolled (u_id,courseCode) VALUES (620021160,'INFO2716'),(620021160,'COMP2400'),(620021160,'MATH2501');
INSERT INTO Users VALUES (620021161,'Deanna','Terry','DeannaTerry@gmail.com','TerryDeanna');
INSERT INTO Students VALUES (620021161,'UNDERGRAD','01-01-2020');
INSERT INTO Enrolled (u_id,courseCode) VALUES (620021161,'ECON3447'),(620021161,'COMP1543'),(620021161,'INFO1648'),(620021161,'BIOC1598'),(620021161,'MATH1148');
INSERT INTO Users VALUES (620021162,'Madaline','Walden','MadalineWalden@gmail.com','WaldenMadaline');
INSERT INTO Students VALUES (620021162,'UNDERGRAD','01-01-2020');
INSERT INTO Enrolled (u_id,courseCode) VALUES (620021162,'BIOC2589'),(620021162,'COMP2400'),(620021162,'COMP3418'),(620021162,'COMP3849');
INSERT INTO Users VALUES (620021163,'Randall','Reyes','RandallReyes@gmail.com','ReyesRandall');
INSERT INTO Students VALUES (620021163,'UNDERGRAD','01-01-2020');
INSERT INTO Enrolled (u_id,courseCode) VALUES (620021163,'INFO3935'),(620021163,'ECON3523'),(620021163,'BIOC1439'),(620021163,'MATH1309'),(620021163,'INFO2521');
INSERT INTO Users VALUES (620021164,'Erin','Oconnell','ErinOconnell@gmail.com','OconnellErin');
INSERT INTO Students VALUES (620021164,'UNDERGRAD','01-01-2020');
INSERT INTO Enrolled (u_id,courseCode) VALUES (620021164,'PHYS1979'),(620021164,'COMP1184'),(620021164,'PHYS2977'),(620021164,'CHEM3793');
INSERT INTO Users VALUES (620021165,'Juan','Fields','JuanFields@gmail.com','FieldsJuan');
INSERT INTO Students VALUES (620021165,'UNDERGRAD','01-01-2020');
INSERT INTO Enrolled (u_id,courseCode) VALUES (620021165,'COMP3418'),(620021165,'ECON2387'),(620021165,'CHEM2481'),(620021165,'CHEM1340');
INSERT INTO Users VALUES (620021166,'Anderson','Best','AndersonBest@gmail.com','BestAnderson');
INSERT INTO Students VALUES (620021166,'UNDERGRAD','01-01-2020');
INSERT INTO Enrolled (u_id,courseCode) VALUES (620021166,'ECON1098'),(620021166,'COMP3849'),(620021166,'COMP2965'),(620021166,'PHYS2977'),(620021166,'ECON3737');
INSERT INTO Users VALUES (620021167,'Curtis','Nichols','CurtisNichols@gmail.com','NicholsCurtis');
INSERT INTO Students VALUES (620021167,'UNDERGRAD','01-01-2020');
INSERT INTO Enrolled (u_id,courseCode) VALUES (620021167,'BIOC1910'),(620021167,'COMP3685'),(620021167,'PHYS3354'),(620021167,'ECON3447'),(620021167,'MATH2501');
INSERT INTO Users VALUES (620021168,'Christine','Noonan','ChristineNoonan@gmail.com','NoonanChristine');
INSERT INTO Students VALUES (620021168,'UNDERGRAD','01-01-2020');
INSERT INTO Enrolled (u_id,courseCode) VALUES (620021168,'INFO2811'),(620021168,'COMP3238'),(620021168,'COMP2080');
INSERT INTO Users VALUES (620021169,'Stacy','Macpartland','StacyMacpartland@gmail.com','MacpartlandStacy');
INSERT INTO Students VALUES (620021169,'UNDERGRAD','01-01-2020');
INSERT INTO Enrolled (u_id,courseCode) VALUES (620021169,'INFO2270'),(620021169,'PHYS3354'),(620021169,'CHEM2604'),(620021169,'BIOC2983'),(620021169,'CHEM3617'),(620021169,'INFO3419');
INSERT INTO Users VALUES (620021170,'Kendra','Krause','KendraKrause@gmail.com','KrauseKendra');
INSERT INTO Students VALUES (620021170,'UNDERGRAD','01-01-2020');
INSERT INTO Enrolled (u_id,courseCode) VALUES (620021170,'CHEM2220'),(620021170,'MATH2550'),(620021170,'MATH2957'),(620021170,'ECON3004'),(620021170,'BIOC1104');
INSERT INTO Users VALUES (620021171,'Kenneth','Duffie','KennethDuffie@gmail.com','DuffieKenneth');
INSERT INTO Students VALUES (620021171,'UNDERGRAD','01-01-2020');
INSERT INTO Enrolled (u_id,courseCode) VALUES (620021171,'ECON3004'),(620021171,'PHYS2451'),(620021171,'BIOC3721'),(620021171,'COMP3506');
INSERT INTO Users VALUES (620021172,'Vivian','Granado','VivianGranado@gmail.com','GranadoVivian');
INSERT INTO Students VALUES (620021172,'UNDERGRAD','01-01-2020');
INSERT INTO Enrolled (u_id,courseCode) VALUES (620021172,'MATH1638'),(620021172,'ECON3372'),(620021172,'BIOC3341'),(620021172,'ECON2722');
INSERT INTO Users VALUES (620021173,'Scott','King','ScottKing@gmail.com','KingScott');
INSERT INTO Students VALUES (620021173,'UNDERGRAD','01-01-2020');
INSERT INTO Enrolled (u_id,courseCode) VALUES (620021173,'ECON3228'),(620021173,'ECON1996'),(620021173,'BIOC3604'),(620021173,'MATH3179');
INSERT INTO Users VALUES (620021174,'Randy','Morey','RandyMorey@gmail.com','MoreyRandy');
INSERT INTO Students VALUES (620021174,'UNDERGRAD','01-01-2020');
INSERT INTO Enrolled (u_id,courseCode) VALUES (620021174,'BIOC2589'),(620021174,'MATH2067'),(620021174,'MATH1735'),(620021174,'INFO2811'),(620021174,'CHEM2867');
INSERT INTO Users VALUES (620021175,'Angie','Charland','AngieCharland@gmail.com','CharlandAngie');
INSERT INTO Students VALUES (620021175,'UNDERGRAD','01-01-2020');
INSERT INTO Enrolled (u_id,courseCode) VALUES (620021175,'INFO2636'),(620021175,'MATH3688'),(620021175,'PHYS1979'),(620021175,'PHYS2451');
INSERT INTO Users VALUES (620021176,'Sandra','Pero','SandraPero@gmail.com','PeroSandra');
INSERT INTO Students VALUES (620021176,'UNDERGRAD','01-01-2020');
INSERT INTO Enrolled (u_id,courseCode) VALUES (620021176,'COMP3697'),(620021176,'INFO2147'),(620021176,'INFO1648'),(620021176,'MATH1309'),(620021176,'BIOC1104'),(620021176,'INFO2716');
INSERT INTO Users VALUES (620021177,'Sharon','Chappell','SharonChappell@gmail.com','ChappellSharon');
INSERT INTO Students VALUES (620021177,'UNDERGRAD','01-01-2020');
INSERT INTO Enrolled (u_id,courseCode) VALUES (620021177,'CHEM3747'),(620021177,'CHEM1807'),(620021177,'MATH1638');
INSERT INTO Users VALUES (620021178,'Carolyn','Santos','CarolynSantos@gmail.com','SantosCarolyn');
INSERT INTO Students VALUES (620021178,'UNDERGRAD','01-01-2020');
INSERT INTO Enrolled (u_id,courseCode) VALUES (620021178,'ECON1498'),(620021178,'BIOC1052'),(620021178,'MATH3029'),(620021178,'BIOC1794'),(620021178,'PHYS3354'),(620021178,'ECON3063');
INSERT INTO Users VALUES (620021179,'Daisy','Carlyle','DaisyCarlyle@gmail.com','CarlyleDaisy');
INSERT INTO Students VALUES (620021179,'UNDERGRAD','01-01-2020');
INSERT INTO Enrolled (u_id,courseCode) VALUES (620021179,'PHYS3729'),(620021179,'CHEM3617'),(620021179,'COMP3685');
INSERT INTO Users VALUES (620021180,'Rhonda','Boyer','RhondaBoyer@gmail.com','BoyerRhonda');
INSERT INTO Students VALUES (620021180,'UNDERGRAD','01-01-2020');
INSERT INTO Enrolled (u_id,courseCode) VALUES (620021180,'ECON1996'),(620021180,'INFO3645'),(620021180,'MATH2067'),(620021180,'INFO3636'),(620021180,'PHYS3354');
INSERT INTO Users VALUES (620021181,'Lindsey','Schilling','LindseySchilling@gmail.com','SchillingLindsey');
INSERT INTO Students VALUES (620021181,'UNDERGRAD','01-01-2020');
INSERT INTO Enrolled (u_id,courseCode) VALUES (620021181,'CHEM2220'),(620021181,'BIOC1164'),(620021181,'INFO2716'),(620021181,'ECON1589');
INSERT INTO Users VALUES (620021182,'Alice','Merna','AliceMerna@gmail.com','MernaAlice');
INSERT INTO Students VALUES (620021182,'UNDERGRAD','01-01-2020');
INSERT INTO Enrolled (u_id,courseCode) VALUES (620021182,'MATH1250'),(620021182,'CHEM3054'),(620021182,'INFO1990'),(620021182,'INFO1825'),(620021182,'MATH2188'),(620021182,'BIOC1052');
INSERT INTO Users VALUES (620021183,'Deborah','Carlos','DeborahCarlos@gmail.com','CarlosDeborah');
INSERT INTO Students VALUES (620021183,'UNDERGRAD','01-01-2020');
INSERT INTO Enrolled (u_id,courseCode) VALUES (620021183,'CHEM3888'),(620021183,'ECON3311'),(620021183,'ECON1012');
INSERT INTO Users VALUES (620021184,'Maria','Bower','MariaBower@gmail.com','BowerMaria');
INSERT INTO Students VALUES (620021184,'UNDERGRAD','01-01-2020');
INSERT INTO Enrolled (u_id,courseCode) VALUES (620021184,'CHEM3347'),(620021184,'CHEM2797'),(620021184,'ECON3228'),(620021184,'CHEM2727'),(620021184,'COMP2361'),(620021184,'BIOC1794');
INSERT INTO Users VALUES (620021185,'Jake','Henderson','JakeHenderson@gmail.com','HendersonJake');
INSERT INTO Students VALUES (620021185,'UNDERGRAD','01-01-2020');
INSERT INTO Enrolled (u_id,courseCode) VALUES (620021185,'ECON1012'),(620021185,'CHEM2031'),(620021185,'MATH3613');
INSERT INTO Users VALUES (620021186,'Ashleigh','Maze','AshleighMaze@gmail.com','MazeAshleigh');
INSERT INTO Students VALUES (620021186,'UNDERGRAD','01-01-2020');
INSERT INTO Enrolled (u_id,courseCode) VALUES (620021186,'ECON1498'),(620021186,'MATH2957'),(620021186,'PHYS1399');
INSERT INTO Users VALUES (620021187,'Eugene','Scarbrough','EugeneScarbrough@gmail.com','ScarbroughEugene');
INSERT INTO Students VALUES (620021187,'UNDERGRAD','01-01-2020');
INSERT INTO Enrolled (u_id,courseCode) VALUES (620021187,'PHYS1979'),(620021187,'BIOC2983'),(620021187,'CHEM2066'),(620021187,'PHYS2306'),(620021187,'PHYS2117');
INSERT INTO Users VALUES (620021188,'Nan','Jeanbaptiste','NanJeanbaptiste@gmail.com','JeanbaptisteNan');
INSERT INTO Students VALUES (620021188,'UNDERGRAD','01-01-2020');
INSERT INTO Enrolled (u_id,courseCode) VALUES (620021188,'MATH3857'),(620021188,'CHEM3409'),(620021188,'INFO1825'),(620021188,'COMP3536'),(620021188,'PHYS1399'),(620021188,'PHYS2451');
INSERT INTO Users VALUES (620021189,'Taylor','Santos','TaylorSantos@gmail.com','SantosTaylor');
INSERT INTO Students VALUES (620021189,'UNDERGRAD','01-01-2020');
INSERT INTO Enrolled (u_id,courseCode) VALUES (620021189,'BIOC1598'),(620021189,'ECON3281'),(620021189,'PHYS2448'),(620021189,'BIOC3230'),(620021189,'PHYS2451'),(620021189,'CHEM2446');
INSERT INTO Users VALUES (620021190,'Stanley','Bradford','StanleyBradford@gmail.com','BradfordStanley');
INSERT INTO Students VALUES (620021190,'UNDERGRAD','01-01-2020');
INSERT INTO Enrolled (u_id,courseCode) VALUES (620021190,'COMP3506'),(620021190,'PHYS2451'),(620021190,'BIOC1104'),(620021190,'COMP2400'),(620021190,'ECON3228'),(620021190,'CHEM1494');
INSERT INTO Users VALUES (620021191,'Francisca','Hernandez','FranciscaHernandez@gmail.com','HernandezFrancisca');
INSERT INTO Students VALUES (620021191,'UNDERGRAD','01-01-2020');
INSERT INTO Enrolled (u_id,courseCode) VALUES (620021191,'PHYS1979'),(620021191,'PHYS3729'),(620021191,'PHYS2977'),(620021191,'ECON3085'),(620021191,'COMP3536'),(620021191,'CHEM3793');
INSERT INTO Users VALUES (620021192,'Maria','Henderson','MariaHenderson@gmail.com','HendersonMaria');
INSERT INTO Students VALUES (620021192,'UNDERGRAD','01-01-2020');
INSERT INTO Enrolled (u_id,courseCode) VALUES (620021192,'MATH3844'),(620021192,'INFO2811'),(620021192,'BIOC2983'),(620021192,'BIOC3457'),(620021192,'COMP3697');
INSERT INTO Users VALUES (620021193,'Miss','Wilbanks','MissWilbanks@gmail.com','WilbanksMiss');
INSERT INTO Students VALUES (620021193,'UNDERGRAD','01-01-2020');
INSERT INTO Enrolled (u_id,courseCode) VALUES (620021193,'INFO2213'),(620021193,'PHYS3290'),(620021193,'ECON1170'),(620021193,'MATH3222');
INSERT INTO Users VALUES (620021194,'Joseph','Mejias','JosephMejias@gmail.com','MejiasJoseph');
INSERT INTO Students VALUES (620021194,'UNDERGRAD','01-01-2020');
INSERT INTO Enrolled (u_id,courseCode) VALUES (620021194,'ECON1098'),(620021194,'PHYS2977'),(620021194,'COMP2717');
INSERT INTO Users VALUES (620021195,'Amee','Jesse','AmeeJesse@gmail.com','JesseAmee');
INSERT INTO Students VALUES (620021195,'UNDERGRAD','01-01-2020');
INSERT INTO Enrolled (u_id,courseCode) VALUES (620021195,'COMP2651'),(620021195,'COMP2080'),(620021195,'BIOC1794'),(620021195,'MATH3059');
INSERT INTO Users VALUES (620021196,'Kirk','Watson','KirkWatson@gmail.com','WatsonKirk');
INSERT INTO Students VALUES (620021196,'UNDERGRAD','01-01-2020');
INSERT INTO Enrolled (u_id,courseCode) VALUES (620021196,'PHYS2451'),(620021196,'PHYS3876'),(620021196,'ECON1783'),(620021196,'BIOC3721'),(620021196,'BIOC1164');
INSERT INTO Users VALUES (620021197,'Arthur','King','ArthurKing@gmail.com','KingArthur');
INSERT INTO Students VALUES (620021197,'UNDERGRAD','01-01-2020');
INSERT INTO Enrolled (u_id,courseCode) VALUES (620021197,'INFO2716'),(620021197,'ECON3276'),(620021197,'PHYS2451'),(620021197,'INFO1014'),(620021197,'MATH3029');
INSERT INTO Users VALUES (620021198,'Joan','Flemming','JoanFlemming@gmail.com','FlemmingJoan');
INSERT INTO Students VALUES (620021198,'UNDERGRAD','01-01-2020');
INSERT INTO Enrolled (u_id,courseCode) VALUES (620021198,'COMP1460'),(620021198,'INFO1242'),(620021198,'ECON3550'),(620021198,'MATH1250'),(620021198,'INFO1447');
INSERT INTO Users VALUES (620021199,'Thomas','Shane','ThomasShane@gmail.com','ShaneThomas');
INSERT INTO Students VALUES (620021199,'UNDERGRAD','01-01-2020');
INSERT INTO Enrolled (u_id,courseCode) VALUES (620021199,'BIOC2589'),(620021199,'BIOC2054'),(620021199,'INFO1825'),(620021199,'BIOC1104');
INSERT INTO Users VALUES (620021200,'Gordon','Pedersen','GordonPedersen@gmail.com','PedersenGordon');
INSERT INTO Students VALUES (620021200,'UNDERGRAD','01-01-2020');
INSERT INTO Enrolled (u_id,courseCode) VALUES (620021200,'CHEM3054'),(620021200,'BIOC1725'),(620021200,'BIOC2671'),(620021200,'BIOC1910'),(620021200,'INFO2559');
INSERT INTO Users VALUES (620021201,'Casey','Rankin','CaseyRankin@gmail.com','RankinCasey');
INSERT INTO Students VALUES (620021201,'UNDERGRAD','01-01-2020');
INSERT INTO Enrolled (u_id,courseCode) VALUES (620021201,'INFO1825'),(620021201,'INFO1648'),(620021201,'COMP3084'),(620021201,'INFO2950');
INSERT INTO Users VALUES (620021202,'Kathy','Krout','KathyKrout@gmail.com','KroutKathy');
INSERT INTO Students VALUES (620021202,'UNDERGRAD','01-01-2020');
INSERT INTO Enrolled (u_id,courseCode) VALUES (620021202,'CHEM3793'),(620021202,'BIOC2236'),(620021202,'CHEM2697'),(620021202,'MATH1638'),(620021202,'MATH2957'),(620021202,'ECON3085');
INSERT INTO Users VALUES (620021203,'Denise','Joaquin','DeniseJoaquin@gmail.com','JoaquinDenise');
INSERT INTO Students VALUES (620021203,'UNDERGRAD','01-01-2020');
INSERT INTO Enrolled (u_id,courseCode) VALUES (620021203,'CHEM3347'),(620021203,'MATH1262'),(620021203,'MATH1972'),(620021203,'CHEM2065'),(620021203,'PHYS1979');
INSERT INTO Users VALUES (620021204,'Ed','Gilmore','EdGilmore@gmail.com','GilmoreEd');
INSERT INTO Students VALUES (620021204,'UNDERGRAD','01-01-2020');
INSERT INTO Enrolled (u_id,courseCode) VALUES (620021204,'INFO2270'),(620021204,'MATH3173'),(620021204,'COMP2080'),(620021204,'MATH1648'),(620021204,'PHYS3729'),(620021204,'COMP2541');
INSERT INTO Users VALUES (620021205,'Rebecca','Barrett','RebeccaBarrett@gmail.com','BarrettRebecca');
INSERT INTO Students VALUES (620021205,'UNDERGRAD','01-01-2020');
INSERT INTO Enrolled (u_id,courseCode) VALUES (620021205,'BIOC1794'),(620021205,'MATH1638'),(620021205,'BIOC1744'),(620021205,'ECON3447');
INSERT INTO Users VALUES (620021206,'Walter','Eaton','WalterEaton@gmail.com','EatonWalter');
INSERT INTO Students VALUES (620021206,'UNDERGRAD','01-01-2020');
INSERT INTO Enrolled (u_id,courseCode) VALUES (620021206,'CHEM3888'),(620021206,'ECON3523'),(620021206,'MATH2188'),(620021206,'CHEM3327'),(620021206,'CHEM2177'),(620021206,'ECON3447');
INSERT INTO Users VALUES (620021207,'Timothy','Walker','TimothyWalker@gmail.com','WalkerTimothy');
INSERT INTO Students VALUES (620021207,'UNDERGRAD','01-01-2020');
INSERT INTO Enrolled (u_id,courseCode) VALUES (620021207,'CHEM2065'),(620021207,'PHYS2451'),(620021207,'BIOC1866'),(620021207,'BIOC2589'),(620021207,'ECON3020'),(620021207,'PHYS1979');
INSERT INTO Users VALUES (620021208,'Debbie','Withrow','DebbieWithrow@gmail.com','WithrowDebbie');
INSERT INTO Students VALUES (620021208,'UNDERGRAD','01-01-2020');
INSERT INTO Enrolled (u_id,courseCode) VALUES (620021208,'ECON1498'),(620021208,'PHYS2117'),(620021208,'BIOC3721'),(620021208,'ECON1589'),(620021208,'MATH2501');
INSERT INTO Users VALUES (620021209,'Gina','Eddins','GinaEddins@gmail.com','EddinsGina');
INSERT INTO Students VALUES (620021209,'UNDERGRAD','01-01-2020');
INSERT INTO Enrolled (u_id,courseCode) VALUES (620021209,'ECON3550'),(620021209,'CHEM2604'),(620021209,'BIOC2589');
INSERT INTO Users VALUES (620021210,'Gloria','Nunn','GloriaNunn@gmail.com','NunnGloria');
INSERT INTO Students VALUES (620021210,'UNDERGRAD','01-01-2020');
INSERT INTO Enrolled (u_id,courseCode) VALUES (620021210,'MATH2550'),(620021210,'ECON2722'),(620021210,'COMP2400');
INSERT INTO Users VALUES (620021211,'Leo','Butcher','LeoButcher@gmail.com','ButcherLeo');
INSERT INTO Students VALUES (620021211,'UNDERGRAD','01-01-2020');
INSERT INTO Enrolled (u_id,courseCode) VALUES (620021211,'ECON3004'),(620021211,'CHEM3617'),(620021211,'PHYS1173'),(620021211,'COMP1460'),(620021211,'BIOC1794');
INSERT INTO Users VALUES (620021212,'Edward','Crespo','EdwardCrespo@gmail.com','CrespoEdward');
INSERT INTO Students VALUES (620021212,'UNDERGRAD','01-01-2020');
INSERT INTO Enrolled (u_id,courseCode) VALUES (620021212,'ECON3989'),(620021212,'INFO3868'),(620021212,'BIOC2236'),(620021212,'BIOC1986'),(620021212,'BIOC1534');
INSERT INTO Users VALUES (620021213,'Carolyn','Walker','CarolynWalker@gmail.com','WalkerCarolyn');
INSERT INTO Students VALUES (620021213,'UNDERGRAD','01-01-2020');
INSERT INTO Enrolled (u_id,courseCode) VALUES (620021213,'MATH2873'),(620021213,'CHEM2065'),(620021213,'COMP2077');
INSERT INTO Users VALUES (620021214,'Suzanne','White','SuzanneWhite@gmail.com','WhiteSuzanne');
INSERT INTO Students VALUES (620021214,'UNDERGRAD','01-01-2020');
INSERT INTO Enrolled (u_id,courseCode) VALUES (620021214,'MATH1262'),(620021214,'PHYS1930'),(620021214,'ECON3447'),(620021214,'INFO2636'),(620021214,'PHYS3052');
INSERT INTO Users VALUES (620021215,'Cleveland','Kenney','ClevelandKenney@gmail.com','KenneyCleveland');
INSERT INTO Students VALUES (620021215,'UNDERGRAD','01-01-2020');
INSERT INTO Enrolled (u_id,courseCode) VALUES (620021215,'MATH2717'),(620021215,'COMP2077'),(620021215,'COMP3639'),(620021215,'INFO1288'),(620021215,'BIOC1104');
INSERT INTO Users VALUES (620021216,'Laila','Wolfe','LailaWolfe@gmail.com','WolfeLaila');
INSERT INTO Students VALUES (620021216,'UNDERGRAD','01-01-2020');
INSERT INTO Enrolled (u_id,courseCode) VALUES (620021216,'INFO2147'),(620021216,'MATH2067'),(620021216,'COMP3167');
INSERT INTO Users VALUES (620021217,'Randall','Letchworth','RandallLetchworth@gmail.com','LetchworthRandall');
INSERT INTO Students VALUES (620021217,'UNDERGRAD','01-01-2020');
INSERT INTO Enrolled (u_id,courseCode) VALUES (620021217,'BIOC3341'),(620021217,'COMP1460'),(620021217,'PHYS3464'),(620021217,'CHEM2697');
INSERT INTO Users VALUES (620021218,'John','Bradford','JohnBradford@gmail.com','BradfordJohn');
INSERT INTO Students VALUES (620021218,'UNDERGRAD','01-01-2020');
INSERT INTO Enrolled (u_id,courseCode) VALUES (620021218,'ECON3063'),(620021218,'MATH2555'),(620021218,'MATH1578'),(620021218,'PHYS3290'),(620021218,'CHEM2005');
INSERT INTO Users VALUES (620021219,'Hazel','Sultzer','HazelSultzer@gmail.com','SultzerHazel');
INSERT INTO Students VALUES (620021219,'UNDERGRAD','01-01-2020');
INSERT INTO Enrolled (u_id,courseCode) VALUES (620021219,'BIOC1866'),(620021219,'INFO2950'),(620021219,'MATH3688'),(620021219,'COMP2077');
INSERT INTO Users VALUES (620021220,'Agnes','Briggs','AgnesBriggs@gmail.com','BriggsAgnes');
INSERT INTO Students VALUES (620021220,'UNDERGRAD','01-01-2020');
INSERT INTO Enrolled (u_id,courseCode) VALUES (620021220,'PHYS3686'),(620021220,'INFO2811'),(620021220,'ECON2387'),(620021220,'COMP1184');
INSERT INTO Users VALUES (620021221,'Reggie','Duffy','ReggieDuffy@gmail.com','DuffyReggie');
INSERT INTO Students VALUES (620021221,'UNDERGRAD','01-01-2020');
INSERT INTO Enrolled (u_id,courseCode) VALUES (620021221,'ECON3085'),(620021221,'INFO2797'),(620021221,'MATH3544'),(620021221,'CHEM2031');
INSERT INTO Users VALUES (620021222,'Luella','Jefferson','LuellaJefferson@gmail.com','JeffersonLuella');
INSERT INTO Students VALUES (620021222,'UNDERGRAD','01-01-2020');
INSERT INTO Enrolled (u_id,courseCode) VALUES (620021222,'BIOC1052'),(620021222,'INFO2636'),(620021222,'INFO2813'),(620021222,'BIOC1866');
INSERT INTO Users VALUES (620021223,'Gina','Sharp','GinaSharp@gmail.com','SharpGina');
INSERT INTO Students VALUES (620021223,'UNDERGRAD','01-01-2020');
INSERT INTO Enrolled (u_id,courseCode) VALUES (620021223,'CHEM2867'),(620021223,'MATH1454'),(620021223,'INFO1447'),(620021223,'COMP1051');
INSERT INTO Users VALUES (620021224,'Greg','Ott','GregOtt@gmail.com','OttGreg');
INSERT INTO Students VALUES (620021224,'UNDERGRAD','01-01-2020');
INSERT INTO Enrolled (u_id,courseCode) VALUES (620021224,'MATH2501'),(620021224,'ECON1458'),(620021224,'COMP3238'),(620021224,'INFO2636'),(620021224,'CHEM3614');
INSERT INTO Users VALUES (620021225,'Bernard','Burch','BernardBurch@gmail.com','BurchBernard');
INSERT INTO Students VALUES (620021225,'UNDERGRAD','01-01-2020');
INSERT INTO Enrolled (u_id,courseCode) VALUES (620021225,'COMP3173'),(620021225,'BIOC3457'),(620021225,'MATH2873');
INSERT INTO Users VALUES (620021226,'Wendell','Calvert','WendellCalvert@gmail.com','CalvertWendell');
INSERT INTO Students VALUES (620021226,'UNDERGRAD','01-01-2020');
INSERT INTO Enrolled (u_id,courseCode) VALUES (620021226,'MATH2501'),(620021226,'MATH1578'),(620021226,'MATH1638'),(620021226,'CHEM2177'),(620021226,'PHYS2451');
INSERT INTO Users VALUES (620021227,'Sara','Carlos','SaraCarlos@gmail.com','CarlosSara');
INSERT INTO Students VALUES (620021227,'UNDERGRAD','01-01-2020');
INSERT INTO Enrolled (u_id,courseCode) VALUES (620021227,'COMP1867'),(620021227,'MATH1648'),(620021227,'INFO3419');
INSERT INTO Users VALUES (620021228,'Doris','Miles','DorisMiles@gmail.com','MilesDoris');
INSERT INTO Students VALUES (620021228,'UNDERGRAD','01-01-2020');
INSERT INTO Enrolled (u_id,courseCode) VALUES (620021228,'BIOC1104'),(620021228,'BIOC2589'),(620021228,'ECON3004'),(620021228,'BIOC2671'),(620021228,'PHYS3686'),(620021228,'COMP3084');
INSERT INTO Users VALUES (620021229,'Angela','Russ','AngelaRuss@gmail.com','RussAngela');
INSERT INTO Students VALUES (620021229,'UNDERGRAD','01-01-2020');
INSERT INTO Enrolled (u_id,courseCode) VALUES (620021229,'CHEM3793'),(620021229,'ECON3063'),(620021229,'BIOC1104'),(620021229,'PHYS1399'),(620021229,'BIOC3341'),(620021229,'INFO2813');
INSERT INTO Users VALUES (620021230,'Carrie','Letchworth','CarrieLetchworth@gmail.com','LetchworthCarrie');
INSERT INTO Students VALUES (620021230,'UNDERGRAD','01-01-2020');
INSERT INTO Enrolled (u_id,courseCode) VALUES (620021230,'CHEM1485'),(620021230,'ECON3004'),(620021230,'BIOC3191'),(620021230,'PHYS2306'),(620021230,'BIOC1104'),(620021230,'COMP1867');
INSERT INTO Users VALUES (620021231,'Joyce','Caudill','JoyceCaudill@gmail.com','CaudillJoyce');
INSERT INTO Students VALUES (620021231,'UNDERGRAD','01-01-2020');
INSERT INTO Enrolled (u_id,courseCode) VALUES (620021231,'COMP1357'),(620021231,'ECON3989'),(620021231,'COMP2361'),(620021231,'MATH3844'),(620021231,'CHEM2446'),(620021231,'PHYS1979');
INSERT INTO Users VALUES (620021232,'Vickie','Blackwell','VickieBlackwell@gmail.com','BlackwellVickie');
INSERT INTO Students VALUES (620021232,'UNDERGRAD','01-01-2020');
INSERT INTO Enrolled (u_id,courseCode) VALUES (620021232,'BIOC3230'),(620021232,'ECON1645'),(620021232,'COMP2651'),(620021232,'INFO2636');
INSERT INTO Users VALUES (620021233,'Stephen','Duffy','StephenDuffy@gmail.com','DuffyStephen');
INSERT INTO Students VALUES (620021233,'UNDERGRAD','01-01-2020');
INSERT INTO Enrolled (u_id,courseCode) VALUES (620021233,'CHEM2604'),(620021233,'CHEM2867'),(620021233,'PHYS1140'),(620021233,'CHEM1807'),(620021233,'CHEM2031');
INSERT INTO Users VALUES (620021234,'Peggy','Withrow','PeggyWithrow@gmail.com','WithrowPeggy');
INSERT INTO Students VALUES (620021234,'UNDERGRAD','01-01-2020');
INSERT INTO Enrolled (u_id,courseCode) VALUES (620021234,'CHEM1807'),(620021234,'MATH1578'),(620021234,'INFO2636'),(620021234,'INFO3935'),(620021234,'PHYS1173'),(620021234,'CHEM3409');
INSERT INTO Users VALUES (620021235,'Curtis','Nerbonne','CurtisNerbonne@gmail.com','NerbonneCurtis');
INSERT INTO Students VALUES (620021235,'UNDERGRAD','01-01-2020');
INSERT INTO Enrolled (u_id,courseCode) VALUES (620021235,'INFO1014'),(620021235,'CHEM3617'),(620021235,'COMP3697');
INSERT INTO Users VALUES (620021236,'Marie','Kaupp','MarieKaupp@gmail.com','KauppMarie');
INSERT INTO Students VALUES (620021236,'UNDERGRAD','01-01-2020');
INSERT INTO Enrolled (u_id,courseCode) VALUES (620021236,'ECON3523'),(620021236,'PHYS3686'),(620021236,'ECON2814');
INSERT INTO Users VALUES (620021237,'Shane','Armstead','ShaneArmstead@gmail.com','ArmsteadShane');
INSERT INTO Students VALUES (620021237,'UNDERGRAD','01-01-2020');
INSERT INTO Enrolled (u_id,courseCode) VALUES (620021237,'PHYS2113'),(620021237,'PHYS2448'),(620021237,'PHYS3787');
INSERT INTO Users VALUES (620021238,'Brooke','Gondek','BrookeGondek@gmail.com','GondekBrooke');
INSERT INTO Students VALUES (620021238,'UNDERGRAD','01-01-2020');
INSERT INTO Enrolled (u_id,courseCode) VALUES (620021238,'INFO3935'),(620021238,'MATH2873'),(620021238,'COMP3849');
INSERT INTO Users VALUES (620021239,'Gina','Briggs','GinaBriggs@gmail.com','BriggsGina');
INSERT INTO Students VALUES (620021239,'UNDERGRAD','01-01-2020');
INSERT INTO Enrolled (u_id,courseCode) VALUES (620021239,'CHEM2066'),(620021239,'INFO3868'),(620021239,'COMP3849'),(620021239,'ECON1170'),(620021239,'MATH1250'),(620021239,'COMP3536');
INSERT INTO Users VALUES (620021240,'Aaron','Carrington','AaronCarrington@gmail.com','CarringtonAaron');
INSERT INTO Students VALUES (620021240,'UNDERGRAD','01-01-2020');
INSERT INTO Enrolled (u_id,courseCode) VALUES (620021240,'COMP3697'),(620021240,'COMP1051'),(620021240,'CHEM2727'),(620021240,'COMP3084');
INSERT INTO Users VALUES (620021241,'Charlotte','Dunn','CharlotteDunn@gmail.com','DunnCharlotte');
INSERT INTO Students VALUES (620021241,'UNDERGRAD','01-01-2020');
INSERT INTO Enrolled (u_id,courseCode) VALUES (620021241,'ECON3020'),(620021241,'MATH3179'),(620021241,'CHEM1340'),(620021241,'ECON1012');
INSERT INTO Users VALUES (620021242,'Tiara','May','TiaraMay@gmail.com','MayTiara');
INSERT INTO Students VALUES (620021242,'UNDERGRAD','01-01-2020');
INSERT INTO Enrolled (u_id,courseCode) VALUES (620021242,'CHEM3054'),(620021242,'BIOC1794'),(620021242,'CHEM3347'),(620021242,'COMP1573'),(620021242,'COMP3506');
INSERT INTO Users VALUES (620021243,'Teresa','Koehn','TeresaKoehn@gmail.com','KoehnTeresa');
INSERT INTO Students VALUES (620021243,'UNDERGRAD','01-01-2020');
INSERT INTO Enrolled (u_id,courseCode) VALUES (620021243,'CHEM3793'),(620021243,'MATH3029'),(620021243,'CHEM2031');
INSERT INTO Users VALUES (620021244,'Derek','Hanks','DerekHanks@gmail.com','HanksDerek');
INSERT INTO Students VALUES (620021244,'UNDERGRAD','01-01-2020');
INSERT INTO Enrolled (u_id,courseCode) VALUES (620021244,'INFO3935'),(620021244,'INFO3419'),(620021244,'PHYS1993'),(620021244,'MATH1648'),(620021244,'BIOC3457'),(620021244,'ECON3276');
INSERT INTO Users VALUES (620021245,'Cristina','Hoffman','CristinaHoffman@gmail.com','HoffmanCristina');
INSERT INTO Students VALUES (620021245,'UNDERGRAD','01-01-2020');
INSERT INTO Enrolled (u_id,courseCode) VALUES (620021245,'ECON2814'),(620021245,'CHEM3793'),(620021245,'INFO3868');
INSERT INTO Users VALUES (620021246,'Suzanne','Dumas','SuzanneDumas@gmail.com','DumasSuzanne');
INSERT INTO Students VALUES (620021246,'UNDERGRAD','01-01-2020');
INSERT INTO Enrolled (u_id,courseCode) VALUES (620021246,'ECON3004'),(620021246,'ECON3276'),(620021246,'CHEM3054'),(620021246,'BIOC1439');
INSERT INTO Users VALUES (620021247,'Frankie','Cochran','FrankieCochran@gmail.com','CochranFrankie');
INSERT INTO Students VALUES (620021247,'UNDERGRAD','01-01-2020');
INSERT INTO Enrolled (u_id,courseCode) VALUES (620021247,'ECON1012'),(620021247,'MATH3222'),(620021247,'INFO2797'),(620021247,'ECON3281');
INSERT INTO Users VALUES (620021248,'Isreal','Estrada','IsrealEstrada@gmail.com','EstradaIsreal');
INSERT INTO Students VALUES (620021248,'UNDERGRAD','01-01-2020');
INSERT INTO Enrolled (u_id,courseCode) VALUES (620021248,'ECON2814'),(620021248,'PHYS1930'),(620021248,'BIOC1598'),(620021248,'CHEM1485'),(620021248,'INFO2813'),(620021248,'PHYS3052');
INSERT INTO Users VALUES (620021249,'Rene','Brown','ReneBrown@gmail.com','BrownRene');
INSERT INTO Students VALUES (620021249,'UNDERGRAD','01-01-2020');
INSERT INTO Enrolled (u_id,courseCode) VALUES (620021249,'COMP2361'),(620021249,'BIOC3341'),(620021249,'PHYS2117'),(620021249,'COMP3697'),(620021249,'BIOC1485'),(620021249,'BIOC2671');
INSERT INTO Users VALUES (620021250,'Debbie','Gillman','DebbieGillman@gmail.com','GillmanDebbie');
INSERT INTO Students VALUES (620021250,'UNDERGRAD','01-01-2020');
INSERT INTO Enrolled (u_id,courseCode) VALUES (620021250,'PHYS3729'),(620021250,'MATH3857'),(620021250,'CHEM2797'),(620021250,'COMP1543'),(620021250,'PHYS2117');
INSERT INTO Users VALUES (620021251,'Frankie','Long','FrankieLong@gmail.com','LongFrankie');
INSERT INTO Students VALUES (620021251,'UNDERGRAD','01-01-2020');
INSERT INTO Enrolled (u_id,courseCode) VALUES (620021251,'CHEM3054'),(620021251,'COMP2077'),(620021251,'CHEM2065'),(620021251,'COMP2361');
INSERT INTO Users VALUES (620021252,'Rachel','Jeanbaptiste','RachelJeanbaptiste@gmail.com','JeanbaptisteRachel');
INSERT INTO Students VALUES (620021252,'UNDERGRAD','01-01-2020');
INSERT INTO Enrolled (u_id,courseCode) VALUES (620021252,'COMP1867'),(620021252,'MATH2555'),(620021252,'COMP2651'),(620021252,'PHYS3052'),(620021252,'BIOC1910'),(620021252,'INFO3935');
INSERT INTO Users VALUES (620021253,'Maria','Valenzuela','MariaValenzuela@gmail.com','ValenzuelaMaria');
INSERT INTO Students VALUES (620021253,'UNDERGRAD','01-01-2020');
INSERT INTO Enrolled (u_id,courseCode) VALUES (620021253,'COMP1867'),(620021253,'PHYS3787'),(620021253,'MATH3844'),(620021253,'BIOC1794');
INSERT INTO Users VALUES (620021254,'Bobby','Campbell','BobbyCampbell@gmail.com','CampbellBobby');
INSERT INTO Students VALUES (620021254,'UNDERGRAD','01-01-2020');
INSERT INTO Enrolled (u_id,courseCode) VALUES (620021254,'COMP1051'),(620021254,'BIOC2983'),(620021254,'INFO2270'),(620021254,'COMP3849'),(620021254,'COMP3167');
INSERT INTO Users VALUES (620021255,'Laila','Vargas','LailaVargas@gmail.com','VargasLaila');
INSERT INTO Students VALUES (620021255,'UNDERGRAD','01-01-2020');
INSERT INTO Enrolled (u_id,courseCode) VALUES (620021255,'ECON3737'),(620021255,'BIOC2671'),(620021255,'MATH2957'),(620021255,'COMP3639'),(620021255,'PHYS1173');
INSERT INTO Users VALUES (620021256,'Cristina','Sullivan','CristinaSullivan@gmail.com','SullivanCristina');
INSERT INTO Students VALUES (620021256,'UNDERGRAD','01-01-2020');
INSERT INTO Enrolled (u_id,courseCode) VALUES (620021256,'CHEM2481'),(620021256,'MATH3613'),(620021256,'CHEM3409');
INSERT INTO Users VALUES (620021257,'Mack','Tate','MackTate@gmail.com','TateMack');
INSERT INTO Students VALUES (620021257,'UNDERGRAD','01-01-2020');
INSERT INTO Enrolled (u_id,courseCode) VALUES (620021257,'PHYS2113'),(620021257,'CHEM3793'),(620021257,'COMP1184');
INSERT INTO Users VALUES (620021258,'Esmeralda','Larry','EsmeraldaLarry@gmail.com','LarryEsmeralda');
INSERT INTO Students VALUES (620021258,'UNDERGRAD','01-01-2020');
INSERT INTO Enrolled (u_id,courseCode) VALUES (620021258,'BIOC1986'),(620021258,'CHEM2005'),(620021258,'COMP3167'),(620021258,'COMP2717'),(620021258,'ECON3447');
INSERT INTO Users VALUES (620021259,'Keith','Banks','KeithBanks@gmail.com','BanksKeith');
INSERT INTO Students VALUES (620021259,'UNDERGRAD','01-01-2020');
INSERT INTO Enrolled (u_id,courseCode) VALUES (620021259,'COMP3746'),(620021259,'MATH1454'),(620021259,'PHYS3659');
INSERT INTO Users VALUES (620021260,'Eugene','Bourgoin','EugeneBourgoin@gmail.com','BourgoinEugene');
INSERT INTO Students VALUES (620021260,'UNDERGRAD','01-01-2020');
INSERT INTO Enrolled (u_id,courseCode) VALUES (620021260,'BIOC1052'),(620021260,'INFO3935'),(620021260,'ECON3228'),(620021260,'ECON3372'),(620021260,'BIOC3341');
INSERT INTO Users VALUES (620021261,'Bobby','Fuller','BobbyFuller@gmail.com','FullerBobby');
INSERT INTO Students VALUES (620021261,'UNDERGRAD','01-01-2020');
INSERT INTO Enrolled (u_id,courseCode) VALUES (620021261,'MATH3857'),(620021261,'PHYS1173'),(620021261,'PHYS1979'),(620021261,'COMP3167'),(620021261,'COMP2717'),(620021261,'ECON1645');
INSERT INTO Users VALUES (620021262,'Randall','Gilmore','RandallGilmore@gmail.com','GilmoreRandall');
INSERT INTO Students VALUES (620021262,'UNDERGRAD','01-01-2020');
INSERT INTO Enrolled (u_id,courseCode) VALUES (620021262,'INFO1242'),(620021262,'BIOC1986'),(620021262,'INFO2716');
INSERT INTO Users VALUES (620021263,'Vickie','Sullivan','VickieSullivan@gmail.com','SullivanVickie');
INSERT INTO Students VALUES (620021263,'UNDERGRAD','01-01-2020');
INSERT INTO Enrolled (u_id,courseCode) VALUES (620021263,'MATH2555'),(620021263,'MATH3059'),(620021263,'CHEM2697'),(620021263,'BIOC1794');
INSERT INTO Users VALUES (620021264,'Bernard','Gray','BernardGray@gmail.com','GrayBernard');
INSERT INTO Students VALUES (620021264,'UNDERGRAD','01-01-2020');
INSERT INTO Enrolled (u_id,courseCode) VALUES (620021264,'CHEM3347'),(620021264,'MATH3173'),(620021264,'PHYS2238'),(620021264,'ECON3737'),(620021264,'INFO2813'),(620021264,'INFO1990');
INSERT INTO Users VALUES (620021265,'Tim','Sharp','TimSharp@gmail.com','SharpTim');
INSERT INTO Students VALUES (620021265,'UNDERGRAD','01-01-2020');
INSERT INTO Enrolled (u_id,courseCode) VALUES (620021265,'INFO3603'),(620021265,'CHEM3614'),(620021265,'COMP3238'),(620021265,'CHEM2697');
INSERT INTO Users VALUES (620021266,'Shonda','Johnson','ShondaJohnson@gmail.com','JohnsonShonda');
INSERT INTO Students VALUES (620021266,'UNDERGRAD','01-01-2020');
INSERT INTO Enrolled (u_id,courseCode) VALUES (620021266,'BIOC1598'),(620021266,'ECON3281'),(620021266,'BIOC2671');
INSERT INTO Users VALUES (620021267,'Rene','Watson','ReneWatson@gmail.com','WatsonRene');
INSERT INTO Students VALUES (620021267,'UNDERGRAD','01-01-2020');
INSERT INTO Enrolled (u_id,courseCode) VALUES (620021267,'MATH3688'),(620021267,'INFO2559'),(620021267,'CHEM3747');
INSERT INTO Users VALUES (620021268,'Vivian','Hardman','VivianHardman@gmail.com','HardmanVivian');
INSERT INTO Students VALUES (620021268,'UNDERGRAD','01-01-2020');
INSERT INTO Enrolled (u_id,courseCode) VALUES (620021268,'CHEM3747'),(620021268,'MATH3179'),(620021268,'PHYS1930');
INSERT INTO Users VALUES (620021269,'Howard','Nerbonne','HowardNerbonne@gmail.com','NerbonneHoward');
INSERT INTO Students VALUES (620021269,'UNDERGRAD','01-01-2020');
INSERT INTO Enrolled (u_id,courseCode) VALUES (620021269,'MATH1250'),(620021269,'PHYS2667'),(620021269,'ECON1170'),(620021269,'INFO2521');
INSERT INTO Users VALUES (620021270,'Sadie','Aybar','SadieAybar@gmail.com','AybarSadie');
INSERT INTO Students VALUES (620021270,'UNDERGRAD','01-01-2020');
INSERT INTO Enrolled (u_id,courseCode) VALUES (620021270,'MATH3029'),(620021270,'COMP2717'),(620021270,'MATH1250'),(620021270,'MATH2550'),(620021270,'COMP3697'),(620021270,'BIOC1439');
INSERT INTO Users VALUES (620021271,'Dora','Rice','DoraRice@gmail.com','RiceDora');
INSERT INTO Students VALUES (620021271,'UNDERGRAD','01-01-2020');
INSERT INTO Enrolled (u_id,courseCode) VALUES (620021271,'CHEM3347'),(620021271,'PHYS3339'),(620021271,'INFO3603');
INSERT INTO Users VALUES (620021272,'Lori','Winner','LoriWinner@gmail.com','WinnerLori');
INSERT INTO Students VALUES (620021272,'UNDERGRAD','01-01-2020');
INSERT INTO Enrolled (u_id,courseCode) VALUES (620021272,'CHEM3617'),(620021272,'PHYS1173'),(620021272,'PHYS3052'),(620021272,'INFO2950'),(620021272,'ECON3228'),(620021272,'ECON3004');
INSERT INTO Users VALUES (620021273,'Flora','Hayes','FloraHayes@gmail.com','HayesFlora');
INSERT INTO Students VALUES (620021273,'UNDERGRAD','01-01-2020');
INSERT INTO Enrolled (u_id,courseCode) VALUES (620021273,'BIOC3457'),(620021273,'COMP2080'),(620021273,'ECON3550'),(620021273,'MATH3857');
INSERT INTO Users VALUES (620021274,'Gordon','Cardona','GordonCardona@gmail.com','CardonaGordon');
INSERT INTO Students VALUES (620021274,'UNDERGRAD','01-01-2020');
INSERT INTO Enrolled (u_id,courseCode) VALUES (620021274,'ECON1170'),(620021274,'COMP2361'),(620021274,'MATH2555'),(620021274,'ECON3281');
INSERT INTO Users VALUES (620021275,'Christina','Walden','ChristinaWalden@gmail.com','WaldenChristina');
INSERT INTO Students VALUES (620021275,'UNDERGRAD','01-01-2020');
INSERT INTO Enrolled (u_id,courseCode) VALUES (620021275,'ECON1589'),(620021275,'ECON3737'),(620021275,'BIOC3457'),(620021275,'CHEM2626');
INSERT INTO Users VALUES (620021276,'Clifford','Pulley','CliffordPulley@gmail.com','PulleyClifford');
INSERT INTO Students VALUES (620021276,'UNDERGRAD','01-01-2020');
INSERT INTO Enrolled (u_id,courseCode) VALUES (620021276,'PHYS1979'),(620021276,'MATH3688'),(620021276,'ECON3004'),(620021276,'COMP3167'),(620021276,'CHEM3054');
INSERT INTO Users VALUES (620021277,'Shalanda','Estrada','ShalandaEstrada@gmail.com','EstradaShalanda');
INSERT INTO Students VALUES (620021277,'UNDERGRAD','01-01-2020');
INSERT INTO Enrolled (u_id,courseCode) VALUES (620021277,'CHEM2797'),(620021277,'PHYS1399'),(620021277,'MATH3844'),(620021277,'INFO2797'),(620021277,'PHYS1930');
INSERT INTO Users VALUES (620021278,'Evelyn','Joeckel','EvelynJoeckel@gmail.com','JoeckelEvelyn');
INSERT INTO Students VALUES (620021278,'UNDERGRAD','01-01-2020');
INSERT INTO Enrolled (u_id,courseCode) VALUES (620021278,'BIOC2983'),(620021278,'COMP2400'),(620021278,'CHEM3327'),(620021278,'COMP2651');
INSERT INTO Users VALUES (620021279,'Hazel','Casteel','HazelCasteel@gmail.com','CasteelHazel');
INSERT INTO Students VALUES (620021279,'UNDERGRAD','01-01-2020');
INSERT INTO Enrolled (u_id,courseCode) VALUES (620021279,'CHEM2727'),(620021279,'ECON2345'),(620021279,'CHEM2446'),(620021279,'COMP2965'),(620021279,'ECON3737');
INSERT INTO Users VALUES (620021280,'Dorcas','Allen','DorcasAllen@gmail.com','AllenDorcas');
INSERT INTO Students VALUES (620021280,'UNDERGRAD','01-01-2020');
INSERT INTO Enrolled (u_id,courseCode) VALUES (620021280,'MATH1262'),(620021280,'PHYS3787'),(620021280,'PHYS1930');
INSERT INTO Users VALUES (620021281,'Joan','Truong','JoanTruong@gmail.com','TruongJoan');
INSERT INTO Students VALUES (620021281,'UNDERGRAD','01-01-2020');
INSERT INTO Enrolled (u_id,courseCode) VALUES (620021281,'PHYS2117'),(620021281,'ECON2703'),(620021281,'INFO2521'),(620021281,'CHEM2031');
INSERT INTO Users VALUES (620021282,'Gordon','Wright','GordonWright@gmail.com','WrightGordon');
INSERT INTO Students VALUES (620021282,'UNDERGRAD','01-01-2020');
INSERT INTO Enrolled (u_id,courseCode) VALUES (620021282,'MATH2550'),(620021282,'MATH2801'),(620021282,'MATH2873');
INSERT INTO Users VALUES (620021283,'Iris','Aybar','IrisAybar@gmail.com','AybarIris');
INSERT INTO Students VALUES (620021283,'UNDERGRAD','01-01-2020');
INSERT INTO Enrolled (u_id,courseCode) VALUES (620021283,'BIOC1725'),(620021283,'COMP3746'),(620021283,'MATH2873'),(620021283,'ECON1589');
INSERT INTO Users VALUES (620021284,'Sara','Joeckel','SaraJoeckel@gmail.com','JoeckelSara');
INSERT INTO Students VALUES (620021284,'UNDERGRAD','01-01-2020');
INSERT INTO Enrolled (u_id,courseCode) VALUES (620021284,'ECON1783'),(620021284,'COMP2080'),(620021284,'ECON2814');
INSERT INTO Users VALUES (620021285,'Rhoda','Merna','RhodaMerna@gmail.com','MernaRhoda');
INSERT INTO Students VALUES (620021285,'UNDERGRAD','01-01-2020');
INSERT INTO Enrolled (u_id,courseCode) VALUES (620021285,'MATH3209'),(620021285,'MATH1735'),(620021285,'COMP1867'),(620021285,'PHYS3787'),(620021285,'INFO1288');
INSERT INTO Users VALUES (620021286,'Tracy','Golden','TracyGolden@gmail.com','GoldenTracy');
INSERT INTO Students VALUES (620021286,'UNDERGRAD','01-01-2020');
INSERT INTO Enrolled (u_id,courseCode) VALUES (620021286,'PHYS2563'),(620021286,'COMP1051'),(620021286,'INFO2716');
INSERT INTO Users VALUES (620021287,'Hector','Wesley','HectorWesley@gmail.com','WesleyHector');
INSERT INTO Students VALUES (620021287,'UNDERGRAD','01-01-2020');
INSERT INTO Enrolled (u_id,courseCode) VALUES (620021287,'ECON2345'),(620021287,'COMP2361'),(620021287,'ECON1498'),(620021287,'CHEM2177');
INSERT INTO Users VALUES (620021288,'Nicole','Luper','NicoleLuper@gmail.com','LuperNicole');
INSERT INTO Students VALUES (620021288,'UNDERGRAD','01-01-2020');
INSERT INTO Enrolled (u_id,courseCode) VALUES (620021288,'ECON1458'),(620021288,'COMP3047'),(620021288,'COMP1543'),(620021288,'BIOC3721'),(620021288,'CHEM2797'),(620021288,'MATH3059');
INSERT INTO Users VALUES (620021289,'Delia','Cardona','DeliaCardona@gmail.com','CardonaDelia');
INSERT INTO Students VALUES (620021289,'UNDERGRAD','01-01-2020');
INSERT INTO Enrolled (u_id,courseCode) VALUES (620021289,'MATH2188'),(620021289,'PHYS3339'),(620021289,'CHEM1494'),(620021289,'PHYS1399');
INSERT INTO Users VALUES (620021290,'Charles','Hauser','CharlesHauser@gmail.com','HauserCharles');
INSERT INTO Students VALUES (620021290,'UNDERGRAD','01-01-2020');
INSERT INTO Enrolled (u_id,courseCode) VALUES (620021290,'MATH2801'),(620021290,'MATH2188'),(620021290,'COMP1357'),(620021290,'PHYS3339');
INSERT INTO Users VALUES (620021291,'Craig','Scales','CraigScales@gmail.com','ScalesCraig');
INSERT INTO Students VALUES (620021291,'UNDERGRAD','01-01-2020');
INSERT INTO Enrolled (u_id,courseCode) VALUES (620021291,'COMP2400'),(620021291,'MATH1638'),(620021291,'ECON1498'),(620021291,'CHEM2005');
INSERT INTO Users VALUES (620021292,'Cleveland','Carlos','ClevelandCarlos@gmail.com','CarlosCleveland');
INSERT INTO Students VALUES (620021292,'UNDERGRAD','01-01-2020');
INSERT INTO Enrolled (u_id,courseCode) VALUES (620021292,'COMP1573'),(620021292,'INFO1242'),(620021292,'CHEM2220');
INSERT INTO Users VALUES (620021293,'Patsy','Vineyard','PatsyVineyard@gmail.com','VineyardPatsy');
INSERT INTO Students VALUES (620021293,'UNDERGRAD','01-01-2020');
INSERT INTO Enrolled (u_id,courseCode) VALUES (620021293,'COMP3506'),(620021293,'INFO1242'),(620021293,'CHEM1485'),(620021293,'BIOC2236'),(620021293,'CHEM3054'),(620021293,'PHYS2563');
INSERT INTO Users VALUES (620021294,'Gordon','Noonan','GordonNoonan@gmail.com','NoonanGordon');
INSERT INTO Students VALUES (620021294,'UNDERGRAD','01-01-2020');
INSERT INTO Enrolled (u_id,courseCode) VALUES (620021294,'INFO3935'),(620021294,'MATH1578'),(620021294,'ECON1996');
INSERT INTO Users VALUES (620021295,'Jonathan','Banks','JonathanBanks@gmail.com','BanksJonathan');
INSERT INTO Students VALUES (620021295,'UNDERGRAD','01-01-2020');
INSERT INTO Enrolled (u_id,courseCode) VALUES (620021295,'PHYS2338'),(620021295,'CHEM3347'),(620021295,'CHEM1613'),(620021295,'INFO1145');
INSERT INTO Users VALUES (620021296,'Adam','Citizen','AdamCitizen@gmail.com','CitizenAdam');
INSERT INTO Students VALUES (620021296,'UNDERGRAD','01-01-2020');
INSERT INTO Enrolled (u_id,courseCode) VALUES (620021296,'CHEM1807'),(620021296,'INFO2860'),(620021296,'MATH2717'),(620021296,'PHYS2229'),(620021296,'MATH1309');
INSERT INTO Users VALUES (620021297,'Thomas','Wilson','ThomasWilson@gmail.com','WilsonThomas');
INSERT INTO Students VALUES (620021297,'UNDERGRAD','01-01-2020');
INSERT INTO Enrolled (u_id,courseCode) VALUES (620021297,'MATH2957'),(620021297,'MATH3029'),(620021297,'PHYS3339'),(620021297,'COMP3084'),(620021297,'INFO1447'),(620021297,'INFO2860');
INSERT INTO Users VALUES (620021298,'Brian','Amberg','BrianAmberg@gmail.com','AmbergBrian');
INSERT INTO Students VALUES (620021298,'UNDERGRAD','01-01-2020');
INSERT INTO Enrolled (u_id,courseCode) VALUES (620021298,'COMP1051'),(620021298,'ECON2722'),(620021298,'MATH1262'),(620021298,'CHEM2867'),(620021298,'COMP1184');
INSERT INTO Users VALUES (620021299,'Brenda','Smith','BrendaSmith@gmail.com','SmithBrenda');
INSERT INTO Students VALUES (620021299,'UNDERGRAD','01-01-2020');
INSERT INTO Enrolled (u_id,courseCode) VALUES (620021299,'COMP1460'),(620021299,'MATH3613'),(620021299,'BIOC1910');
INSERT INTO Users VALUES (620021300,'Nicholas','Hart','NicholasHart@gmail.com','HartNicholas');
INSERT INTO Students VALUES (620021300,'UNDERGRAD','01-01-2020');
INSERT INTO Enrolled (u_id,courseCode) VALUES (620021300,'PHYS3339'),(620021300,'PHYS3659'),(620021300,'MATH2550'),(620021300,'PHYS1979'),(620021300,'ECON1783');
INSERT INTO Users VALUES (620021301,'Angie','Eddins','AngieEddins@gmail.com','EddinsAngie');
INSERT INTO Students VALUES (620021301,'UNDERGRAD','01-01-2020');
INSERT INTO Enrolled (u_id,courseCode) VALUES (620021301,'CHEM2481'),(620021301,'ECON1561'),(620021301,'BIOC3721'),(620021301,'INFO2147');
INSERT INTO Users VALUES (620021302,'Ruby','Ratterman','RubyRatterman@gmail.com','RattermanRuby');
INSERT INTO Students VALUES (620021302,'UNDERGRAD','01-01-2020');
INSERT INTO Enrolled (u_id,courseCode) VALUES (620021302,'CHEM2220'),(620021302,'BIOC2671'),(620021302,'PHYS1140');
INSERT INTO Users VALUES (620021303,'Luella','Huffman','LuellaHuffman@gmail.com','HuffmanLuella');
INSERT INTO Students VALUES (620021303,'UNDERGRAD','01-01-2020');
INSERT INTO Enrolled (u_id,courseCode) VALUES (620021303,'PHYS1399'),(620021303,'COMP1460'),(620021303,'BIOC2236'),(620021303,'ECON1170'),(620021303,'COMP1543');
INSERT INTO Users VALUES (620021304,'Beverly','Thompson','BeverlyThompson@gmail.com','ThompsonBeverly');
INSERT INTO Students VALUES (620021304,'UNDERGRAD','01-01-2020');
INSERT INTO Enrolled (u_id,courseCode) VALUES (620021304,'BIOC1866'),(620021304,'CHEM1807'),(620021304,'PHYS2338'),(620021304,'BIOC1744'),(620021304,'BIOC2981');
INSERT INTO Users VALUES (620021305,'Marcus','Gillman','MarcusGillman@gmail.com','GillmanMarcus');
INSERT INTO Students VALUES (620021305,'UNDERGRAD','01-01-2020');
INSERT INTO Enrolled (u_id,courseCode) VALUES (620021305,'COMP1357'),(620021305,'CHEM2481'),(620021305,'BIOC1986');
INSERT INTO Users VALUES (620021306,'Roger','Wilson','RogerWilson@gmail.com','WilsonRoger');
INSERT INTO Students VALUES (620021306,'UNDERGRAD','01-01-2020');
INSERT INTO Enrolled (u_id,courseCode) VALUES (620021306,'ECON1458'),(620021306,'MATH3029'),(620021306,'COMP3173'),(620021306,'COMP2400');
INSERT INTO Users VALUES (620021307,'David','Reyes','DavidReyes@gmail.com','ReyesDavid');
INSERT INTO Students VALUES (620021307,'UNDERGRAD','01-01-2020');
INSERT INTO Enrolled (u_id,courseCode) VALUES (620021307,'CHEM2177'),(620021307,'INFO2797'),(620021307,'MATH3544'),(620021307,'CHEM3054'),(620021307,'COMP3685'),(620021307,'CHEM2727');
INSERT INTO Users VALUES (620021308,'Juan','Meisner','JuanMeisner@gmail.com','MeisnerJuan');
INSERT INTO Students VALUES (620021308,'UNDERGRAD','01-01-2020');
INSERT INTO Enrolled (u_id,courseCode) VALUES (620021308,'PHYS2977'),(620021308,'MATH2067'),(620021308,'COMP1573');
INSERT INTO Users VALUES (620021309,'Geraldine','Truong','GeraldineTruong@gmail.com','TruongGeraldine');
INSERT INTO Students VALUES (620021309,'UNDERGRAD','01-01-2020');
INSERT INTO Enrolled (u_id,courseCode) VALUES (620021309,'CHEM3054'),(620021309,'ECON3288'),(620021309,'INFO2521'),(620021309,'MATH1148');
INSERT INTO Users VALUES (620021310,'Tim','Carrington','TimCarrington@gmail.com','CarringtonTim');
INSERT INTO Students VALUES (620021310,'UNDERGRAD','01-01-2020');
INSERT INTO Enrolled (u_id,courseCode) VALUES (620021310,'COMP1543'),(620021310,'INFO1648'),(620021310,'PHYS2238'),(620021310,'COMP2717'),(620021310,'BIOC1725'),(620021310,'CHEM2177');
INSERT INTO Users VALUES (620021311,'Patricia','Saunders','PatriciaSaunders@gmail.com','SaundersPatricia');
INSERT INTO Students VALUES (620021311,'UNDERGRAD','01-01-2020');
INSERT INTO Enrolled (u_id,courseCode) VALUES (620021311,'BIOC1744'),(620021311,'COMP3697'),(620021311,'COMP2077');
INSERT INTO Users VALUES (620021312,'Chad','Sullivan','ChadSullivan@gmail.com','SullivanChad');
INSERT INTO Students VALUES (620021312,'UNDERGRAD','01-01-2020');
INSERT INTO Enrolled (u_id,courseCode) VALUES (620021312,'BIOC3191'),(620021312,'PHYS1979'),(620021312,'INFO3419'),(620021312,'INFO1833'),(620021312,'MATH3173');
INSERT INTO Users VALUES (620021313,'William','Avery','WilliamAvery@gmail.com','AveryWilliam');
INSERT INTO Students VALUES (620021313,'UNDERGRAD','01-01-2020');
INSERT INTO Enrolled (u_id,courseCode) VALUES (620021313,'INFO1825'),(620021313,'CHEM2697'),(620021313,'MATH3613'),(620021313,'COMP3849'),(620021313,'PHYS2563'),(620021313,'PHYS2977');
INSERT INTO Users VALUES (620021314,'James','Ratterman','JamesRatterman@gmail.com','RattermanJames');
INSERT INTO Students VALUES (620021314,'UNDERGRAD','01-01-2020');
INSERT INTO Enrolled (u_id,courseCode) VALUES (620021314,'INFO2636'),(620021314,'COMP3849'),(620021314,'PHYS3729');
INSERT INTO Users VALUES (620021315,'Hazel','Bordelon','HazelBordelon@gmail.com','BordelonHazel');
INSERT INTO Students VALUES (620021315,'UNDERGRAD','01-01-2020');
INSERT INTO Enrolled (u_id,courseCode) VALUES (620021315,'MATH3029'),(620021315,'BIOC3230'),(620021315,'BIOC1164');
INSERT INTO Users VALUES (620021316,'Jose','Howe','JoseHowe@gmail.com','HoweJose');
INSERT INTO Students VALUES (620021316,'UNDERGRAD','01-01-2020');
INSERT INTO Enrolled (u_id,courseCode) VALUES (620021316,'BIOC1104'),(620021316,'BIOC1744'),(620021316,'MATH2873');
INSERT INTO Users VALUES (620021317,'Jennifer','Robinson','JenniferRobinson@gmail.com','RobinsonJennifer');
INSERT INTO Students VALUES (620021317,'UNDERGRAD','01-01-2020');
INSERT INTO Enrolled (u_id,courseCode) VALUES (620021317,'BIOC2054'),(620021317,'INFO2559'),(620021317,'CHEM2867');
INSERT INTO Users VALUES (620021318,'Casey','Oswalt','CaseyOswalt@gmail.com','OswaltCasey');
INSERT INTO Students VALUES (620021318,'UNDERGRAD','01-01-2020');
INSERT INTO Enrolled (u_id,courseCode) VALUES (620021318,'MATH1638'),(620021318,'BIOC1485'),(620021318,'CHEM2446'),(620021318,'CHEM3409'),(620021318,'MATH2501');
INSERT INTO Users VALUES (620021319,'Sarah','Kenney','SarahKenney@gmail.com','KenneySarah');
INSERT INTO Students VALUES (620021319,'UNDERGRAD','01-01-2020');
INSERT INTO Enrolled (u_id,courseCode) VALUES (620021319,'MATH1578'),(620021319,'BIOC2236'),(620021319,'MATH1250'),(620021319,'CHEM2149'),(620021319,'INFO2797');
INSERT INTO Users VALUES (620021320,'Nan','Dillis','NanDillis@gmail.com','DillisNan');
INSERT INTO Students VALUES (620021320,'UNDERGRAD','01-01-2020');
INSERT INTO Enrolled (u_id,courseCode) VALUES (620021320,'INFO3868'),(620021320,'CHEM2065'),(620021320,'ECON2703');
INSERT INTO Users VALUES (620021321,'Edna','Quintero','EdnaQuintero@gmail.com','QuinteroEdna');
INSERT INTO Students VALUES (620021321,'UNDERGRAD','01-01-2020');
INSERT INTO Enrolled (u_id,courseCode) VALUES (620021321,'PHYS1993'),(620021321,'CHEM3409'),(620021321,'PHYS1173'),(620021321,'MATH3173'),(620021321,'CHEM2727'),(620021321,'ECON2387');
INSERT INTO Users VALUES (620021322,'Patricia','Danker','PatriciaDanker@gmail.com','DankerPatricia');
INSERT INTO Students VALUES (620021322,'UNDERGRAD','01-01-2020');
INSERT INTO Enrolled (u_id,courseCode) VALUES (620021322,'CHEM3793'),(620021322,'ECON3989'),(620021322,'PHYS2977');
INSERT INTO Users VALUES (620021323,'Joy','Noonan','JoyNoonan@gmail.com','NoonanJoy');
INSERT INTO Students VALUES (620021323,'UNDERGRAD','01-01-2020');
INSERT INTO Enrolled (u_id,courseCode) VALUES (620021323,'PHYS2238'),(620021323,'MATH3209'),(620021323,'CHEM3888');
INSERT INTO Users VALUES (620021324,'Antionette','Robinson','AntionetteRobinson@gmail.com','RobinsonAntionette');
INSERT INTO Students VALUES (620021324,'UNDERGRAD','01-01-2020');
INSERT INTO Enrolled (u_id,courseCode) VALUES (620021324,'COMP2541'),(620021324,'MATH3857'),(620021324,'CHEM2220'),(620021324,'COMP2651');
INSERT INTO Users VALUES (620021325,'Dora','Carlyle','DoraCarlyle@gmail.com','CarlyleDora');
INSERT INTO Students VALUES (620021325,'UNDERGRAD','01-01-2020');
INSERT INTO Enrolled (u_id,courseCode) VALUES (620021325,'ECON1645'),(620021325,'CHEM3054'),(620021325,'COMP3849'),(620021325,'PHYS2977');
INSERT INTO Users VALUES (620021326,'Derek','James','DerekJames@gmail.com','JamesDerek');
INSERT INTO Students VALUES (620021326,'UNDERGRAD','01-01-2020');
INSERT INTO Enrolled (u_id,courseCode) VALUES (620021326,'COMP3173'),(620021326,'PHYS3052'),(620021326,'MATH3209');
INSERT INTO Users VALUES (620021327,'Orlando','Cummings','OrlandoCummings@gmail.com','CummingsOrlando');
INSERT INTO Students VALUES (620021327,'UNDERGRAD','01-01-2020');
INSERT INTO Enrolled (u_id,courseCode) VALUES (620021327,'MATH2957'),(620021327,'COMP2080'),(620021327,'CHEM1613'),(620021327,'COMP3697'),(620021327,'PHYS2563');
INSERT INTO Users VALUES (620021328,'Christine','Steinberger','ChristineSteinberger@gmail.com','SteinbergerChristine');
INSERT INTO Students VALUES (620021328,'UNDERGRAD','01-01-2020');
INSERT INTO Enrolled (u_id,courseCode) VALUES (620021328,'MATH3029'),(620021328,'MATH1638'),(620021328,'PHYS2448');
INSERT INTO Users VALUES (620021329,'Latoya','Cummins','LatoyaCummins@gmail.com','CumminsLatoya');
INSERT INTO Students VALUES (620021329,'UNDERGRAD','01-01-2020');
INSERT INTO Enrolled (u_id,courseCode) VALUES (620021329,'COMP2400'),(620021329,'BIOC1910'),(620021329,'ECON3737'),(620021329,'PHYS2113');
INSERT INTO Users VALUES (620021330,'Cleveland','Richardson','ClevelandRichardson@gmail.com','RichardsonCleveland');
INSERT INTO Students VALUES (620021330,'UNDERGRAD','01-01-2020');
INSERT INTO Enrolled (u_id,courseCode) VALUES (620021330,'INFO2636'),(620021330,'INFO2521'),(620021330,'COMP3685'),(620021330,'BIOC3341');
INSERT INTO Users VALUES (620021331,'Antionette','Moldrem','AntionetteMoldrem@gmail.com','MoldremAntionette');
INSERT INTO Students VALUES (620021331,'UNDERGRAD','01-01-2020');
INSERT INTO Enrolled (u_id,courseCode) VALUES (620021331,'PHYS1399'),(620021331,'ECON1498'),(620021331,'COMP3167'),(620021331,'INFO2860');
INSERT INTO Users VALUES (620021332,'Adam','Christenberry','AdamChristenberry@gmail.com','ChristenberryAdam');
INSERT INTO Students VALUES (620021332,'UNDERGRAD','01-01-2020');
INSERT INTO Enrolled (u_id,courseCode) VALUES (620021332,'INFO2950'),(620021332,'INFO1288'),(620021332,'INFO2559'),(620021332,'ECON3288'),(620021332,'PHYS1993'),(620021332,'CHEM2604');
INSERT INTO Users VALUES (620021333,'Ronald','Wolfe','RonaldWolfe@gmail.com','WolfeRonald');
INSERT INTO Students VALUES (620021333,'UNDERGRAD','01-01-2020');
INSERT INTO Enrolled (u_id,courseCode) VALUES (620021333,'INFO3603'),(620021333,'PHYS1399'),(620021333,'ECON3281');
INSERT INTO Users VALUES (620021334,'Tanya','Krause','TanyaKrause@gmail.com','KrauseTanya');
INSERT INTO Students VALUES (620021334,'UNDERGRAD','01-01-2020');
INSERT INTO Enrolled (u_id,courseCode) VALUES (620021334,'COMP1867'),(620021334,'INFO2811'),(620021334,'INFO1145'),(620021334,'CHEM1613'),(620021334,'PHYS2229'),(620021334,'BIOC3341');
INSERT INTO Users VALUES (620021335,'Shawn','Miller','ShawnMiller@gmail.com','MillerShawn');
INSERT INTO Students VALUES (620021335,'UNDERGRAD','01-01-2020');
INSERT INTO Enrolled (u_id,courseCode) VALUES (620021335,'COMP3639'),(620021335,'INFO2636'),(620021335,'COMP3084'),(620021335,'MATH3209'),(620021335,'CHEM3617'),(620021335,'INFO3645');
INSERT INTO Users VALUES (620021336,'Floyd','Dohse','FloydDohse@gmail.com','DohseFloyd');
INSERT INTO Students VALUES (620021336,'UNDERGRAD','01-01-2020');
INSERT INTO Enrolled (u_id,courseCode) VALUES (620021336,'COMP1573'),(620021336,'CHEM2626'),(620021336,'COMP1543'),(620021336,'INFO3419'),(620021336,'MATH1735'),(620021336,'BIOC1052');
INSERT INTO Users VALUES (620021337,'Dora','Lavoy','DoraLavoy@gmail.com','LavoyDora');
INSERT INTO Students VALUES (620021337,'UNDERGRAD','01-01-2020');
INSERT INTO Enrolled (u_id,courseCode) VALUES (620021337,'CHEM2604'),(620021337,'COMP1543'),(620021337,'CHEM2177'),(620021337,'COMP3084'),(620021337,'ECON3989');
INSERT INTO Users VALUES (620021338,'Marie','Santos','MarieSantos@gmail.com','SantosMarie');
INSERT INTO Students VALUES (620021338,'UNDERGRAD','01-01-2020');
INSERT INTO Enrolled (u_id,courseCode) VALUES (620021338,'ECON3004'),(620021338,'MATH1262'),(620021338,'ECON1561'),(620021338,'ECON1230'),(620021338,'ECON2387');
INSERT INTO Users VALUES (620021339,'Neal','Griffin','NealGriffin@gmail.com','GriffinNeal');
INSERT INTO Students VALUES (620021339,'UNDERGRAD','01-01-2020');
INSERT INTO Enrolled (u_id,courseCode) VALUES (620021339,'CHEM3888'),(620021339,'ECON3523'),(620021339,'BIOC1052'),(620021339,'CHEM2797'),(620021339,'CHEM1494');
INSERT INTO Users VALUES (620021340,'Francis','Amberg','FrancisAmberg@gmail.com','AmbergFrancis');
INSERT INTO Students VALUES (620021340,'UNDERGRAD','01-01-2020');
INSERT INTO Enrolled (u_id,courseCode) VALUES (620021340,'CHEM3747'),(620021340,'MATH1578'),(620021340,'COMP3506'),(620021340,'ECON1561');
INSERT INTO Users VALUES (620021341,'Kenneth','Scales','KennethScales@gmail.com','ScalesKenneth');
INSERT INTO Students VALUES (620021341,'UNDERGRAD','01-01-2020');
INSERT INTO Enrolled (u_id,courseCode) VALUES (620021341,'CHEM2481'),(620021341,'COMP1573'),(620021341,'PHYS1399');
INSERT INTO Users VALUES (620021342,'Rhonda','Siple','RhondaSiple@gmail.com','SipleRhonda');
INSERT INTO Students VALUES (620021342,'UNDERGRAD','01-01-2020');
INSERT INTO Enrolled (u_id,courseCode) VALUES (620021342,'ECON1098'),(620021342,'ECON3004'),(620021342,'BIOC1910');
INSERT INTO Users VALUES (620021343,'Geraldine','Brown','GeraldineBrown@gmail.com','BrownGeraldine');
INSERT INTO Students VALUES (620021343,'UNDERGRAD','01-01-2020');
INSERT INTO Enrolled (u_id,courseCode) VALUES (620021343,'MATH1148'),(620021343,'INFO1825'),(620021343,'MATH3059');
INSERT INTO Users VALUES (620021344,'Nathan','Kimbrell','NathanKimbrell@gmail.com','KimbrellNathan');
INSERT INTO Students VALUES (620021344,'UNDERGRAD','01-01-2020');
INSERT INTO Enrolled (u_id,courseCode) VALUES (620021344,'ECON1996'),(620021344,'MATH3029'),(620021344,'MATH1148'),(620021344,'BIOC2589'),(620021344,'MATH2873');
INSERT INTO Users VALUES (620021345,'Dwayne','Mcclenon','DwayneMcclenon@gmail.com','McclenonDwayne');
INSERT INTO Students VALUES (620021345,'UNDERGRAD','01-01-2020');
INSERT INTO Enrolled (u_id,courseCode) VALUES (620021345,'MATH3179'),(620021345,'ECON3989'),(620021345,'ECON3004'),(620021345,'COMP3084'),(620021345,'ECON3447'),(620021345,'INFO2213');
INSERT INTO Users VALUES (620021346,'Ashleigh','Mertens','AshleighMertens@gmail.com','MertensAshleigh');
INSERT INTO Students VALUES (620021346,'UNDERGRAD','01-01-2020');
INSERT INTO Enrolled (u_id,courseCode) VALUES (620021346,'MATH1638'),(620021346,'MATH2873'),(620021346,'CHEM2727'),(620021346,'PHYS1399'),(620021346,'MATH1309');
INSERT INTO Users VALUES (620021347,'Judith','Harness','JudithHarness@gmail.com','HarnessJudith');
INSERT INTO Students VALUES (620021347,'UNDERGRAD','01-01-2020');
INSERT INTO Enrolled (u_id,courseCode) VALUES (620021347,'MATH2067'),(620021347,'COMP3746'),(620021347,'MATH2501'),(620021347,'COMP1867');
INSERT INTO Users VALUES (620021348,'Jessie','Brown','JessieBrown@gmail.com','BrownJessie');
INSERT INTO Students VALUES (620021348,'UNDERGRAD','01-01-2020');
INSERT INTO Enrolled (u_id,courseCode) VALUES (620021348,'COMP1543'),(620021348,'BIOC1104'),(620021348,'COMP1867'),(620021348,'INFO3603'),(620021348,'ECON2814'),(620021348,'MATH3613');
INSERT INTO Users VALUES (620021349,'Blake','Turkus','BlakeTurkus@gmail.com','TurkusBlake');
INSERT INTO Students VALUES (620021349,'UNDERGRAD','01-01-2020');
INSERT INTO Enrolled (u_id,courseCode) VALUES (620021349,'MATH1735'),(620021349,'CHEM2867'),(620021349,'MATH3209'),(620021349,'MATH3029');
INSERT INTO Users VALUES (620021350,'Kelly','Calvert','KellyCalvert@gmail.com','CalvertKelly');
INSERT INTO Students VALUES (620021350,'UNDERGRAD','01-01-2020');
INSERT INTO Enrolled (u_id,courseCode) VALUES (620021350,'COMP2965'),(620021350,'BIOC1910'),(620021350,'MATH3688'),(620021350,'PHYS1930'),(620021350,'COMP2717');
INSERT INTO Users VALUES (620021351,'Louis','Barron','LouisBarron@gmail.com','BarronLouis');
INSERT INTO Students VALUES (620021351,'UNDERGRAD','01-01-2020');
INSERT INTO Enrolled (u_id,courseCode) VALUES (620021351,'PHYS3686'),(620021351,'COMP3173'),(620021351,'COMP1543');
INSERT INTO Users VALUES (620021352,'Dawn','Early','DawnEarly@gmail.com','EarlyDawn');
INSERT INTO Students VALUES (620021352,'UNDERGRAD','01-01-2020');
INSERT INTO Enrolled (u_id,courseCode) VALUES (620021352,'BIOC2550'),(620021352,'CHEM1340'),(620021352,'CHEM2867'),(620021352,'ECON3372');
INSERT INTO Users VALUES (620021353,'Chris','Duffie','ChrisDuffie@gmail.com','DuffieChris');
INSERT INTO Students VALUES (620021353,'UNDERGRAD','01-01-2020');
INSERT INTO Enrolled (u_id,courseCode) VALUES (620021353,'COMP3418'),(620021353,'MATH2801'),(620021353,'COMP3685');
INSERT INTO Users VALUES (620021354,'Marshall','Horth','MarshallHorth@gmail.com','HorthMarshall');
INSERT INTO Students VALUES (620021354,'UNDERGRAD','01-01-2020');
INSERT INTO Enrolled (u_id,courseCode) VALUES (620021354,'COMP1543'),(620021354,'INFO1648'),(620021354,'ECON3020'),(620021354,'CHEM2446'),(620021354,'CHEM1340'),(620021354,'ECON1498');
INSERT INTO Users VALUES (620021355,'Jose','Crespo','JoseCrespo@gmail.com','CrespoJose');
INSERT INTO Students VALUES (620021355,'UNDERGRAD','01-01-2020');
INSERT INTO Enrolled (u_id,courseCode) VALUES (620021355,'CHEM2697'),(620021355,'INFO3868'),(620021355,'CHEM3409'),(620021355,'COMP3418'),(620021355,'COMP3167');
INSERT INTO Users VALUES (620021356,'Homer','Vargas','HomerVargas@gmail.com','VargasHomer');
INSERT INTO Students VALUES (620021356,'UNDERGRAD','01-01-2020');
INSERT INTO Enrolled (u_id,courseCode) VALUES (620021356,'MATH1578'),(620021356,'MATH2188'),(620021356,'CHEM3409'),(620021356,'ECON3737'),(620021356,'COMP3746');
INSERT INTO Users VALUES (620021357,'Gabriel','Hodge','GabrielHodge@gmail.com','HodgeGabriel');
INSERT INTO Students VALUES (620021357,'UNDERGRAD','01-01-2020');
INSERT INTO Enrolled (u_id,courseCode) VALUES (620021357,'BIOC2589'),(620021357,'BIOC1534'),(620021357,'BIOC3341');
INSERT INTO Users VALUES (620021358,'Bryon','Souza','BryonSouza@gmail.com','SouzaBryon');
INSERT INTO Students VALUES (620021358,'UNDERGRAD','01-01-2020');
INSERT INTO Enrolled (u_id,courseCode) VALUES (620021358,'BIOC2671'),(620021358,'INFO2270'),(620021358,'CHEM2797'),(620021358,'INFO2147'),(620021358,'ECON3281');
INSERT INTO Users VALUES (620021359,'Tony','Congdon','TonyCongdon@gmail.com','CongdonTony');
INSERT INTO Students VALUES (620021359,'UNDERGRAD','01-01-2020');
INSERT INTO Enrolled (u_id,courseCode) VALUES (620021359,'INFO2521'),(620021359,'ECON1012'),(620021359,'PHYS3354');
INSERT INTO Users VALUES (620021360,'Roberta','Armstead','RobertaArmstead@gmail.com','ArmsteadRoberta');
INSERT INTO Students VALUES (620021360,'UNDERGRAD','01-01-2020');
INSERT INTO Enrolled (u_id,courseCode) VALUES (620021360,'ECON3550'),(620021360,'BIOC1164'),(620021360,'ECON3372'),(620021360,'MATH3179'),(620021360,'ECON2722'),(620021360,'MATH3059');
INSERT INTO Users VALUES (620021361,'Kimberly','Ebbs','KimberlyEbbs@gmail.com','EbbsKimberly');
INSERT INTO Students VALUES (620021361,'UNDERGRAD','01-01-2020');
INSERT INTO Enrolled (u_id,courseCode) VALUES (620021361,'MATH1262'),(620021361,'ECON1498'),(620021361,'PHYS3876');
INSERT INTO Users VALUES (620021362,'Judith','Davis','JudithDavis@gmail.com','DavisJudith');
INSERT INTO Students VALUES (620021362,'UNDERGRAD','01-01-2020');
INSERT INTO Enrolled (u_id,courseCode) VALUES (620021362,'ECON1230'),(620021362,'CHEM2005'),(620021362,'MATH2873');
INSERT INTO Users VALUES (620021363,'Beverly','Golden','BeverlyGolden@gmail.com','GoldenBeverly');
INSERT INTO Students VALUES (620021363,'UNDERGRAD','01-01-2020');
INSERT INTO Enrolled (u_id,courseCode) VALUES (620021363,'CHEM3347'),(620021363,'COMP3173'),(620021363,'CHEM2604'),(620021363,'PHYS3686'),(620021363,'BIOC3721');
INSERT INTO Users VALUES (620021364,'Katie','Noonan','KatieNoonan@gmail.com','NoonanKatie');
INSERT INTO Students VALUES (620021364,'UNDERGRAD','01-01-2020');
INSERT INTO Enrolled (u_id,courseCode) VALUES (620021364,'INFO3419'),(620021364,'ECON1098'),(620021364,'CHEM2867'),(620021364,'PHYS2117'),(620021364,'ECON1589');
INSERT INTO Users VALUES (620021365,'Eugene','Miller','EugeneMiller@gmail.com','MillerEugene');
INSERT INTO Students VALUES (620021365,'UNDERGRAD','01-01-2020');
INSERT INTO Enrolled (u_id,courseCode) VALUES (620021365,'MATH2550'),(620021365,'INFO2797'),(620021365,'PHYS1930');
INSERT INTO Users VALUES (620021366,'Mathew','Decker','MathewDecker@gmail.com','DeckerMathew');
INSERT INTO Students VALUES (620021366,'UNDERGRAD','01-01-2020');
INSERT INTO Enrolled (u_id,courseCode) VALUES (620021366,'COMP2077'),(620021366,'CHEM2604'),(620021366,'CHEM2626');
INSERT INTO Users VALUES (620021367,'Stacy','Colley','StacyColley@gmail.com','ColleyStacy');
INSERT INTO Students VALUES (620021367,'UNDERGRAD','01-01-2020');
INSERT INTO Enrolled (u_id,courseCode) VALUES (620021367,'INFO2636'),(620021367,'PHYS1399'),(620021367,'BIOC2589'),(620021367,'COMP3173');
INSERT INTO Users VALUES (620021368,'Lilla','Calloway','LillaCalloway@gmail.com','CallowayLilla');
INSERT INTO Students VALUES (620021368,'UNDERGRAD','01-01-2020');
INSERT INTO Enrolled (u_id,courseCode) VALUES (620021368,'CHEM3347'),(620021368,'CHEM3054'),(620021368,'PHYS3729'),(620021368,'PHYS3876');
INSERT INTO Users VALUES (620021369,'Cynthia','Ratterman','CynthiaRatterman@gmail.com','RattermanCynthia');
INSERT INTO Students VALUES (620021369,'UNDERGRAD','01-01-2020');
INSERT INTO Enrolled (u_id,courseCode) VALUES (620021369,'PHYS1399'),(620021369,'INFO1648'),(620021369,'CHEM3888'),(620021369,'BIOC1104'),(620021369,'INFO2213');
INSERT INTO Users VALUES (620021370,'Joe','Joaquin','JoeJoaquin@gmail.com','JoaquinJoe');
INSERT INTO Students VALUES (620021370,'UNDERGRAD','01-01-2020');
INSERT INTO Enrolled (u_id,courseCode) VALUES (620021370,'ECON1230'),(620021370,'INFO2636'),(620021370,'ECON1098'),(620021370,'PHYS2977'),(620021370,'PHYS3052'),(620021370,'ECON2703');
INSERT INTO Users VALUES (620021371,'Walter','Turner','WalterTurner@gmail.com','TurnerWalter');
INSERT INTO Students VALUES (620021371,'UNDERGRAD','01-01-2020');
INSERT INTO Enrolled (u_id,courseCode) VALUES (620021371,'MATH2717'),(620021371,'MATH2801'),(620021371,'BIOC1598');
INSERT INTO Users VALUES (620021372,'Wayne','King','WayneKing@gmail.com','KingWayne');
INSERT INTO Students VALUES (620021372,'UNDERGRAD','01-01-2020');
INSERT INTO Enrolled (u_id,courseCode) VALUES (620021372,'PHYS3464'),(620021372,'PHYS2117'),(620021372,'COMP1051'),(620021372,'CHEM3347'),(620021372,'COMP3697'),(620021372,'INFO2559');
INSERT INTO Users VALUES (620021373,'Josh','Taylor','JoshTaylor@gmail.com','TaylorJosh');
INSERT INTO Students VALUES (620021373,'UNDERGRAD','01-01-2020');
INSERT INTO Enrolled (u_id,courseCode) VALUES (620021373,'PHYS3787'),(620021373,'COMP3746'),(620021373,'BIOC1448'),(620021373,'ECON3085'),(620021373,'ECON3550');
INSERT INTO Users VALUES (620021374,'Walter','Kenney','WalterKenney@gmail.com','KenneyWalter');
INSERT INTO Students VALUES (620021374,'UNDERGRAD','01-01-2020');
INSERT INTO Enrolled (u_id,courseCode) VALUES (620021374,'COMP3639'),(620021374,'MATH3857'),(620021374,'PHYS2238'),(620021374,'MATH3179'),(620021374,'BIOC1164');
INSERT INTO Users VALUES (620021375,'Elwood','Watson','ElwoodWatson@gmail.com','WatsonElwood');
INSERT INTO Students VALUES (620021375,'UNDERGRAD','01-01-2020');
INSERT INTO Enrolled (u_id,courseCode) VALUES (620021375,'CHEM2446'),(620021375,'PHYS3290'),(620021375,'PHYS2667'),(620021375,'COMP2400'),(620021375,'COMP3173'),(620021375,'INFO3868');
INSERT INTO Users VALUES (620021376,'Benjamin','Moldrem','BenjaminMoldrem@gmail.com','MoldremBenjamin');
INSERT INTO Students VALUES (620021376,'UNDERGRAD','01-01-2020');
INSERT INTO Enrolled (u_id,courseCode) VALUES (620021376,'CHEM1807'),(620021376,'PHYS1979'),(620021376,'ECON1230'),(620021376,'BIOC2981');
INSERT INTO Users VALUES (620021377,'Nina','Congdon','NinaCongdon@gmail.com','CongdonNina');
INSERT INTO Students VALUES (620021377,'UNDERGRAD','01-01-2020');
INSERT INTO Enrolled (u_id,courseCode) VALUES (620021377,'MATH1309'),(620021377,'MATH3222'),(620021377,'INFO2521'),(620021377,'COMP3506'),(620021377,'CHEM2867'),(620021377,'PHYS3876');
INSERT INTO Users VALUES (620021378,'Don','Lockwood','DonLockwood@gmail.com','LockwoodDon');
INSERT INTO Students VALUES (620021378,'UNDERGRAD','01-01-2020');
INSERT INTO Enrolled (u_id,courseCode) VALUES (620021378,'MATH3179'),(620021378,'PHYS3876'),(620021378,'PHYS3464'),(620021378,'CHEM2481'),(620021378,'INFO1825'),(620021378,'PHYS2238');
INSERT INTO Users VALUES (620021379,'Alfred','Lundholm','AlfredLundholm@gmail.com','LundholmAlfred');
INSERT INTO Students VALUES (620021379,'UNDERGRAD','01-01-2020');
INSERT INTO Enrolled (u_id,courseCode) VALUES (620021379,'BIOC1986'),(620021379,'PHYS3729'),(620021379,'CHEM2065'),(620021379,'CHEM3614'),(620021379,'COMP1573');
INSERT INTO Users VALUES (620021380,'Delmar','Miller','DelmarMiller@gmail.com','MillerDelmar');
INSERT INTO Students VALUES (620021380,'UNDERGRAD','01-01-2020');
INSERT INTO Enrolled (u_id,courseCode) VALUES (620021380,'COMP3849'),(620021380,'INFO2337'),(620021380,'COMP3047'),(620021380,'BIOC2671'),(620021380,'ECON1012'),(620021380,'PHYS3659');
INSERT INTO Users VALUES (620021381,'Celia','Oswalt','CeliaOswalt@gmail.com','OswaltCelia');
INSERT INTO Students VALUES (620021381,'UNDERGRAD','01-01-2020');
INSERT INTO Enrolled (u_id,courseCode) VALUES (620021381,'ECON1012'),(620021381,'INFO1145'),(620021381,'MATH3857'),(620021381,'PHYS1399'),(620021381,'INFO2636');
INSERT INTO Users VALUES (620021382,'Peter','Williams','PeterWilliams@gmail.com','WilliamsPeter');
INSERT INTO Students VALUES (620021382,'UNDERGRAD','01-01-2020');
INSERT INTO Enrolled (u_id,courseCode) VALUES (620021382,'INFO1145'),(620021382,'MATH2957'),(620021382,'INFO2147'),(620021382,'MATH3173'),(620021382,'ECON3737');
INSERT INTO Users VALUES (620021383,'Jacqueline','Tirabassi','JacquelineTirabassi@gmail.com','TirabassiJacqueline');
INSERT INTO Students VALUES (620021383,'UNDERGRAD','01-01-2020');
INSERT INTO Enrolled (u_id,courseCode) VALUES (620021383,'ECON2814'),(620021383,'ECON1098'),(620021383,'INFO1242');
INSERT INTO Users VALUES (620021384,'Dorcas','Shattuck','DorcasShattuck@gmail.com','ShattuckDorcas');
INSERT INTO Students VALUES (620021384,'UNDERGRAD','01-01-2020');
INSERT INTO Enrolled (u_id,courseCode) VALUES (620021384,'BIOC1725'),(620021384,'BIOC3341'),(620021384,'MATH1454'),(620021384,'BIOC2054'),(620021384,'MATH1972'),(620021384,'BIOC2671');
INSERT INTO Users VALUES (620021385,'Steven','Charland','StevenCharland@gmail.com','CharlandSteven');
INSERT INTO Students VALUES (620021385,'UNDERGRAD','01-01-2020');
INSERT INTO Enrolled (u_id,courseCode) VALUES (620021385,'COMP1357'),(620021385,'BIOC2589'),(620021385,'PHYS3290'),(620021385,'CHEM1485'),(620021385,'MATH2957'),(620021385,'COMP2077');
INSERT INTO Users VALUES (620021386,'Flora','Velasquez','FloraVelasquez@gmail.com','VelasquezFlora');
INSERT INTO Students VALUES (620021386,'UNDERGRAD','01-01-2020');
INSERT INTO Enrolled (u_id,courseCode) VALUES (620021386,'INFO2797'),(620021386,'MATH3857'),(620021386,'MATH2957'),(620021386,'MATH3059'),(620021386,'ECON3276'),(620021386,'CHEM2481');
INSERT INTO Users VALUES (620021387,'Jonathan','Luper','JonathanLuper@gmail.com','LuperJonathan');
INSERT INTO Students VALUES (620021387,'UNDERGRAD','01-01-2020');
INSERT INTO Enrolled (u_id,courseCode) VALUES (620021387,'CHEM3793'),(620021387,'COMP3697'),(620021387,'BIOC1866'),(620021387,'ECON1561'),(620021387,'BIOC3230'),(620021387,'INFO1825');
INSERT INTO Users VALUES (620021388,'Clifford','Laudat','CliffordLaudat@gmail.com','LaudatClifford');
INSERT INTO Students VALUES (620021388,'UNDERGRAD','01-01-2020');
INSERT INTO Enrolled (u_id,courseCode) VALUES (620021388,'INFO2797'),(620021388,'CHEM2031'),(620021388,'PHYS1930'),(620021388,'COMP3418'),(620021388,'PHYS1399'),(620021388,'PHYS2977');
INSERT INTO Users VALUES (620021389,'Grace','Burch','GraceBurch@gmail.com','BurchGrace');
INSERT INTO Students VALUES (620021389,'UNDERGRAD','01-01-2020');
INSERT INTO Enrolled (u_id,courseCode) VALUES (620021389,'MATH3209'),(620021389,'PHYS3686'),(620021389,'CHEM2066'),(620021389,'INFO2860');
INSERT INTO Users VALUES (620021390,'Walter','Culpepper','WalterCulpepper@gmail.com','CulpepperWalter');
INSERT INTO Students VALUES (620021390,'UNDERGRAD','01-01-2020');
INSERT INTO Enrolled (u_id,courseCode) VALUES (620021390,'COMP1460'),(620021390,'MATH3059'),(620021390,'CHEM2626'),(620021390,'PHYS3876'),(620021390,'MATH3688'),(620021390,'PHYS1993');
INSERT INTO Users VALUES (620021391,'Laila','Dohse','LailaDohse@gmail.com','DohseLaila');
INSERT INTO Students VALUES (620021391,'UNDERGRAD','01-01-2020');
INSERT INTO Enrolled (u_id,courseCode) VALUES (620021391,'BIOC3230'),(620021391,'COMP3238'),(620021391,'INFO2636'),(620021391,'ECON3004');
INSERT INTO Users VALUES (620021392,'Sadie','May','SadieMay@gmail.com','MaySadie');
INSERT INTO Students VALUES (620021392,'UNDERGRAD','01-01-2020');
INSERT INTO Enrolled (u_id,courseCode) VALUES (620021392,'INFO3645'),(620021392,'CHEM2177'),(620021392,'INFO2716'),(620021392,'COMP3084'),(620021392,'CHEM2149'),(620021392,'MATH1250');
INSERT INTO Users VALUES (620021393,'Vanessa','Briggs','VanessaBriggs@gmail.com','BriggsVanessa');
INSERT INTO Students VALUES (620021393,'UNDERGRAD','01-01-2020');
INSERT INTO Enrolled (u_id,courseCode) VALUES (620021393,'ECON1498'),(620021393,'COMP2965'),(620021393,'INFO1990'),(620021393,'PHYS3464');
INSERT INTO Users VALUES (620021394,'Laila','Jesse','LailaJesse@gmail.com','JesseLaila');
INSERT INTO Students VALUES (620021394,'UNDERGRAD','01-01-2020');
INSERT INTO Enrolled (u_id,courseCode) VALUES (620021394,'ECON1012'),(620021394,'MATH3209'),(620021394,'INFO3935'),(620021394,'PHYS3787'),(620021394,'CHEM2149');
INSERT INTO Users VALUES (620021395,'Tanya','Sudduth','TanyaSudduth@gmail.com','SudduthTanya');
INSERT INTO Students VALUES (620021395,'UNDERGRAD','01-01-2020');
INSERT INTO Enrolled (u_id,courseCode) VALUES (620021395,'COMP2361'),(620021395,'INFO1242'),(620021395,'BIOC2981'),(620021395,'BIOC1866');
INSERT INTO Users VALUES (620021396,'Vivian','Cummings','VivianCummings@gmail.com','CummingsVivian');
INSERT INTO Students VALUES (620021396,'UNDERGRAD','01-01-2020');
INSERT INTO Enrolled (u_id,courseCode) VALUES (620021396,'CHEM3327'),(620021396,'COMP2541'),(620021396,'PHYS3659'),(620021396,'BIOC2236'),(620021396,'INFO2636'),(620021396,'MATH3844');
INSERT INTO Users VALUES (620021397,'Angela','Rodriguez','AngelaRodriguez@gmail.com','RodriguezAngela');
INSERT INTO Students VALUES (620021397,'UNDERGRAD','01-01-2020');
INSERT INTO Enrolled (u_id,courseCode) VALUES (620021397,'INFO1447'),(620021397,'BIOC3341'),(620021397,'CHEM3747');
INSERT INTO Users VALUES (620021398,'Juan','Schilling','JuanSchilling@gmail.com','SchillingJuan');
INSERT INTO Students VALUES (620021398,'UNDERGRAD','01-01-2020');
INSERT INTO Enrolled (u_id,courseCode) VALUES (620021398,'BIOC2671'),(620021398,'CHEM3327'),(620021398,'BIOC1052'),(620021398,'COMP1184');
INSERT INTO Users VALUES (620021399,'Ruby','Jones','RubyJones@gmail.com','JonesRuby');
INSERT INTO Students VALUES (620021399,'UNDERGRAD','01-01-2020');
INSERT INTO Enrolled (u_id,courseCode) VALUES (620021399,'CHEM1613'),(620021399,'INFO2213'),(620021399,'MATH2801');
INSERT INTO Users VALUES (620021400,'Cynthia','Wright','CynthiaWright@gmail.com','WrightCynthia');
INSERT INTO Students VALUES (620021400,'UNDERGRAD','01-01-2020');
INSERT INTO Enrolled (u_id,courseCode) VALUES (620021400,'MATH2550'),(620021400,'INFO2716'),(620021400,'ECON3550'),(620021400,'MATH1972');
INSERT INTO Users VALUES (620021401,'Louise','Rios','LouiseRios@gmail.com','RiosLouise');
INSERT INTO Students VALUES (620021401,'UNDERGRAD','01-01-2020');
INSERT INTO Enrolled (u_id,courseCode) VALUES (620021401,'BIOC1439'),(620021401,'COMP2651'),(620021401,'BIOC2236'),(620021401,'PHYS3686');
INSERT INTO Users VALUES (620021402,'Nan','Decker','NanDecker@gmail.com','DeckerNan');
INSERT INTO Students VALUES (620021402,'UNDERGRAD','01-01-2020');
INSERT INTO Enrolled (u_id,courseCode) VALUES (620021402,'BIOC1794'),(620021402,'ECON1170'),(620021402,'BIOC2983'),(620021402,'MATH1578');
INSERT INTO Users VALUES (620021403,'Rebecca','Horth','RebeccaHorth@gmail.com','HorthRebecca');
INSERT INTO Students VALUES (620021403,'UNDERGRAD','01-01-2020');
INSERT INTO Enrolled (u_id,courseCode) VALUES (620021403,'CHEM1340'),(620021403,'PHYS3354'),(620021403,'ECON3523'),(620021403,'INFO1990'),(620021403,'PHYS1140');
INSERT INTO Users VALUES (620021404,'Peggy','Siple','PeggySiple@gmail.com','SiplePeggy');
INSERT INTO Students VALUES (620021404,'UNDERGRAD','01-01-2020');
INSERT INTO Enrolled (u_id,courseCode) VALUES (620021404,'PHYS3339'),(620021404,'INFO2636'),(620021404,'PHYS2451'),(620021404,'PHYS2563');
INSERT INTO Users VALUES (620021405,'Taylor','Mauk','TaylorMauk@gmail.com','MaukTaylor');
INSERT INTO Students VALUES (620021405,'UNDERGRAD','01-01-2020');
INSERT INTO Enrolled (u_id,courseCode) VALUES (620021405,'CHEM3327'),(620021405,'COMP1357'),(620021405,'COMP2651'),(620021405,'INFO2636'),(620021405,'PHYS2306');
INSERT INTO Users VALUES (620021406,'Bernard','Cannon','BernardCannon@gmail.com','CannonBernard');
INSERT INTO Students VALUES (620021406,'UNDERGRAD','01-01-2020');
INSERT INTO Enrolled (u_id,courseCode) VALUES (620021406,'CHEM2867'),(620021406,'INFO1014'),(620021406,'PHYS2563'),(620021406,'CHEM3617');
INSERT INTO Users VALUES (620021407,'Nancy','Caudill','NancyCaudill@gmail.com','CaudillNancy');
INSERT INTO Students VALUES (620021407,'UNDERGRAD','01-01-2020');
INSERT INTO Enrolled (u_id,courseCode) VALUES (620021407,'INFO3603'),(620021407,'PHYS2306'),(620021407,'MATH2501'),(620021407,'BIOC1986'),(620021407,'MATH3222');
INSERT INTO Users VALUES (620021408,'Gilbert','Amberg','GilbertAmberg@gmail.com','AmbergGilbert');
INSERT INTO Students VALUES (620021408,'UNDERGRAD','01-01-2020');
INSERT INTO Enrolled (u_id,courseCode) VALUES (620021408,'MATH3613'),(620021408,'INFO2797'),(620021408,'CHEM2220'),(620021408,'PHYS1173');
INSERT INTO Users VALUES (620021409,'Melanie','Carlson','MelanieCarlson@gmail.com','CarlsonMelanie');
INSERT INTO Students VALUES (620021409,'UNDERGRAD','01-01-2020');
INSERT INTO Enrolled (u_id,courseCode) VALUES (620021409,'INFO3603'),(620021409,'BIOC2550'),(620021409,'COMP2651'),(620021409,'CHEM2149'),(620021409,'PHYS3686'),(620021409,'COMP3238');
INSERT INTO Users VALUES (620021410,'Lorenza','Garcia','LorenzaGarcia@gmail.com','GarciaLorenza');
INSERT INTO Students VALUES (620021410,'UNDERGRAD','01-01-2020');
INSERT INTO Enrolled (u_id,courseCode) VALUES (620021410,'BIOC2981'),(620021410,'MATH3688'),(620021410,'PHYS1173');
INSERT INTO Users VALUES (620021411,'Gordon','Meisner','GordonMeisner@gmail.com','MeisnerGordon');
INSERT INTO Students VALUES (620021411,'UNDERGRAD','01-01-2020');
INSERT INTO Enrolled (u_id,courseCode) VALUES (620021411,'INFO1145'),(620021411,'ECON3004'),(620021411,'BIOC1910');
INSERT INTO Users VALUES (620021412,'Deanne','Daniels','DeanneDaniels@gmail.com','DanielsDeanne');
INSERT INTO Students VALUES (620021412,'UNDERGRAD','01-01-2020');
INSERT INTO Enrolled (u_id,courseCode) VALUES (620021412,'ECON3550'),(620021412,'CHEM2727'),(620021412,'BIOC3604');
INSERT INTO Users VALUES (620021413,'Cliff','Joeckel','CliffJoeckel@gmail.com','JoeckelCliff');
INSERT INTO Students VALUES (620021413,'UNDERGRAD','01-01-2020');
INSERT INTO Enrolled (u_id,courseCode) VALUES (620021413,'BIOC1534'),(620021413,'PHYS3290'),(620021413,'PHYS3729');
INSERT INTO Users VALUES (620021414,'Matthew','Horth','MatthewHorth@gmail.com','HorthMatthew');
INSERT INTO Students VALUES (620021414,'UNDERGRAD','01-01-2020');
INSERT INTO Enrolled (u_id,courseCode) VALUES (620021414,'PHYS3787'),(620021414,'PHYS3354'),(620021414,'CHEM2626');
INSERT INTO Users VALUES (620021415,'Judith','Lemieux','JudithLemieux@gmail.com','LemieuxJudith');
INSERT INTO Students VALUES (620021415,'UNDERGRAD','01-01-2020');
INSERT INTO Enrolled (u_id,courseCode) VALUES (620021415,'COMP3536'),(620021415,'BIOC1448'),(620021415,'BIOC3457'),(620021415,'INFO2337'),(620021415,'CHEM2149'),(620021415,'COMP3849');
INSERT INTO Users VALUES (620021416,'Jimmy','Fields','JimmyFields@gmail.com','FieldsJimmy');
INSERT INTO Students VALUES (620021416,'UNDERGRAD','01-01-2020');
INSERT INTO Enrolled (u_id,courseCode) VALUES (620021416,'COMP2400'),(620021416,'ECON3063'),(620021416,'BIOC1534'),(620021416,'BIOC3341');
INSERT INTO Users VALUES (620021417,'Dorcas','Mcclanahan','DorcasMcclanahan@gmail.com','McclanahanDorcas');
INSERT INTO Students VALUES (620021417,'UNDERGRAD','01-01-2020');
INSERT INTO Enrolled (u_id,courseCode) VALUES (620021417,'CHEM3614'),(620021417,'ECON1498'),(620021417,'ECON3004'),(620021417,'ECON1012'),(620021417,'PHYS1979'),(620021417,'ECON3447');
INSERT INTO Users VALUES (620021418,'Jeremy','Campbell','JeremyCampbell@gmail.com','CampbellJeremy');
INSERT INTO Students VALUES (620021418,'UNDERGRAD','01-01-2020');
INSERT INTO Enrolled (u_id,courseCode) VALUES (620021418,'MATH3029'),(620021418,'MATH1648'),(620021418,'CHEM2177'),(620021418,'CHEM3327'),(620021418,'ECON3737'),(620021418,'ECON2345');
INSERT INTO Users VALUES (620021419,'Marshall','Johnson','MarshallJohnson@gmail.com','JohnsonMarshall');
INSERT INTO Students VALUES (620021419,'UNDERGRAD','01-01-2020');
INSERT INTO Enrolled (u_id,courseCode) VALUES (620021419,'INFO3935'),(620021419,'CHEM2177'),(620021419,'PHYS2117'),(620021419,'INFO3645'),(620021419,'BIOC1910'),(620021419,'ECON2345');
INSERT INTO Users VALUES (620021420,'Mathew','Tirabassi','MathewTirabassi@gmail.com','TirabassiMathew');
INSERT INTO Students VALUES (620021420,'UNDERGRAD','01-01-2020');
INSERT INTO Enrolled (u_id,courseCode) VALUES (620021420,'BIOC2983'),(620021420,'ECON2814'),(620021420,'MATH3544'),(620021420,'COMP3849');
INSERT INTO Users VALUES (620021421,'Gregory','Reyes','GregoryReyes@gmail.com','ReyesGregory');
INSERT INTO Students VALUES (620021421,'UNDERGRAD','01-01-2020');
INSERT INTO Enrolled (u_id,courseCode) VALUES (620021421,'CHEM2481'),(620021421,'PHYS2229'),(620021421,'PHYS3659'),(620021421,'ECON1996'),(620021421,'BIOC2589');
INSERT INTO Users VALUES (620021422,'Carrie','Hudson','CarrieHudson@gmail.com','HudsonCarrie');
INSERT INTO Students VALUES (620021422,'UNDERGRAD','01-01-2020');
INSERT INTO Enrolled (u_id,courseCode) VALUES (620021422,'CHEM3888'),(620021422,'COMP3418'),(620021422,'INFO3636'),(620021422,'COMP3084'),(620021422,'COMP1184'),(620021422,'MATH1735');
INSERT INTO Users VALUES (620021423,'Chad','Ott','ChadOtt@gmail.com','OttChad');
INSERT INTO Students VALUES (620021423,'UNDERGRAD','01-01-2020');
INSERT INTO Enrolled (u_id,courseCode) VALUES (620021423,'ECON3004'),(620021423,'COMP2077'),(620021423,'ECON3281');
INSERT INTO Users VALUES (620021424,'Curtis','Walker','CurtisWalker@gmail.com','WalkerCurtis');
INSERT INTO Students VALUES (620021424,'UNDERGRAD','01-01-2020');
INSERT INTO Enrolled (u_id,courseCode) VALUES (620021424,'INFO2950'),(620021424,'CHEM3327'),(620021424,'BIOC2981');
INSERT INTO Users VALUES (620021425,'Catherine','Williams','CatherineWilliams@gmail.com','WilliamsCatherine');
INSERT INTO Students VALUES (620021425,'UNDERGRAD','01-01-2020');
INSERT INTO Enrolled (u_id,courseCode) VALUES (620021425,'PHYS2229'),(620021425,'INFO2811'),(620021425,'ECON3523'),(620021425,'ECON3228'),(620021425,'INFO1990');
INSERT INTO Users VALUES (620021426,'Joseph','Hawkins','JosephHawkins@gmail.com','HawkinsJoseph');
INSERT INTO Students VALUES (620021426,'UNDERGRAD','01-01-2020');
INSERT INTO Enrolled (u_id,courseCode) VALUES (620021426,'CHEM3054'),(620021426,'ECON1170'),(620021426,'PHYS3686'),(620021426,'ECON1996'),(620021426,'ECON3311'),(620021426,'INFO1825');
INSERT INTO Users VALUES (620021427,'Andrew','Bras','AndrewBras@gmail.com','BrasAndrew');
INSERT INTO Students VALUES (620021427,'UNDERGRAD','01-01-2020');
INSERT INTO Enrolled (u_id,courseCode) VALUES (620021427,'ECON3550'),(620021427,'CHEM2867'),(620021427,'PHYS1173');
INSERT INTO Users VALUES (620021428,'Sadie','Comley','SadieComley@gmail.com','ComleySadie');
INSERT INTO Students VALUES (620021428,'UNDERGRAD','01-01-2020');
INSERT INTO Enrolled (u_id,courseCode) VALUES (620021428,'COMP1051'),(620021428,'ECON1589'),(620021428,'MATH3844');
INSERT INTO Users VALUES (620021429,'Louis','Klein','LouisKlein@gmail.com','KleinLouis');
INSERT INTO Students VALUES (620021429,'UNDERGRAD','01-01-2020');
INSERT INTO Enrolled (u_id,courseCode) VALUES (620021429,'CHEM1494'),(620021429,'ECON3276'),(620021429,'PHYS2306'),(620021429,'PHYS1930'),(620021429,'PHYS3464'),(620021429,'BIOC1534');
INSERT INTO Users VALUES (620021430,'Casey','Letchworth','CaseyLetchworth@gmail.com','LetchworthCasey');
INSERT INTO Students VALUES (620021430,'UNDERGRAD','01-01-2020');
INSERT INTO Enrolled (u_id,courseCode) VALUES (620021430,'ECON1589'),(620021430,'COMP3849'),(620021430,'PHYS2977'),(620021430,'MATH3222'),(620021430,'PHYS3290'),(620021430,'COMP3418');
INSERT INTO Users VALUES (620021431,'Steven','Smith','StevenSmith@gmail.com','SmithSteven');
INSERT INTO Students VALUES (620021431,'UNDERGRAD','01-01-2020');
INSERT INTO Enrolled (u_id,courseCode) VALUES (620021431,'BIOC2983'),(620021431,'BIOC1794'),(620021431,'INFO1648'),(620021431,'COMP1867');
INSERT INTO Users VALUES (620021432,'Peter','Walden','PeterWalden@gmail.com','WaldenPeter');
INSERT INTO Students VALUES (620021432,'UNDERGRAD','01-01-2020');
INSERT INTO Enrolled (u_id,courseCode) VALUES (620021432,'BIOC1725'),(620021432,'INFO1242'),(620021432,'MATH1454'),(620021432,'ECON1012'),(620021432,'BIOC3457'),(620021432,'INFO2270');
INSERT INTO Users VALUES (620021433,'Ashleigh','Nichols','AshleighNichols@gmail.com','NicholsAshleigh');
INSERT INTO Students VALUES (620021433,'UNDERGRAD','01-01-2020');
INSERT INTO Enrolled (u_id,courseCode) VALUES (620021433,'INFO2559'),(620021433,'MATH2067'),(620021433,'BIOC1052'),(620021433,'PHYS3686'),(620021433,'PHYS3052'),(620021433,'INFO1288');
INSERT INTO Users VALUES (620021434,'Wilbur','Pantoja','WilburPantoja@gmail.com','PantojaWilbur');
INSERT INTO Students VALUES (620021434,'UNDERGRAD','01-01-2020');
INSERT INTO Enrolled (u_id,courseCode) VALUES (620021434,'MATH3179'),(620021434,'ECON1498'),(620021434,'COMP3536'),(620021434,'INFO2521');
INSERT INTO Users VALUES (620021435,'Justin','Cummins','JustinCummins@gmail.com','CumminsJustin');
INSERT INTO Students VALUES (620021435,'UNDERGRAD','01-01-2020');
INSERT INTO Enrolled (u_id,courseCode) VALUES (620021435,'COMP3536'),(620021435,'ECON1645'),(620021435,'CHEM3054'),(620021435,'PHYS3464'),(620021435,'COMP1184');
INSERT INTO Users VALUES (620021436,'Robert','Mcclain','RobertMcclain@gmail.com','McclainRobert');
INSERT INTO Students VALUES (620021436,'UNDERGRAD','01-01-2020');
INSERT INTO Enrolled (u_id,courseCode) VALUES (620021436,'INFO3868'),(620021436,'PHYS2563'),(620021436,'INFO2337'),(620021436,'PHYS2338'),(620021436,'INFO2797');
INSERT INTO Users VALUES (620021437,'Esmeralda','Diggs','EsmeraldaDiggs@gmail.com','DiggsEsmeralda');
INSERT INTO Students VALUES (620021437,'UNDERGRAD','01-01-2020');
INSERT INTO Enrolled (u_id,courseCode) VALUES (620021437,'PHYS2229'),(620021437,'PHYS3787'),(620021437,'CHEM2031'),(620021437,'PHYS3354'),(620021437,'CHEM2446');
INSERT INTO Users VALUES (620021438,'Nina','Lopez','NinaLopez@gmail.com','LopezNina');
INSERT INTO Students VALUES (620021438,'UNDERGRAD','01-01-2020');
INSERT INTO Enrolled (u_id,courseCode) VALUES (620021438,'COMP1357'),(620021438,'COMP1460'),(620021438,'MATH1735');
INSERT INTO Users VALUES (620021439,'Melodie','Long','MelodieLong@gmail.com','LongMelodie');
INSERT INTO Students VALUES (620021439,'UNDERGRAD','01-01-2020');
INSERT INTO Enrolled (u_id,courseCode) VALUES (620021439,'COMP3047'),(620021439,'PHYS1399'),(620021439,'INFO2337'),(620021439,'INFO3868'),(620021439,'INFO2559'),(620021439,'INFO2636');
INSERT INTO Users VALUES (620021440,'Deanne','Harness','DeanneHarness@gmail.com','HarnessDeanne');
INSERT INTO Students VALUES (620021440,'UNDERGRAD','01-01-2020');
INSERT INTO Enrolled (u_id,courseCode) VALUES (620021440,'INFO2950'),(620021440,'CHEM1807'),(620021440,'PHYS2117'),(620021440,'INFO2213'),(620021440,'COMP3167'),(620021440,'BIOC3721');
INSERT INTO Users VALUES (620021441,'Betsy','Garrett','BetsyGarrett@gmail.com','GarrettBetsy');
INSERT INTO Students VALUES (620021441,'UNDERGRAD','01-01-2020');
INSERT INTO Enrolled (u_id,courseCode) VALUES (620021441,'BIOC1164'),(620021441,'MATH2717'),(620021441,'BIOC1986'),(620021441,'MATH1578'),(620021441,'INFO2270');
INSERT INTO Users VALUES (620021442,'Caroline','Lemieux','CarolineLemieux@gmail.com','LemieuxCaroline');
INSERT INTO Students VALUES (620021442,'UNDERGRAD','01-01-2020');
INSERT INTO Enrolled (u_id,courseCode) VALUES (620021442,'INFO2813'),(620021442,'BIOC2589'),(620021442,'INFO2147'),(620021442,'INFO1242');
INSERT INTO Users VALUES (620021443,'Ed','Horth','EdHorth@gmail.com','HorthEd');
INSERT INTO Students VALUES (620021443,'UNDERGRAD','01-01-2020');
INSERT INTO Enrolled (u_id,courseCode) VALUES (620021443,'BIOC1725'),(620021443,'PHYS2451'),(620021443,'COMP2651');
INSERT INTO Users VALUES (620021444,'Amee','Nerbonne','AmeeNerbonne@gmail.com','NerbonneAmee');
INSERT INTO Students VALUES (620021444,'UNDERGRAD','01-01-2020');
INSERT INTO Enrolled (u_id,courseCode) VALUES (620021444,'ECON2345'),(620021444,'INFO2270'),(620021444,'PHYS3290'),(620021444,'PHYS3876'),(620021444,'PHYS2306');
INSERT INTO Users VALUES (620021445,'Jose','Wright','JoseWright@gmail.com','WrightJose');
INSERT INTO Students VALUES (620021445,'UNDERGRAD','01-01-2020');
INSERT INTO Enrolled (u_id,courseCode) VALUES (620021445,'MATH3222'),(620021445,'ECON1561'),(620021445,'PHYS3787');
INSERT INTO Users VALUES (620021446,'Luella','Mcclanahan','LuellaMcclanahan@gmail.com','McclanahanLuella');
INSERT INTO Students VALUES (620021446,'UNDERGRAD','01-01-2020');
INSERT INTO Enrolled (u_id,courseCode) VALUES (620021446,'ECON1561'),(620021446,'CHEM1613'),(620021446,'INFO3603'),(620021446,'PHYS3354');
INSERT INTO Users VALUES (620021447,'Don','Laudat','DonLaudat@gmail.com','LaudatDon');
INSERT INTO Students VALUES (620021447,'UNDERGRAD','01-01-2020');
INSERT INTO Enrolled (u_id,courseCode) VALUES (620021447,'COMP3639'),(620021447,'ECON3550'),(620021447,'MATH1454'),(620021447,'CHEM2797'),(620021447,'CHEM2626');
INSERT INTO Users VALUES (620021448,'Marilyn','Moldrem','MarilynMoldrem@gmail.com','MoldremMarilyn');
INSERT INTO Students VALUES (620021448,'UNDERGRAD','01-01-2020');
INSERT INTO Enrolled (u_id,courseCode) VALUES (620021448,'ECON3372'),(620021448,'COMP3697'),(620021448,'ECON3737'),(620021448,'MATH3544'),(620021448,'ECON2345');
INSERT INTO Users VALUES (620021449,'Alfred','Miraglia','AlfredMiraglia@gmail.com','MiragliaAlfred');
INSERT INTO Students VALUES (620021449,'UNDERGRAD','01-01-2020');
INSERT INTO Enrolled (u_id,courseCode) VALUES (620021449,'MATH2957'),(620021449,'ECON1170'),(620021449,'CHEM1485');
INSERT INTO Users VALUES (620021450,'Christine','Caudill','ChristineCaudill@gmail.com','CaudillChristine');
INSERT INTO Students VALUES (620021450,'UNDERGRAD','01-01-2020');
INSERT INTO Enrolled (u_id,courseCode) VALUES (620021450,'COMP2077'),(620021450,'PHYS3290'),(620021450,'ECON2703'),(620021450,'BIOC2589'),(620021450,'MATH3029');
INSERT INTO Users VALUES (620021451,'Deborah','Maze','DeborahMaze@gmail.com','MazeDeborah');
INSERT INTO Students VALUES (620021451,'UNDERGRAD','01-01-2020');
INSERT INTO Enrolled (u_id,courseCode) VALUES (620021451,'BIOC3604'),(620021451,'ECON1098'),(620021451,'PHYS2451');
INSERT INTO Users VALUES (620021452,'Paul','Eaton','PaulEaton@gmail.com','EatonPaul');
INSERT INTO Students VALUES (620021452,'UNDERGRAD','01-01-2020');
INSERT INTO Enrolled (u_id,courseCode) VALUES (620021452,'CHEM2797'),(620021452,'COMP3173'),(620021452,'CHEM3054'),(620021452,'CHEM2149'),(620021452,'BIOC2671'),(620021452,'MATH3179');
INSERT INTO Users VALUES (620021453,'Earl','Evans','EarlEvans@gmail.com','EvansEarl');
INSERT INTO Students VALUES (620021453,'UNDERGRAD','01-01-2020');
INSERT INTO Enrolled (u_id,courseCode) VALUES (620021453,'INFO2860'),(620021453,'PHYS2448'),(620021453,'INFO1825'),(620021453,'COMP1867'),(620021453,'INFO2950');
INSERT INTO Users VALUES (620021454,'Celia','Lyford','CeliaLyford@gmail.com','LyfordCelia');
INSERT INTO Students VALUES (620021454,'UNDERGRAD','01-01-2020');
INSERT INTO Enrolled (u_id,courseCode) VALUES (620021454,'ECON3020'),(620021454,'INFO2860'),(620021454,'ECON1498'),(620021454,'COMP3238'),(620021454,'ECON3228');
INSERT INTO Users VALUES (620021455,'Jesus','Steinberger','JesusSteinberger@gmail.com','SteinbergerJesus');
INSERT INTO Students VALUES (620021455,'UNDERGRAD','01-01-2020');
INSERT INTO Enrolled (u_id,courseCode) VALUES (620021455,'ECON2387'),(620021455,'PHYS2238'),(620021455,'MATH2501'),(620021455,'CHEM3793'),(620021455,'MATH2717');
INSERT INTO Users VALUES (620021456,'Kendra','Hoyer','KendraHoyer@gmail.com','HoyerKendra');
INSERT INTO Students VALUES (620021456,'UNDERGRAD','01-01-2020');
INSERT INTO Enrolled (u_id,courseCode) VALUES (620021456,'MATH3544'),(620021456,'CHEM2797'),(620021456,'INFO2147');
INSERT INTO Users VALUES (620021457,'Sean','Harness','SeanHarness@gmail.com','HarnessSean');
INSERT INTO Students VALUES (620021457,'UNDERGRAD','01-01-2020');
INSERT INTO Enrolled (u_id,courseCode) VALUES (620021457,'PHYS3354'),(620021457,'PHYS1140'),(620021457,'MATH1735');
INSERT INTO Users VALUES (620021458,'Geoffrey','Hawkins','GeoffreyHawkins@gmail.com','HawkinsGeoffrey');
INSERT INTO Students VALUES (620021458,'UNDERGRAD','01-01-2020');
INSERT INTO Enrolled (u_id,courseCode) VALUES (620021458,'CHEM2220'),(620021458,'CHEM2481'),(620021458,'MATH3222'),(620021458,'COMP1867'),(620021458,'INFO1014');
INSERT INTO Users VALUES (620021459,'Melodie','Ramlall','MelodieRamlall@gmail.com','RamlallMelodie');
INSERT INTO Students VALUES (620021459,'UNDERGRAD','01-01-2020');
INSERT INTO Enrolled (u_id,courseCode) VALUES (620021459,'ECON1098'),(620021459,'PHYS2306'),(620021459,'ECON1783'),(620021459,'MATH2717');
INSERT INTO Users VALUES (620021460,'Lori','Gaffney','LoriGaffney@gmail.com','GaffneyLori');
INSERT INTO Students VALUES (620021460,'UNDERGRAD','01-01-2020');
INSERT INTO Enrolled (u_id,courseCode) VALUES (620021460,'BIOC1439'),(620021460,'INFO1014'),(620021460,'CHEM3747'),(620021460,'COMP3418'),(620021460,'PHYS2448'),(620021460,'COMP1051');
INSERT INTO Users VALUES (620021461,'Alfred','Armstead','AlfredArmstead@gmail.com','ArmsteadAlfred');
INSERT INTO Students VALUES (620021461,'UNDERGRAD','01-01-2020');
INSERT INTO Enrolled (u_id,courseCode) VALUES (620021461,'BIOC3191'),(620021461,'COMP3047'),(620021461,'MATH1578'),(620021461,'CHEM2481'),(620021461,'MATH3179'),(620021461,'BIOC2589');
INSERT INTO Users VALUES (620021462,'Deborah','Wright','DeborahWright@gmail.com','WrightDeborah');
INSERT INTO Students VALUES (620021462,'UNDERGRAD','01-01-2020');
INSERT INTO Enrolled (u_id,courseCode) VALUES (620021462,'ECON2814'),(620021462,'INFO3419'),(620021462,'ECON3550'),(620021462,'CHEM3747'),(620021462,'MATH3179'),(620021462,'BIOC1485');
INSERT INTO Users VALUES (620021463,'Mary','Sandlin','MarySandlin@gmail.com','SandlinMary');
INSERT INTO Students VALUES (620021463,'UNDERGRAD','01-01-2020');
INSERT INTO Enrolled (u_id,courseCode) VALUES (620021463,'INFO2813'),(620021463,'MATH1735'),(620021463,'ECON3989'),(620021463,'PHYS3686'),(620021463,'MATH2957'),(620021463,'BIOC1866');
INSERT INTO Users VALUES (620021464,'Harold','Mchenry','HaroldMchenry@gmail.com','MchenryHarold');
INSERT INTO Students VALUES (620021464,'UNDERGRAD','01-01-2020');
INSERT INTO Enrolled (u_id,courseCode) VALUES (620021464,'MATH1262'),(620021464,'BIOC3721'),(620021464,'CHEM3793'),(620021464,'COMP2077'),(620021464,'PHYS2238'),(620021464,'PHYS2451');
INSERT INTO Users VALUES (620021465,'Gordon','Collins','GordonCollins@gmail.com','CollinsGordon');
INSERT INTO Students VALUES (620021465,'UNDERGRAD','01-01-2020');
INSERT INTO Enrolled (u_id,courseCode) VALUES (620021465,'COMP2361'),(620021465,'CHEM2727'),(620021465,'CHEM2697');
INSERT INTO Users VALUES (620021466,'Rodney','Hoyer','RodneyHoyer@gmail.com','HoyerRodney');
INSERT INTO Students VALUES (620021466,'UNDERGRAD','01-01-2020');
INSERT INTO Enrolled (u_id,courseCode) VALUES (620021466,'INFO1242'),(620021466,'ECON2722'),(620021466,'ECON3276');
INSERT INTO Users VALUES (620021467,'Michael','Madsen','MichaelMadsen@gmail.com','MadsenMichael');
INSERT INTO Students VALUES (620021467,'UNDERGRAD','01-01-2020');
INSERT INTO Enrolled (u_id,courseCode) VALUES (620021467,'CHEM2481'),(620021467,'ECON2703'),(620021467,'MATH1309'),(620021467,'INFO2950'),(620021467,'ECON3523');
INSERT INTO Users VALUES (620021468,'William','Armstead','WilliamArmstead@gmail.com','ArmsteadWilliam');
INSERT INTO Students VALUES (620021468,'UNDERGRAD','01-01-2020');
INSERT INTO Enrolled (u_id,courseCode) VALUES (620021468,'BIOC2589'),(620021468,'CHEM2031'),(620021468,'MATH3688');
INSERT INTO Users VALUES (620021469,'Cherise','Barnett','CheriseBarnett@gmail.com','BarnettCherise');
INSERT INTO Students VALUES (620021469,'UNDERGRAD','01-01-2020');
INSERT INTO Enrolled (u_id,courseCode) VALUES (620021469,'BIOC3457'),(620021469,'MATH2067'),(620021469,'COMP2361'),(620021469,'COMP1543'),(620021469,'BIOC3721'),(620021469,'BIOC1794');
INSERT INTO Users VALUES (620021470,'Kim','Lemieux','KimLemieux@gmail.com','LemieuxKim');
INSERT INTO Students VALUES (620021470,'UNDERGRAD','01-01-2020');
INSERT INTO Enrolled (u_id,courseCode) VALUES (620021470,'ECON2814'),(620021470,'BIOC1598'),(620021470,'ECON2387'),(620021470,'MATH1309');
INSERT INTO Users VALUES (620021471,'Diane','Hunt','DianeHunt@gmail.com','HuntDiane');
INSERT INTO Students VALUES (620021471,'UNDERGRAD','01-01-2020');
INSERT INTO Enrolled (u_id,courseCode) VALUES (620021471,'COMP3849'),(620021471,'BIOC2671'),(620021471,'CHEM2867');
INSERT INTO Users VALUES (620021472,'Juan','Kaupp','JuanKaupp@gmail.com','KauppJuan');
INSERT INTO Students VALUES (620021472,'UNDERGRAD','01-01-2020');
INSERT INTO Enrolled (u_id,courseCode) VALUES (620021472,'PHYS3686'),(620021472,'INFO2716'),(620021472,'BIOC2589'),(620021472,'INFO1990'),(620021472,'CHEM3617'),(620021472,'BIOC1534');
INSERT INTO Users VALUES (620021473,'Kimberly','Heckstall','KimberlyHeckstall@gmail.com','HeckstallKimberly');
INSERT INTO Students VALUES (620021473,'UNDERGRAD','01-01-2020');
INSERT INTO Enrolled (u_id,courseCode) VALUES (620021473,'CHEM1807'),(620021473,'ECON3989'),(620021473,'BIOC1485');
INSERT INTO Users VALUES (620021474,'Dorothy','Walker','DorothyWalker@gmail.com','WalkerDorothy');
INSERT INTO Students VALUES (620021474,'UNDERGRAD','01-01-2020');
INSERT INTO Enrolled (u_id,courseCode) VALUES (620021474,'ECON3550'),(620021474,'PHYS2977'),(620021474,'ECON2345'),(620021474,'BIOC3604');
INSERT INTO Users VALUES (620021475,'Barbara','Phinney','BarbaraPhinney@gmail.com','PhinneyBarbara');
INSERT INTO Students VALUES (620021475,'UNDERGRAD','01-01-2020');
INSERT INTO Enrolled (u_id,courseCode) VALUES (620021475,'CHEM2177'),(620021475,'COMP1543'),(620021475,'ECON1098'),(620021475,'MATH3059');
INSERT INTO Users VALUES (620021476,'Chad','Sudduth','ChadSudduth@gmail.com','SudduthChad');
INSERT INTO Students VALUES (620021476,'UNDERGRAD','01-01-2020');
INSERT INTO Enrolled (u_id,courseCode) VALUES (620021476,'COMP1543'),(620021476,'PHYS3290'),(620021476,'COMP3084'),(620021476,'CHEM2626'),(620021476,'MATH3844'),(620021476,'PHYS3339');
INSERT INTO Users VALUES (620021477,'George','Meisner','GeorgeMeisner@gmail.com','MeisnerGeorge');
INSERT INTO Students VALUES (620021477,'UNDERGRAD','01-01-2020');
INSERT INTO Enrolled (u_id,courseCode) VALUES (620021477,'CHEM2867'),(620021477,'INFO1990'),(620021477,'MATH1309');
INSERT INTO Users VALUES (620021478,'Sharon','Jensen','SharonJensen@gmail.com','JensenSharon');
INSERT INTO Students VALUES (620021478,'UNDERGRAD','01-01-2020');
INSERT INTO Enrolled (u_id,courseCode) VALUES (620021478,'CHEM1613'),(620021478,'BIOC1164'),(620021478,'COMP3084');
INSERT INTO Users VALUES (620021479,'Mary','Wolfe','MaryWolfe@gmail.com','WolfeMary');
INSERT INTO Students VALUES (620021479,'UNDERGRAD','01-01-2020');
INSERT INTO Enrolled (u_id,courseCode) VALUES (620021479,'PHYS2448'),(620021479,'CHEM2626'),(620021479,'INFO2950'),(620021479,'MATH3209'),(620021479,'MATH2188'),(620021479,'CHEM2797');
INSERT INTO Users VALUES (620021480,'Betty','Wurdeman','BettyWurdeman@gmail.com','WurdemanBetty');
INSERT INTO Students VALUES (620021480,'UNDERGRAD','01-01-2020');
INSERT INTO Enrolled (u_id,courseCode) VALUES (620021480,'MATH3222'),(620021480,'CHEM3327'),(620021480,'PHYS3787'),(620021480,'INFO3645'),(620021480,'PHYS3339');
INSERT INTO Users VALUES (620021481,'Roberta','Nelson','RobertaNelson@gmail.com','NelsonRoberta');
INSERT INTO Students VALUES (620021481,'UNDERGRAD','01-01-2020');
INSERT INTO Enrolled (u_id,courseCode) VALUES (620021481,'ECON1230'),(620021481,'PHYS2563'),(620021481,'BIOC2236'),(620021481,'BIOC1744'),(620021481,'INFO1825'),(620021481,'COMP1357');
INSERT INTO Users VALUES (620021482,'Larry','Krout','LarryKrout@gmail.com','KroutLarry');
INSERT INTO Students VALUES (620021482,'UNDERGRAD','01-01-2020');
INSERT INTO Enrolled (u_id,courseCode) VALUES (620021482,'MATH3059'),(620021482,'CHEM1494'),(620021482,'MATH3179'),(620021482,'PHYS3686'),(620021482,'BIOC1104'),(620021482,'INFO2813');
INSERT INTO Users VALUES (620021483,'Paul','Sultzer','PaulSultzer@gmail.com','SultzerPaul');
INSERT INTO Students VALUES (620021483,'UNDERGRAD','01-01-2020');
INSERT INTO Enrolled (u_id,courseCode) VALUES (620021483,'COMP2717'),(620021483,'COMP3084'),(620021483,'MATH2067');
INSERT INTO Users VALUES (620021484,'Weldon','Madsen','WeldonMadsen@gmail.com','MadsenWeldon');
INSERT INTO Students VALUES (620021484,'UNDERGRAD','01-01-2020');
INSERT INTO Enrolled (u_id,courseCode) VALUES (620021484,'INFO1833'),(620021484,'ECON2345'),(620021484,'INFO2860'),(620021484,'MATH1578');
INSERT INTO Users VALUES (620021485,'Gloria','Fields','GloriaFields@gmail.com','FieldsGloria');
INSERT INTO Students VALUES (620021485,'UNDERGRAD','01-01-2020');
INSERT INTO Enrolled (u_id,courseCode) VALUES (620021485,'ECON1589'),(620021485,'COMP3746'),(620021485,'PHYS3464'),(620021485,'MATH2957'),(620021485,'COMP3084'),(620021485,'BIOC2671');
INSERT INTO Users VALUES (620021486,'Linda','Porter','LindaPorter@gmail.com','PorterLinda');
INSERT INTO Students VALUES (620021486,'UNDERGRAD','01-01-2020');
INSERT INTO Enrolled (u_id,courseCode) VALUES (620021486,'MATH2873'),(620021486,'MATH3029'),(620021486,'CHEM3793'),(620021486,'CHEM3409');
INSERT INTO Users VALUES (620021487,'Curtis','Jensen','CurtisJensen@gmail.com','JensenCurtis');
INSERT INTO Students VALUES (620021487,'UNDERGRAD','01-01-2020');
INSERT INTO Enrolled (u_id,courseCode) VALUES (620021487,'COMP1051'),(620021487,'BIOC1448'),(620021487,'CHEM2177'),(620021487,'INFO2860');
INSERT INTO Users VALUES (620021488,'Ladawn','Larry','LadawnLarry@gmail.com','LarryLadawn');
INSERT INTO Students VALUES (620021488,'UNDERGRAD','01-01-2020');
INSERT INTO Enrolled (u_id,courseCode) VALUES (620021488,'ECON1098'),(620021488,'MATH3059'),(620021488,'CHEM1613'),(620021488,'COMP3167'),(620021488,'MATH3173'),(620021488,'INFO1990');
INSERT INTO Users VALUES (620021489,'Jimmy','Jensen','JimmyJensen@gmail.com','JensenJimmy');
INSERT INTO Students VALUES (620021489,'UNDERGRAD','01-01-2020');
INSERT INTO Enrolled (u_id,courseCode) VALUES (620021489,'ECON3085'),(620021489,'MATH1454'),(620021489,'BIOC1725');
INSERT INTO Users VALUES (620021490,'Christina','Maione','ChristinaMaione@gmail.com','MaioneChristina');
INSERT INTO Students VALUES (620021490,'UNDERGRAD','01-01-2020');
INSERT INTO Enrolled (u_id,courseCode) VALUES (620021490,'COMP1460'),(620021490,'BIOC1439'),(620021490,'COMP3849'),(620021490,'ECON3281');
INSERT INTO Users VALUES (620021491,'Delia','Ott','DeliaOtt@gmail.com','OttDelia');
INSERT INTO Students VALUES (620021491,'UNDERGRAD','01-01-2020');
INSERT INTO Enrolled (u_id,courseCode) VALUES (620021491,'PHYS1930'),(620021491,'BIOC2671'),(620021491,'BIOC1866'),(620021491,'COMP2400'),(620021491,'COMP2077');
INSERT INTO Users VALUES (620021492,'Diane','Vanhamlin','DianeVanhamlin@gmail.com','VanhamlinDiane');
INSERT INTO Students VALUES (620021492,'UNDERGRAD','01-01-2020');
INSERT INTO Enrolled (u_id,courseCode) VALUES (620021492,'BIOC2983'),(620021492,'PHYS2977'),(620021492,'INFO2811'),(620021492,'MATH2873'),(620021492,'INFO3419'),(620021492,'CHEM3054');
INSERT INTO Users VALUES (620021493,'David','Walley','DavidWalley@gmail.com','WalleyDavid');
INSERT INTO Students VALUES (620021493,'UNDERGRAD','01-01-2020');
INSERT INTO Enrolled (u_id,courseCode) VALUES (620021493,'CHEM2005'),(620021493,'PHYS1993'),(620021493,'COMP3746'),(620021493,'INFO2811');
INSERT INTO Users VALUES (620021494,'Evelyn','Wright','EvelynWright@gmail.com','WrightEvelyn');
INSERT INTO Students VALUES (620021494,'UNDERGRAD','01-01-2020');
INSERT INTO Enrolled (u_id,courseCode) VALUES (620021494,'INFO1447'),(620021494,'ECON1783'),(620021494,'MATH1735'),(620021494,'CHEM2031'),(620021494,'MATH1972');
INSERT INTO Users VALUES (620021495,'Hazel','Hardman','HazelHardman@gmail.com','HardmanHazel');
INSERT INTO Students VALUES (620021495,'UNDERGRAD','01-01-2020');
INSERT INTO Enrolled (u_id,courseCode) VALUES (620021495,'COMP2077'),(620021495,'ECON1458'),(620021495,'MATH1148');
INSERT INTO Users VALUES (620021496,'Iris','Morey','IrisMorey@gmail.com','MoreyIris');
INSERT INTO Students VALUES (620021496,'UNDERGRAD','01-01-2020');
INSERT INTO Enrolled (u_id,courseCode) VALUES (620021496,'CHEM2481'),(620021496,'BIOC1910'),(620021496,'ECON3228'),(620021496,'PHYS3686'),(620021496,'INFO1833'),(620021496,'MATH3029');
INSERT INTO Users VALUES (620021497,'Brooke','Rankin','BrookeRankin@gmail.com','RankinBrooke');
INSERT INTO Students VALUES (620021497,'UNDERGRAD','01-01-2020');
INSERT INTO Enrolled (u_id,courseCode) VALUES (620021497,'MATH2188'),(620021497,'INFO2636'),(620021497,'INFO1242'),(620021497,'ECON3447'),(620021497,'COMP1460'),(620021497,'MATH3222');
INSERT INTO Users VALUES (620021498,'Janet','Miller','JanetMiller@gmail.com','MillerJanet');
INSERT INTO Students VALUES (620021498,'UNDERGRAD','01-01-2020');
INSERT INTO Enrolled (u_id,courseCode) VALUES (620021498,'INFO2811'),(620021498,'PHYS3052'),(620021498,'CHEM3409'),(620021498,'ECON3004');
INSERT INTO Users VALUES (620021499,'Brooke','Maze','BrookeMaze@gmail.com','MazeBrooke');
INSERT INTO Students VALUES (620021499,'UNDERGRAD','01-01-2020');
INSERT INTO Enrolled (u_id,courseCode) VALUES (620021499,'CHEM3347'),(620021499,'ECON3020'),(620021499,'INFO2521'),(620021499,'CHEM1613');
INSERT INTO Users VALUES (620021500,'Earl','Kimbrell','EarlKimbrell@gmail.com','KimbrellEarl');
INSERT INTO Students VALUES (620021500,'UNDERGRAD','01-01-2020');
INSERT INTO Enrolled (u_id,courseCode) VALUES (620021500,'PHYS3659'),(620021500,'CHEM2149'),(620021500,'ECON2814'),(620021500,'CHEM3327'),(620021500,'PHYS3686');
INSERT INTO Users VALUES (620021501,'Brenda','Casteel','BrendaCasteel@gmail.com','CasteelBrenda');
INSERT INTO Students VALUES (620021501,'UNDERGRAD','01-01-2020');
INSERT INTO Enrolled (u_id,courseCode) VALUES (620021501,'INFO2813'),(620021501,'ECON3085'),(620021501,'ECON3228'),(620021501,'INFO3636');
INSERT INTO Users VALUES (620021502,'Young','Letchworth','YoungLetchworth@gmail.com','LetchworthYoung');
INSERT INTO Students VALUES (620021502,'UNDERGRAD','01-01-2020');
INSERT INTO Enrolled (u_id,courseCode) VALUES (620021502,'INFO1833'),(620021502,'CHEM2177'),(620021502,'BIOC2671'),(620021502,'CHEM2065'),(620021502,'MATH2873'),(620021502,'COMP2541');
INSERT INTO Users VALUES (620021503,'Brian','Vargas','BrianVargas@gmail.com','VargasBrian');
INSERT INTO Students VALUES (620021503,'UNDERGRAD','01-01-2020');
INSERT INTO Enrolled (u_id,courseCode) VALUES (620021503,'INFO1145'),(620021503,'BIOC1725'),(620021503,'ECON1230');
INSERT INTO Users VALUES (620021504,'Kim','Eddins','KimEddins@gmail.com','EddinsKim');
INSERT INTO Students VALUES (620021504,'UNDERGRAD','01-01-2020');
INSERT INTO Enrolled (u_id,courseCode) VALUES (620021504,'COMP3536'),(620021504,'ECON2703'),(620021504,'BIOC3457'),(620021504,'CHEM3617');
INSERT INTO Users VALUES (620021505,'Jacqueline','Lamar','JacquelineLamar@gmail.com','LamarJacqueline');
INSERT INTO Students VALUES (620021505,'UNDERGRAD','01-01-2020');
INSERT INTO Enrolled (u_id,courseCode) VALUES (620021505,'ECON1561'),(620021505,'ECON1012'),(620021505,'MATH3029'),(620021505,'CHEM3793'),(620021505,'ECON1498'),(620021505,'ECON1230');
INSERT INTO Users VALUES (620021506,'Tracy','Halford','TracyHalford@gmail.com','HalfordTracy');
INSERT INTO Students VALUES (620021506,'UNDERGRAD','01-01-2020');
INSERT INTO Enrolled (u_id,courseCode) VALUES (620021506,'MATH2188'),(620021506,'COMP1543'),(620021506,'ECON2814'),(620021506,'BIOC1744'),(620021506,'INFO2860');
INSERT INTO Users VALUES (620021507,'John','Avery','JohnAvery@gmail.com','AveryJohn');
INSERT INTO Students VALUES (620021507,'UNDERGRAD','01-01-2020');
INSERT INTO Enrolled (u_id,courseCode) VALUES (620021507,'COMP2400'),(620021507,'ECON1996'),(620021507,'PHYS1930'),(620021507,'INFO3645'),(620021507,'PHYS3354');
INSERT INTO Users VALUES (620021508,'Deanne','Bennett','DeanneBennett@gmail.com','BennettDeanne');
INSERT INTO Students VALUES (620021508,'UNDERGRAD','01-01-2020');
INSERT INTO Enrolled (u_id,courseCode) VALUES (620021508,'CHEM2066'),(620021508,'ECON3085'),(620021508,'COMP2077'),(620021508,'PHYS3339');
INSERT INTO Users VALUES (620021509,'Jewell','Pedersen','JewellPedersen@gmail.com','PedersenJewell');
INSERT INTO Students VALUES (620021509,'UNDERGRAD','01-01-2020');
INSERT INTO Enrolled (u_id,courseCode) VALUES (620021509,'MATH1250'),(620021509,'MATH2067'),(620021509,'INFO2860'),(620021509,'CHEM3327'),(620021509,'COMP2965'),(620021509,'ECON1458');
INSERT INTO Users VALUES (620021510,'Brian','Henderson','BrianHenderson@gmail.com','HendersonBrian');
INSERT INTO Students VALUES (620021510,'UNDERGRAD','01-01-2020');
INSERT INTO Enrolled (u_id,courseCode) VALUES (620021510,'MATH2067'),(620021510,'INFO2811'),(620021510,'INFO2797');
INSERT INTO Users VALUES (620021511,'Clarence','Vanhamlin','ClarenceVanhamlin@gmail.com','VanhamlinClarence');
INSERT INTO Students VALUES (620021511,'UNDERGRAD','01-01-2020');
INSERT INTO Enrolled (u_id,courseCode) VALUES (620021511,'CHEM2604'),(620021511,'INFO2950'),(620021511,'ECON3523');
INSERT INTO Users VALUES (620021512,'Jeremy','Mcalister','JeremyMcalister@gmail.com','McalisterJeremy');
INSERT INTO Students VALUES (620021512,'UNDERGRAD','01-01-2020');
INSERT INTO Enrolled (u_id,courseCode) VALUES (620021512,'PHYS3729'),(620021512,'INFO3419'),(620021512,'BIOC2981'),(620021512,'MATH3613'),(620021512,'INFO3935'),(620021512,'CHEM2220');
INSERT INTO Users VALUES (620021513,'Casey','Walker','CaseyWalker@gmail.com','WalkerCasey');
INSERT INTO Students VALUES (620021513,'UNDERGRAD','01-01-2020');
INSERT INTO Enrolled (u_id,courseCode) VALUES (620021513,'PHYS1399'),(620021513,'ECON3311'),(620021513,'BIOC3191');
INSERT INTO Users VALUES (620021514,'Linda','Wood','LindaWood@gmail.com','WoodLinda');
INSERT INTO Students VALUES (620021514,'UNDERGRAD','01-01-2020');
INSERT INTO Enrolled (u_id,courseCode) VALUES (620021514,'PHYS3354'),(620021514,'MATH1638'),(620021514,'PHYS2667'),(620021514,'BIOC1986'),(620021514,'MATH1972');
INSERT INTO Users VALUES (620021515,'Clyde','Carlos','ClydeCarlos@gmail.com','CarlosClyde');
INSERT INTO Students VALUES (620021515,'UNDERGRAD','01-01-2020');
INSERT INTO Enrolled (u_id,courseCode) VALUES (620021515,'PHYS3787'),(620021515,'INFO1288'),(620021515,'COMP3047');
INSERT INTO Users VALUES (620021516,'Grace','Blackwell','GraceBlackwell@gmail.com','BlackwellGrace');
INSERT INTO Students VALUES (620021516,'UNDERGRAD','01-01-2020');
INSERT INTO Enrolled (u_id,courseCode) VALUES (620021516,'PHYS2238'),(620021516,'CHEM1485'),(620021516,'COMP2541'),(620021516,'INFO1447');
INSERT INTO Users VALUES (620021517,'Louis','Vanhamlin','LouisVanhamlin@gmail.com','VanhamlinLouis');
INSERT INTO Students VALUES (620021517,'UNDERGRAD','01-01-2020');
INSERT INTO Enrolled (u_id,courseCode) VALUES (620021517,'ECON1458'),(620021517,'BIOC3230'),(620021517,'CHEM2220'),(620021517,'ECON3020'),(620021517,'INFO3419');
INSERT INTO Users VALUES (620021518,'Julius','Carrillo','JuliusCarrillo@gmail.com','CarrilloJulius');
INSERT INTO Students VALUES (620021518,'UNDERGRAD','01-01-2020');
INSERT INTO Enrolled (u_id,courseCode) VALUES (620021518,'ECON3004'),(620021518,'COMP2965'),(620021518,'BIOC2550');
INSERT INTO Users VALUES (620021519,'Wanda','Mance','WandaMance@gmail.com','ManceWanda');
INSERT INTO Students VALUES (620021519,'UNDERGRAD','01-01-2020');
INSERT INTO Enrolled (u_id,courseCode) VALUES (620021519,'ECON1230'),(620021519,'COMP1573'),(620021519,'BIOC2589');
INSERT INTO Users VALUES (620021520,'Jake','Nichols','JakeNichols@gmail.com','NicholsJake');
INSERT INTO Students VALUES (620021520,'UNDERGRAD','01-01-2020');
INSERT INTO Enrolled (u_id,courseCode) VALUES (620021520,'INFO1242'),(620021520,'ECON2345'),(620021520,'CHEM2065');
INSERT INTO Users VALUES (620021521,'Kenneth','Hardman','KennethHardman@gmail.com','HardmanKenneth');
INSERT INTO Students VALUES (620021521,'UNDERGRAD','01-01-2020');
INSERT INTO Enrolled (u_id,courseCode) VALUES (620021521,'BIOC3457'),(620021521,'ECON3228'),(620021521,'COMP3238'),(620021521,'PHYS1993'),(620021521,'COMP2080'),(620021521,'PHYS2229');
INSERT INTO Users VALUES (620021522,'Tanya','Collins','TanyaCollins@gmail.com','CollinsTanya');
INSERT INTO Students VALUES (620021522,'UNDERGRAD','01-01-2020');
INSERT INTO Enrolled (u_id,courseCode) VALUES (620021522,'BIOC3191'),(620021522,'INFO2147'),(620021522,'ECON3276');
INSERT INTO Users VALUES (620021523,'Rodney','Cochran','RodneyCochran@gmail.com','CochranRodney');
INSERT INTO Students VALUES (620021523,'UNDERGRAD','01-01-2020');
INSERT INTO Enrolled (u_id,courseCode) VALUES (620021523,'COMP3418'),(620021523,'PHYS1399'),(620021523,'INFO1242'),(620021523,'COMP1867');
INSERT INTO Users VALUES (620021524,'Sam','Blackwell','SamBlackwell@gmail.com','BlackwellSam');
INSERT INTO Students VALUES (620021524,'UNDERGRAD','01-01-2020');
INSERT INTO Enrolled (u_id,courseCode) VALUES (620021524,'BIOC2981'),(620021524,'PHYS2229'),(620021524,'CHEM2031');
INSERT INTO Users VALUES (620021525,'Frankie','Moldrem','FrankieMoldrem@gmail.com','MoldremFrankie');
INSERT INTO Students VALUES (620021525,'UNDERGRAD','01-01-2020');
INSERT INTO Enrolled (u_id,courseCode) VALUES (620021525,'CHEM1485'),(620021525,'COMP1867'),(620021525,'CHEM2220'),(620021525,'ECON3004'),(620021525,'PHYS3354');
INSERT INTO Users VALUES (620021526,'Sadie','Winner','SadieWinner@gmail.com','WinnerSadie');
INSERT INTO Students VALUES (620021526,'UNDERGRAD','01-01-2020');
INSERT INTO Enrolled (u_id,courseCode) VALUES (620021526,'INFO3868'),(620021526,'COMP3536'),(620021526,'BIOC1725'),(620021526,'COMP2400'),(620021526,'CHEM2066'),(620021526,'CHEM3793');
INSERT INTO Users VALUES (620021527,'Roberto','Oswalt','RobertoOswalt@gmail.com','OswaltRoberto');
INSERT INTO Students VALUES (620021527,'UNDERGRAD','01-01-2020');
INSERT INTO Enrolled (u_id,courseCode) VALUES (620021527,'COMP3685'),(620021527,'PHYS2667'),(620021527,'MATH3844'),(620021527,'ECON3523'),(620021527,'PHYS1140');
INSERT INTO Users VALUES (620021528,'Shonda','Meisner','ShondaMeisner@gmail.com','MeisnerShonda');
INSERT INTO Students VALUES (620021528,'UNDERGRAD','01-01-2020');
INSERT INTO Enrolled (u_id,courseCode) VALUES (620021528,'COMP3418'),(620021528,'INFO1145'),(620021528,'MATH1250'),(620021528,'BIOC1725'),(620021528,'PHYS2563');
INSERT INTO Users VALUES (620021529,'Orlando','Turner','OrlandoTurner@gmail.com','TurnerOrlando');
INSERT INTO Students VALUES (620021529,'UNDERGRAD','01-01-2020');
INSERT INTO Enrolled (u_id,courseCode) VALUES (620021529,'COMP2717'),(620021529,'ECON3372'),(620021529,'PHYS1173'),(620021529,'INFO1825'),(620021529,'BIOC1439');
INSERT INTO Users VALUES (620021530,'Carrie','Mitchell','CarrieMitchell@gmail.com','MitchellCarrie');
INSERT INTO Students VALUES (620021530,'UNDERGRAD','01-01-2020');
INSERT INTO Enrolled (u_id,courseCode) VALUES (620021530,'COMP3697'),(620021530,'CHEM1340'),(620021530,'INFO2559'),(620021530,'ECON3989');
INSERT INTO Users VALUES (620021531,'Brooke','Steere','BrookeSteere@gmail.com','SteereBrooke');
INSERT INTO Students VALUES (620021531,'UNDERGRAD','01-01-2020');
INSERT INTO Enrolled (u_id,courseCode) VALUES (620021531,'COMP3418'),(620021531,'ECON3288'),(620021531,'INFO1833');
INSERT INTO Users VALUES (620021532,'Roger','Bras','RogerBras@gmail.com','BrasRoger');
INSERT INTO Students VALUES (620021532,'UNDERGRAD','01-01-2020');
INSERT INTO Enrolled (u_id,courseCode) VALUES (620021532,'MATH1262'),(620021532,'BIOC1725'),(620021532,'CHEM1494');
INSERT INTO Users VALUES (620021533,'Lilla','Larry','LillaLarry@gmail.com','LarryLilla');
INSERT INTO Students VALUES (620021533,'UNDERGRAD','01-01-2020');
INSERT INTO Enrolled (u_id,courseCode) VALUES (620021533,'INFO1990'),(620021533,'PHYS1173'),(620021533,'MATH2188'),(620021533,'ECON1458'),(620021533,'INFO1145');
INSERT INTO Users VALUES (620021534,'Evelyn','Pedersen','EvelynPedersen@gmail.com','PedersenEvelyn');
INSERT INTO Students VALUES (620021534,'UNDERGRAD','01-01-2020');
INSERT INTO Enrolled (u_id,courseCode) VALUES (620021534,'ECON3085'),(620021534,'PHYS3787'),(620021534,'INFO2860'),(620021534,'MATH1454'),(620021534,'INFO1833');
INSERT INTO Users VALUES (620021535,'Tia','Schilling','TiaSchilling@gmail.com','SchillingTia');
INSERT INTO Students VALUES (620021535,'UNDERGRAD','01-01-2020');
INSERT INTO Enrolled (u_id,courseCode) VALUES (620021535,'CHEM2446'),(620021535,'INFO3636'),(620021535,'CHEM3793'),(620021535,'BIOC2671'),(620021535,'MATH3173');
INSERT INTO Users VALUES (620021536,'Bryon','Caudill','BryonCaudill@gmail.com','CaudillBryon');
INSERT INTO Students VALUES (620021536,'UNDERGRAD','01-01-2020');
INSERT INTO Enrolled (u_id,courseCode) VALUES (620021536,'INFO1447'),(620021536,'INFO2559'),(620021536,'CHEM2177'),(620021536,'PHYS2448'),(620021536,'MATH2550'),(620021536,'BIOC2054');
INSERT INTO Users VALUES (620021537,'Jason','Ramlall','JasonRamlall@gmail.com','RamlallJason');
INSERT INTO Students VALUES (620021537,'UNDERGRAD','01-01-2020');
INSERT INTO Enrolled (u_id,courseCode) VALUES (620021537,'CHEM2797'),(620021537,'CHEM2220'),(620021537,'ECON3228'),(620021537,'MATH1262'),(620021537,'MATH2188'),(620021537,'CHEM3614');
INSERT INTO Users VALUES (620021538,'Ernesto','Hoyer','ErnestoHoyer@gmail.com','HoyerErnesto');
INSERT INTO Students VALUES (620021538,'UNDERGRAD','01-01-2020');
INSERT INTO Enrolled (u_id,courseCode) VALUES (620021538,'CHEM2031'),(620021538,'ECON1170'),(620021538,'INFO2337'),(620021538,'ECON3447');
INSERT INTO Users VALUES (620021539,'Jacqueline','Sniezek','JacquelineSniezek@gmail.com','SniezekJacqueline');
INSERT INTO Students VALUES (620021539,'UNDERGRAD','01-01-2020');
INSERT INTO Enrolled (u_id,courseCode) VALUES (620021539,'PHYS2229'),(620021539,'BIOC3721'),(620021539,'INFO2270'),(620021539,'INFO2797');
INSERT INTO Users VALUES (620021540,'Hector','Wright','HectorWright@gmail.com','WrightHector');
INSERT INTO Students VALUES (620021540,'UNDERGRAD','01-01-2020');
INSERT INTO Enrolled (u_id,courseCode) VALUES (620021540,'INFO2213'),(620021540,'MATH1735'),(620021540,'BIOC2589'),(620021540,'INFO2813'),(620021540,'MATH1454'),(620021540,'BIOC1744');
INSERT INTO Users VALUES (620021541,'Jacqueline','Wilson','JacquelineWilson@gmail.com','WilsonJacqueline');
INSERT INTO Students VALUES (620021541,'UNDERGRAD','01-01-2020');
INSERT INTO Enrolled (u_id,courseCode) VALUES (620021541,'INFO2716'),(620021541,'ECON1098'),(620021541,'ECON3523'),(620021541,'CHEM3347'),(620021541,'PHYS3052'),(620021541,'ECON1012');
INSERT INTO Users VALUES (620021542,'Randall','Dohse','RandallDohse@gmail.com','DohseRandall');
INSERT INTO Students VALUES (620021542,'UNDERGRAD','01-01-2020');
INSERT INTO Enrolled (u_id,courseCode) VALUES (620021542,'BIOC1164'),(620021542,'INFO2813'),(620021542,'CHEM3747');
INSERT INTO Users VALUES (620021543,'Kathy','Early','KathyEarly@gmail.com','EarlyKathy');
INSERT INTO Students VALUES (620021543,'UNDERGRAD','01-01-2020');
INSERT INTO Enrolled (u_id,courseCode) VALUES (620021543,'BIOC1910'),(620021543,'INFO1014'),(620021543,'ECON1098');
INSERT INTO Users VALUES (620021544,'Bernie','Citizen','BernieCitizen@gmail.com','CitizenBernie');
INSERT INTO Students VALUES (620021544,'UNDERGRAD','01-01-2020');
INSERT INTO Enrolled (u_id,courseCode) VALUES (620021544,'CHEM3054'),(620021544,'ECON2387'),(620021544,'ECON1458'),(620021544,'ECON3276'),(620021544,'PHYS1173'),(620021544,'MATH1648');
INSERT INTO Users VALUES (620021545,'Marjorie','Butler','MarjorieButler@gmail.com','ButlerMarjorie');
INSERT INTO Students VALUES (620021545,'UNDERGRAD','01-01-2020');
INSERT INTO Enrolled (u_id,courseCode) VALUES (620021545,'COMP3238'),(620021545,'PHYS3659'),(620021545,'MATH1972');
INSERT INTO Users VALUES (620021546,'Antionette','Griffin','AntionetteGriffin@gmail.com','GriffinAntionette');
INSERT INTO Students VALUES (620021546,'UNDERGRAD','01-01-2020');
INSERT INTO Enrolled (u_id,courseCode) VALUES (620021546,'ECON3063'),(620021546,'CHEM1340'),(620021546,'CHEM2031');
INSERT INTO Users VALUES (620021547,'Magdalen','Heckstall','MagdalenHeckstall@gmail.com','HeckstallMagdalen');
INSERT INTO Students VALUES (620021547,'UNDERGRAD','01-01-2020');
INSERT INTO Enrolled (u_id,courseCode) VALUES (620021547,'BIOC2550'),(620021547,'COMP1867'),(620021547,'ECON2387');
INSERT INTO Users VALUES (620021548,'Christine','Robles','ChristineRobles@gmail.com','RoblesChristine');
INSERT INTO Students VALUES (620021548,'UNDERGRAD','01-01-2020');
INSERT INTO Enrolled (u_id,courseCode) VALUES (620021548,'ECON3550'),(620021548,'INFO3636'),(620021548,'PHYS3290'),(620021548,'BIOC1725'),(620021548,'COMP3536');
INSERT INTO Users VALUES (620021549,'Sergio','Cash','SergioCash@gmail.com','CashSergio');
INSERT INTO Students VALUES (620021549,'UNDERGRAD','01-01-2020');
INSERT INTO Enrolled (u_id,courseCode) VALUES (620021549,'MATH1735'),(620021549,'COMP1184'),(620021549,'ECON1498');
INSERT INTO Users VALUES (620021550,'Dawn','Parker','DawnParker@gmail.com','ParkerDawn');
INSERT INTO Students VALUES (620021550,'UNDERGRAD','01-01-2020');
INSERT INTO Enrolled (u_id,courseCode) VALUES (620021550,'CHEM3888'),(620021550,'BIOC1910'),(620021550,'INFO1242'),(620021550,'BIOC1439'),(620021550,'MATH1250');
INSERT INTO Users VALUES (620021551,'Lisa','Ferretti','LisaFerretti@gmail.com','FerrettiLisa');
INSERT INTO Students VALUES (620021551,'UNDERGRAD','01-01-2020');
INSERT INTO Enrolled (u_id,courseCode) VALUES (620021551,'MATH2188'),(620021551,'INFO2636'),(620021551,'CHEM2066'),(620021551,'COMP1357'),(620021551,'PHYS1140'),(620021551,'COMP2651');
INSERT INTO Users VALUES (620021552,'Janet','Wesley','JanetWesley@gmail.com','WesleyJanet');
INSERT INTO Students VALUES (620021552,'UNDERGRAD','01-01-2020');
INSERT INTO Enrolled (u_id,courseCode) VALUES (620021552,'CHEM3793'),(620021552,'ECON2387'),(620021552,'CHEM3614'),(620021552,'COMP3697'),(620021552,'PHYS2563');
INSERT INTO Users VALUES (620021553,'Jewell','Garcia','JewellGarcia@gmail.com','GarciaJewell');
INSERT INTO Students VALUES (620021553,'UNDERGRAD','01-01-2020');
INSERT INTO Enrolled (u_id,courseCode) VALUES (620021553,'INFO2636'),(620021553,'COMP2080'),(620021553,'COMP3685'),(620021553,'PHYS1993'),(620021553,'BIOC3604'),(620021553,'MATH3844');
INSERT INTO Users VALUES (620021554,'Kurt','Estrada','KurtEstrada@gmail.com','EstradaKurt');
INSERT INTO Students VALUES (620021554,'UNDERGRAD','01-01-2020');
INSERT INTO Enrolled (u_id,courseCode) VALUES (620021554,'MATH2555'),(620021554,'MATH1309'),(620021554,'CHEM3614'),(620021554,'INFO1648');
INSERT INTO Users VALUES (620021555,'Juan','Pero','JuanPero@gmail.com','PeroJuan');
INSERT INTO Students VALUES (620021555,'UNDERGRAD','01-01-2020');
INSERT INTO Enrolled (u_id,courseCode) VALUES (620021555,'PHYS2451'),(620021555,'PHYS3659'),(620021555,'BIOC1534'),(620021555,'ECON2703');
INSERT INTO Users VALUES (620021556,'Delmar','Nelson','DelmarNelson@gmail.com','NelsonDelmar');
INSERT INTO Students VALUES (620021556,'UNDERGRAD','01-01-2020');
INSERT INTO Enrolled (u_id,courseCode) VALUES (620021556,'ECON3989'),(620021556,'COMP2965'),(620021556,'BIOC2981'),(620021556,'ECON1098'),(620021556,'CHEM3054');
INSERT INTO Users VALUES (620021557,'Catherine','Lemieux','CatherineLemieux@gmail.com','LemieuxCatherine');
INSERT INTO Students VALUES (620021557,'UNDERGRAD','01-01-2020');
INSERT INTO Enrolled (u_id,courseCode) VALUES (620021557,'MATH2555'),(620021557,'BIOC2589'),(620021557,'MATH2067');
INSERT INTO Users VALUES (620021558,'Bernie','Steere','BernieSteere@gmail.com','SteereBernie');
INSERT INTO Students VALUES (620021558,'UNDERGRAD','01-01-2020');
INSERT INTO Enrolled (u_id,courseCode) VALUES (620021558,'COMP1051'),(620021558,'INFO3419'),(620021558,'MATH1250');
INSERT INTO Users VALUES (620021559,'Lorenza','Flowers','LorenzaFlowers@gmail.com','FlowersLorenza');
INSERT INTO Students VALUES (620021559,'UNDERGRAD','01-01-2020');
INSERT INTO Enrolled (u_id,courseCode) VALUES (620021559,'INFO2950'),(620021559,'COMP3506'),(620021559,'MATH1309');
INSERT INTO Users VALUES (620021560,'Dorcas','Brock','DorcasBrock@gmail.com','BrockDorcas');
INSERT INTO Students VALUES (620021560,'UNDERGRAD','01-01-2020');
INSERT INTO Enrolled (u_id,courseCode) VALUES (620021560,'CHEM2066'),(620021560,'MATH2550'),(620021560,'CHEM2005'),(620021560,'MATH2555'),(620021560,'MATH2801'),(620021560,'COMP2717');
INSERT INTO Users VALUES (620021561,'Delia','Long','DeliaLong@gmail.com','LongDelia');
INSERT INTO Students VALUES (620021561,'UNDERGRAD','01-01-2020');
INSERT INTO Enrolled (u_id,courseCode) VALUES (620021561,'PHYS2238'),(620021561,'ECON1170'),(620021561,'ECON3372'),(620021561,'PHYS3464'),(620021561,'INFO1288'),(620021561,'MATH2873');
INSERT INTO Users VALUES (620021562,'Melodie','Wood','MelodieWood@gmail.com','WoodMelodie');
INSERT INTO Students VALUES (620021562,'UNDERGRAD','01-01-2020');
INSERT INTO Enrolled (u_id,courseCode) VALUES (620021562,'MATH3222'),(620021562,'ECON3020'),(620021562,'PHYS3339'),(620021562,'ECON1012'),(620021562,'BIOC1986');
INSERT INTO Users VALUES (620021563,'Rhoda','Shani','RhodaShani@gmail.com','ShaniRhoda');
INSERT INTO Students VALUES (620021563,'UNDERGRAD','01-01-2020');
INSERT INTO Enrolled (u_id,courseCode) VALUES (620021563,'PHYS3876'),(620021563,'ECON3063'),(620021563,'INFO2337');
INSERT INTO Users VALUES (620021564,'Byron','Mejias','ByronMejias@gmail.com','MejiasByron');
INSERT INTO Students VALUES (620021564,'UNDERGRAD','01-01-2020');
INSERT INTO Enrolled (u_id,courseCode) VALUES (620021564,'COMP1543'),(620021564,'MATH3179'),(620021564,'INFO1825'),(620021564,'ECON3550'),(620021564,'INFO1242');
INSERT INTO Users VALUES (620021565,'Colin','Robles','ColinRobles@gmail.com','RoblesColin');
INSERT INTO Students VALUES (620021565,'UNDERGRAD','01-01-2020');
INSERT INTO Enrolled (u_id,courseCode) VALUES (620021565,'ECON1783'),(620021565,'CHEM2220'),(620021565,'BIOC1439');
INSERT INTO Users VALUES (620021566,'Richard','Danker','RichardDanker@gmail.com','DankerRichard');
INSERT INTO Students VALUES (620021566,'UNDERGRAD','01-01-2020');
INSERT INTO Enrolled (u_id,courseCode) VALUES (620021566,'BIOC3604'),(620021566,'ECON3550'),(620021566,'ECON1458'),(620021566,'CHEM2446');
INSERT INTO Users VALUES (620021567,'Mildred','Lindstrom','MildredLindstrom@gmail.com','LindstromMildred');
INSERT INTO Students VALUES (620021567,'UNDERGRAD','01-01-2020');
INSERT INTO Enrolled (u_id,courseCode) VALUES (620021567,'ECON3281'),(620021567,'COMP3697'),(620021567,'INFO3603'),(620021567,'CHEM2481'),(620021567,'PHYS3464');
INSERT INTO Users VALUES (620021568,'Tracy','Bennett','TracyBennett@gmail.com','BennettTracy');
INSERT INTO Students VALUES (620021568,'UNDERGRAD','01-01-2020');
INSERT INTO Enrolled (u_id,courseCode) VALUES (620021568,'MATH3222'),(620021568,'INFO1825'),(620021568,'CHEM2797'),(620021568,'ECON1996');
INSERT INTO Users VALUES (620021569,'Nicholas','Calloway','NicholasCalloway@gmail.com','CallowayNicholas');
INSERT INTO Students VALUES (620021569,'UNDERGRAD','01-01-2020');
INSERT INTO Enrolled (u_id,courseCode) VALUES (620021569,'PHYS2451'),(620021569,'INFO1145'),(620021569,'PHYS1173'),(620021569,'INFO1833'),(620021569,'MATH1148'),(620021569,'MATH3688');
INSERT INTO Users VALUES (620021570,'Jason','Jesse','JasonJesse@gmail.com','JesseJason');
INSERT INTO Students VALUES (620021570,'UNDERGRAD','01-01-2020');
INSERT INTO Enrolled (u_id,courseCode) VALUES (620021570,'CHEM2149'),(620021570,'COMP1543'),(620021570,'COMP2651'),(620021570,'INFO2811');
INSERT INTO Users VALUES (620021571,'Joy','Pulley','JoyPulley@gmail.com','PulleyJoy');
INSERT INTO Students VALUES (620021571,'UNDERGRAD','01-01-2020');
INSERT INTO Enrolled (u_id,courseCode) VALUES (620021571,'CHEM2066'),(620021571,'INFO2716'),(620021571,'PHYS1173'),(620021571,'INFO2813');
INSERT INTO Users VALUES (620021572,'Melvin','Imoto','MelvinImoto@gmail.com','ImotoMelvin');
INSERT INTO Students VALUES (620021572,'UNDERGRAD','01-01-2020');
INSERT INTO Enrolled (u_id,courseCode) VALUES (620021572,'MATH3179'),(620021572,'ECON3085'),(620021572,'PHYS3354');
INSERT INTO Users VALUES (620021573,'Nicholas','Givens','NicholasGivens@gmail.com','GivensNicholas');
INSERT INTO Students VALUES (620021573,'UNDERGRAD','01-01-2020');
INSERT INTO Enrolled (u_id,courseCode) VALUES (620021573,'MATH3613'),(620021573,'PHYS2563'),(620021573,'ECON3447');
INSERT INTO Users VALUES (620021574,'Cristina','Prince','CristinaPrince@gmail.com','PrinceCristina');
INSERT INTO Students VALUES (620021574,'UNDERGRAD','01-01-2020');
INSERT INTO Enrolled (u_id,courseCode) VALUES (620021574,'COMP3536'),(620021574,'INFO1014'),(620021574,'ECON3004'),(620021574,'ECON3063'),(620021574,'BIOC2589'),(620021574,'ECON1561');
INSERT INTO Users VALUES (620021575,'Richard','Turner','RichardTurner@gmail.com','TurnerRichard');
INSERT INTO Students VALUES (620021575,'UNDERGRAD','01-01-2020');
INSERT INTO Enrolled (u_id,courseCode) VALUES (620021575,'ECON3281'),(620021575,'ECON2345'),(620021575,'COMP1573'),(620021575,'CHEM3614'),(620021575,'INFO1014'),(620021575,'MATH1262');
INSERT INTO Users VALUES (620021576,'Floyd','Blevins','FloydBlevins@gmail.com','BlevinsFloyd');
INSERT INTO Students VALUES (620021576,'UNDERGRAD','01-01-2020');
INSERT INTO Enrolled (u_id,courseCode) VALUES (620021576,'CHEM2065'),(620021576,'CHEM1613'),(620021576,'BIOC3604'),(620021576,'MATH1735'),(620021576,'CHEM2797');
INSERT INTO Users VALUES (620021577,'Shane','Golden','ShaneGolden@gmail.com','GoldenShane');
INSERT INTO Students VALUES (620021577,'UNDERGRAD','01-01-2020');
INSERT INTO Enrolled (u_id,courseCode) VALUES (620021577,'MATH2801'),(620021577,'BIOC1866'),(620021577,'CHEM2604'),(620021577,'COMP3238'),(620021577,'CHEM3327'),(620021577,'COMP1051');
INSERT INTO Users VALUES (620021578,'Trina','Eaton','TrinaEaton@gmail.com','EatonTrina');
INSERT INTO Students VALUES (620021578,'UNDERGRAD','01-01-2020');
INSERT INTO Enrolled (u_id,courseCode) VALUES (620021578,'CHEM1494'),(620021578,'ECON3063'),(620021578,'CHEM2446');
INSERT INTO Users VALUES (620021579,'Deanne','Orchard','DeanneOrchard@gmail.com','OrchardDeanne');
INSERT INTO Students VALUES (620021579,'UNDERGRAD','01-01-2020');
INSERT INTO Enrolled (u_id,courseCode) VALUES (620021579,'MATH3029'),(620021579,'CHEM2727'),(620021579,'ECON3063'),(620021579,'INFO1145'),(620021579,'PHYS3464');
INSERT INTO Users VALUES (620021580,'Young','Gray','YoungGray@gmail.com','GrayYoung');
INSERT INTO Students VALUES (620021580,'UNDERGRAD','01-01-2020');
INSERT INTO Enrolled (u_id,courseCode) VALUES (620021580,'COMP2080'),(620021580,'PHYS3686'),(620021580,'COMP1867'),(620021580,'INFO1014'),(620021580,'CHEM2220'),(620021580,'INFO3603');
INSERT INTO Users VALUES (620021581,'David','Braun','DavidBraun@gmail.com','BraunDavid');
INSERT INTO Students VALUES (620021581,'UNDERGRAD','01-01-2020');
INSERT INTO Enrolled (u_id,courseCode) VALUES (620021581,'PHYS1399'),(620021581,'CHEM2031'),(620021581,'BIOC1448');
INSERT INTO Users VALUES (620021582,'Orlando','Huffman','OrlandoHuffman@gmail.com','HuffmanOrlando');
INSERT INTO Students VALUES (620021582,'UNDERGRAD','01-01-2020');
INSERT INTO Enrolled (u_id,courseCode) VALUES (620021582,'BIOC1448'),(620021582,'COMP1184'),(620021582,'MATH2067'),(620021582,'COMP3173');
INSERT INTO Users VALUES (620021583,'Dominique','Eddins','DominiqueEddins@gmail.com','EddinsDominique');
INSERT INTO Students VALUES (620021583,'UNDERGRAD','01-01-2020');
INSERT INTO Enrolled (u_id,courseCode) VALUES (620021583,'MATH3613'),(620021583,'BIOC2589'),(620021583,'BIOC1866'),(620021583,'COMP2651');
INSERT INTO Users VALUES (620021584,'Geoffrey','Lauritsen','GeoffreyLauritsen@gmail.com','LauritsenGeoffrey');
INSERT INTO Students VALUES (620021584,'UNDERGRAD','01-01-2020');
INSERT INTO Enrolled (u_id,courseCode) VALUES (620021584,'COMP2717'),(620021584,'MATH3688'),(620021584,'ECON1783'),(620021584,'INFO2337');
INSERT INTO Users VALUES (620021585,'Hector','Gaffney','HectorGaffney@gmail.com','GaffneyHector');
INSERT INTO Students VALUES (620021585,'UNDERGRAD','01-01-2020');
INSERT INTO Enrolled (u_id,courseCode) VALUES (620021585,'ECON3228'),(620021585,'MATH1309'),(620021585,'PHYS2113');
INSERT INTO Users VALUES (620021586,'John','Butler','JohnButler@gmail.com','ButlerJohn');
INSERT INTO Students VALUES (620021586,'UNDERGRAD','01-01-2020');
INSERT INTO Enrolled (u_id,courseCode) VALUES (620021586,'COMP3084'),(620021586,'INFO1145'),(620021586,'BIOC1052'),(620021586,'MATH1250'),(620021586,'MATH2801'),(620021586,'ECON3228');
INSERT INTO Users VALUES (620021587,'Wendell','Stovall','WendellStovall@gmail.com','StovallWendell');
INSERT INTO Students VALUES (620021587,'UNDERGRAD','01-01-2020');
INSERT INTO Enrolled (u_id,courseCode) VALUES (620021587,'COMP1573'),(620021587,'BIOC3457'),(620021587,'CHEM2066'),(620021587,'PHYS2117'),(620021587,'BIOC3721'),(620021587,'CHEM2446');
INSERT INTO Users VALUES (620021588,'Nicole','Cardona','NicoleCardona@gmail.com','CardonaNicole');
INSERT INTO Students VALUES (620021588,'UNDERGRAD','01-01-2020');
INSERT INTO Enrolled (u_id,courseCode) VALUES (620021588,'MATH3844'),(620021588,'PHYS1930'),(620021588,'ECON3004');
INSERT INTO Users VALUES (620021589,'Neal','Diggs','NealDiggs@gmail.com','DiggsNeal');
INSERT INTO Students VALUES (620021589,'UNDERGRAD','01-01-2020');
INSERT INTO Enrolled (u_id,courseCode) VALUES (620021589,'CHEM2005'),(620021589,'BIOC2054'),(620021589,'PHYS1930'),(620021589,'MATH1250');
INSERT INTO Users VALUES (620021590,'Wilbur','Jeanbaptiste','WilburJeanbaptiste@gmail.com','JeanbaptisteWilbur');
INSERT INTO Students VALUES (620021590,'UNDERGRAD','01-01-2020');
INSERT INTO Enrolled (u_id,courseCode) VALUES (620021590,'CHEM3614'),(620021590,'ECON3523'),(620021590,'COMP2965');
INSERT INTO Users VALUES (620021591,'Kasey','Hamilton','KaseyHamilton@gmail.com','HamiltonKasey');
INSERT INTO Students VALUES (620021591,'UNDERGRAD','01-01-2020');
INSERT INTO Enrolled (u_id,courseCode) VALUES (620021591,'INFO1825'),(620021591,'INFO1242'),(620021591,'COMP3418'),(620021591,'PHYS1140'),(620021591,'PHYS2229'),(620021591,'INFO2521');
INSERT INTO Users VALUES (620021592,'Jonathan','Lockwood','JonathanLockwood@gmail.com','LockwoodJonathan');
INSERT INTO Students VALUES (620021592,'UNDERGRAD','01-01-2020');
INSERT INTO Enrolled (u_id,courseCode) VALUES (620021592,'CHEM3617'),(620021592,'PHYS1930'),(620021592,'CHEM2867'),(620021592,'INFO1447'),(620021592,'INFO2147'),(620021592,'INFO2950');
INSERT INTO Users VALUES (620021593,'Stephen','Merna','StephenMerna@gmail.com','MernaStephen');
INSERT INTO Students VALUES (620021593,'UNDERGRAD','01-01-2020');
INSERT INTO Enrolled (u_id,courseCode) VALUES (620021593,'ECON1098'),(620021593,'ECON3281'),(620021593,'INFO3645');
INSERT INTO Users VALUES (620021594,'Lindsey','Amberg','LindseyAmberg@gmail.com','AmbergLindsey');
INSERT INTO Students VALUES (620021594,'UNDERGRAD','01-01-2020');
INSERT INTO Enrolled (u_id,courseCode) VALUES (620021594,'ECON3372'),(620021594,'COMP3849'),(620021594,'PHYS1979');
INSERT INTO Users VALUES (620021595,'Joseph','Amberg','JosephAmberg@gmail.com','AmbergJoseph');
INSERT INTO Students VALUES (620021595,'UNDERGRAD','01-01-2020');
INSERT INTO Enrolled (u_id,courseCode) VALUES (620021595,'PHYS2448'),(620021595,'INFO1242'),(620021595,'ECON3550');
INSERT INTO Users VALUES (620021596,'Jennifer','Sharp','JenniferSharp@gmail.com','SharpJennifer');
INSERT INTO Students VALUES (620021596,'UNDERGRAD','01-01-2020');
INSERT INTO Enrolled (u_id,courseCode) VALUES (620021596,'PHYS3787'),(620021596,'BIOC1598'),(620021596,'ECON1230'),(620021596,'ECON3020');
INSERT INTO Users VALUES (620021597,'Weldon','Garrett','WeldonGarrett@gmail.com','GarrettWeldon');
INSERT INTO Students VALUES (620021597,'UNDERGRAD','01-01-2020');
INSERT INTO Enrolled (u_id,courseCode) VALUES (620021597,'INFO1145'),(620021597,'INFO2797'),(620021597,'ECON1098');
INSERT INTO Users VALUES (620021598,'Maria','Spohn','MariaSpohn@gmail.com','SpohnMaria');
INSERT INTO Students VALUES (620021598,'UNDERGRAD','01-01-2020');
INSERT INTO Enrolled (u_id,courseCode) VALUES (620021598,'INFO2860'),(620021598,'COMP2717'),(620021598,'MATH1262'),(620021598,'INFO2559'),(620021598,'ECON1012'),(620021598,'PHYS1979');
INSERT INTO Users VALUES (620021599,'Cliff','Figueroa','CliffFigueroa@gmail.com','FigueroaCliff');
INSERT INTO Students VALUES (620021599,'UNDERGRAD','01-01-2020');
INSERT INTO Enrolled (u_id,courseCode) VALUES (620021599,'CHEM2727'),(620021599,'INFO2270'),(620021599,'MATH1148'),(620021599,'ECON2703'),(620021599,'MATH3059');
INSERT INTO Users VALUES (620021600,'Justin','Knox','JustinKnox@gmail.com','KnoxJustin');
INSERT INTO Students VALUES (620021600,'UNDERGRAD','01-01-2020');
INSERT INTO Enrolled (u_id,courseCode) VALUES (620021600,'PHYS2338'),(620021600,'BIOC3191'),(620021600,'COMP3418'),(620021600,'PHYS3787');
INSERT INTO Users VALUES (620021601,'Bernie','Culpepper','BernieCulpepper@gmail.com','CulpepperBernie');
INSERT INTO Students VALUES (620021601,'UNDERGRAD','01-01-2020');
INSERT INTO Enrolled (u_id,courseCode) VALUES (620021601,'ECON3288'),(620021601,'BIOC2981'),(620021601,'INFO2813'),(620021601,'ECON3004'),(620021601,'ECON3311');
INSERT INTO Users VALUES (620021602,'Dominick','Washinski','DominickWashinski@gmail.com','WashinskiDominick');
INSERT INTO Students VALUES (620021602,'UNDERGRAD','01-01-2020');
INSERT INTO Enrolled (u_id,courseCode) VALUES (620021602,'MATH1638'),(620021602,'CHEM1613'),(620021602,'CHEM3327'),(620021602,'PHYS2563'),(620021602,'MATH2550');
INSERT INTO Users VALUES (620021603,'Cassie','Pero','CassiePero@gmail.com','PeroCassie');
INSERT INTO Students VALUES (620021603,'UNDERGRAD','01-01-2020');
INSERT INTO Enrolled (u_id,courseCode) VALUES (620021603,'PHYS3290'),(620021603,'COMP1543'),(620021603,'MATH3857'),(620021603,'MATH2501'),(620021603,'CHEM2066');
INSERT INTO Users VALUES (620021604,'Cassie','Miraglia','CassieMiraglia@gmail.com','MiragliaCassie');
INSERT INTO Students VALUES (620021604,'UNDERGRAD','01-01-2020');
INSERT INTO Enrolled (u_id,courseCode) VALUES (620021604,'MATH2067'),(620021604,'PHYS3464'),(620021604,'ECON3085');
INSERT INTO Users VALUES (620021605,'Dawn','Walden','DawnWalden@gmail.com','WaldenDawn');
INSERT INTO Students VALUES (620021605,'UNDERGRAD','01-01-2020');
INSERT INTO Enrolled (u_id,courseCode) VALUES (620021605,'BIOC2981'),(620021605,'BIOC1744'),(620021605,'ECON2703'),(620021605,'ECON2722'),(620021605,'MATH2067'),(620021605,'MATH3222');
INSERT INTO Users VALUES (620021606,'Rebecca','Hoyer','RebeccaHoyer@gmail.com','HoyerRebecca');
INSERT INTO Students VALUES (620021606,'UNDERGRAD','01-01-2020');
INSERT INTO Enrolled (u_id,courseCode) VALUES (620021606,'ECON1589'),(620021606,'INFO2950'),(620021606,'ECON1230'),(620021606,'MATH1309'),(620021606,'PHYS3464'),(620021606,'CHEM1613');
INSERT INTO Users VALUES (620021607,'Jesus','Kenney','JesusKenney@gmail.com','KenneyJesus');
INSERT INTO Students VALUES (620021607,'UNDERGRAD','01-01-2020');
INSERT INTO Enrolled (u_id,courseCode) VALUES (620021607,'COMP1184'),(620021607,'MATH3688'),(620021607,'PHYS2451'),(620021607,'MATH1638');
INSERT INTO Users VALUES (620021608,'Matthew','Brown','MatthewBrown@gmail.com','BrownMatthew');
INSERT INTO Students VALUES (620021608,'UNDERGRAD','01-01-2020');
INSERT INTO Enrolled (u_id,courseCode) VALUES (620021608,'COMP3167'),(620021608,'COMP3697'),(620021608,'INFO2813');
INSERT INTO Users VALUES (620021609,'Rick','Miles','RickMiles@gmail.com','MilesRick');
INSERT INTO Students VALUES (620021609,'UNDERGRAD','01-01-2020');
INSERT INTO Enrolled (u_id,courseCode) VALUES (620021609,'COMP1051'),(620021609,'MATH2501'),(620021609,'CHEM3793'),(620021609,'CHEM2626'),(620021609,'MATH3844');
INSERT INTO Users VALUES (620021610,'Roberto','Hanks','RobertoHanks@gmail.com','HanksRoberto');
INSERT INTO Students VALUES (620021610,'UNDERGRAD','01-01-2020');
INSERT INTO Enrolled (u_id,courseCode) VALUES (620021610,'CHEM3327'),(620021610,'COMP2077'),(620021610,'PHYS1993'),(620021610,'ECON1561');
INSERT INTO Users VALUES (620021611,'Rene','Mcneill','ReneMcneill@gmail.com','McneillRene');
INSERT INTO Students VALUES (620021611,'UNDERGRAD','01-01-2020');
INSERT INTO Enrolled (u_id,courseCode) VALUES (620021611,'ECON1783'),(620021611,'ECON2345'),(620021611,'MATH3688'),(620021611,'ECON1589'),(620021611,'PHYS2563'),(620021611,'CHEM3347');
INSERT INTO Users VALUES (620021612,'Daisy','Garnes','DaisyGarnes@gmail.com','GarnesDaisy');
INSERT INTO Students VALUES (620021612,'UNDERGRAD','01-01-2020');
INSERT INTO Enrolled (u_id,courseCode) VALUES (620021612,'COMP1867'),(620021612,'MATH1972'),(620021612,'CHEM2727'),(620021612,'PHYS2338');
INSERT INTO Users VALUES (620021613,'Delmar','Henderson','DelmarHenderson@gmail.com','HendersonDelmar');
INSERT INTO Students VALUES (620021613,'UNDERGRAD','01-01-2020');
INSERT INTO Enrolled (u_id,courseCode) VALUES (620021613,'MATH3688'),(620021613,'BIOC1910'),(620021613,'INFO1447'),(620021613,'INFO2213'),(620021613,'PHYS2451');
INSERT INTO Users VALUES (620021614,'Jimmy','Monte','JimmyMonte@gmail.com','MonteJimmy');
INSERT INTO Students VALUES (620021614,'UNDERGRAD','01-01-2020');
INSERT INTO Enrolled (u_id,courseCode) VALUES (620021614,'INFO1990'),(620021614,'BIOC1439'),(620021614,'BIOC1866'),(620021614,'PHYS3464'),(620021614,'ECON1783'),(620021614,'ECON1589');
INSERT INTO Users VALUES (620021615,'Nan','Henderson','NanHenderson@gmail.com','HendersonNan');
INSERT INTO Students VALUES (620021615,'UNDERGRAD','01-01-2020');
INSERT INTO Enrolled (u_id,courseCode) VALUES (620021615,'COMP3238'),(620021615,'CHEM1494'),(620021615,'INFO1242');
INSERT INTO Users VALUES (620021616,'Joe','Laudat','JoeLaudat@gmail.com','LaudatJoe');
INSERT INTO Students VALUES (620021616,'UNDERGRAD','01-01-2020');
INSERT INTO Enrolled (u_id,courseCode) VALUES (620021616,'MATH1148'),(620021616,'INFO2716'),(620021616,'MATH2957'),(620021616,'COMP2541'),(620021616,'BIOC1725');
INSERT INTO Users VALUES (620021617,'Kim','Barron','KimBarron@gmail.com','BarronKim');
INSERT INTO Students VALUES (620021617,'UNDERGRAD','01-01-2020');
INSERT INTO Enrolled (u_id,courseCode) VALUES (620021617,'CHEM2604'),(620021617,'ECON3085'),(620021617,'MATH3222'),(620021617,'COMP2361'),(620021617,'CHEM1494'),(620021617,'COMP2077');
INSERT INTO Users VALUES (620021618,'Ladawn','Blackwell','LadawnBlackwell@gmail.com','BlackwellLadawn');
INSERT INTO Students VALUES (620021618,'UNDERGRAD','01-01-2020');
INSERT INTO Enrolled (u_id,courseCode) VALUES (620021618,'BIOC1164'),(620021618,'BIOC3341'),(620021618,'INFO2147'),(620021618,'PHYS3290'),(620021618,'INFO3868'),(620021618,'CHEM2626');
INSERT INTO Users VALUES (620021619,'Don','Kaupp','DonKaupp@gmail.com','KauppDon');
INSERT INTO Students VALUES (620021619,'UNDERGRAD','01-01-2020');
INSERT INTO Enrolled (u_id,courseCode) VALUES (620021619,'CHEM2697'),(620021619,'MATH3059'),(620021619,'INFO2813'),(620021619,'COMP3506');
INSERT INTO Users VALUES (620021620,'Terri','Wengerd','TerriWengerd@gmail.com','WengerdTerri');
INSERT INTO Students VALUES (620021620,'UNDERGRAD','01-01-2020');
INSERT INTO Enrolled (u_id,courseCode) VALUES (620021620,'PHYS2117'),(620021620,'COMP3084'),(620021620,'MATH1262');
INSERT INTO Users VALUES (620021621,'Keith','Tirabassi','KeithTirabassi@gmail.com','TirabassiKeith');
INSERT INTO Students VALUES (620021621,'UNDERGRAD','01-01-2020');
INSERT INTO Enrolled (u_id,courseCode) VALUES (620021621,'ECON3550'),(620021621,'MATH1148'),(620021621,'CHEM3747'),(620021621,'INFO3645'),(620021621,'CHEM2446'),(620021621,'ECON3523');
INSERT INTO Users VALUES (620021622,'Anderson','Allen','AndersonAllen@gmail.com','AllenAnderson');
INSERT INTO Students VALUES (620021622,'UNDERGRAD','01-01-2020');
INSERT INTO Enrolled (u_id,courseCode) VALUES (620021622,'MATH3222'),(620021622,'COMP3084'),(620021622,'PHYS2238'),(620021622,'BIOC3721'),(620021622,'ECON3288'),(620021622,'MATH1148');
INSERT INTO Users VALUES (620021623,'Wayne','Spohn','WayneSpohn@gmail.com','SpohnWayne');
INSERT INTO Students VALUES (620021623,'UNDERGRAD','01-01-2020');
INSERT INTO Enrolled (u_id,courseCode) VALUES (620021623,'ECON2703'),(620021623,'MATH2957'),(620021623,'COMP2651');
INSERT INTO Users VALUES (620021624,'Patsy','Lavoy','PatsyLavoy@gmail.com','LavoyPatsy');
INSERT INTO Students VALUES (620021624,'UNDERGRAD','01-01-2020');
INSERT INTO Enrolled (u_id,courseCode) VALUES (620021624,'ECON3372'),(620021624,'PHYS1173'),(620021624,'BIOC1104'),(620021624,'PHYS3659'),(620021624,'INFO3419'),(620021624,'INFO3935');
INSERT INTO Users VALUES (620021625,'Hector','Robertson','HectorRobertson@gmail.com','RobertsonHector');
INSERT INTO Students VALUES (620021625,'UNDERGRAD','01-01-2020');
INSERT INTO Enrolled (u_id,courseCode) VALUES (620021625,'CHEM3888'),(620021625,'INFO2521'),(620021625,'PHYS2667');
INSERT INTO Users VALUES (620021626,'Esmeralda','Turner','EsmeraldaTurner@gmail.com','TurnerEsmeralda');
INSERT INTO Students VALUES (620021626,'UNDERGRAD','01-01-2020');
INSERT INTO Enrolled (u_id,courseCode) VALUES (620021626,'PHYS2238'),(620021626,'MATH2501'),(620021626,'BIOC2983'),(620021626,'COMP2077'),(620021626,'INFO2811'),(620021626,'COMP1051');
INSERT INTO Users VALUES (620021627,'Freddie','Mchenry','FreddieMchenry@gmail.com','MchenryFreddie');
INSERT INTO Students VALUES (620021627,'UNDERGRAD','01-01-2020');
INSERT INTO Enrolled (u_id,courseCode) VALUES (620021627,'INFO2521'),(620021627,'BIOC1052'),(620021627,'CHEM2697'),(620021627,'ECON2345'),(620021627,'INFO1145');
INSERT INTO Users VALUES (620021628,'John','Flemming','JohnFlemming@gmail.com','FlemmingJohn');
INSERT INTO Students VALUES (620021628,'UNDERGRAD','01-01-2020');
INSERT INTO Enrolled (u_id,courseCode) VALUES (620021628,'INFO2147'),(620021628,'MATH3544'),(620021628,'BIOC1910'),(620021628,'ECON3281'),(620021628,'ECON3550');
INSERT INTO Users VALUES (620021629,'Robert','Flowers','RobertFlowers@gmail.com','FlowersRobert');
INSERT INTO Students VALUES (620021629,'UNDERGRAD','01-01-2020');
INSERT INTO Enrolled (u_id,courseCode) VALUES (620021629,'BIOC1866'),(620021629,'ECON3020'),(620021629,'MATH3222'),(620021629,'CHEM1613');
INSERT INTO Users VALUES (620021630,'Mildred','Carlyle','MildredCarlyle@gmail.com','CarlyleMildred');
INSERT INTO Students VALUES (620021630,'UNDERGRAD','01-01-2020');
INSERT INTO Enrolled (u_id,courseCode) VALUES (620021630,'CHEM3617'),(620021630,'INFO2270'),(620021630,'COMP3173'),(620021630,'PHYS3290'),(620021630,'PHYS2229'),(620021630,'COMP1573');
INSERT INTO Users VALUES (620021631,'Vickie','Martin','VickieMartin@gmail.com','MartinVickie');
INSERT INTO Students VALUES (620021631,'UNDERGRAD','01-01-2020');
INSERT INTO Enrolled (u_id,courseCode) VALUES (620021631,'MATH1578'),(620021631,'MATH3173'),(620021631,'COMP2077'),(620021631,'BIOC2236'),(620021631,'CHEM2604');
INSERT INTO Users VALUES (620021632,'Taylor','Mcclain','TaylorMcclain@gmail.com','McclainTaylor');
INSERT INTO Students VALUES (620021632,'UNDERGRAD','01-01-2020');
INSERT INTO Enrolled (u_id,courseCode) VALUES (620021632,'COMP3167'),(620021632,'PHYS1399'),(620021632,'COMP1460'),(620021632,'ECON2387'),(620021632,'MATH3613');
INSERT INTO Users VALUES (620021633,'Sarah','Sniezek','SarahSniezek@gmail.com','SniezekSarah');
INSERT INTO Students VALUES (620021633,'UNDERGRAD','01-01-2020');
INSERT INTO Enrolled (u_id,courseCode) VALUES (620021633,'COMP1867'),(620021633,'COMP3506'),(620021633,'MATH3613'),(620021633,'CHEM2727'),(620021633,'BIOC2550'),(620021633,'BIOC1485');
INSERT INTO Users VALUES (620021634,'Clarence','Orchard','ClarenceOrchard@gmail.com','OrchardClarence');
INSERT INTO Students VALUES (620021634,'UNDERGRAD','01-01-2020');
INSERT INTO Enrolled (u_id,courseCode) VALUES (620021634,'CHEM2446'),(620021634,'PHYS3464'),(620021634,'ECON1645'),(620021634,'COMP2400');
INSERT INTO Users VALUES (620021635,'Miss','Morey','MissMorey@gmail.com','MoreyMiss');
INSERT INTO Students VALUES (620021635,'UNDERGRAD','01-01-2020');
INSERT INTO Enrolled (u_id,courseCode) VALUES (620021635,'BIOC2054'),(620021635,'INFO2147'),(620021635,'CHEM3888'),(620021635,'MATH3179');
INSERT INTO Users VALUES (620021636,'Andrew','Evans','AndrewEvans@gmail.com','EvansAndrew');
INSERT INTO Students VALUES (620021636,'UNDERGRAD','01-01-2020');
INSERT INTO Enrolled (u_id,courseCode) VALUES (620021636,'COMP3167'),(620021636,'PHYS2451'),(620021636,'COMP2361'),(620021636,'BIOC1598'),(620021636,'ECON2703'),(620021636,'CHEM1613');
INSERT INTO Users VALUES (620021637,'Carrie','Shields','CarrieShields@gmail.com','ShieldsCarrie');
INSERT INTO Students VALUES (620021637,'UNDERGRAD','01-01-2020');
INSERT INTO Enrolled (u_id,courseCode) VALUES (620021637,'BIOC2589'),(620021637,'MATH1648'),(620021637,'BIOC1164');
INSERT INTO Users VALUES (620021638,'Mildred','Scales','MildredScales@gmail.com','ScalesMildred');
INSERT INTO Students VALUES (620021638,'UNDERGRAD','01-01-2020');
INSERT INTO Enrolled (u_id,courseCode) VALUES (620021638,'INFO2147'),(620021638,'CHEM3054'),(620021638,'CHEM2697'),(620021638,'COMP1051'),(620021638,'CHEM2446');
INSERT INTO Users VALUES (620021639,'Jake','Griffitts','JakeGriffitts@gmail.com','GriffittsJake');
INSERT INTO Students VALUES (620021639,'UNDERGRAD','01-01-2020');
INSERT INTO Enrolled (u_id,courseCode) VALUES (620021639,'ECON2814'),(620021639,'MATH1578'),(620021639,'COMP3418'),(620021639,'COMP2965'),(620021639,'MATH2957'),(620021639,'MATH1454');
INSERT INTO Users VALUES (620021640,'Jewell','Flowers','JewellFlowers@gmail.com','FlowersJewell');
INSERT INTO Students VALUES (620021640,'UNDERGRAD','01-01-2020');
INSERT INTO Enrolled (u_id,courseCode) VALUES (620021640,'ECON3311'),(620021640,'ECON1098'),(620021640,'INFO2213'),(620021640,'BIOC1485');
INSERT INTO Users VALUES (620021641,'Donald','Meisner','DonaldMeisner@gmail.com','MeisnerDonald');
INSERT INTO Students VALUES (620021641,'UNDERGRAD','01-01-2020');
INSERT INTO Enrolled (u_id,courseCode) VALUES (620021641,'ECON1170'),(620021641,'ECON3523'),(620021641,'ECON3550'),(620021641,'PHYS1993');
INSERT INTO Users VALUES (620021642,'Curtis','Crites','CurtisCrites@gmail.com','CritesCurtis');
INSERT INTO Students VALUES (620021642,'UNDERGRAD','01-01-2020');
INSERT INTO Enrolled (u_id,courseCode) VALUES (620021642,'INFO1447'),(620021642,'INFO2950'),(620021642,'BIOC2054');
INSERT INTO Users VALUES (620021643,'Kirk','Moldrem','KirkMoldrem@gmail.com','MoldremKirk');
INSERT INTO Students VALUES (620021643,'UNDERGRAD','01-01-2020');
INSERT INTO Enrolled (u_id,courseCode) VALUES (620021643,'BIOC1439'),(620021643,'CHEM3409'),(620021643,'INFO2950');
INSERT INTO Users VALUES (620021644,'Mildred','Armstead','MildredArmstead@gmail.com','ArmsteadMildred');
INSERT INTO Students VALUES (620021644,'UNDERGRAD','01-01-2020');
INSERT INTO Enrolled (u_id,courseCode) VALUES (620021644,'PHYS3339'),(620021644,'MATH1578'),(620021644,'COMP3173'),(620021644,'COMP3084'),(620021644,'ECON3288'),(620021644,'PHYS2977');
INSERT INTO Users VALUES (620021645,'Bryon','Reyes','BryonReyes@gmail.com','ReyesBryon');
INSERT INTO Students VALUES (620021645,'UNDERGRAD','01-01-2020');
INSERT INTO Enrolled (u_id,courseCode) VALUES (620021645,'INFO2860'),(620021645,'CHEM3617'),(620021645,'CHEM3054'),(620021645,'ECON2345'),(620021645,'ECON1230');
INSERT INTO Users VALUES (620021646,'Steven','Hanks','StevenHanks@gmail.com','HanksSteven');
INSERT INTO Students VALUES (620021646,'UNDERGRAD','01-01-2020');
INSERT INTO Enrolled (u_id,courseCode) VALUES (620021646,'BIOC3191'),(620021646,'ECON3085'),(620021646,'CHEM2177'),(620021646,'INFO2270'),(620021646,'BIOC1534'),(620021646,'INFO2636');
INSERT INTO Users VALUES (620021647,'Stacy','Mance','StacyMance@gmail.com','ManceStacy');
INSERT INTO Students VALUES (620021647,'UNDERGRAD','01-01-2020');
INSERT INTO Enrolled (u_id,courseCode) VALUES (620021647,'COMP1573'),(620021647,'INFO2797'),(620021647,'ECON2722'),(620021647,'COMP3685'),(620021647,'ECON3288');
INSERT INTO Users VALUES (620021648,'Greg','Walden','GregWalden@gmail.com','WaldenGreg');
INSERT INTO Students VALUES (620021648,'UNDERGRAD','01-01-2020');
INSERT INTO Enrolled (u_id,courseCode) VALUES (620021648,'BIOC1794'),(620021648,'BIOC1598'),(620021648,'COMP3849');
INSERT INTO Users VALUES (620021649,'Ernesto','Williams','ErnestoWilliams@gmail.com','WilliamsErnesto');
INSERT INTO Students VALUES (620021649,'UNDERGRAD','01-01-2020');
INSERT INTO Enrolled (u_id,courseCode) VALUES (620021649,'BIOC1725'),(620021649,'INFO1825'),(620021649,'CHEM3347'),(620021649,'BIOC1986');
INSERT INTO Users VALUES (620021650,'Walter','Dumas','WalterDumas@gmail.com','DumasWalter');
INSERT INTO Students VALUES (620021650,'UNDERGRAD','01-01-2020');
INSERT INTO Enrolled (u_id,courseCode) VALUES (620021650,'CHEM2149'),(620021650,'BIOC1534'),(620021650,'BIOC1164'),(620021650,'ECON1012'),(620021650,'COMP3418');
INSERT INTO Users VALUES (620021651,'Kendra','Davis','KendraDavis@gmail.com','DavisKendra');
INSERT INTO Students VALUES (620021651,'UNDERGRAD','01-01-2020');
INSERT INTO Enrolled (u_id,courseCode) VALUES (620021651,'ECON3288'),(620021651,'MATH3179'),(620021651,'INFO1990');
INSERT INTO Users VALUES (620021652,'Brooke','Pelletier','BrookePelletier@gmail.com','PelletierBrooke');
INSERT INTO Students VALUES (620021652,'UNDERGRAD','01-01-2020');
INSERT INTO Enrolled (u_id,courseCode) VALUES (620021652,'CHEM1807'),(620021652,'PHYS2113'),(620021652,'PHYS2306'),(620021652,'CHEM1494'),(620021652,'PHYS1173'),(620021652,'BIOC1164');
INSERT INTO Users VALUES (620021653,'Vanessa','Congdon','VanessaCongdon@gmail.com','CongdonVanessa');
INSERT INTO Students VALUES (620021653,'UNDERGRAD','01-01-2020');
INSERT INTO Enrolled (u_id,courseCode) VALUES (620021653,'INFO1242'),(620021653,'ECON1589'),(620021653,'COMP1357'),(620021653,'PHYS2306'),(620021653,'ECON2814'),(620021653,'ECON2703');
INSERT INTO Users VALUES (620021654,'Peter','Wengerd','PeterWengerd@gmail.com','WengerdPeter');
INSERT INTO Students VALUES (620021654,'UNDERGRAD','01-01-2020');
INSERT INTO Enrolled (u_id,courseCode) VALUES (620021654,'PHYS2229'),(620021654,'COMP3047'),(620021654,'ECON3737'),(620021654,'ECON3989'),(620021654,'COMP1357');
INSERT INTO Users VALUES (620021655,'Timothy','Wright','TimothyWright@gmail.com','WrightTimothy');
INSERT INTO Students VALUES (620021655,'UNDERGRAD','01-01-2020');
INSERT INTO Enrolled (u_id,courseCode) VALUES (620021655,'MATH3857'),(620021655,'BIOC1598'),(620021655,'PHYS3876'),(620021655,'PHYS2238'),(620021655,'PHYS2338'),(620021655,'BIOC3604');
INSERT INTO Users VALUES (620021656,'Gregory','Vario','GregoryVario@gmail.com','VarioGregory');
INSERT INTO Students VALUES (620021656,'UNDERGRAD','01-01-2020');
INSERT INTO Enrolled (u_id,courseCode) VALUES (620021656,'PHYS3686'),(620021656,'BIOC3191'),(620021656,'CHEM2066'),(620021656,'MATH1648'),(620021656,'INFO2813');
INSERT INTO Users VALUES (620021657,'Carolyn','Sandlin','CarolynSandlin@gmail.com','SandlinCarolyn');
INSERT INTO Students VALUES (620021657,'UNDERGRAD','01-01-2020');
INSERT INTO Enrolled (u_id,courseCode) VALUES (620021657,'CHEM2727'),(620021657,'COMP3685'),(620021657,'MATH2550'),(620021657,'BIOC1164');
INSERT INTO Users VALUES (620021658,'Paul','English','PaulEnglish@gmail.com','EnglishPaul');
INSERT INTO Students VALUES (620021658,'UNDERGRAD','01-01-2020');
INSERT INTO Enrolled (u_id,courseCode) VALUES (620021658,'COMP2717'),(620021658,'INFO3603'),(620021658,'CHEM2065'),(620021658,'MATH1972'),(620021658,'INFO2716'),(620021658,'MATH1578');
INSERT INTO Users VALUES (620021659,'Bernard','Hanks','BernardHanks@gmail.com','HanksBernard');
INSERT INTO Students VALUES (620021659,'UNDERGRAD','01-01-2020');
INSERT INTO Enrolled (u_id,courseCode) VALUES (620021659,'INFO2797'),(620021659,'CHEM2626'),(620021659,'INFO2147'),(620021659,'INFO3868');
INSERT INTO Users VALUES (620021660,'Kathleen','Barnett','KathleenBarnett@gmail.com','BarnettKathleen');
INSERT INTO Students VALUES (620021660,'UNDERGRAD','01-01-2020');
INSERT INTO Enrolled (u_id,courseCode) VALUES (620021660,'COMP2541'),(620021660,'CHEM1340'),(620021660,'ECON1012'),(620021660,'MATH1309'),(620021660,'ECON3989');
INSERT INTO Users VALUES (620021661,'Jennifer','Calder','JenniferCalder@gmail.com','CalderJennifer');
INSERT INTO Students VALUES (620021661,'UNDERGRAD','01-01-2020');
INSERT INTO Enrolled (u_id,courseCode) VALUES (620021661,'INFO2860'),(620021661,'MATH3029'),(620021661,'MATH2067'),(620021661,'PHYS3339'),(620021661,'CHEM1613');
INSERT INTO Users VALUES (620021662,'Terri','Walden','TerriWalden@gmail.com','WaldenTerri');
INSERT INTO Students VALUES (620021662,'UNDERGRAD','01-01-2020');
INSERT INTO Enrolled (u_id,courseCode) VALUES (620021662,'PHYS3464'),(620021662,'MATH1972'),(620021662,'COMP2080'),(620021662,'PHYS3729'),(620021662,'ECON1783');
INSERT INTO Users VALUES (620021663,'Rodney','Daniels','RodneyDaniels@gmail.com','DanielsRodney');
INSERT INTO Students VALUES (620021663,'UNDERGRAD','01-01-2020');
INSERT INTO Enrolled (u_id,courseCode) VALUES (620021663,'CHEM2031'),(620021663,'ECON2387'),(620021663,'PHYS3686'),(620021663,'INFO1242'),(620021663,'PHYS3729'),(620021663,'COMP3849');
INSERT INTO Users VALUES (620021664,'Antionette','Gillman','AntionetteGillman@gmail.com','GillmanAntionette');
INSERT INTO Students VALUES (620021664,'UNDERGRAD','01-01-2020');
INSERT INTO Enrolled (u_id,courseCode) VALUES (620021664,'PHYS3787'),(620021664,'MATH1454'),(620021664,'ECON1498'),(620021664,'CHEM2220'),(620021664,'ECON1098'),(620021664,'PHYS3659');
INSERT INTO Users VALUES (620021665,'Byron','Rice','ByronRice@gmail.com','RiceByron');
INSERT INTO Students VALUES (620021665,'UNDERGRAD','01-01-2020');
INSERT INTO Enrolled (u_id,courseCode) VALUES (620021665,'INFO1014'),(620021665,'PHYS3876'),(620021665,'COMP3418'),(620021665,'CHEM1494'),(620021665,'BIOC3341'),(620021665,'ECON1498');
INSERT INTO Users VALUES (620021666,'Cleveland','Harness','ClevelandHarness@gmail.com','HarnessCleveland');
INSERT INTO Students VALUES (620021666,'UNDERGRAD','01-01-2020');
INSERT INTO Enrolled (u_id,courseCode) VALUES (620021666,'BIOC1794'),(620021666,'ECON2814'),(620021666,'INFO3935'),(620021666,'INFO1825'),(620021666,'BIOC2983'),(620021666,'COMP3697');
INSERT INTO Users VALUES (620021667,'Don','Dohse','DonDohse@gmail.com','DohseDon');
INSERT INTO Students VALUES (620021667,'UNDERGRAD','01-01-2020');
INSERT INTO Enrolled (u_id,courseCode) VALUES (620021667,'BIOC1104'),(620021667,'INFO3636'),(620021667,'PHYS3659');
INSERT INTO Users VALUES (620021668,'Kelly','Culpepper','KellyCulpepper@gmail.com','CulpepperKelly');
INSERT INTO Students VALUES (620021668,'UNDERGRAD','01-01-2020');
INSERT INTO Enrolled (u_id,courseCode) VALUES (620021668,'INFO2950'),(620021668,'MATH1309'),(620021668,'MATH2501'),(620021668,'INFO3603'),(620021668,'INFO2716'),(620021668,'BIOC3721');
INSERT INTO Users VALUES (620021669,'Bernard','Knox','BernardKnox@gmail.com','KnoxBernard');
INSERT INTO Students VALUES (620021669,'UNDERGRAD','01-01-2020');
INSERT INTO Enrolled (u_id,courseCode) VALUES (620021669,'PHYS3339'),(620021669,'COMP3639'),(620021669,'CHEM3888'),(620021669,'CHEM3747'),(620021669,'ECON3228'),(620021669,'INFO1288');
INSERT INTO Users VALUES (620021670,'Katie','Decker','KatieDecker@gmail.com','DeckerKatie');
INSERT INTO Students VALUES (620021670,'UNDERGRAD','01-01-2020');
INSERT INTO Enrolled (u_id,courseCode) VALUES (620021670,'CHEM2031'),(620021670,'COMP2541'),(620021670,'BIOC2983'),(620021670,'ECON3228');
INSERT INTO Users VALUES (620021671,'Cassie','Pulley','CassiePulley@gmail.com','PulleyCassie');
INSERT INTO Students VALUES (620021671,'UNDERGRAD','01-01-2020');
INSERT INTO Enrolled (u_id,courseCode) VALUES (620021671,'BIOC3604'),(620021671,'ECON3523'),(620021671,'MATH1262'),(620021671,'BIOC1052');
INSERT INTO Users VALUES (620021672,'Kimberly','Imoto','KimberlyImoto@gmail.com','ImotoKimberly');
INSERT INTO Students VALUES (620021672,'UNDERGRAD','01-01-2020');
INSERT INTO Enrolled (u_id,courseCode) VALUES (620021672,'INFO1447'),(620021672,'PHYS2306'),(620021672,'CHEM2697'),(620021672,'BIOC3604'),(620021672,'BIOC1164'),(620021672,'COMP3639');
INSERT INTO Users VALUES (620021673,'Jonathan','Mcclenon','JonathanMcclenon@gmail.com','McclenonJonathan');
INSERT INTO Students VALUES (620021673,'UNDERGRAD','01-01-2020');
INSERT INTO Enrolled (u_id,courseCode) VALUES (620021673,'PHYS1140'),(620021673,'CHEM3614'),(620021673,'PHYS2977');
INSERT INTO Users VALUES (620021674,'Teresa','Garnes','TeresaGarnes@gmail.com','GarnesTeresa');
INSERT INTO Students VALUES (620021674,'UNDERGRAD','01-01-2020');
INSERT INTO Enrolled (u_id,courseCode) VALUES (620021674,'MATH2188'),(620021674,'ECON3228'),(620021674,'COMP3536'),(620021674,'ECON3281'),(620021674,'PHYS2117');
INSERT INTO Users VALUES (620021675,'Jessie','Figueroa','JessieFigueroa@gmail.com','FigueroaJessie');
INSERT INTO Students VALUES (620021675,'UNDERGRAD','01-01-2020');
INSERT INTO Enrolled (u_id,courseCode) VALUES (620021675,'INFO1288'),(620021675,'PHYS3686'),(620021675,'INFO3603');
INSERT INTO Users VALUES (620021676,'Barbara','Noonan','BarbaraNoonan@gmail.com','NoonanBarbara');
INSERT INTO Students VALUES (620021676,'UNDERGRAD','01-01-2020');
INSERT INTO Enrolled (u_id,courseCode) VALUES (620021676,'MATH3173'),(620021676,'COMP3173'),(620021676,'INFO2860');
INSERT INTO Users VALUES (620021677,'Bryan','Rodriguez','BryanRodriguez@gmail.com','RodriguezBryan');
INSERT INTO Students VALUES (620021677,'UNDERGRAD','01-01-2020');
INSERT INTO Enrolled (u_id,courseCode) VALUES (620021677,'COMP2717'),(620021677,'COMP3746'),(620021677,'CHEM3793'),(620021677,'ECON1458'),(620021677,'INFO2636');
INSERT INTO Users VALUES (620021678,'Rhonda','Vario','RhondaVario@gmail.com','VarioRhonda');
INSERT INTO Students VALUES (620021678,'UNDERGRAD','01-01-2020');
INSERT INTO Enrolled (u_id,courseCode) VALUES (620021678,'COMP3536'),(620021678,'CHEM2727'),(620021678,'ECON3372'),(620021678,'MATH1648'),(620021678,'ECON1783'),(620021678,'INFO2147');
INSERT INTO Users VALUES (620021679,'Bernie','Richardson','BernieRichardson@gmail.com','RichardsonBernie');
INSERT INTO Students VALUES (620021679,'UNDERGRAD','01-01-2020');
INSERT INTO Enrolled (u_id,courseCode) VALUES (620021679,'BIOC3721'),(620021679,'PHYS3659'),(620021679,'CHEM3347');
INSERT INTO Users VALUES (620021680,'Eric','Banks','EricBanks@gmail.com','BanksEric');
INSERT INTO Students VALUES (620021680,'UNDERGRAD','01-01-2020');
INSERT INTO Enrolled (u_id,courseCode) VALUES (620021680,'BIOC1794'),(620021680,'CHEM2727'),(620021680,'COMP2717'),(620021680,'MATH1735');
INSERT INTO Users VALUES (620021681,'Brenda','Chappell','BrendaChappell@gmail.com','ChappellBrenda');
INSERT INTO Students VALUES (620021681,'UNDERGRAD','01-01-2020');
INSERT INTO Enrolled (u_id,courseCode) VALUES (620021681,'CHEM1494'),(620021681,'CHEM3793'),(620021681,'ECON1458'),(620021681,'PHYS2229'),(620021681,'ECON2722'),(620021681,'CHEM1485');
INSERT INTO Users VALUES (620021682,'Joseph','Lyford','JosephLyford@gmail.com','LyfordJoseph');
INSERT INTO Students VALUES (620021682,'UNDERGRAD','01-01-2020');
INSERT INTO Enrolled (u_id,courseCode) VALUES (620021682,'INFO3603'),(620021682,'CHEM1485'),(620021682,'CHEM3409'),(620021682,'MATH2801'),(620021682,'PHYS3787');
INSERT INTO Users VALUES (620021683,'Katherine','Hawkins','KatherineHawkins@gmail.com','HawkinsKatherine');
INSERT INTO Students VALUES (620021683,'UNDERGRAD','01-01-2020');
INSERT INTO Enrolled (u_id,courseCode) VALUES (620021683,'PHYS3659'),(620021683,'MATH3173'),(620021683,'BIOC1910'),(620021683,'CHEM2797');
INSERT INTO Users VALUES (620021684,'Stephen','Woomer','StephenWoomer@gmail.com','WoomerStephen');
INSERT INTO Students VALUES (620021684,'UNDERGRAD','01-01-2020');
INSERT INTO Enrolled (u_id,courseCode) VALUES (620021684,'ECON3228'),(620021684,'BIOC2236'),(620021684,'PHYS3787'),(620021684,'PHYS1979'),(620021684,'PHYS3354'),(620021684,'ECON1561');
INSERT INTO Users VALUES (620021685,'Carol','Lemieux','CarolLemieux@gmail.com','LemieuxCarol');
INSERT INTO Students VALUES (620021685,'UNDERGRAD','01-01-2020');
INSERT INTO Enrolled (u_id,courseCode) VALUES (620021685,'INFO2147'),(620021685,'COMP3536'),(620021685,'ECON1230'),(620021685,'ECON3288'),(620021685,'INFO1825');
INSERT INTO Users VALUES (620021686,'Shayne','Casteel','ShayneCasteel@gmail.com','CasteelShayne');
INSERT INTO Students VALUES (620021686,'UNDERGRAD','01-01-2020');
INSERT INTO Enrolled (u_id,courseCode) VALUES (620021686,'BIOC3191'),(620021686,'ECON2387'),(620021686,'ECON3288');
INSERT INTO Users VALUES (620021687,'Homer','Kent','HomerKent@gmail.com','KentHomer');
INSERT INTO Students VALUES (620021687,'UNDERGRAD','01-01-2020');
INSERT INTO Enrolled (u_id,courseCode) VALUES (620021687,'ECON3085'),(620021687,'MATH3179'),(620021687,'ECON1783'),(620021687,'ECON2387'),(620021687,'BIOC1598');
INSERT INTO Users VALUES (620021688,'Homer','Robinson','HomerRobinson@gmail.com','RobinsonHomer');
INSERT INTO Students VALUES (620021688,'UNDERGRAD','01-01-2020');
INSERT INTO Enrolled (u_id,courseCode) VALUES (620021688,'BIOC1794'),(620021688,'BIOC3341'),(620021688,'PHYS1140'),(620021688,'PHYS3686'),(620021688,'CHEM2604'),(620021688,'ECON1012');
INSERT INTO Users VALUES (620021689,'Francisca','Mattingly','FranciscaMattingly@gmail.com','MattinglyFrancisca');
INSERT INTO Students VALUES (620021689,'UNDERGRAD','01-01-2020');
INSERT INTO Enrolled (u_id,courseCode) VALUES (620021689,'INFO3636'),(620021689,'INFO2813'),(620021689,'INFO2950');
INSERT INTO Users VALUES (620021690,'Ethel','Maione','EthelMaione@gmail.com','MaioneEthel');
INSERT INTO Students VALUES (620021690,'UNDERGRAD','01-01-2020');
INSERT INTO Enrolled (u_id,courseCode) VALUES (620021690,'ECON3372'),(620021690,'CHEM1340'),(620021690,'MATH2717'),(620021690,'ECON2703'),(620021690,'COMP3685');
INSERT INTO Users VALUES (620021691,'Ben','Washinski','BenWashinski@gmail.com','WashinskiBen');
INSERT INTO Students VALUES (620021691,'UNDERGRAD','01-01-2020');
INSERT INTO Enrolled (u_id,courseCode) VALUES (620021691,'ECON3737'),(620021691,'CHEM3888'),(620021691,'CHEM2066');
INSERT INTO Users VALUES (620021692,'Jeremy','Nunn','JeremyNunn@gmail.com','NunnJeremy');
INSERT INTO Students VALUES (620021692,'UNDERGRAD','01-01-2020');
INSERT INTO Enrolled (u_id,courseCode) VALUES (620021692,'CHEM3617'),(620021692,'COMP3084'),(620021692,'PHYS1399');
INSERT INTO Users VALUES (620021693,'Richard','Wright','RichardWright@gmail.com','WrightRichard');
INSERT INTO Students VALUES (620021693,'UNDERGRAD','01-01-2020');
INSERT INTO Enrolled (u_id,courseCode) VALUES (620021693,'CHEM2177'),(620021693,'PHYS2338'),(620021693,'CHEM3054'),(620021693,'MATH1735');
INSERT INTO Users VALUES (620021694,'Joan','Granado','JoanGranado@gmail.com','GranadoJoan');
INSERT INTO Students VALUES (620021694,'UNDERGRAD','01-01-2020');
INSERT INTO Enrolled (u_id,courseCode) VALUES (620021694,'ECON3523'),(620021694,'ECON3281'),(620021694,'PHYS2451'),(620021694,'BIOC2054'),(620021694,'INFO1648');
INSERT INTO Users VALUES (620021695,'Joseph','Pelletier','JosephPelletier@gmail.com','PelletierJoseph');
INSERT INTO Students VALUES (620021695,'UNDERGRAD','01-01-2020');
INSERT INTO Enrolled (u_id,courseCode) VALUES (620021695,'BIOC2054'),(620021695,'BIOC2589'),(620021695,'INFO1242');
INSERT INTO Users VALUES (620021696,'Ethel','Diggs','EthelDiggs@gmail.com','DiggsEthel');
INSERT INTO Students VALUES (620021696,'UNDERGRAD','01-01-2020');
INSERT INTO Enrolled (u_id,courseCode) VALUES (620021696,'ECON2345'),(620021696,'PHYS1979'),(620021696,'COMP3506'),(620021696,'PHYS1173');
INSERT INTO Users VALUES (620021697,'Ralph','Carlson','RalphCarlson@gmail.com','CarlsonRalph');
INSERT INTO Students VALUES (620021697,'UNDERGRAD','01-01-2020');
INSERT INTO Enrolled (u_id,courseCode) VALUES (620021697,'BIOC1534'),(620021697,'CHEM3054'),(620021697,'MATH3179');
INSERT INTO Users VALUES (620021698,'Francis','Long','FrancisLong@gmail.com','LongFrancis');
INSERT INTO Students VALUES (620021698,'UNDERGRAD','01-01-2020');
INSERT INTO Enrolled (u_id,courseCode) VALUES (620021698,'ECON1230'),(620021698,'PHYS2117'),(620021698,'INFO3868'),(620021698,'COMP3697'),(620021698,'COMP3536');
INSERT INTO Users VALUES (620021699,'Dorothy','Mance','DorothyMance@gmail.com','ManceDorothy');
INSERT INTO Students VALUES (620021699,'UNDERGRAD','01-01-2020');
INSERT INTO Enrolled (u_id,courseCode) VALUES (620021699,'INFO2797'),(620021699,'BIOC3191'),(620021699,'COMP3536'),(620021699,'MATH3613');
INSERT INTO Users VALUES (620021700,'Clifford','Best','CliffordBest@gmail.com','BestClifford');
INSERT INTO Students VALUES (620021700,'UNDERGRAD','01-01-2020');
INSERT INTO Enrolled (u_id,courseCode) VALUES (620021700,'CHEM2446'),(620021700,'MATH3688'),(620021700,'INFO2716'),(620021700,'CHEM3793'),(620021700,'MATH1250');
INSERT INTO Users VALUES (620021701,'Dennis','Jones','DennisJones@gmail.com','JonesDennis');
INSERT INTO Students VALUES (620021701,'UNDERGRAD','01-01-2020');
INSERT INTO Enrolled (u_id,courseCode) VALUES (620021701,'ECON3276'),(620021701,'INFO2521'),(620021701,'MATH1578'),(620021701,'COMP1867'),(620021701,'BIOC1794');
INSERT INTO Users VALUES (620021702,'Teresa','Scully','TeresaScully@gmail.com','ScullyTeresa');
INSERT INTO Students VALUES (620021702,'UNDERGRAD','01-01-2020');
INSERT INTO Enrolled (u_id,courseCode) VALUES (620021702,'BIOC2671'),(620021702,'BIOC3230'),(620021702,'CHEM2005');
INSERT INTO Users VALUES (620021703,'Traci','Laudat','TraciLaudat@gmail.com','LaudatTraci');
INSERT INTO Students VALUES (620021703,'UNDERGRAD','01-01-2020');
INSERT INTO Enrolled (u_id,courseCode) VALUES (620021703,'BIOC2981'),(620021703,'MATH2188'),(620021703,'CHEM1494'),(620021703,'MATH1309'),(620021703,'ECON3020');
INSERT INTO Users VALUES (620021704,'Marjorie','Harness','MarjorieHarness@gmail.com','HarnessMarjorie');
INSERT INTO Students VALUES (620021704,'UNDERGRAD','01-01-2020');
INSERT INTO Enrolled (u_id,courseCode) VALUES (620021704,'INFO3603'),(620021704,'ECON2345'),(620021704,'CHEM2066'),(620021704,'MATH2550'),(620021704,'PHYS1173'),(620021704,'INFO3868');
INSERT INTO Users VALUES (620021705,'Peggy','Dohse','PeggyDohse@gmail.com','DohsePeggy');
INSERT INTO Students VALUES (620021705,'UNDERGRAD','01-01-2020');
INSERT INTO Enrolled (u_id,courseCode) VALUES (620021705,'BIOC2983'),(620021705,'ECON3989'),(620021705,'CHEM3793');
INSERT INTO Users VALUES (620021706,'Deanna','Miraglia','DeannaMiraglia@gmail.com','MiragliaDeanna');
INSERT INTO Students VALUES (620021706,'UNDERGRAD','01-01-2020');
INSERT INTO Enrolled (u_id,courseCode) VALUES (620021706,'INFO1648'),(620021706,'INFO3868'),(620021706,'COMP2541');
INSERT INTO Users VALUES (620021707,'Charles','Souza','CharlesSouza@gmail.com','SouzaCharles');
INSERT INTO Students VALUES (620021707,'UNDERGRAD','01-01-2020');
INSERT INTO Enrolled (u_id,courseCode) VALUES (620021707,'INFO2147'),(620021707,'PHYS2563'),(620021707,'PHYS3052'),(620021707,'MATH2067'),(620021707,'INFO2213'),(620021707,'INFO1990');
INSERT INTO Users VALUES (620021708,'Gilbert','Luper','GilbertLuper@gmail.com','LuperGilbert');
INSERT INTO Students VALUES (620021708,'UNDERGRAD','01-01-2020');
INSERT INTO Enrolled (u_id,courseCode) VALUES (620021708,'INFO2559'),(620021708,'PHYS1979'),(620021708,'ECON3228'),(620021708,'BIOC3230');
INSERT INTO Users VALUES (620021709,'Rebecca','Shields','RebeccaShields@gmail.com','ShieldsRebecca');
INSERT INTO Students VALUES (620021709,'UNDERGRAD','01-01-2020');
INSERT INTO Enrolled (u_id,courseCode) VALUES (620021709,'ECON3020'),(620021709,'PHYS2117'),(620021709,'ECON1098'),(620021709,'ECON3288'),(620021709,'PHYS1930'),(620021709,'ECON3523');
INSERT INTO Users VALUES (620021710,'Georgie','Wolfe','GeorgieWolfe@gmail.com','WolfeGeorgie');
INSERT INTO Students VALUES (620021710,'UNDERGRAD','01-01-2020');
INSERT INTO Enrolled (u_id,courseCode) VALUES (620021710,'CHEM2797'),(620021710,'PHYS3787'),(620021710,'ECON3523'),(620021710,'CHEM1807'),(620021710,'COMP3746');
INSERT INTO Users VALUES (620021711,'Kurt','Knaub','KurtKnaub@gmail.com','KnaubKurt');
INSERT INTO Students VALUES (620021711,'UNDERGRAD','01-01-2020');
INSERT INTO Enrolled (u_id,courseCode) VALUES (620021711,'INFO3935'),(620021711,'INFO2337'),(620021711,'CHEM2031'),(620021711,'MATH2067'),(620021711,'COMP1357');
INSERT INTO Users VALUES (620021712,'Tanya','Scarbrough','TanyaScarbrough@gmail.com','ScarbroughTanya');
INSERT INTO Students VALUES (620021712,'UNDERGRAD','01-01-2020');
INSERT INTO Enrolled (u_id,courseCode) VALUES (620021712,'BIOC3230'),(620021712,'ECON1783'),(620021712,'ECON3737'),(620021712,'BIOC3457');
INSERT INTO Users VALUES (620021713,'Marilyn','Russ','MarilynRuss@gmail.com','RussMarilyn');
INSERT INTO Students VALUES (620021713,'UNDERGRAD','01-01-2020');
INSERT INTO Enrolled (u_id,courseCode) VALUES (620021713,'PHYS2667'),(620021713,'MATH3209'),(620021713,'CHEM2797');
INSERT INTO Users VALUES (620021714,'Nicholas','Chatcho','NicholasChatcho@gmail.com','ChatchoNicholas');
INSERT INTO Students VALUES (620021714,'UNDERGRAD','01-01-2020');
INSERT INTO Enrolled (u_id,courseCode) VALUES (620021714,'BIOC3230'),(620021714,'BIOC2671'),(620021714,'COMP3506'),(620021714,'CHEM3614'),(620021714,'PHYS3354');
INSERT INTO Users VALUES (620021715,'George','Ekberg','GeorgeEkberg@gmail.com','EkbergGeorge');
INSERT INTO Students VALUES (620021715,'UNDERGRAD','01-01-2020');
INSERT INTO Enrolled (u_id,courseCode) VALUES (620021715,'MATH3544'),(620021715,'INFO3419'),(620021715,'ECON3737'),(620021715,'MATH1454'),(620021715,'COMP3746'),(620021715,'MATH2188');
INSERT INTO Users VALUES (620021716,'Timothy','Bordelon','TimothyBordelon@gmail.com','BordelonTimothy');
INSERT INTO Students VALUES (620021716,'UNDERGRAD','01-01-2020');
INSERT INTO Enrolled (u_id,courseCode) VALUES (620021716,'COMP2080'),(620021716,'PHYS3290'),(620021716,'PHYS2448'),(620021716,'BIOC2236'),(620021716,'INFO1447'),(620021716,'INFO1990');
INSERT INTO Users VALUES (620021717,'Barbara','Cummings','BarbaraCummings@gmail.com','CummingsBarbara');
INSERT INTO Students VALUES (620021717,'UNDERGRAD','01-01-2020');
INSERT INTO Enrolled (u_id,courseCode) VALUES (620021717,'ECON1996'),(620021717,'ECON1498'),(620021717,'PHYS2448');
INSERT INTO Users VALUES (620021718,'Curtis','Lamar','CurtisLamar@gmail.com','LamarCurtis');
INSERT INTO Students VALUES (620021718,'UNDERGRAD','01-01-2020');
INSERT INTO Enrolled (u_id,courseCode) VALUES (620021718,'INFO2213'),(620021718,'ECON1645'),(620021718,'MATH3688'),(620021718,'MATH2501'),(620021718,'MATH3544');
INSERT INTO Users VALUES (620021719,'Ernesto','Mertens','ErnestoMertens@gmail.com','MertensErnesto');
INSERT INTO Students VALUES (620021719,'UNDERGRAD','01-01-2020');
INSERT INTO Enrolled (u_id,courseCode) VALUES (620021719,'PHYS2563'),(620021719,'MATH3209'),(620021719,'ECON2387'),(620021719,'BIOC1485'),(620021719,'ECON2703'),(620021719,'PHYS3686');
INSERT INTO Users VALUES (620021720,'Adam','Chatcho','AdamChatcho@gmail.com','ChatchoAdam');
INSERT INTO Students VALUES (620021720,'UNDERGRAD','01-01-2020');
INSERT INTO Enrolled (u_id,courseCode) VALUES (620021720,'CHEM3614'),(620021720,'BIOC3604'),(620021720,'INFO2521'),(620021720,'ECON3737');
INSERT INTO Users VALUES (620021721,'Frankie','Jaworski','FrankieJaworski@gmail.com','JaworskiFrankie');
INSERT INTO Students VALUES (620021721,'UNDERGRAD','01-01-2020');
INSERT INTO Enrolled (u_id,courseCode) VALUES (620021721,'ECON1783'),(620021721,'COMP1867'),(620021721,'BIOC1448'),(620021721,'ECON3288');
INSERT INTO Users VALUES (620021722,'Kelly','Pedersen','KellyPedersen@gmail.com','PedersenKelly');
INSERT INTO Students VALUES (620021722,'UNDERGRAD','01-01-2020');
INSERT INTO Enrolled (u_id,courseCode) VALUES (620021722,'CHEM2797'),(620021722,'MATH2550'),(620021722,'MATH1309'),(620021722,'MATH3179'),(620021722,'PHYS2238'),(620021722,'PHYS2229');
INSERT INTO Users VALUES (620021723,'Shalanda','Wood','ShalandaWood@gmail.com','WoodShalanda');
INSERT INTO Students VALUES (620021723,'UNDERGRAD','01-01-2020');
INSERT INTO Enrolled (u_id,courseCode) VALUES (620021723,'BIOC1485'),(620021723,'CHEM3793'),(620021723,'ECON2814'),(620021723,'BIOC2981');
INSERT INTO Users VALUES (620021724,'Shawn','Granado','ShawnGranado@gmail.com','GranadoShawn');
INSERT INTO Students VALUES (620021724,'UNDERGRAD','01-01-2020');
INSERT INTO Enrolled (u_id,courseCode) VALUES (620021724,'COMP2541'),(620021724,'CHEM3409'),(620021724,'ECON3311'),(620021724,'COMP2717'),(620021724,'INFO2270');
INSERT INTO Users VALUES (620021725,'Freddie','Pelletier','FreddiePelletier@gmail.com','PelletierFreddie');
INSERT INTO Students VALUES (620021725,'UNDERGRAD','01-01-2020');
INSERT INTO Enrolled (u_id,courseCode) VALUES (620021725,'PHYS2563'),(620021725,'MATH2717'),(620021725,'BIOC1104'),(620021725,'CHEM2697');
INSERT INTO Users VALUES (620021726,'Rosa','Hunt','RosaHunt@gmail.com','HuntRosa');
INSERT INTO Students VALUES (620021726,'UNDERGRAD','01-01-2020');
INSERT INTO Enrolled (u_id,courseCode) VALUES (620021726,'COMP2361'),(620021726,'CHEM1807'),(620021726,'COMP3849'),(620021726,'MATH3544'),(620021726,'COMP3536'),(620021726,'MATH1250');
INSERT INTO Users VALUES (620021727,'Lori','Mertens','LoriMertens@gmail.com','MertensLori');
INSERT INTO Students VALUES (620021727,'UNDERGRAD','01-01-2020');
INSERT INTO Enrolled (u_id,courseCode) VALUES (620021727,'INFO2636'),(620021727,'INFO1447'),(620021727,'MATH1148'),(620021727,'INFO2860'),(620021727,'CHEM1485'),(620021727,'MATH1648');
INSERT INTO Users VALUES (620021728,'Lauren','Joaquin','LaurenJoaquin@gmail.com','JoaquinLauren');
INSERT INTO Students VALUES (620021728,'UNDERGRAD','01-01-2020');
INSERT INTO Enrolled (u_id,courseCode) VALUES (620021728,'PHYS3464'),(620021728,'PHYS1979'),(620021728,'ECON1230');
INSERT INTO Users VALUES (620021729,'Shalanda','Christinsen','ShalandaChristinsen@gmail.com','ChristinsenShalanda');
INSERT INTO Students VALUES (620021729,'UNDERGRAD','01-01-2020');
INSERT INTO Enrolled (u_id,courseCode) VALUES (620021729,'MATH2067'),(620021729,'PHYS2113'),(620021729,'MATH1454'),(620021729,'CHEM2626');
INSERT INTO Users VALUES (620021730,'Daisy','Finkenbinder','DaisyFinkenbinder@gmail.com','FinkenbinderDaisy');
INSERT INTO Students VALUES (620021730,'UNDERGRAD','01-01-2020');
INSERT INTO Enrolled (u_id,courseCode) VALUES (620021730,'BIOC2589'),(620021730,'COMP3536'),(620021730,'ECON1170'),(620021730,'MATH2957'),(620021730,'PHYS1979'),(620021730,'PHYS2117');
INSERT INTO Users VALUES (620021731,'Miss','Joaquin','MissJoaquin@gmail.com','JoaquinMiss');
INSERT INTO Students VALUES (620021731,'UNDERGRAD','01-01-2020');
INSERT INTO Enrolled (u_id,courseCode) VALUES (620021731,'BIOC1794'),(620021731,'COMP3536'),(620021731,'MATH2717'),(620021731,'BIOC1910'),(620021731,'MATH1648');
INSERT INTO Users VALUES (620021732,'Glenda','Ott','GlendaOtt@gmail.com','OttGlenda');
INSERT INTO Students VALUES (620021732,'UNDERGRAD','01-01-2020');
INSERT INTO Enrolled (u_id,courseCode) VALUES (620021732,'MATH1648'),(620021732,'COMP1460'),(620021732,'ECON3737'),(620021732,'BIOC3230');
INSERT INTO Users VALUES (620021733,'Beverly','Walley','BeverlyWalley@gmail.com','WalleyBeverly');
INSERT INTO Students VALUES (620021733,'UNDERGRAD','01-01-2020');
INSERT INTO Enrolled (u_id,courseCode) VALUES (620021733,'CHEM2481'),(620021733,'COMP1460'),(620021733,'INFO2860'),(620021733,'CHEM2065'),(620021733,'ECON3550');
INSERT INTO Users VALUES (620021734,'Miguel','Hayes','MiguelHayes@gmail.com','HayesMiguel');
INSERT INTO Students VALUES (620021734,'UNDERGRAD','01-01-2020');
INSERT INTO Enrolled (u_id,courseCode) VALUES (620021734,'COMP2651'),(620021734,'MATH3209'),(620021734,'INFO2213'),(620021734,'MATH1638'),(620021734,'ECON3737');
INSERT INTO Users VALUES (620021735,'Joan','Finkenbinder','JoanFinkenbinder@gmail.com','FinkenbinderJoan');
INSERT INTO Students VALUES (620021735,'UNDERGRAD','01-01-2020');
INSERT INTO Enrolled (u_id,courseCode) VALUES (620021735,'MATH3613'),(620021735,'MATH1972'),(620021735,'PHYS3876'),(620021735,'COMP3173'),(620021735,'CHEM1485'),(620021735,'CHEM1807');
INSERT INTO Users VALUES (620021736,'Adam','Bourgoin','AdamBourgoin@gmail.com','BourgoinAdam');
INSERT INTO Students VALUES (620021736,'UNDERGRAD','01-01-2020');
INSERT INTO Enrolled (u_id,courseCode) VALUES (620021736,'CHEM2220'),(620021736,'INFO2813'),(620021736,'INFO2636'),(620021736,'CHEM3617');
INSERT INTO Users VALUES (620021737,'Bobby','Pulley','BobbyPulley@gmail.com','PulleyBobby');
INSERT INTO Students VALUES (620021737,'UNDERGRAD','01-01-2020');
INSERT INTO Enrolled (u_id,courseCode) VALUES (620021737,'INFO2636'),(620021737,'MATH1648'),(620021737,'CHEM2066'),(620021737,'ECON3020'),(620021737,'MATH2550');
INSERT INTO Users VALUES (620021738,'Diane','Fields','DianeFields@gmail.com','FieldsDiane');
INSERT INTO Students VALUES (620021738,'UNDERGRAD','01-01-2020');
INSERT INTO Enrolled (u_id,courseCode) VALUES (620021738,'PHYS2451'),(620021738,'CHEM2065'),(620021738,'BIOC3341'),(620021738,'BIOC1744'),(620021738,'COMP2651'),(620021738,'CHEM2797');
INSERT INTO Users VALUES (620021739,'Christine','Mcalister','ChristineMcalister@gmail.com','McalisterChristine');
INSERT INTO Students VALUES (620021739,'UNDERGRAD','01-01-2020');
INSERT INTO Enrolled (u_id,courseCode) VALUES (620021739,'ECON3004'),(620021739,'CHEM3617'),(620021739,'CHEM2065');
INSERT INTO Users VALUES (620021740,'Trina','Hunter','TrinaHunter@gmail.com','HunterTrina');
INSERT INTO Students VALUES (620021740,'UNDERGRAD','01-01-2020');
INSERT INTO Enrolled (u_id,courseCode) VALUES (620021740,'COMP1460'),(620021740,'MATH2717'),(620021740,'CHEM2604'),(620021740,'MATH3179'),(620021740,'MATH2555'),(620021740,'INFO2636');
INSERT INTO Users VALUES (620021741,'Eric','Carrillo','EricCarrillo@gmail.com','CarrilloEric');
INSERT INTO Students VALUES (620021741,'UNDERGRAD','01-01-2020');
INSERT INTO Enrolled (u_id,courseCode) VALUES (620021741,'PHYS3686'),(620021741,'MATH2717'),(620021741,'COMP2717'),(620021741,'BIOC2983'),(620021741,'BIOC1485'),(620021741,'CHEM2066');
INSERT INTO Users VALUES (620021742,'Louise','Williamson','LouiseWilliamson@gmail.com','WilliamsonLouise');
INSERT INTO Students VALUES (620021742,'UNDERGRAD','01-01-2020');
INSERT INTO Enrolled (u_id,courseCode) VALUES (620021742,'INFO3645'),(620021742,'BIOC2671'),(620021742,'MATH1148');
INSERT INTO Users VALUES (620021743,'Marjorie','Mcclain','MarjorieMcclain@gmail.com','McclainMarjorie');
INSERT INTO Students VALUES (620021743,'UNDERGRAD','01-01-2020');
INSERT INTO Enrolled (u_id,courseCode) VALUES (620021743,'INFO3603'),(620021743,'CHEM1807'),(620021743,'ECON3550'),(620021743,'INFO2813'),(620021743,'CHEM2065');
INSERT INTO Users VALUES (620021744,'Cleveland','Campbell','ClevelandCampbell@gmail.com','CampbellCleveland');
INSERT INTO Students VALUES (620021744,'UNDERGRAD','01-01-2020');
INSERT INTO Enrolled (u_id,courseCode) VALUES (620021744,'COMP2717'),(620021744,'MATH3209'),(620021744,'INFO3868'),(620021744,'MATH1578'),(620021744,'CHEM2604'),(620021744,'COMP3639');
INSERT INTO Users VALUES (620021745,'Arthur','Wilson','ArthurWilson@gmail.com','WilsonArthur');
INSERT INTO Students VALUES (620021745,'UNDERGRAD','01-01-2020');
INSERT INTO Enrolled (u_id,courseCode) VALUES (620021745,'MATH3844'),(620021745,'COMP1184'),(620021745,'ECON3281'),(620021745,'PHYS2238'),(620021745,'CHEM1613');
INSERT INTO Users VALUES (620021746,'Luella','Luper','LuellaLuper@gmail.com','LuperLuella');
INSERT INTO Students VALUES (620021746,'UNDERGRAD','01-01-2020');
INSERT INTO Enrolled (u_id,courseCode) VALUES (620021746,'PHYS3876'),(620021746,'CHEM2481'),(620021746,'MATH2555'),(620021746,'INFO1288'),(620021746,'MATH3844');
INSERT INTO Users VALUES (620021747,'Melodie','Gillis','MelodieGillis@gmail.com','GillisMelodie');
INSERT INTO Students VALUES (620021747,'UNDERGRAD','01-01-2020');
INSERT INTO Enrolled (u_id,courseCode) VALUES (620021747,'BIOC3604'),(620021747,'BIOC3341'),(620021747,'INFO2521'),(620021747,'BIOC2981');
INSERT INTO Users VALUES (620021748,'Ruby','Mccarthy','RubyMccarthy@gmail.com','MccarthyRuby');
INSERT INTO Students VALUES (620021748,'UNDERGRAD','01-01-2020');
INSERT INTO Enrolled (u_id,courseCode) VALUES (620021748,'BIOC1052'),(620021748,'ECON1783'),(620021748,'MATH3029'),(620021748,'PHYS3876');
INSERT INTO Users VALUES (620021749,'Geraldine','Nichols','GeraldineNichols@gmail.com','NicholsGeraldine');
INSERT INTO Students VALUES (620021749,'UNDERGRAD','01-01-2020');
INSERT INTO Enrolled (u_id,courseCode) VALUES (620021749,'MATH3544'),(620021749,'PHYS1173'),(620021749,'CHEM3888');
INSERT INTO Users VALUES (620021750,'Betty','Duffy','BettyDuffy@gmail.com','DuffyBetty');
INSERT INTO Students VALUES (620021750,'UNDERGRAD','01-01-2020');
INSERT INTO Enrolled (u_id,courseCode) VALUES (620021750,'BIOC2236'),(620021750,'COMP3238'),(620021750,'ECON1589');
INSERT INTO Users VALUES (620021751,'Don','Lamar','DonLamar@gmail.com','LamarDon');
INSERT INTO Students VALUES (620021751,'UNDERGRAD','01-01-2020');
INSERT INTO Enrolled (u_id,courseCode) VALUES (620021751,'ECON1783'),(620021751,'BIOC2671'),(620021751,'MATH3688'),(620021751,'MATH1250'),(620021751,'ECON3447');
INSERT INTO Users VALUES (620021752,'Gary','Mitchell','GaryMitchell@gmail.com','MitchellGary');
INSERT INTO Students VALUES (620021752,'UNDERGRAD','01-01-2020');
INSERT INTO Enrolled (u_id,courseCode) VALUES (620021752,'COMP3084'),(620021752,'COMP1867'),(620021752,'CHEM2177'),(620021752,'ECON1589');
INSERT INTO Users VALUES (620021753,'Sergio','May','SergioMay@gmail.com','MaySergio');
INSERT INTO Students VALUES (620021753,'UNDERGRAD','01-01-2020');
INSERT INTO Enrolled (u_id,courseCode) VALUES (620021753,'CHEM1494'),(620021753,'INFO2950'),(620021753,'PHYS3876');
INSERT INTO Users VALUES (620021754,'Clyde','Joeckel','ClydeJoeckel@gmail.com','JoeckelClyde');
INSERT INTO Students VALUES (620021754,'UNDERGRAD','01-01-2020');
INSERT INTO Enrolled (u_id,courseCode) VALUES (620021754,'INFO3603'),(620021754,'PHYS2117'),(620021754,'MATH1638'),(620021754,'BIOC1794'),(620021754,'COMP1867'),(620021754,'INFO3419');
INSERT INTO Users VALUES (620021755,'Kurt','Jones','KurtJones@gmail.com','JonesKurt');
INSERT INTO Students VALUES (620021755,'UNDERGRAD','01-01-2020');
INSERT INTO Enrolled (u_id,courseCode) VALUES (620021755,'MATH2717'),(620021755,'MATH1578'),(620021755,'PHYS3354'),(620021755,'MATH1148'),(620021755,'MATH1262'),(620021755,'INFO1825');
INSERT INTO Users VALUES (620021756,'Kurt','Hauser','KurtHauser@gmail.com','HauserKurt');
INSERT INTO Students VALUES (620021756,'UNDERGRAD','01-01-2020');
INSERT INTO Enrolled (u_id,courseCode) VALUES (620021756,'ECON1645'),(620021756,'PHYS2451'),(620021756,'BIOC1448');
INSERT INTO Users VALUES (620021757,'Sean','Culpepper','SeanCulpepper@gmail.com','CulpepperSean');
INSERT INTO Students VALUES (620021757,'UNDERGRAD','01-01-2020');
INSERT INTO Enrolled (u_id,courseCode) VALUES (620021757,'CHEM2727'),(620021757,'PHYS3339'),(620021757,'CHEM3347'),(620021757,'BIOC2671'),(620021757,'BIOC1439');
INSERT INTO Users VALUES (620021758,'Nan','Citizen','NanCitizen@gmail.com','CitizenNan');
INSERT INTO Students VALUES (620021758,'UNDERGRAD','01-01-2020');
INSERT INTO Enrolled (u_id,courseCode) VALUES (620021758,'PHYS2113'),(620021758,'BIOC2983'),(620021758,'INFO2337'),(620021758,'PHYS2977');
INSERT INTO Users VALUES (620021759,'Ethel','Saunders','EthelSaunders@gmail.com','SaundersEthel');
INSERT INTO Students VALUES (620021759,'UNDERGRAD','01-01-2020');
INSERT INTO Enrolled (u_id,courseCode) VALUES (620021759,'COMP1184'),(620021759,'INFO1014'),(620021759,'BIOC1448'),(620021759,'BIOC3230'),(620021759,'PHYS2338');
INSERT INTO Users VALUES (620021760,'Harold','Nerbonne','HaroldNerbonne@gmail.com','NerbonneHarold');
INSERT INTO Students VALUES (620021760,'UNDERGRAD','01-01-2020');
INSERT INTO Enrolled (u_id,courseCode) VALUES (620021760,'INFO1014'),(620021760,'INFO3935'),(620021760,'BIOC1534'),(620021760,'COMP3238'),(620021760,'MATH2188');
INSERT INTO Users VALUES (620021761,'Carolyn','Sultzer','CarolynSultzer@gmail.com','SultzerCarolyn');
INSERT INTO Students VALUES (620021761,'UNDERGRAD','01-01-2020');
INSERT INTO Enrolled (u_id,courseCode) VALUES (620021761,'MATH1735'),(620021761,'BIOC1910'),(620021761,'BIOC1448'),(620021761,'BIOC2981'),(620021761,'COMP1867'),(620021761,'CHEM3617');
INSERT INTO Users VALUES (620021762,'Mary','Horth','MaryHorth@gmail.com','HorthMary');
INSERT INTO Students VALUES (620021762,'UNDERGRAD','01-01-2020');
INSERT INTO Enrolled (u_id,courseCode) VALUES (620021762,'ECON1996'),(620021762,'PHYS2306'),(620021762,'ECON3085'),(620021762,'INFO3419'),(620021762,'ECON1012');
INSERT INTO Users VALUES (620021763,'Benjamin','Barnett','BenjaminBarnett@gmail.com','BarnettBenjamin');
INSERT INTO Students VALUES (620021763,'UNDERGRAD','01-01-2020');
INSERT INTO Enrolled (u_id,courseCode) VALUES (620021763,'INFO2811'),(620021763,'ECON1561'),(620021763,'MATH2801'),(620021763,'CHEM3617'),(620021763,'INFO2521'),(620021763,'MATH1309');
INSERT INTO Users VALUES (620021764,'Milton','Jensen','MiltonJensen@gmail.com','JensenMilton');
INSERT INTO Students VALUES (620021764,'UNDERGRAD','01-01-2020');
INSERT INTO Enrolled (u_id,courseCode) VALUES (620021764,'MATH1735'),(620021764,'MATH3179'),(620021764,'MATH3688'),(620021764,'CHEM3614');
INSERT INTO Users VALUES (620021765,'Frances','Garcia','FrancesGarcia@gmail.com','GarciaFrances');
INSERT INTO Students VALUES (620021765,'UNDERGRAD','01-01-2020');
INSERT INTO Enrolled (u_id,courseCode) VALUES (620021765,'COMP2541'),(620021765,'BIOC1439'),(620021765,'INFO2636'),(620021765,'BIOC1104'),(620021765,'MATH1454');
INSERT INTO Users VALUES (620021766,'Sadie','Orchard','SadieOrchard@gmail.com','OrchardSadie');
INSERT INTO Students VALUES (620021766,'UNDERGRAD','01-01-2020');
INSERT INTO Enrolled (u_id,courseCode) VALUES (620021766,'ECON1589'),(620021766,'CHEM3888'),(620021766,'PHYS3354'),(620021766,'BIOC2550');
INSERT INTO Users VALUES (620021767,'Mathew','Scales','MathewScales@gmail.com','ScalesMathew');
INSERT INTO Students VALUES (620021767,'UNDERGRAD','01-01-2020');
INSERT INTO Enrolled (u_id,courseCode) VALUES (620021767,'CHEM2065'),(620021767,'MATH3844'),(620021767,'INFO3935'),(620021767,'MATH2717'),(620021767,'ECON2345'),(620021767,'BIOC1725');
INSERT INTO Users VALUES (620021768,'Rachel','Nighman','RachelNighman@gmail.com','NighmanRachel');
INSERT INTO Students VALUES (620021768,'UNDERGRAD','01-01-2020');
INSERT INTO Enrolled (u_id,courseCode) VALUES (620021768,'PHYS3659'),(620021768,'BIOC1439'),(620021768,'COMP3746');
INSERT INTO Users VALUES (620021769,'Ernesto','Wood','ErnestoWood@gmail.com','WoodErnesto');
INSERT INTO Students VALUES (620021769,'UNDERGRAD','01-01-2020');
INSERT INTO Enrolled (u_id,courseCode) VALUES (620021769,'BIOC3341'),(620021769,'ECON2703'),(620021769,'PHYS1930'),(620021769,'MATH3222'),(620021769,'ECON2814'),(620021769,'COMP1573');
INSERT INTO Users VALUES (620021770,'Geraldine','Coleman','GeraldineColeman@gmail.com','ColemanGeraldine');
INSERT INTO Students VALUES (620021770,'UNDERGRAD','01-01-2020');
INSERT INTO Enrolled (u_id,courseCode) VALUES (620021770,'CHEM2177'),(620021770,'INFO2337'),(620021770,'ECON1645');
INSERT INTO Users VALUES (620021771,'Terri','Woomer','TerriWoomer@gmail.com','WoomerTerri');
INSERT INTO Students VALUES (620021771,'UNDERGRAD','01-01-2020');
INSERT INTO Enrolled (u_id,courseCode) VALUES (620021771,'BIOC3191'),(620021771,'BIOC1485'),(620021771,'ECON1561'),(620021771,'MATH2957'),(620021771,'MATH3209');
INSERT INTO Users VALUES (620021772,'Dwight','Knox','DwightKnox@gmail.com','KnoxDwight');
INSERT INTO Students VALUES (620021772,'UNDERGRAD','01-01-2020');
INSERT INTO Enrolled (u_id,courseCode) VALUES (620021772,'INFO3935'),(620021772,'PHYS2451'),(620021772,'PHYS2448'),(620021772,'COMP2077');
INSERT INTO Users VALUES (620021773,'Wendell','Scarbrough','WendellScarbrough@gmail.com','ScarbroughWendell');
INSERT INTO Students VALUES (620021773,'UNDERGRAD','01-01-2020');
INSERT INTO Enrolled (u_id,courseCode) VALUES (620021773,'ECON3004'),(620021773,'COMP1051'),(620021773,'INFO2950'),(620021773,'PHYS3464');
INSERT INTO Users VALUES (620021774,'Roberto','Hauser','RobertoHauser@gmail.com','HauserRoberto');
INSERT INTO Students VALUES (620021774,'UNDERGRAD','01-01-2020');
INSERT INTO Enrolled (u_id,courseCode) VALUES (620021774,'MATH2801'),(620021774,'PHYS1140'),(620021774,'ECON2722'),(620021774,'COMP1357'),(620021774,'ECON1645');
INSERT INTO Users VALUES (620021775,'Katie','Truong','KatieTruong@gmail.com','TruongKatie');
INSERT INTO Students VALUES (620021775,'UNDERGRAD','01-01-2020');
INSERT INTO Enrolled (u_id,courseCode) VALUES (620021775,'CHEM2031'),(620021775,'PHYS3339'),(620021775,'PHYS2113'),(620021775,'COMP2400'),(620021775,'PHYS2667'),(620021775,'COMP3685');
INSERT INTO Users VALUES (620021776,'Adrienne','Grinstead','AdrienneGrinstead@gmail.com','GrinsteadAdrienne');
INSERT INTO Students VALUES (620021776,'UNDERGRAD','01-01-2020');
INSERT INTO Enrolled (u_id,courseCode) VALUES (620021776,'BIOC1725'),(620021776,'CHEM3347'),(620021776,'INFO2521'),(620021776,'COMP1357'),(620021776,'MATH3857');
INSERT INTO Users VALUES (620021777,'Reginald','Walden','ReginaldWalden@gmail.com','WaldenReginald');
INSERT INTO Students VALUES (620021777,'UNDERGRAD','01-01-2020');
INSERT INTO Enrolled (u_id,courseCode) VALUES (620021777,'MATH1578'),(620021777,'BIOC1439'),(620021777,'ECON2703'),(620021777,'PHYS2977'),(620021777,'COMP1051');
INSERT INTO Users VALUES (620021778,'Leticia','Hawkins','LeticiaHawkins@gmail.com','HawkinsLeticia');
INSERT INTO Students VALUES (620021778,'UNDERGRAD','01-01-2020');
INSERT INTO Enrolled (u_id,courseCode) VALUES (620021778,'CHEM3327'),(620021778,'COMP1867'),(620021778,'COMP2651'),(620021778,'COMP1460');
INSERT INTO Users VALUES (620021779,'Gloria','Ramlall','GloriaRamlall@gmail.com','RamlallGloria');
INSERT INTO Students VALUES (620021779,'UNDERGRAD','01-01-2020');
INSERT INTO Enrolled (u_id,courseCode) VALUES (620021779,'COMP3697'),(620021779,'INFO2337'),(620021779,'INFO1447'),(620021779,'PHYS1979'),(620021779,'MATH2873');
INSERT INTO Users VALUES (620021780,'Glenda','Siple','GlendaSiple@gmail.com','SipleGlenda');
INSERT INTO Students VALUES (620021780,'UNDERGRAD','01-01-2020');
INSERT INTO Enrolled (u_id,courseCode) VALUES (620021780,'COMP3418'),(620021780,'INFO2521'),(620021780,'BIOC1104'),(620021780,'BIOC1598'),(620021780,'ECON1645'),(620021780,'INFO1242');
INSERT INTO Users VALUES (620021781,'Carlos','Lundholm','CarlosLundholm@gmail.com','LundholmCarlos');
INSERT INTO Students VALUES (620021781,'UNDERGRAD','01-01-2020');
INSERT INTO Enrolled (u_id,courseCode) VALUES (620021781,'BIOC2236'),(620021781,'CHEM2066'),(620021781,'MATH2188'),(620021781,'COMP3047'),(620021781,'COMP3418');
INSERT INTO Users VALUES (620021782,'Eunice','Hernandez','EuniceHernandez@gmail.com','HernandezEunice');
INSERT INTO Students VALUES (620021782,'UNDERGRAD','01-01-2020');
INSERT INTO Enrolled (u_id,courseCode) VALUES (620021782,'CHEM3347'),(620021782,'PHYS2448'),(620021782,'ECON3276');
INSERT INTO Users VALUES (620021783,'Jimmy','Cummins','JimmyCummins@gmail.com','CumminsJimmy');
INSERT INTO Students VALUES (620021783,'UNDERGRAD','01-01-2020');
INSERT INTO Enrolled (u_id,courseCode) VALUES (620021783,'CHEM2065'),(620021783,'ECON1170'),(620021783,'CHEM3888'),(620021783,'INFO2147'),(620021783,'MATH2717');
INSERT INTO Users VALUES (620021784,'Patsy','Terry','PatsyTerry@gmail.com','TerryPatsy');
INSERT INTO Students VALUES (620021784,'UNDERGRAD','01-01-2020');
INSERT INTO Enrolled (u_id,courseCode) VALUES (620021784,'ECON2722'),(620021784,'INFO2147'),(620021784,'INFO1447'),(620021784,'BIOC1866'),(620021784,'MATH3613');
INSERT INTO Users VALUES (620021785,'Angie','Monte','AngieMonte@gmail.com','MonteAngie');
INSERT INTO Students VALUES (620021785,'UNDERGRAD','01-01-2020');
INSERT INTO Enrolled (u_id,courseCode) VALUES (620021785,'CHEM3409'),(620021785,'CHEM1807'),(620021785,'PHYS3290'),(620021785,'MATH1648');
INSERT INTO Users VALUES (620021786,'Bryon','Felipe','BryonFelipe@gmail.com','FelipeBryon');
INSERT INTO Students VALUES (620021786,'UNDERGRAD','01-01-2020');
INSERT INTO Enrolled (u_id,courseCode) VALUES (620021786,'ECON2387'),(620021786,'INFO2811'),(620021786,'INFO3603'),(620021786,'ECON3989'),(620021786,'PHYS3729'),(620021786,'COMP3697');
INSERT INTO Users VALUES (620021787,'Beverly','Lorenz','BeverlyLorenz@gmail.com','LorenzBeverly');
INSERT INTO Students VALUES (620021787,'UNDERGRAD','01-01-2020');
INSERT INTO Enrolled (u_id,courseCode) VALUES (620021787,'BIOC3721'),(620021787,'PHYS1979'),(620021787,'COMP2400'),(620021787,'COMP1357'),(620021787,'PHYS2117');
INSERT INTO Users VALUES (620021788,'Glenda','Kent','GlendaKent@gmail.com','KentGlenda');
INSERT INTO Students VALUES (620021788,'UNDERGRAD','01-01-2020');
INSERT INTO Enrolled (u_id,courseCode) VALUES (620021788,'ECON3020'),(620021788,'PHYS3464'),(620021788,'MATH2555'),(620021788,'CHEM3327'),(620021788,'MATH2188');
INSERT INTO Users VALUES (620021789,'Jeanna','Eaton','JeannaEaton@gmail.com','EatonJeanna');
INSERT INTO Students VALUES (620021789,'UNDERGRAD','01-01-2020');
INSERT INTO Enrolled (u_id,courseCode) VALUES (620021789,'INFO2636'),(620021789,'CHEM3747'),(620021789,'COMP3506'),(620021789,'COMP3418'),(620021789,'ECON1098');
INSERT INTO Users VALUES (620021790,'Jeanna','May','JeannaMay@gmail.com','MayJeanna');
INSERT INTO Students VALUES (620021790,'UNDERGRAD','01-01-2020');
INSERT INTO Enrolled (u_id,courseCode) VALUES (620021790,'CHEM3747'),(620021790,'ECON3063'),(620021790,'ECON3550'),(620021790,'ECON1458'),(620021790,'CHEM2220');
INSERT INTO Users VALUES (620021791,'Jeffrey','Orchard','JeffreyOrchard@gmail.com','OrchardJeffrey');
INSERT INTO Students VALUES (620021791,'UNDERGRAD','01-01-2020');
INSERT INTO Enrolled (u_id,courseCode) VALUES (620021791,'BIOC1448'),(620021791,'ECON3447'),(620021791,'PHYS2338'),(620021791,'COMP2717'),(620021791,'CHEM2066'),(620021791,'INFO3868');
INSERT INTO Users VALUES (620021792,'Leticia','Joaquin','LeticiaJoaquin@gmail.com','JoaquinLeticia');
INSERT INTO Students VALUES (620021792,'UNDERGRAD','01-01-2020');
INSERT INTO Enrolled (u_id,courseCode) VALUES (620021792,'ECON3288'),(620021792,'INFO1648'),(620021792,'CHEM3617');
INSERT INTO Users VALUES (620021793,'Floyd','Bower','FloydBower@gmail.com','BowerFloyd');
INSERT INTO Students VALUES (620021793,'UNDERGRAD','01-01-2020');
INSERT INTO Enrolled (u_id,courseCode) VALUES (620021793,'COMP1184'),(620021793,'PHYS2448'),(620021793,'INFO2716'),(620021793,'ECON3550');
INSERT INTO Users VALUES (620021794,'Carolyn','Mejias','CarolynMejias@gmail.com','MejiasCarolyn');
INSERT INTO Students VALUES (620021794,'UNDERGRAD','01-01-2020');
INSERT INTO Enrolled (u_id,courseCode) VALUES (620021794,'MATH3544'),(620021794,'COMP1460'),(620021794,'BIOC3341');
INSERT INTO Users VALUES (620021795,'Deanna','Chatcho','DeannaChatcho@gmail.com','ChatchoDeanna');
INSERT INTO Students VALUES (620021795,'UNDERGRAD','01-01-2020');
INSERT INTO Enrolled (u_id,courseCode) VALUES (620021795,'MATH1454'),(620021795,'COMP3047'),(620021795,'ECON3550'),(620021795,'COMP2361'),(620021795,'MATH1578');
INSERT INTO Users VALUES (620021796,'Kenneth','Robinson','KennethRobinson@gmail.com','RobinsonKenneth');
INSERT INTO Students VALUES (620021796,'UNDERGRAD','01-01-2020');
INSERT INTO Enrolled (u_id,courseCode) VALUES (620021796,'CHEM2727'),(620021796,'BIOC2236'),(620021796,'BIOC1986'),(620021796,'CHEM3614');
INSERT INTO Users VALUES (620021797,'Lois','Jeanbaptiste','LoisJeanbaptiste@gmail.com','JeanbaptisteLois');
INSERT INTO Students VALUES (620021797,'UNDERGRAD','01-01-2020');
INSERT INTO Enrolled (u_id,courseCode) VALUES (620021797,'INFO1014'),(620021797,'BIOC1598'),(620021797,'COMP3084');
INSERT INTO Users VALUES (620021798,'Kurt','Kimbrell','KurtKimbrell@gmail.com','KimbrellKurt');
INSERT INTO Students VALUES (620021798,'UNDERGRAD','01-01-2020');
INSERT INTO Enrolled (u_id,courseCode) VALUES (620021798,'MATH3688'),(620021798,'ECON1996'),(620021798,'BIOC1485');
INSERT INTO Users VALUES (620021799,'Ernesto','Santos','ErnestoSantos@gmail.com','SantosErnesto');
INSERT INTO Students VALUES (620021799,'UNDERGRAD','01-01-2020');
INSERT INTO Enrolled (u_id,courseCode) VALUES (620021799,'COMP1357'),(620021799,'INFO2213'),(620021799,'COMP2077');
INSERT INTO Users VALUES (620021800,'Glenda','Jensen','GlendaJensen@gmail.com','JensenGlenda');
INSERT INTO Students VALUES (620021800,'UNDERGRAD','01-01-2020');
INSERT INTO Enrolled (u_id,courseCode) VALUES (620021800,'BIOC2981'),(620021800,'PHYS3876'),(620021800,'COMP1184'),(620021800,'CHEM2697'),(620021800,'PHYS1173'),(620021800,'COMP3418');
INSERT INTO Users VALUES (620021801,'Josh','Pere','JoshPere@gmail.com','PereJosh');
INSERT INTO Students VALUES (620021801,'UNDERGRAD','01-01-2020');
INSERT INTO Enrolled (u_id,courseCode) VALUES (620021801,'PHYS2117'),(620021801,'BIOC1485'),(620021801,'ECON3372'),(620021801,'PHYS3339');
INSERT INTO Users VALUES (620021802,'Nathan','Carlyle','NathanCarlyle@gmail.com','CarlyleNathan');
INSERT INTO Students VALUES (620021802,'UNDERGRAD','01-01-2020');
INSERT INTO Enrolled (u_id,courseCode) VALUES (620021802,'CHEM3617'),(620021802,'INFO2797'),(620021802,'MATH3613'),(620021802,'COMP1051'),(620021802,'INFO2811');
INSERT INTO Users VALUES (620021803,'Cherise','Charland','CheriseCharland@gmail.com','CharlandCherise');
INSERT INTO Students VALUES (620021803,'UNDERGRAD','01-01-2020');
INSERT INTO Enrolled (u_id,courseCode) VALUES (620021803,'MATH2067'),(620021803,'MATH3173'),(620021803,'BIOC2671'),(620021803,'CHEM2220'),(620021803,'COMP3084');
INSERT INTO Users VALUES (620021804,'Christina','Pedersen','ChristinaPedersen@gmail.com','PedersenChristina');
INSERT INTO Students VALUES (620021804,'UNDERGRAD','01-01-2020');
INSERT INTO Enrolled (u_id,courseCode) VALUES (620021804,'COMP1460'),(620021804,'CHEM2066'),(620021804,'COMP1543'),(620021804,'PHYS2238');
INSERT INTO Users VALUES (620021805,'Dean','Schilling','DeanSchilling@gmail.com','SchillingDean');
INSERT INTO Students VALUES (620021805,'UNDERGRAD','01-01-2020');
INSERT INTO Enrolled (u_id,courseCode) VALUES (620021805,'BIOC1986'),(620021805,'ECON1458'),(620021805,'INFO2270'),(620021805,'MATH1250');
INSERT INTO Users VALUES (620021806,'Vickie','Jaworski','VickieJaworski@gmail.com','JaworskiVickie');
INSERT INTO Students VALUES (620021806,'UNDERGRAD','01-01-2020');
INSERT INTO Enrolled (u_id,courseCode) VALUES (620021806,'COMP2400'),(620021806,'CHEM3888'),(620021806,'COMP1184'),(620021806,'ECON1230');
INSERT INTO Users VALUES (620021807,'Jason','Walden','JasonWalden@gmail.com','WaldenJason');
INSERT INTO Students VALUES (620021807,'UNDERGRAD','01-01-2020');
INSERT INTO Enrolled (u_id,courseCode) VALUES (620021807,'PHYS3659'),(620021807,'MATH3179'),(620021807,'INFO2337'),(620021807,'BIOC3341'),(620021807,'INFO2860'),(620021807,'PHYS1140');
INSERT INTO Users VALUES (620021808,'Ruth','Vanwyck','RuthVanwyck@gmail.com','VanwyckRuth');
INSERT INTO Students VALUES (620021808,'UNDERGRAD','01-01-2020');
INSERT INTO Enrolled (u_id,courseCode) VALUES (620021808,'MATH1250'),(620021808,'PHYS2306'),(620021808,'BIOC1439'),(620021808,'COMP3173'),(620021808,'PHYS2563'),(620021808,'BIOC1866');
INSERT INTO Users VALUES (620021809,'Ladawn','Lamar','LadawnLamar@gmail.com','LamarLadawn');
INSERT INTO Students VALUES (620021809,'UNDERGRAD','01-01-2020');
INSERT INTO Enrolled (u_id,courseCode) VALUES (620021809,'COMP3047'),(620021809,'PHYS2238'),(620021809,'PHYS2113'),(620021809,'ECON2703');
INSERT INTO Users VALUES (620021810,'Josh','Saunders','JoshSaunders@gmail.com','SaundersJosh');
INSERT INTO Students VALUES (620021810,'UNDERGRAD','01-01-2020');
INSERT INTO Enrolled (u_id,courseCode) VALUES (620021810,'INFO2797'),(620021810,'MATH1262'),(620021810,'ECON2703'),(620021810,'COMP2965'),(620021810,'PHYS2113');
INSERT INTO Users VALUES (620021811,'Katie','Miraglia','KatieMiraglia@gmail.com','MiragliaKatie');
INSERT INTO Students VALUES (620021811,'UNDERGRAD','01-01-2020');
INSERT INTO Enrolled (u_id,courseCode) VALUES (620021811,'BIOC3604'),(620021811,'ECON3020'),(620021811,'MATH2873'),(620021811,'BIOC2981'),(620021811,'MATH2067'),(620021811,'CHEM2065');
INSERT INTO Users VALUES (620021812,'Floyd','Thompson','FloydThompson@gmail.com','ThompsonFloyd');
INSERT INTO Students VALUES (620021812,'UNDERGRAD','01-01-2020');
INSERT INTO Enrolled (u_id,courseCode) VALUES (620021812,'PHYS1930'),(620021812,'INFO2811'),(620021812,'CHEM1340'),(620021812,'INFO1825'),(620021812,'COMP1357'),(620021812,'CHEM3327');
INSERT INTO Users VALUES (620021813,'Reggie','Souza','ReggieSouza@gmail.com','SouzaReggie');
INSERT INTO Students VALUES (620021813,'UNDERGRAD','01-01-2020');
INSERT INTO Enrolled (u_id,courseCode) VALUES (620021813,'INFO3419'),(620021813,'CHEM1340'),(620021813,'ECON1230'),(620021813,'BIOC1866'),(620021813,'MATH3173'),(620021813,'MATH2957');
INSERT INTO Users VALUES (620021814,'Marjorie','Lorenz','MarjorieLorenz@gmail.com','LorenzMarjorie');
INSERT INTO Students VALUES (620021814,'UNDERGRAD','01-01-2020');
INSERT INTO Enrolled (u_id,courseCode) VALUES (620021814,'ECON1783'),(620021814,'PHYS2306'),(620021814,'BIOC1104'),(620021814,'CHEM2220'),(620021814,'CHEM1494'),(620021814,'CHEM2727');
INSERT INTO Users VALUES (620021815,'Georgie','Jefferson','GeorgieJefferson@gmail.com','JeffersonGeorgie');
INSERT INTO Students VALUES (620021815,'UNDERGRAD','01-01-2020');
INSERT INTO Enrolled (u_id,courseCode) VALUES (620021815,'INFO2636'),(620021815,'COMP2541'),(620021815,'COMP3167'),(620021815,'INFO2860'),(620021815,'BIOC1744');
INSERT INTO Users VALUES (620021816,'Ladawn','Lockwood','LadawnLockwood@gmail.com','LockwoodLadawn');
INSERT INTO Students VALUES (620021816,'UNDERGRAD','01-01-2020');
INSERT INTO Enrolled (u_id,courseCode) VALUES (620021816,'CHEM3617'),(620021816,'CHEM2797'),(620021816,'BIOC1598');
INSERT INTO Users VALUES (620021817,'Gabriel','Ekberg','GabrielEkberg@gmail.com','EkbergGabriel');
INSERT INTO Students VALUES (620021817,'UNDERGRAD','01-01-2020');
INSERT INTO Enrolled (u_id,courseCode) VALUES (620021817,'CHEM2149'),(620021817,'COMP3418'),(620021817,'ECON2387'),(620021817,'PHYS3729'),(620021817,'MATH3544');
INSERT INTO Users VALUES (620021818,'Elmer','Sniezek','ElmerSniezek@gmail.com','SniezekElmer');
INSERT INTO Students VALUES (620021818,'UNDERGRAD','01-01-2020');
INSERT INTO Enrolled (u_id,courseCode) VALUES (620021818,'COMP3173'),(620021818,'ECON3523'),(620021818,'PHYS3876');
INSERT INTO Users VALUES (620021819,'Nathan','Mertens','NathanMertens@gmail.com','MertensNathan');
INSERT INTO Students VALUES (620021819,'UNDERGRAD','01-01-2020');
INSERT INTO Enrolled (u_id,courseCode) VALUES (620021819,'MATH1148'),(620021819,'INFO2559'),(620021819,'ECON2345'),(620021819,'COMP1573'),(620021819,'ECON3085');
INSERT INTO Users VALUES (620021820,'Laila','Harms','LailaHarms@gmail.com','HarmsLaila');
INSERT INTO Students VALUES (620021820,'UNDERGRAD','01-01-2020');
INSERT INTO Enrolled (u_id,courseCode) VALUES (620021820,'ECON3276'),(620021820,'MATH3613'),(620021820,'CHEM2727'),(620021820,'CHEM1807'),(620021820,'ECON2722');
INSERT INTO Users VALUES (620021821,'Anderson','Hudson','AndersonHudson@gmail.com','HudsonAnderson');
INSERT INTO Students VALUES (620021821,'UNDERGRAD','01-01-2020');
INSERT INTO Enrolled (u_id,courseCode) VALUES (620021821,'PHYS3354'),(620021821,'ECON3550'),(620021821,'ECON3276');
INSERT INTO Users VALUES (620021822,'Betsy','Chappell','BetsyChappell@gmail.com','ChappellBetsy');
INSERT INTO Students VALUES (620021822,'UNDERGRAD','01-01-2020');
INSERT INTO Enrolled (u_id,courseCode) VALUES (620021822,'BIOC2671'),(620021822,'BIOC2981'),(620021822,'COMP2541');
INSERT INTO Users VALUES (620021823,'Martin','Williams','MartinWilliams@gmail.com','WilliamsMartin');
INSERT INTO Students VALUES (620021823,'UNDERGRAD','01-01-2020');
INSERT INTO Enrolled (u_id,courseCode) VALUES (620021823,'MATH2801'),(620021823,'ECON1996'),(620021823,'INFO1833'),(620021823,'BIOC3191'),(620021823,'COMP1184');
INSERT INTO Users VALUES (620021824,'Edna','Vineyard','EdnaVineyard@gmail.com','VineyardEdna');
INSERT INTO Students VALUES (620021824,'UNDERGRAD','01-01-2020');
INSERT INTO Enrolled (u_id,courseCode) VALUES (620021824,'CHEM1807'),(620021824,'CHEM2867'),(620021824,'ECON3281');
INSERT INTO Users VALUES (620021825,'Paul','Ekberg','PaulEkberg@gmail.com','EkbergPaul');
INSERT INTO Students VALUES (620021825,'UNDERGRAD','01-01-2020');
INSERT INTO Enrolled (u_id,courseCode) VALUES (620021825,'COMP1543'),(620021825,'CHEM2481'),(620021825,'BIOC1052'),(620021825,'CHEM1613');
INSERT INTO Users VALUES (620021826,'Alice','Kenney','AliceKenney@gmail.com','KenneyAlice');
INSERT INTO Students VALUES (620021826,'UNDERGRAD','01-01-2020');
INSERT INTO Enrolled (u_id,courseCode) VALUES (620021826,'COMP3084'),(620021826,'CHEM2446'),(620021826,'MATH2188'),(620021826,'ECON2387');
INSERT INTO Users VALUES (620021827,'Floyd','Sullivan','FloydSullivan@gmail.com','SullivanFloyd');
INSERT INTO Students VALUES (620021827,'UNDERGRAD','01-01-2020');
INSERT INTO Enrolled (u_id,courseCode) VALUES (620021827,'INFO2860'),(620021827,'ECON3550'),(620021827,'COMP1867'),(620021827,'INFO2559'),(620021827,'INFO1447');
INSERT INTO Users VALUES (620021828,'Sandra','Stovall','SandraStovall@gmail.com','StovallSandra');
INSERT INTO Students VALUES (620021828,'UNDERGRAD','01-01-2020');
INSERT INTO Enrolled (u_id,courseCode) VALUES (620021828,'BIOC1439'),(620021828,'CHEM2727'),(620021828,'PHYS2667'),(620021828,'INFO2716'),(620021828,'CHEM2149');
INSERT INTO Users VALUES (620021829,'Traci','Carlos','TraciCarlos@gmail.com','CarlosTraci');
INSERT INTO Students VALUES (620021829,'UNDERGRAD','01-01-2020');
INSERT INTO Enrolled (u_id,courseCode) VALUES (620021829,'INFO1014'),(620021829,'CHEM2446'),(620021829,'ECON3737'),(620021829,'CHEM1807');
INSERT INTO Users VALUES (620021830,'Antwan','Ferretti','AntwanFerretti@gmail.com','FerrettiAntwan');
INSERT INTO Students VALUES (620021830,'UNDERGRAD','01-01-2020');
INSERT INTO Enrolled (u_id,courseCode) VALUES (620021830,'COMP1051'),(620021830,'INFO2213'),(620021830,'MATH1454'),(620021830,'PHYS2451'),(620021830,'MATH2957');
INSERT INTO Users VALUES (620021831,'Jacqueline','Maione','JacquelineMaione@gmail.com','MaioneJacqueline');
INSERT INTO Students VALUES (620021831,'UNDERGRAD','01-01-2020');
INSERT INTO Enrolled (u_id,courseCode) VALUES (620021831,'COMP3697'),(620021831,'INFO2813'),(620021831,'BIOC3191'),(620021831,'PHYS3876'),(620021831,'COMP3173'),(620021831,'ECON1589');
INSERT INTO Users VALUES (620021832,'Antionette','Morey','AntionetteMorey@gmail.com','MoreyAntionette');
INSERT INTO Students VALUES (620021832,'UNDERGRAD','01-01-2020');
INSERT INTO Enrolled (u_id,courseCode) VALUES (620021832,'PHYS2448'),(620021832,'ECON3085'),(620021832,'COMP2077');
INSERT INTO Users VALUES (620021833,'Susan','Ekberg','SusanEkberg@gmail.com','EkbergSusan');
INSERT INTO Students VALUES (620021833,'UNDERGRAD','01-01-2020');
INSERT INTO Enrolled (u_id,courseCode) VALUES (620021833,'COMP1543'),(620021833,'CHEM2177'),(620021833,'COMP3047'),(620021833,'PHYS2229');
INSERT INTO Users VALUES (620021834,'Daisy','Barron','DaisyBarron@gmail.com','BarronDaisy');
INSERT INTO Students VALUES (620021834,'UNDERGRAD','01-01-2020');
INSERT INTO Enrolled (u_id,courseCode) VALUES (620021834,'BIOC2981'),(620021834,'CHEM3347'),(620021834,'COMP3746'),(620021834,'BIOC2671');
INSERT INTO Users VALUES (620021835,'Elwood','Vanwyck','ElwoodVanwyck@gmail.com','VanwyckElwood');
INSERT INTO Students VALUES (620021835,'UNDERGRAD','01-01-2020');
INSERT INTO Enrolled (u_id,courseCode) VALUES (620021835,'CHEM2727'),(620021835,'PHYS3354'),(620021835,'CHEM3409');
INSERT INTO Users VALUES (620021836,'Roberta','Amberg','RobertaAmberg@gmail.com','AmbergRoberta');
INSERT INTO Students VALUES (620021836,'UNDERGRAD','01-01-2020');
INSERT INTO Enrolled (u_id,courseCode) VALUES (620021836,'COMP3849'),(620021836,'ECON1498'),(620021836,'INFO1990'),(620021836,'COMP1460'),(620021836,'COMP3173'),(620021836,'COMP1573');
INSERT INTO Users VALUES (620021837,'Bernard','Rice','BernardRice@gmail.com','RiceBernard');
INSERT INTO Students VALUES (620021837,'UNDERGRAD','01-01-2020');
INSERT INTO Enrolled (u_id,courseCode) VALUES (620021837,'COMP2965'),(620021837,'PHYS1930'),(620021837,'CHEM3747'),(620021837,'MATH1250');
INSERT INTO Users VALUES (620021838,'Kasey','Wilbanks','KaseyWilbanks@gmail.com','WilbanksKasey');
INSERT INTO Students VALUES (620021838,'UNDERGRAD','01-01-2020');
INSERT INTO Enrolled (u_id,courseCode) VALUES (620021838,'PHYS1930'),(620021838,'CHEM3327'),(620021838,'ECON2703'),(620021838,'ECON3737');
INSERT INTO Users VALUES (620021839,'Brenda','Woomer','BrendaWoomer@gmail.com','WoomerBrenda');
INSERT INTO Students VALUES (620021839,'UNDERGRAD','01-01-2020');
INSERT INTO Enrolled (u_id,courseCode) VALUES (620021839,'CHEM3054'),(620021839,'PHYS3464'),(620021839,'COMP1867'),(620021839,'PHYS2338');
INSERT INTO Users VALUES (620021840,'Wilbur','Brock','WilburBrock@gmail.com','BrockWilbur');
INSERT INTO Students VALUES (620021840,'UNDERGRAD','01-01-2020');
INSERT INTO Enrolled (u_id,courseCode) VALUES (620021840,'BIOC3604'),(620021840,'MATH3222'),(620021840,'MATH1309'),(620021840,'CHEM1494'),(620021840,'INFO3419');
INSERT INTO Users VALUES (620021841,'Michelle','Lavoy','MichelleLavoy@gmail.com','LavoyMichelle');
INSERT INTO Students VALUES (620021841,'UNDERGRAD','01-01-2020');
INSERT INTO Enrolled (u_id,courseCode) VALUES (620021841,'CHEM1485'),(620021841,'PHYS1993'),(620021841,'BIOC1794'),(620021841,'COMP1357'),(620021841,'MATH1578'),(620021841,'PHYS3787');
INSERT INTO Users VALUES (620021842,'Agnes','Knaub','AgnesKnaub@gmail.com','KnaubAgnes');
INSERT INTO Students VALUES (620021842,'UNDERGRAD','01-01-2020');
INSERT INTO Enrolled (u_id,courseCode) VALUES (620021842,'PHYS2238'),(620021842,'INFO2950'),(620021842,'BIOC2981'),(620021842,'INFO1825'),(620021842,'BIOC1534');
INSERT INTO Users VALUES (620021843,'Vickie','Estrada','VickieEstrada@gmail.com','EstradaVickie');
INSERT INTO Students VALUES (620021843,'UNDERGRAD','01-01-2020');
INSERT INTO Enrolled (u_id,courseCode) VALUES (620021843,'CHEM2697'),(620021843,'PHYS3729'),(620021843,'COMP1357'),(620021843,'CHEM2867');
INSERT INTO Users VALUES (620021844,'Catherine','Cochran','CatherineCochran@gmail.com','CochranCatherine');
INSERT INTO Students VALUES (620021844,'UNDERGRAD','01-01-2020');
INSERT INTO Enrolled (u_id,courseCode) VALUES (620021844,'MATH1454'),(620021844,'COMP3047'),(620021844,'BIOC1910');
INSERT INTO Users VALUES (620021845,'Esmeralda','Granado','EsmeraldaGranado@gmail.com','GranadoEsmeralda');
INSERT INTO Students VALUES (620021845,'UNDERGRAD','01-01-2020');
INSERT INTO Enrolled (u_id,courseCode) VALUES (620021845,'CHEM3054'),(620021845,'CHEM2066'),(620021845,'PHYS3659');
INSERT INTO Users VALUES (620021846,'Carolyn','Myrick','CarolynMyrick@gmail.com','MyrickCarolyn');
INSERT INTO Students VALUES (620021846,'UNDERGRAD','01-01-2020');
INSERT INTO Enrolled (u_id,courseCode) VALUES (620021846,'INFO2716'),(620021846,'ECON2703'),(620021846,'INFO1833'),(620021846,'COMP3536'),(620021846,'MATH2801');
INSERT INTO Users VALUES (620021847,'Peggy','Noonan','PeggyNoonan@gmail.com','NoonanPeggy');
INSERT INTO Students VALUES (620021847,'UNDERGRAD','01-01-2020');
INSERT INTO Enrolled (u_id,courseCode) VALUES (620021847,'BIOC1439'),(620021847,'COMP1573'),(620021847,'BIOC3341'),(620021847,'PHYS3787');
INSERT INTO Users VALUES (620021848,'Kathy','Sharp','KathySharp@gmail.com','SharpKathy');
INSERT INTO Students VALUES (620021848,'UNDERGRAD','01-01-2020');
INSERT INTO Enrolled (u_id,courseCode) VALUES (620021848,'INFO2860'),(620021848,'INFO3419'),(620021848,'BIOC3230'),(620021848,'MATH3857'),(620021848,'ECON1498'),(620021848,'ECON1996');
INSERT INTO Users VALUES (620021849,'Clyde','Hardman','ClydeHardman@gmail.com','HardmanClyde');
INSERT INTO Students VALUES (620021849,'UNDERGRAD','01-01-2020');
INSERT INTO Enrolled (u_id,courseCode) VALUES (620021849,'MATH2801'),(620021849,'ECON1783'),(620021849,'COMP3536'),(620021849,'INFO3603'),(620021849,'CHEM1485'),(620021849,'COMP3697');
INSERT INTO Users VALUES (620021850,'Kenneth','Rivera','KennethRivera@gmail.com','RiveraKenneth');
INSERT INTO Students VALUES (620021850,'UNDERGRAD','01-01-2020');
INSERT INTO Enrolled (u_id,courseCode) VALUES (620021850,'BIOC3604'),(620021850,'COMP3238'),(620021850,'CHEM2149'),(620021850,'CHEM2626'),(620021850,'ECON3085');
INSERT INTO Users VALUES (620021851,'Michelle','Vanhamlin','MichelleVanhamlin@gmail.com','VanhamlinMichelle');
INSERT INTO Students VALUES (620021851,'UNDERGRAD','01-01-2020');
INSERT INTO Enrolled (u_id,courseCode) VALUES (620021851,'MATH3059'),(620021851,'CHEM2149'),(620021851,'COMP2651'),(620021851,'CHEM2177'),(620021851,'COMP3685'),(620021851,'CHEM2626');
INSERT INTO Users VALUES (620021852,'Elwood','Harness','ElwoodHarness@gmail.com','HarnessElwood');
INSERT INTO Students VALUES (620021852,'UNDERGRAD','01-01-2020');
INSERT INTO Enrolled (u_id,courseCode) VALUES (620021852,'COMP3685'),(620021852,'ECON3550'),(620021852,'INFO2337'),(620021852,'CHEM2797'),(620021852,'BIOC2589'),(620021852,'COMP3746');
INSERT INTO Users VALUES (620021853,'Nicholas','Schilling','NicholasSchilling@gmail.com','SchillingNicholas');
INSERT INTO Students VALUES (620021853,'UNDERGRAD','01-01-2020');
INSERT INTO Enrolled (u_id,courseCode) VALUES (620021853,'CHEM3888'),(620021853,'COMP1573'),(620021853,'BIOC1725'),(620021853,'CHEM3793'),(620021853,'INFO2270');
INSERT INTO Users VALUES (620021854,'Georgie','Saunders','GeorgieSaunders@gmail.com','SaundersGeorgie');
INSERT INTO Students VALUES (620021854,'UNDERGRAD','01-01-2020');
INSERT INTO Enrolled (u_id,courseCode) VALUES (620021854,'COMP3506'),(620021854,'INFO1242'),(620021854,'CHEM2697'),(620021854,'BIOC1986'),(620021854,'CHEM2005');
INSERT INTO Users VALUES (620021855,'Janet','English','JanetEnglish@gmail.com','EnglishJanet');
INSERT INTO Students VALUES (620021855,'UNDERGRAD','01-01-2020');
INSERT INTO Enrolled (u_id,courseCode) VALUES (620021855,'ECON2345'),(620021855,'INFO2797'),(620021855,'BIOC3341'),(620021855,'MATH2555');
INSERT INTO Users VALUES (620021856,'Joe','Bowerman','JoeBowerman@gmail.com','BowermanJoe');
INSERT INTO Students VALUES (620021856,'UNDERGRAD','01-01-2020');
INSERT INTO Enrolled (u_id,courseCode) VALUES (620021856,'ECON1589'),(620021856,'MATH3173'),(620021856,'INFO2813'),(620021856,'MATH2188'),(620021856,'BIOC1794'),(620021856,'PHYS2113');
INSERT INTO Users VALUES (620021857,'Patricia','Laudat','PatriciaLaudat@gmail.com','LaudatPatricia');
INSERT INTO Students VALUES (620021857,'UNDERGRAD','01-01-2020');
INSERT INTO Enrolled (u_id,courseCode) VALUES (620021857,'INFO1990'),(620021857,'ECON1230'),(620021857,'COMP1460'),(620021857,'PHYS2338');
INSERT INTO Users VALUES (620021858,'William','Citizen','WilliamCitizen@gmail.com','CitizenWilliam');
INSERT INTO Students VALUES (620021858,'UNDERGRAD','01-01-2020');
INSERT INTO Enrolled (u_id,courseCode) VALUES (620021858,'PHYS2448'),(620021858,'MATH3179'),(620021858,'INFO2147');
INSERT INTO Users VALUES (620021859,'Cliff','Taylor','CliffTaylor@gmail.com','TaylorCliff');
INSERT INTO Students VALUES (620021859,'UNDERGRAD','01-01-2020');
INSERT INTO Enrolled (u_id,courseCode) VALUES (620021859,'COMP1867'),(620021859,'COMP3697'),(620021859,'INFO1648'),(620021859,'INFO1145');
INSERT INTO Users VALUES (620021860,'Kasey','Taylor','KaseyTaylor@gmail.com','TaylorKasey');
INSERT INTO Students VALUES (620021860,'UNDERGRAD','01-01-2020');
INSERT INTO Enrolled (u_id,courseCode) VALUES (620021860,'INFO1990'),(620021860,'BIOC2236'),(620021860,'BIOC1052'),(620021860,'ECON3311'),(620021860,'COMP2651');
INSERT INTO Users VALUES (620021861,'Wilbur','Lowrey','WilburLowrey@gmail.com','LowreyWilbur');
INSERT INTO Students VALUES (620021861,'UNDERGRAD','01-01-2020');
INSERT INTO Enrolled (u_id,courseCode) VALUES (620021861,'BIOC3604'),(620021861,'BIOC3341'),(620021861,'BIOC1744'),(620021861,'CHEM3614'),(620021861,'INFO1014');
INSERT INTO Users VALUES (620021862,'Wendell','Kimbrell','WendellKimbrell@gmail.com','KimbrellWendell');
INSERT INTO Students VALUES (620021862,'UNDERGRAD','01-01-2020');
INSERT INTO Enrolled (u_id,courseCode) VALUES (620021862,'PHYS2667'),(620021862,'MATH3059'),(620021862,'CHEM3054');
INSERT INTO Users VALUES (620021863,'Kelly','Klein','KellyKlein@gmail.com','KleinKelly');
INSERT INTO Students VALUES (620021863,'UNDERGRAD','01-01-2020');
INSERT INTO Enrolled (u_id,courseCode) VALUES (620021863,'ECON3737'),(620021863,'ECON3020'),(620021863,'BIOC3341');
INSERT INTO Users VALUES (620021864,'Deborah','Steere','DeborahSteere@gmail.com','SteereDeborah');
INSERT INTO Students VALUES (620021864,'UNDERGRAD','01-01-2020');
INSERT INTO Enrolled (u_id,courseCode) VALUES (620021864,'INFO3636'),(620021864,'PHYS1173'),(620021864,'INFO3868'),(620021864,'MATH3544'),(620021864,'ECON1996'),(620021864,'PHYS3339');
INSERT INTO Users VALUES (620021865,'Rhoda','Gillis','RhodaGillis@gmail.com','GillisRhoda');
INSERT INTO Students VALUES (620021865,'UNDERGRAD','01-01-2020');
INSERT INTO Enrolled (u_id,courseCode) VALUES (620021865,'INFO2337'),(620021865,'INFO3868'),(620021865,'CHEM2481'),(620021865,'COMP3746');
INSERT INTO Users VALUES (620021866,'Joseph','Dahlheimer','JosephDahlheimer@gmail.com','DahlheimerJoseph');
INSERT INTO Students VALUES (620021866,'UNDERGRAD','01-01-2020');
INSERT INTO Enrolled (u_id,courseCode) VALUES (620021866,'ECON1561'),(620021866,'INFO1447'),(620021866,'INFO2716'),(620021866,'ECON2387'),(620021866,'CHEM2604');
INSERT INTO Users VALUES (620021867,'Ruth','Estrada','RuthEstrada@gmail.com','EstradaRuth');
INSERT INTO Students VALUES (620021867,'UNDERGRAD','01-01-2020');
INSERT INTO Enrolled (u_id,courseCode) VALUES (620021867,'INFO2337'),(620021867,'COMP3639'),(620021867,'CHEM1807'),(620021867,'COMP1573'),(620021867,'ECON3372');
INSERT INTO Users VALUES (620021868,'George','Bower','GeorgeBower@gmail.com','BowerGeorge');
INSERT INTO Students VALUES (620021868,'UNDERGRAD','01-01-2020');
INSERT INTO Enrolled (u_id,courseCode) VALUES (620021868,'INFO3868'),(620021868,'ECON1783'),(620021868,'PHYS1979'),(620021868,'BIOC1794'),(620021868,'ECON3523');
INSERT INTO Users VALUES (620021869,'Manuel','Wood','ManuelWood@gmail.com','WoodManuel');
INSERT INTO Students VALUES (620021869,'UNDERGRAD','01-01-2020');
INSERT INTO Enrolled (u_id,courseCode) VALUES (620021869,'COMP3238'),(620021869,'PHYS3729'),(620021869,'COMP1573');
INSERT INTO Users VALUES (620021870,'Grace','Walker','GraceWalker@gmail.com','WalkerGrace');
INSERT INTO Students VALUES (620021870,'UNDERGRAD','01-01-2020');
INSERT INTO Enrolled (u_id,courseCode) VALUES (620021870,'BIOC1794'),(620021870,'PHYS2117'),(620021870,'INFO3645');
INSERT INTO Users VALUES (620021871,'Betsy','Barnett','BetsyBarnett@gmail.com','BarnettBetsy');
INSERT INTO Students VALUES (620021871,'UNDERGRAD','01-01-2020');
INSERT INTO Enrolled (u_id,courseCode) VALUES (620021871,'PHYS3290'),(620021871,'PHYS3354'),(620021871,'COMP1573'),(620021871,'ECON1589');
INSERT INTO Users VALUES (620021872,'Judith','Deen','JudithDeen@gmail.com','DeenJudith');
INSERT INTO Students VALUES (620021872,'UNDERGRAD','01-01-2020');
INSERT INTO Enrolled (u_id,courseCode) VALUES (620021872,'INFO1447'),(620021872,'MATH2873'),(620021872,'INFO2636'),(620021872,'ECON3372');
INSERT INTO Users VALUES (620021873,'Lori','Petty','LoriPetty@gmail.com','PettyLori');
INSERT INTO Students VALUES (620021873,'UNDERGRAD','01-01-2020');
INSERT INTO Enrolled (u_id,courseCode) VALUES (620021873,'BIOC2054'),(620021873,'ECON3311'),(620021873,'MATH1309'),(620021873,'PHYS2667'),(620021873,'PHYS3464'),(620021873,'CHEM1340');
INSERT INTO Users VALUES (620021874,'Kelly','Chappell','KellyChappell@gmail.com','ChappellKelly');
INSERT INTO Students VALUES (620021874,'UNDERGRAD','01-01-2020');
INSERT INTO Enrolled (u_id,courseCode) VALUES (620021874,'ECON1561'),(620021874,'INFO2950'),(620021874,'PHYS3339');
INSERT INTO Users VALUES (620021875,'Alfred','King','AlfredKing@gmail.com','KingAlfred');
INSERT INTO Students VALUES (620021875,'UNDERGRAD','01-01-2020');
INSERT INTO Enrolled (u_id,courseCode) VALUES (620021875,'CHEM3747'),(620021875,'COMP2080'),(620021875,'COMP1867'),(620021875,'COMP2651');
INSERT INTO Users VALUES (620021876,'Deanna','Hernandez','DeannaHernandez@gmail.com','HernandezDeanna');
INSERT INTO Students VALUES (620021876,'UNDERGRAD','01-01-2020');
INSERT INTO Enrolled (u_id,courseCode) VALUES (620021876,'BIOC2671'),(620021876,'MATH2873'),(620021876,'PHYS2451');
INSERT INTO Users VALUES (620021877,'Eugene','Jeanbaptiste','EugeneJeanbaptiste@gmail.com','JeanbaptisteEugene');
INSERT INTO Students VALUES (620021877,'UNDERGRAD','01-01-2020');
INSERT INTO Enrolled (u_id,courseCode) VALUES (620021877,'MATH2717'),(620021877,'ECON3311'),(620021877,'MATH3544'),(620021877,'PHYS2448'),(620021877,'ECON1783'),(620021877,'MATH2555');
INSERT INTO Users VALUES (620021878,'Gordon','Mcclain','GordonMcclain@gmail.com','McclainGordon');
INSERT INTO Students VALUES (620021878,'UNDERGRAD','01-01-2020');
INSERT INTO Enrolled (u_id,courseCode) VALUES (620021878,'MATH3179'),(620021878,'COMP2077'),(620021878,'COMP1573');
INSERT INTO Users VALUES (620021879,'Shonda','Luper','ShondaLuper@gmail.com','LuperShonda');
INSERT INTO Students VALUES (620021879,'UNDERGRAD','01-01-2020');
INSERT INTO Enrolled (u_id,courseCode) VALUES (620021879,'MATH1309'),(620021879,'CHEM1807'),(620021879,'MATH3179'),(620021879,'PHYS2113'),(620021879,'CHEM2220');
INSERT INTO Users VALUES (620021880,'Nicole','Waugh','NicoleWaugh@gmail.com','WaughNicole');
INSERT INTO Students VALUES (620021880,'UNDERGRAD','01-01-2020');
INSERT INTO Enrolled (u_id,courseCode) VALUES (620021880,'COMP3536'),(620021880,'COMP3697'),(620021880,'COMP3084'),(620021880,'CHEM2177');
INSERT INTO Users VALUES (620021881,'Barbara','Laudat','BarbaraLaudat@gmail.com','LaudatBarbara');
INSERT INTO Students VALUES (620021881,'UNDERGRAD','01-01-2020');
INSERT INTO Enrolled (u_id,courseCode) VALUES (620021881,'COMP1357'),(620021881,'ECON1170'),(620021881,'COMP3418');
INSERT INTO Users VALUES (620021882,'Michael','Mcneill','MichaelMcneill@gmail.com','McneillMichael');
INSERT INTO Students VALUES (620021882,'UNDERGRAD','01-01-2020');
INSERT INTO Enrolled (u_id,courseCode) VALUES (620021882,'MATH2555'),(620021882,'COMP2541'),(620021882,'INFO3603'),(620021882,'MATH2801');
INSERT INTO Users VALUES (620021883,'Dominique','Jensen','DominiqueJensen@gmail.com','JensenDominique');
INSERT INTO Students VALUES (620021883,'UNDERGRAD','01-01-2020');
INSERT INTO Enrolled (u_id,courseCode) VALUES (620021883,'COMP2080'),(620021883,'MATH3613'),(620021883,'MATH1972');
INSERT INTO Users VALUES (620021884,'Willard','Harness','WillardHarness@gmail.com','HarnessWillard');
INSERT INTO Students VALUES (620021884,'UNDERGRAD','01-01-2020');
INSERT INTO Enrolled (u_id,courseCode) VALUES (620021884,'MATH1454'),(620021884,'COMP3685'),(620021884,'PHYS2563'),(620021884,'ECON1230'),(620021884,'BIOC2671');
INSERT INTO Users VALUES (620021885,'Cleveland','Mcalister','ClevelandMcalister@gmail.com','McalisterCleveland');
INSERT INTO Students VALUES (620021885,'UNDERGRAD','01-01-2020');
INSERT INTO Enrolled (u_id,courseCode) VALUES (620021885,'MATH3029'),(620021885,'COMP3418'),(620021885,'PHYS3052');
INSERT INTO Users VALUES (620021886,'Ladawn','Jones','LadawnJones@gmail.com','JonesLadawn');
INSERT INTO Students VALUES (620021886,'UNDERGRAD','01-01-2020');
INSERT INTO Enrolled (u_id,courseCode) VALUES (620021886,'BIOC2589'),(620021886,'ECON3020'),(620021886,'MATH1735'),(620021886,'INFO1145'),(620021886,'CHEM2177');
INSERT INTO Users VALUES (620021887,'Craig','Dahlheimer','CraigDahlheimer@gmail.com','DahlheimerCraig');
INSERT INTO Students VALUES (620021887,'UNDERGRAD','01-01-2020');
INSERT INTO Enrolled (u_id,courseCode) VALUES (620021887,'ECON3085'),(620021887,'MATH3222'),(620021887,'ECON3276'),(620021887,'PHYS2229');
INSERT INTO Users VALUES (620021888,'Stacy','Hunter','StacyHunter@gmail.com','HunterStacy');
INSERT INTO Students VALUES (620021888,'UNDERGRAD','01-01-2020');
INSERT INTO Enrolled (u_id,courseCode) VALUES (620021888,'PHYS3354'),(620021888,'INFO2716'),(620021888,'MATH1309'),(620021888,'ECON1589'),(620021888,'ECON1098'),(620021888,'PHYS3464');
INSERT INTO Users VALUES (620021889,'Adam','Ott','AdamOtt@gmail.com','OttAdam');
INSERT INTO Students VALUES (620021889,'UNDERGRAD','01-01-2020');
INSERT INTO Enrolled (u_id,courseCode) VALUES (620021889,'INFO3419'),(620021889,'ECON3989'),(620021889,'ECON3276'),(620021889,'MATH1250');
INSERT INTO Users VALUES (620021890,'Paul','Vanhamlin','PaulVanhamlin@gmail.com','VanhamlinPaul');
INSERT INTO Students VALUES (620021890,'UNDERGRAD','01-01-2020');
INSERT INTO Enrolled (u_id,courseCode) VALUES (620021890,'COMP2651'),(620021890,'BIOC1164'),(620021890,'PHYS3052'),(620021890,'PHYS3876'),(620021890,'ECON1561'),(620021890,'BIOC1986');
INSERT INTO Users VALUES (620021891,'Howard','Scully','HowardScully@gmail.com','ScullyHoward');
INSERT INTO Students VALUES (620021891,'UNDERGRAD','01-01-2020');
INSERT INTO Enrolled (u_id,courseCode) VALUES (620021891,'MATH1148'),(620021891,'INFO1447'),(620021891,'PHYS2448'),(620021891,'MATH2501'),(620021891,'COMP3506');
INSERT INTO Users VALUES (620021892,'Derek','Moldrem','DerekMoldrem@gmail.com','MoldremDerek');
INSERT INTO Students VALUES (620021892,'UNDERGRAD','01-01-2020');
INSERT INTO Enrolled (u_id,courseCode) VALUES (620021892,'ECON1098'),(620021892,'MATH1309'),(620021892,'MATH2801');
INSERT INTO Users VALUES (620021893,'Trina','Hoyer','TrinaHoyer@gmail.com','HoyerTrina');
INSERT INTO Students VALUES (620021893,'UNDERGRAD','01-01-2020');
INSERT INTO Enrolled (u_id,courseCode) VALUES (620021893,'INFO1833'),(620021893,'ECON2722'),(620021893,'MATH2717');
INSERT INTO Users VALUES (620021894,'Maria','Cummings','MariaCummings@gmail.com','CummingsMaria');
INSERT INTO Students VALUES (620021894,'UNDERGRAD','01-01-2020');
INSERT INTO Enrolled (u_id,courseCode) VALUES (620021894,'ECON3004'),(620021894,'COMP1051'),(620021894,'MATH1454'),(620021894,'MATH3688'),(620021894,'BIOC1534'),(620021894,'PHYS2113');
INSERT INTO Users VALUES (620021895,'Bryon','Nichols','BryonNichols@gmail.com','NicholsBryon');
INSERT INTO Students VALUES (620021895,'UNDERGRAD','01-01-2020');
INSERT INTO Enrolled (u_id,courseCode) VALUES (620021895,'INFO2213'),(620021895,'ECON3063'),(620021895,'ECON3372'),(620021895,'COMP3685');
INSERT INTO Users VALUES (620021896,'Marjorie','Mchenry','MarjorieMchenry@gmail.com','MchenryMarjorie');
INSERT INTO Students VALUES (620021896,'UNDERGRAD','01-01-2020');
INSERT INTO Enrolled (u_id,courseCode) VALUES (620021896,'BIOC1448'),(620021896,'BIOC3191'),(620021896,'BIOC1910');
INSERT INTO Users VALUES (620021897,'Stacy','Reyes','StacyReyes@gmail.com','ReyesStacy');
INSERT INTO Students VALUES (620021897,'UNDERGRAD','01-01-2020');
INSERT INTO Enrolled (u_id,courseCode) VALUES (620021897,'COMP3536'),(620021897,'COMP2541'),(620021897,'COMP2080'),(620021897,'COMP1867'),(620021897,'PHYS2229'),(620021897,'PHYS3290');
INSERT INTO Users VALUES (620021898,'Helen','Stovall','HelenStovall@gmail.com','StovallHelen');
INSERT INTO Students VALUES (620021898,'UNDERGRAD','01-01-2020');
INSERT INTO Enrolled (u_id,courseCode) VALUES (620021898,'CHEM1613'),(620021898,'INFO3636'),(620021898,'COMP3697');
INSERT INTO Users VALUES (620021899,'Adelle','Duffy','AdelleDuffy@gmail.com','DuffyAdelle');
INSERT INTO Students VALUES (620021899,'UNDERGRAD','01-01-2020');
INSERT INTO Enrolled (u_id,courseCode) VALUES (620021899,'CHEM2481'),(620021899,'MATH3857'),(620021899,'COMP1051'),(620021899,'BIOC2983'),(620021899,'PHYS1993');
INSERT INTO Users VALUES (620021900,'Nathan','Deen','NathanDeen@gmail.com','DeenNathan');
INSERT INTO Students VALUES (620021900,'UNDERGRAD','01-01-2020');
INSERT INTO Enrolled (u_id,courseCode) VALUES (620021900,'CHEM2066'),(620021900,'ECON1589'),(620021900,'MATH3173'),(620021900,'COMP3084');
INSERT INTO Users VALUES (620021901,'Geraldine','Rodriguez','GeraldineRodriguez@gmail.com','RodriguezGeraldine');
INSERT INTO Students VALUES (620021901,'UNDERGRAD','01-01-2020');
INSERT INTO Enrolled (u_id,courseCode) VALUES (620021901,'INFO1288'),(620021901,'ECON3311'),(620021901,'INFO2147'),(620021901,'ECON1561'),(620021901,'BIOC2983'),(620021901,'COMP3639');
INSERT INTO Users VALUES (620021902,'Charlotte','Flemming','CharlotteFlemming@gmail.com','FlemmingCharlotte');
INSERT INTO Students VALUES (620021902,'UNDERGRAD','01-01-2020');
INSERT INTO Enrolled (u_id,courseCode) VALUES (620021902,'PHYS3052'),(620021902,'BIOC2983'),(620021902,'PHYS2451'),(620021902,'PHYS2229'),(620021902,'INFO1825'),(620021902,'INFO1014');
INSERT INTO Users VALUES (620021903,'Chad','Burney','ChadBurney@gmail.com','BurneyChad');
INSERT INTO Students VALUES (620021903,'UNDERGRAD','01-01-2020');
INSERT INTO Enrolled (u_id,courseCode) VALUES (620021903,'MATH3222'),(620021903,'BIOC2054'),(620021903,'CHEM2149'),(620021903,'MATH1148');
INSERT INTO Users VALUES (620021904,'Shawn','Brickey','ShawnBrickey@gmail.com','BrickeyShawn');
INSERT INTO Students VALUES (620021904,'UNDERGRAD','01-01-2020');
INSERT INTO Enrolled (u_id,courseCode) VALUES (620021904,'PHYS1993'),(620021904,'PHYS2977'),(620021904,'PHYS1173'),(620021904,'COMP2080'),(620021904,'MATH3209');
INSERT INTO Users VALUES (620021905,'Joy','James','JoyJames@gmail.com','JamesJoy');
INSERT INTO Students VALUES (620021905,'UNDERGRAD','01-01-2020');
INSERT INTO Enrolled (u_id,courseCode) VALUES (620021905,'MATH1735'),(620021905,'MATH2550'),(620021905,'INFO1014');
INSERT INTO Users VALUES (620021906,'Katherine','Baccus','KatherineBaccus@gmail.com','BaccusKatherine');
INSERT INTO Students VALUES (620021906,'UNDERGRAD','01-01-2020');
INSERT INTO Enrolled (u_id,courseCode) VALUES (620021906,'ECON1783'),(620021906,'PHYS3290'),(620021906,'BIOC1598');
INSERT INTO Users VALUES (620021907,'Juan','Nunn','JuanNunn@gmail.com','NunnJuan');
INSERT INTO Students VALUES (620021907,'UNDERGRAD','01-01-2020');
INSERT INTO Enrolled (u_id,courseCode) VALUES (620021907,'INFO2860'),(620021907,'CHEM2797'),(620021907,'CHEM1613'),(620021907,'MATH2555'),(620021907,'INFO1648');
INSERT INTO Users VALUES (620021908,'Geoffrey','Gray','GeoffreyGray@gmail.com','GrayGeoffrey');
INSERT INTO Students VALUES (620021908,'UNDERGRAD','01-01-2020');
INSERT INTO Enrolled (u_id,courseCode) VALUES (620021908,'BIOC3191'),(620021908,'ECON2722'),(620021908,'PHYS2448');
INSERT INTO Users VALUES (620021909,'Miguel','Myrick','MiguelMyrick@gmail.com','MyrickMiguel');
INSERT INTO Students VALUES (620021909,'UNDERGRAD','01-01-2020');
INSERT INTO Enrolled (u_id,courseCode) VALUES (620021909,'ECON1589'),(620021909,'MATH2957'),(620021909,'MATH2873'),(620021909,'ECON1098');
INSERT INTO Users VALUES (620021910,'Bethany','Brickey','BethanyBrickey@gmail.com','BrickeyBethany');
INSERT INTO Students VALUES (620021910,'UNDERGRAD','01-01-2020');
INSERT INTO Enrolled (u_id,courseCode) VALUES (620021910,'INFO2811'),(620021910,'INFO1990'),(620021910,'CHEM3327'),(620021910,'INFO2813');
INSERT INTO Users VALUES (620021911,'Wayne','Walker','WayneWalker@gmail.com','WalkerWayne');
INSERT INTO Students VALUES (620021911,'UNDERGRAD','01-01-2020');
INSERT INTO Enrolled (u_id,courseCode) VALUES (620021911,'COMP2400'),(620021911,'MATH2067'),(620021911,'PHYS3686'),(620021911,'MATH2801'),(620021911,'COMP3418'),(620021911,'COMP2717');
INSERT INTO Users VALUES (620021912,'Benjamin','Lowrey','BenjaminLowrey@gmail.com','LowreyBenjamin');
INSERT INTO Students VALUES (620021912,'UNDERGRAD','01-01-2020');
INSERT INTO Enrolled (u_id,courseCode) VALUES (620021912,'ECON1098'),(620021912,'COMP3536'),(620021912,'COMP3167'),(620021912,'CHEM2604'),(620021912,'CHEM3614');
INSERT INTO Users VALUES (620021913,'Stanley','Pere','StanleyPere@gmail.com','PereStanley');
INSERT INTO Students VALUES (620021913,'UNDERGRAD','01-01-2020');
INSERT INTO Enrolled (u_id,courseCode) VALUES (620021913,'INFO2270'),(620021913,'INFO1242'),(620021913,'COMP2541'),(620021913,'CHEM1613'),(620021913,'COMP2077');
INSERT INTO Users VALUES (620021914,'Kenneth','Mcneill','KennethMcneill@gmail.com','McneillKenneth');
INSERT INTO Students VALUES (620021914,'UNDERGRAD','01-01-2020');
INSERT INTO Enrolled (u_id,courseCode) VALUES (620021914,'COMP3639'),(620021914,'CHEM2446'),(620021914,'CHEM2604'),(620021914,'MATH3844');
INSERT INTO Users VALUES (620021915,'Shayne','Hart','ShayneHart@gmail.com','HartShayne');
INSERT INTO Students VALUES (620021915,'UNDERGRAD','01-01-2020');
INSERT INTO Enrolled (u_id,courseCode) VALUES (620021915,'ECON3004'),(620021915,'COMP3697'),(620021915,'MATH1735'),(620021915,'ECON1783');
INSERT INTO Users VALUES (620021916,'Joy','Baptiste','JoyBaptiste@gmail.com','BaptisteJoy');
INSERT INTO Students VALUES (620021916,'UNDERGRAD','01-01-2020');
INSERT INTO Enrolled (u_id,courseCode) VALUES (620021916,'BIOC1794'),(620021916,'MATH1638'),(620021916,'BIOC2054'),(620021916,'CHEM2626'),(620021916,'ECON3550'),(620021916,'COMP1051');
INSERT INTO Users VALUES (620021917,'Rene','Wurdeman','ReneWurdeman@gmail.com','WurdemanRene');
INSERT INTO Students VALUES (620021917,'UNDERGRAD','01-01-2020');
INSERT INTO Enrolled (u_id,courseCode) VALUES (620021917,'ECON3550'),(620021917,'CHEM2031'),(620021917,'PHYS1399');
INSERT INTO Users VALUES (620021918,'Erin','Nunn','ErinNunn@gmail.com','NunnErin');
INSERT INTO Students VALUES (620021918,'UNDERGRAD','01-01-2020');
INSERT INTO Enrolled (u_id,courseCode) VALUES (620021918,'INFO3419'),(620021918,'BIOC3341'),(620021918,'CHEM3347'),(620021918,'MATH3844'),(620021918,'CHEM1613');
INSERT INTO Users VALUES (620021919,'Jake','Miller','JakeMiller@gmail.com','MillerJake');
INSERT INTO Students VALUES (620021919,'UNDERGRAD','01-01-2020');
INSERT INTO Enrolled (u_id,courseCode) VALUES (620021919,'COMP3536'),(620021919,'INFO1014'),(620021919,'INFO2797'),(620021919,'ECON1645'),(620021919,'CHEM3614'),(620021919,'MATH1250');
INSERT INTO Users VALUES (620021920,'Jake','Eaton','JakeEaton@gmail.com','EatonJake');
INSERT INTO Students VALUES (620021920,'UNDERGRAD','01-01-2020');
INSERT INTO Enrolled (u_id,courseCode) VALUES (620021920,'INFO1833'),(620021920,'CHEM2797'),(620021920,'ECON3989'),(620021920,'PHYS2229'),(620021920,'COMP3238');
INSERT INTO Users VALUES (620021921,'Beverly','Johnson','BeverlyJohnson@gmail.com','JohnsonBeverly');
INSERT INTO Students VALUES (620021921,'UNDERGRAD','01-01-2020');
INSERT INTO Enrolled (u_id,courseCode) VALUES (620021921,'CHEM1494'),(620021921,'CHEM2797'),(620021921,'ECON1012'),(620021921,'MATH3059');
INSERT INTO Users VALUES (620021922,'Gina','Chappell','GinaChappell@gmail.com','ChappellGina');
INSERT INTO Students VALUES (620021922,'UNDERGRAD','01-01-2020');
INSERT INTO Enrolled (u_id,courseCode) VALUES (620021922,'ECON2345'),(620021922,'CHEM1494'),(620021922,'PHYS3339');
INSERT INTO Users VALUES (620021923,'Gordon','Swan','GordonSwan@gmail.com','SwanGordon');
INSERT INTO Students VALUES (620021923,'UNDERGRAD','01-01-2020');
INSERT INTO Enrolled (u_id,courseCode) VALUES (620021923,'COMP3047'),(620021923,'BIOC1910'),(620021923,'PHYS1173'),(620021923,'CHEM3054'),(620021923,'COMP2717'),(620021923,'BIOC1794');
INSERT INTO Users VALUES (620021924,'Reggie','Best','ReggieBest@gmail.com','BestReggie');
INSERT INTO Students VALUES (620021924,'UNDERGRAD','01-01-2020');
INSERT INTO Enrolled (u_id,courseCode) VALUES (620021924,'PHYS2117'),(620021924,'BIOC2981'),(620021924,'ECON3281'),(620021924,'CHEM3793'),(620021924,'MATH1454'),(620021924,'MATH2957');
INSERT INTO Users VALUES (620021925,'James','Shani','JamesShani@gmail.com','ShaniJames');
INSERT INTO Students VALUES (620021925,'UNDERGRAD','01-01-2020');
INSERT INTO Enrolled (u_id,courseCode) VALUES (620021925,'PHYS1930'),(620021925,'BIOC2236'),(620021925,'COMP3639'),(620021925,'CHEM2446');
INSERT INTO Users VALUES (620021926,'Eric','Meisner','EricMeisner@gmail.com','MeisnerEric');
INSERT INTO Students VALUES (620021926,'UNDERGRAD','01-01-2020');
INSERT INTO Enrolled (u_id,courseCode) VALUES (620021926,'PHYS2113'),(620021926,'ECON3311'),(620021926,'PHYS3729');
INSERT INTO Users VALUES (620021927,'Curtis','May','CurtisMay@gmail.com','MayCurtis');
INSERT INTO Students VALUES (620021927,'UNDERGRAD','01-01-2020');
INSERT INTO Enrolled (u_id,courseCode) VALUES (620021927,'BIOC1794'),(620021927,'INFO2147'),(620021927,'PHYS2338'),(620021927,'PHYS3464');
INSERT INTO Users VALUES (620021928,'Derek','Burch','DerekBurch@gmail.com','BurchDerek');
INSERT INTO Students VALUES (620021928,'UNDERGRAD','01-01-2020');
INSERT INTO Enrolled (u_id,courseCode) VALUES (620021928,'PHYS2667'),(620021928,'COMP3173'),(620021928,'INFO2213'),(620021928,'INFO2636');
INSERT INTO Users VALUES (620021929,'Laila','Chan','LailaChan@gmail.com','ChanLaila');
INSERT INTO Students VALUES (620021929,'UNDERGRAD','01-01-2020');
INSERT INTO Enrolled (u_id,courseCode) VALUES (620021929,'CHEM3347'),(620021929,'PHYS1930'),(620021929,'ECON3288'),(620021929,'BIOC1598');
INSERT INTO Users VALUES (620021930,'Janet','Jesse','JanetJesse@gmail.com','JesseJanet');
INSERT INTO Students VALUES (620021930,'UNDERGRAD','01-01-2020');
INSERT INTO Enrolled (u_id,courseCode) VALUES (620021930,'BIOC1534'),(620021930,'BIOC2981'),(620021930,'INFO1833'),(620021930,'INFO2813'),(620021930,'MATH3059'),(620021930,'ECON3004');
INSERT INTO Users VALUES (620021931,'Antwan','Sniezek','AntwanSniezek@gmail.com','SniezekAntwan');
INSERT INTO Students VALUES (620021931,'UNDERGRAD','01-01-2020');
INSERT INTO Enrolled (u_id,courseCode) VALUES (620021931,'MATH1578'),(620021931,'BIOC1439'),(620021931,'COMP3047');
INSERT INTO Users VALUES (620021932,'Curtis','Amberg','CurtisAmberg@gmail.com','AmbergCurtis');
INSERT INTO Students VALUES (620021932,'UNDERGRAD','01-01-2020');
INSERT INTO Enrolled (u_id,courseCode) VALUES (620021932,'MATH3613'),(620021932,'BIOC1439'),(620021932,'COMP3685'),(620021932,'ECON2703'),(620021932,'COMP2717');
INSERT INTO Users VALUES (620021933,'Patsy','Luper','PatsyLuper@gmail.com','LuperPatsy');
INSERT INTO Students VALUES (620021933,'UNDERGRAD','01-01-2020');
INSERT INTO Enrolled (u_id,courseCode) VALUES (620021933,'ECON1012'),(620021933,'ECON3550'),(620021933,'INFO1288'),(620021933,'MATH3179'),(620021933,'INFO3645');
INSERT INTO Users VALUES (620021934,'Stephen','Baptiste','StephenBaptiste@gmail.com','BaptisteStephen');
INSERT INTO Students VALUES (620021934,'UNDERGRAD','01-01-2020');
INSERT INTO Enrolled (u_id,courseCode) VALUES (620021934,'MATH2550'),(620021934,'INFO3419'),(620021934,'INFO2559'),(620021934,'COMP2651'),(620021934,'MATH1735');
INSERT INTO Users VALUES (620021935,'Carol','Garrett','CarolGarrett@gmail.com','GarrettCarol');
INSERT INTO Students VALUES (620021935,'UNDERGRAD','01-01-2020');
INSERT INTO Enrolled (u_id,courseCode) VALUES (620021935,'PHYS2306'),(620021935,'PHYS3729'),(620021935,'COMP3047'),(620021935,'PHYS3339');
INSERT INTO Users VALUES (620021936,'Christopher','Thompson','ChristopherThompson@gmail.com','ThompsonChristopher');
INSERT INTO Students VALUES (620021936,'UNDERGRAD','01-01-2020');
INSERT INTO Enrolled (u_id,courseCode) VALUES (620021936,'INFO2213'),(620021936,'PHYS3787'),(620021936,'INFO2813'),(620021936,'PHYS3729');
INSERT INTO Users VALUES (620021937,'Nancy','Boyer','NancyBoyer@gmail.com','BoyerNancy');
INSERT INTO Students VALUES (620021937,'UNDERGRAD','01-01-2020');
INSERT INTO Enrolled (u_id,courseCode) VALUES (620021937,'MATH2555'),(620021937,'MATH3844'),(620021937,'ECON1098');
INSERT INTO Users VALUES (620021938,'Kathleen','Duffy','KathleenDuffy@gmail.com','DuffyKathleen');
INSERT INTO Students VALUES (620021938,'UNDERGRAD','01-01-2020');
INSERT INTO Enrolled (u_id,courseCode) VALUES (620021938,'COMP3639'),(620021938,'PHYS2113'),(620021938,'COMP3849'),(620021938,'CHEM1494'),(620021938,'ECON2387');
INSERT INTO Users VALUES (620021939,'Betty','Jeanbaptiste','BettyJeanbaptiste@gmail.com','JeanbaptisteBetty');
INSERT INTO Students VALUES (620021939,'UNDERGRAD','01-01-2020');
INSERT INTO Enrolled (u_id,courseCode) VALUES (620021939,'PHYS1173'),(620021939,'MATH1578'),(620021939,'ECON3311'),(620021939,'ECON1589');
INSERT INTO Users VALUES (620021940,'Scott','Koehn','ScottKoehn@gmail.com','KoehnScott');
INSERT INTO Students VALUES (620021940,'UNDERGRAD','01-01-2020');
INSERT INTO Enrolled (u_id,courseCode) VALUES (620021940,'ECON3447'),(620021940,'ECON2814'),(620021940,'ECON3737'),(620021940,'INFO2716');
INSERT INTO Users VALUES (620021941,'Freddie','Mejias','FreddieMejias@gmail.com','MejiasFreddie');
INSERT INTO Students VALUES (620021941,'UNDERGRAD','01-01-2020');
INSERT INTO Enrolled (u_id,courseCode) VALUES (620021941,'ECON1589'),(620021941,'BIOC1598'),(620021941,'COMP3506');
INSERT INTO Users VALUES (620021942,'Deanne','Mance','DeanneMance@gmail.com','ManceDeanne');
INSERT INTO Students VALUES (620021942,'UNDERGRAD','01-01-2020');
INSERT INTO Enrolled (u_id,courseCode) VALUES (620021942,'INFO2559'),(620021942,'BIOC1052'),(620021942,'ECON3004'),(620021942,'MATH2550');
INSERT INTO Users VALUES (620021943,'Gordon','Hauser','GordonHauser@gmail.com','HauserGordon');
INSERT INTO Students VALUES (620021943,'UNDERGRAD','01-01-2020');
INSERT INTO Enrolled (u_id,courseCode) VALUES (620021943,'COMP2077'),(620021943,'BIOC3191'),(620021943,'MATH3059');
INSERT INTO Users VALUES (620021944,'Alfred','Crites','AlfredCrites@gmail.com','CritesAlfred');
INSERT INTO Students VALUES (620021944,'UNDERGRAD','01-01-2020');
INSERT INTO Enrolled (u_id,courseCode) VALUES (620021944,'CHEM2149'),(620021944,'PHYS3686'),(620021944,'CHEM1807'),(620021944,'PHYS2451'),(620021944,'COMP2965');
INSERT INTO Users VALUES (620021945,'Luella','Laudat','LuellaLaudat@gmail.com','LaudatLuella');
INSERT INTO Students VALUES (620021945,'UNDERGRAD','01-01-2020');
INSERT INTO Enrolled (u_id,courseCode) VALUES (620021945,'BIOC2054'),(620021945,'BIOC2983'),(620021945,'PHYS2117'),(620021945,'COMP1460'),(620021945,'MATH1148');
INSERT INTO Users VALUES (620021946,'Vanessa','Vargas','VanessaVargas@gmail.com','VargasVanessa');
INSERT INTO Students VALUES (620021946,'UNDERGRAD','01-01-2020');
INSERT INTO Enrolled (u_id,courseCode) VALUES (620021946,'PHYS2667'),(620021946,'BIOC3457'),(620021946,'ECON3737'),(620021946,'BIOC1448');
INSERT INTO Users VALUES (620021947,'Francisca','Gilman','FranciscaGilman@gmail.com','GilmanFrancisca');
INSERT INTO Students VALUES (620021947,'UNDERGRAD','01-01-2020');
INSERT INTO Enrolled (u_id,courseCode) VALUES (620021947,'BIOC1866'),(620021947,'MATH2067'),(620021947,'MATH1972');
INSERT INTO Users VALUES (620021948,'David','Ferretti','DavidFerretti@gmail.com','FerrettiDavid');
INSERT INTO Students VALUES (620021948,'UNDERGRAD','01-01-2020');
INSERT INTO Enrolled (u_id,courseCode) VALUES (620021948,'PHYS3659'),(620021948,'ECON2387'),(620021948,'CHEM2797'),(620021948,'INFO2797'),(620021948,'PHYS1399'),(620021948,'INFO3636');
INSERT INTO Users VALUES (620021949,'Antwan','Hart','AntwanHart@gmail.com','HartAntwan');
INSERT INTO Students VALUES (620021949,'UNDERGRAD','01-01-2020');
INSERT INTO Enrolled (u_id,courseCode) VALUES (620021949,'MATH3844'),(620021949,'MATH3179'),(620021949,'ECON3989');
INSERT INTO Users VALUES (620021950,'Marshall','Truong','MarshallTruong@gmail.com','TruongMarshall');
INSERT INTO Students VALUES (620021950,'UNDERGRAD','01-01-2020');
INSERT INTO Enrolled (u_id,courseCode) VALUES (620021950,'INFO2147'),(620021950,'ECON1170'),(620021950,'COMP2080'),(620021950,'MATH3222'),(620021950,'CHEM2481'),(620021950,'ECON3281');
INSERT INTO Users VALUES (620021951,'Linda','Garnes','LindaGarnes@gmail.com','GarnesLinda');
INSERT INTO Students VALUES (620021951,'UNDERGRAD','01-01-2020');
INSERT INTO Enrolled (u_id,courseCode) VALUES (620021951,'CHEM1485'),(620021951,'PHYS3052'),(620021951,'CHEM1807'),(620021951,'MATH1648'),(620021951,'PHYS1399'),(620021951,'CHEM2604');
INSERT INTO Users VALUES (620021952,'Dale','Diggs','DaleDiggs@gmail.com','DiggsDale');
INSERT INTO Students VALUES (620021952,'UNDERGRAD','01-01-2020');
INSERT INTO Enrolled (u_id,courseCode) VALUES (620021952,'MATH2067'),(620021952,'ECON3276'),(620021952,'CHEM1807');
INSERT INTO Users VALUES (620021953,'Shalanda','Evans','ShalandaEvans@gmail.com','EvansShalanda');
INSERT INTO Students VALUES (620021953,'UNDERGRAD','01-01-2020');
INSERT INTO Enrolled (u_id,courseCode) VALUES (620021953,'ECON3085'),(620021953,'BIOC3721'),(620021953,'MATH1578');
INSERT INTO Users VALUES (620021954,'Taylor','James','TaylorJames@gmail.com','JamesTaylor');
INSERT INTO Students VALUES (620021954,'UNDERGRAD','01-01-2020');
INSERT INTO Enrolled (u_id,courseCode) VALUES (620021954,'CHEM3054'),(620021954,'MATH2188'),(620021954,'PHYS1993'),(620021954,'MATH1735');
INSERT INTO Users VALUES (620021955,'Louis','Luper','LouisLuper@gmail.com','LuperLouis');
INSERT INTO Students VALUES (620021955,'UNDERGRAD','01-01-2020');
INSERT INTO Enrolled (u_id,courseCode) VALUES (620021955,'PHYS2338'),(620021955,'MATH2188'),(620021955,'ECON3281'),(620021955,'ECON3228'),(620021955,'CHEM2697');
INSERT INTO Users VALUES (620021956,'Gabriel','Nerbonne','GabrielNerbonne@gmail.com','NerbonneGabriel');
INSERT INTO Students VALUES (620021956,'UNDERGRAD','01-01-2020');
INSERT INTO Enrolled (u_id,courseCode) VALUES (620021956,'INFO2797'),(620021956,'ECON3523'),(620021956,'INFO3868'),(620021956,'COMP2651'),(620021956,'INFO2860');
INSERT INTO Users VALUES (620021957,'Kurt','Bourgoin','KurtBourgoin@gmail.com','BourgoinKurt');
INSERT INTO Students VALUES (620021957,'UNDERGRAD','01-01-2020');
INSERT INTO Enrolled (u_id,courseCode) VALUES (620021957,'MATH3613'),(620021957,'CHEM2065'),(620021957,'ECON3004');
INSERT INTO Users VALUES (620021958,'Celia','Carrington','CeliaCarrington@gmail.com','CarringtonCelia');
INSERT INTO Students VALUES (620021958,'UNDERGRAD','01-01-2020');
INSERT INTO Enrolled (u_id,courseCode) VALUES (620021958,'MATH2501'),(620021958,'COMP2965'),(620021958,'INFO3868');
INSERT INTO Users VALUES (620021959,'Frances','Imoto','FrancesImoto@gmail.com','ImotoFrances');
INSERT INTO Students VALUES (620021959,'UNDERGRAD','01-01-2020');
INSERT INTO Enrolled (u_id,courseCode) VALUES (620021959,'BIOC3721'),(620021959,'MATH3209'),(620021959,'INFO2813'),(620021959,'CHEM1807'),(620021959,'ECON1230'),(620021959,'INFO3868');
INSERT INTO Users VALUES (620021960,'Tracy','Hoffman','TracyHoffman@gmail.com','HoffmanTracy');
INSERT INTO Students VALUES (620021960,'UNDERGRAD','01-01-2020');
INSERT INTO Enrolled (u_id,courseCode) VALUES (620021960,'ECON2722'),(620021960,'PHYS2451'),(620021960,'INFO2797'),(620021960,'BIOC1725'),(620021960,'INFO3419'),(620021960,'MATH2067');
INSERT INTO Users VALUES (620021961,'Jimmy','Thomas','JimmyThomas@gmail.com','ThomasJimmy');
INSERT INTO Students VALUES (620021961,'UNDERGRAD','01-01-2020');
INSERT INTO Enrolled (u_id,courseCode) VALUES (620021961,'INFO2147'),(620021961,'BIOC1448'),(620021961,'CHEM1340'),(620021961,'BIOC2550'),(620021961,'CHEM2626');
INSERT INTO Users VALUES (620021962,'Mark','Gilman','MarkGilman@gmail.com','GilmanMark');
INSERT INTO Students VALUES (620021962,'UNDERGRAD','01-01-2020');
INSERT INTO Enrolled (u_id,courseCode) VALUES (620021962,'INFO2797'),(620021962,'CHEM1613'),(620021962,'ECON3372'),(620021962,'ECON2345');
INSERT INTO Users VALUES (620021963,'Manuel','Carlos','ManuelCarlos@gmail.com','CarlosManuel');
INSERT INTO Students VALUES (620021963,'UNDERGRAD','01-01-2020');
INSERT INTO Enrolled (u_id,courseCode) VALUES (620021963,'INFO1288'),(620021963,'MATH3844'),(620021963,'MATH1250'),(620021963,'COMP3697'),(620021963,'CHEM2481');
INSERT INTO Users VALUES (620021964,'Caroline','Shattuck','CarolineShattuck@gmail.com','ShattuckCaroline');
INSERT INTO Students VALUES (620021964,'UNDERGRAD','01-01-2020');
INSERT INTO Enrolled (u_id,courseCode) VALUES (620021964,'BIOC1794'),(620021964,'MATH1250'),(620021964,'ECON3085'),(620021964,'BIOC1910'),(620021964,'ECON1561'),(620021964,'COMP2651');
INSERT INTO Users VALUES (620021965,'Dennis','Evans','DennisEvans@gmail.com','EvansDennis');
INSERT INTO Students VALUES (620021965,'UNDERGRAD','01-01-2020');
INSERT INTO Enrolled (u_id,courseCode) VALUES (620021965,'MATH1735'),(620021965,'MATH3179'),(620021965,'ECON2703'),(620021965,'ECON2814'),(620021965,'PHYS2563'),(620021965,'INFO3636');
INSERT INTO Users VALUES (620021966,'Laila','Eaton','LailaEaton@gmail.com','EatonLaila');
INSERT INTO Students VALUES (620021966,'UNDERGRAD','01-01-2020');
INSERT INTO Enrolled (u_id,courseCode) VALUES (620021966,'INFO2213'),(620021966,'ECON3372'),(620021966,'INFO2521'),(620021966,'ECON1645');
INSERT INTO Users VALUES (620021967,'Delmar','Burney','DelmarBurney@gmail.com','BurneyDelmar');
INSERT INTO Students VALUES (620021967,'UNDERGRAD','01-01-2020');
INSERT INTO Enrolled (u_id,courseCode) VALUES (620021967,'INFO1825'),(620021967,'PHYS3686'),(620021967,'MATH2501');
INSERT INTO Users VALUES (620021968,'Kathleen','Miles','KathleenMiles@gmail.com','MilesKathleen');
INSERT INTO Students VALUES (620021968,'UNDERGRAD','01-01-2020');
INSERT INTO Enrolled (u_id,courseCode) VALUES (620021968,'PHYS3354'),(620021968,'COMP1184'),(620021968,'MATH3688');
INSERT INTO Users VALUES (620021969,'Randy','Hawkins','RandyHawkins@gmail.com','HawkinsRandy');
INSERT INTO Students VALUES (620021969,'UNDERGRAD','01-01-2020');
INSERT INTO Enrolled (u_id,courseCode) VALUES (620021969,'COMP3536'),(620021969,'MATH1250'),(620021969,'PHYS3354'),(620021969,'CHEM1494'),(620021969,'CHEM2867');
INSERT INTO Users VALUES (620021970,'Jamison','Laudat','JamisonLaudat@gmail.com','LaudatJamison');
INSERT INTO Students VALUES (620021970,'UNDERGRAD','01-01-2020');
INSERT INTO Enrolled (u_id,courseCode) VALUES (620021970,'CHEM3347'),(620021970,'MATH1262'),(620021970,'COMP2361'),(620021970,'COMP1543'),(620021970,'ECON1458'),(620021970,'PHYS2667');
INSERT INTO Users VALUES (620021971,'Lauren','Valenzuela','LaurenValenzuela@gmail.com','ValenzuelaLauren');
INSERT INTO Students VALUES (620021971,'UNDERGRAD','01-01-2020');
INSERT INTO Enrolled (u_id,courseCode) VALUES (620021971,'COMP3536'),(620021971,'ECON1230'),(620021971,'ECON1012'),(620021971,'INFO3636');
INSERT INTO Users VALUES (620021972,'Nicole','Moldrem','NicoleMoldrem@gmail.com','MoldremNicole');
INSERT INTO Students VALUES (620021972,'UNDERGRAD','01-01-2020');
INSERT INTO Enrolled (u_id,courseCode) VALUES (620021972,'ECON3063'),(620021972,'BIOC1534'),(620021972,'MATH1648'),(620021972,'CHEM2149'),(620021972,'CHEM2220');
INSERT INTO Users VALUES (620021973,'Sharon','Grinstead','SharonGrinstead@gmail.com','GrinsteadSharon');
INSERT INTO Students VALUES (620021973,'UNDERGRAD','01-01-2020');
INSERT INTO Enrolled (u_id,courseCode) VALUES (620021973,'MATH2801'),(620021973,'BIOC1448'),(620021973,'PHYS2306'),(620021973,'BIOC1986'),(620021973,'INFO1833');
INSERT INTO Users VALUES (620021974,'John','Nighman','JohnNighman@gmail.com','NighmanJohn');
INSERT INTO Students VALUES (620021974,'UNDERGRAD','01-01-2020');
INSERT INTO Enrolled (u_id,courseCode) VALUES (620021974,'COMP3167'),(620021974,'BIOC1910'),(620021974,'ECON1561'),(620021974,'CHEM3347'),(620021974,'MATH3179');
INSERT INTO Users VALUES (620021975,'Jeanna','Collins','JeannaCollins@gmail.com','CollinsJeanna');
INSERT INTO Students VALUES (620021975,'UNDERGRAD','01-01-2020');
INSERT INTO Enrolled (u_id,courseCode) VALUES (620021975,'BIOC1866'),(620021975,'CHEM2727'),(620021975,'CHEM3347'),(620021975,'CHEM3327'),(620021975,'PHYS3354'),(620021975,'CHEM2626');
INSERT INTO Users VALUES (620021976,'Adam','Hudson','AdamHudson@gmail.com','HudsonAdam');
INSERT INTO Students VALUES (620021976,'UNDERGRAD','01-01-2020');
INSERT INTO Enrolled (u_id,courseCode) VALUES (620021976,'CHEM3614'),(620021976,'CHEM1340'),(620021976,'INFO2559'),(620021976,'ECON3063'),(620021976,'INFO2147');
INSERT INTO Users VALUES (620021977,'Josh','Walley','JoshWalley@gmail.com','WalleyJosh');
INSERT INTO Students VALUES (620021977,'UNDERGRAD','01-01-2020');
INSERT INTO Enrolled (u_id,courseCode) VALUES (620021977,'MATH2501'),(620021977,'COMP3746'),(620021977,'INFO2860'),(620021977,'ECON3004');
INSERT INTO Users VALUES (620021978,'Vanessa','Mattingly','VanessaMattingly@gmail.com','MattinglyVanessa');
INSERT INTO Students VALUES (620021978,'UNDERGRAD','01-01-2020');
INSERT INTO Enrolled (u_id,courseCode) VALUES (620021978,'CHEM3614'),(620021978,'INFO2797'),(620021978,'ECON1645'),(620021978,'PHYS1930'),(620021978,'CHEM2697');
INSERT INTO Users VALUES (620021979,'Beverly','Calder','BeverlyCalder@gmail.com','CalderBeverly');
INSERT INTO Students VALUES (620021979,'UNDERGRAD','01-01-2020');
INSERT INTO Enrolled (u_id,courseCode) VALUES (620021979,'ECON3550'),(620021979,'MATH2801'),(620021979,'ECON2703');
INSERT INTO Users VALUES (620021980,'Donald','Givens','DonaldGivens@gmail.com','GivensDonald');
INSERT INTO Students VALUES (620021980,'UNDERGRAD','01-01-2020');
INSERT INTO Enrolled (u_id,courseCode) VALUES (620021980,'ECON2722'),(620021980,'ECON3550'),(620021980,'INFO1447');
INSERT INTO Users VALUES (620021981,'George','Washinski','GeorgeWashinski@gmail.com','WashinskiGeorge');
INSERT INTO Students VALUES (620021981,'UNDERGRAD','01-01-2020');
INSERT INTO Enrolled (u_id,courseCode) VALUES (620021981,'ECON3311'),(620021981,'BIOC1164'),(620021981,'ECON3004');
INSERT INTO Users VALUES (620021982,'Jamison','Jaworski','JamisonJaworski@gmail.com','JaworskiJamison');
INSERT INTO Students VALUES (620021982,'UNDERGRAD','01-01-2020');
INSERT INTO Enrolled (u_id,courseCode) VALUES (620021982,'CHEM2149'),(620021982,'BIOC3457'),(620021982,'MATH3222'),(620021982,'CHEM2797'),(620021982,'INFO2521'),(620021982,'ECON2387');
INSERT INTO Users VALUES (620021983,'Miss','Eddins','MissEddins@gmail.com','EddinsMiss');
INSERT INTO Students VALUES (620021983,'UNDERGRAD','01-01-2020');
INSERT INTO Enrolled (u_id,courseCode) VALUES (620021983,'COMP2361'),(620021983,'INFO2860'),(620021983,'CHEM2065'),(620021983,'ECON3281'),(620021983,'INFO2213');
INSERT INTO Users VALUES (620021984,'Juanita','Gaffney','JuanitaGaffney@gmail.com','GaffneyJuanita');
INSERT INTO Students VALUES (620021984,'UNDERGRAD','01-01-2020');
INSERT INTO Enrolled (u_id,courseCode) VALUES (620021984,'ECON1645'),(620021984,'COMP3685'),(620021984,'CHEM2604'),(620021984,'CHEM3614'),(620021984,'INFO3645'),(620021984,'CHEM2149');
INSERT INTO Users VALUES (620021985,'Jamison','Pedersen','JamisonPedersen@gmail.com','PedersenJamison');
INSERT INTO Students VALUES (620021985,'UNDERGRAD','01-01-2020');
INSERT INTO Enrolled (u_id,courseCode) VALUES (620021985,'MATH1262'),(620021985,'INFO2213'),(620021985,'PHYS3354'),(620021985,'PHYS3464'),(620021985,'PHYS2448'),(620021985,'MATH1972');
INSERT INTO Users VALUES (620021986,'Edwin','Caudill','EdwinCaudill@gmail.com','CaudillEdwin');
INSERT INTO Students VALUES (620021986,'UNDERGRAD','01-01-2020');
INSERT INTO Enrolled (u_id,courseCode) VALUES (620021986,'MATH2957'),(620021986,'CHEM2604'),(620021986,'INFO3645'),(620021986,'INFO3868'),(620021986,'MATH1148');
INSERT INTO Users VALUES (620021987,'Gary','Vineyard','GaryVineyard@gmail.com','VineyardGary');
INSERT INTO Students VALUES (620021987,'UNDERGRAD','01-01-2020');
INSERT INTO Enrolled (u_id,courseCode) VALUES (620021987,'PHYS2338'),(620021987,'PHYS2451'),(620021987,'PHYS3876'),(620021987,'MATH1148'),(620021987,'INFO2813'),(620021987,'BIOC1104');
INSERT INTO Users VALUES (620021988,'Jake','Watson','JakeWatson@gmail.com','WatsonJake');
INSERT INTO Students VALUES (620021988,'UNDERGRAD','01-01-2020');
INSERT INTO Enrolled (u_id,courseCode) VALUES (620021988,'MATH3179'),(620021988,'ECON1230'),(620021988,'PHYS1993');
INSERT INTO Users VALUES (620021989,'Hector','Truong','HectorTruong@gmail.com','TruongHector');
INSERT INTO Students VALUES (620021989,'UNDERGRAD','01-01-2020');
INSERT INTO Enrolled (u_id,courseCode) VALUES (620021989,'COMP1051'),(620021989,'PHYS2448'),(620021989,'PHYS3290');
INSERT INTO Users VALUES (620021990,'Kimberly','Hayes','KimberlyHayes@gmail.com','HayesKimberly');
INSERT INTO Students VALUES (620021990,'UNDERGRAD','01-01-2020');
INSERT INTO Enrolled (u_id,courseCode) VALUES (620021990,'INFO3636'),(620021990,'PHYS2448'),(620021990,'CHEM3409'),(620021990,'PHYS2238');
INSERT INTO Users VALUES (620021991,'Sam','Pelletier','SamPelletier@gmail.com','PelletierSam');
INSERT INTO Students VALUES (620021991,'UNDERGRAD','01-01-2020');
INSERT INTO Enrolled (u_id,courseCode) VALUES (620021991,'CHEM3617'),(620021991,'MATH3059'),(620021991,'BIOC3341');
INSERT INTO Users VALUES (620021992,'Melvin','Shani','MelvinShani@gmail.com','ShaniMelvin');
INSERT INTO Students VALUES (620021992,'UNDERGRAD','01-01-2020');
INSERT INTO Enrolled (u_id,courseCode) VALUES (620021992,'COMP1051'),(620021992,'CHEM2697'),(620021992,'INFO1014');
INSERT INTO Users VALUES (620021993,'Andrew','Taylor','AndrewTaylor@gmail.com','TaylorAndrew');
INSERT INTO Students VALUES (620021993,'UNDERGRAD','01-01-2020');
INSERT INTO Enrolled (u_id,courseCode) VALUES (620021993,'ECON3020'),(620021993,'INFO1014'),(620021993,'MATH3544'),(620021993,'MATH2801'),(620021993,'PHYS3659');
INSERT INTO Users VALUES (620021994,'Dale','Butler','DaleButler@gmail.com','ButlerDale');
INSERT INTO Students VALUES (620021994,'UNDERGRAD','01-01-2020');
INSERT INTO Enrolled (u_id,courseCode) VALUES (620021994,'INFO2811'),(620021994,'PHYS3659'),(620021994,'MATH1309'),(620021994,'COMP2717');
INSERT INTO Users VALUES (620021995,'Clyde','Garnes','ClydeGarnes@gmail.com','GarnesClyde');
INSERT INTO Students VALUES (620021995,'UNDERGRAD','01-01-2020');
INSERT INTO Enrolled (u_id,courseCode) VALUES (620021995,'MATH3857'),(620021995,'COMP2651'),(620021995,'CHEM2446'),(620021995,'INFO3419'),(620021995,'ECON1230');
INSERT INTO Users VALUES (620021996,'Maria','Robertson','MariaRobertson@gmail.com','RobertsonMaria');
INSERT INTO Students VALUES (620021996,'UNDERGRAD','01-01-2020');
INSERT INTO Enrolled (u_id,courseCode) VALUES (620021996,'PHYS3464'),(620021996,'PHYS2977'),(620021996,'MATH3209'),(620021996,'CHEM2446'),(620021996,'PHYS2338');
INSERT INTO Users VALUES (620021997,'Reggie','Lindstrom','ReggieLindstrom@gmail.com','LindstromReggie');
INSERT INTO Students VALUES (620021997,'UNDERGRAD','01-01-2020');
INSERT INTO Enrolled (u_id,courseCode) VALUES (620021997,'ECON1996'),(620021997,'ECON1170'),(620021997,'COMP1543'),(620021997,'MATH1648'),(620021997,'PHYS3787'),(620021997,'COMP3167');
INSERT INTO Users VALUES (620021998,'Lindsey','Shields','LindseyShields@gmail.com','ShieldsLindsey');
INSERT INTO Students VALUES (620021998,'UNDERGRAD','01-01-2020');
INSERT INTO Enrolled (u_id,courseCode) VALUES (620021998,'COMP3849'),(620021998,'INFO1242'),(620021998,'ECON3281');
INSERT INTO Users VALUES (620021999,'Cherise','Tate','CheriseTate@gmail.com','TateCherise');
INSERT INTO Students VALUES (620021999,'UNDERGRAD','01-01-2020');
INSERT INTO Enrolled (u_id,courseCode) VALUES (620021999,'BIOC3457'),(620021999,'ECON2387'),(620021999,'CHEM2797'),(620021999,'MATH3544'),(620021999,'INFO3603');
INSERT INTO Users VALUES (620022000,'Geoffrey','Allen','GeoffreyAllen@gmail.com','AllenGeoffrey');
INSERT INTO Students VALUES (620022000,'UNDERGRAD','01-01-2020');
INSERT INTO Enrolled (u_id,courseCode) VALUES (620022000,'CHEM2797'),(620022000,'PHYS2667'),(620022000,'ECON2722');
INSERT INTO Users VALUES (620022001,'Joan','Hinojosa','JoanHinojosa@gmail.com','HinojosaJoan');
INSERT INTO Students VALUES (620022001,'UNDERGRAD','01-01-2020');
INSERT INTO Enrolled (u_id,courseCode) VALUES (620022001,'ECON1098'),(620022001,'MATH1648'),(620022001,'CHEM2177'),(620022001,'PHYS3876'),(620022001,'COMP1357');
INSERT INTO Users VALUES (620022002,'Martin','Velasquez','MartinVelasquez@gmail.com','VelasquezMartin');
INSERT INTO Students VALUES (620022002,'UNDERGRAD','01-01-2020');
INSERT INTO Enrolled (u_id,courseCode) VALUES (620022002,'BIOC2671'),(620022002,'INFO3868'),(620022002,'ECON1996'),(620022002,'CHEM1340'),(620022002,'INFO1825');
INSERT INTO Users VALUES (620022003,'Kendra','Pelletier','KendraPelletier@gmail.com','PelletierKendra');
INSERT INTO Students VALUES (620022003,'UNDERGRAD','01-01-2020');
INSERT INTO Enrolled (u_id,courseCode) VALUES (620022003,'INFO2521'),(620022003,'CHEM1494'),(620022003,'ECON3020'),(620022003,'PHYS1930'),(620022003,'COMP3685');
INSERT INTO Users VALUES (620022004,'Richard','Steinberger','RichardSteinberger@gmail.com','SteinbergerRichard');
INSERT INTO Students VALUES (620022004,'UNDERGRAD','01-01-2020');
INSERT INTO Enrolled (u_id,courseCode) VALUES (620022004,'MATH1250'),(620022004,'PHYS1993'),(620022004,'BIOC3230'),(620022004,'ECON1645'),(620022004,'INFO3645');
INSERT INTO Users VALUES (620022005,'Agnes','Bower','AgnesBower@gmail.com','BowerAgnes');
INSERT INTO Students VALUES (620022005,'UNDERGRAD','01-01-2020');
INSERT INTO Enrolled (u_id,courseCode) VALUES (620022005,'ECON3550'),(620022005,'MATH1262'),(620022005,'COMP3084');
INSERT INTO Users VALUES (620022006,'Carrie','Rodriguez','CarrieRodriguez@gmail.com','RodriguezCarrie');
INSERT INTO Students VALUES (620022006,'UNDERGRAD','01-01-2020');
INSERT INTO Enrolled (u_id,courseCode) VALUES (620022006,'COMP2077'),(620022006,'COMP1051'),(620022006,'INFO2813'),(620022006,'INFO3868'),(620022006,'INFO1648');
INSERT INTO Users VALUES (620022007,'Craig','Pelletier','CraigPelletier@gmail.com','PelletierCraig');
INSERT INTO Students VALUES (620022007,'UNDERGRAD','01-01-2020');
INSERT INTO Enrolled (u_id,courseCode) VALUES (620022007,'COMP3084'),(620022007,'COMP3697'),(620022007,'INFO1014');
INSERT INTO Users VALUES (620022008,'Doris','English','DorisEnglish@gmail.com','EnglishDoris');
INSERT INTO Students VALUES (620022008,'UNDERGRAD','01-01-2020');
INSERT INTO Enrolled (u_id,courseCode) VALUES (620022008,'COMP2400'),(620022008,'PHYS1930'),(620022008,'BIOC1986');
INSERT INTO Users VALUES (620022009,'Bethany','Long','BethanyLong@gmail.com','LongBethany');
INSERT INTO Students VALUES (620022009,'UNDERGRAD','01-01-2020');
INSERT INTO Enrolled (u_id,courseCode) VALUES (620022009,'BIOC1725'),(620022009,'ECON1498'),(620022009,'COMP1051'),(620022009,'ECON3311');
INSERT INTO Users VALUES (620022010,'Robert','Allen','RobertAllen@gmail.com','AllenRobert');
INSERT INTO Students VALUES (620022010,'UNDERGRAD','01-01-2020');
INSERT INTO Enrolled (u_id,courseCode) VALUES (620022010,'INFO3603'),(620022010,'INFO2213'),(620022010,'INFO2337'),(620022010,'ECON3447');
INSERT INTO Users VALUES (620022011,'Wendell','Starks','WendellStarks@gmail.com','StarksWendell');
INSERT INTO Students VALUES (620022011,'UNDERGRAD','01-01-2020');
INSERT INTO Enrolled (u_id,courseCode) VALUES (620022011,'BIOC1725'),(620022011,'INFO2636'),(620022011,'MATH3222'),(620022011,'MATH1454');
INSERT INTO Users VALUES (620022012,'Grace','Hanks','GraceHanks@gmail.com','HanksGrace');
INSERT INTO Students VALUES (620022012,'UNDERGRAD','01-01-2020');
INSERT INTO Enrolled (u_id,courseCode) VALUES (620022012,'COMP2080'),(620022012,'ECON3281'),(620022012,'PHYS3290');
INSERT INTO Users VALUES (620022013,'Young','Tirabassi','YoungTirabassi@gmail.com','TirabassiYoung');
INSERT INTO Students VALUES (620022013,'UNDERGRAD','01-01-2020');
INSERT INTO Enrolled (u_id,courseCode) VALUES (620022013,'BIOC1744'),(620022013,'PHYS3659'),(620022013,'MATH2957');
INSERT INTO Users VALUES (620022014,'Tanya','Rivera','TanyaRivera@gmail.com','RiveraTanya');
INSERT INTO Students VALUES (620022014,'UNDERGRAD','01-01-2020');
INSERT INTO Enrolled (u_id,courseCode) VALUES (620022014,'COMP2361'),(620022014,'CHEM3327'),(620022014,'MATH1454'),(620022014,'BIOC1794'),(620022014,'COMP1867');
INSERT INTO Users VALUES (620022015,'Miguel','Best','MiguelBest@gmail.com','BestMiguel');
INSERT INTO Students VALUES (620022015,'UNDERGRAD','01-01-2020');
INSERT INTO Enrolled (u_id,courseCode) VALUES (620022015,'BIOC1866'),(620022015,'COMP1867'),(620022015,'INFO3603'),(620022015,'BIOC1744');
INSERT INTO Users VALUES (620022016,'Tony','Tate','TonyTate@gmail.com','TateTony');
INSERT INTO Students VALUES (620022016,'UNDERGRAD','01-01-2020');
INSERT INTO Enrolled (u_id,courseCode) VALUES (620022016,'MATH1262'),(620022016,'COMP2077'),(620022016,'ECON2703');
INSERT INTO Users VALUES (620022017,'Celia','James','CeliaJames@gmail.com','JamesCelia');
INSERT INTO Students VALUES (620022017,'UNDERGRAD','01-01-2020');
INSERT INTO Enrolled (u_id,courseCode) VALUES (620022017,'COMP2965'),(620022017,'CHEM2481'),(620022017,'BIOC3457'),(620022017,'MATH2873'),(620022017,'PHYS3464'),(620022017,'MATH1578');
INSERT INTO Users VALUES (620022018,'Carlos','Briggs','CarlosBriggs@gmail.com','BriggsCarlos');
INSERT INTO Students VALUES (620022018,'UNDERGRAD','01-01-2020');
INSERT INTO Enrolled (u_id,courseCode) VALUES (620022018,'PHYS3686'),(620022018,'CHEM2149'),(620022018,'PHYS2451'),(620022018,'PHYS2229'),(620022018,'BIOC3604'),(620022018,'COMP2965');
INSERT INTO Users VALUES (620022019,'Brooke','Culpepper','BrookeCulpepper@gmail.com','CulpepperBrooke');
INSERT INTO Students VALUES (620022019,'UNDERGRAD','01-01-2020');
INSERT INTO Enrolled (u_id,courseCode) VALUES (620022019,'MATH1638'),(620022019,'ECON3288'),(620022019,'COMP2717'),(620022019,'INFO2636'),(620022019,'ECON1458'),(620022019,'INFO1990');
INSERT INTO Users VALUES (620022020,'Guillermo','Williams','GuillermoWilliams@gmail.com','WilliamsGuillermo');
INSERT INTO Students VALUES (620022020,'UNDERGRAD','01-01-2020');
INSERT INTO Enrolled (u_id,courseCode) VALUES (620022020,'PHYS2338'),(620022020,'PHYS2448'),(620022020,'MATH1638'),(620022020,'PHYS3052');
INSERT INTO Users VALUES (620022021,'Sergio','Barnett','SergioBarnett@gmail.com','BarnettSergio');
INSERT INTO Students VALUES (620022021,'UNDERGRAD','01-01-2020');
INSERT INTO Enrolled (u_id,courseCode) VALUES (620022021,'BIOC2236'),(620022021,'ECON3281'),(620022021,'COMP3849'),(620022021,'BIOC2981'),(620022021,'ECON3020');
INSERT INTO Users VALUES (620022022,'Tiara','Morey','TiaraMorey@gmail.com','MoreyTiara');
INSERT INTO Students VALUES (620022022,'UNDERGRAD','01-01-2020');
INSERT INTO Enrolled (u_id,courseCode) VALUES (620022022,'MATH2717'),(620022022,'PHYS1993'),(620022022,'COMP1543'),(620022022,'MATH1972');
INSERT INTO Users VALUES (620022023,'Lois','Miraglia','LoisMiraglia@gmail.com','MiragliaLois');
INSERT INTO Students VALUES (620022023,'UNDERGRAD','01-01-2020');
INSERT INTO Enrolled (u_id,courseCode) VALUES (620022023,'COMP3173'),(620022023,'BIOC1725'),(620022023,'INFO1648'),(620022023,'MATH1648'),(620022023,'COMP2965'),(620022023,'INFO2797');
INSERT INTO Users VALUES (620022024,'Cassie','Ryan','CassieRyan@gmail.com','RyanCassie');
INSERT INTO Students VALUES (620022024,'UNDERGRAD','01-01-2020');
INSERT INTO Enrolled (u_id,courseCode) VALUES (620022024,'COMP2080'),(620022024,'ECON1645'),(620022024,'ECON3523');
INSERT INTO Users VALUES (620022025,'Christopher','Noonan','ChristopherNoonan@gmail.com','NoonanChristopher');
INSERT INTO Students VALUES (620022025,'UNDERGRAD','01-01-2020');
INSERT INTO Enrolled (u_id,courseCode) VALUES (620022025,'ECON1996'),(620022025,'CHEM2604'),(620022025,'ECON1645'),(620022025,'PHYS2229'),(620022025,'INFO2811');
INSERT INTO Users VALUES (620022026,'Jesus','Phinney','JesusPhinney@gmail.com','PhinneyJesus');
INSERT INTO Students VALUES (620022026,'UNDERGRAD','01-01-2020');
INSERT INTO Enrolled (u_id,courseCode) VALUES (620022026,'PHYS3686'),(620022026,'INFO3419'),(620022026,'BIOC1534');
INSERT INTO Users VALUES (620022027,'Marshall','Hudson','MarshallHudson@gmail.com','HudsonMarshall');
INSERT INTO Students VALUES (620022027,'UNDERGRAD','01-01-2020');
INSERT INTO Enrolled (u_id,courseCode) VALUES (620022027,'BIOC3721'),(620022027,'CHEM2066'),(620022027,'COMP3746'),(620022027,'PHYS1993');
INSERT INTO Users VALUES (620022028,'Homer','Meisner','HomerMeisner@gmail.com','MeisnerHomer');
INSERT INTO Students VALUES (620022028,'UNDERGRAD','01-01-2020');
INSERT INTO Enrolled (u_id,courseCode) VALUES (620022028,'INFO2147'),(620022028,'BIOC1052'),(620022028,'COMP2077');
INSERT INTO Users VALUES (620022029,'Alvin','Shields','AlvinShields@gmail.com','ShieldsAlvin');
INSERT INTO Students VALUES (620022029,'UNDERGRAD','01-01-2020');
INSERT INTO Enrolled (u_id,courseCode) VALUES (620022029,'BIOC3230'),(620022029,'COMP3697'),(620022029,'CHEM3617'),(620022029,'BIOC1439'),(620022029,'CHEM2446'),(620022029,'INFO3603');
INSERT INTO Users VALUES (620022030,'Benjamin','Evans','BenjaminEvans@gmail.com','EvansBenjamin');
INSERT INTO Students VALUES (620022030,'UNDERGRAD','01-01-2020');
INSERT INTO Enrolled (u_id,courseCode) VALUES (620022030,'MATH1638'),(620022030,'MATH1454'),(620022030,'ECON3281');
INSERT INTO Users VALUES (620022031,'Betsy','Grinstead','BetsyGrinstead@gmail.com','GrinsteadBetsy');
INSERT INTO Students VALUES (620022031,'UNDERGRAD','01-01-2020');
INSERT INTO Enrolled (u_id,courseCode) VALUES (620022031,'PHYS2563'),(620022031,'BIOC2981'),(620022031,'PHYS2306'),(620022031,'CHEM2727'),(620022031,'COMP3849'),(620022031,'CHEM1807');
INSERT INTO Users VALUES (620022032,'Matthew','Kaupp','MatthewKaupp@gmail.com','KauppMatthew');
INSERT INTO Students VALUES (620022032,'UNDERGRAD','01-01-2020');
INSERT INTO Enrolled (u_id,courseCode) VALUES (620022032,'ECON3989'),(620022032,'INFO3419'),(620022032,'INFO3935'),(620022032,'CHEM2797');
INSERT INTO Users VALUES (620022033,'Bernard','Ryan','BernardRyan@gmail.com','RyanBernard');
INSERT INTO Students VALUES (620022033,'UNDERGRAD','01-01-2020');
INSERT INTO Enrolled (u_id,courseCode) VALUES (620022033,'COMP2077'),(620022033,'PHYS2338'),(620022033,'CHEM1613'),(620022033,'BIOC2671'),(620022033,'COMP2717');
INSERT INTO Users VALUES (620022034,'Shannon','Maze','ShannonMaze@gmail.com','MazeShannon');
INSERT INTO Students VALUES (620022034,'UNDERGRAD','01-01-2020');
INSERT INTO Enrolled (u_id,courseCode) VALUES (620022034,'BIOC1439'),(620022034,'MATH2067'),(620022034,'CHEM2626'),(620022034,'COMP3849');
INSERT INTO Users VALUES (620022035,'Dennis','Mejias','DennisMejias@gmail.com','MejiasDennis');
INSERT INTO Students VALUES (620022035,'UNDERGRAD','01-01-2020');
INSERT INTO Enrolled (u_id,courseCode) VALUES (620022035,'PHYS3290'),(620022035,'CHEM3747'),(620022035,'COMP3047'),(620022035,'BIOC2589'),(620022035,'MATH3173'),(620022035,'CHEM2149');
INSERT INTO Users VALUES (620022036,'Lisa','Banks','LisaBanks@gmail.com','BanksLisa');
INSERT INTO Students VALUES (620022036,'UNDERGRAD','01-01-2020');
INSERT INTO Enrolled (u_id,courseCode) VALUES (620022036,'CHEM2066'),(620022036,'MATH2717'),(620022036,'MATH3844'),(620022036,'BIOC3721'),(620022036,'CHEM1613');
INSERT INTO Users VALUES (620022037,'Flora','White','FloraWhite@gmail.com','WhiteFlora');
INSERT INTO Students VALUES (620022037,'UNDERGRAD','01-01-2020');
INSERT INTO Enrolled (u_id,courseCode) VALUES (620022037,'MATH2555'),(620022037,'MATH1148'),(620022037,'PHYS2667');
INSERT INTO Users VALUES (620022038,'Carol','Luper','CarolLuper@gmail.com','LuperCarol');
INSERT INTO Students VALUES (620022038,'UNDERGRAD','01-01-2020');
INSERT INTO Enrolled (u_id,courseCode) VALUES (620022038,'MATH1638'),(620022038,'BIOC2550'),(620022038,'COMP2077'),(620022038,'PHYS2451'),(620022038,'MATH3179'),(620022038,'CHEM1613');
INSERT INTO Users VALUES (620022039,'Martin','Henderson','MartinHenderson@gmail.com','HendersonMartin');
INSERT INTO Students VALUES (620022039,'UNDERGRAD','01-01-2020');
INSERT INTO Enrolled (u_id,courseCode) VALUES (620022039,'COMP3084'),(620022039,'ECON1589'),(620022039,'PHYS2667');
INSERT INTO Users VALUES (620022040,'Peter','Scully','PeterScully@gmail.com','ScullyPeter');
INSERT INTO Students VALUES (620022040,'UNDERGRAD','01-01-2020');
INSERT INTO Enrolled (u_id,courseCode) VALUES (620022040,'ECON1458'),(620022040,'ECON3989'),(620022040,'MATH1648'),(620022040,'MATH3029'),(620022040,'CHEM2727');
INSERT INTO Users VALUES (620022041,'Sarah','Martin','SarahMartin@gmail.com','MartinSarah');
INSERT INTO Students VALUES (620022041,'UNDERGRAD','01-01-2020');
INSERT INTO Enrolled (u_id,courseCode) VALUES (620022041,'CHEM2867'),(620022041,'ECON3311'),(620022041,'PHYS2229'),(620022041,'INFO1648');
INSERT INTO Users VALUES (620022042,'Peggy','Bradford','PeggyBradford@gmail.com','BradfordPeggy');
INSERT INTO Students VALUES (620022042,'UNDERGRAD','01-01-2020');
INSERT INTO Enrolled (u_id,courseCode) VALUES (620022042,'PHYS1399'),(620022042,'INFO3645'),(620022042,'COMP3685'),(620022042,'ECON3288'),(620022042,'PHYS3052'),(620022042,'CHEM2220');
INSERT INTO Users VALUES (620022043,'Melanie','Carrillo','MelanieCarrillo@gmail.com','CarrilloMelanie');
INSERT INTO Students VALUES (620022043,'UNDERGRAD','01-01-2020');
INSERT INTO Enrolled (u_id,courseCode) VALUES (620022043,'ECON3228'),(620022043,'COMP1543'),(620022043,'COMP3173'),(620022043,'INFO2636'),(620022043,'INFO1990');
INSERT INTO Users VALUES (620022044,'Shonda','Mitchell','ShondaMitchell@gmail.com','MitchellShonda');
INSERT INTO Students VALUES (620022044,'UNDERGRAD','01-01-2020');
INSERT INTO Enrolled (u_id,courseCode) VALUES (620022044,'ECON1012'),(620022044,'MATH2501'),(620022044,'COMP3047'),(620022044,'CHEM2065'),(620022044,'COMP1867'),(620022044,'CHEM1485');
INSERT INTO Users VALUES (620022045,'Gordon','Hoffman','GordonHoffman@gmail.com','HoffmanGordon');
INSERT INTO Students VALUES (620022045,'UNDERGRAD','01-01-2020');
INSERT INTO Enrolled (u_id,courseCode) VALUES (620022045,'MATH2801'),(620022045,'COMP3173'),(620022045,'INFO1145'),(620022045,'BIOC3191');
INSERT INTO Users VALUES (620022046,'Lindsey','Koehn','LindseyKoehn@gmail.com','KoehnLindsey');
INSERT INTO Students VALUES (620022046,'UNDERGRAD','01-01-2020');
INSERT INTO Enrolled (u_id,courseCode) VALUES (620022046,'PHYS1993'),(620022046,'MATH2873'),(620022046,'COMP1543'),(620022046,'PHYS2977'),(620022046,'MATH3179');
INSERT INTO Users VALUES (620022047,'Rick','Rios','RickRios@gmail.com','RiosRick');
INSERT INTO Students VALUES (620022047,'UNDERGRAD','01-01-2020');
INSERT INTO Enrolled (u_id,courseCode) VALUES (620022047,'PHYS1399'),(620022047,'BIOC1485'),(620022047,'INFO1825'),(620022047,'MATH3209'),(620022047,'CHEM3327');
INSERT INTO Users VALUES (620022048,'Trina','Mccarthy','TrinaMccarthy@gmail.com','MccarthyTrina');
INSERT INTO Students VALUES (620022048,'UNDERGRAD','01-01-2020');
INSERT INTO Enrolled (u_id,courseCode) VALUES (620022048,'COMP1051'),(620022048,'INFO3935'),(620022048,'INFO1648'),(620022048,'PHYS3339');
INSERT INTO Users VALUES (620022049,'Gloria','Givens','GloriaGivens@gmail.com','GivensGloria');
INSERT INTO Students VALUES (620022049,'UNDERGRAD','01-01-2020');
INSERT INTO Enrolled (u_id,courseCode) VALUES (620022049,'INFO1833'),(620022049,'INFO2147'),(620022049,'BIOC1448'),(620022049,'ECON1996'),(620022049,'BIOC1104'),(620022049,'CHEM2031');
INSERT INTO Users VALUES (620022050,'Daniel','Scarbrough','DanielScarbrough@gmail.com','ScarbroughDaniel');
INSERT INTO Students VALUES (620022050,'UNDERGRAD','01-01-2020');
INSERT INTO Enrolled (u_id,courseCode) VALUES (620022050,'CHEM1613'),(620022050,'BIOC1164'),(620022050,'COMP3047'),(620022050,'COMP2400'),(620022050,'MATH1638');
INSERT INTO Users VALUES (620022051,'Rodney','Bower','RodneyBower@gmail.com','BowerRodney');
INSERT INTO Students VALUES (620022051,'UNDERGRAD','01-01-2020');
INSERT INTO Enrolled (u_id,courseCode) VALUES (620022051,'ECON1996'),(620022051,'INFO2270'),(620022051,'PHYS3686'),(620022051,'MATH3857');
INSERT INTO Users VALUES (620022052,'Frances','Lopez','FrancesLopez@gmail.com','LopezFrances');
INSERT INTO Students VALUES (620022052,'UNDERGRAD','01-01-2020');
INSERT INTO Enrolled (u_id,courseCode) VALUES (620022052,'CHEM2031'),(620022052,'ECON3311'),(620022052,'BIOC1485'),(620022052,'CHEM2066'),(620022052,'INFO2797');
INSERT INTO Users VALUES (620022053,'Rodney','Chappell','RodneyChappell@gmail.com','ChappellRodney');
INSERT INTO Students VALUES (620022053,'UNDERGRAD','01-01-2020');
INSERT INTO Enrolled (u_id,courseCode) VALUES (620022053,'INFO3419'),(620022053,'BIOC3230'),(620022053,'INFO2813'),(620022053,'BIOC2983'),(620022053,'COMP1543');
INSERT INTO Users VALUES (620022054,'Carlos','Phinney','CarlosPhinney@gmail.com','PhinneyCarlos');
INSERT INTO Students VALUES (620022054,'UNDERGRAD','01-01-2020');
INSERT INTO Enrolled (u_id,courseCode) VALUES (620022054,'BIOC1986'),(620022054,'COMP2651'),(620022054,'MATH1638');
INSERT INTO Users VALUES (620022055,'Rebecca','Russ','RebeccaRuss@gmail.com','RussRebecca');
INSERT INTO Students VALUES (620022055,'UNDERGRAD','01-01-2020');
INSERT INTO Enrolled (u_id,courseCode) VALUES (620022055,'ECON3447'),(620022055,'COMP3685'),(620022055,'CHEM2797'),(620022055,'COMP3697');
INSERT INTO Users VALUES (620022056,'Colin','Jefferson','ColinJefferson@gmail.com','JeffersonColin');
INSERT INTO Students VALUES (620022056,'UNDERGRAD','01-01-2020');
INSERT INTO Enrolled (u_id,courseCode) VALUES (620022056,'PHYS3354'),(620022056,'CHEM3409'),(620022056,'INFO2213'),(620022056,'COMP3697'),(620022056,'INFO1288'),(620022056,'BIOC1052');
INSERT INTO Users VALUES (620022057,'Frances','Avery','FrancesAvery@gmail.com','AveryFrances');
INSERT INTO Students VALUES (620022057,'UNDERGRAD','01-01-2020');
INSERT INTO Enrolled (u_id,courseCode) VALUES (620022057,'ECON2387'),(620022057,'ECON1645'),(620022057,'INFO1648'),(620022057,'MATH1262');
INSERT INTO Users VALUES (620022058,'Kasey','Horth','KaseyHorth@gmail.com','HorthKasey');
INSERT INTO Students VALUES (620022058,'UNDERGRAD','01-01-2020');
INSERT INTO Enrolled (u_id,courseCode) VALUES (620022058,'CHEM1340'),(620022058,'INFO1833'),(620022058,'COMP1867'),(620022058,'INFO1447'),(620022058,'PHYS3876'),(620022058,'CHEM3614');
INSERT INTO Users VALUES (620022059,'Timothy','Orchard','TimothyOrchard@gmail.com','OrchardTimothy');
INSERT INTO Students VALUES (620022059,'UNDERGRAD','01-01-2020');
INSERT INTO Enrolled (u_id,courseCode) VALUES (620022059,'CHEM3614'),(620022059,'ECON2722'),(620022059,'INFO1833');
INSERT INTO Users VALUES (620022060,'Dale','Spohn','DaleSpohn@gmail.com','SpohnDale');
INSERT INTO Students VALUES (620022060,'UNDERGRAD','01-01-2020');
INSERT INTO Enrolled (u_id,courseCode) VALUES (620022060,'ECON1012'),(620022060,'COMP3084'),(620022060,'MATH2550'),(620022060,'MATH1972'),(620022060,'BIOC1439');
INSERT INTO Users VALUES (620022061,'Brian','Mejias','BrianMejias@gmail.com','MejiasBrian');
INSERT INTO Students VALUES (620022061,'UNDERGRAD','01-01-2020');
INSERT INTO Enrolled (u_id,courseCode) VALUES (620022061,'COMP3167'),(620022061,'CHEM3327'),(620022061,'BIOC1485'),(620022061,'PHYS1930'),(620022061,'ECON3523'),(620022061,'PHYS1140');
INSERT INTO Users VALUES (620022062,'Howard','Sandlin','HowardSandlin@gmail.com','SandlinHoward');
INSERT INTO Students VALUES (620022062,'UNDERGRAD','01-01-2020');
INSERT INTO Enrolled (u_id,courseCode) VALUES (620022062,'PHYS2238'),(620022062,'CHEM2066'),(620022062,'COMP3047'),(620022062,'CHEM2031'),(620022062,'PHYS3876'),(620022062,'ECON3288');
INSERT INTO Users VALUES (620022063,'Madaline','Moldrem','MadalineMoldrem@gmail.com','MoldremMadaline');
INSERT INTO Students VALUES (620022063,'UNDERGRAD','01-01-2020');
INSERT INTO Enrolled (u_id,courseCode) VALUES (620022063,'INFO2950'),(620022063,'ECON3372'),(620022063,'CHEM3617'),(620022063,'ECON3004');
INSERT INTO Users VALUES (620022064,'Rick','Russ','RickRuss@gmail.com','RussRick');
INSERT INTO Students VALUES (620022064,'UNDERGRAD','01-01-2020');
INSERT INTO Enrolled (u_id,courseCode) VALUES (620022064,'MATH3844'),(620022064,'MATH3222'),(620022064,'MATH3059'),(620022064,'PHYS2306'),(620022064,'INFO3935');
INSERT INTO Users VALUES (620022065,'Rhonda','Nichols','RhondaNichols@gmail.com','NicholsRhonda');
INSERT INTO Students VALUES (620022065,'UNDERGRAD','01-01-2020');
INSERT INTO Enrolled (u_id,courseCode) VALUES (620022065,'CHEM1807'),(620022065,'PHYS3464'),(620022065,'INFO3645');
INSERT INTO Users VALUES (620022066,'Stanley','Griffitts','StanleyGriffitts@gmail.com','GriffittsStanley');
INSERT INTO Students VALUES (620022066,'UNDERGRAD','01-01-2020');
INSERT INTO Enrolled (u_id,courseCode) VALUES (620022066,'BIOC1534'),(620022066,'ECON1230'),(620022066,'PHYS2338'),(620022066,'INFO2337'),(620022066,'ECON3311');
INSERT INTO Users VALUES (620022067,'Diane','Phinney','DianePhinney@gmail.com','PhinneyDiane');
INSERT INTO Students VALUES (620022067,'UNDERGRAD','01-01-2020');
INSERT INTO Enrolled (u_id,courseCode) VALUES (620022067,'CHEM2867'),(620022067,'INFO1014'),(620022067,'CHEM1340');
INSERT INTO Users VALUES (620022068,'Betty','Colley','BettyColley@gmail.com','ColleyBetty');
INSERT INTO Students VALUES (620022068,'UNDERGRAD','01-01-2020');
INSERT INTO Enrolled (u_id,courseCode) VALUES (620022068,'INFO2950'),(620022068,'INFO3868'),(620022068,'MATH1735');
INSERT INTO Users VALUES (620022069,'Shane','Alvarez','ShaneAlvarez@gmail.com','AlvarezShane');
INSERT INTO Students VALUES (620022069,'UNDERGRAD','01-01-2020');
INSERT INTO Enrolled (u_id,courseCode) VALUES (620022069,'COMP2080'),(620022069,'PHYS2563'),(620022069,'BIOC1910'),(620022069,'INFO1242'),(620022069,'MATH3179');
INSERT INTO Users VALUES (620022070,'Sandra','Rodriguez','SandraRodriguez@gmail.com','RodriguezSandra');
INSERT INTO Students VALUES (620022070,'UNDERGRAD','01-01-2020');
INSERT INTO Enrolled (u_id,courseCode) VALUES (620022070,'MATH3209'),(620022070,'COMP3047'),(620022070,'INFO2213'),(620022070,'ECON1783');
INSERT INTO Users VALUES (620022071,'Amee','Briggs','AmeeBriggs@gmail.com','BriggsAmee');
INSERT INTO Students VALUES (620022071,'UNDERGRAD','01-01-2020');
INSERT INTO Enrolled (u_id,courseCode) VALUES (620022071,'MATH3173'),(620022071,'BIOC3191'),(620022071,'MATH3179'),(620022071,'PHYS2667');
INSERT INTO Users VALUES (620022072,'Steven','Klein','StevenKlein@gmail.com','KleinSteven');
INSERT INTO Students VALUES (620022072,'UNDERGRAD','01-01-2020');
INSERT INTO Enrolled (u_id,courseCode) VALUES (620022072,'INFO2811'),(620022072,'CHEM3409'),(620022072,'BIOC1104');
INSERT INTO Users VALUES (620022073,'Lori','Coleman','LoriColeman@gmail.com','ColemanLori');
INSERT INTO Students VALUES (620022073,'UNDERGRAD','01-01-2020');
INSERT INTO Enrolled (u_id,courseCode) VALUES (620022073,'PHYS2229'),(620022073,'MATH1148'),(620022073,'PHYS2113');
INSERT INTO Users VALUES (620022074,'Stacy','Hernandez','StacyHernandez@gmail.com','HernandezStacy');
INSERT INTO Students VALUES (620022074,'UNDERGRAD','01-01-2020');
INSERT INTO Enrolled (u_id,courseCode) VALUES (620022074,'COMP3536'),(620022074,'BIOC1052'),(620022074,'COMP3639'),(620022074,'COMP1357'),(620022074,'INFO2147'),(620022074,'PHYS2451');
INSERT INTO Users VALUES (620022075,'Kurt','Evans','KurtEvans@gmail.com','EvansKurt');
INSERT INTO Students VALUES (620022075,'UNDERGRAD','01-01-2020');
INSERT INTO Enrolled (u_id,courseCode) VALUES (620022075,'COMP3536'),(620022075,'ECON2345'),(620022075,'MATH2555'),(620022075,'CHEM2727'),(620022075,'COMP1051'),(620022075,'ECON3372');
INSERT INTO Users VALUES (620022076,'Elmer','Barnett','ElmerBarnett@gmail.com','BarnettElmer');
INSERT INTO Students VALUES (620022076,'UNDERGRAD','01-01-2020');
INSERT INTO Enrolled (u_id,courseCode) VALUES (620022076,'COMP2077'),(620022076,'MATH3059'),(620022076,'INFO2559'),(620022076,'MATH2550');
INSERT INTO Users VALUES (620022077,'Tim','Ramlall','TimRamlall@gmail.com','RamlallTim');
INSERT INTO Students VALUES (620022077,'UNDERGRAD','01-01-2020');
INSERT INTO Enrolled (u_id,courseCode) VALUES (620022077,'BIOC1448'),(620022077,'MATH1262'),(620022077,'MATH3544'),(620022077,'PHYS1173');
INSERT INTO Users VALUES (620022078,'Doris','Rodriguez','DorisRodriguez@gmail.com','RodriguezDoris');
INSERT INTO Students VALUES (620022078,'UNDERGRAD','01-01-2020');
INSERT INTO Enrolled (u_id,courseCode) VALUES (620022078,'INFO1648'),(620022078,'BIOC3721'),(620022078,'ECON2722');
INSERT INTO Users VALUES (620022079,'Bobby','Garrett','BobbyGarrett@gmail.com','GarrettBobby');
INSERT INTO Students VALUES (620022079,'UNDERGRAD','01-01-2020');
INSERT INTO Enrolled (u_id,courseCode) VALUES (620022079,'BIOC1866'),(620022079,'INFO1288'),(620022079,'MATH1972'),(620022079,'ECON1458'),(620022079,'ECON3228'),(620022079,'ECON2814');
INSERT INTO Users VALUES (620022080,'Lois','Armstead','LoisArmstead@gmail.com','ArmsteadLois');
INSERT INTO Students VALUES (620022080,'UNDERGRAD','01-01-2020');
INSERT INTO Enrolled (u_id,courseCode) VALUES (620022080,'PHYS3339'),(620022080,'BIOC3341'),(620022080,'MATH2717'),(620022080,'BIOC2981');
INSERT INTO Users VALUES (620022081,'Edward','Braun','EdwardBraun@gmail.com','BraunEdward');
INSERT INTO Students VALUES (620022081,'UNDERGRAD','01-01-2020');
INSERT INTO Enrolled (u_id,courseCode) VALUES (620022081,'PHYS3464'),(620022081,'MATH2067'),(620022081,'ECON3989'),(620022081,'BIOC1725'),(620022081,'COMP3084'),(620022081,'INFO2337');
INSERT INTO Users VALUES (620022082,'Rick','Hayes','RickHayes@gmail.com','HayesRick');
INSERT INTO Students VALUES (620022082,'UNDERGRAD','01-01-2020');
INSERT INTO Enrolled (u_id,courseCode) VALUES (620022082,'BIOC2550'),(620022082,'BIOC1448'),(620022082,'CHEM2727'),(620022082,'MATH3544');
INSERT INTO Users VALUES (620022083,'Sarah','Pedersen','SarahPedersen@gmail.com','PedersenSarah');
INSERT INTO Students VALUES (620022083,'UNDERGRAD','01-01-2020');
INSERT INTO Enrolled (u_id,courseCode) VALUES (620022083,'CHEM2481'),(620022083,'COMP1543'),(620022083,'ECON3288'),(620022083,'CHEM1807'),(620022083,'ECON1498'),(620022083,'MATH1148');
INSERT INTO Users VALUES (620022084,'Clarence','Maze','ClarenceMaze@gmail.com','MazeClarence');
INSERT INTO Students VALUES (620022084,'UNDERGRAD','01-01-2020');
INSERT INTO Enrolled (u_id,courseCode) VALUES (620022084,'MATH2873'),(620022084,'PHYS2977'),(620022084,'MATH3029'),(620022084,'INFO3636'),(620022084,'CHEM1807'),(620022084,'PHYS1979');
INSERT INTO Users VALUES (620022085,'Nan','Scales','NanScales@gmail.com','ScalesNan');
INSERT INTO Students VALUES (620022085,'UNDERGRAD','01-01-2020');
INSERT INTO Enrolled (u_id,courseCode) VALUES (620022085,'MATH2555'),(620022085,'ECON2387'),(620022085,'COMP1184'),(620022085,'MATH3173'),(620022085,'CHEM3747'),(620022085,'ECON2345');
INSERT INTO Users VALUES (620022086,'Edna','Horth','EdnaHorth@gmail.com','HorthEdna');
INSERT INTO Students VALUES (620022086,'UNDERGRAD','01-01-2020');
INSERT INTO Enrolled (u_id,courseCode) VALUES (620022086,'PHYS3354'),(620022086,'PHYS1173'),(620022086,'CHEM2177');
INSERT INTO Users VALUES (620022087,'Lindsey','Hernandez','LindseyHernandez@gmail.com','HernandezLindsey');
INSERT INTO Students VALUES (620022087,'UNDERGRAD','01-01-2020');
INSERT INTO Enrolled (u_id,courseCode) VALUES (620022087,'PHYS3052'),(620022087,'ECON3228'),(620022087,'COMP1051'),(620022087,'ECON3311'),(620022087,'CHEM2149');
INSERT INTO Users VALUES (620022088,'Judith','Carlson','JudithCarlson@gmail.com','CarlsonJudith');
INSERT INTO Students VALUES (620022088,'UNDERGRAD','01-01-2020');
INSERT INTO Enrolled (u_id,courseCode) VALUES (620022088,'COMP3639'),(620022088,'BIOC1164'),(620022088,'COMP2717'),(620022088,'BIOC1448'),(620022088,'COMP3536'),(620022088,'INFO1288');
INSERT INTO Users VALUES (620022089,'Alice','Dahlheimer','AliceDahlheimer@gmail.com','DahlheimerAlice');
INSERT INTO Students VALUES (620022089,'UNDERGRAD','01-01-2020');
INSERT INTO Enrolled (u_id,courseCode) VALUES (620022089,'BIOC1794'),(620022089,'MATH3209'),(620022089,'CHEM3327');
INSERT INTO Users VALUES (620022090,'Laila','Madsen','LailaMadsen@gmail.com','MadsenLaila');
INSERT INTO Students VALUES (620022090,'UNDERGRAD','01-01-2020');
INSERT INTO Enrolled (u_id,courseCode) VALUES (620022090,'INFO1014'),(620022090,'BIOC2981'),(620022090,'MATH3209');
INSERT INTO Users VALUES (620022091,'Shawn','Cochran','ShawnCochran@gmail.com','CochranShawn');
INSERT INTO Students VALUES (620022091,'UNDERGRAD','01-01-2020');
INSERT INTO Enrolled (u_id,courseCode) VALUES (620022091,'COMP3418'),(620022091,'COMP1867'),(620022091,'ECON1170');
INSERT INTO Users VALUES (620022092,'Joan','White','JoanWhite@gmail.com','WhiteJoan');
INSERT INTO Students VALUES (620022092,'UNDERGRAD','01-01-2020');
INSERT INTO Enrolled (u_id,courseCode) VALUES (620022092,'MATH2550'),(620022092,'ECON3281'),(620022092,'ECON3447'),(620022092,'COMP3418');
INSERT INTO Users VALUES (620022093,'Dwayne','Hinojosa','DwayneHinojosa@gmail.com','HinojosaDwayne');
INSERT INTO Students VALUES (620022093,'UNDERGRAD','01-01-2020');
INSERT INTO Enrolled (u_id,courseCode) VALUES (620022093,'ECON3020'),(620022093,'BIOC3230'),(620022093,'MATH2717'),(620022093,'CHEM2005');
INSERT INTO Users VALUES (620022094,'Angie','Allen','AngieAllen@gmail.com','AllenAngie');
INSERT INTO Students VALUES (620022094,'UNDERGRAD','01-01-2020');
INSERT INTO Enrolled (u_id,courseCode) VALUES (620022094,'ECON1012'),(620022094,'BIOC1910'),(620022094,'PHYS3354'),(620022094,'PHYS1930'),(620022094,'INFO3636');
INSERT INTO Users VALUES (620022095,'Blake','Butcher','BlakeButcher@gmail.com','ButcherBlake');
INSERT INTO Students VALUES (620022095,'UNDERGRAD','01-01-2020');
INSERT INTO Enrolled (u_id,courseCode) VALUES (620022095,'MATH3857'),(620022095,'ECON3276'),(620022095,'CHEM3409');
INSERT INTO Users VALUES (620022096,'Shalanda','Sudduth','ShalandaSudduth@gmail.com','SudduthShalanda');
INSERT INTO Students VALUES (620022096,'UNDERGRAD','01-01-2020');
INSERT INTO Enrolled (u_id,courseCode) VALUES (620022096,'PHYS2667'),(620022096,'ECON1498'),(620022096,'ECON2345'),(620022096,'BIOC1598'),(620022096,'ECON1996'),(620022096,'INFO2559');
INSERT INTO Users VALUES (620022097,'Beverly','Richardson','BeverlyRichardson@gmail.com','RichardsonBeverly');
INSERT INTO Students VALUES (620022097,'UNDERGRAD','01-01-2020');
INSERT INTO Enrolled (u_id,courseCode) VALUES (620022097,'CHEM1494'),(620022097,'CHEM3409'),(620022097,'MATH3844'),(620022097,'INFO1288'),(620022097,'BIOC1744');
INSERT INTO Users VALUES (620022098,'Marshall','Vanhamlin','MarshallVanhamlin@gmail.com','VanhamlinMarshall');
INSERT INTO Students VALUES (620022098,'UNDERGRAD','01-01-2020');
INSERT INTO Enrolled (u_id,courseCode) VALUES (620022098,'MATH3844'),(620022098,'ECON3020'),(620022098,'BIOC3341'),(620022098,'COMP2965'),(620022098,'INFO3636');
INSERT INTO Users VALUES (620022099,'Ladawn','Jensen','LadawnJensen@gmail.com','JensenLadawn');
INSERT INTO Students VALUES (620022099,'UNDERGRAD','01-01-2020');
INSERT INTO Enrolled (u_id,courseCode) VALUES (620022099,'BIOC1439'),(620022099,'ECON3989'),(620022099,'PHYS1173'),(620022099,'COMP1357'),(620022099,'COMP3536'),(620022099,'PHYS3659');
INSERT INTO Users VALUES (620022100,'Blake','Oconnell','BlakeOconnell@gmail.com','OconnellBlake');
INSERT INTO Students VALUES (620022100,'UNDERGRAD','01-01-2020');
INSERT INTO Enrolled (u_id,courseCode) VALUES (620022100,'COMP1543'),(620022100,'COMP3697'),(620022100,'MATH2957'),(620022100,'CHEM2031'),(620022100,'BIOC1794');
INSERT INTO Users VALUES (620022101,'Melodie','Crawford','MelodieCrawford@gmail.com','CrawfordMelodie');
INSERT INTO Students VALUES (620022101,'UNDERGRAD','01-01-2020');
INSERT INTO Enrolled (u_id,courseCode) VALUES (620022101,'INFO3603'),(620022101,'BIOC2983'),(620022101,'CHEM2177');
INSERT INTO Users VALUES (620022102,'Glenda','Baptiste','GlendaBaptiste@gmail.com','BaptisteGlenda');
INSERT INTO Students VALUES (620022102,'UNDERGRAD','01-01-2020');
INSERT INTO Enrolled (u_id,courseCode) VALUES (620022102,'COMP2717'),(620022102,'MATH1735'),(620022102,'CHEM3793');
INSERT INTO Users VALUES (620022103,'Peggy','Oswalt','PeggyOswalt@gmail.com','OswaltPeggy');
INSERT INTO Students VALUES (620022103,'UNDERGRAD','01-01-2020');
INSERT INTO Enrolled (u_id,courseCode) VALUES (620022103,'MATH3844'),(620022103,'INFO2811'),(620022103,'BIOC3721'),(620022103,'ECON3276');
INSERT INTO Users VALUES (620022104,'Byron','Daniels','ByronDaniels@gmail.com','DanielsByron');
INSERT INTO Students VALUES (620022104,'UNDERGRAD','01-01-2020');
INSERT INTO Enrolled (u_id,courseCode) VALUES (620022104,'ECON1230'),(620022104,'ECON2345'),(620022104,'INFO2270'),(620022104,'ECON3989'),(620022104,'COMP3639');
INSERT INTO Users VALUES (620022105,'Tim','Culpepper','TimCulpepper@gmail.com','CulpepperTim');
INSERT INTO Students VALUES (620022105,'UNDERGRAD','01-01-2020');
INSERT INTO Enrolled (u_id,courseCode) VALUES (620022105,'ECON1012'),(620022105,'COMP2651'),(620022105,'COMP2541');
INSERT INTO Users VALUES (620022106,'Joe','Moldrem','JoeMoldrem@gmail.com','MoldremJoe');
INSERT INTO Students VALUES (620022106,'UNDERGRAD','01-01-2020');
INSERT INTO Enrolled (u_id,courseCode) VALUES (620022106,'MATH2717'),(620022106,'COMP1543'),(620022106,'COMP3685'),(620022106,'ECON3372'),(620022106,'PHYS1979'),(620022106,'ECON3085');
INSERT INTO Users VALUES (620022107,'Agnes','Miller','AgnesMiller@gmail.com','MillerAgnes');
INSERT INTO Students VALUES (620022107,'UNDERGRAD','01-01-2020');
INSERT INTO Enrolled (u_id,courseCode) VALUES (620022107,'CHEM1807'),(620022107,'PHYS3339'),(620022107,'ECON3372'),(620022107,'CHEM2066'),(620022107,'INFO1648'),(620022107,'MATH2188');
INSERT INTO Users VALUES (620022108,'Edward','Jensen','EdwardJensen@gmail.com','JensenEdward');
INSERT INTO Students VALUES (620022108,'UNDERGRAD','01-01-2020');
INSERT INTO Enrolled (u_id,courseCode) VALUES (620022108,'PHYS2117'),(620022108,'PHYS3787'),(620022108,'BIOC1448'),(620022108,'COMP3849');
INSERT INTO Users VALUES (620022109,'Matthew','Stovall','MatthewStovall@gmail.com','StovallMatthew');
INSERT INTO Students VALUES (620022109,'UNDERGRAD','01-01-2020');
INSERT INTO Enrolled (u_id,courseCode) VALUES (620022109,'INFO3603'),(620022109,'INFO1242'),(620022109,'PHYS1399'),(620022109,'INFO2860'),(620022109,'CHEM2031');
INSERT INTO Users VALUES (620022110,'Rhoda','Charland','RhodaCharland@gmail.com','CharlandRhoda');
INSERT INTO Students VALUES (620022110,'UNDERGRAD','01-01-2020');
INSERT INTO Enrolled (u_id,courseCode) VALUES (620022110,'BIOC1986'),(620022110,'PHYS3354'),(620022110,'CHEM3793'),(620022110,'PHYS2229'),(620022110,'ECON3085'),(620022110,'PHYS3290');
INSERT INTO Users VALUES (620022111,'Tracy','Vargas','TracyVargas@gmail.com','VargasTracy');
INSERT INTO Students VALUES (620022111,'UNDERGRAD','01-01-2020');
INSERT INTO Enrolled (u_id,courseCode) VALUES (620022111,'ECON2703'),(620022111,'COMP3849'),(620022111,'MATH3209'),(620022111,'COMP3418');
INSERT INTO Users VALUES (620022112,'Jeremy','Horth','JeremyHorth@gmail.com','HorthJeremy');
INSERT INTO Students VALUES (620022112,'UNDERGRAD','01-01-2020');
INSERT INTO Enrolled (u_id,courseCode) VALUES (620022112,'CHEM1485'),(620022112,'CHEM3747'),(620022112,'PHYS2229'),(620022112,'CHEM2446');
INSERT INTO Users VALUES (620022113,'Randall','Felipe','RandallFelipe@gmail.com','FelipeRandall');
INSERT INTO Students VALUES (620022113,'UNDERGRAD','01-01-2020');
INSERT INTO Enrolled (u_id,courseCode) VALUES (620022113,'BIOC1485'),(620022113,'CHEM1485'),(620022113,'ECON1783'),(620022113,'COMP3685'),(620022113,'ECON1012');
INSERT INTO Users VALUES (620022114,'Leticia','Hoffman','LeticiaHoffman@gmail.com','HoffmanLeticia');
INSERT INTO Students VALUES (620022114,'UNDERGRAD','01-01-2020');
INSERT INTO Enrolled (u_id,courseCode) VALUES (620022114,'PHYS1993'),(620022114,'BIOC1052'),(620022114,'INFO3868'),(620022114,'ECON3989'),(620022114,'ECON1498'),(620022114,'CHEM3054');
INSERT INTO Users VALUES (620022115,'Scott','Souza','ScottSouza@gmail.com','SouzaScott');
INSERT INTO Students VALUES (620022115,'UNDERGRAD','01-01-2020');
INSERT INTO Enrolled (u_id,courseCode) VALUES (620022115,'MATH2873'),(620022115,'INFO2559'),(620022115,'MATH2067');
INSERT INTO Users VALUES (620022116,'Shonda','Carrington','ShondaCarrington@gmail.com','CarringtonShonda');
INSERT INTO Students VALUES (620022116,'UNDERGRAD','01-01-2020');
INSERT INTO Enrolled (u_id,courseCode) VALUES (620022116,'BIOC1052'),(620022116,'MATH1262'),(620022116,'MATH2957'),(620022116,'ECON3276'),(620022116,'CHEM3614');
INSERT INTO Users VALUES (620022117,'Hector','Monte','HectorMonte@gmail.com','MonteHector');
INSERT INTO Students VALUES (620022117,'UNDERGRAD','01-01-2020');
INSERT INTO Enrolled (u_id,courseCode) VALUES (620022117,'MATH2957'),(620022117,'COMP2651'),(620022117,'COMP2361'),(620022117,'MATH3029'),(620022117,'PHYS2563'),(620022117,'ECON3447');
INSERT INTO Users VALUES (620022118,'Adrienne','Scully','AdrienneScully@gmail.com','ScullyAdrienne');
INSERT INTO Students VALUES (620022118,'UNDERGRAD','01-01-2020');
INSERT INTO Enrolled (u_id,courseCode) VALUES (620022118,'BIOC1725'),(620022118,'BIOC1448'),(620022118,'INFO1825'),(620022118,'INFO2521'),(620022118,'INFO1447'),(620022118,'COMP1573');
INSERT INTO Users VALUES (620022119,'Tony','Griffin','TonyGriffin@gmail.com','GriffinTony');
INSERT INTO Students VALUES (620022119,'UNDERGRAD','01-01-2020');
INSERT INTO Enrolled (u_id,courseCode) VALUES (620022119,'COMP3685'),(620022119,'BIOC3604'),(620022119,'MATH2188'),(620022119,'PHYS2338'),(620022119,'INFO3419');
INSERT INTO Users VALUES (620022120,'Ashley','Lowrey','AshleyLowrey@gmail.com','LowreyAshley');
INSERT INTO Students VALUES (620022120,'UNDERGRAD','01-01-2020');
INSERT INTO Enrolled (u_id,courseCode) VALUES (620022120,'PHYS2117'),(620022120,'ECON3311'),(620022120,'ECON1098'),(620022120,'ECON3020'),(620022120,'PHYS3354'),(620022120,'PHYS3686');
INSERT INTO Users VALUES (620022121,'Dorothy','Saunders','DorothySaunders@gmail.com','SaundersDorothy');
INSERT INTO Students VALUES (620022121,'UNDERGRAD','01-01-2020');
INSERT INTO Enrolled (u_id,courseCode) VALUES (620022121,'CHEM2604'),(620022121,'CHEM2220'),(620022121,'COMP3639'),(620022121,'MATH3173'),(620022121,'CHEM1613'),(620022121,'MATH2188');
INSERT INTO Users VALUES (620022122,'Grace','Maione','GraceMaione@gmail.com','MaioneGrace');
INSERT INTO Students VALUES (620022122,'UNDERGRAD','01-01-2020');
INSERT INTO Enrolled (u_id,courseCode) VALUES (620022122,'INFO2521'),(620022122,'MATH1735'),(620022122,'PHYS2117'),(620022122,'COMP1184'),(620022122,'CHEM3054'),(620022122,'CHEM2149');
INSERT INTO Users VALUES (620022123,'Terri','Turner','TerriTurner@gmail.com','TurnerTerri');
INSERT INTO Students VALUES (620022123,'UNDERGRAD','01-01-2020');
INSERT INTO Enrolled (u_id,courseCode) VALUES (620022123,'BIOC3457'),(620022123,'CHEM2065'),(620022123,'PHYS1993'),(620022123,'INFO2950'),(620022123,'CHEM2177'),(620022123,'PHYS1140');
INSERT INTO Users VALUES (620022124,'Juan','Wright','JuanWright@gmail.com','WrightJuan');
INSERT INTO Students VALUES (620022124,'UNDERGRAD','01-01-2020');
INSERT INTO Enrolled (u_id,courseCode) VALUES (620022124,'MATH3059'),(620022124,'PHYS2113'),(620022124,'COMP1357'),(620022124,'COMP3047'),(620022124,'BIOC1744');
INSERT INTO Users VALUES (620022125,'Jennifer','Larry','JenniferLarry@gmail.com','LarryJennifer');
INSERT INTO Students VALUES (620022125,'UNDERGRAD','01-01-2020');
INSERT INTO Enrolled (u_id,courseCode) VALUES (620022125,'ECON2703'),(620022125,'PHYS2451'),(620022125,'COMP2965'),(620022125,'COMP1867'),(620022125,'BIOC1744');
INSERT INTO Users VALUES (620022126,'Stanley','Moldrem','StanleyMoldrem@gmail.com','MoldremStanley');
INSERT INTO Students VALUES (620022126,'UNDERGRAD','01-01-2020');
INSERT INTO Enrolled (u_id,courseCode) VALUES (620022126,'MATH1638'),(620022126,'INFO1990'),(620022126,'ECON2345'),(620022126,'MATH3222');
INSERT INTO Users VALUES (620022127,'Antionette','Pedersen','AntionettePedersen@gmail.com','PedersenAntionette');
INSERT INTO Students VALUES (620022127,'UNDERGRAD','01-01-2020');
INSERT INTO Enrolled (u_id,courseCode) VALUES (620022127,'BIOC1910'),(620022127,'INFO1990'),(620022127,'PHYS2977');
INSERT INTO Users VALUES (620022128,'Tracy','Hanks','TracyHanks@gmail.com','HanksTracy');
INSERT INTO Students VALUES (620022128,'UNDERGRAD','01-01-2020');
INSERT INTO Enrolled (u_id,courseCode) VALUES (620022128,'PHYS3052'),(620022128,'COMP3238'),(620022128,'COMP3685'),(620022128,'COMP2361'),(620022128,'INFO2797');
INSERT INTO Users VALUES (620022129,'Taylor','Kenney','TaylorKenney@gmail.com','KenneyTaylor');
INSERT INTO Students VALUES (620022129,'UNDERGRAD','01-01-2020');
INSERT INTO Enrolled (u_id,courseCode) VALUES (620022129,'BIOC1439'),(620022129,'ECON3989'),(620022129,'COMP1867'),(620022129,'ECON3550'),(620022129,'INFO1825');
INSERT INTO Users VALUES (620022130,'Reginald','Griffin','ReginaldGriffin@gmail.com','GriffinReginald');
INSERT INTO Students VALUES (620022130,'UNDERGRAD','01-01-2020');
INSERT INTO Enrolled (u_id,courseCode) VALUES (620022130,'CHEM2604'),(620022130,'ECON3523'),(620022130,'BIOC2054'),(620022130,'CHEM1807');
INSERT INTO Users VALUES (620022131,'Agnes','Stovall','AgnesStovall@gmail.com','StovallAgnes');
INSERT INTO Students VALUES (620022131,'UNDERGRAD','01-01-2020');
INSERT INTO Enrolled (u_id,courseCode) VALUES (620022131,'ECON1012'),(620022131,'BIOC2550'),(620022131,'INFO1288'),(620022131,'COMP3238');
INSERT INTO Users VALUES (620022132,'Leo','Maione','LeoMaione@gmail.com','MaioneLeo');
INSERT INTO Students VALUES (620022132,'UNDERGRAD','01-01-2020');
INSERT INTO Enrolled (u_id,courseCode) VALUES (620022132,'CHEM2177'),(620022132,'BIOC2981'),(620022132,'CHEM1485'),(620022132,'PHYS3339');
INSERT INTO Users VALUES (620022133,'Lori','Wurdeman','LoriWurdeman@gmail.com','WurdemanLori');
INSERT INTO Students VALUES (620022133,'UNDERGRAD','01-01-2020');
INSERT INTO Enrolled (u_id,courseCode) VALUES (620022133,'COMP2651'),(620022133,'MATH1578'),(620022133,'MATH1454'),(620022133,'BIOC1104'),(620022133,'CHEM1613'),(620022133,'PHYS2117');
INSERT INTO Users VALUES (620022134,'David','Hudson','DavidHudson@gmail.com','HudsonDavid');
INSERT INTO Students VALUES (620022134,'UNDERGRAD','01-01-2020');
INSERT INTO Enrolled (u_id,courseCode) VALUES (620022134,'ECON3004'),(620022134,'MATH3857'),(620022134,'ECON3063');
INSERT INTO Users VALUES (620022135,'Christopher','Estrada','ChristopherEstrada@gmail.com','EstradaChristopher');
INSERT INTO Students VALUES (620022135,'UNDERGRAD','01-01-2020');
INSERT INTO Enrolled (u_id,courseCode) VALUES (620022135,'CHEM3888'),(620022135,'COMP3167'),(620022135,'BIOC2671'),(620022135,'BIOC3721'),(620022135,'ECON3228'),(620022135,'BIOC2550');
INSERT INTO Users VALUES (620022136,'Marie','Chatcho','MarieChatcho@gmail.com','ChatchoMarie');
INSERT INTO Students VALUES (620022136,'UNDERGRAD','01-01-2020');
INSERT INTO Enrolled (u_id,courseCode) VALUES (620022136,'CHEM2604'),(620022136,'INFO3419'),(620022136,'INFO1648'),(620022136,'BIOC3230');
INSERT INTO Users VALUES (620022137,'Kelly','Calloway','KellyCalloway@gmail.com','CallowayKelly');
INSERT INTO Students VALUES (620022137,'UNDERGRAD','01-01-2020');
INSERT INTO Enrolled (u_id,courseCode) VALUES (620022137,'CHEM3614'),(620022137,'ECON3228'),(620022137,'CHEM2149'),(620022137,'MATH1972'),(620022137,'MATH2555'),(620022137,'INFO3868');
INSERT INTO Users VALUES (620022138,'Peter','Miller','PeterMiller@gmail.com','MillerPeter');
INSERT INTO Students VALUES (620022138,'UNDERGRAD','01-01-2020');
INSERT INTO Enrolled (u_id,courseCode) VALUES (620022138,'INFO3603'),(620022138,'COMP2361'),(620022138,'COMP1460');
INSERT INTO Users VALUES (620022139,'Earl','Steinberger','EarlSteinberger@gmail.com','SteinbergerEarl');
INSERT INTO Students VALUES (620022139,'UNDERGRAD','01-01-2020');
INSERT INTO Enrolled (u_id,courseCode) VALUES (620022139,'ECON3004'),(620022139,'MATH3857'),(620022139,'COMP2965'),(620022139,'MATH1309');
INSERT INTO Users VALUES (620022140,'Sara','Daniels','SaraDaniels@gmail.com','DanielsSara');
INSERT INTO Students VALUES (620022140,'UNDERGRAD','01-01-2020');
INSERT INTO Enrolled (u_id,courseCode) VALUES (620022140,'INFO1825'),(620022140,'BIOC1866'),(620022140,'MATH3844');
INSERT INTO Users VALUES (620022141,'Catherine','Valenzuela','CatherineValenzuela@gmail.com','ValenzuelaCatherine');
INSERT INTO Students VALUES (620022141,'UNDERGRAD','01-01-2020');
INSERT INTO Enrolled (u_id,courseCode) VALUES (620022141,'INFO3935'),(620022141,'INFO1145'),(620022141,'PHYS2229'),(620022141,'INFO3419'),(620022141,'MATH1262');
INSERT INTO Users VALUES (620022142,'Blake','Hunter','BlakeHunter@gmail.com','HunterBlake');
INSERT INTO Students VALUES (620022142,'UNDERGRAD','01-01-2020');
INSERT INTO Enrolled (u_id,courseCode) VALUES (620022142,'BIOC1598'),(620022142,'MATH2957'),(620022142,'CHEM3409'),(620022142,'BIOC1534'),(620022142,'COMP3536'),(620022142,'PHYS1979');
INSERT INTO Users VALUES (620022143,'Wayne','Lockwood','WayneLockwood@gmail.com','LockwoodWayne');
INSERT INTO Students VALUES (620022143,'UNDERGRAD','01-01-2020');
INSERT INTO Enrolled (u_id,courseCode) VALUES (620022143,'INFO1014'),(620022143,'MATH1735'),(620022143,'PHYS2667');
INSERT INTO Users VALUES (620022144,'Eugene','Carlson','EugeneCarlson@gmail.com','CarlsonEugene');
INSERT INTO Students VALUES (620022144,'UNDERGRAD','01-01-2020');
INSERT INTO Enrolled (u_id,courseCode) VALUES (620022144,'MATH2801'),(620022144,'BIOC1485'),(620022144,'COMP2965'),(620022144,'CHEM3617');
INSERT INTO Users VALUES (620022145,'Cleveland','Coleman','ClevelandColeman@gmail.com','ColemanCleveland');
INSERT INTO Students VALUES (620022145,'UNDERGRAD','01-01-2020');
INSERT INTO Enrolled (u_id,courseCode) VALUES (620022145,'ECON2345'),(620022145,'ECON3372'),(620022145,'MATH3173');
INSERT INTO Users VALUES (620022146,'Jason','Hudson','JasonHudson@gmail.com','HudsonJason');
INSERT INTO Students VALUES (620022146,'UNDERGRAD','01-01-2020');
INSERT INTO Enrolled (u_id,courseCode) VALUES (620022146,'ECON3228'),(620022146,'PHYS3686'),(620022146,'COMP3084'),(620022146,'BIOC1744'),(620022146,'PHYS3339'),(620022146,'INFO1648');
INSERT INTO Users VALUES (620022147,'Jose','Hayes','JoseHayes@gmail.com','HayesJose');
INSERT INTO Students VALUES (620022147,'UNDERGRAD','01-01-2020');
INSERT INTO Enrolled (u_id,courseCode) VALUES (620022147,'MATH2067'),(620022147,'ECON3311'),(620022147,'BIOC2983'),(620022147,'COMP2077'),(620022147,'ECON3276'),(620022147,'ECON3004');
INSERT INTO Users VALUES (620022148,'Adrienne','Mitchell','AdrienneMitchell@gmail.com','MitchellAdrienne');
INSERT INTO Students VALUES (620022148,'UNDERGRAD','01-01-2020');
INSERT INTO Enrolled (u_id,courseCode) VALUES (620022148,'ECON1170'),(620022148,'CHEM3347'),(620022148,'BIOC1986'),(620022148,'ECON1098'),(620022148,'MATH1148'),(620022148,'MATH3844');
INSERT INTO Users VALUES (620022149,'Dennis','Pantoja','DennisPantoja@gmail.com','PantojaDennis');
INSERT INTO Students VALUES (620022149,'UNDERGRAD','01-01-2020');
INSERT INTO Enrolled (u_id,courseCode) VALUES (620022149,'MATH3173'),(620022149,'COMP2651'),(620022149,'INFO3868'),(620022149,'MATH2555');
INSERT INTO Users VALUES (620022150,'Gary','Stovall','GaryStovall@gmail.com','StovallGary');
INSERT INTO Students VALUES (620022150,'UNDERGRAD','01-01-2020');
INSERT INTO Enrolled (u_id,courseCode) VALUES (620022150,'CHEM2065'),(620022150,'BIOC2671'),(620022150,'INFO2337');
INSERT INTO Users VALUES (620022151,'Gary','Quintero','GaryQuintero@gmail.com','QuinteroGary');
INSERT INTO Students VALUES (620022151,'UNDERGRAD','01-01-2020');
INSERT INTO Enrolled (u_id,courseCode) VALUES (620022151,'ECON3550'),(620022151,'BIOC3341'),(620022151,'ECON3228'),(620022151,'MATH1638'),(620022151,'CHEM1807');
INSERT INTO Users VALUES (620022152,'Delmar','Terry','DelmarTerry@gmail.com','TerryDelmar');
INSERT INTO Students VALUES (620022152,'UNDERGRAD','01-01-2020');
INSERT INTO Enrolled (u_id,courseCode) VALUES (620022152,'PHYS3354'),(620022152,'CHEM3747'),(620022152,'INFO2521'),(620022152,'CHEM2220'),(620022152,'ECON3276');
INSERT INTO Users VALUES (620022153,'Kimberly','Lorenz','KimberlyLorenz@gmail.com','LorenzKimberly');
INSERT INTO Students VALUES (620022153,'UNDERGRAD','01-01-2020');
INSERT INTO Enrolled (u_id,courseCode) VALUES (620022153,'INFO1242'),(620022153,'CHEM2149'),(620022153,'INFO1288'),(620022153,'COMP2965'),(620022153,'ECON3020');
INSERT INTO Users VALUES (620022154,'Marshall','Brock','MarshallBrock@gmail.com','BrockMarshall');
INSERT INTO Students VALUES (620022154,'UNDERGRAD','01-01-2020');
INSERT INTO Enrolled (u_id,courseCode) VALUES (620022154,'BIOC2671'),(620022154,'INFO1990'),(620022154,'BIOC1164');
INSERT INTO Users VALUES (620022155,'Roger','Koehn','RogerKoehn@gmail.com','KoehnRoger');
INSERT INTO Students VALUES (620022155,'UNDERGRAD','01-01-2020');
INSERT INTO Enrolled (u_id,courseCode) VALUES (620022155,'MATH3059'),(620022155,'MATH2873'),(620022155,'COMP3084'),(620022155,'BIOC3341'),(620022155,'INFO3645');
INSERT INTO Users VALUES (620022156,'Adrienne','Lauritsen','AdrienneLauritsen@gmail.com','LauritsenAdrienne');
INSERT INTO Students VALUES (620022156,'UNDERGRAD','01-01-2020');
INSERT INTO Enrolled (u_id,courseCode) VALUES (620022156,'INFO2811'),(620022156,'CHEM2220'),(620022156,'BIOC1052'),(620022156,'INFO3935'),(620022156,'CHEM2797'),(620022156,'COMP3536');
INSERT INTO Users VALUES (620022157,'Tony','Crawford','TonyCrawford@gmail.com','CrawfordTony');
INSERT INTO Students VALUES (620022157,'UNDERGRAD','01-01-2020');
INSERT INTO Enrolled (u_id,courseCode) VALUES (620022157,'CHEM2604'),(620022157,'CHEM1613'),(620022157,'PHYS2448');
INSERT INTO Users VALUES (620022158,'Rodney','Merna','RodneyMerna@gmail.com','MernaRodney');
INSERT INTO Students VALUES (620022158,'UNDERGRAD','01-01-2020');
INSERT INTO Enrolled (u_id,courseCode) VALUES (620022158,'COMP3746'),(620022158,'BIOC1448'),(620022158,'BIOC3191');
INSERT INTO Users VALUES (620022159,'Ladawn','Eubank','LadawnEubank@gmail.com','EubankLadawn');
INSERT INTO Students VALUES (620022159,'UNDERGRAD','01-01-2020');
INSERT INTO Enrolled (u_id,courseCode) VALUES (620022159,'PHYS2448'),(620022159,'BIOC2589'),(620022159,'BIOC1485');
INSERT INTO Users VALUES (620022160,'James','Chatcho','JamesChatcho@gmail.com','ChatchoJames');
INSERT INTO Students VALUES (620022160,'UNDERGRAD','01-01-2020');
INSERT INTO Enrolled (u_id,courseCode) VALUES (620022160,'COMP3418'),(620022160,'COMP3506'),(620022160,'CHEM3747');
INSERT INTO Users VALUES (620022161,'Adelle','Turkus','AdelleTurkus@gmail.com','TurkusAdelle');
INSERT INTO Students VALUES (620022161,'UNDERGRAD','01-01-2020');
INSERT INTO Enrolled (u_id,courseCode) VALUES (620022161,'CHEM3617'),(620022161,'COMP3506'),(620022161,'INFO2213'),(620022161,'MATH1972');
INSERT INTO Users VALUES (620022162,'Bryon','Parker','BryonParker@gmail.com','ParkerBryon');
INSERT INTO Students VALUES (620022162,'UNDERGRAD','01-01-2020');
INSERT INTO Enrolled (u_id,courseCode) VALUES (620022162,'INFO2797'),(620022162,'MATH3059'),(620022162,'PHYS3339'),(620022162,'PHYS3876'),(620022162,'ECON3550'),(620022162,'BIOC1448');
INSERT INTO Users VALUES (620022163,'Celia','Deen','CeliaDeen@gmail.com','DeenCelia');
INSERT INTO Students VALUES (620022163,'UNDERGRAD','01-01-2020');
INSERT INTO Enrolled (u_id,courseCode) VALUES (620022163,'PHYS1993'),(620022163,'BIOC2236'),(620022163,'ECON3228'),(620022163,'PHYS1979');
INSERT INTO Users VALUES (620022164,'Earl','Hinojosa','EarlHinojosa@gmail.com','HinojosaEarl');
INSERT INTO Students VALUES (620022164,'UNDERGRAD','01-01-2020');
INSERT INTO Enrolled (u_id,courseCode) VALUES (620022164,'MATH2067'),(620022164,'INFO2716'),(620022164,'BIOC2671'),(620022164,'MATH1309'),(620022164,'CHEM3409');
INSERT INTO Users VALUES (620022165,'Warren','Wolfe','WarrenWolfe@gmail.com','WolfeWarren');
INSERT INTO Students VALUES (620022165,'UNDERGRAD','01-01-2020');
INSERT INTO Enrolled (u_id,courseCode) VALUES (620022165,'CHEM2065'),(620022165,'PHYS1930'),(620022165,'INFO3935');
INSERT INTO Users VALUES (620022166,'Denise','Duffie','DeniseDuffie@gmail.com','DuffieDenise');
INSERT INTO Students VALUES (620022166,'UNDERGRAD','01-01-2020');
INSERT INTO Enrolled (u_id,courseCode) VALUES (620022166,'MATH3844'),(620022166,'COMP2077'),(620022166,'BIOC1439');
INSERT INTO Users VALUES (620022167,'Marilyn','Caudill','MarilynCaudill@gmail.com','CaudillMarilyn');
INSERT INTO Students VALUES (620022167,'UNDERGRAD','01-01-2020');
INSERT INTO Enrolled (u_id,courseCode) VALUES (620022167,'CHEM2066'),(620022167,'BIOC2550'),(620022167,'MATH3209');
INSERT INTO Users VALUES (620022168,'Toby','Campbell','TobyCampbell@gmail.com','CampbellToby');
INSERT INTO Students VALUES (620022168,'UNDERGRAD','01-01-2020');
INSERT INTO Enrolled (u_id,courseCode) VALUES (620022168,'MATH3613'),(620022168,'COMP3536'),(620022168,'MATH3857'),(620022168,'MATH2550'),(620022168,'INFO2337'),(620022168,'COMP1573');
INSERT INTO Users VALUES (620022169,'Stephanie','Crites','StephanieCrites@gmail.com','CritesStephanie');
INSERT INTO Students VALUES (620022169,'UNDERGRAD','01-01-2020');
INSERT INTO Enrolled (u_id,courseCode) VALUES (620022169,'ECON3228'),(620022169,'BIOC1052'),(620022169,'ECON2722');
INSERT INTO Users VALUES (620022170,'Sergio','Bourgoin','SergioBourgoin@gmail.com','BourgoinSergio');
INSERT INTO Students VALUES (620022170,'UNDERGRAD','01-01-2020');
INSERT INTO Enrolled (u_id,courseCode) VALUES (620022170,'PHYS3339'),(620022170,'COMP2965'),(620022170,'CHEM2604');
INSERT INTO Users VALUES (620022171,'Antionette','Fields','AntionetteFields@gmail.com','FieldsAntionette');
INSERT INTO Students VALUES (620022171,'UNDERGRAD','01-01-2020');
INSERT INTO Enrolled (u_id,courseCode) VALUES (620022171,'CHEM2005'),(620022171,'MATH3688'),(620022171,'BIOC2983'),(620022171,'BIOC3604'),(620022171,'ECON1996'),(620022171,'ECON1458');
INSERT INTO Users VALUES (620022172,'Chad','Sultzer','ChadSultzer@gmail.com','SultzerChad');
INSERT INTO Students VALUES (620022172,'UNDERGRAD','01-01-2020');
INSERT INTO Enrolled (u_id,courseCode) VALUES (620022172,'INFO2797'),(620022172,'ECON3989'),(620022172,'COMP2717'),(620022172,'BIOC3604'),(620022172,'ECON3288');
INSERT INTO Users VALUES (620022173,'Rodney','Wurdeman','RodneyWurdeman@gmail.com','WurdemanRodney');
INSERT INTO Students VALUES (620022173,'UNDERGRAD','01-01-2020');
INSERT INTO Enrolled (u_id,courseCode) VALUES (620022173,'MATH2550'),(620022173,'CHEM3327'),(620022173,'ECON1783');
INSERT INTO Users VALUES (620022174,'Kathy','Barnett','KathyBarnett@gmail.com','BarnettKathy');
INSERT INTO Students VALUES (620022174,'UNDERGRAD','01-01-2020');
INSERT INTO Enrolled (u_id,courseCode) VALUES (620022174,'CHEM1340'),(620022174,'MATH2801'),(620022174,'BIOC2671'),(620022174,'ECON3063');
INSERT INTO Users VALUES (620022175,'Catherine','Wengerd','CatherineWengerd@gmail.com','WengerdCatherine');
INSERT INTO Students VALUES (620022175,'UNDERGRAD','01-01-2020');
INSERT INTO Enrolled (u_id,courseCode) VALUES (620022175,'BIOC1986'),(620022175,'ECON3281'),(620022175,'BIOC3604'),(620022175,'CHEM3347'),(620022175,'INFO1014'),(620022175,'BIOC3457');
INSERT INTO Users VALUES (620022176,'Marilyn','Steere','MarilynSteere@gmail.com','SteereMarilyn');
INSERT INTO Students VALUES (620022176,'UNDERGRAD','01-01-2020');
INSERT INTO Enrolled (u_id,courseCode) VALUES (620022176,'COMP3167'),(620022176,'COMP1357'),(620022176,'COMP3536'),(620022176,'CHEM2867'),(620022176,'ECON3372');
INSERT INTO Users VALUES (620022177,'Shonda','Sniezek','ShondaSniezek@gmail.com','SniezekShonda');
INSERT INTO Students VALUES (620022177,'UNDERGRAD','01-01-2020');
INSERT INTO Enrolled (u_id,courseCode) VALUES (620022177,'CHEM1340'),(620022177,'ECON2814'),(620022177,'COMP2400'),(620022177,'INFO2213'),(620022177,'PHYS3290'),(620022177,'COMP2965');
INSERT INTO Users VALUES (620022178,'Kim','Gilmore','KimGilmore@gmail.com','GilmoreKim');
INSERT INTO Students VALUES (620022178,'UNDERGRAD','01-01-2020');
INSERT INTO Enrolled (u_id,courseCode) VALUES (620022178,'CHEM3409'),(620022178,'BIOC2589'),(620022178,'INFO2811');
INSERT INTO Users VALUES (620022179,'Francis','Garnes','FrancisGarnes@gmail.com','GarnesFrancis');
INSERT INTO Students VALUES (620022179,'UNDERGRAD','01-01-2020');
INSERT INTO Enrolled (u_id,courseCode) VALUES (620022179,'PHYS3052'),(620022179,'PHYS1173'),(620022179,'PHYS1993'),(620022179,'INFO1145');
INSERT INTO Users VALUES (620022180,'Ben','Bordelon','BenBordelon@gmail.com','BordelonBen');
INSERT INTO Students VALUES (620022180,'UNDERGRAD','01-01-2020');
INSERT INTO Enrolled (u_id,courseCode) VALUES (620022180,'PHYS2451'),(620022180,'PHYS1993'),(620022180,'COMP2361'),(620022180,'CHEM2031'),(620022180,'COMP3746');
INSERT INTO Users VALUES (620022181,'Tiara','Caudill','TiaraCaudill@gmail.com','CaudillTiara');
INSERT INTO Students VALUES (620022181,'UNDERGRAD','01-01-2020');
INSERT INTO Enrolled (u_id,courseCode) VALUES (620022181,'ECON2814'),(620022181,'COMP1543'),(620022181,'INFO1990'),(620022181,'PHYS2113'),(620022181,'ECON1098');
INSERT INTO Users VALUES (620022182,'Weldon','Burch','WeldonBurch@gmail.com','BurchWeldon');
INSERT INTO Students VALUES (620022182,'UNDERGRAD','01-01-2020');
INSERT INTO Enrolled (u_id,courseCode) VALUES (620022182,'ECON3004'),(620022182,'MATH1148'),(620022182,'ECON3311');
INSERT INTO Users VALUES (620022183,'Delmar','Garcia','DelmarGarcia@gmail.com','GarciaDelmar');
INSERT INTO Students VALUES (620022183,'UNDERGRAD','01-01-2020');
INSERT INTO Enrolled (u_id,courseCode) VALUES (620022183,'COMP3047'),(620022183,'INFO3419'),(620022183,'INFO1447'),(620022183,'MATH2550');
INSERT INTO Users VALUES (620022184,'Edwin','Watson','EdwinWatson@gmail.com','WatsonEdwin');
INSERT INTO Students VALUES (620022184,'UNDERGRAD','01-01-2020');
INSERT INTO Enrolled (u_id,courseCode) VALUES (620022184,'PHYS2229'),(620022184,'ECON1498'),(620022184,'MATH1148'),(620022184,'PHYS1930'),(620022184,'CHEM3614');
INSERT INTO Users VALUES (620022185,'Dennis','Souza','DennisSouza@gmail.com','SouzaDennis');
INSERT INTO Students VALUES (620022185,'UNDERGRAD','01-01-2020');
INSERT INTO Enrolled (u_id,courseCode) VALUES (620022185,'ECON1170'),(620022185,'BIOC3457'),(620022185,'BIOC2589'),(620022185,'MATH3179'),(620022185,'CHEM1340'),(620022185,'CHEM2065');
INSERT INTO Users VALUES (620022186,'Vickie','Finkenbinder','VickieFinkenbinder@gmail.com','FinkenbinderVickie');
INSERT INTO Students VALUES (620022186,'UNDERGRAD','01-01-2020');
INSERT INTO Enrolled (u_id,courseCode) VALUES (620022186,'ECON1589'),(620022186,'PHYS2448'),(620022186,'BIOC1448'),(620022186,'COMP1357'),(620022186,'PHYS2238'),(620022186,'INFO2270');
INSERT INTO Users VALUES (620022187,'Marilyn','Figueroa','MarilynFigueroa@gmail.com','FigueroaMarilyn');
INSERT INTO Students VALUES (620022187,'UNDERGRAD','01-01-2020');
INSERT INTO Enrolled (u_id,courseCode) VALUES (620022187,'BIOC1485'),(620022187,'BIOC1725'),(620022187,'INFO2337');
INSERT INTO Users VALUES (620022188,'Wanda','Waugh','WandaWaugh@gmail.com','WaughWanda');
INSERT INTO Students VALUES (620022188,'UNDERGRAD','01-01-2020');
INSERT INTO Enrolled (u_id,courseCode) VALUES (620022188,'MATH3544'),(620022188,'CHEM2697'),(620022188,'ECON3372');
INSERT INTO Users VALUES (620022189,'Gloria','Jensen','GloriaJensen@gmail.com','JensenGloria');
INSERT INTO Students VALUES (620022189,'UNDERGRAD','01-01-2020');
INSERT INTO Enrolled (u_id,courseCode) VALUES (620022189,'PHYS2306'),(620022189,'ECON3063'),(620022189,'ECON1996'),(620022189,'ECON1458');
INSERT INTO Users VALUES (620022190,'George','Uribe','GeorgeUribe@gmail.com','UribeGeorge');
INSERT INTO Students VALUES (620022190,'UNDERGRAD','01-01-2020');
INSERT INTO Enrolled (u_id,courseCode) VALUES (620022190,'CHEM3888'),(620022190,'PHYS1993'),(620022190,'ECON3281');
INSERT INTO Users VALUES (620022191,'Melodie','Kimbrell','MelodieKimbrell@gmail.com','KimbrellMelodie');
INSERT INTO Students VALUES (620022191,'UNDERGRAD','01-01-2020');
INSERT INTO Enrolled (u_id,courseCode) VALUES (620022191,'INFO1833'),(620022191,'BIOC3341'),(620022191,'COMP3506'),(620022191,'COMP1184'),(620022191,'CHEM3054'),(620022191,'MATH3209');
INSERT INTO Users VALUES (620022192,'Brian','Merna','BrianMerna@gmail.com','MernaBrian');
INSERT INTO Students VALUES (620022192,'UNDERGRAD','01-01-2020');
INSERT INTO Enrolled (u_id,courseCode) VALUES (620022192,'INFO3935'),(620022192,'MATH3029'),(620022192,'MATH3222'),(620022192,'BIOC1910'),(620022192,'PHYS2238');
INSERT INTO Users VALUES (620022193,'Jennifer','Charland','JenniferCharland@gmail.com','CharlandJennifer');
INSERT INTO Students VALUES (620022193,'UNDERGRAD','01-01-2020');
INSERT INTO Enrolled (u_id,courseCode) VALUES (620022193,'PHYS3354'),(620022193,'PHYS3339'),(620022193,'CHEM1340'),(620022193,'BIOC1986'),(620022193,'INFO1648');
INSERT INTO Users VALUES (620022194,'Rebecca','Alvarez','RebeccaAlvarez@gmail.com','AlvarezRebecca');
INSERT INTO Students VALUES (620022194,'UNDERGRAD','01-01-2020');
INSERT INTO Enrolled (u_id,courseCode) VALUES (620022194,'MATH2873'),(620022194,'COMP1051'),(620022194,'ECON3550'),(620022194,'ECON1561'),(620022194,'BIOC1534');
INSERT INTO Users VALUES (620022195,'Dean','Lyford','DeanLyford@gmail.com','LyfordDean');
INSERT INTO Students VALUES (620022195,'UNDERGRAD','01-01-2020');
INSERT INTO Enrolled (u_id,courseCode) VALUES (620022195,'COMP3849'),(620022195,'COMP2965'),(620022195,'ECON2345');
INSERT INTO Users VALUES (620022196,'Scott','Orchard','ScottOrchard@gmail.com','OrchardScott');
INSERT INTO Students VALUES (620022196,'UNDERGRAD','01-01-2020');
INSERT INTO Enrolled (u_id,courseCode) VALUES (620022196,'COMP1357'),(620022196,'MATH1309'),(620022196,'BIOC1744'),(620022196,'MATH2957');
INSERT INTO Users VALUES (620022197,'Judith','Tirabassi','JudithTirabassi@gmail.com','TirabassiJudith');
INSERT INTO Students VALUES (620022197,'UNDERGRAD','01-01-2020');
INSERT INTO Enrolled (u_id,courseCode) VALUES (620022197,'PHYS3052'),(620022197,'MATH1454'),(620022197,'BIOC1164');
INSERT INTO Users VALUES (620022198,'Byron','Klein','ByronKlein@gmail.com','KleinByron');
INSERT INTO Students VALUES (620022198,'UNDERGRAD','01-01-2020');
INSERT INTO Enrolled (u_id,courseCode) VALUES (620022198,'INFO1145'),(620022198,'CHEM2066'),(620022198,'PHYS2117'),(620022198,'MATH3179');
INSERT INTO Users VALUES (620022199,'Earl','Mattingly','EarlMattingly@gmail.com','MattinglyEarl');
INSERT INTO Students VALUES (620022199,'UNDERGRAD','01-01-2020');
INSERT INTO Enrolled (u_id,courseCode) VALUES (620022199,'BIOC1986'),(620022199,'INFO2813'),(620022199,'PHYS1140'),(620022199,'INFO1145');
INSERT INTO Users VALUES (620022200,'Jewell','Rivera','JewellRivera@gmail.com','RiveraJewell');
INSERT INTO Students VALUES (620022200,'UNDERGRAD','01-01-2020');
INSERT INTO Enrolled (u_id,courseCode) VALUES (620022200,'PHYS1140'),(620022200,'MATH2067'),(620022200,'INFO1825'),(620022200,'COMP2541');
INSERT INTO Users VALUES (620022201,'Cheryl','Tate','CherylTate@gmail.com','TateCheryl');
INSERT INTO Students VALUES (620022201,'UNDERGRAD','01-01-2020');
INSERT INTO Enrolled (u_id,courseCode) VALUES (620022201,'ECON1170'),(620022201,'MATH1578'),(620022201,'PHYS2448');
INSERT INTO Users VALUES (620022202,'Daisy','Jackson','DaisyJackson@gmail.com','JacksonDaisy');
INSERT INTO Students VALUES (620022202,'UNDERGRAD','01-01-2020');
INSERT INTO Enrolled (u_id,courseCode) VALUES (620022202,'PHYS2563'),(620022202,'MATH2188'),(620022202,'MATH3544'),(620022202,'INFO1288'),(620022202,'INFO2213'),(620022202,'COMP1543');
INSERT INTO Users VALUES (620022203,'Andrew','Flowers','AndrewFlowers@gmail.com','FlowersAndrew');
INSERT INTO Students VALUES (620022203,'UNDERGRAD','01-01-2020');
INSERT INTO Enrolled (u_id,courseCode) VALUES (620022203,'INFO2559'),(620022203,'ECON3372'),(620022203,'CHEM3614');
INSERT INTO Users VALUES (620022204,'Flora','Harms','FloraHarms@gmail.com','HarmsFlora');
INSERT INTO Students VALUES (620022204,'UNDERGRAD','01-01-2020');
INSERT INTO Enrolled (u_id,courseCode) VALUES (620022204,'INFO2270'),(620022204,'BIOC1598'),(620022204,'MATH3857'),(620022204,'MATH2550'),(620022204,'INFO2797');
INSERT INTO Users VALUES (620022205,'Kimberly','Larry','KimberlyLarry@gmail.com','LarryKimberly');
INSERT INTO Students VALUES (620022205,'UNDERGRAD','01-01-2020');
INSERT INTO Enrolled (u_id,courseCode) VALUES (620022205,'CHEM2065'),(620022205,'ECON3989'),(620022205,'INFO1288'),(620022205,'PHYS1993'),(620022205,'CHEM2149');
INSERT INTO Users VALUES (620022206,'Lisa','Meisner','LisaMeisner@gmail.com','MeisnerLisa');
INSERT INTO Students VALUES (620022206,'UNDERGRAD','01-01-2020');
INSERT INTO Enrolled (u_id,courseCode) VALUES (620022206,'MATH2550'),(620022206,'INFO3868'),(620022206,'CHEM2005'),(620022206,'INFO1990');
INSERT INTO Users VALUES (620022207,'Brian','Crawford','BrianCrawford@gmail.com','CrawfordBrian');
INSERT INTO Students VALUES (620022207,'UNDERGRAD','01-01-2020');
INSERT INTO Enrolled (u_id,courseCode) VALUES (620022207,'ECON3276'),(620022207,'COMP2541'),(620022207,'COMP1051'),(620022207,'INFO1447'),(620022207,'ECON1458');
INSERT INTO Users VALUES (620022208,'Gabriel','Brickey','GabrielBrickey@gmail.com','BrickeyGabriel');
INSERT INTO Students VALUES (620022208,'UNDERGRAD','01-01-2020');
INSERT INTO Enrolled (u_id,courseCode) VALUES (620022208,'BIOC1439'),(620022208,'COMP3173'),(620022208,'CHEM1613'),(620022208,'ECON3550'),(620022208,'COMP3167'),(620022208,'INFO1648');
INSERT INTO Users VALUES (620022209,'Mildred','Hudson','MildredHudson@gmail.com','HudsonMildred');
INSERT INTO Students VALUES (620022209,'UNDERGRAD','01-01-2020');
INSERT INTO Enrolled (u_id,courseCode) VALUES (620022209,'ECON3372'),(620022209,'MATH3857'),(620022209,'MATH3613'),(620022209,'MATH2801'),(620022209,'BIOC3191');
INSERT INTO Users VALUES (620022210,'Kendra','Waugh','KendraWaugh@gmail.com','WaughKendra');
INSERT INTO Students VALUES (620022210,'UNDERGRAD','01-01-2020');
INSERT INTO Enrolled (u_id,courseCode) VALUES (620022210,'MATH2555'),(620022210,'PHYS3729'),(620022210,'MATH3613'),(620022210,'CHEM2797'),(620022210,'PHYS3876'),(620022210,'PHYS1979');
INSERT INTO Users VALUES (620022211,'Diane','Estrada','DianeEstrada@gmail.com','EstradaDiane');
INSERT INTO Students VALUES (620022211,'UNDERGRAD','01-01-2020');
INSERT INTO Enrolled (u_id,courseCode) VALUES (620022211,'INFO2559'),(620022211,'INFO3636'),(620022211,'MATH3613'),(620022211,'PHYS2113');
INSERT INTO Users VALUES (620022212,'Aaron','Mcclain','AaronMcclain@gmail.com','McclainAaron');
INSERT INTO Students VALUES (620022212,'UNDERGRAD','01-01-2020');
INSERT INTO Enrolled (u_id,courseCode) VALUES (620022212,'PHYS1930'),(620022212,'CHEM3409'),(620022212,'MATH2501'),(620022212,'ECON1458');
INSERT INTO Users VALUES (620022213,'Dora','Hunt','DoraHunt@gmail.com','HuntDora');
INSERT INTO Students VALUES (620022213,'UNDERGRAD','01-01-2020');
INSERT INTO Enrolled (u_id,courseCode) VALUES (620022213,'PHYS2238'),(620022213,'CHEM2481'),(620022213,'MATH2188'),(620022213,'MATH1638'),(620022213,'BIOC3191'),(620022213,'INFO1825');
INSERT INTO Users VALUES (620022214,'Andrew','Bourgoin','AndrewBourgoin@gmail.com','BourgoinAndrew');
INSERT INTO Students VALUES (620022214,'UNDERGRAD','01-01-2020');
INSERT INTO Enrolled (u_id,courseCode) VALUES (620022214,'CHEM2220'),(620022214,'INFO3636'),(620022214,'ECON3020');
INSERT INTO Users VALUES (620022215,'Reggie','Cummins','ReggieCummins@gmail.com','CumminsReggie');
INSERT INTO Students VALUES (620022215,'UNDERGRAD','01-01-2020');
INSERT INTO Enrolled (u_id,courseCode) VALUES (620022215,'ECON3276'),(620022215,'INFO2213'),(620022215,'ECON3523'),(620022215,'BIOC1164'),(620022215,'MATH3179'),(620022215,'INFO2860');
INSERT INTO Users VALUES (620022216,'Kimberly','Porter','KimberlyPorter@gmail.com','PorterKimberly');
INSERT INTO Students VALUES (620022216,'UNDERGRAD','01-01-2020');
INSERT INTO Enrolled (u_id,courseCode) VALUES (620022216,'ECON3447'),(620022216,'INFO1288'),(620022216,'MATH2501'),(620022216,'INFO2813');
INSERT INTO Users VALUES (620022217,'Taylor','Hernandez','TaylorHernandez@gmail.com','HernandezTaylor');
INSERT INTO Students VALUES (620022217,'UNDERGRAD','01-01-2020');
INSERT INTO Enrolled (u_id,courseCode) VALUES (620022217,'MATH2957'),(620022217,'INFO2811'),(620022217,'PHYS1173'),(620022217,'COMP1051');
INSERT INTO Users VALUES (620022218,'Christopher','Aybar','ChristopherAybar@gmail.com','AybarChristopher');
INSERT INTO Students VALUES (620022218,'UNDERGRAD','01-01-2020');
INSERT INTO Enrolled (u_id,courseCode) VALUES (620022218,'COMP3418'),(620022218,'ECON1996'),(620022218,'INFO1242'),(620022218,'INFO3603'),(620022218,'INFO1447'),(620022218,'MATH3688');
INSERT INTO Users VALUES (620022219,'Vickie','Williams','VickieWilliams@gmail.com','WilliamsVickie');
INSERT INTO Students VALUES (620022219,'UNDERGRAD','01-01-2020');
INSERT INTO Enrolled (u_id,courseCode) VALUES (620022219,'MATH2067'),(620022219,'BIOC1794'),(620022219,'INFO2636');
INSERT INTO Users VALUES (620022220,'Jeffrey','Decker','JeffreyDecker@gmail.com','DeckerJeffrey');
INSERT INTO Students VALUES (620022220,'UNDERGRAD','01-01-2020');
INSERT INTO Enrolled (u_id,courseCode) VALUES (620022220,'COMP3849'),(620022220,'BIOC3604'),(620022220,'ECON1098'),(620022220,'ECON3004'),(620022220,'ECON2722');
INSERT INTO Users VALUES (620022221,'Clifford','Walley','CliffordWalley@gmail.com','WalleyClifford');
INSERT INTO Students VALUES (620022221,'UNDERGRAD','01-01-2020');
INSERT INTO Enrolled (u_id,courseCode) VALUES (620022221,'ECON3288'),(620022221,'CHEM3409'),(620022221,'CHEM2177'),(620022221,'COMP2717'),(620022221,'COMP2080'),(620022221,'BIOC2589');
INSERT INTO Users VALUES (620022222,'Evelyn','Letchworth','EvelynLetchworth@gmail.com','LetchworthEvelyn');
INSERT INTO Students VALUES (620022222,'UNDERGRAD','01-01-2020');
INSERT INTO Enrolled (u_id,courseCode) VALUES (620022222,'MATH3059'),(620022222,'INFO2270'),(620022222,'PHYS2338'),(620022222,'PHYS1399');
INSERT INTO Users VALUES (620022223,'Taylor','Wright','TaylorWright@gmail.com','WrightTaylor');
INSERT INTO Students VALUES (620022223,'UNDERGRAD','01-01-2020');
INSERT INTO Enrolled (u_id,courseCode) VALUES (620022223,'ECON3550'),(620022223,'MATH1648'),(620022223,'ECON3004');
INSERT INTO Users VALUES (620022224,'Weldon','Scales','WeldonScales@gmail.com','ScalesWeldon');
INSERT INTO Students VALUES (620022224,'UNDERGRAD','01-01-2020');
INSERT INTO Enrolled (u_id,courseCode) VALUES (620022224,'MATH3209'),(620022224,'CHEM2031'),(620022224,'PHYS3659');
INSERT INTO Users VALUES (620022225,'Jimmy','Heckstall','JimmyHeckstall@gmail.com','HeckstallJimmy');
INSERT INTO Students VALUES (620022225,'UNDERGRAD','01-01-2020');
INSERT INTO Enrolled (u_id,courseCode) VALUES (620022225,'BIOC3230'),(620022225,'INFO1288'),(620022225,'BIOC3457'),(620022225,'COMP2080'),(620022225,'PHYS3052'),(620022225,'COMP1184');
INSERT INTO Users VALUES (620022226,'Shane','Sharp','ShaneSharp@gmail.com','SharpShane');
INSERT INTO Students VALUES (620022226,'UNDERGRAD','01-01-2020');
INSERT INTO Enrolled (u_id,courseCode) VALUES (620022226,'ECON2703'),(620022226,'CHEM3614'),(620022226,'PHYS3729'),(620022226,'COMP2965'),(620022226,'PHYS3876');
INSERT INTO Users VALUES (620022227,'Neal','Hinojosa','NealHinojosa@gmail.com','HinojosaNeal');
INSERT INTO Students VALUES (620022227,'UNDERGRAD','01-01-2020');
INSERT INTO Enrolled (u_id,courseCode) VALUES (620022227,'PHYS2229'),(620022227,'PHYS3339'),(620022227,'ECON3004'),(620022227,'CHEM3409'),(620022227,'CHEM3327');
INSERT INTO Users VALUES (620022228,'Dora','Ratterman','DoraRatterman@gmail.com','RattermanDora');
INSERT INTO Students VALUES (620022228,'UNDERGRAD','01-01-2020');
INSERT INTO Enrolled (u_id,courseCode) VALUES (620022228,'ECON3372'),(620022228,'INFO3645'),(620022228,'COMP3746'),(620022228,'COMP3849');
INSERT INTO Users VALUES (620022229,'Weldon','Calloway','WeldonCalloway@gmail.com','CallowayWeldon');
INSERT INTO Students VALUES (620022229,'UNDERGRAD','01-01-2020');
INSERT INTO Enrolled (u_id,courseCode) VALUES (620022229,'PHYS2451'),(620022229,'INFO1990'),(620022229,'COMP1357');
INSERT INTO Users VALUES (620022230,'Ashley','Brock','AshleyBrock@gmail.com','BrockAshley');
INSERT INTO Students VALUES (620022230,'UNDERGRAD','01-01-2020');
INSERT INTO Enrolled (u_id,courseCode) VALUES (620022230,'BIOC1534'),(620022230,'COMP3746'),(620022230,'BIOC2236'),(620022230,'BIOC1986');
INSERT INTO Users VALUES (620022231,'Peter','Jensen','PeterJensen@gmail.com','JensenPeter');
INSERT INTO Students VALUES (620022231,'UNDERGRAD','01-01-2020');
INSERT INTO Enrolled (u_id,courseCode) VALUES (620022231,'ECON1230'),(620022231,'BIOC3604'),(620022231,'INFO2270'),(620022231,'MATH1148');
INSERT INTO Users VALUES (620022232,'Greg','Hanks','GregHanks@gmail.com','HanksGreg');
INSERT INTO Students VALUES (620022232,'UNDERGRAD','01-01-2020');
INSERT INTO Enrolled (u_id,courseCode) VALUES (620022232,'INFO2950'),(620022232,'CHEM2220'),(620022232,'ECON3020');
INSERT INTO Users VALUES (620022233,'Ed','Richardson','EdRichardson@gmail.com','RichardsonEd');
INSERT INTO Students VALUES (620022233,'UNDERGRAD','01-01-2020');
INSERT INTO Enrolled (u_id,courseCode) VALUES (620022233,'BIOC2983'),(620022233,'COMP2541'),(620022233,'ECON2703');
INSERT INTO Users VALUES (620022234,'Lindsey','Lemieux','LindseyLemieux@gmail.com','LemieuxLindsey');
INSERT INTO Students VALUES (620022234,'UNDERGRAD','01-01-2020');
INSERT INTO Enrolled (u_id,courseCode) VALUES (620022234,'INFO3868'),(620022234,'COMP1543'),(620022234,'COMP3418');
INSERT INTO Users VALUES (620022235,'Georgie','Griffin','GeorgieGriffin@gmail.com','GriffinGeorgie');
INSERT INTO Students VALUES (620022235,'UNDERGRAD','01-01-2020');
INSERT INTO Enrolled (u_id,courseCode) VALUES (620022235,'MATH1262'),(620022235,'MATH1454'),(620022235,'INFO2559'),(620022235,'CHEM1494');
INSERT INTO Users VALUES (620022236,'Cliff','Ebbs','CliffEbbs@gmail.com','EbbsCliff');
INSERT INTO Students VALUES (620022236,'UNDERGRAD','01-01-2020');
INSERT INTO Enrolled (u_id,courseCode) VALUES (620022236,'MATH1578'),(620022236,'BIOC3230'),(620022236,'MATH1250'),(620022236,'COMP3047'),(620022236,'INFO2521'),(620022236,'PHYS2451');
INSERT INTO Users VALUES (620022237,'Roger','Stallings','RogerStallings@gmail.com','StallingsRoger');
INSERT INTO Students VALUES (620022237,'UNDERGRAD','01-01-2020');
INSERT INTO Enrolled (u_id,courseCode) VALUES (620022237,'CHEM3327'),(620022237,'MATH3029'),(620022237,'CHEM2220'),(620022237,'PHYS3464'),(620022237,'INFO3935');
INSERT INTO Users VALUES (620022238,'Reggie','Pere','ReggiePere@gmail.com','PereReggie');
INSERT INTO Students VALUES (620022238,'UNDERGRAD','01-01-2020');
INSERT INTO Enrolled (u_id,courseCode) VALUES (620022238,'COMP1184'),(620022238,'PHYS1140'),(620022238,'ECON2722'),(620022238,'ECON3085');
INSERT INTO Users VALUES (620022239,'Adelia','Tirabassi','AdeliaTirabassi@gmail.com','TirabassiAdelia');
INSERT INTO Students VALUES (620022239,'UNDERGRAD','01-01-2020');
INSERT INTO Enrolled (u_id,courseCode) VALUES (620022239,'INFO1833'),(620022239,'INFO3935'),(620022239,'COMP3084'),(620022239,'CHEM2149');
INSERT INTO Users VALUES (620022240,'Wanda','Brown','WandaBrown@gmail.com','BrownWanda');
INSERT INTO Students VALUES (620022240,'UNDERGRAD','01-01-2020');
INSERT INTO Enrolled (u_id,courseCode) VALUES (620022240,'INFO1990'),(620022240,'CHEM3614'),(620022240,'ECON2722'),(620022240,'BIOC2550'),(620022240,'ECON3281'),(620022240,'MATH2717');
INSERT INTO Users VALUES (620022241,'Traci','Pantoja','TraciPantoja@gmail.com','PantojaTraci');
INSERT INTO Students VALUES (620022241,'UNDERGRAD','01-01-2020');
INSERT INTO Enrolled (u_id,courseCode) VALUES (620022241,'INFO2337'),(620022241,'PHYS3729'),(620022241,'INFO2521');
INSERT INTO Users VALUES (620022242,'Celia','Wesley','CeliaWesley@gmail.com','WesleyCelia');
INSERT INTO Students VALUES (620022242,'UNDERGRAD','01-01-2020');
INSERT INTO Enrolled (u_id,courseCode) VALUES (620022242,'ECON3372'),(620022242,'COMP3084'),(620022242,'ECON3063'),(620022242,'PHYS2338'),(620022242,'ECON3989');
INSERT INTO Users VALUES (620022243,'Weldon','Fuller','WeldonFuller@gmail.com','FullerWeldon');
INSERT INTO Students VALUES (620022243,'UNDERGRAD','01-01-2020');
INSERT INTO Enrolled (u_id,courseCode) VALUES (620022243,'ECON1996'),(620022243,'CHEM3054'),(620022243,'ECON1589'),(620022243,'CHEM3617');
INSERT INTO Users VALUES (620022244,'Jason','Ott','JasonOtt@gmail.com','OttJason');
INSERT INTO Students VALUES (620022244,'UNDERGRAD','01-01-2020');
INSERT INTO Enrolled (u_id,courseCode) VALUES (620022244,'ECON3004'),(620022244,'BIOC1534'),(620022244,'INFO3419');
INSERT INTO Users VALUES (620022245,'Floyd','Eaton','FloydEaton@gmail.com','EatonFloyd');
INSERT INTO Students VALUES (620022245,'UNDERGRAD','01-01-2020');
INSERT INTO Enrolled (u_id,courseCode) VALUES (620022245,'PHYS1140'),(620022245,'ECON3989'),(620022245,'COMP2651');
INSERT INTO Users VALUES (620022246,'Sam','Moore','SamMoore@gmail.com','MooreSam');
INSERT INTO Students VALUES (620022246,'UNDERGRAD','01-01-2020');
INSERT INTO Enrolled (u_id,courseCode) VALUES (620022246,'COMP3639'),(620022246,'BIOC1986'),(620022246,'CHEM2220');
INSERT INTO Users VALUES (620022247,'Leo','Wright','LeoWright@gmail.com','WrightLeo');
INSERT INTO Students VALUES (620022247,'UNDERGRAD','01-01-2020');
INSERT INTO Enrolled (u_id,courseCode) VALUES (620022247,'ECON2703'),(620022247,'ECON1170'),(620022247,'CHEM2149'),(620022247,'COMP3084');
INSERT INTO Users VALUES (620022248,'Roy','Bourgoin','RoyBourgoin@gmail.com','BourgoinRoy');
INSERT INTO Students VALUES (620022248,'UNDERGRAD','01-01-2020');
INSERT INTO Enrolled (u_id,courseCode) VALUES (620022248,'INFO1648'),(620022248,'BIOC3341'),(620022248,'COMP3047'),(620022248,'COMP3173'),(620022248,'CHEM2065');
INSERT INTO Users VALUES (620022249,'Vanessa','Lowrey','VanessaLowrey@gmail.com','LowreyVanessa');
INSERT INTO Students VALUES (620022249,'UNDERGRAD','01-01-2020');
INSERT INTO Enrolled (u_id,courseCode) VALUES (620022249,'PHYS3729'),(620022249,'MATH3059'),(620022249,'ECON1458'),(620022249,'BIOC1744');
INSERT INTO Users VALUES (620022250,'Jeanna','Atkins','JeannaAtkins@gmail.com','AtkinsJeanna');
INSERT INTO Students VALUES (620022250,'UNDERGRAD','01-01-2020');
INSERT INTO Enrolled (u_id,courseCode) VALUES (620022250,'COMP1543'),(620022250,'COMP3849'),(620022250,'INFO1014'),(620022250,'CHEM3614'),(620022250,'MATH2873');
INSERT INTO Users VALUES (620022251,'Jimmy','Watson','JimmyWatson@gmail.com','WatsonJimmy');
INSERT INTO Students VALUES (620022251,'UNDERGRAD','01-01-2020');
INSERT INTO Enrolled (u_id,courseCode) VALUES (620022251,'PHYS3787'),(620022251,'PHYS2117'),(620022251,'MATH3613'),(620022251,'COMP3506'),(620022251,'MATH1262');
INSERT INTO Users VALUES (620022252,'Carlos','Sharp','CarlosSharp@gmail.com','SharpCarlos');
INSERT INTO Students VALUES (620022252,'UNDERGRAD','01-01-2020');
INSERT INTO Enrolled (u_id,courseCode) VALUES (620022252,'PHYS3354'),(620022252,'BIOC1866'),(620022252,'CHEM3793'),(620022252,'BIOC1598'),(620022252,'CHEM2626');
INSERT INTO Users VALUES (620022253,'Ashleigh','Armstead','AshleighArmstead@gmail.com','ArmsteadAshleigh');
INSERT INTO Students VALUES (620022253,'UNDERGRAD','01-01-2020');
INSERT INTO Enrolled (u_id,courseCode) VALUES (620022253,'INFO3636'),(620022253,'MATH2873'),(620022253,'CHEM2065'),(620022253,'COMP3506'),(620022253,'BIOC1448');
INSERT INTO Users VALUES (620022254,'Matthew','Shattuck','MatthewShattuck@gmail.com','ShattuckMatthew');
INSERT INTO Students VALUES (620022254,'UNDERGRAD','01-01-2020');
INSERT INTO Enrolled (u_id,courseCode) VALUES (620022254,'COMP3047'),(620022254,'BIOC1986'),(620022254,'BIOC1910'),(620022254,'MATH3844');
INSERT INTO Users VALUES (620022255,'Walter','Oswalt','WalterOswalt@gmail.com','OswaltWalter');
INSERT INTO Students VALUES (620022255,'UNDERGRAD','01-01-2020');
INSERT INTO Enrolled (u_id,courseCode) VALUES (620022255,'ECON1012'),(620022255,'PHYS3464'),(620022255,'MATH1648'),(620022255,'INFO3636'),(620022255,'CHEM2220');
INSERT INTO Users VALUES (620022256,'Tracy','Rodriguez','TracyRodriguez@gmail.com','RodriguezTracy');
INSERT INTO Students VALUES (620022256,'UNDERGRAD','01-01-2020');
INSERT INTO Enrolled (u_id,courseCode) VALUES (620022256,'COMP1460'),(620022256,'BIOC1052'),(620022256,'INFO1825'),(620022256,'PHYS2563');
INSERT INTO Users VALUES (620022257,'Jose','Lindstrom','JoseLindstrom@gmail.com','LindstromJose');
INSERT INTO Students VALUES (620022257,'UNDERGRAD','01-01-2020');
INSERT INTO Enrolled (u_id,courseCode) VALUES (620022257,'MATH3222'),(620022257,'CHEM3793'),(620022257,'ECON1783');
INSERT INTO Users VALUES (620022258,'Nicole','Smith','NicoleSmith@gmail.com','SmithNicole');
INSERT INTO Students VALUES (620022258,'UNDERGRAD','01-01-2020');
INSERT INTO Enrolled (u_id,courseCode) VALUES (620022258,'MATH1454'),(620022258,'INFO2270'),(620022258,'MATH1578'),(620022258,'COMP3639'),(620022258,'BIOC1598');
INSERT INTO Users VALUES (620022259,'Walter','Atkins','WalterAtkins@gmail.com','AtkinsWalter');
INSERT INTO Students VALUES (620022259,'UNDERGRAD','01-01-2020');
INSERT INTO Enrolled (u_id,courseCode) VALUES (620022259,'CHEM3747'),(620022259,'INFO1014'),(620022259,'ECON2703');
INSERT INTO Users VALUES (620022260,'Clarence','Christinsen','ClarenceChristinsen@gmail.com','ChristinsenClarence');
INSERT INTO Students VALUES (620022260,'UNDERGRAD','01-01-2020');
INSERT INTO Enrolled (u_id,courseCode) VALUES (620022260,'BIOC1744'),(620022260,'BIOC1164'),(620022260,'COMP2080'),(620022260,'CHEM3617'),(620022260,'COMP3173'),(620022260,'BIOC1052');
INSERT INTO Users VALUES (620022261,'Judith','Christinsen','JudithChristinsen@gmail.com','ChristinsenJudith');
INSERT INTO Students VALUES (620022261,'UNDERGRAD','01-01-2020');
INSERT INTO Enrolled (u_id,courseCode) VALUES (620022261,'ECON1230'),(620022261,'COMP1051'),(620022261,'ECON3085'),(620022261,'COMP3849');
INSERT INTO Users VALUES (620022262,'Katie','Sharp','KatieSharp@gmail.com','SharpKatie');
INSERT INTO Students VALUES (620022262,'UNDERGRAD','01-01-2020');
INSERT INTO Enrolled (u_id,courseCode) VALUES (620022262,'ECON3004'),(620022262,'COMP3685'),(620022262,'BIOC1534');
INSERT INTO Users VALUES (620022263,'Frances','Maione','FrancesMaione@gmail.com','MaioneFrances');
INSERT INTO Students VALUES (620022263,'UNDERGRAD','01-01-2020');
INSERT INTO Enrolled (u_id,courseCode) VALUES (620022263,'BIOC1052'),(620022263,'MATH2555'),(620022263,'COMP3849'),(620022263,'COMP2080'),(620022263,'BIOC3721');
INSERT INTO Users VALUES (620022264,'Lauren','Gilman','LaurenGilman@gmail.com','GilmanLauren');
INSERT INTO Students VALUES (620022264,'UNDERGRAD','01-01-2020');
INSERT INTO Enrolled (u_id,courseCode) VALUES (620022264,'PHYS2563'),(620022264,'CHEM2481'),(620022264,'ECON3020'),(620022264,'INFO1833'),(620022264,'BIOC2236');
INSERT INTO Users VALUES (620022265,'Warren','Butler','WarrenButler@gmail.com','ButlerWarren');
INSERT INTO Students VALUES (620022265,'UNDERGRAD','01-01-2020');
INSERT INTO Enrolled (u_id,courseCode) VALUES (620022265,'CHEM2065'),(620022265,'CHEM3793'),(620022265,'PHYS2306'),(620022265,'CHEM2005'),(620022265,'MATH1578');
INSERT INTO Users VALUES (620022266,'Gloria','James','GloriaJames@gmail.com','JamesGloria');
INSERT INTO Students VALUES (620022266,'UNDERGRAD','01-01-2020');
INSERT INTO Enrolled (u_id,courseCode) VALUES (620022266,'BIOC1164'),(620022266,'INFO2811'),(620022266,'MATH3688'),(620022266,'CHEM1494'),(620022266,'COMP1573'),(620022266,'INFO3636');
INSERT INTO Users VALUES (620022267,'Michelle','Best','MichelleBest@gmail.com','BestMichelle');
INSERT INTO Students VALUES (620022267,'UNDERGRAD','01-01-2020');
INSERT INTO Enrolled (u_id,courseCode) VALUES (620022267,'MATH3844'),(620022267,'PHYS3354'),(620022267,'INFO3636'),(620022267,'ECON3228'),(620022267,'INFO1648'),(620022267,'ECON1996');
INSERT INTO Users VALUES (620022268,'Floyd','Atkins','FloydAtkins@gmail.com','AtkinsFloyd');
INSERT INTO Students VALUES (620022268,'UNDERGRAD','01-01-2020');
INSERT INTO Enrolled (u_id,courseCode) VALUES (620022268,'COMP2400'),(620022268,'ECON3989'),(620022268,'INFO1145'),(620022268,'ECON1458'),(620022268,'CHEM3614'),(620022268,'CHEM2031');
INSERT INTO Users VALUES (620022269,'Hector','Uribe','HectorUribe@gmail.com','UribeHector');
INSERT INTO Students VALUES (620022269,'UNDERGRAD','01-01-2020');
INSERT INTO Enrolled (u_id,courseCode) VALUES (620022269,'MATH1735'),(620022269,'MATH2067'),(620022269,'INFO2797'),(620022269,'PHYS1399');
INSERT INTO Users VALUES (620022270,'Byron','Chatcho','ByronChatcho@gmail.com','ChatchoByron');
INSERT INTO Students VALUES (620022270,'UNDERGRAD','01-01-2020');
INSERT INTO Enrolled (u_id,courseCode) VALUES (620022270,'MATH3613'),(620022270,'PHYS2338'),(620022270,'PHYS3290'),(620022270,'INFO2716'),(620022270,'COMP2077'),(620022270,'COMP2541');
INSERT INTO Users VALUES (620022271,'Deanna','Bordelon','DeannaBordelon@gmail.com','BordelonDeanna');
INSERT INTO Students VALUES (620022271,'UNDERGRAD','01-01-2020');
INSERT INTO Enrolled (u_id,courseCode) VALUES (620022271,'COMP2361'),(620022271,'MATH3029'),(620022271,'INFO3603'),(620022271,'MATH3688'),(620022271,'INFO2813'),(620022271,'COMP3047');
INSERT INTO Users VALUES (620022272,'Ashley','Sandlin','AshleySandlin@gmail.com','SandlinAshley');
INSERT INTO Students VALUES (620022272,'UNDERGRAD','01-01-2020');
INSERT INTO Enrolled (u_id,courseCode) VALUES (620022272,'INFO3636'),(620022272,'COMP1051'),(620022272,'BIOC1986'),(620022272,'CHEM2697'),(620022272,'INFO1014'),(620022272,'CHEM2220');
INSERT INTO Users VALUES (620022273,'Kathy','Blevins','KathyBlevins@gmail.com','BlevinsKathy');
INSERT INTO Students VALUES (620022273,'UNDERGRAD','01-01-2020');
INSERT INTO Enrolled (u_id,courseCode) VALUES (620022273,'ECON1230'),(620022273,'BIOC3191'),(620022273,'MATH3209'),(620022273,'BIOC1485'),(620022273,'ECON3288');
INSERT INTO Users VALUES (620022274,'Michael','Steinbach','MichaelSteinbach@gmail.com','SteinbachMichael');
INSERT INTO Students VALUES (620022274,'UNDERGRAD','01-01-2020');
INSERT INTO Enrolled (u_id,courseCode) VALUES (620022274,'CHEM3347'),(620022274,'CHEM1613'),(620022274,'MATH2873');
INSERT INTO Users VALUES (620022275,'Cleveland','Gray','ClevelandGray@gmail.com','GrayCleveland');
INSERT INTO Students VALUES (620022275,'UNDERGRAD','01-01-2020');
INSERT INTO Enrolled (u_id,courseCode) VALUES (620022275,'ECON3288'),(620022275,'INFO1145'),(620022275,'PHYS2563'),(620022275,'COMP3506');
INSERT INTO Users VALUES (620022276,'Adelia','Sullivan','AdeliaSullivan@gmail.com','SullivanAdelia');
INSERT INTO Students VALUES (620022276,'UNDERGRAD','01-01-2020');
INSERT INTO Enrolled (u_id,courseCode) VALUES (620022276,'INFO3636'),(620022276,'CHEM3614'),(620022276,'MATH1972'),(620022276,'COMP1184'),(620022276,'BIOC1794'),(620022276,'ECON3372');
INSERT INTO Users VALUES (620022277,'Nina','Busse','NinaBusse@gmail.com','BusseNina');
INSERT INTO Students VALUES (620022277,'UNDERGRAD','01-01-2020');
INSERT INTO Enrolled (u_id,courseCode) VALUES (620022277,'BIOC1986'),(620022277,'INFO2813'),(620022277,'COMP1460');
INSERT INTO Users VALUES (620022278,'Edwin','Wengerd','EdwinWengerd@gmail.com','WengerdEdwin');
INSERT INTO Students VALUES (620022278,'UNDERGRAD','01-01-2020');
INSERT INTO Enrolled (u_id,courseCode) VALUES (620022278,'MATH1648'),(620022278,'COMP3685'),(620022278,'COMP1460'),(620022278,'BIOC2589'),(620022278,'MATH3544'),(620022278,'INFO1833');
INSERT INTO Users VALUES (620022279,'Lorenza','Hamilton','LorenzaHamilton@gmail.com','HamiltonLorenza');
INSERT INTO Students VALUES (620022279,'UNDERGRAD','01-01-2020');
INSERT INTO Enrolled (u_id,courseCode) VALUES (620022279,'BIOC2589'),(620022279,'COMP1543'),(620022279,'INFO1288'),(620022279,'BIOC1910');
INSERT INTO Users VALUES (620022280,'Kirk','Hoffman','KirkHoffman@gmail.com','HoffmanKirk');
INSERT INTO Students VALUES (620022280,'UNDERGRAD','01-01-2020');
INSERT INTO Enrolled (u_id,courseCode) VALUES (620022280,'BIOC3457'),(620022280,'BIOC2054'),(620022280,'COMP3238');
INSERT INTO Users VALUES (620022281,'Edwin','Ryan','EdwinRyan@gmail.com','RyanEdwin');
INSERT INTO Students VALUES (620022281,'UNDERGRAD','01-01-2020');
INSERT INTO Enrolled (u_id,courseCode) VALUES (620022281,'CHEM3347'),(620022281,'BIOC3604'),(620022281,'COMP2080'),(620022281,'ECON3228');
INSERT INTO Users VALUES (620022282,'Ronald','Bourgoin','RonaldBourgoin@gmail.com','BourgoinRonald');
INSERT INTO Students VALUES (620022282,'UNDERGRAD','01-01-2020');
INSERT INTO Enrolled (u_id,courseCode) VALUES (620022282,'INFO1447'),(620022282,'MATH3179'),(620022282,'CHEM3327'),(620022282,'INFO3935'),(620022282,'MATH3059'),(620022282,'PHYS1979');
INSERT INTO Users VALUES (620022283,'Benjamin','Avery','BenjaminAvery@gmail.com','AveryBenjamin');
INSERT INTO Students VALUES (620022283,'UNDERGRAD','01-01-2020');
INSERT INTO Enrolled (u_id,courseCode) VALUES (620022283,'COMP3173'),(620022283,'INFO1242'),(620022283,'PHYS2117'),(620022283,'CHEM2481'),(620022283,'BIOC1448');
INSERT INTO Users VALUES (620022284,'Kathy','Pedersen','KathyPedersen@gmail.com','PedersenKathy');
INSERT INTO Students VALUES (620022284,'UNDERGRAD','01-01-2020');
INSERT INTO Enrolled (u_id,courseCode) VALUES (620022284,'BIOC3721'),(620022284,'ECON2814'),(620022284,'PHYS1979'),(620022284,'PHYS2451'),(620022284,'PHYS3052');
INSERT INTO Users VALUES (620022285,'Jonathan','Knox','JonathanKnox@gmail.com','KnoxJonathan');
INSERT INTO Students VALUES (620022285,'UNDERGRAD','01-01-2020');
INSERT INTO Enrolled (u_id,courseCode) VALUES (620022285,'CHEM2005'),(620022285,'BIOC1794'),(620022285,'ECON1498');
INSERT INTO Users VALUES (620022286,'Jewell','Christinsen','JewellChristinsen@gmail.com','ChristinsenJewell');
INSERT INTO Students VALUES (620022286,'UNDERGRAD','01-01-2020');
INSERT INTO Enrolled (u_id,courseCode) VALUES (620022286,'CHEM3617'),(620022286,'CHEM2031'),(620022286,'INFO2811');
INSERT INTO Users VALUES (620022287,'Reggie','Klein','ReggieKlein@gmail.com','KleinReggie');
INSERT INTO Students VALUES (620022287,'UNDERGRAD','01-01-2020');
INSERT INTO Enrolled (u_id,courseCode) VALUES (620022287,'COMP2965'),(620022287,'ECON1996'),(620022287,'ECON3288'),(620022287,'INFO3419'),(620022287,'ECON1230'),(620022287,'INFO1288');
INSERT INTO Users VALUES (620022288,'Stephen','Jensen','StephenJensen@gmail.com','JensenStephen');
INSERT INTO Students VALUES (620022288,'UNDERGRAD','01-01-2020');
INSERT INTO Enrolled (u_id,courseCode) VALUES (620022288,'COMP3506'),(620022288,'BIOC3191'),(620022288,'INFO3636'),(620022288,'MATH2550'),(620022288,'ECON1498');
INSERT INTO Users VALUES (620022289,'Geraldine','Maione','GeraldineMaione@gmail.com','MaioneGeraldine');
INSERT INTO Students VALUES (620022289,'UNDERGRAD','01-01-2020');
INSERT INTO Enrolled (u_id,courseCode) VALUES (620022289,'BIOC1439'),(620022289,'BIOC3191'),(620022289,'INFO1825'),(620022289,'CHEM2177');
INSERT INTO Users VALUES (620022290,'Curtis','Madsen','CurtisMadsen@gmail.com','MadsenCurtis');
INSERT INTO Students VALUES (620022290,'UNDERGRAD','01-01-2020');
INSERT INTO Enrolled (u_id,courseCode) VALUES (620022290,'PHYS3876'),(620022290,'BIOC1986'),(620022290,'CHEM3747');
INSERT INTO Users VALUES (620022291,'Adam','Nerbonne','AdamNerbonne@gmail.com','NerbonneAdam');
INSERT INTO Students VALUES (620022291,'UNDERGRAD','01-01-2020');
INSERT INTO Enrolled (u_id,courseCode) VALUES (620022291,'ECON3737'),(620022291,'MATH1148'),(620022291,'ECON2722'),(620022291,'BIOC2054'),(620022291,'ECON2345');
INSERT INTO Users VALUES (620022292,'Barbara','Mcclenon','BarbaraMcclenon@gmail.com','McclenonBarbara');
INSERT INTO Students VALUES (620022292,'UNDERGRAD','01-01-2020');
INSERT INTO Enrolled (u_id,courseCode) VALUES (620022292,'ECON2722'),(620022292,'INFO2337'),(620022292,'MATH2717');
INSERT INTO Users VALUES (620022293,'Amee','Griffin','AmeeGriffin@gmail.com','GriffinAmee');
INSERT INTO Students VALUES (620022293,'UNDERGRAD','01-01-2020');
INSERT INTO Enrolled (u_id,courseCode) VALUES (620022293,'MATH1578'),(620022293,'BIOC1485'),(620022293,'INFO3868'),(620022293,'INFO3935');
INSERT INTO Users VALUES (620022294,'Kathleen','Griffin','KathleenGriffin@gmail.com','GriffinKathleen');
INSERT INTO Students VALUES (620022294,'UNDERGRAD','01-01-2020');
INSERT INTO Enrolled (u_id,courseCode) VALUES (620022294,'PHYS1399'),(620022294,'PHYS1979'),(620022294,'ECON3281');
INSERT INTO Users VALUES (620022295,'Leticia','Spohn','LeticiaSpohn@gmail.com','SpohnLeticia');
INSERT INTO Students VALUES (620022295,'UNDERGRAD','01-01-2020');
INSERT INTO Enrolled (u_id,courseCode) VALUES (620022295,'INFO2950'),(620022295,'MATH2957'),(620022295,'CHEM1807'),(620022295,'CHEM2727'),(620022295,'CHEM3888'),(620022295,'CHEM2481');
INSERT INTO Users VALUES (620022296,'Curtis','Watson','CurtisWatson@gmail.com','WatsonCurtis');
INSERT INTO Students VALUES (620022296,'UNDERGRAD','01-01-2020');
INSERT INTO Enrolled (u_id,courseCode) VALUES (620022296,'CHEM2031'),(620022296,'PHYS3464'),(620022296,'PHYS2238'),(620022296,'COMP1460'),(620022296,'CHEM2626'),(620022296,'CHEM1807');
INSERT INTO Users VALUES (620022297,'Mildred','Walker','MildredWalker@gmail.com','WalkerMildred');
INSERT INTO Students VALUES (620022297,'UNDERGRAD','01-01-2020');
INSERT INTO Enrolled (u_id,courseCode) VALUES (620022297,'MATH1638'),(620022297,'ECON1645'),(620022297,'INFO3645');
INSERT INTO Users VALUES (620022298,'Vernon','Velasquez','VernonVelasquez@gmail.com','VelasquezVernon');
INSERT INTO Students VALUES (620022298,'UNDERGRAD','01-01-2020');
INSERT INTO Enrolled (u_id,courseCode) VALUES (620022298,'INFO2950'),(620022298,'ECON3281'),(620022298,'ECON1170'),(620022298,'BIOC3230');
INSERT INTO Users VALUES (620022299,'Jennifer','Ryan','JenniferRyan@gmail.com','RyanJennifer');
INSERT INTO Students VALUES (620022299,'UNDERGRAD','01-01-2020');
INSERT INTO Enrolled (u_id,courseCode) VALUES (620022299,'MATH3222'),(620022299,'COMP1867'),(620022299,'PHYS2229');
INSERT INTO Users VALUES (620022300,'Sam','Mchenry','SamMchenry@gmail.com','MchenrySam');
INSERT INTO Students VALUES (620022300,'UNDERGRAD','01-01-2020');
INSERT INTO Enrolled (u_id,courseCode) VALUES (620022300,'CHEM3793'),(620022300,'ECON2722'),(620022300,'INFO1242');
INSERT INTO Users VALUES (620022301,'Bryan','Carlson','BryanCarlson@gmail.com','CarlsonBryan');
INSERT INTO Students VALUES (620022301,'UNDERGRAD','01-01-2020');
INSERT INTO Enrolled (u_id,courseCode) VALUES (620022301,'INFO2860'),(620022301,'ECON1498'),(620022301,'PHYS1993'),(620022301,'PHYS3339'),(620022301,'INFO2811'),(620022301,'COMP1184');
INSERT INTO Users VALUES (620022302,'Willie','Saunders','WillieSaunders@gmail.com','SaundersWillie');
INSERT INTO Students VALUES (620022302,'UNDERGRAD','01-01-2020');
INSERT INTO Enrolled (u_id,courseCode) VALUES (620022302,'INFO2213'),(620022302,'ECON1783'),(620022302,'MATH1648'),(620022302,'PHYS2338'),(620022302,'CHEM1494'),(620022302,'INFO2636');
INSERT INTO Users VALUES (620022303,'Jessie','Mance','JessieMance@gmail.com','ManceJessie');
INSERT INTO Students VALUES (620022303,'UNDERGRAD','01-01-2020');
INSERT INTO Enrolled (u_id,courseCode) VALUES (620022303,'CHEM2727'),(620022303,'MATH3857'),(620022303,'INFO1648'),(620022303,'ECON3311');
INSERT INTO Users VALUES (620022304,'Isreal','Meisner','IsrealMeisner@gmail.com','MeisnerIsreal');
INSERT INTO Students VALUES (620022304,'UNDERGRAD','01-01-2020');
INSERT INTO Enrolled (u_id,courseCode) VALUES (620022304,'ECON1498'),(620022304,'PHYS2338'),(620022304,'INFO2797'),(620022304,'MATH1148'),(620022304,'CHEM1613'),(620022304,'INFO2521');
INSERT INTO Users VALUES (620022305,'Joan','Lamar','JoanLamar@gmail.com','LamarJoan');
INSERT INTO Students VALUES (620022305,'UNDERGRAD','01-01-2020');
INSERT INTO Enrolled (u_id,courseCode) VALUES (620022305,'MATH3209'),(620022305,'BIOC2589'),(620022305,'INFO2797'),(620022305,'ECON1012'),(620022305,'INFO1447');
INSERT INTO Users VALUES (620022306,'Grace','Noggle','GraceNoggle@gmail.com','NoggleGrace');
INSERT INTO Students VALUES (620022306,'UNDERGRAD','01-01-2020');
INSERT INTO Enrolled (u_id,courseCode) VALUES (620022306,'BIOC1725'),(620022306,'ECON3228'),(620022306,'MATH1735');
INSERT INTO Users VALUES (620022307,'Sam','Merna','SamMerna@gmail.com','MernaSam');
INSERT INTO Students VALUES (620022307,'UNDERGRAD','01-01-2020');
INSERT INTO Enrolled (u_id,courseCode) VALUES (620022307,'MATH3209'),(620022307,'MATH2801'),(620022307,'PHYS1399'),(620022307,'PHYS3729'),(620022307,'INFO3645');
INSERT INTO Users VALUES (620022308,'Richard','Nighman','RichardNighman@gmail.com','NighmanRichard');
INSERT INTO Students VALUES (620022308,'UNDERGRAD','01-01-2020');
INSERT INTO Enrolled (u_id,courseCode) VALUES (620022308,'ECON3281'),(620022308,'CHEM2867'),(620022308,'ECON1783');
INSERT INTO Users VALUES (620022309,'Sandra','Jefferson','SandraJefferson@gmail.com','JeffersonSandra');
INSERT INTO Students VALUES (620022309,'UNDERGRAD','01-01-2020');
INSERT INTO Enrolled (u_id,courseCode) VALUES (620022309,'ECON3228'),(620022309,'INFO1447'),(620022309,'MATH3857'),(620022309,'PHYS3729'),(620022309,'BIOC1598');
INSERT INTO Users VALUES (620022310,'Ronald','Dillis','RonaldDillis@gmail.com','DillisRonald');
INSERT INTO Students VALUES (620022310,'UNDERGRAD','01-01-2020');
INSERT INTO Enrolled (u_id,courseCode) VALUES (620022310,'MATH1454'),(620022310,'INFO3419'),(620022310,'COMP2651');
INSERT INTO Users VALUES (620022311,'Lindsey','Cochran','LindseyCochran@gmail.com','CochranLindsey');
INSERT INTO Students VALUES (620022311,'UNDERGRAD','01-01-2020');
INSERT INTO Enrolled (u_id,courseCode) VALUES (620022311,'BIOC1794'),(620022311,'PHYS3464'),(620022311,'BIOC2589'),(620022311,'BIOC3341'),(620022311,'COMP3173');
INSERT INTO Users VALUES (620022312,'Frances','Harrington','FrancesHarrington@gmail.com','HarringtonFrances');
INSERT INTO Students VALUES (620022312,'UNDERGRAD','01-01-2020');
INSERT INTO Enrolled (u_id,courseCode) VALUES (620022312,'CHEM2031'),(620022312,'BIOC2550'),(620022312,'COMP3084'),(620022312,'BIOC2589');
INSERT INTO Users VALUES (620022313,'Sadie','Atkins','SadieAtkins@gmail.com','AtkinsSadie');
INSERT INTO Students VALUES (620022313,'UNDERGRAD','01-01-2020');
INSERT INTO Enrolled (u_id,courseCode) VALUES (620022313,'PHYS3464'),(620022313,'MATH3179'),(620022313,'PHYS3729'),(620022313,'BIOC1725');
INSERT INTO Users VALUES (620022314,'Jennifer','Brown','JenniferBrown@gmail.com','BrownJennifer');
INSERT INTO Students VALUES (620022314,'UNDERGRAD','01-01-2020');
INSERT INTO Enrolled (u_id,courseCode) VALUES (620022314,'PHYS3339'),(620022314,'COMP2651'),(620022314,'BIOC2589'),(620022314,'ECON2814'),(620022314,'BIOC2981'),(620022314,'PHYS2448');
INSERT INTO Users VALUES (620022315,'Allison','Armstead','AllisonArmstead@gmail.com','ArmsteadAllison');
INSERT INTO Students VALUES (620022315,'UNDERGRAD','01-01-2020');
INSERT INTO Enrolled (u_id,courseCode) VALUES (620022315,'CHEM1807'),(620022315,'ECON3020'),(620022315,'PHYS3876'),(620022315,'ECON3311');
INSERT INTO Users VALUES (620022316,'Wayne','Christinsen','WayneChristinsen@gmail.com','ChristinsenWayne');
INSERT INTO Students VALUES (620022316,'UNDERGRAD','01-01-2020');
INSERT INTO Enrolled (u_id,courseCode) VALUES (620022316,'PHYS2229'),(620022316,'PHYS3052'),(620022316,'COMP3697'),(620022316,'INFO2950'),(620022316,'MATH1262');
INSERT INTO Users VALUES (620022317,'Gabriel','Mcneill','GabrielMcneill@gmail.com','McneillGabriel');
INSERT INTO Students VALUES (620022317,'UNDERGRAD','01-01-2020');
INSERT INTO Enrolled (u_id,courseCode) VALUES (620022317,'BIOC1104'),(620022317,'MATH2188'),(620022317,'BIOC1052'),(620022317,'CHEM2031'),(620022317,'ECON3311'),(620022317,'BIOC1439');
INSERT INTO Users VALUES (620022318,'Nan','Coleman','NanColeman@gmail.com','ColemanNan');
INSERT INTO Students VALUES (620022318,'UNDERGRAD','01-01-2020');
INSERT INTO Enrolled (u_id,courseCode) VALUES (620022318,'COMP2077'),(620022318,'MATH2555'),(620022318,'COMP3685'),(620022318,'INFO3645'),(620022318,'BIOC1052'),(620022318,'MATH1262');
INSERT INTO Users VALUES (620022319,'Reggie','Scully','ReggieScully@gmail.com','ScullyReggie');
INSERT INTO Students VALUES (620022319,'UNDERGRAD','01-01-2020');
INSERT INTO Enrolled (u_id,courseCode) VALUES (620022319,'COMP3697'),(620022319,'COMP1543'),(620022319,'ECON3989'),(620022319,'COMP3746'),(620022319,'INFO2213'),(620022319,'INFO1447');
INSERT INTO Users VALUES (620022320,'Geraldine','Carrington','GeraldineCarrington@gmail.com','CarringtonGeraldine');
INSERT INTO Students VALUES (620022320,'UNDERGRAD','01-01-2020');
INSERT INTO Enrolled (u_id,courseCode) VALUES (620022320,'PHYS3787'),(620022320,'INFO3935'),(620022320,'COMP1184');
INSERT INTO Users VALUES (620022321,'Greg','Grinstead','GregGrinstead@gmail.com','GrinsteadGreg');
INSERT INTO Students VALUES (620022321,'UNDERGRAD','01-01-2020');
INSERT INTO Enrolled (u_id,courseCode) VALUES (620022321,'COMP2965'),(620022321,'COMP1460'),(620022321,'PHYS2667'),(620022321,'CHEM2604'),(620022321,'INFO2337');
INSERT INTO Users VALUES (620022322,'Denise','Estrada','DeniseEstrada@gmail.com','EstradaDenise');
INSERT INTO Students VALUES (620022322,'UNDERGRAD','01-01-2020');
INSERT INTO Enrolled (u_id,courseCode) VALUES (620022322,'PHYS1173'),(620022322,'PHYS2977'),(620022322,'PHYS1979');
INSERT INTO Users VALUES (620022323,'Andrew','Pero','AndrewPero@gmail.com','PeroAndrew');
INSERT INTO Students VALUES (620022323,'UNDERGRAD','01-01-2020');
INSERT INTO Enrolled (u_id,courseCode) VALUES (620022323,'MATH1972'),(620022323,'INFO2813'),(620022323,'MATH1578'),(620022323,'ECON2345'),(620022323,'PHYS3052');
INSERT INTO Users VALUES (620022324,'Adelle','Alexander','AdelleAlexander@gmail.com','AlexanderAdelle');
INSERT INTO Students VALUES (620022324,'UNDERGRAD','01-01-2020');
INSERT INTO Enrolled (u_id,courseCode) VALUES (620022324,'INFO3636'),(620022324,'COMP3238'),(620022324,'MATH3688'),(620022324,'PHYS2113'),(620022324,'ECON1458'),(620022324,'ECON3020');
INSERT INTO Users VALUES (620022325,'Hector','Walley','HectorWalley@gmail.com','WalleyHector');
INSERT INTO Students VALUES (620022325,'UNDERGRAD','01-01-2020');
INSERT INTO Enrolled (u_id,courseCode) VALUES (620022325,'MATH2501'),(620022325,'MATH3857'),(620022325,'BIOC1052'),(620022325,'MATH3059');
INSERT INTO Users VALUES (620022326,'Louise','May','LouiseMay@gmail.com','MayLouise');
INSERT INTO Students VALUES (620022326,'UNDERGRAD','01-01-2020');
INSERT INTO Enrolled (u_id,courseCode) VALUES (620022326,'CHEM2149'),(620022326,'MATH1578'),(620022326,'PHYS1993'),(620022326,'ECON3737'),(620022326,'ECON1996'),(620022326,'COMP2717');
INSERT INTO Users VALUES (620022327,'Stacy','Wilbanks','StacyWilbanks@gmail.com','WilbanksStacy');
INSERT INTO Students VALUES (620022327,'UNDERGRAD','01-01-2020');
INSERT INTO Enrolled (u_id,courseCode) VALUES (620022327,'PHYS1993'),(620022327,'CHEM2604'),(620022327,'PHYS2448');
INSERT INTO Users VALUES (620022328,'Lilla','Reyes','LillaReyes@gmail.com','ReyesLilla');
INSERT INTO Students VALUES (620022328,'UNDERGRAD','01-01-2020');
INSERT INTO Enrolled (u_id,courseCode) VALUES (620022328,'CHEM1494'),(620022328,'PHYS2238'),(620022328,'INFO1990'),(620022328,'INFO1288'),(620022328,'MATH2957');
INSERT INTO Users VALUES (620022329,'Jeffrey','Mauk','JeffreyMauk@gmail.com','MaukJeffrey');
INSERT INTO Students VALUES (620022329,'UNDERGRAD','01-01-2020');
INSERT INTO Enrolled (u_id,courseCode) VALUES (620022329,'MATH2188'),(620022329,'MATH2501'),(620022329,'CHEM2867');
INSERT INTO Users VALUES (620022330,'Katie','Kaupp','KatieKaupp@gmail.com','KauppKatie');
INSERT INTO Students VALUES (620022330,'UNDERGRAD','01-01-2020');
INSERT INTO Enrolled (u_id,courseCode) VALUES (620022330,'ECON1561'),(620022330,'INFO1014'),(620022330,'MATH1638'),(620022330,'CHEM2005'),(620022330,'INFO1447'),(620022330,'PHYS2113');
INSERT INTO Users VALUES (620022331,'Janice','Calder','JaniceCalder@gmail.com','CalderJanice');
INSERT INTO Students VALUES (620022331,'UNDERGRAD','01-01-2020');
INSERT INTO Enrolled (u_id,courseCode) VALUES (620022331,'INFO2860'),(620022331,'INFO2636'),(620022331,'INFO2797'),(620022331,'MATH1735'),(620022331,'ECON3228'),(620022331,'MATH1972');
INSERT INTO Users VALUES (620022332,'Lorenza','Heckstall','LorenzaHeckstall@gmail.com','HeckstallLorenza');
INSERT INTO Students VALUES (620022332,'UNDERGRAD','01-01-2020');
INSERT INTO Enrolled (u_id,courseCode) VALUES (620022332,'PHYS3052'),(620022332,'INFO2797'),(620022332,'PHYS1173'),(620022332,'MATH1638');
INSERT INTO Users VALUES (620022333,'Stanley','Diggs','StanleyDiggs@gmail.com','DiggsStanley');
INSERT INTO Students VALUES (620022333,'UNDERGRAD','01-01-2020');
INSERT INTO Enrolled (u_id,courseCode) VALUES (620022333,'CHEM2065'),(620022333,'CHEM1340'),(620022333,'ECON2387');
INSERT INTO Users VALUES (620022334,'Justin','Tirabassi','JustinTirabassi@gmail.com','TirabassiJustin');
INSERT INTO Students VALUES (620022334,'UNDERGRAD','01-01-2020');
INSERT INTO Enrolled (u_id,courseCode) VALUES (620022334,'MATH3179'),(620022334,'ECON3063'),(620022334,'ECON1012'),(620022334,'INFO3868'),(620022334,'BIOC1866'),(620022334,'ECON3737');
INSERT INTO Users VALUES (620022335,'Evelyn','Shattuck','EvelynShattuck@gmail.com','ShattuckEvelyn');
INSERT INTO Students VALUES (620022335,'UNDERGRAD','01-01-2020');
INSERT INTO Enrolled (u_id,courseCode) VALUES (620022335,'COMP1184'),(620022335,'PHYS1930'),(620022335,'INFO3645'),(620022335,'CHEM1340'),(620022335,'MATH2801'),(620022335,'COMP1573');
INSERT INTO Users VALUES (620022336,'Delia','Aybar','DeliaAybar@gmail.com','AybarDelia');
INSERT INTO Students VALUES (620022336,'UNDERGRAD','01-01-2020');
INSERT INTO Enrolled (u_id,courseCode) VALUES (620022336,'PHYS2451'),(620022336,'CHEM2031'),(620022336,'INFO2636'),(620022336,'MATH3173'),(620022336,'ECON2387');
INSERT INTO Users VALUES (620022337,'Stacy','Kaupp','StacyKaupp@gmail.com','KauppStacy');
INSERT INTO Students VALUES (620022337,'UNDERGRAD','01-01-2020');
INSERT INTO Enrolled (u_id,courseCode) VALUES (620022337,'INFO3868'),(620022337,'PHYS3290'),(620022337,'CHEM2727');
INSERT INTO Users VALUES (620022338,'Grace','Mccarthy','GraceMccarthy@gmail.com','MccarthyGrace');
INSERT INTO Students VALUES (620022338,'UNDERGRAD','01-01-2020');
INSERT INTO Enrolled (u_id,courseCode) VALUES (620022338,'BIOC1448'),(620022338,'INFO1648'),(620022338,'PHYS2306'),(620022338,'MATH2555');
INSERT INTO Users VALUES (620022339,'Robert','Quintero','RobertQuintero@gmail.com','QuinteroRobert');
INSERT INTO Students VALUES (620022339,'UNDERGRAD','01-01-2020');
INSERT INTO Enrolled (u_id,courseCode) VALUES (620022339,'INFO2559'),(620022339,'ECON3281'),(620022339,'CHEM2867'),(620022339,'CHEM3409');
INSERT INTO Users VALUES (620022340,'Louise','Harms','LouiseHarms@gmail.com','HarmsLouise');
INSERT INTO Students VALUES (620022340,'UNDERGRAD','01-01-2020');
INSERT INTO Enrolled (u_id,courseCode) VALUES (620022340,'ECON1645'),(620022340,'BIOC1910'),(620022340,'PHYS2338'),(620022340,'PHYS1993'),(620022340,'ECON3550');
INSERT INTO Users VALUES (620022341,'Kimberly','Wengerd','KimberlyWengerd@gmail.com','WengerdKimberly');
INSERT INTO Students VALUES (620022341,'UNDERGRAD','01-01-2020');
INSERT INTO Enrolled (u_id,courseCode) VALUES (620022341,'MATH3059'),(620022341,'BIOC1448'),(620022341,'BIOC3191'),(620022341,'COMP2541'),(620022341,'CHEM1485'),(620022341,'INFO1648');
INSERT INTO Users VALUES (620022342,'Thomas','Pere','ThomasPere@gmail.com','PereThomas');
INSERT INTO Students VALUES (620022342,'UNDERGRAD','01-01-2020');
INSERT INTO Enrolled (u_id,courseCode) VALUES (620022342,'ECON1458'),(620022342,'MATH2188'),(620022342,'INFO2636'),(620022342,'INFO2860'),(620022342,'CHEM2066'),(620022342,'COMP3167');
INSERT INTO Users VALUES (620022343,'Leo','Mitchell','LeoMitchell@gmail.com','MitchellLeo');
INSERT INTO Students VALUES (620022343,'UNDERGRAD','01-01-2020');
INSERT INTO Enrolled (u_id,courseCode) VALUES (620022343,'CHEM1807'),(620022343,'ECON3311'),(620022343,'ECON3288');
INSERT INTO Users VALUES (620022344,'Sadie','Mcclanahan','SadieMcclanahan@gmail.com','McclanahanSadie');
INSERT INTO Students VALUES (620022344,'UNDERGRAD','01-01-2020');
INSERT INTO Enrolled (u_id,courseCode) VALUES (620022344,'COMP3173'),(620022344,'COMP3167'),(620022344,'COMP2400'),(620022344,'INFO2270');
INSERT INTO Users VALUES (620022345,'Marjorie','Carlos','MarjorieCarlos@gmail.com','CarlosMarjorie');
INSERT INTO Students VALUES (620022345,'UNDERGRAD','01-01-2020');
INSERT INTO Enrolled (u_id,courseCode) VALUES (620022345,'BIOC2671'),(620022345,'COMP3849'),(620022345,'COMP3639'),(620022345,'INFO3935'),(620022345,'INFO2636');
INSERT INTO Users VALUES (620022346,'Wanda','Walley','WandaWalley@gmail.com','WalleyWanda');
INSERT INTO Students VALUES (620022346,'UNDERGRAD','01-01-2020');
INSERT INTO Enrolled (u_id,courseCode) VALUES (620022346,'MATH3857'),(620022346,'INFO1648'),(620022346,'COMP3418'),(620022346,'ECON3085'),(620022346,'ECON3004'),(620022346,'MATH3059');
INSERT INTO Users VALUES (620022347,'Wilbur','Bourgoin','WilburBourgoin@gmail.com','BourgoinWilbur');
INSERT INTO Students VALUES (620022347,'UNDERGRAD','01-01-2020');
INSERT INTO Enrolled (u_id,courseCode) VALUES (620022347,'INFO2521'),(620022347,'ECON1498'),(620022347,'MATH1648'),(620022347,'CHEM2031'),(620022347,'BIOC2054'),(620022347,'CHEM3888');
INSERT INTO Users VALUES (620022348,'Ashleigh','Jesse','AshleighJesse@gmail.com','JesseAshleigh');
INSERT INTO Students VALUES (620022348,'UNDERGRAD','01-01-2020');
INSERT INTO Enrolled (u_id,courseCode) VALUES (620022348,'CHEM3888'),(620022348,'MATH1638'),(620022348,'MATH3029'),(620022348,'CHEM1340'),(620022348,'CHEM2626');
INSERT INTO Users VALUES (620022349,'Warren','Wurdeman','WarrenWurdeman@gmail.com','WurdemanWarren');
INSERT INTO Students VALUES (620022349,'UNDERGRAD','01-01-2020');
INSERT INTO Enrolled (u_id,courseCode) VALUES (620022349,'ECON3228'),(620022349,'COMP2077'),(620022349,'ECON3447'),(620022349,'BIOC2671'),(620022349,'BIOC1794'),(620022349,'COMP3746');
INSERT INTO Users VALUES (620022350,'Krista','Knox','KristaKnox@gmail.com','KnoxKrista');
INSERT INTO Students VALUES (620022350,'UNDERGRAD','01-01-2020');
INSERT INTO Enrolled (u_id,courseCode) VALUES (620022350,'ECON2703'),(620022350,'INFO1288'),(620022350,'COMP3047'),(620022350,'COMP1051'),(620022350,'BIOC1534');
INSERT INTO Users VALUES (620022351,'Daniel','Joaquin','DanielJoaquin@gmail.com','JoaquinDaniel');
INSERT INTO Students VALUES (620022351,'UNDERGRAD','01-01-2020');
INSERT INTO Enrolled (u_id,courseCode) VALUES (620022351,'PHYS2451'),(620022351,'INFO3645'),(620022351,'ECON1589'),(620022351,'MATH2717');
INSERT INTO Users VALUES (620022352,'Terri','Carrillo','TerriCarrillo@gmail.com','CarrilloTerri');
INSERT INTO Students VALUES (620022352,'UNDERGRAD','01-01-2020');
INSERT INTO Enrolled (u_id,courseCode) VALUES (620022352,'ECON3550'),(620022352,'COMP2965'),(620022352,'COMP3506'),(620022352,'INFO1825'),(620022352,'MATH2501'),(620022352,'PHYS2977');
INSERT INTO Users VALUES (620022353,'Rodney','Lundholm','RodneyLundholm@gmail.com','LundholmRodney');
INSERT INTO Students VALUES (620022353,'UNDERGRAD','01-01-2020');
INSERT INTO Enrolled (u_id,courseCode) VALUES (620022353,'BIOC1866'),(620022353,'MATH3179'),(620022353,'PHYS1930'),(620022353,'COMP2077'),(620022353,'MATH1262');
INSERT INTO Users VALUES (620022354,'Elwood','Culpepper','ElwoodCulpepper@gmail.com','CulpepperElwood');
INSERT INTO Students VALUES (620022354,'UNDERGRAD','01-01-2020');
INSERT INTO Enrolled (u_id,courseCode) VALUES (620022354,'BIOC2983'),(620022354,'ECON2814'),(620022354,'PHYS3659'),(620022354,'INFO2147'),(620022354,'COMP2717'),(620022354,'PHYS3686');
INSERT INTO Users VALUES (620022355,'Joe','Tirabassi','JoeTirabassi@gmail.com','TirabassiJoe');
INSERT INTO Students VALUES (620022355,'UNDERGRAD','01-01-2020');
INSERT INTO Enrolled (u_id,courseCode) VALUES (620022355,'ECON3281'),(620022355,'CHEM3054'),(620022355,'INFO1288'),(620022355,'ECON3523'),(620022355,'BIOC3604'),(620022355,'ECON3063');
INSERT INTO Users VALUES (620022356,'Eunice','Uribe','EuniceUribe@gmail.com','UribeEunice');
INSERT INTO Students VALUES (620022356,'UNDERGRAD','01-01-2020');
INSERT INTO Enrolled (u_id,courseCode) VALUES (620022356,'COMP3238'),(620022356,'MATH1262'),(620022356,'ECON3523');
INSERT INTO Users VALUES (620022357,'Cliff','Waugh','CliffWaugh@gmail.com','WaughCliff');
INSERT INTO Students VALUES (620022357,'UNDERGRAD','01-01-2020');
INSERT INTO Enrolled (u_id,courseCode) VALUES (620022357,'COMP3639'),(620022357,'CHEM3614'),(620022357,'COMP3084'),(620022357,'PHYS1979'),(620022357,'MATH2501');
INSERT INTO Users VALUES (620022358,'Doris','Crawford','DorisCrawford@gmail.com','CrawfordDoris');
INSERT INTO Students VALUES (620022358,'UNDERGRAD','01-01-2020');
INSERT INTO Enrolled (u_id,courseCode) VALUES (620022358,'BIOC3457'),(620022358,'INFO1014'),(620022358,'BIOC3341'),(620022358,'PHYS2238'),(620022358,'PHYS3787');
INSERT INTO Users VALUES (620022359,'Delmar','Comley','DelmarComley@gmail.com','ComleyDelmar');
INSERT INTO Students VALUES (620022359,'UNDERGRAD','01-01-2020');
INSERT INTO Enrolled (u_id,courseCode) VALUES (620022359,'PHYS1993'),(620022359,'ECON1170'),(620022359,'ECON3523');
INSERT INTO Users VALUES (620022360,'Dominick','Pero','DominickPero@gmail.com','PeroDominick');
INSERT INTO Students VALUES (620022360,'UNDERGRAD','01-01-2020');
INSERT INTO Enrolled (u_id,courseCode) VALUES (620022360,'PHYS2667'),(620022360,'BIOC1910'),(620022360,'COMP3849'),(620022360,'BIOC1794'),(620022360,'INFO2860'),(620022360,'CHEM2031');
INSERT INTO Users VALUES (620022361,'Reggie','Collins','ReggieCollins@gmail.com','CollinsReggie');
INSERT INTO Students VALUES (620022361,'UNDERGRAD','01-01-2020');
INSERT INTO Enrolled (u_id,courseCode) VALUES (620022361,'PHYS2238'),(620022361,'MATH1148'),(620022361,'COMP3238');
INSERT INTO Users VALUES (620022362,'Laila','Hamilton','LailaHamilton@gmail.com','HamiltonLaila');
INSERT INTO Students VALUES (620022362,'UNDERGRAD','01-01-2020');
INSERT INTO Enrolled (u_id,courseCode) VALUES (620022362,'ECON2387'),(620022362,'ECON1458'),(620022362,'COMP2080'),(620022362,'CHEM2149');
INSERT INTO Users VALUES (620022363,'Caroline','Hoyer','CarolineHoyer@gmail.com','HoyerCaroline');
INSERT INTO Students VALUES (620022363,'UNDERGRAD','01-01-2020');
INSERT INTO Enrolled (u_id,courseCode) VALUES (620022363,'ECON3989'),(620022363,'CHEM3617'),(620022363,'ECON1230'),(620022363,'BIOC2054');
INSERT INTO Users VALUES (620022364,'Michael','Quintero','MichaelQuintero@gmail.com','QuinteroMichael');
INSERT INTO Students VALUES (620022364,'UNDERGRAD','01-01-2020');
INSERT INTO Enrolled (u_id,courseCode) VALUES (620022364,'BIOC3457'),(620022364,'BIOC3604'),(620022364,'CHEM3409');
INSERT INTO Users VALUES (620022365,'Harold','Steinbach','HaroldSteinbach@gmail.com','SteinbachHarold');
INSERT INTO Students VALUES (620022365,'UNDERGRAD','01-01-2020');
INSERT INTO Enrolled (u_id,courseCode) VALUES (620022365,'CHEM3888'),(620022365,'PHYS3729'),(620022365,'CHEM3409');
INSERT INTO Users VALUES (620022366,'Shawn','Morey','ShawnMorey@gmail.com','MoreyShawn');
INSERT INTO Students VALUES (620022366,'UNDERGRAD','01-01-2020');
INSERT INTO Enrolled (u_id,courseCode) VALUES (620022366,'INFO1825'),(620022366,'CHEM1807'),(620022366,'INFO1447');
INSERT INTO Users VALUES (620022367,'Jimmy','Shields','JimmyShields@gmail.com','ShieldsJimmy');
INSERT INTO Students VALUES (620022367,'UNDERGRAD','01-01-2020');
INSERT INTO Enrolled (u_id,courseCode) VALUES (620022367,'ECON1783'),(620022367,'PHYS1173'),(620022367,'PHYS3876'),(620022367,'PHYS3659'),(620022367,'ECON2345');
INSERT INTO Users VALUES (620022368,'Ben','Oconnell','BenOconnell@gmail.com','OconnellBen');
INSERT INTO Students VALUES (620022368,'UNDERGRAD','01-01-2020');
INSERT INTO Enrolled (u_id,courseCode) VALUES (620022368,'CHEM3054'),(620022368,'ECON3063'),(620022368,'BIOC1485'),(620022368,'BIOC1866'),(620022368,'COMP3047');
INSERT INTO Users VALUES (620022369,'Juan','Phinney','JuanPhinney@gmail.com','PhinneyJuan');
INSERT INTO Students VALUES (620022369,'UNDERGRAD','01-01-2020');
INSERT INTO Enrolled (u_id,courseCode) VALUES (620022369,'ECON1098'),(620022369,'INFO3645'),(620022369,'INFO2337'),(620022369,'PHYS1930'),(620022369,'MATH3179'),(620022369,'PHYS3729');
INSERT INTO Users VALUES (620022370,'Marcus','Williams','MarcusWilliams@gmail.com','WilliamsMarcus');
INSERT INTO Students VALUES (620022370,'UNDERGRAD','01-01-2020');
INSERT INTO Enrolled (u_id,courseCode) VALUES (620022370,'INFO1014'),(620022370,'MATH2717'),(620022370,'INFO1242'),(620022370,'BIOC1534'),(620022370,'MATH1454');
INSERT INTO Users VALUES (620022371,'Donald','Steere','DonaldSteere@gmail.com','SteereDonald');
INSERT INTO Students VALUES (620022371,'UNDERGRAD','01-01-2020');
INSERT INTO Enrolled (u_id,courseCode) VALUES (620022371,'MATH3059'),(620022371,'MATH3544'),(620022371,'PHYS2563'),(620022371,'MATH2550');
INSERT INTO Users VALUES (620022372,'Derek','Kenney','DerekKenney@gmail.com','KenneyDerek');
INSERT INTO Students VALUES (620022372,'UNDERGRAD','01-01-2020');
INSERT INTO Enrolled (u_id,courseCode) VALUES (620022372,'MATH3613'),(620022372,'COMP3685'),(620022372,'MATH3544'),(620022372,'BIOC1910'),(620022372,'PHYS2117'),(620022372,'BIOC2236');
INSERT INTO Users VALUES (620022373,'Carolyn','Orchard','CarolynOrchard@gmail.com','OrchardCarolyn');
INSERT INTO Students VALUES (620022373,'UNDERGRAD','01-01-2020');
INSERT INTO Enrolled (u_id,courseCode) VALUES (620022373,'MATH1309'),(620022373,'ECON3063'),(620022373,'CHEM2604'),(620022373,'CHEM2149'),(620022373,'MATH3544');
INSERT INTO Users VALUES (620022374,'Wayne','Flowers','WayneFlowers@gmail.com','FlowersWayne');
INSERT INTO Students VALUES (620022374,'UNDERGRAD','01-01-2020');
INSERT INTO Enrolled (u_id,courseCode) VALUES (620022374,'COMP1573'),(620022374,'MATH3688'),(620022374,'COMP1357');
INSERT INTO Users VALUES (620022375,'Roger','Maione','RogerMaione@gmail.com','MaioneRoger');
INSERT INTO Students VALUES (620022375,'UNDERGRAD','01-01-2020');
INSERT INTO Enrolled (u_id,courseCode) VALUES (620022375,'INFO1288'),(620022375,'MATH3544'),(620022375,'INFO2813'),(620022375,'BIOC1910'),(620022375,'INFO1990');
INSERT INTO Users VALUES (620022376,'Kim','Christenberry','KimChristenberry@gmail.com','ChristenberryKim');
INSERT INTO Students VALUES (620022376,'UNDERGRAD','01-01-2020');
INSERT INTO Enrolled (u_id,courseCode) VALUES (620022376,'MATH1648'),(620022376,'PHYS3464'),(620022376,'CHEM2867'),(620022376,'MATH1638');
INSERT INTO Users VALUES (620022377,'Anderson','Laudat','AndersonLaudat@gmail.com','LaudatAnderson');
INSERT INTO Students VALUES (620022377,'UNDERGRAD','01-01-2020');
INSERT INTO Enrolled (u_id,courseCode) VALUES (620022377,'INFO1145'),(620022377,'BIOC2981'),(620022377,'MATH2801'),(620022377,'MATH3173'),(620022377,'ECON2703'),(620022377,'CHEM1340');
INSERT INTO Users VALUES (620022378,'Julius','Jefferson','JuliusJefferson@gmail.com','JeffersonJulius');
INSERT INTO Students VALUES (620022378,'UNDERGRAD','01-01-2020');
INSERT INTO Enrolled (u_id,courseCode) VALUES (620022378,'ECON3288'),(620022378,'INFO3419'),(620022378,'CHEM1340');
INSERT INTO Users VALUES (620022379,'Peter','Lindstrom','PeterLindstrom@gmail.com','LindstromPeter');
INSERT INTO Students VALUES (620022379,'UNDERGRAD','01-01-2020');
INSERT INTO Enrolled (u_id,courseCode) VALUES (620022379,'BIOC1439'),(620022379,'INFO1990'),(620022379,'ECON1098'),(620022379,'BIOC3457'),(620022379,'COMP1573'),(620022379,'ECON1498');
INSERT INTO Users VALUES (620022380,'Curtis','Walley','CurtisWalley@gmail.com','WalleyCurtis');
INSERT INTO Students VALUES (620022380,'UNDERGRAD','01-01-2020');
INSERT INTO Enrolled (u_id,courseCode) VALUES (620022380,'BIOC1725'),(620022380,'ECON1098'),(620022380,'COMP1543'),(620022380,'BIOC2054');
INSERT INTO Users VALUES (620022381,'Frances','Crites','FrancesCrites@gmail.com','CritesFrances');
INSERT INTO Students VALUES (620022381,'UNDERGRAD','01-01-2020');
INSERT INTO Enrolled (u_id,courseCode) VALUES (620022381,'PHYS3686'),(620022381,'ECON3063'),(620022381,'CHEM2727'),(620022381,'CHEM2481'),(620022381,'CHEM1485'),(620022381,'INFO3868');
INSERT INTO Users VALUES (620022382,'Kimberly','Wood','KimberlyWood@gmail.com','WoodKimberly');
INSERT INTO Students VALUES (620022382,'UNDERGRAD','01-01-2020');
INSERT INTO Enrolled (u_id,courseCode) VALUES (620022382,'ECON3004'),(620022382,'BIOC2236'),(620022382,'CHEM1807'),(620022382,'ECON1170'),(620022382,'MATH1454');
INSERT INTO Users VALUES (620022383,'Adelle','Lowry','AdelleLowry@gmail.com','LowryAdelle');
INSERT INTO Students VALUES (620022383,'UNDERGRAD','01-01-2020');
INSERT INTO Enrolled (u_id,courseCode) VALUES (620022383,'ECON1996'),(620022383,'CHEM3614'),(620022383,'PHYS2117');
INSERT INTO Users VALUES (620022384,'Trina','Nunn','TrinaNunn@gmail.com','NunnTrina');
INSERT INTO Students VALUES (620022384,'UNDERGRAD','01-01-2020');
INSERT INTO Enrolled (u_id,courseCode) VALUES (620022384,'INFO3645'),(620022384,'PHYS2667'),(620022384,'MATH3857');
INSERT INTO Users VALUES (620022385,'Geraldine','Garrett','GeraldineGarrett@gmail.com','GarrettGeraldine');
INSERT INTO Students VALUES (620022385,'UNDERGRAD','01-01-2020');
INSERT INTO Enrolled (u_id,courseCode) VALUES (620022385,'ECON1645'),(620022385,'COMP3047'),(620022385,'ECON1561'),(620022385,'BIOC1744'),(620022385,'CHEM3347');
INSERT INTO Users VALUES (620022386,'Teresa','Joeckel','TeresaJoeckel@gmail.com','JoeckelTeresa');
INSERT INTO Students VALUES (620022386,'UNDERGRAD','01-01-2020');
INSERT INTO Enrolled (u_id,courseCode) VALUES (620022386,'CHEM1494'),(620022386,'MATH3544'),(620022386,'INFO3935'),(620022386,'INFO2797'),(620022386,'BIOC1744');
INSERT INTO Users VALUES (620022387,'Doris','King','DorisKing@gmail.com','KingDoris');
INSERT INTO Students VALUES (620022387,'UNDERGRAD','01-01-2020');
INSERT INTO Enrolled (u_id,courseCode) VALUES (620022387,'COMP3173'),(620022387,'MATH1972'),(620022387,'COMP1867'),(620022387,'PHYS2113');
INSERT INTO Users VALUES (620022388,'Bryon','Banks','BryonBanks@gmail.com','BanksBryon');
INSERT INTO Students VALUES (620022388,'UNDERGRAD','01-01-2020');
INSERT INTO Enrolled (u_id,courseCode) VALUES (620022388,'INFO3636'),(620022388,'INFO2213'),(620022388,'ECON3288'),(620022388,'PHYS2117');
INSERT INTO Users VALUES (620022389,'Rosa','Jesse','RosaJesse@gmail.com','JesseRosa');
INSERT INTO Students VALUES (620022389,'UNDERGRAD','01-01-2020');
INSERT INTO Enrolled (u_id,courseCode) VALUES (620022389,'MATH3059'),(620022389,'ECON3447'),(620022389,'BIOC1725');
INSERT INTO Users VALUES (620022390,'Michelle','Shattuck','MichelleShattuck@gmail.com','ShattuckMichelle');
INSERT INTO Students VALUES (620022390,'UNDERGRAD','01-01-2020');
INSERT INTO Enrolled (u_id,courseCode) VALUES (620022390,'INFO2950'),(620022390,'COMP3418'),(620022390,'PHYS3876'),(620022390,'CHEM2220');
INSERT INTO Users VALUES (620022391,'Sheila','Lowrey','SheilaLowrey@gmail.com','LowreySheila');
INSERT INTO Students VALUES (620022391,'UNDERGRAD','01-01-2020');
INSERT INTO Enrolled (u_id,courseCode) VALUES (620022391,'PHYS3290'),(620022391,'INFO1648'),(620022391,'PHYS1140'),(620022391,'PHYS2338'),(620022391,'ECON3281');
INSERT INTO Users VALUES (620022392,'Helen','Rankin','HelenRankin@gmail.com','RankinHelen');
INSERT INTO Students VALUES (620022392,'UNDERGRAD','01-01-2020');
INSERT INTO Enrolled (u_id,courseCode) VALUES (620022392,'COMP1184'),(620022392,'ECON3085'),(620022392,'ECON3004');
INSERT INTO Users VALUES (620022393,'Vanessa','Nelson','VanessaNelson@gmail.com','NelsonVanessa');
INSERT INTO Students VALUES (620022393,'UNDERGRAD','01-01-2020');
INSERT INTO Enrolled (u_id,courseCode) VALUES (620022393,'CHEM2066'),(620022393,'BIOC1052'),(620022393,'INFO2716'),(620022393,'MATH1250'),(620022393,'CHEM3614'),(620022393,'BIOC1910');
INSERT INTO Users VALUES (620022394,'Kelly','Carlson','KellyCarlson@gmail.com','CarlsonKelly');
INSERT INTO Students VALUES (620022394,'UNDERGRAD','01-01-2020');
INSERT INTO Enrolled (u_id,courseCode) VALUES (620022394,'INFO1288'),(620022394,'CHEM3327'),(620022394,'MATH3179'),(620022394,'PHYS1993');
INSERT INTO Users VALUES (620022395,'Edward','Mcclain','EdwardMcclain@gmail.com','McclainEdward');
INSERT INTO Students VALUES (620022395,'UNDERGRAD','01-01-2020');
INSERT INTO Enrolled (u_id,courseCode) VALUES (620022395,'MATH2188'),(620022395,'BIOC1439'),(620022395,'COMP3418');
INSERT INTO Users VALUES (620022396,'Eric','Petersen','EricPetersen@gmail.com','PetersenEric');
INSERT INTO Students VALUES (620022396,'UNDERGRAD','01-01-2020');
INSERT INTO Enrolled (u_id,courseCode) VALUES (620022396,'PHYS2563'),(620022396,'ECON3228'),(620022396,'CHEM3747'),(620022396,'MATH3209'),(620022396,'BIOC1910');
INSERT INTO Users VALUES (620022397,'Lisa','Williamson','LisaWilliamson@gmail.com','WilliamsonLisa');
INSERT INTO Students VALUES (620022397,'UNDERGRAD','01-01-2020');
INSERT INTO Enrolled (u_id,courseCode) VALUES (620022397,'CHEM2697'),(620022397,'ECON1012'),(620022397,'ECON3004'),(620022397,'INFO3645'),(620022397,'MATH3173'),(620022397,'ECON2387');
INSERT INTO Users VALUES (620022398,'Bobby','Petty','BobbyPetty@gmail.com','PettyBobby');
INSERT INTO Students VALUES (620022398,'UNDERGRAD','01-01-2020');
INSERT INTO Enrolled (u_id,courseCode) VALUES (620022398,'INFO2213'),(620022398,'INFO3636'),(620022398,'MATH3029');
INSERT INTO Users VALUES (620022399,'Jonathan','Scully','JonathanScully@gmail.com','ScullyJonathan');
INSERT INTO Students VALUES (620022399,'UNDERGRAD','01-01-2020');
INSERT INTO Enrolled (u_id,courseCode) VALUES (620022399,'ECON3004'),(620022399,'COMP3536'),(620022399,'INFO2270'),(620022399,'CHEM1613'),(620022399,'MATH1735'),(620022399,'COMP2717');
INSERT INTO Users VALUES (620022400,'Lisa','Schilling','LisaSchilling@gmail.com','SchillingLisa');
INSERT INTO Students VALUES (620022400,'UNDERGRAD','01-01-2020');
INSERT INTO Enrolled (u_id,courseCode) VALUES (620022400,'ECON1783'),(620022400,'MATH1454'),(620022400,'PHYS3354'),(620022400,'PHYS2117'),(620022400,'PHYS1140'),(620022400,'ECON1170');
INSERT INTO Users VALUES (620022401,'Justin','Valenzuela','JustinValenzuela@gmail.com','ValenzuelaJustin');
INSERT INTO Students VALUES (620022401,'UNDERGRAD','01-01-2020');
INSERT INTO Enrolled (u_id,courseCode) VALUES (620022401,'ECON3288'),(620022401,'ECON1996'),(620022401,'INFO3868'),(620022401,'BIOC1534'),(620022401,'COMP3167');
INSERT INTO Users VALUES (620022402,'Rosa','Allen','RosaAllen@gmail.com','AllenRosa');
INSERT INTO Students VALUES (620022402,'UNDERGRAD','01-01-2020');
INSERT INTO Enrolled (u_id,courseCode) VALUES (620022402,'INFO2797'),(620022402,'MATH3059'),(620022402,'ECON2703'),(620022402,'BIOC1866'),(620022402,'PHYS1173'),(620022402,'BIOC1794');
INSERT INTO Users VALUES (620022403,'Lorenza','Gillman','LorenzaGillman@gmail.com','GillmanLorenza');
INSERT INTO Students VALUES (620022403,'UNDERGRAD','01-01-2020');
INSERT INTO Enrolled (u_id,courseCode) VALUES (620022403,'MATH1148'),(620022403,'MATH2555'),(620022403,'MATH3209'),(620022403,'CHEM2481'),(620022403,'ECON2345');
INSERT INTO Users VALUES (620022404,'Colin','Deen','ColinDeen@gmail.com','DeenColin');
INSERT INTO Students VALUES (620022404,'UNDERGRAD','01-01-2020');
INSERT INTO Enrolled (u_id,courseCode) VALUES (620022404,'MATH1148'),(620022404,'COMP2965'),(620022404,'MATH1648'),(620022404,'ECON3228');
INSERT INTO Users VALUES (620022405,'Laila','Pulley','LailaPulley@gmail.com','PulleyLaila');
INSERT INTO Students VALUES (620022405,'UNDERGRAD','01-01-2020');
INSERT INTO Enrolled (u_id,courseCode) VALUES (620022405,'BIOC3341'),(620022405,'COMP1867'),(620022405,'ECON3447'),(620022405,'MATH1578'),(620022405,'MATH1309');
INSERT INTO Users VALUES (620022406,'Lori','Johnson','LoriJohnson@gmail.com','JohnsonLori');
INSERT INTO Students VALUES (620022406,'UNDERGRAD','01-01-2020');
INSERT INTO Enrolled (u_id,courseCode) VALUES (620022406,'BIOC1485'),(620022406,'MATH2957'),(620022406,'PHYS2306'),(620022406,'ECON2814'),(620022406,'PHYS2448'),(620022406,'INFO3868');
INSERT INTO Users VALUES (620022407,'Kimberly','Blevins','KimberlyBlevins@gmail.com','BlevinsKimberly');
INSERT INTO Students VALUES (620022407,'UNDERGRAD','01-01-2020');
INSERT INTO Enrolled (u_id,courseCode) VALUES (620022407,'CHEM3409'),(620022407,'MATH3857'),(620022407,'COMP1051'),(620022407,'ECON1561'),(620022407,'CHEM2697'),(620022407,'ECON1645');
INSERT INTO Users VALUES (620022408,'Tiara','Jaworski','TiaraJaworski@gmail.com','JaworskiTiara');
INSERT INTO Students VALUES (620022408,'UNDERGRAD','01-01-2020');
INSERT INTO Enrolled (u_id,courseCode) VALUES (620022408,'COMP3849'),(620022408,'BIOC3457'),(620022408,'COMP2965'),(620022408,'BIOC1448'),(620022408,'MATH1454');
INSERT INTO Users VALUES (620022409,'Ashleigh','Flowers','AshleighFlowers@gmail.com','FlowersAshleigh');
INSERT INTO Students VALUES (620022409,'UNDERGRAD','01-01-2020');
INSERT INTO Enrolled (u_id,courseCode) VALUES (620022409,'ECON3085'),(620022409,'BIOC3341'),(620022409,'MATH1309'),(620022409,'PHYS3729');
INSERT INTO Users VALUES (620022410,'Douglas','Vanhamlin','DouglasVanhamlin@gmail.com','VanhamlinDouglas');
INSERT INTO Students VALUES (620022410,'UNDERGRAD','01-01-2020');
INSERT INTO Enrolled (u_id,courseCode) VALUES (620022410,'INFO3645'),(620022410,'INFO1242'),(620022410,'CHEM2481'),(620022410,'PHYS2238'),(620022410,'PHYS1930');
INSERT INTO Users VALUES (620022411,'Suzanne','Valenzuela','SuzanneValenzuela@gmail.com','ValenzuelaSuzanne');
INSERT INTO Students VALUES (620022411,'UNDERGRAD','01-01-2020');
INSERT INTO Enrolled (u_id,courseCode) VALUES (620022411,'BIOC1164'),(620022411,'PHYS1173'),(620022411,'ECON1170'),(620022411,'PHYS3787');
INSERT INTO Users VALUES (620022412,'Tiara','Scarbrough','TiaraScarbrough@gmail.com','ScarbroughTiara');
INSERT INTO Students VALUES (620022412,'UNDERGRAD','01-01-2020');
INSERT INTO Enrolled (u_id,courseCode) VALUES (620022412,'CHEM3793'),(620022412,'BIOC1744'),(620022412,'ECON3737');
INSERT INTO Users VALUES (620022413,'Kathleen','Deen','KathleenDeen@gmail.com','DeenKathleen');
INSERT INTO Students VALUES (620022413,'UNDERGRAD','01-01-2020');
INSERT INTO Enrolled (u_id,courseCode) VALUES (620022413,'PHYS2451'),(620022413,'COMP1184'),(620022413,'BIOC2589'),(620022413,'ECON3447');
INSERT INTO Users VALUES (620022414,'Jimmy','Hernandez','JimmyHernandez@gmail.com','HernandezJimmy');
INSERT INTO Students VALUES (620022414,'UNDERGRAD','01-01-2020');
INSERT INTO Enrolled (u_id,courseCode) VALUES (620022414,'MATH3209'),(620022414,'CHEM2697'),(620022414,'CHEM2220');
INSERT INTO Users VALUES (620022415,'Ernesto','Robles','ErnestoRobles@gmail.com','RoblesErnesto');
INSERT INTO Students VALUES (620022415,'UNDERGRAD','01-01-2020');
INSERT INTO Enrolled (u_id,courseCode) VALUES (620022415,'INFO1145'),(620022415,'COMP3506'),(620022415,'INFO1990');
INSERT INTO Users VALUES (620022416,'Jewell','Boyer','JewellBoyer@gmail.com','BoyerJewell');
INSERT INTO Students VALUES (620022416,'UNDERGRAD','01-01-2020');
INSERT INTO Enrolled (u_id,courseCode) VALUES (620022416,'PHYS2977'),(620022416,'COMP3238'),(620022416,'CHEM1494'),(620022416,'PHYS1140');
INSERT INTO Users VALUES (620022417,'Kasey','Armstead','KaseyArmstead@gmail.com','ArmsteadKasey');
INSERT INTO Students VALUES (620022417,'UNDERGRAD','01-01-2020');
INSERT INTO Enrolled (u_id,courseCode) VALUES (620022417,'MATH1309'),(620022417,'PHYS2667'),(620022417,'PHYS3290'),(620022417,'CHEM2031');
INSERT INTO Users VALUES (620022418,'Betty','Coleman','BettyColeman@gmail.com','ColemanBetty');
INSERT INTO Students VALUES (620022418,'UNDERGRAD','01-01-2020');
INSERT INTO Enrolled (u_id,courseCode) VALUES (620022418,'ECON1012'),(620022418,'PHYS2229'),(620022418,'INFO2213');
INSERT INTO Users VALUES (620022419,'Edna','Citizen','EdnaCitizen@gmail.com','CitizenEdna');
INSERT INTO Students VALUES (620022419,'UNDERGRAD','01-01-2020');
INSERT INTO Enrolled (u_id,courseCode) VALUES (620022419,'MATH1578'),(620022419,'COMP3084'),(620022419,'MATH1250'),(620022419,'COMP3746'),(620022419,'PHYS1979'),(620022419,'COMP3173');
INSERT INTO Users VALUES (620022420,'Warren','Alexander','WarrenAlexander@gmail.com','AlexanderWarren');
INSERT INTO Students VALUES (620022420,'UNDERGRAD','01-01-2020');
INSERT INTO Enrolled (u_id,courseCode) VALUES (620022420,'PHYS2977'),(620022420,'MATH2188'),(620022420,'COMP1460'),(620022420,'MATH1638'),(620022420,'COMP2400'),(620022420,'COMP3238');
INSERT INTO Users VALUES (620022421,'Jose','Alvarez','JoseAlvarez@gmail.com','AlvarezJose');
INSERT INTO Students VALUES (620022421,'UNDERGRAD','01-01-2020');
INSERT INTO Enrolled (u_id,courseCode) VALUES (620022421,'CHEM2177'),(620022421,'INFO1833'),(620022421,'MATH3179');
INSERT INTO Users VALUES (620022422,'Bobby','Lowry','BobbyLowry@gmail.com','LowryBobby');
INSERT INTO Students VALUES (620022422,'UNDERGRAD','01-01-2020');
INSERT INTO Enrolled (u_id,courseCode) VALUES (620022422,'CHEM1807'),(620022422,'CHEM2031'),(620022422,'MATH1578'),(620022422,'MATH3857'),(620022422,'ECON3020'),(620022422,'INFO2860');
INSERT INTO Users VALUES (620022423,'Weldon','Thompson','WeldonThompson@gmail.com','ThompsonWeldon');
INSERT INTO Students VALUES (620022423,'UNDERGRAD','01-01-2020');
INSERT INTO Enrolled (u_id,courseCode) VALUES (620022423,'COMP3639'),(620022423,'COMP2361'),(620022423,'BIOC1485');
INSERT INTO Users VALUES (620022424,'Mathew','Wesley','MathewWesley@gmail.com','WesleyMathew');
INSERT INTO Students VALUES (620022424,'UNDERGRAD','01-01-2020');
INSERT INTO Enrolled (u_id,courseCode) VALUES (620022424,'BIOC1794'),(620022424,'COMP1184'),(620022424,'BIOC1910'),(620022424,'ECON3228');
INSERT INTO Users VALUES (620022425,'Tiara','Mccarthy','TiaraMccarthy@gmail.com','MccarthyTiara');
INSERT INTO Students VALUES (620022425,'UNDERGRAD','01-01-2020');
INSERT INTO Enrolled (u_id,courseCode) VALUES (620022425,'COMP2651'),(620022425,'INFO2147'),(620022425,'INFO2337');
INSERT INTO Users VALUES (620022426,'Celia','Griffin','CeliaGriffin@gmail.com','GriffinCelia');
INSERT INTO Students VALUES (620022426,'UNDERGRAD','01-01-2020');
INSERT INTO Enrolled (u_id,courseCode) VALUES (620022426,'INFO1014'),(620022426,'MATH3029'),(620022426,'ECON3523');
INSERT INTO Users VALUES (620022427,'Madaline','Cardona','MadalineCardona@gmail.com','CardonaMadaline');
INSERT INTO Students VALUES (620022427,'UNDERGRAD','01-01-2020');
INSERT INTO Enrolled (u_id,courseCode) VALUES (620022427,'CHEM2149'),(620022427,'COMP3506'),(620022427,'MATH1454'),(620022427,'MATH2188');
INSERT INTO Users VALUES (620022428,'Chad','Flemming','ChadFlemming@gmail.com','FlemmingChad');
INSERT INTO Students VALUES (620022428,'UNDERGRAD','01-01-2020');
INSERT INTO Enrolled (u_id,courseCode) VALUES (620022428,'COMP2077'),(620022428,'BIOC1744'),(620022428,'ECON1645'),(620022428,'MATH3544'),(620022428,'CHEM2626'),(620022428,'INFO1447');
INSERT INTO Users VALUES (620022429,'Harold','Lockwood','HaroldLockwood@gmail.com','LockwoodHarold');
INSERT INTO Students VALUES (620022429,'UNDERGRAD','01-01-2020');
INSERT INTO Enrolled (u_id,courseCode) VALUES (620022429,'CHEM3614'),(620022429,'COMP1460'),(620022429,'ECON3288'),(620022429,'COMP2077'),(620022429,'PHYS3052');
INSERT INTO Users VALUES (620022430,'Carrie','Tallent','CarrieTallent@gmail.com','TallentCarrie');
INSERT INTO Students VALUES (620022430,'UNDERGRAD','01-01-2020');
INSERT INTO Enrolled (u_id,courseCode) VALUES (620022430,'BIOC1534'),(620022430,'BIOC3341'),(620022430,'ECON3737'),(620022430,'ECON1996'),(620022430,'BIOC3230');
INSERT INTO Users VALUES (620022431,'Floyd','Eubank','FloydEubank@gmail.com','EubankFloyd');
INSERT INTO Students VALUES (620022431,'UNDERGRAD','01-01-2020');
INSERT INTO Enrolled (u_id,courseCode) VALUES (620022431,'ECON3228'),(620022431,'PHYS2238'),(620022431,'BIOC1794'),(620022431,'PHYS1399'),(620022431,'PHYS3464');
INSERT INTO Users VALUES (620022432,'Betsy','Nelson','BetsyNelson@gmail.com','NelsonBetsy');
INSERT INTO Students VALUES (620022432,'UNDERGRAD','01-01-2020');
INSERT INTO Enrolled (u_id,courseCode) VALUES (620022432,'CHEM3409'),(620022432,'ECON3311'),(620022432,'PHYS1930'),(620022432,'INFO2950');
INSERT INTO Users VALUES (620022433,'Lori','Carlyle','LoriCarlyle@gmail.com','CarlyleLori');
INSERT INTO Students VALUES (620022433,'UNDERGRAD','01-01-2020');
INSERT INTO Enrolled (u_id,courseCode) VALUES (620022433,'ECON2387'),(620022433,'PHYS3787'),(620022433,'ECON3228'),(620022433,'INFO2213'),(620022433,'MATH1262');
INSERT INTO Users VALUES (620022434,'Stanley','Alvarez','StanleyAlvarez@gmail.com','AlvarezStanley');
INSERT INTO Students VALUES (620022434,'UNDERGRAD','01-01-2020');
INSERT INTO Enrolled (u_id,courseCode) VALUES (620022434,'MATH3857'),(620022434,'CHEM2066'),(620022434,'BIOC1794');
INSERT INTO Users VALUES (620022435,'Derek','Uribe','DerekUribe@gmail.com','UribeDerek');
INSERT INTO Students VALUES (620022435,'UNDERGRAD','01-01-2020');
INSERT INTO Enrolled (u_id,courseCode) VALUES (620022435,'BIOC1794'),(620022435,'BIOC2550'),(620022435,'CHEM3327'),(620022435,'ECON3447'),(620022435,'CHEM2867');
INSERT INTO Users VALUES (620022436,'Toby','Cummins','TobyCummins@gmail.com','CumminsToby');
INSERT INTO Students VALUES (620022436,'UNDERGRAD','01-01-2020');
INSERT INTO Enrolled (u_id,courseCode) VALUES (620022436,'COMP3746'),(620022436,'BIOC2981'),(620022436,'COMP3685'),(620022436,'CHEM2005');
INSERT INTO Users VALUES (620022437,'Edward','Kimbrell','EdwardKimbrell@gmail.com','KimbrellEdward');
INSERT INTO Students VALUES (620022437,'UNDERGRAD','01-01-2020');
INSERT INTO Enrolled (u_id,courseCode) VALUES (620022437,'ECON3063'),(620022437,'ECON1498'),(620022437,'COMP3697'),(620022437,'CHEM2727'),(620022437,'COMP2361');
INSERT INTO Users VALUES (620022438,'Linda','Robles','LindaRobles@gmail.com','RoblesLinda');
INSERT INTO Students VALUES (620022438,'UNDERGRAD','01-01-2020');
INSERT INTO Enrolled (u_id,courseCode) VALUES (620022438,'CHEM2066'),(620022438,'ECON1783'),(620022438,'INFO1648');
INSERT INTO Users VALUES (620022439,'Antwan','Pedersen','AntwanPedersen@gmail.com','PedersenAntwan');
INSERT INTO Students VALUES (620022439,'UNDERGRAD','01-01-2020');
INSERT INTO Enrolled (u_id,courseCode) VALUES (620022439,'COMP2077'),(620022439,'INFO3636'),(620022439,'BIOC1485'),(620022439,'MATH3857'),(620022439,'INFO1648'),(620022439,'PHYS3354');
INSERT INTO Users VALUES (620022440,'Katherine','Dillis','KatherineDillis@gmail.com','DillisKatherine');
INSERT INTO Students VALUES (620022440,'UNDERGRAD','01-01-2020');
INSERT INTO Enrolled (u_id,courseCode) VALUES (620022440,'CHEM2797'),(620022440,'MATH1148'),(620022440,'MATH2873'),(620022440,'INFO1014'),(620022440,'CHEM2066'),(620022440,'ECON1561');
INSERT INTO Users VALUES (620022441,'Tracy','Eddins','TracyEddins@gmail.com','EddinsTracy');
INSERT INTO Students VALUES (620022441,'UNDERGRAD','01-01-2020');
INSERT INTO Enrolled (u_id,courseCode) VALUES (620022441,'ECON3372'),(620022441,'INFO2559'),(620022441,'INFO2813'),(620022441,'COMP1184'),(620022441,'INFO2147');
INSERT INTO Users VALUES (620022442,'Richard','Jaworski','RichardJaworski@gmail.com','JaworskiRichard');
INSERT INTO Students VALUES (620022442,'UNDERGRAD','01-01-2020');
INSERT INTO Enrolled (u_id,courseCode) VALUES (620022442,'ECON2703'),(620022442,'MATH3179'),(620022442,'PHYS3354');
INSERT INTO Users VALUES (620022443,'Grace','Spohn','GraceSpohn@gmail.com','SpohnGrace');
INSERT INTO Students VALUES (620022443,'UNDERGRAD','01-01-2020');
INSERT INTO Enrolled (u_id,courseCode) VALUES (620022443,'PHYS1979'),(620022443,'COMP3173'),(620022443,'BIOC3191');
INSERT INTO Users VALUES (620022444,'Deanna','Collins','DeannaCollins@gmail.com','CollinsDeanna');
INSERT INTO Students VALUES (620022444,'UNDERGRAD','01-01-2020');
INSERT INTO Enrolled (u_id,courseCode) VALUES (620022444,'INFO2270'),(620022444,'COMP2965'),(620022444,'MATH1648');
INSERT INTO Users VALUES (620022445,'Ruby','Huffman','RubyHuffman@gmail.com','HuffmanRuby');
INSERT INTO Students VALUES (620022445,'UNDERGRAD','01-01-2020');
INSERT INTO Enrolled (u_id,courseCode) VALUES (620022445,'COMP2077'),(620022445,'BIOC1104'),(620022445,'MATH3844'),(620022445,'PHYS1979'),(620022445,'PHYS3052');
INSERT INTO Users VALUES (620022446,'Jason','Prince','JasonPrince@gmail.com','PrinceJason');
INSERT INTO Students VALUES (620022446,'UNDERGRAD','01-01-2020');
INSERT INTO Enrolled (u_id,courseCode) VALUES (620022446,'BIOC1439'),(620022446,'INFO2860'),(620022446,'INFO3868'),(620022446,'INFO1288'),(620022446,'ECON3020'),(620022446,'PHYS1930');
INSERT INTO Users VALUES (620022447,'Toby','Jackson','TobyJackson@gmail.com','JacksonToby');
INSERT INTO Students VALUES (620022447,'UNDERGRAD','01-01-2020');
INSERT INTO Enrolled (u_id,courseCode) VALUES (620022447,'CHEM3617'),(620022447,'COMP3418'),(620022447,'MATH2188'),(620022447,'INFO3419'),(620022447,'MATH3179');
INSERT INTO Users VALUES (620022448,'Leticia','Braun','LeticiaBraun@gmail.com','BraunLeticia');
INSERT INTO Students VALUES (620022448,'UNDERGRAD','01-01-2020');
INSERT INTO Enrolled (u_id,courseCode) VALUES (620022448,'CHEM2626'),(620022448,'ECON3085'),(620022448,'ECON2814');
INSERT INTO Users VALUES (620022449,'Erin','Noggle','ErinNoggle@gmail.com','NoggleErin');
INSERT INTO Students VALUES (620022449,'UNDERGRAD','01-01-2020');
INSERT INTO Enrolled (u_id,courseCode) VALUES (620022449,'CHEM2031'),(620022449,'ECON1230'),(620022449,'MATH1578'),(620022449,'ECON1012'),(620022449,'CHEM2177');
INSERT INTO Users VALUES (620022450,'Michael','Mcclanahan','MichaelMcclanahan@gmail.com','McclanahanMichael');
INSERT INTO Students VALUES (620022450,'UNDERGRAD','01-01-2020');
INSERT INTO Enrolled (u_id,courseCode) VALUES (620022450,'INFO3603'),(620022450,'COMP3238'),(620022450,'COMP3746'),(620022450,'CHEM1613'),(620022450,'BIOC3457'),(620022450,'MATH1148');
INSERT INTO Users VALUES (620022451,'George','Ferretti','GeorgeFerretti@gmail.com','FerrettiGeorge');
INSERT INTO Students VALUES (620022451,'UNDERGRAD','01-01-2020');
INSERT INTO Enrolled (u_id,courseCode) VALUES (620022451,'COMP1357'),(620022451,'INFO3935'),(620022451,'BIOC2054'),(620022451,'INFO2811'),(620022451,'ECON3020'),(620022451,'CHEM3617');
INSERT INTO Users VALUES (620022452,'Miss','Baccus','MissBaccus@gmail.com','BaccusMiss');
INSERT INTO Students VALUES (620022452,'UNDERGRAD','01-01-2020');
INSERT INTO Enrolled (u_id,courseCode) VALUES (620022452,'BIOC2671'),(620022452,'PHYS1399'),(620022452,'BIOC1598'),(620022452,'MATH2550'),(620022452,'COMP2651'),(620022452,'INFO1825');
INSERT INTO Users VALUES (620022453,'Rhoda','Vineyard','RhodaVineyard@gmail.com','VineyardRhoda');
INSERT INTO Students VALUES (620022453,'UNDERGRAD','01-01-2020');
INSERT INTO Enrolled (u_id,courseCode) VALUES (620022453,'CHEM2220'),(620022453,'ECON3523'),(620022453,'PHYS2238'),(620022453,'CHEM2149'),(620022453,'BIOC1598');
INSERT INTO Users VALUES (620022454,'Mark','Thompson','MarkThompson@gmail.com','ThompsonMark');
INSERT INTO Students VALUES (620022454,'UNDERGRAD','01-01-2020');
INSERT INTO Enrolled (u_id,courseCode) VALUES (620022454,'COMP2361'),(620022454,'PHYS3787'),(620022454,'INFO3868'),(620022454,'PHYS3354');
INSERT INTO Users VALUES (620022455,'Nicholas','Bradford','NicholasBradford@gmail.com','BradfordNicholas');
INSERT INTO Students VALUES (620022455,'UNDERGRAD','01-01-2020');
INSERT INTO Enrolled (u_id,courseCode) VALUES (620022455,'MATH3173'),(620022455,'CHEM3888'),(620022455,'ECON1996'),(620022455,'CHEM3347'),(620022455,'COMP1543'),(620022455,'INFO1990');
INSERT INTO Users VALUES (620022456,'Thomas','Henderson','ThomasHenderson@gmail.com','HendersonThomas');
INSERT INTO Students VALUES (620022456,'UNDERGRAD','01-01-2020');
INSERT INTO Enrolled (u_id,courseCode) VALUES (620022456,'INFO3645'),(620022456,'BIOC2550'),(620022456,'INFO2811');
INSERT INTO Users VALUES (620022457,'Judith','Calder','JudithCalder@gmail.com','CalderJudith');
INSERT INTO Students VALUES (620022457,'UNDERGRAD','01-01-2020');
INSERT INTO Enrolled (u_id,courseCode) VALUES (620022457,'INFO2813'),(620022457,'BIOC3230'),(620022457,'PHYS2117'),(620022457,'CHEM1340');
INSERT INTO Users VALUES (620022458,'Rebecca','Davis','RebeccaDavis@gmail.com','DavisRebecca');
INSERT INTO Students VALUES (620022458,'UNDERGRAD','01-01-2020');
INSERT INTO Enrolled (u_id,courseCode) VALUES (620022458,'MATH1578'),(620022458,'ECON3085'),(620022458,'ECON2345'),(620022458,'MATH1148');
INSERT INTO Users VALUES (620022459,'Sheila','Tallent','SheilaTallent@gmail.com','TallentSheila');
INSERT INTO Students VALUES (620022459,'UNDERGRAD','01-01-2020');
INSERT INTO Enrolled (u_id,courseCode) VALUES (620022459,'INFO2559'),(620022459,'BIOC1725'),(620022459,'PHYS2451'),(620022459,'MATH3613'),(620022459,'ECON3020');
INSERT INTO Users VALUES (620022460,'Denise','Nichols','DeniseNichols@gmail.com','NicholsDenise');
INSERT INTO Students VALUES (620022460,'UNDERGRAD','01-01-2020');
INSERT INTO Enrolled (u_id,courseCode) VALUES (620022460,'MATH1578'),(620022460,'MATH1638'),(620022460,'MATH3544'),(620022460,'ECON3281'),(620022460,'BIOC1866');
INSERT INTO Users VALUES (620022461,'Ed','Finkenbinder','EdFinkenbinder@gmail.com','FinkenbinderEd');
INSERT INTO Students VALUES (620022461,'UNDERGRAD','01-01-2020');
INSERT INTO Enrolled (u_id,courseCode) VALUES (620022461,'MATH1262'),(620022461,'INFO1145'),(620022461,'PHYS2229'),(620022461,'PHYS2338'),(620022461,'PHYS3659'),(620022461,'PHYS3290');
INSERT INTO Users VALUES (620022462,'Denise','Klein','DeniseKlein@gmail.com','KleinDenise');
INSERT INTO Students VALUES (620022462,'UNDERGRAD','01-01-2020');
INSERT INTO Enrolled (u_id,courseCode) VALUES (620022462,'COMP3167'),(620022462,'BIOC2589'),(620022462,'PHYS2451'),(620022462,'INFO1825'),(620022462,'MATH2555'),(620022462,'ECON1645');
INSERT INTO Users VALUES (620022463,'Miss','Watson','MissWatson@gmail.com','WatsonMiss');
INSERT INTO Students VALUES (620022463,'UNDERGRAD','01-01-2020');
INSERT INTO Enrolled (u_id,courseCode) VALUES (620022463,'INFO1145'),(620022463,'CHEM1807'),(620022463,'INFO2860');
INSERT INTO Users VALUES (620022464,'Brian','Myrick','BrianMyrick@gmail.com','MyrickBrian');
INSERT INTO Students VALUES (620022464,'UNDERGRAD','01-01-2020');
INSERT INTO Enrolled (u_id,courseCode) VALUES (620022464,'MATH2957'),(620022464,'PHYS2238'),(620022464,'ECON1996'),(620022464,'CHEM2697');
INSERT INTO Users VALUES (620022465,'Dale','Koehn','DaleKoehn@gmail.com','KoehnDale');
INSERT INTO Students VALUES (620022465,'UNDERGRAD','01-01-2020');
INSERT INTO Enrolled (u_id,courseCode) VALUES (620022465,'CHEM2005'),(620022465,'BIOC1534'),(620022465,'INFO1242');
INSERT INTO Users VALUES (620022466,'Melvin','Walley','MelvinWalley@gmail.com','WalleyMelvin');
INSERT INTO Students VALUES (620022466,'UNDERGRAD','01-01-2020');
INSERT INTO Enrolled (u_id,courseCode) VALUES (620022466,'PHYS3876'),(620022466,'CHEM2797'),(620022466,'INFO2950');
INSERT INTO Users VALUES (620022467,'Hector','Joeckel','HectorJoeckel@gmail.com','JoeckelHector');
INSERT INTO Students VALUES (620022467,'UNDERGRAD','01-01-2020');
INSERT INTO Enrolled (u_id,courseCode) VALUES (620022467,'INFO1145'),(620022467,'BIOC3230'),(620022467,'BIOC1485'),(620022467,'INFO2147');
INSERT INTO Users VALUES (620022468,'Shirley','Petersen','ShirleyPetersen@gmail.com','PetersenShirley');
INSERT INTO Students VALUES (620022468,'UNDERGRAD','01-01-2020');
INSERT INTO Enrolled (u_id,courseCode) VALUES (620022468,'BIOC1794'),(620022468,'CHEM2797'),(620022468,'INFO3868'),(620022468,'INFO2559');
INSERT INTO Users VALUES (620022469,'Gordon','Macpartland','GordonMacpartland@gmail.com','MacpartlandGordon');
INSERT INTO Students VALUES (620022469,'UNDERGRAD','01-01-2020');
INSERT INTO Enrolled (u_id,courseCode) VALUES (620022469,'INFO2950'),(620022469,'ECON3288'),(620022469,'BIOC1439');
INSERT INTO Users VALUES (620022470,'Nancy','Monte','NancyMonte@gmail.com','MonteNancy');
INSERT INTO Students VALUES (620022470,'UNDERGRAD','01-01-2020');
INSERT INTO Enrolled (u_id,courseCode) VALUES (620022470,'CHEM2220'),(620022470,'ECON3288'),(620022470,'MATH2555'),(620022470,'BIOC2671'),(620022470,'INFO1145');
INSERT INTO Users VALUES (620022471,'Danielle','Mattingly','DanielleMattingly@gmail.com','MattinglyDanielle');
INSERT INTO Students VALUES (620022471,'UNDERGRAD','01-01-2020');
INSERT INTO Enrolled (u_id,courseCode) VALUES (620022471,'COMP2651'),(620022471,'INFO1833'),(620022471,'COMP3167'),(620022471,'CHEM3347');
INSERT INTO Users VALUES (620022472,'Esmeralda','Harms','EsmeraldaHarms@gmail.com','HarmsEsmeralda');
INSERT INTO Students VALUES (620022472,'UNDERGRAD','01-01-2020');
INSERT INTO Enrolled (u_id,courseCode) VALUES (620022472,'CHEM3347'),(620022472,'PHYS2667'),(620022472,'CHEM3327'),(620022472,'ECON1230'),(620022472,'BIOC2981'),(620022472,'COMP2651');
INSERT INTO Users VALUES (620022473,'Mack','Pulley','MackPulley@gmail.com','PulleyMack');
INSERT INTO Students VALUES (620022473,'UNDERGRAD','01-01-2020');
INSERT INTO Enrolled (u_id,courseCode) VALUES (620022473,'INFO2716'),(620022473,'CHEM1485'),(620022473,'INFO1242');
INSERT INTO Users VALUES (620022474,'Hazel','Waugh','HazelWaugh@gmail.com','WaughHazel');
INSERT INTO Students VALUES (620022474,'UNDERGRAD','01-01-2020');
INSERT INTO Enrolled (u_id,courseCode) VALUES (620022474,'COMP2965'),(620022474,'BIOC3721'),(620022474,'ECON1783'),(620022474,'COMP3685');
INSERT INTO Users VALUES (620022475,'Madaline','Butler','MadalineButler@gmail.com','ButlerMadaline');
INSERT INTO Students VALUES (620022475,'UNDERGRAD','01-01-2020');
INSERT INTO Enrolled (u_id,courseCode) VALUES (620022475,'ECON3228'),(620022475,'ECON1996'),(620022475,'BIOC1744'),(620022475,'COMP3697'),(620022475,'CHEM2604');
INSERT INTO Users VALUES (620022476,'Shalanda','Richardson','ShalandaRichardson@gmail.com','RichardsonShalanda');
INSERT INTO Students VALUES (620022476,'UNDERGRAD','01-01-2020');
INSERT INTO Enrolled (u_id,courseCode) VALUES (620022476,'MATH3179'),(620022476,'ECON3311'),(620022476,'MATH3544'),(620022476,'ECON1589');
INSERT INTO Users VALUES (620022477,'Miss','Lundholm','MissLundholm@gmail.com','LundholmMiss');
INSERT INTO Students VALUES (620022477,'UNDERGRAD','01-01-2020');
INSERT INTO Enrolled (u_id,courseCode) VALUES (620022477,'MATH1638'),(620022477,'COMP2965'),(620022477,'INFO3603');
INSERT INTO Users VALUES (620022478,'Gregory','Truitt','GregoryTruitt@gmail.com','TruittGregory');
INSERT INTO Students VALUES (620022478,'UNDERGRAD','01-01-2020');
INSERT INTO Enrolled (u_id,courseCode) VALUES (620022478,'ECON1230'),(620022478,'ECON3020'),(620022478,'ECON3550'),(620022478,'ECON3228');
INSERT INTO Users VALUES (620022479,'Michelle','Halford','MichelleHalford@gmail.com','HalfordMichelle');
INSERT INTO Students VALUES (620022479,'UNDERGRAD','01-01-2020');
INSERT INTO Enrolled (u_id,courseCode) VALUES (620022479,'PHYS2451'),(620022479,'PHYS3876'),(620022479,'BIOC3721'),(620022479,'ECON1458'),(620022479,'PHYS2238');
INSERT INTO Users VALUES (620022480,'Milton','Petty','MiltonPetty@gmail.com','PettyMilton');
INSERT INTO Students VALUES (620022480,'UNDERGRAD','01-01-2020');
INSERT INTO Enrolled (u_id,courseCode) VALUES (620022480,'MATH2067'),(620022480,'COMP3047'),(620022480,'COMP3506'),(620022480,'PHYS2563'),(620022480,'BIOC1794');
INSERT INTO Users VALUES (620022481,'Jesus','Johnson','JesusJohnson@gmail.com','JohnsonJesus');
INSERT INTO Students VALUES (620022481,'UNDERGRAD','01-01-2020');
INSERT INTO Enrolled (u_id,courseCode) VALUES (620022481,'COMP3167'),(620022481,'INFO2797'),(620022481,'PHYS1140'),(620022481,'ECON1783'),(620022481,'ECON3004');
INSERT INTO Users VALUES (620022482,'Kathleen','Cochran','KathleenCochran@gmail.com','CochranKathleen');
INSERT INTO Students VALUES (620022482,'UNDERGRAD','01-01-2020');
INSERT INTO Enrolled (u_id,courseCode) VALUES (620022482,'ECON2703'),(620022482,'ECON1783'),(620022482,'ECON1645'),(620022482,'ECON2814'),(620022482,'MATH2067'),(620022482,'MATH2801');
INSERT INTO Users VALUES (620022483,'Glenda','Vanhamlin','GlendaVanhamlin@gmail.com','VanhamlinGlenda');
INSERT INTO Students VALUES (620022483,'UNDERGRAD','01-01-2020');
INSERT INTO Enrolled (u_id,courseCode) VALUES (620022483,'CHEM2626'),(620022483,'MATH3209'),(620022483,'MATH2188');
INSERT INTO Users VALUES (620022484,'Laila','Ryan','LailaRyan@gmail.com','RyanLaila');
INSERT INTO Students VALUES (620022484,'UNDERGRAD','01-01-2020');
INSERT INTO Enrolled (u_id,courseCode) VALUES (620022484,'MATH1250'),(620022484,'COMP2361'),(620022484,'ECON3372'),(620022484,'BIOC2983'),(620022484,'MATH3688');
INSERT INTO Users VALUES (620022485,'Anderson','Lorenz','AndersonLorenz@gmail.com','LorenzAnderson');
INSERT INTO Students VALUES (620022485,'UNDERGRAD','01-01-2020');
INSERT INTO Enrolled (u_id,courseCode) VALUES (620022485,'PHYS2977'),(620022485,'ECON1230'),(620022485,'CHEM1485');
INSERT INTO Users VALUES (620022486,'Ed','Christenberry','EdChristenberry@gmail.com','ChristenberryEd');
INSERT INTO Students VALUES (620022486,'UNDERGRAD','01-01-2020');
INSERT INTO Enrolled (u_id,courseCode) VALUES (620022486,'INFO2147'),(620022486,'MATH2717'),(620022486,'MATH2873'),(620022486,'PHYS1930'),(620022486,'MATH1735'),(620022486,'CHEM3747');
INSERT INTO Users VALUES (620022487,'Isreal','Baptiste','IsrealBaptiste@gmail.com','BaptisteIsreal');
INSERT INTO Students VALUES (620022487,'UNDERGRAD','01-01-2020');
INSERT INTO Enrolled (u_id,courseCode) VALUES (620022487,'COMP3047'),(620022487,'ECON3063'),(620022487,'CHEM2797'),(620022487,'INFO3419');
INSERT INTO Users VALUES (620022488,'Thomas','Mcalister','ThomasMcalister@gmail.com','McalisterThomas');
INSERT INTO Students VALUES (620022488,'UNDERGRAD','01-01-2020');
INSERT INTO Enrolled (u_id,courseCode) VALUES (620022488,'MATH2550'),(620022488,'COMP2541'),(620022488,'MATH3222'),(620022488,'ECON3063'),(620022488,'INFO2860');
INSERT INTO Users VALUES (620022489,'Douglas','Woomer','DouglasWoomer@gmail.com','WoomerDouglas');
INSERT INTO Students VALUES (620022489,'UNDERGRAD','01-01-2020');
INSERT INTO Enrolled (u_id,courseCode) VALUES (620022489,'COMP3418'),(620022489,'ECON1098'),(620022489,'MATH3544'),(620022489,'INFO2521'),(620022489,'BIOC2054'),(620022489,'CHEM2604');
INSERT INTO Users VALUES (620022490,'Scott','Walden','ScottWalden@gmail.com','WaldenScott');
INSERT INTO Students VALUES (620022490,'UNDERGRAD','01-01-2020');
INSERT INTO Enrolled (u_id,courseCode) VALUES (620022490,'COMP3536'),(620022490,'PHYS2451'),(620022490,'BIOC2589'),(620022490,'CHEM3747'),(620022490,'INFO1990');
INSERT INTO Users VALUES (620022491,'Young','Harness','YoungHarness@gmail.com','HarnessYoung');
INSERT INTO Students VALUES (620022491,'UNDERGRAD','01-01-2020');
INSERT INTO Enrolled (u_id,courseCode) VALUES (620022491,'COMP2651'),(620022491,'MATH2957'),(620022491,'COMP2080');
INSERT INTO Users VALUES (620022492,'Agnes','Chan','AgnesChan@gmail.com','ChanAgnes');
INSERT INTO Students VALUES (620022492,'UNDERGRAD','01-01-2020');
INSERT INTO Enrolled (u_id,courseCode) VALUES (620022492,'CHEM2220'),(620022492,'MATH2873'),(620022492,'PHYS1140'),(620022492,'PHYS3290');
INSERT INTO Users VALUES (620022493,'Warren','Thompson','WarrenThompson@gmail.com','ThompsonWarren');
INSERT INTO Students VALUES (620022493,'UNDERGRAD','01-01-2020');
INSERT INTO Enrolled (u_id,courseCode) VALUES (620022493,'PHYS3876'),(620022493,'INFO2811'),(620022493,'INFO1242'),(620022493,'PHYS1979'),(620022493,'ECON3276');
INSERT INTO Users VALUES (620022494,'Arthur','Lockwood','ArthurLockwood@gmail.com','LockwoodArthur');
INSERT INTO Students VALUES (620022494,'UNDERGRAD','01-01-2020');
INSERT INTO Enrolled (u_id,courseCode) VALUES (620022494,'CHEM2220'),(620022494,'INFO1648'),(620022494,'COMP3418');
INSERT INTO Users VALUES (620022495,'Gabriel','Eddins','GabrielEddins@gmail.com','EddinsGabriel');
INSERT INTO Students VALUES (620022495,'UNDERGRAD','01-01-2020');
INSERT INTO Enrolled (u_id,courseCode) VALUES (620022495,'INFO1014'),(620022495,'ECON1783'),(620022495,'INFO3868');
INSERT INTO Users VALUES (620022496,'Daisy','Uribe','DaisyUribe@gmail.com','UribeDaisy');
INSERT INTO Students VALUES (620022496,'UNDERGRAD','01-01-2020');
INSERT INTO Enrolled (u_id,courseCode) VALUES (620022496,'COMP3047'),(620022496,'PHYS1173'),(620022496,'INFO2270');
INSERT INTO Users VALUES (620022497,'Dawn','Vineyard','DawnVineyard@gmail.com','VineyardDawn');
INSERT INTO Students VALUES (620022497,'UNDERGRAD','01-01-2020');
INSERT INTO Enrolled (u_id,courseCode) VALUES (620022497,'INFO2147'),(620022497,'CHEM1807'),(620022497,'PHYS2977');
INSERT INTO Users VALUES (620022498,'Nicole','Charland','NicoleCharland@gmail.com','CharlandNicole');
INSERT INTO Students VALUES (620022498,'UNDERGRAD','01-01-2020');
INSERT INTO Enrolled (u_id,courseCode) VALUES (620022498,'INFO2559'),(620022498,'INFO1825'),(620022498,'MATH3844');
INSERT INTO Users VALUES (620022499,'Allison','Shani','AllisonShani@gmail.com','ShaniAllison');
INSERT INTO Students VALUES (620022499,'UNDERGRAD','01-01-2020');
INSERT INTO Enrolled (u_id,courseCode) VALUES (620022499,'ECON3447'),(620022499,'INFO2811'),(620022499,'INFO3603'),(620022499,'ECON3550'),(620022499,'COMP3697'),(620022499,'COMP2361');
INSERT INTO Users VALUES (620022500,'Stephanie','Saunders','StephanieSaunders@gmail.com','SaundersStephanie');
INSERT INTO Students VALUES (620022500,'UNDERGRAD','01-01-2020');
INSERT INTO Enrolled (u_id,courseCode) VALUES (620022500,'CHEM1613'),(620022500,'BIOC2983'),(620022500,'ECON3288');
INSERT INTO Users VALUES (620022501,'Dean','Wurdeman','DeanWurdeman@gmail.com','WurdemanDean');
INSERT INTO Students VALUES (620022501,'UNDERGRAD','01-01-2020');
INSERT INTO Enrolled (u_id,courseCode) VALUES (620022501,'MATH1972'),(620022501,'CHEM3409'),(620022501,'BIOC2983'),(620022501,'BIOC1910'),(620022501,'PHYS3686'),(620022501,'ECON3276');
INSERT INTO Users VALUES (620022502,'Mason','Granado','MasonGranado@gmail.com','GranadoMason');
INSERT INTO Students VALUES (620022502,'UNDERGRAD','01-01-2020');
INSERT INTO Enrolled (u_id,courseCode) VALUES (620022502,'PHYS1399'),(620022502,'MATH3209'),(620022502,'INFO2559'),(620022502,'CHEM2220');
INSERT INTO Users VALUES (620022503,'Lilla','Hunter','LillaHunter@gmail.com','HunterLilla');
INSERT INTO Students VALUES (620022503,'UNDERGRAD','01-01-2020');
INSERT INTO Enrolled (u_id,courseCode) VALUES (620022503,'ECON2387'),(620022503,'MATH1735'),(620022503,'MATH1454'),(620022503,'BIOC2589');
INSERT INTO Users VALUES (620022504,'Adrienne','Flemming','AdrienneFlemming@gmail.com','FlemmingAdrienne');
INSERT INTO Students VALUES (620022504,'UNDERGRAD','01-01-2020');
INSERT INTO Enrolled (u_id,courseCode) VALUES (620022504,'BIOC2981'),(620022504,'MATH3173'),(620022504,'ECON3523');
INSERT INTO Users VALUES (620022505,'Roberta','Culpepper','RobertaCulpepper@gmail.com','CulpepperRoberta');
INSERT INTO Students VALUES (620022505,'UNDERGRAD','01-01-2020');
INSERT INTO Enrolled (u_id,courseCode) VALUES (620022505,'PHYS3339'),(620022505,'ECON3523'),(620022505,'ECON3311'),(620022505,'PHYS2667'),(620022505,'CHEM3793'),(620022505,'INFO2337');
INSERT INTO Users VALUES (620022506,'Ashleigh','Hawkins','AshleighHawkins@gmail.com','HawkinsAshleigh');
INSERT INTO Students VALUES (620022506,'UNDERGRAD','01-01-2020');
INSERT INTO Enrolled (u_id,courseCode) VALUES (620022506,'BIOC1910'),(620022506,'ECON1098'),(620022506,'ECON3085'),(620022506,'CHEM3409'),(620022506,'PHYS2238');
INSERT INTO Users VALUES (620022507,'Ashleigh','Hunter','AshleighHunter@gmail.com','HunterAshleigh');
INSERT INTO Students VALUES (620022507,'UNDERGRAD','01-01-2020');
INSERT INTO Enrolled (u_id,courseCode) VALUES (620022507,'COMP3173'),(620022507,'ECON3281'),(620022507,'MATH3857'),(620022507,'MATH2873');
INSERT INTO Users VALUES (620022508,'Marie','Burney','MarieBurney@gmail.com','BurneyMarie');
INSERT INTO Students VALUES (620022508,'UNDERGRAD','01-01-2020');
INSERT INTO Enrolled (u_id,courseCode) VALUES (620022508,'COMP1357'),(620022508,'PHYS2563'),(620022508,'PHYS3354');
INSERT INTO Users VALUES (620022509,'Lisa','Hunt','LisaHunt@gmail.com','HuntLisa');
INSERT INTO Students VALUES (620022509,'UNDERGRAD','01-01-2020');
INSERT INTO Enrolled (u_id,courseCode) VALUES (620022509,'MATH2555'),(620022509,'BIOC2981'),(620022509,'ECON1645'),(620022509,'MATH1454'),(620022509,'BIOC3191');
INSERT INTO Users VALUES (620022510,'Homer','Imoto','HomerImoto@gmail.com','ImotoHomer');
INSERT INTO Students VALUES (620022510,'UNDERGRAD','01-01-2020');
INSERT INTO Enrolled (u_id,courseCode) VALUES (620022510,'COMP2541'),(620022510,'BIOC1448'),(620022510,'PHYS3787'),(620022510,'PHYS2338'),(620022510,'PHYS2113');
INSERT INTO Users VALUES (620022511,'Scott','Nelson','ScottNelson@gmail.com','NelsonScott');
INSERT INTO Students VALUES (620022511,'UNDERGRAD','01-01-2020');
INSERT INTO Enrolled (u_id,courseCode) VALUES (620022511,'PHYS3290'),(620022511,'INFO1145'),(620022511,'COMP3697'),(620022511,'MATH2188'),(620022511,'BIOC1164'),(620022511,'PHYS2113');
INSERT INTO Users VALUES (620022512,'Colin','Eubank','ColinEubank@gmail.com','EubankColin');
INSERT INTO Students VALUES (620022512,'UNDERGRAD','01-01-2020');
INSERT INTO Enrolled (u_id,courseCode) VALUES (620022512,'COMP3506'),(620022512,'ECON3281'),(620022512,'MATH3613'),(620022512,'ECON1170');
INSERT INTO Users VALUES (620022513,'Dennis','Garcia','DennisGarcia@gmail.com','GarciaDennis');
INSERT INTO Students VALUES (620022513,'UNDERGRAD','01-01-2020');
INSERT INTO Enrolled (u_id,courseCode) VALUES (620022513,'INFO1014'),(620022513,'COMP3167'),(620022513,'COMP3536'),(620022513,'INFO1288');
INSERT INTO Users VALUES (620022514,'Stephen','Rankin','StephenRankin@gmail.com','RankinStephen');
INSERT INTO Students VALUES (620022514,'UNDERGRAD','01-01-2020');
INSERT INTO Enrolled (u_id,courseCode) VALUES (620022514,'COMP1460'),(620022514,'PHYS3290'),(620022514,'COMP3506'),(620022514,'COMP3238');
INSERT INTO Users VALUES (620022515,'Neal','Griffitts','NealGriffitts@gmail.com','GriffittsNeal');
INSERT INTO Students VALUES (620022515,'UNDERGRAD','01-01-2020');
INSERT INTO Enrolled (u_id,courseCode) VALUES (620022515,'CHEM3617'),(620022515,'MATH3179'),(620022515,'ECON3004');
INSERT INTO Users VALUES (620022516,'Kathy','Gillman','KathyGillman@gmail.com','GillmanKathy');
INSERT INTO Students VALUES (620022516,'UNDERGRAD','01-01-2020');
INSERT INTO Enrolled (u_id,courseCode) VALUES (620022516,'COMP3849'),(620022516,'BIOC2054'),(620022516,'ECON3020');
INSERT INTO Users VALUES (620022517,'Mason','Golden','MasonGolden@gmail.com','GoldenMason');
INSERT INTO Students VALUES (620022517,'UNDERGRAD','01-01-2020');
INSERT INTO Enrolled (u_id,courseCode) VALUES (620022517,'CHEM3617'),(620022517,'CHEM3614'),(620022517,'COMP2077');
INSERT INTO Users VALUES (620022518,'Ladawn','Fields','LadawnFields@gmail.com','FieldsLadawn');
INSERT INTO Students VALUES (620022518,'UNDERGRAD','01-01-2020');
INSERT INTO Enrolled (u_id,courseCode) VALUES (620022518,'PHYS2977'),(620022518,'BIOC2981'),(620022518,'COMP2717'),(620022518,'BIOC2983'),(620022518,'INFO2213');
INSERT INTO Users VALUES (620022519,'Adrienne','May','AdrienneMay@gmail.com','MayAdrienne');
INSERT INTO Students VALUES (620022519,'UNDERGRAD','01-01-2020');
INSERT INTO Enrolled (u_id,courseCode) VALUES (620022519,'CHEM3614'),(620022519,'INFO2559'),(620022519,'COMP3639'),(620022519,'PHYS3876');
INSERT INTO Users VALUES (620022520,'Iris','Eaton','IrisEaton@gmail.com','EatonIris');
INSERT INTO Students VALUES (620022520,'UNDERGRAD','01-01-2020');
INSERT INTO Enrolled (u_id,courseCode) VALUES (620022520,'COMP2651'),(620022520,'COMP2541'),(620022520,'CHEM2867');
INSERT INTO Users VALUES (620022521,'Eugene','Boyer','EugeneBoyer@gmail.com','BoyerEugene');
INSERT INTO Students VALUES (620022521,'UNDERGRAD','01-01-2020');
INSERT INTO Enrolled (u_id,courseCode) VALUES (620022521,'COMP2361'),(620022521,'COMP3746'),(620022521,'BIOC1794');
INSERT INTO Users VALUES (620022522,'Marshall','Granado','MarshallGranado@gmail.com','GranadoMarshall');
INSERT INTO Students VALUES (620022522,'UNDERGRAD','01-01-2020');
INSERT INTO Enrolled (u_id,courseCode) VALUES (620022522,'BIOC1485'),(620022522,'COMP1051'),(620022522,'CHEM3793');
INSERT INTO Users VALUES (620022523,'Roger','Sniezek','RogerSniezek@gmail.com','SniezekRoger');
INSERT INTO Students VALUES (620022523,'UNDERGRAD','01-01-2020');
INSERT INTO Enrolled (u_id,courseCode) VALUES (620022523,'COMP2717'),(620022523,'COMP2651'),(620022523,'INFO3636'),(620022523,'INFO2337');
INSERT INTO Users VALUES (620022524,'Sam','Turner','SamTurner@gmail.com','TurnerSam');
INSERT INTO Students VALUES (620022524,'UNDERGRAD','01-01-2020');
INSERT INTO Enrolled (u_id,courseCode) VALUES (620022524,'INFO2337'),(620022524,'MATH2717'),(620022524,'CHEM3793'),(620022524,'CHEM2481'),(620022524,'INFO2797');
INSERT INTO Users VALUES (620022525,'Roger','Swan','RogerSwan@gmail.com','SwanRoger');
INSERT INTO Students VALUES (620022525,'UNDERGRAD','01-01-2020');
INSERT INTO Enrolled (u_id,courseCode) VALUES (620022525,'INFO2147'),(620022525,'MATH3688'),(620022525,'MATH3844'),(620022525,'PHYS2563'),(620022525,'MATH2501');
INSERT INTO Users VALUES (620022526,'Jennifer','Knaub','JenniferKnaub@gmail.com','KnaubJennifer');
INSERT INTO Students VALUES (620022526,'UNDERGRAD','01-01-2020');
INSERT INTO Enrolled (u_id,courseCode) VALUES (620022526,'ECON1498'),(620022526,'BIOC1986'),(620022526,'PHYS3290');
INSERT INTO Users VALUES (620022527,'Dorcas','Terry','DorcasTerry@gmail.com','TerryDorcas');
INSERT INTO Students VALUES (620022527,'UNDERGRAD','01-01-2020');
INSERT INTO Enrolled (u_id,courseCode) VALUES (620022527,'COMP1184'),(620022527,'CHEM2604'),(620022527,'INFO1014'),(620022527,'PHYS2667'),(620022527,'INFO2213');
INSERT INTO Users VALUES (620022528,'George','Saunders','GeorgeSaunders@gmail.com','SaundersGeorge');
INSERT INTO Students VALUES (620022528,'UNDERGRAD','01-01-2020');
INSERT INTO Enrolled (u_id,courseCode) VALUES (620022528,'MATH3173'),(620022528,'INFO1145'),(620022528,'COMP3506');
INSERT INTO Users VALUES (620022529,'Kurt','Carlos','KurtCarlos@gmail.com','CarlosKurt');
INSERT INTO Students VALUES (620022529,'UNDERGRAD','01-01-2020');
INSERT INTO Enrolled (u_id,courseCode) VALUES (620022529,'INFO2716'),(620022529,'MATH3613'),(620022529,'INFO2797');
INSERT INTO Users VALUES (620022530,'Reginald','Dahlheimer','ReginaldDahlheimer@gmail.com','DahlheimerReginald');
INSERT INTO Students VALUES (620022530,'UNDERGRAD','01-01-2020');
INSERT INTO Enrolled (u_id,courseCode) VALUES (620022530,'PHYS2229'),(620022530,'BIOC1744'),(620022530,'PHYS2451');
INSERT INTO Users VALUES (620022531,'Debbie','Guidry','DebbieGuidry@gmail.com','GuidryDebbie');
INSERT INTO Students VALUES (620022531,'UNDERGRAD','01-01-2020');
INSERT INTO Enrolled (u_id,courseCode) VALUES (620022531,'ECON3276'),(620022531,'INFO2270'),(620022531,'CHEM2604'),(620022531,'ECON3228'),(620022531,'BIOC1910');
INSERT INTO Users VALUES (620022532,'Edward','Turner','EdwardTurner@gmail.com','TurnerEdward');
INSERT INTO Students VALUES (620022532,'UNDERGRAD','01-01-2020');
INSERT INTO Enrolled (u_id,courseCode) VALUES (620022532,'ECON1098'),(620022532,'PHYS2306'),(620022532,'COMP3238'),(620022532,'CHEM3793');
INSERT INTO Users VALUES (620022533,'Dorothy','Vanwyck','DorothyVanwyck@gmail.com','VanwyckDorothy');
INSERT INTO Students VALUES (620022533,'UNDERGRAD','01-01-2020');
INSERT INTO Enrolled (u_id,courseCode) VALUES (620022533,'MATH2501'),(620022533,'MATH1648'),(620022533,'PHYS3787');
INSERT INTO Users VALUES (620022534,'Mathew','Marshall','MathewMarshall@gmail.com','MarshallMathew');
INSERT INTO Students VALUES (620022534,'UNDERGRAD','01-01-2020');
INSERT INTO Enrolled (u_id,courseCode) VALUES (620022534,'ECON3004'),(620022534,'CHEM2481'),(620022534,'MATH3029'),(620022534,'PHYS3876');
INSERT INTO Users VALUES (620022535,'Melanie','Steinberger','MelanieSteinberger@gmail.com','SteinbergerMelanie');
INSERT INTO Students VALUES (620022535,'UNDERGRAD','01-01-2020');
INSERT INTO Enrolled (u_id,courseCode) VALUES (620022535,'CHEM3054'),(620022535,'MATH2801'),(620022535,'CHEM2797'),(620022535,'ECON3989'),(620022535,'MATH3544'),(620022535,'BIOC3457');
INSERT INTO Users VALUES (620022536,'Teresa','Best','TeresaBest@gmail.com','BestTeresa');
INSERT INTO Students VALUES (620022536,'UNDERGRAD','01-01-2020');
INSERT INTO Enrolled (u_id,courseCode) VALUES (620022536,'COMP1460'),(620022536,'COMP2965'),(620022536,'INFO2860');
INSERT INTO Users VALUES (620022537,'Sarah','Petersen','SarahPetersen@gmail.com','PetersenSarah');
INSERT INTO Students VALUES (620022537,'UNDERGRAD','01-01-2020');
INSERT INTO Enrolled (u_id,courseCode) VALUES (620022537,'COMP3418'),(620022537,'MATH2957'),(620022537,'CHEM3327'),(620022537,'INFO2270');
INSERT INTO Users VALUES (620022538,'Wayne','Charland','WayneCharland@gmail.com','CharlandWayne');
INSERT INTO Students VALUES (620022538,'UNDERGRAD','01-01-2020');
INSERT INTO Enrolled (u_id,courseCode) VALUES (620022538,'BIOC1794'),(620022538,'MATH2550'),(620022538,'BIOC1725'),(620022538,'ECON1783'),(620022538,'INFO2811');
INSERT INTO Users VALUES (620022539,'Juanita','Thomas','JuanitaThomas@gmail.com','ThomasJuanita');
INSERT INTO Students VALUES (620022539,'UNDERGRAD','01-01-2020');
INSERT INTO Enrolled (u_id,courseCode) VALUES (620022539,'PHYS3729'),(620022539,'CHEM3617'),(620022539,'PHYS3876'),(620022539,'CHEM3793'),(620022539,'INFO1825');
INSERT INTO Users VALUES (620022540,'Warren','Jaworski','WarrenJaworski@gmail.com','JaworskiWarren');
INSERT INTO Students VALUES (620022540,'UNDERGRAD','01-01-2020');
INSERT INTO Enrolled (u_id,courseCode) VALUES (620022540,'ECON1170'),(620022540,'BIOC1794'),(620022540,'INFO3645'),(620022540,'COMP3639'),(620022540,'BIOC1725'),(620022540,'BIOC3721');
INSERT INTO Users VALUES (620022541,'Craig','Garcia','CraigGarcia@gmail.com','GarciaCraig');
INSERT INTO Students VALUES (620022541,'UNDERGRAD','01-01-2020');
INSERT INTO Enrolled (u_id,courseCode) VALUES (620022541,'MATH3029'),(620022541,'ECON3063'),(620022541,'CHEM3327'),(620022541,'CHEM2031');
INSERT INTO Users VALUES (620022542,'Tanya','Tate','TanyaTate@gmail.com','TateTanya');
INSERT INTO Students VALUES (620022542,'UNDERGRAD','01-01-2020');
INSERT INTO Enrolled (u_id,courseCode) VALUES (620022542,'INFO2147'),(620022542,'INFO2337'),(620022542,'PHYS2448');
INSERT INTO Users VALUES (620022543,'Allison','Dunn','AllisonDunn@gmail.com','DunnAllison');
INSERT INTO Students VALUES (620022543,'UNDERGRAD','01-01-2020');
INSERT INTO Enrolled (u_id,courseCode) VALUES (620022543,'ECON3989'),(620022543,'MATH1648'),(620022543,'COMP1867'),(620022543,'ECON2703'),(620022543,'ECON3276'),(620022543,'ECON1561');
INSERT INTO Users VALUES (620022544,'Lauren','Pero','LaurenPero@gmail.com','PeroLauren');
INSERT INTO Students VALUES (620022544,'UNDERGRAD','01-01-2020');
INSERT INTO Enrolled (u_id,courseCode) VALUES (620022544,'INFO2270'),(620022544,'INFO1825'),(620022544,'ECON1012'),(620022544,'INFO1990'),(620022544,'BIOC2054'),(620022544,'COMP2361');
INSERT INTO Users VALUES (620022545,'Ralph','Calder','RalphCalder@gmail.com','CalderRalph');
INSERT INTO Students VALUES (620022545,'UNDERGRAD','01-01-2020');
INSERT INTO Enrolled (u_id,courseCode) VALUES (620022545,'BIOC3604'),(620022545,'BIOC2054'),(620022545,'INFO3636');
INSERT INTO Users VALUES (620022546,'Marcus','Citizen','MarcusCitizen@gmail.com','CitizenMarcus');
INSERT INTO Students VALUES (620022546,'UNDERGRAD','01-01-2020');
INSERT INTO Enrolled (u_id,courseCode) VALUES (620022546,'CHEM3617'),(620022546,'CHEM2626'),(620022546,'CHEM3888'),(620022546,'MATH1262'),(620022546,'PHYS3729');
INSERT INTO Users VALUES (620022547,'Antionette','Madsen','AntionetteMadsen@gmail.com','MadsenAntionette');
INSERT INTO Students VALUES (620022547,'UNDERGRAD','01-01-2020');
INSERT INTO Enrolled (u_id,courseCode) VALUES (620022547,'ECON3447'),(620022547,'PHYS3464'),(620022547,'INFO2716'),(620022547,'ECON1230'),(620022547,'COMP1867');
INSERT INTO Users VALUES (620022548,'Diane','Terry','DianeTerry@gmail.com','TerryDiane');
INSERT INTO Students VALUES (620022548,'UNDERGRAD','01-01-2020');
INSERT INTO Enrolled (u_id,courseCode) VALUES (620022548,'PHYS3659'),(620022548,'MATH3613'),(620022548,'CHEM3409'),(620022548,'PHYS2117'),(620022548,'BIOC1986'),(620022548,'PHYS3787');
INSERT INTO Users VALUES (620022549,'Peter','Flemming','PeterFlemming@gmail.com','FlemmingPeter');
INSERT INTO Students VALUES (620022549,'UNDERGRAD','01-01-2020');
INSERT INTO Enrolled (u_id,courseCode) VALUES (620022549,'COMP1460'),(620022549,'ECON3311'),(620022549,'ECON1170');
INSERT INTO Users VALUES (620022550,'Steven','Ekberg','StevenEkberg@gmail.com','EkbergSteven');
INSERT INTO Students VALUES (620022550,'UNDERGRAD','01-01-2020');
INSERT INTO Enrolled (u_id,courseCode) VALUES (620022550,'PHYS2238'),(620022550,'COMP3639'),(620022550,'ECON1589'),(620022550,'BIOC2671'),(620022550,'COMP3849'),(620022550,'COMP2651');
INSERT INTO Users VALUES (620022551,'Curtis','Prince','CurtisPrince@gmail.com','PrinceCurtis');
INSERT INTO Students VALUES (620022551,'UNDERGRAD','01-01-2020');
INSERT INTO Enrolled (u_id,courseCode) VALUES (620022551,'INFO2147'),(620022551,'COMP3173'),(620022551,'INFO1288'),(620022551,'ECON1170');
INSERT INTO Users VALUES (620022552,'Rosa','Carlyle','RosaCarlyle@gmail.com','CarlyleRosa');
INSERT INTO Students VALUES (620022552,'UNDERGRAD','01-01-2020');
INSERT INTO Enrolled (u_id,courseCode) VALUES (620022552,'PHYS1173'),(620022552,'ECON3085'),(620022552,'INFO2860'),(620022552,'BIOC3191'),(620022552,'INFO1288');
INSERT INTO Users VALUES (620022553,'Nina','Santos','NinaSantos@gmail.com','SantosNina');
INSERT INTO Students VALUES (620022553,'UNDERGRAD','01-01-2020');
INSERT INTO Enrolled (u_id,courseCode) VALUES (620022553,'COMP1184'),(620022553,'CHEM1494'),(620022553,'ECON3550'),(620022553,'COMP3685');
INSERT INTO Users VALUES (620022554,'Michelle','Taylor','MichelleTaylor@gmail.com','TaylorMichelle');
INSERT INTO Students VALUES (620022554,'UNDERGRAD','01-01-2020');
INSERT INTO Enrolled (u_id,courseCode) VALUES (620022554,'COMP1573'),(620022554,'ECON3020'),(620022554,'INFO1242'),(620022554,'MATH3688');
INSERT INTO Users VALUES (620022555,'Gina','Jaworski','GinaJaworski@gmail.com','JaworskiGina');
INSERT INTO Students VALUES (620022555,'UNDERGRAD','01-01-2020');
INSERT INTO Enrolled (u_id,courseCode) VALUES (620022555,'COMP2080'),(620022555,'BIOC1744'),(620022555,'BIOC2983'),(620022555,'MATH1638'),(620022555,'INFO2337');
INSERT INTO Users VALUES (620022556,'Flora','Mcclenon','FloraMcclenon@gmail.com','McclenonFlora');
INSERT INTO Students VALUES (620022556,'UNDERGRAD','01-01-2020');
INSERT INTO Enrolled (u_id,courseCode) VALUES (620022556,'PHYS2451'),(620022556,'COMP2361'),(620022556,'PHYS2977');
INSERT INTO Users VALUES (620022557,'Teresa','Gilmore','TeresaGilmore@gmail.com','GilmoreTeresa');
INSERT INTO Students VALUES (620022557,'UNDERGRAD','01-01-2020');
INSERT INTO Enrolled (u_id,courseCode) VALUES (620022557,'COMP2077'),(620022557,'MATH1250'),(620022557,'CHEM1485'),(620022557,'CHEM2446'),(620022557,'MATH3179');
INSERT INTO Users VALUES (620022558,'Cassie','Miles','CassieMiles@gmail.com','MilesCassie');
INSERT INTO Students VALUES (620022558,'UNDERGRAD','01-01-2020');
INSERT INTO Enrolled (u_id,courseCode) VALUES (620022558,'INFO1648'),(620022558,'ECON3004'),(620022558,'COMP3536'),(620022558,'PHYS2229'),(620022558,'CHEM3614'),(620022558,'CHEM2446');
INSERT INTO Users VALUES (620022559,'Rick','Mitchell','RickMitchell@gmail.com','MitchellRick');
INSERT INTO Students VALUES (620022559,'UNDERGRAD','01-01-2020');
INSERT INTO Enrolled (u_id,courseCode) VALUES (620022559,'MATH3613'),(620022559,'CHEM2177'),(620022559,'MATH1648'),(620022559,'INFO1825'),(620022559,'MATH3173'),(620022559,'CHEM2066');
INSERT INTO Users VALUES (620022560,'Arthur','Gray','ArthurGray@gmail.com','GrayArthur');
INSERT INTO Students VALUES (620022560,'UNDERGRAD','01-01-2020');
INSERT INTO Enrolled (u_id,courseCode) VALUES (620022560,'CHEM3054'),(620022560,'MATH1250'),(620022560,'INFO1825'),(620022560,'CHEM2220'),(620022560,'PHYS2229');
INSERT INTO Users VALUES (620022561,'Stephanie','Williams','StephanieWilliams@gmail.com','WilliamsStephanie');
INSERT INTO Students VALUES (620022561,'UNDERGRAD','01-01-2020');
INSERT INTO Enrolled (u_id,courseCode) VALUES (620022561,'BIOC1986'),(620022561,'MATH3209'),(620022561,'INFO2797'),(620022561,'MATH3059'),(620022561,'ECON3989');
INSERT INTO Users VALUES (620022562,'Lorenza','Winner','LorenzaWinner@gmail.com','WinnerLorenza');
INSERT INTO Students VALUES (620022562,'UNDERGRAD','01-01-2020');
INSERT INTO Enrolled (u_id,courseCode) VALUES (620022562,'COMP3697'),(620022562,'CHEM2797'),(620022562,'COMP2080'),(620022562,'COMP1573'),(620022562,'COMP1867'),(620022562,'INFO3636');
INSERT INTO Users VALUES (620022563,'Anderson','Burney','AndersonBurney@gmail.com','BurneyAnderson');
INSERT INTO Students VALUES (620022563,'UNDERGRAD','01-01-2020');
INSERT INTO Enrolled (u_id,courseCode) VALUES (620022563,'CHEM2697'),(620022563,'ECON2387'),(620022563,'CHEM2220'),(620022563,'BIOC3341'),(620022563,'CHEM2867');
INSERT INTO Users VALUES (620022564,'Samuel','Mcclenon','SamuelMcclenon@gmail.com','McclenonSamuel');
INSERT INTO Students VALUES (620022564,'UNDERGRAD','01-01-2020');
INSERT INTO Enrolled (u_id,courseCode) VALUES (620022564,'BIOC1485'),(620022564,'ECON3311'),(620022564,'PHYS2229'),(620022564,'PHYS3729');
INSERT INTO Users VALUES (620022565,'Roberto','Jesse','RobertoJesse@gmail.com','JesseRoberto');
INSERT INTO Students VALUES (620022565,'UNDERGRAD','01-01-2020');
INSERT INTO Enrolled (u_id,courseCode) VALUES (620022565,'COMP3167'),(620022565,'MATH3173'),(620022565,'MATH1309'),(620022565,'ECON1589'),(620022565,'CHEM1807');
INSERT INTO Users VALUES (620022566,'Magdalen','Bower','MagdalenBower@gmail.com','BowerMagdalen');
INSERT INTO Students VALUES (620022566,'UNDERGRAD','01-01-2020');
INSERT INTO Enrolled (u_id,courseCode) VALUES (620022566,'ECON2387'),(620022566,'ECON3276'),(620022566,'BIOC1794');
INSERT INTO Users VALUES (620022567,'Aaron','Mcclenon','AaronMcclenon@gmail.com','McclenonAaron');
INSERT INTO Students VALUES (620022567,'UNDERGRAD','01-01-2020');
INSERT INTO Enrolled (u_id,courseCode) VALUES (620022567,'MATH1262'),(620022567,'MATH3179'),(620022567,'INFO2270'),(620022567,'MATH2555');
INSERT INTO Users VALUES (620022568,'Elwood','Danker','ElwoodDanker@gmail.com','DankerElwood');
INSERT INTO Students VALUES (620022568,'UNDERGRAD','01-01-2020');
INSERT INTO Enrolled (u_id,courseCode) VALUES (620022568,'INFO1833'),(620022568,'COMP3167'),(620022568,'PHYS1993'),(620022568,'PHYS3339'),(620022568,'PHYS3464'),(620022568,'COMP3697');
INSERT INTO Users VALUES (620022569,'Allison','Wengerd','AllisonWengerd@gmail.com','WengerdAllison');
INSERT INTO Students VALUES (620022569,'UNDERGRAD','01-01-2020');
INSERT INTO Enrolled (u_id,courseCode) VALUES (620022569,'COMP2080'),(620022569,'INFO3636'),(620022569,'BIOC1104'),(620022569,'INFO2950');
INSERT INTO Users VALUES (620022570,'Shirley','Steinberger','ShirleySteinberger@gmail.com','SteinbergerShirley');
INSERT INTO Students VALUES (620022570,'UNDERGRAD','01-01-2020');
INSERT INTO Enrolled (u_id,courseCode) VALUES (620022570,'MATH3613'),(620022570,'PHYS3339'),(620022570,'INFO2270');
INSERT INTO Users VALUES (620022571,'Deanna','Mertens','DeannaMertens@gmail.com','MertensDeanna');
INSERT INTO Students VALUES (620022571,'UNDERGRAD','01-01-2020');
INSERT INTO Enrolled (u_id,courseCode) VALUES (620022571,'COMP1573'),(620022571,'CHEM2697'),(620022571,'INFO3645'),(620022571,'MATH3688');
INSERT INTO Users VALUES (620022572,'Gabriel','Bower','GabrielBower@gmail.com','BowerGabriel');
INSERT INTO Students VALUES (620022572,'UNDERGRAD','01-01-2020');
INSERT INTO Enrolled (u_id,courseCode) VALUES (620022572,'COMP1543'),(620022572,'CHEM2066'),(620022572,'PHYS1930'),(620022572,'ECON3004'),(620022572,'PHYS1979'),(620022572,'PHYS1993');
INSERT INTO Users VALUES (620022573,'Joe','Withrow','JoeWithrow@gmail.com','WithrowJoe');
INSERT INTO Students VALUES (620022573,'UNDERGRAD','01-01-2020');
INSERT INTO Enrolled (u_id,courseCode) VALUES (620022573,'MATH3173'),(620022573,'BIOC2054'),(620022573,'PHYS1930'),(620022573,'COMP1357'),(620022573,'PHYS3339'),(620022573,'CHEM2149');
INSERT INTO Users VALUES (620022574,'Rodney','Mejias','RodneyMejias@gmail.com','MejiasRodney');
INSERT INTO Students VALUES (620022574,'UNDERGRAD','01-01-2020');
INSERT INTO Enrolled (u_id,courseCode) VALUES (620022574,'CHEM3747'),(620022574,'ECON3989'),(620022574,'ECON2722'),(620022574,'MATH1262'),(620022574,'COMP1573'),(620022574,'CHEM2604');
INSERT INTO Users VALUES (620022575,'Shannon','Golden','ShannonGolden@gmail.com','GoldenShannon');
INSERT INTO Students VALUES (620022575,'UNDERGRAD','01-01-2020');
INSERT INTO Enrolled (u_id,courseCode) VALUES (620022575,'INFO1145'),(620022575,'PHYS1979'),(620022575,'ECON3085'),(620022575,'CHEM1613');
INSERT INTO Users VALUES (620022576,'Miguel','Aybar','MiguelAybar@gmail.com','AybarMiguel');
INSERT INTO Students VALUES (620022576,'UNDERGRAD','01-01-2020');
INSERT INTO Enrolled (u_id,courseCode) VALUES (620022576,'ECON1498'),(620022576,'INFO3636'),(620022576,'MATH2550'),(620022576,'ECON1230'),(620022576,'ECON3085'),(620022576,'CHEM2797');
INSERT INTO Users VALUES (620022577,'Bryan','Long','BryanLong@gmail.com','LongBryan');
INSERT INTO Students VALUES (620022577,'UNDERGRAD','01-01-2020');
INSERT INTO Enrolled (u_id,courseCode) VALUES (620022577,'ECON1996'),(620022577,'PHYS3290'),(620022577,'COMP1357'),(620022577,'BIOC1164'),(620022577,'INFO1447'),(620022577,'ECON3288');
INSERT INTO Users VALUES (620022578,'Wendell','Baccus','WendellBaccus@gmail.com','BaccusWendell');
INSERT INTO Students VALUES (620022578,'UNDERGRAD','01-01-2020');
INSERT INTO Enrolled (u_id,courseCode) VALUES (620022578,'ECON3063'),(620022578,'CHEM3347'),(620022578,'BIOC3457'),(620022578,'PHYS2667'),(620022578,'PHYS2117');
INSERT INTO Users VALUES (620022579,'Vivian','Sudduth','VivianSudduth@gmail.com','SudduthVivian');
INSERT INTO Students VALUES (620022579,'UNDERGRAD','01-01-2020');
INSERT INTO Enrolled (u_id,courseCode) VALUES (620022579,'MATH1735'),(620022579,'PHYS1140'),(620022579,'ECON3004'),(620022579,'MATH1638');
INSERT INTO Users VALUES (620022580,'Ladawn','Marshall','LadawnMarshall@gmail.com','MarshallLadawn');
INSERT INTO Students VALUES (620022580,'UNDERGRAD','01-01-2020');
INSERT INTO Enrolled (u_id,courseCode) VALUES (620022580,'COMP3418'),(620022580,'CHEM1494'),(620022580,'MATH2188');
INSERT INTO Users VALUES (620022581,'Iris','Shattuck','IrisShattuck@gmail.com','ShattuckIris');
INSERT INTO Students VALUES (620022581,'UNDERGRAD','01-01-2020');
INSERT INTO Enrolled (u_id,courseCode) VALUES (620022581,'ECON2703'),(620022581,'PHYS2229'),(620022581,'ECON2387'),(620022581,'MATH3059'),(620022581,'INFO1990'),(620022581,'COMP2965');
INSERT INTO Users VALUES (620022582,'Eugene','Wolfe','EugeneWolfe@gmail.com','WolfeEugene');
INSERT INTO Students VALUES (620022582,'UNDERGRAD','01-01-2020');
INSERT INTO Enrolled (u_id,courseCode) VALUES (620022582,'COMP3418'),(620022582,'COMP1051'),(620022582,'INFO1014');
INSERT INTO Users VALUES (620022583,'Traci','Miles','TraciMiles@gmail.com','MilesTraci');
INSERT INTO Students VALUES (620022583,'UNDERGRAD','01-01-2020');
INSERT INTO Enrolled (u_id,courseCode) VALUES (620022583,'COMP2080'),(620022583,'BIOC1986'),(620022583,'PHYS2306'),(620022583,'ECON3989');
INSERT INTO Users VALUES (620022584,'Keith','Velasquez','KeithVelasquez@gmail.com','VelasquezKeith');
INSERT INTO Students VALUES (620022584,'UNDERGRAD','01-01-2020');
INSERT INTO Enrolled (u_id,courseCode) VALUES (620022584,'COMP3506'),(620022584,'CHEM3747'),(620022584,'INFO2270'),(620022584,'MATH1972');
INSERT INTO Users VALUES (620022585,'Ashley','Letchworth','AshleyLetchworth@gmail.com','LetchworthAshley');
INSERT INTO Students VALUES (620022585,'UNDERGRAD','01-01-2020');
INSERT INTO Enrolled (u_id,courseCode) VALUES (620022585,'INFO2811'),(620022585,'CHEM2626'),(620022585,'PHYS1173'),(620022585,'ECON3063'),(620022585,'MATH1309');
INSERT INTO Users VALUES (620022586,'Danielle','Baccus','DanielleBaccus@gmail.com','BaccusDanielle');
INSERT INTO Students VALUES (620022586,'UNDERGRAD','01-01-2020');
INSERT INTO Enrolled (u_id,courseCode) VALUES (620022586,'ECON3228'),(620022586,'MATH3688'),(620022586,'PHYS2238');
INSERT INTO Users VALUES (620022587,'Christine','Hunt','ChristineHunt@gmail.com','HuntChristine');
INSERT INTO Students VALUES (620022587,'UNDERGRAD','01-01-2020');
INSERT INTO Enrolled (u_id,courseCode) VALUES (620022587,'MATH3059'),(620022587,'COMP2651'),(620022587,'CHEM3888'),(620022587,'ECON1783'),(620022587,'ECON1458'),(620022587,'MATH1648');
INSERT INTO Users VALUES (620022588,'Lilla','Long','LillaLong@gmail.com','LongLilla');
INSERT INTO Students VALUES (620022588,'UNDERGRAD','01-01-2020');
INSERT INTO Enrolled (u_id,courseCode) VALUES (620022588,'CHEM2604'),(620022588,'BIOC3604'),(620022588,'PHYS1140'),(620022588,'COMP1867'),(620022588,'PHYS1993'),(620022588,'COMP2361');
INSERT INTO Users VALUES (620022589,'Dora','Nichols','DoraNichols@gmail.com','NicholsDora');
INSERT INTO Students VALUES (620022589,'UNDERGRAD','01-01-2020');
INSERT INTO Enrolled (u_id,courseCode) VALUES (620022589,'CHEM2031'),(620022589,'PHYS2113'),(620022589,'COMP3418');
INSERT INTO Users VALUES (620022590,'Frankie','Smith','FrankieSmith@gmail.com','SmithFrankie');
INSERT INTO Students VALUES (620022590,'UNDERGRAD','01-01-2020');
INSERT INTO Enrolled (u_id,courseCode) VALUES (620022590,'MATH3179'),(620022590,'INFO3603'),(620022590,'ECON1561'),(620022590,'COMP1051');
INSERT INTO Users VALUES (620022591,'Michael','Deen','MichaelDeen@gmail.com','DeenMichael');
INSERT INTO Students VALUES (620022591,'UNDERGRAD','01-01-2020');
INSERT INTO Enrolled (u_id,courseCode) VALUES (620022591,'BIOC2054'),(620022591,'PHYS2117'),(620022591,'BIOC1052'),(620022591,'PHYS3876'),(620022591,'INFO1833'),(620022591,'COMP3173');
INSERT INTO Users VALUES (620022592,'Catherine','Krause','CatherineKrause@gmail.com','KrauseCatherine');
INSERT INTO Students VALUES (620022592,'UNDERGRAD','01-01-2020');
INSERT INTO Enrolled (u_id,courseCode) VALUES (620022592,'BIOC1439'),(620022592,'COMP3506'),(620022592,'CHEM2797');
INSERT INTO Users VALUES (620022593,'Betty','Woomer','BettyWoomer@gmail.com','WoomerBetty');
INSERT INTO Students VALUES (620022593,'UNDERGRAD','01-01-2020');
INSERT INTO Enrolled (u_id,courseCode) VALUES (620022593,'COMP2080'),(620022593,'MATH2501'),(620022593,'INFO2716'),(620022593,'BIOC1866'),(620022593,'ECON2387');
INSERT INTO Users VALUES (620022594,'Eric','Porter','EricPorter@gmail.com','PorterEric');
INSERT INTO Students VALUES (620022594,'UNDERGRAD','01-01-2020');
INSERT INTO Enrolled (u_id,courseCode) VALUES (620022594,'ECON1012'),(620022594,'PHYS3686'),(620022594,'PHYS2113'),(620022594,'CHEM2220'),(620022594,'BIOC2671');
INSERT INTO Users VALUES (620022595,'Kathy','Steinberger','KathySteinberger@gmail.com','SteinbergerKathy');
INSERT INTO Students VALUES (620022595,'UNDERGRAD','01-01-2020');
INSERT INTO Enrolled (u_id,courseCode) VALUES (620022595,'ECON3004'),(620022595,'PHYS3729'),(620022595,'BIOC1744'),(620022595,'BIOC1448'),(620022595,'MATH1972');
INSERT INTO Users VALUES (620022596,'Guillermo','Martin','GuillermoMartin@gmail.com','MartinGuillermo');
INSERT INTO Students VALUES (620022596,'UNDERGRAD','01-01-2020');
INSERT INTO Enrolled (u_id,courseCode) VALUES (620022596,'CHEM2626'),(620022596,'INFO2521'),(620022596,'INFO1833');
INSERT INTO Users VALUES (620022597,'Dominique','Schilling','DominiqueSchilling@gmail.com','SchillingDominique');
INSERT INTO Students VALUES (620022597,'UNDERGRAD','01-01-2020');
INSERT INTO Enrolled (u_id,courseCode) VALUES (620022597,'INFO3645'),(620022597,'MATH2550'),(620022597,'CHEM2626'),(620022597,'INFO2797'),(620022597,'BIOC1052'),(620022597,'COMP3697');
INSERT INTO Users VALUES (620022598,'Anderson','Larry','AndersonLarry@gmail.com','LarryAnderson');
INSERT INTO Students VALUES (620022598,'UNDERGRAD','01-01-2020');
INSERT INTO Enrolled (u_id,courseCode) VALUES (620022598,'BIOC2054'),(620022598,'CHEM3617'),(620022598,'MATH3222'),(620022598,'COMP1051');
INSERT INTO Users VALUES (620022599,'Keith','Lorenz','KeithLorenz@gmail.com','LorenzKeith');
INSERT INTO Students VALUES (620022599,'UNDERGRAD','01-01-2020');
INSERT INTO Enrolled (u_id,courseCode) VALUES (620022599,'CHEM2697'),(620022599,'CHEM3054'),(620022599,'BIOC1104');
INSERT INTO Users VALUES (620022600,'Dominique','Guidry','DominiqueGuidry@gmail.com','GuidryDominique');
INSERT INTO Students VALUES (620022600,'UNDERGRAD','01-01-2020');
INSERT INTO Enrolled (u_id,courseCode) VALUES (620022600,'CHEM1807'),(620022600,'PHYS2338'),(620022600,'BIOC2671'),(620022600,'ECON1561');
INSERT INTO Users VALUES (620022601,'Frankie','Gray','FrankieGray@gmail.com','GrayFrankie');
INSERT INTO Students VALUES (620022601,'UNDERGRAD','01-01-2020');
INSERT INTO Enrolled (u_id,courseCode) VALUES (620022601,'CHEM1340'),(620022601,'CHEM3054'),(620022601,'PHYS3876'),(620022601,'CHEM1494'),(620022601,'ECON1098'),(620022601,'ECON3372');
INSERT INTO Users VALUES (620022602,'Gary','Lindstrom','GaryLindstrom@gmail.com','LindstromGary');
INSERT INTO Students VALUES (620022602,'UNDERGRAD','01-01-2020');
INSERT INTO Enrolled (u_id,courseCode) VALUES (620022602,'ECON3372'),(620022602,'INFO2813'),(620022602,'BIOC1534'),(620022602,'PHYS2117'),(620022602,'BIOC1448');
INSERT INTO Users VALUES (620022603,'Elmer','James','ElmerJames@gmail.com','JamesElmer');
INSERT INTO Students VALUES (620022603,'UNDERGRAD','01-01-2020');
INSERT INTO Enrolled (u_id,courseCode) VALUES (620022603,'CHEM1807'),(620022603,'BIOC1725'),(620022603,'BIOC1866'),(620022603,'PHYS2451'),(620022603,'INFO2636');
INSERT INTO Users VALUES (620022604,'Angie','Dillis','AngieDillis@gmail.com','DillisAngie');
INSERT INTO Students VALUES (620022604,'UNDERGRAD','01-01-2020');
INSERT INTO Enrolled (u_id,courseCode) VALUES (620022604,'INFO1990'),(620022604,'BIOC1744'),(620022604,'COMP2077'),(620022604,'BIOC3721'),(620022604,'CHEM1807');
INSERT INTO Users VALUES (620022605,'Betsy','Wilson','BetsyWilson@gmail.com','WilsonBetsy');
INSERT INTO Students VALUES (620022605,'UNDERGRAD','01-01-2020');
INSERT INTO Enrolled (u_id,courseCode) VALUES (620022605,'COMP3084'),(620022605,'ECON1498'),(620022605,'INFO2811');
INSERT INTO Users VALUES (620022606,'Gina','Scarbrough','GinaScarbrough@gmail.com','ScarbroughGina');
INSERT INTO Students VALUES (620022606,'UNDERGRAD','01-01-2020');
INSERT INTO Enrolled (u_id,courseCode) VALUES (620022606,'INFO3603'),(620022606,'ECON3276'),(620022606,'INFO2147'),(620022606,'INFO1242');
INSERT INTO Users VALUES (620022607,'Barbara','Imoto','BarbaraImoto@gmail.com','ImotoBarbara');
INSERT INTO Students VALUES (620022607,'UNDERGRAD','01-01-2020');
INSERT INTO Enrolled (u_id,courseCode) VALUES (620022607,'PHYS3686'),(620022607,'CHEM3747'),(620022607,'MATH1648'),(620022607,'COMP2541'),(620022607,'CHEM3617');
INSERT INTO Users VALUES (620022608,'Clifford','Nelson','CliffordNelson@gmail.com','NelsonClifford');
INSERT INTO Students VALUES (620022608,'UNDERGRAD','01-01-2020');
INSERT INTO Enrolled (u_id,courseCode) VALUES (620022608,'MATH3179'),(620022608,'ECON1458'),(620022608,'INFO1648');
INSERT INTO Users VALUES (620022609,'Tony','Carlyle','TonyCarlyle@gmail.com','CarlyleTony');
INSERT INTO Students VALUES (620022609,'UNDERGRAD','01-01-2020');
INSERT INTO Enrolled (u_id,courseCode) VALUES (620022609,'BIOC1986'),(620022609,'COMP1543'),(620022609,'INFO1990'),(620022609,'PHYS2451'),(620022609,'ECON1645');
INSERT INTO Users VALUES (620022610,'Rick','Laramee','RickLaramee@gmail.com','LarameeRick');
INSERT INTO Students VALUES (620022610,'UNDERGRAD','01-01-2020');
INSERT INTO Enrolled (u_id,courseCode) VALUES (620022610,'COMP3685'),(620022610,'ECON3372'),(620022610,'ECON1170'),(620022610,'MATH3857');
INSERT INTO Users VALUES (620022611,'Floyd','Wesley','FloydWesley@gmail.com','WesleyFloyd');
INSERT INTO Students VALUES (620022611,'UNDERGRAD','01-01-2020');
INSERT INTO Enrolled (u_id,courseCode) VALUES (620022611,'MATH1262'),(620022611,'PHYS3729'),(620022611,'INFO2521'),(620022611,'ECON3550');
INSERT INTO Users VALUES (620022612,'Dale','Johnson','DaleJohnson@gmail.com','JohnsonDale');
INSERT INTO Students VALUES (620022612,'UNDERGRAD','01-01-2020');
INSERT INTO Enrolled (u_id,courseCode) VALUES (620022612,'CHEM3747'),(620022612,'ECON1561'),(620022612,'ECON1783'),(620022612,'BIOC3191'),(620022612,'INFO3868'),(620022612,'CHEM2065');
INSERT INTO Users VALUES (620022613,'Alfred','Meraz','AlfredMeraz@gmail.com','MerazAlfred');
INSERT INTO Students VALUES (620022613,'UNDERGRAD','01-01-2020');
INSERT INTO Enrolled (u_id,courseCode) VALUES (620022613,'CHEM1807'),(620022613,'ECON3372'),(620022613,'COMP3167'),(620022613,'ECON3276');
INSERT INTO Users VALUES (620022614,'Sheila','Griffitts','SheilaGriffitts@gmail.com','GriffittsSheila');
INSERT INTO Students VALUES (620022614,'UNDERGRAD','01-01-2020');
INSERT INTO Enrolled (u_id,courseCode) VALUES (620022614,'COMP2077'),(620022614,'CHEM2031'),(620022614,'BIOC1910');
INSERT INTO Users VALUES (620022615,'Ralph','Hamilton','RalphHamilton@gmail.com','HamiltonRalph');
INSERT INTO Students VALUES (620022615,'UNDERGRAD','01-01-2020');
INSERT INTO Enrolled (u_id,courseCode) VALUES (620022615,'INFO1447'),(620022615,'COMP2080'),(620022615,'ECON2387');
INSERT INTO Users VALUES (620022616,'Leticia','Hamilton','LeticiaHamilton@gmail.com','HamiltonLeticia');
INSERT INTO Students VALUES (620022616,'UNDERGRAD','01-01-2020');
INSERT INTO Enrolled (u_id,courseCode) VALUES (620022616,'ECON2814'),(620022616,'COMP3506'),(620022616,'INFO2636'),(620022616,'CHEM2797'),(620022616,'ECON3288');
INSERT INTO Users VALUES (620022617,'Carrie','Burney','CarrieBurney@gmail.com','BurneyCarrie');
INSERT INTO Students VALUES (620022617,'UNDERGRAD','01-01-2020');
INSERT INTO Enrolled (u_id,courseCode) VALUES (620022617,'MATH1648'),(620022617,'MATH1578'),(620022617,'CHEM2481'),(620022617,'BIOC1448'),(620022617,'INFO2813');
INSERT INTO Users VALUES (620022618,'Willard','Sandlin','WillardSandlin@gmail.com','SandlinWillard');
INSERT INTO Students VALUES (620022618,'UNDERGRAD','01-01-2020');
INSERT INTO Enrolled (u_id,courseCode) VALUES (620022618,'PHYS1140'),(620022618,'INFO1014'),(620022618,'CHEM2626'),(620022618,'ECON1589'),(620022618,'BIOC1744'),(620022618,'ECON3550');
INSERT INTO Users VALUES (620022619,'Milton','Mitchell','MiltonMitchell@gmail.com','MitchellMilton');
INSERT INTO Students VALUES (620022619,'UNDERGRAD','01-01-2020');
INSERT INTO Enrolled (u_id,courseCode) VALUES (620022619,'MATH3179'),(620022619,'PHYS2238'),(620022619,'COMP1543'),(620022619,'INFO2797');
INSERT INTO Users VALUES (620022620,'Jeffrey','Heckstall','JeffreyHeckstall@gmail.com','HeckstallJeffrey');
INSERT INTO Students VALUES (620022620,'UNDERGRAD','01-01-2020');
INSERT INTO Enrolled (u_id,courseCode) VALUES (620022620,'BIOC1794'),(620022620,'COMP2717'),(620022620,'PHYS1140'),(620022620,'COMP3639'),(620022620,'COMP3506'),(620022620,'MATH2957');
INSERT INTO Users VALUES (620022621,'Mathew','Barron','MathewBarron@gmail.com','BarronMathew');
INSERT INTO Students VALUES (620022621,'UNDERGRAD','01-01-2020');
INSERT INTO Enrolled (u_id,courseCode) VALUES (620022621,'MATH1148'),(620022621,'PHYS2238'),(620022621,'CHEM3617');
INSERT INTO Users VALUES (620022622,'Casey','Turner','CaseyTurner@gmail.com','TurnerCasey');
INSERT INTO Students VALUES (620022622,'UNDERGRAD','01-01-2020');
INSERT INTO Enrolled (u_id,courseCode) VALUES (620022622,'INFO3419'),(620022622,'PHYS2229'),(620022622,'MATH3544'),(620022622,'INFO2860');
INSERT INTO Users VALUES (620022623,'Peggy','Moldrem','PeggyMoldrem@gmail.com','MoldremPeggy');
INSERT INTO Students VALUES (620022623,'UNDERGRAD','01-01-2020');
INSERT INTO Enrolled (u_id,courseCode) VALUES (620022623,'INFO2270'),(620022623,'ECON3372'),(620022623,'MATH1972'),(620022623,'INFO2559'),(620022623,'ECON1098'),(620022623,'INFO1145');
INSERT INTO Users VALUES (620022624,'Jose','Nichols','JoseNichols@gmail.com','NicholsJose');
INSERT INTO Students VALUES (620022624,'UNDERGRAD','01-01-2020');
INSERT INTO Enrolled (u_id,courseCode) VALUES (620022624,'ECON1589'),(620022624,'MATH3173'),(620022624,'ECON3447'),(620022624,'COMP1867'),(620022624,'ECON1012'),(620022624,'INFO3868');
INSERT INTO Users VALUES (620022625,'Kenneth','Boyer','KennethBoyer@gmail.com','BoyerKenneth');
INSERT INTO Students VALUES (620022625,'UNDERGRAD','01-01-2020');
INSERT INTO Enrolled (u_id,courseCode) VALUES (620022625,'MATH2957'),(620022625,'CHEM3347'),(620022625,'INFO1014');
INSERT INTO Users VALUES (620022626,'Keith','Pedersen','KeithPedersen@gmail.com','PedersenKeith');
INSERT INTO Students VALUES (620022626,'UNDERGRAD','01-01-2020');
INSERT INTO Enrolled (u_id,courseCode) VALUES (620022626,'CHEM1485'),(620022626,'BIOC3721'),(620022626,'CHEM3614'),(620022626,'PHYS1930');
INSERT INTO Users VALUES (620022627,'Willard','Valenzuela','WillardValenzuela@gmail.com','ValenzuelaWillard');
INSERT INTO Students VALUES (620022627,'UNDERGRAD','01-01-2020');
INSERT INTO Enrolled (u_id,courseCode) VALUES (620022627,'COMP2717'),(620022627,'ECON3281'),(620022627,'MATH3209'),(620022627,'PHYS1930'),(620022627,'PHYS1173'),(620022627,'BIOC1052');
INSERT INTO Users VALUES (620022628,'Edward','Mitchell','EdwardMitchell@gmail.com','MitchellEdward');
INSERT INTO Students VALUES (620022628,'UNDERGRAD','01-01-2020');
INSERT INTO Enrolled (u_id,courseCode) VALUES (620022628,'ECON3276'),(620022628,'ECON2345'),(620022628,'PHYS3290'),(620022628,'COMP1543');
INSERT INTO Users VALUES (620022629,'Bobby','Cochran','BobbyCochran@gmail.com','CochranBobby');
INSERT INTO Students VALUES (620022629,'UNDERGRAD','01-01-2020');
INSERT INTO Enrolled (u_id,courseCode) VALUES (620022629,'BIOC2671'),(620022629,'MATH3844'),(620022629,'COMP2361'),(620022629,'ECON1012'),(620022629,'BIOC1104');
INSERT INTO Users VALUES (620022630,'Mary','Myrick','MaryMyrick@gmail.com','MyrickMary');
INSERT INTO Students VALUES (620022630,'UNDERGRAD','01-01-2020');
INSERT INTO Enrolled (u_id,courseCode) VALUES (620022630,'COMP1051'),(620022630,'CHEM3347'),(620022630,'ECON1498');
INSERT INTO Users VALUES (620022631,'Gloria','Wengerd','GloriaWengerd@gmail.com','WengerdGloria');
INSERT INTO Students VALUES (620022631,'UNDERGRAD','01-01-2020');
INSERT INTO Enrolled (u_id,courseCode) VALUES (620022631,'INFO2811'),(620022631,'PHYS2117'),(620022631,'CHEM2065');
INSERT INTO Users VALUES (620022632,'Marcus','Diggs','MarcusDiggs@gmail.com','DiggsMarcus');
INSERT INTO Students VALUES (620022632,'UNDERGRAD','01-01-2020');
INSERT INTO Enrolled (u_id,courseCode) VALUES (620022632,'COMP3639'),(620022632,'COMP3084'),(620022632,'CHEM2697'),(620022632,'BIOC1794');
INSERT INTO Users VALUES (620022633,'Cynthia','Letchworth','CynthiaLetchworth@gmail.com','LetchworthCynthia');
INSERT INTO Students VALUES (620022633,'UNDERGRAD','01-01-2020');
INSERT INTO Enrolled (u_id,courseCode) VALUES (620022633,'INFO1242'),(620022633,'ECON3288'),(620022633,'ECON2703');
INSERT INTO Users VALUES (620022634,'Mildred','Johnson','MildredJohnson@gmail.com','JohnsonMildred');
INSERT INTO Students VALUES (620022634,'UNDERGRAD','01-01-2020');
INSERT INTO Enrolled (u_id,courseCode) VALUES (620022634,'INFO2860'),(620022634,'BIOC2983'),(620022634,'CHEM2005');
INSERT INTO Users VALUES (620022635,'Ruby','Noonan','RubyNoonan@gmail.com','NoonanRuby');
INSERT INTO Students VALUES (620022635,'UNDERGRAD','01-01-2020');
INSERT INTO Enrolled (u_id,courseCode) VALUES (620022635,'BIOC2983'),(620022635,'PHYS1979'),(620022635,'ECON2703'),(620022635,'ECON1783'),(620022635,'ECON1561');
INSERT INTO Users VALUES (620022636,'Edward','Charland','EdwardCharland@gmail.com','CharlandEdward');
INSERT INTO Students VALUES (620022636,'UNDERGRAD','01-01-2020');
INSERT INTO Enrolled (u_id,courseCode) VALUES (620022636,'ECON1230'),(620022636,'BIOC1104'),(620022636,'CHEM3054'),(620022636,'PHYS1930'),(620022636,'PHYS3686');
INSERT INTO Users VALUES (620022637,'Anderson','Tate','AndersonTate@gmail.com','TateAnderson');
INSERT INTO Students VALUES (620022637,'UNDERGRAD','01-01-2020');
INSERT INTO Enrolled (u_id,courseCode) VALUES (620022637,'PHYS2977'),(620022637,'BIOC2981'),(620022637,'COMP3536'),(620022637,'BIOC2550'),(620022637,'INFO2636'),(620022637,'INFO3603');
INSERT INTO Users VALUES (620022638,'Dwight','Hardman','DwightHardman@gmail.com','HardmanDwight');
INSERT INTO Students VALUES (620022638,'UNDERGRAD','01-01-2020');
INSERT INTO Enrolled (u_id,courseCode) VALUES (620022638,'COMP1867'),(620022638,'ECON3737'),(620022638,'COMP1051'),(620022638,'BIOC3191'),(620022638,'ECON2703');
INSERT INTO Users VALUES (620022639,'Milton','Chappell','MiltonChappell@gmail.com','ChappellMilton');
INSERT INTO Students VALUES (620022639,'UNDERGRAD','01-01-2020');
INSERT INTO Enrolled (u_id,courseCode) VALUES (620022639,'PHYS2667'),(620022639,'COMP3697'),(620022639,'CHEM3888'),(620022639,'PHYS3787'),(620022639,'ECON3311'),(620022639,'ECON2387');
INSERT INTO Users VALUES (620022640,'Karen','Pearson','KarenPearson@gmail.com','PearsonKaren');
INSERT INTO Students VALUES (620022640,'UNDERGRAD','01-01-2020');
INSERT INTO Enrolled (u_id,courseCode) VALUES (620022640,'MATH2067'),(620022640,'BIOC1866'),(620022640,'COMP3849');
INSERT INTO Users VALUES (620022641,'Alice','Christinsen','AliceChristinsen@gmail.com','ChristinsenAlice');
INSERT INTO Students VALUES (620022641,'UNDERGRAD','01-01-2020');
INSERT INTO Enrolled (u_id,courseCode) VALUES (620022641,'COMP3639'),(620022641,'PHYS3339'),(620022641,'COMP1184'),(620022641,'ECON3523');
INSERT INTO Users VALUES (620022642,'Suzanne','Evans','SuzanneEvans@gmail.com','EvansSuzanne');
INSERT INTO Students VALUES (620022642,'UNDERGRAD','01-01-2020');
INSERT INTO Enrolled (u_id,courseCode) VALUES (620022642,'PHYS2563'),(620022642,'MATH2873'),(620022642,'PHYS2229'),(620022642,'COMP3084'),(620022642,'INFO2636'),(620022642,'PHYS1399');
INSERT INTO Users VALUES (620022643,'Manuel','Lundholm','ManuelLundholm@gmail.com','LundholmManuel');
INSERT INTO Students VALUES (620022643,'UNDERGRAD','01-01-2020');
INSERT INTO Enrolled (u_id,courseCode) VALUES (620022643,'BIOC1744'),(620022643,'CHEM2867'),(620022643,'INFO2860'),(620022643,'INFO3419'),(620022643,'PHYS1399');
INSERT INTO Users VALUES (620022644,'Sam','Hodge','SamHodge@gmail.com','HodgeSam');
INSERT INTO Students VALUES (620022644,'UNDERGRAD','01-01-2020');
INSERT INTO Enrolled (u_id,courseCode) VALUES (620022644,'MATH2555'),(620022644,'PHYS3876'),(620022644,'ECON1589'),(620022644,'CHEM2220');
INSERT INTO Users VALUES (620022645,'Janice','Wilson','JaniceWilson@gmail.com','WilsonJanice');
INSERT INTO Students VALUES (620022645,'UNDERGRAD','01-01-2020');
INSERT INTO Enrolled (u_id,courseCode) VALUES (620022645,'COMP1051'),(620022645,'PHYS3876'),(620022645,'ECON3447');
INSERT INTO Users VALUES (620022646,'Josh','Jeanbaptiste','JoshJeanbaptiste@gmail.com','JeanbaptisteJosh');
INSERT INTO Students VALUES (620022646,'UNDERGRAD','01-01-2020');
INSERT INTO Enrolled (u_id,courseCode) VALUES (620022646,'ECON2703'),(620022646,'ECON3063'),(620022646,'PHYS2667');
INSERT INTO Users VALUES (620022647,'Tracy','Hoyer','TracyHoyer@gmail.com','HoyerTracy');
INSERT INTO Students VALUES (620022647,'UNDERGRAD','01-01-2020');
INSERT INTO Enrolled (u_id,courseCode) VALUES (620022647,'INFO2716'),(620022647,'COMP2965'),(620022647,'PHYS2451'),(620022647,'MATH3173'),(620022647,'MATH3029'),(620022647,'INFO2811');
INSERT INTO Users VALUES (620022648,'Judith','Halford','JudithHalford@gmail.com','HalfordJudith');
INSERT INTO Students VALUES (620022648,'UNDERGRAD','01-01-2020');
INSERT INTO Enrolled (u_id,courseCode) VALUES (620022648,'MATH2188'),(620022648,'INFO2797'),(620022648,'BIOC3191');
INSERT INTO Users VALUES (620022649,'Lilla','Taylor','LillaTaylor@gmail.com','TaylorLilla');
INSERT INTO Students VALUES (620022649,'UNDERGRAD','01-01-2020');
INSERT INTO Enrolled (u_id,courseCode) VALUES (620022649,'MATH3209'),(620022649,'MATH1638'),(620022649,'COMP3167');
INSERT INTO Users VALUES (620022650,'Trina','Gillis','TrinaGillis@gmail.com','GillisTrina');
INSERT INTO Students VALUES (620022650,'UNDERGRAD','01-01-2020');
INSERT INTO Enrolled (u_id,courseCode) VALUES (620022650,'INFO2521'),(620022650,'CHEM2481'),(620022650,'BIOC1866'),(620022650,'MATH3173');
INSERT INTO Users VALUES (620022651,'Jeremy','Pantoja','JeremyPantoja@gmail.com','PantojaJeremy');
INSERT INTO Students VALUES (620022651,'UNDERGRAD','01-01-2020');
INSERT INTO Enrolled (u_id,courseCode) VALUES (620022651,'CHEM1485'),(620022651,'INFO2147'),(620022651,'ECON3550');
INSERT INTO Users VALUES (620022652,'Gary','Carrillo','GaryCarrillo@gmail.com','CarrilloGary');
INSERT INTO Students VALUES (620022652,'UNDERGRAD','01-01-2020');
INSERT INTO Enrolled (u_id,courseCode) VALUES (620022652,'COMP1184'),(620022652,'ECON1561'),(620022652,'PHYS2667'),(620022652,'BIOC1986');
INSERT INTO Users VALUES (620022653,'Dwayne','Stallings','DwayneStallings@gmail.com','StallingsDwayne');
INSERT INTO Students VALUES (620022653,'UNDERGRAD','01-01-2020');
INSERT INTO Enrolled (u_id,courseCode) VALUES (620022653,'INFO1242'),(620022653,'PHYS2667'),(620022653,'INFO2813'),(620022653,'BIOC2236'),(620022653,'PHYS3464');
INSERT INTO Users VALUES (620022654,'Dawn','Lauritsen','DawnLauritsen@gmail.com','LauritsenDawn');
INSERT INTO Students VALUES (620022654,'UNDERGRAD','01-01-2020');
INSERT INTO Enrolled (u_id,courseCode) VALUES (620022654,'ECON3020'),(620022654,'COMP1460'),(620022654,'ECON3523');
INSERT INTO Users VALUES (620022655,'Clyde','Smith','ClydeSmith@gmail.com','SmithClyde');
INSERT INTO Students VALUES (620022655,'UNDERGRAD','01-01-2020');
INSERT INTO Enrolled (u_id,courseCode) VALUES (620022655,'ECON1589'),(620022655,'MATH2188'),(620022655,'PHYS2563'),(620022655,'PHYS3290'),(620022655,'INFO1447');
INSERT INTO Users VALUES (620022656,'Dorcas','Cannon','DorcasCannon@gmail.com','CannonDorcas');
INSERT INTO Students VALUES (620022656,'UNDERGRAD','01-01-2020');
INSERT INTO Enrolled (u_id,courseCode) VALUES (620022656,'BIOC3341'),(620022656,'PHYS1399'),(620022656,'INFO2213'),(620022656,'ECON3550'),(620022656,'CHEM2066'),(620022656,'MATH2801');
INSERT INTO Users VALUES (620022657,'Melanie','Monte','MelanieMonte@gmail.com','MonteMelanie');
INSERT INTO Students VALUES (620022657,'UNDERGRAD','01-01-2020');
INSERT INTO Enrolled (u_id,courseCode) VALUES (620022657,'ECON2703'),(620022657,'CHEM2220'),(620022657,'CHEM2177');
INSERT INTO Users VALUES (620022658,'Roy','Mertens','RoyMertens@gmail.com','MertensRoy');
INSERT INTO Students VALUES (620022658,'UNDERGRAD','01-01-2020');
INSERT INTO Enrolled (u_id,courseCode) VALUES (620022658,'ECON1498'),(620022658,'ECON3004'),(620022658,'PHYS3729'),(620022658,'PHYS2306'),(620022658,'ECON1561'),(620022658,'ECON1170');
INSERT INTO Users VALUES (620022659,'Martin','Richardson','MartinRichardson@gmail.com','RichardsonMartin');
INSERT INTO Students VALUES (620022659,'UNDERGRAD','01-01-2020');
INSERT INTO Enrolled (u_id,courseCode) VALUES (620022659,'CHEM3409'),(620022659,'ECON1498'),(620022659,'PHYS3354'),(620022659,'PHYS2117'),(620022659,'BIOC3341');
INSERT INTO Users VALUES (620022660,'Delia','Citizen','DeliaCitizen@gmail.com','CitizenDelia');
INSERT INTO Students VALUES (620022660,'UNDERGRAD','01-01-2020');
INSERT INTO Enrolled (u_id,courseCode) VALUES (620022660,'COMP3047'),(620022660,'COMP3084'),(620022660,'CHEM2220');
INSERT INTO Users VALUES (620022661,'Kurt','Wood','KurtWood@gmail.com','WoodKurt');
INSERT INTO Students VALUES (620022661,'UNDERGRAD','01-01-2020');
INSERT INTO Enrolled (u_id,courseCode) VALUES (620022661,'BIOC1725'),(620022661,'PHYS2977'),(620022661,'CHEM1807'),(620022661,'PHYS3876'),(620022661,'COMP3536'),(620022661,'MATH1454');
INSERT INTO Users VALUES (620022662,'Edna','Pere','EdnaPere@gmail.com','PereEdna');
INSERT INTO Students VALUES (620022662,'UNDERGRAD','01-01-2020');
INSERT INTO Enrolled (u_id,courseCode) VALUES (620022662,'MATH3059'),(620022662,'INFO2860'),(620022662,'CHEM2220'),(620022662,'COMP3685'),(620022662,'CHEM2149'),(620022662,'INFO3603');
INSERT INTO Users VALUES (620022663,'Howard','Ebbs','HowardEbbs@gmail.com','EbbsHoward');
INSERT INTO Students VALUES (620022663,'UNDERGRAD','01-01-2020');
INSERT INTO Enrolled (u_id,courseCode) VALUES (620022663,'COMP3167'),(620022663,'INFO2636'),(620022663,'INFO1014'),(620022663,'PHYS1140');
INSERT INTO Users VALUES (620022664,'Toby','Harrington','TobyHarrington@gmail.com','HarringtonToby');
INSERT INTO Students VALUES (620022664,'UNDERGRAD','01-01-2020');
INSERT INTO Enrolled (u_id,courseCode) VALUES (620022664,'BIOC1598'),(620022664,'PHYS3787'),(620022664,'ECON1098'),(620022664,'ECON1589'),(620022664,'PHYS2238');
INSERT INTO Users VALUES (620022665,'John','Brickey','JohnBrickey@gmail.com','BrickeyJohn');
INSERT INTO Students VALUES (620022665,'UNDERGRAD','01-01-2020');
INSERT INTO Enrolled (u_id,courseCode) VALUES (620022665,'CHEM1494'),(620022665,'ECON1996'),(620022665,'CHEM2446'),(620022665,'MATH2957');
INSERT INTO Users VALUES (620022666,'Bethany','Dohse','BethanyDohse@gmail.com','DohseBethany');
INSERT INTO Students VALUES (620022666,'UNDERGRAD','01-01-2020');
INSERT INTO Enrolled (u_id,courseCode) VALUES (620022666,'CHEM1485'),(620022666,'COMP1051'),(620022666,'CHEM3327'),(620022666,'PHYS2448');
INSERT INTO Users VALUES (620022667,'Justin','Pulley','JustinPulley@gmail.com','PulleyJustin');
INSERT INTO Students VALUES (620022667,'UNDERGRAD','01-01-2020');
INSERT INTO Enrolled (u_id,courseCode) VALUES (620022667,'PHYS2451'),(620022667,'BIOC1439'),(620022667,'MATH1148'),(620022667,'COMP3849'),(620022667,'CHEM2066');
INSERT INTO Users VALUES (620022668,'Brian','Busse','BrianBusse@gmail.com','BusseBrian');
INSERT INTO Students VALUES (620022668,'UNDERGRAD','01-01-2020');
INSERT INTO Enrolled (u_id,courseCode) VALUES (620022668,'BIOC3341'),(620022668,'COMP1867'),(620022668,'INFO1014'),(620022668,'MATH2873');
INSERT INTO Users VALUES (620022669,'Mack','Miller','MackMiller@gmail.com','MillerMack');
INSERT INTO Students VALUES (620022669,'UNDERGRAD','01-01-2020');
INSERT INTO Enrolled (u_id,courseCode) VALUES (620022669,'CHEM3327'),(620022669,'INFO3645'),(620022669,'BIOC2236'),(620022669,'CHEM3793');
INSERT INTO Users VALUES (620022670,'Marilyn','Long','MarilynLong@gmail.com','LongMarilyn');
INSERT INTO Students VALUES (620022670,'UNDERGRAD','01-01-2020');
INSERT INTO Enrolled (u_id,courseCode) VALUES (620022670,'COMP3173'),(620022670,'COMP1543'),(620022670,'PHYS2306'),(620022670,'MATH2717'),(620022670,'CHEM2867');
INSERT INTO Users VALUES (620022671,'Philip','Finkenbinder','PhilipFinkenbinder@gmail.com','FinkenbinderPhilip');
INSERT INTO Students VALUES (620022671,'UNDERGRAD','01-01-2020');
INSERT INTO Enrolled (u_id,courseCode) VALUES (620022671,'CHEM2867'),(620022671,'MATH3209'),(620022671,'INFO1833'),(620022671,'BIOC1164');
INSERT INTO Users VALUES (620022672,'Kelly','Burch','KellyBurch@gmail.com','BurchKelly');
INSERT INTO Students VALUES (620022672,'UNDERGRAD','01-01-2020');
INSERT INTO Enrolled (u_id,courseCode) VALUES (620022672,'ECON1498'),(620022672,'ECON1589'),(620022672,'ECON3228'),(620022672,'MATH3544'),(620022672,'MATH3857');
INSERT INTO Users VALUES (620022673,'Josh','Williamson','JoshWilliamson@gmail.com','WilliamsonJosh');
INSERT INTO Students VALUES (620022673,'UNDERGRAD','01-01-2020');
INSERT INTO Enrolled (u_id,courseCode) VALUES (620022673,'MATH3688'),(620022673,'COMP3849'),(620022673,'CHEM3327'),(620022673,'MATH3222'),(620022673,'BIOC1439'),(620022673,'BIOC1866');
INSERT INTO Users VALUES (620022674,'Iris','Pero','IrisPero@gmail.com','PeroIris');
INSERT INTO Students VALUES (620022674,'UNDERGRAD','01-01-2020');
INSERT INTO Enrolled (u_id,courseCode) VALUES (620022674,'COMP1357'),(620022674,'ECON3228'),(620022674,'MATH3844'),(620022674,'BIOC3230');
INSERT INTO Users VALUES (620022675,'Melanie','Truong','MelanieTruong@gmail.com','TruongMelanie');
INSERT INTO Students VALUES (620022675,'UNDERGRAD','01-01-2020');
INSERT INTO Enrolled (u_id,courseCode) VALUES (620022675,'MATH1638'),(620022675,'CHEM3327'),(620022675,'CHEM2797'),(620022675,'PHYS1979');
INSERT INTO Users VALUES (620022676,'Adrienne','Crespo','AdrienneCrespo@gmail.com','CrespoAdrienne');
INSERT INTO Students VALUES (620022676,'UNDERGRAD','01-01-2020');
INSERT INTO Enrolled (u_id,courseCode) VALUES (620022676,'PHYS2117'),(620022676,'COMP2965'),(620022676,'MATH3857'),(620022676,'INFO2213'),(620022676,'MATH2873');
INSERT INTO Users VALUES (620022677,'Cassie','Gaffney','CassieGaffney@gmail.com','GaffneyCassie');
INSERT INTO Students VALUES (620022677,'UNDERGRAD','01-01-2020');
INSERT INTO Enrolled (u_id,courseCode) VALUES (620022677,'CHEM2604'),(620022677,'CHEM2481'),(620022677,'BIOC1725'),(620022677,'MATH3844'),(620022677,'INFO2860'),(620022677,'BIOC1866');
INSERT INTO Users VALUES (620022678,'Vernon','Baptiste','VernonBaptiste@gmail.com','BaptisteVernon');
INSERT INTO Students VALUES (620022678,'UNDERGRAD','01-01-2020');
INSERT INTO Enrolled (u_id,courseCode) VALUES (620022678,'MATH1250'),(620022678,'COMP3173'),(620022678,'CHEM2727'),(620022678,'INFO2213'),(620022678,'PHYS1140'),(620022678,'MATH1735');
INSERT INTO Users VALUES (620022679,'Tiara','Mitchell','TiaraMitchell@gmail.com','MitchellTiara');
INSERT INTO Students VALUES (620022679,'UNDERGRAD','01-01-2020');
INSERT INTO Enrolled (u_id,courseCode) VALUES (620022679,'ECON1645'),(620022679,'MATH2555'),(620022679,'INFO2860'),(620022679,'CHEM3614'),(620022679,'ECON2703'),(620022679,'INFO3868');
INSERT INTO Users VALUES (620022680,'Lorenza','Hunt','LorenzaHunt@gmail.com','HuntLorenza');
INSERT INTO Students VALUES (620022680,'UNDERGRAD','01-01-2020');
INSERT INTO Enrolled (u_id,courseCode) VALUES (620022680,'INFO1825'),(620022680,'MATH3844'),(620022680,'MATH2873');
INSERT INTO Users VALUES (620022681,'Kenneth','Gaffney','KennethGaffney@gmail.com','GaffneyKenneth');
INSERT INTO Students VALUES (620022681,'UNDERGRAD','01-01-2020');
INSERT INTO Enrolled (u_id,courseCode) VALUES (620022681,'INFO2797'),(620022681,'BIOC3604'),(620022681,'INFO2559');
INSERT INTO Users VALUES (620022682,'Barbara','Lemieux','BarbaraLemieux@gmail.com','LemieuxBarbara');
INSERT INTO Students VALUES (620022682,'UNDERGRAD','01-01-2020');
INSERT INTO Enrolled (u_id,courseCode) VALUES (620022682,'INFO2813'),(620022682,'INFO1447'),(620022682,'INFO3603'),(620022682,'CHEM3054'),(620022682,'BIOC1986');
INSERT INTO Users VALUES (620022683,'Christine','Miraglia','ChristineMiraglia@gmail.com','MiragliaChristine');
INSERT INTO Students VALUES (620022683,'UNDERGRAD','01-01-2020');
INSERT INTO Enrolled (u_id,courseCode) VALUES (620022683,'INFO2270'),(620022683,'BIOC2981'),(620022683,'MATH3173'),(620022683,'MATH3688'),(620022683,'MATH1578');
INSERT INTO Users VALUES (620022684,'Marshall','Butcher','MarshallButcher@gmail.com','ButcherMarshall');
INSERT INTO Students VALUES (620022684,'UNDERGRAD','01-01-2020');
INSERT INTO Enrolled (u_id,courseCode) VALUES (620022684,'MATH2873'),(620022684,'PHYS3339'),(620022684,'COMP3047'),(620022684,'COMP2717');
INSERT INTO Users VALUES (620022685,'Orlando','Vineyard','OrlandoVineyard@gmail.com','VineyardOrlando');
INSERT INTO Students VALUES (620022685,'UNDERGRAD','01-01-2020');
INSERT INTO Enrolled (u_id,courseCode) VALUES (620022685,'ECON3281'),(620022685,'PHYS1173'),(620022685,'PHYS2563'),(620022685,'COMP2077'),(620022685,'MATH3844');
INSERT INTO Users VALUES (620022686,'Rachel','Bower','RachelBower@gmail.com','BowerRachel');
INSERT INTO Students VALUES (620022686,'UNDERGRAD','01-01-2020');
INSERT INTO Enrolled (u_id,courseCode) VALUES (620022686,'PHYS3659'),(620022686,'PHYS2306'),(620022686,'COMP3685'),(620022686,'MATH2873');
INSERT INTO Users VALUES (620022687,'Rachel','Velasquez','RachelVelasquez@gmail.com','VelasquezRachel');
INSERT INTO Students VALUES (620022687,'UNDERGRAD','01-01-2020');
INSERT INTO Enrolled (u_id,courseCode) VALUES (620022687,'BIOC1485'),(620022687,'PHYS3339'),(620022687,'BIOC1725'),(620022687,'MATH1250'),(620022687,'COMP2400');
INSERT INTO Users VALUES (620022688,'Marie','Sullivan','MarieSullivan@gmail.com','SullivanMarie');
INSERT INTO Students VALUES (620022688,'UNDERGRAD','01-01-2020');
INSERT INTO Enrolled (u_id,courseCode) VALUES (620022688,'BIOC2981'),(620022688,'INFO2521'),(620022688,'INFO1288'),(620022688,'ECON3737'),(620022688,'MATH3059');
INSERT INTO Users VALUES (620022689,'Betsy','Nerbonne','BetsyNerbonne@gmail.com','NerbonneBetsy');
INSERT INTO Students VALUES (620022689,'UNDERGRAD','01-01-2020');
INSERT INTO Enrolled (u_id,courseCode) VALUES (620022689,'COMP1543'),(620022689,'MATH2801'),(620022689,'COMP3047'),(620022689,'BIOC1794');
INSERT INTO Users VALUES (620022690,'Richard','Lopez','RichardLopez@gmail.com','LopezRichard');
INSERT INTO Students VALUES (620022690,'UNDERGRAD','01-01-2020');
INSERT INTO Enrolled (u_id,courseCode) VALUES (620022690,'CHEM1485'),(620022690,'PHYS2448'),(620022690,'ECON1783');
INSERT INTO Users VALUES (620022691,'Benjamin','Jesse','BenjaminJesse@gmail.com','JesseBenjamin');
INSERT INTO Students VALUES (620022691,'UNDERGRAD','01-01-2020');
INSERT INTO Enrolled (u_id,courseCode) VALUES (620022691,'CHEM3347'),(620022691,'COMP1573'),(620022691,'CHEM2727'),(620022691,'ECON1098'),(620022691,'BIOC1439'),(620022691,'INFO2811');
INSERT INTO Users VALUES (620022692,'Georgie','Nichols','GeorgieNichols@gmail.com','NicholsGeorgie');
INSERT INTO Students VALUES (620022692,'UNDERGRAD','01-01-2020');
INSERT INTO Enrolled (u_id,courseCode) VALUES (620022692,'ECON2814'),(620022692,'COMP2361'),(620022692,'COMP2400'),(620022692,'ECON3737'),(620022692,'COMP3238'),(620022692,'COMP3536');
INSERT INTO Users VALUES (620022693,'Hazel','English','HazelEnglish@gmail.com','EnglishHazel');
INSERT INTO Students VALUES (620022693,'UNDERGRAD','01-01-2020');
INSERT INTO Enrolled (u_id,courseCode) VALUES (620022693,'CHEM2065'),(620022693,'MATH2188'),(620022693,'COMP2077'),(620022693,'ECON3063'),(620022693,'PHYS2977'),(620022693,'MATH2873');
INSERT INTO Users VALUES (620022694,'Karen','Woomer','KarenWoomer@gmail.com','WoomerKaren');
INSERT INTO Students VALUES (620022694,'UNDERGRAD','01-01-2020');
INSERT INTO Enrolled (u_id,courseCode) VALUES (620022694,'PHYS3686'),(620022694,'INFO3645'),(620022694,'PHYS2451'),(620022694,'COMP3084'),(620022694,'ECON1996'),(620022694,'INFO2147');
INSERT INTO Users VALUES (620022695,'Margaret','Jensen','MargaretJensen@gmail.com','JensenMargaret');
INSERT INTO Students VALUES (620022695,'UNDERGRAD','01-01-2020');
INSERT INTO Enrolled (u_id,courseCode) VALUES (620022695,'MATH3209'),(620022695,'ECON3276'),(620022695,'CHEM2446'),(620022695,'CHEM1807');
INSERT INTO Users VALUES (620022696,'Randall','Scales','RandallScales@gmail.com','ScalesRandall');
INSERT INTO Students VALUES (620022696,'UNDERGRAD','01-01-2020');
INSERT INTO Enrolled (u_id,courseCode) VALUES (620022696,'ECON3063'),(620022696,'PHYS3464'),(620022696,'PHYS3686'),(620022696,'CHEM2697'),(620022696,'ECON1589');
INSERT INTO Users VALUES (620022697,'Harold','Lamar','HaroldLamar@gmail.com','LamarHarold');
INSERT INTO Students VALUES (620022697,'UNDERGRAD','01-01-2020');
INSERT INTO Enrolled (u_id,courseCode) VALUES (620022697,'PHYS3052'),(620022697,'COMP2541'),(620022697,'COMP3697'),(620022697,'BIOC1104'),(620022697,'BIOC3457'),(620022697,'INFO1288');
INSERT INTO Users VALUES (620022698,'Jeanna','Dumas','JeannaDumas@gmail.com','DumasJeanna');
INSERT INTO Students VALUES (620022698,'UNDERGRAD','01-01-2020');
INSERT INTO Enrolled (u_id,courseCode) VALUES (620022698,'BIOC1744'),(620022698,'MATH1309'),(620022698,'ECON3085'),(620022698,'MATH3688');
INSERT INTO Users VALUES (620022699,'Adelle','Hoyer','AdelleHoyer@gmail.com','HoyerAdelle');
INSERT INTO Students VALUES (620022699,'UNDERGRAD','01-01-2020');
INSERT INTO Enrolled (u_id,courseCode) VALUES (620022699,'INFO2147'),(620022699,'MATH2717'),(620022699,'PHYS2113'),(620022699,'BIOC1485'),(620022699,'INFO2521'),(620022699,'INFO2813');
INSERT INTO Users VALUES (620022700,'Sergio','Coleman','SergioColeman@gmail.com','ColemanSergio');
INSERT INTO Students VALUES (620022700,'UNDERGRAD','01-01-2020');
INSERT INTO Enrolled (u_id,courseCode) VALUES (620022700,'PHYS2229'),(620022700,'CHEM2697'),(620022700,'PHYS2563'),(620022700,'CHEM3793');
INSERT INTO Users VALUES (620022701,'Shirley','Cochran','ShirleyCochran@gmail.com','CochranShirley');
INSERT INTO Students VALUES (620022701,'UNDERGRAD','01-01-2020');
INSERT INTO Enrolled (u_id,courseCode) VALUES (620022701,'PHYS2451'),(620022701,'ECON2345'),(620022701,'CHEM2867');
INSERT INTO Users VALUES (620022702,'Geraldine','Wood','GeraldineWood@gmail.com','WoodGeraldine');
INSERT INTO Students VALUES (620022702,'UNDERGRAD','01-01-2020');
INSERT INTO Enrolled (u_id,courseCode) VALUES (620022702,'CHEM3793'),(620022702,'BIOC1534'),(620022702,'ECON3004');
INSERT INTO Users VALUES (620022703,'William','Bordelon','WilliamBordelon@gmail.com','BordelonWilliam');
INSERT INTO Students VALUES (620022703,'UNDERGRAD','01-01-2020');
INSERT INTO Enrolled (u_id,courseCode) VALUES (620022703,'ECON3550'),(620022703,'MATH2550'),(620022703,'BIOC1448'),(620022703,'BIOC1052'),(620022703,'INFO3935');
INSERT INTO Users VALUES (620022704,'Matthew','Porter','MatthewPorter@gmail.com','PorterMatthew');
INSERT INTO Students VALUES (620022704,'UNDERGRAD','01-01-2020');
INSERT INTO Enrolled (u_id,courseCode) VALUES (620022704,'COMP3238'),(620022704,'INFO2813'),(620022704,'INFO3603'),(620022704,'MATH3029'),(620022704,'PHYS1979'),(620022704,'PHYS1993');
INSERT INTO Users VALUES (620022705,'Bobby','Gray','BobbyGray@gmail.com','GrayBobby');
INSERT INTO Students VALUES (620022705,'UNDERGRAD','01-01-2020');
INSERT INTO Enrolled (u_id,courseCode) VALUES (620022705,'COMP2080'),(620022705,'CHEM2177'),(620022705,'BIOC1439'),(620022705,'PHYS1979'),(620022705,'BIOC1485'),(620022705,'PHYS2338');
INSERT INTO Users VALUES (620022706,'Denise','Terry','DeniseTerry@gmail.com','TerryDenise');
INSERT INTO Students VALUES (620022706,'UNDERGRAD','01-01-2020');
INSERT INTO Enrolled (u_id,courseCode) VALUES (620022706,'COMP2400'),(620022706,'CHEM3888'),(620022706,'CHEM2727'),(620022706,'ECON3004'),(620022706,'PHYS2338');
INSERT INTO Users VALUES (620022707,'Clifford','Caudill','CliffordCaudill@gmail.com','CaudillClifford');
INSERT INTO Students VALUES (620022707,'UNDERGRAD','01-01-2020');
INSERT INTO Enrolled (u_id,courseCode) VALUES (620022707,'BIOC3341'),(620022707,'COMP1357'),(620022707,'PHYS1993'),(620022707,'INFO1014'),(620022707,'CHEM1340'),(620022707,'MATH3059');
INSERT INTO Users VALUES (620022708,'Gary','Meraz','GaryMeraz@gmail.com','MerazGary');
INSERT INTO Students VALUES (620022708,'UNDERGRAD','01-01-2020');
INSERT INTO Enrolled (u_id,courseCode) VALUES (620022708,'COMP2651'),(620022708,'ECON3020'),(620022708,'BIOC1052'),(620022708,'PHYS3659');
INSERT INTO Users VALUES (620022709,'Jeremy','Gaffney','JeremyGaffney@gmail.com','GaffneyJeremy');
INSERT INTO Students VALUES (620022709,'UNDERGRAD','01-01-2020');
INSERT INTO Enrolled (u_id,courseCode) VALUES (620022709,'ECON1230'),(620022709,'PHYS3729'),(620022709,'MATH1454'),(620022709,'MATH3688'),(620022709,'ECON3311');
INSERT INTO Users VALUES (620022710,'Aaron','Ferretti','AaronFerretti@gmail.com','FerrettiAaron');
INSERT INTO Students VALUES (620022710,'UNDERGRAD','01-01-2020');
INSERT INTO Enrolled (u_id,courseCode) VALUES (620022710,'PHYS2306'),(620022710,'COMP3849'),(620022710,'CHEM3327'),(620022710,'PHYS1173');
INSERT INTO Users VALUES (620022711,'Ashleigh','Sudduth','AshleighSudduth@gmail.com','SudduthAshleigh');
INSERT INTO Students VALUES (620022711,'UNDERGRAD','01-01-2020');
INSERT INTO Enrolled (u_id,courseCode) VALUES (620022711,'BIOC1744'),(620022711,'ECON3737'),(620022711,'COMP1184'),(620022711,'COMP3084'),(620022711,'COMP3418'),(620022711,'PHYS1930');
INSERT INTO Users VALUES (620022712,'Howard','Cardona','HowardCardona@gmail.com','CardonaHoward');
INSERT INTO Students VALUES (620022712,'UNDERGRAD','01-01-2020');
INSERT INTO Enrolled (u_id,courseCode) VALUES (620022712,'MATH2067'),(620022712,'ECON1645'),(620022712,'BIOC3191');
INSERT INTO Users VALUES (620022713,'Kenneth','Krause','KennethKrause@gmail.com','KrauseKenneth');
INSERT INTO Students VALUES (620022713,'UNDERGRAD','01-01-2020');
INSERT INTO Enrolled (u_id,courseCode) VALUES (620022713,'MATH1735'),(620022713,'BIOC2671'),(620022713,'BIOC2983'),(620022713,'ECON2703'),(620022713,'PHYS3354');
INSERT INTO Users VALUES (620022714,'Ben','Shields','BenShields@gmail.com','ShieldsBen');
INSERT INTO Students VALUES (620022714,'UNDERGRAD','01-01-2020');
INSERT INTO Enrolled (u_id,courseCode) VALUES (620022714,'BIOC1485'),(620022714,'ECON1230'),(620022714,'INFO3603');
INSERT INTO Users VALUES (620022715,'Michael','Vanhamlin','MichaelVanhamlin@gmail.com','VanhamlinMichael');
INSERT INTO Students VALUES (620022715,'UNDERGRAD','01-01-2020');
INSERT INTO Enrolled (u_id,courseCode) VALUES (620022715,'COMP1867'),(620022715,'PHYS3464'),(620022715,'INFO2950'),(620022715,'INFO2213'),(620022715,'BIOC1598');
INSERT INTO Users VALUES (620022716,'Mack','Barrett','MackBarrett@gmail.com','BarrettMack');
INSERT INTO Students VALUES (620022716,'UNDERGRAD','01-01-2020');
INSERT INTO Enrolled (u_id,courseCode) VALUES (620022716,'CHEM2005'),(620022716,'MATH3688'),(620022716,'PHYS1993');
INSERT INTO Users VALUES (620022717,'Betty','Hunt','BettyHunt@gmail.com','HuntBetty');
INSERT INTO Students VALUES (620022717,'UNDERGRAD','01-01-2020');
INSERT INTO Enrolled (u_id,courseCode) VALUES (620022717,'ECON3550'),(620022717,'COMP1573'),(620022717,'INFO3935'),(620022717,'ECON2345'),(620022717,'INFO1648'),(620022717,'ECON3447');
INSERT INTO Users VALUES (620022718,'Cassie','Bower','CassieBower@gmail.com','BowerCassie');
INSERT INTO Students VALUES (620022718,'UNDERGRAD','01-01-2020');
INSERT INTO Enrolled (u_id,courseCode) VALUES (620022718,'PHYS1140'),(620022718,'ECON1783'),(620022718,'INFO3868'),(620022718,'PHYS3659'),(620022718,'COMP3173'),(620022718,'MATH2801');
INSERT INTO Users VALUES (620022719,'Linda','Nichols','LindaNichols@gmail.com','NicholsLinda');
INSERT INTO Students VALUES (620022719,'UNDERGRAD','01-01-2020');
INSERT INTO Enrolled (u_id,courseCode) VALUES (620022719,'CHEM3327'),(620022719,'CHEM2066'),(620022719,'BIOC1910');
INSERT INTO Users VALUES (620022720,'Lindsey','Pulley','LindseyPulley@gmail.com','PulleyLindsey');
INSERT INTO Students VALUES (620022720,'UNDERGRAD','01-01-2020');
INSERT INTO Enrolled (u_id,courseCode) VALUES (620022720,'COMP3639'),(620022720,'CHEM3617'),(620022720,'PHYS1173'),(620022720,'ECON1645'),(620022720,'CHEM3054');
INSERT INTO Users VALUES (620022721,'Ethel','Bradford','EthelBradford@gmail.com','BradfordEthel');
INSERT INTO Students VALUES (620022721,'UNDERGRAD','01-01-2020');
INSERT INTO Enrolled (u_id,courseCode) VALUES (620022721,'BIOC1910'),(620022721,'PHYS3464'),(620022721,'INFO2521');
INSERT INTO Users VALUES (620022722,'Louise','Barrett','LouiseBarrett@gmail.com','BarrettLouise');
INSERT INTO Students VALUES (620022722,'UNDERGRAD','01-01-2020');
INSERT INTO Enrolled (u_id,courseCode) VALUES (620022722,'BIOC2589'),(620022722,'COMP3697'),(620022722,'INFO2860'),(620022722,'PHYS1173'),(620022722,'PHYS3686');
INSERT INTO Users VALUES (620022723,'Ashley','Meraz','AshleyMeraz@gmail.com','MerazAshley');
INSERT INTO Students VALUES (620022723,'UNDERGRAD','01-01-2020');
INSERT INTO Enrolled (u_id,courseCode) VALUES (620022723,'BIOC3604'),(620022723,'INFO2811'),(620022723,'CHEM3617'),(620022723,'PHYS3729'),(620022723,'PHYS2238');
INSERT INTO Users VALUES (620022724,'Daisy','Marshall','DaisyMarshall@gmail.com','MarshallDaisy');
INSERT INTO Students VALUES (620022724,'UNDERGRAD','01-01-2020');
INSERT INTO Enrolled (u_id,courseCode) VALUES (620022724,'ECON1498'),(620022724,'MATH3029'),(620022724,'INFO3603'),(620022724,'PHYS3787'),(620022724,'ECON1645'),(620022724,'ECON3281');
INSERT INTO Users VALUES (620022725,'Ethel','Avery','EthelAvery@gmail.com','AveryEthel');
INSERT INTO Students VALUES (620022725,'UNDERGRAD','01-01-2020');
INSERT INTO Enrolled (u_id,courseCode) VALUES (620022725,'COMP3047'),(620022725,'BIOC2236'),(620022725,'PHYS2563'),(620022725,'CHEM3793'),(620022725,'MATH3688');
INSERT INTO Users VALUES (620022726,'Craig','Steinberger','CraigSteinberger@gmail.com','SteinbergerCraig');
INSERT INTO Students VALUES (620022726,'UNDERGRAD','01-01-2020');
INSERT INTO Enrolled (u_id,courseCode) VALUES (620022726,'MATH1262'),(620022726,'BIOC3604'),(620022726,'MATH3844');
INSERT INTO Users VALUES (620022727,'Mildred','Truong','MildredTruong@gmail.com','TruongMildred');
INSERT INTO Students VALUES (620022727,'UNDERGRAD','01-01-2020');
INSERT INTO Enrolled (u_id,courseCode) VALUES (620022727,'BIOC2981'),(620022727,'CHEM2066'),(620022727,'CHEM3614'),(620022727,'MATH2801'),(620022727,'ECON1012');
INSERT INTO Users VALUES (620022728,'Francis','Carrington','FrancisCarrington@gmail.com','CarringtonFrancis');
INSERT INTO Students VALUES (620022728,'UNDERGRAD','01-01-2020');
INSERT INTO Enrolled (u_id,courseCode) VALUES (620022728,'MATH3613'),(620022728,'PHYS2338'),(620022728,'ECON1458'),(620022728,'CHEM2481'),(620022728,'CHEM3409');
INSERT INTO Users VALUES (620022729,'Teresa','Turkus','TeresaTurkus@gmail.com','TurkusTeresa');
INSERT INTO Students VALUES (620022729,'UNDERGRAD','01-01-2020');
INSERT INTO Enrolled (u_id,courseCode) VALUES (620022729,'MATH3222'),(620022729,'CHEM3888'),(620022729,'CHEM3347'),(620022729,'ECON3276'),(620022729,'PHYS2667'),(620022729,'BIOC1910');
INSERT INTO Users VALUES (620022730,'Ruth','Kent','RuthKent@gmail.com','KentRuth');
INSERT INTO Students VALUES (620022730,'UNDERGRAD','01-01-2020');
INSERT INTO Enrolled (u_id,courseCode) VALUES (620022730,'BIOC1725'),(620022730,'COMP1051'),(620022730,'BIOC1866');
INSERT INTO Users VALUES (620022731,'Tony','Citizen','TonyCitizen@gmail.com','CitizenTony');
INSERT INTO Students VALUES (620022731,'UNDERGRAD','01-01-2020');
INSERT INTO Enrolled (u_id,courseCode) VALUES (620022731,'BIOC3604'),(620022731,'COMP3506'),(620022731,'ECON3288');
INSERT INTO Users VALUES (620022732,'Evelyn','Hauser','EvelynHauser@gmail.com','HauserEvelyn');
INSERT INTO Students VALUES (620022732,'UNDERGRAD','01-01-2020');
INSERT INTO Enrolled (u_id,courseCode) VALUES (620022732,'BIOC3721'),(620022732,'ECON3228'),(620022732,'BIOC1439');
INSERT INTO Users VALUES (620022733,'Julius','Jackson','JuliusJackson@gmail.com','JacksonJulius');
INSERT INTO Students VALUES (620022733,'UNDERGRAD','01-01-2020');
INSERT INTO Enrolled (u_id,courseCode) VALUES (620022733,'MATH1638'),(620022733,'CHEM1613'),(620022733,'COMP2717'),(620022733,'ECON3063'),(620022733,'CHEM2727');
INSERT INTO Users VALUES (620022734,'Mary','Sharp','MarySharp@gmail.com','SharpMary');
INSERT INTO Students VALUES (620022734,'UNDERGRAD','01-01-2020');
INSERT INTO Enrolled (u_id,courseCode) VALUES (620022734,'COMP3418'),(620022734,'INFO1145'),(620022734,'CHEM2604'),(620022734,'MATH2957');
INSERT INTO Users VALUES (620022735,'Young','Walden','YoungWalden@gmail.com','WaldenYoung');
INSERT INTO Students VALUES (620022735,'UNDERGRAD','01-01-2020');
INSERT INTO Enrolled (u_id,courseCode) VALUES (620022735,'COMP3849'),(620022735,'BIOC2550'),(620022735,'BIOC2054'),(620022735,'INFO1833'),(620022735,'BIOC1052'),(620022735,'ECON2345');
INSERT INTO Users VALUES (620022736,'Cristina','Quintero','CristinaQuintero@gmail.com','QuinteroCristina');
INSERT INTO Students VALUES (620022736,'UNDERGRAD','01-01-2020');
INSERT INTO Enrolled (u_id,courseCode) VALUES (620022736,'ECON1783'),(620022736,'BIOC1052'),(620022736,'PHYS3339'),(620022736,'INFO3868');
INSERT INTO Users VALUES (620022737,'Nina','Ferretti','NinaFerretti@gmail.com','FerrettiNina');
INSERT INTO Students VALUES (620022737,'UNDERGRAD','01-01-2020');
INSERT INTO Enrolled (u_id,courseCode) VALUES (620022737,'MATH2957'),(620022737,'CHEM2626'),(620022737,'INFO3636');
INSERT INTO Users VALUES (620022738,'Steven','Mattingly','StevenMattingly@gmail.com','MattinglySteven');
INSERT INTO Students VALUES (620022738,'UNDERGRAD','01-01-2020');
INSERT INTO Enrolled (u_id,courseCode) VALUES (620022738,'ECON3288'),(620022738,'INFO2559'),(620022738,'MATH1972');
INSERT INTO Users VALUES (620022739,'Reginald','Robinson','ReginaldRobinson@gmail.com','RobinsonReginald');
INSERT INTO Students VALUES (620022739,'UNDERGRAD','01-01-2020');
INSERT INTO Enrolled (u_id,courseCode) VALUES (620022739,'ECON1170'),(620022739,'ECON3447'),(620022739,'ECON2345'),(620022739,'PHYS1993'),(620022739,'COMP3746'),(620022739,'COMP1573');
INSERT INTO Users VALUES (620022740,'Ruth','Mchenry','RuthMchenry@gmail.com','MchenryRuth');
INSERT INTO Students VALUES (620022740,'UNDERGRAD','01-01-2020');
INSERT INTO Enrolled (u_id,courseCode) VALUES (620022740,'BIOC1448'),(620022740,'BIOC1910'),(620022740,'ECON3288'),(620022740,'INFO2636');
INSERT INTO Users VALUES (620022741,'Brian','Truitt','BrianTruitt@gmail.com','TruittBrian');
INSERT INTO Students VALUES (620022741,'UNDERGRAD','01-01-2020');
INSERT INTO Enrolled (u_id,courseCode) VALUES (620022741,'ECON1561'),(620022741,'MATH1735'),(620022741,'MATH1578'),(620022741,'COMP3418'),(620022741,'BIOC1439');
INSERT INTO Users VALUES (620022742,'Kathy','Valenzuela','KathyValenzuela@gmail.com','ValenzuelaKathy');
INSERT INTO Students VALUES (620022742,'UNDERGRAD','01-01-2020');
INSERT INTO Enrolled (u_id,courseCode) VALUES (620022742,'COMP3849'),(620022742,'INFO2147'),(620022742,'CHEM2727'),(620022742,'CHEM3409');
INSERT INTO Users VALUES (620022743,'Steven','Richardson','StevenRichardson@gmail.com','RichardsonSteven');
INSERT INTO Students VALUES (620022743,'UNDERGRAD','01-01-2020');
INSERT INTO Enrolled (u_id,courseCode) VALUES (620022743,'CHEM2065'),(620022743,'INFO3935'),(620022743,'PHYS2306'),(620022743,'MATH1148');
INSERT INTO Users VALUES (620022744,'Judith','Griffitts','JudithGriffitts@gmail.com','GriffittsJudith');
INSERT INTO Students VALUES (620022744,'UNDERGRAD','01-01-2020');
INSERT INTO Enrolled (u_id,courseCode) VALUES (620022744,'PHYS3290'),(620022744,'BIOC1866'),(620022744,'CHEM1494'),(620022744,'PHYS3339'),(620022744,'COMP3167'),(620022744,'ECON1498');
INSERT INTO Users VALUES (620022745,'Lauren','Petersen','LaurenPetersen@gmail.com','PetersenLauren');
INSERT INTO Students VALUES (620022745,'UNDERGRAD','01-01-2020');
INSERT INTO Enrolled (u_id,courseCode) VALUES (620022745,'INFO2811'),(620022745,'CHEM3409'),(620022745,'COMP2651'),(620022745,'ECON3447'),(620022745,'BIOC2671');
INSERT INTO Users VALUES (620022746,'Hazel','Horth','HazelHorth@gmail.com','HorthHazel');
INSERT INTO Students VALUES (620022746,'UNDERGRAD','01-01-2020');
INSERT INTO Enrolled (u_id,courseCode) VALUES (620022746,'INFO2811'),(620022746,'PHYS3876'),(620022746,'COMP2717'),(620022746,'ECON3311');
INSERT INTO Users VALUES (620022747,'Diane','Pere','DianePere@gmail.com','PereDiane');
INSERT INTO Students VALUES (620022747,'UNDERGRAD','01-01-2020');
INSERT INTO Enrolled (u_id,courseCode) VALUES (620022747,'CHEM2604'),(620022747,'ECON1996'),(620022747,'COMP3746'),(620022747,'CHEM1494'),(620022747,'INFO2270'),(620022747,'BIOC2589');
INSERT INTO Users VALUES (620022748,'Daisy','Johnson','DaisyJohnson@gmail.com','JohnsonDaisy');
INSERT INTO Students VALUES (620022748,'UNDERGRAD','01-01-2020');
INSERT INTO Enrolled (u_id,courseCode) VALUES (620022748,'BIOC1725'),(620022748,'BIOC1794'),(620022748,'PHYS3729'),(620022748,'ECON1230');
INSERT INTO Users VALUES (620022749,'Kathleen','Calder','KathleenCalder@gmail.com','CalderKathleen');
INSERT INTO Students VALUES (620022749,'UNDERGRAD','01-01-2020');
INSERT INTO Enrolled (u_id,courseCode) VALUES (620022749,'CHEM2065'),(620022749,'COMP2965'),(620022749,'ECON3550'),(620022749,'BIOC1448');
INSERT INTO Users VALUES (620022750,'Ruby','Nunn','RubyNunn@gmail.com','NunnRuby');
INSERT INTO Students VALUES (620022750,'UNDERGRAD','01-01-2020');
INSERT INTO Enrolled (u_id,courseCode) VALUES (620022750,'COMP3746'),(620022750,'CHEM2066'),(620022750,'CHEM2797'),(620022750,'ECON3737'),(620022750,'CHEM2867');
INSERT INTO Users VALUES (620022751,'Bernie','Wright','BernieWright@gmail.com','WrightBernie');
INSERT INTO Students VALUES (620022751,'UNDERGRAD','01-01-2020');
INSERT INTO Enrolled (u_id,courseCode) VALUES (620022751,'MATH2188'),(620022751,'PHYS2977'),(620022751,'BIOC2671'),(620022751,'MATH1972'),(620022751,'PHYS3787'),(620022751,'PHYS3876');
INSERT INTO Users VALUES (620022752,'Benjamin','Jeanbaptiste','BenjaminJeanbaptiste@gmail.com','JeanbaptisteBenjamin');
INSERT INTO Students VALUES (620022752,'UNDERGRAD','01-01-2020');
INSERT INTO Enrolled (u_id,courseCode) VALUES (620022752,'COMP2361'),(620022752,'PHYS1399'),(620022752,'COMP1543'),(620022752,'MATH1454'),(620022752,'COMP3697'),(620022752,'MATH3209');
INSERT INTO Users VALUES (620022753,'Tim','Lindstrom','TimLindstrom@gmail.com','LindstromTim');
INSERT INTO Students VALUES (620022753,'UNDERGRAD','01-01-2020');
INSERT INTO Enrolled (u_id,courseCode) VALUES (620022753,'PHYS2977'),(620022753,'BIOC1485'),(620022753,'COMP3746'),(620022753,'BIOC2236'),(620022753,'CHEM3614');
INSERT INTO Users VALUES (620022754,'Jeffrey','Garrett','JeffreyGarrett@gmail.com','GarrettJeffrey');
INSERT INTO Students VALUES (620022754,'UNDERGRAD','01-01-2020');
INSERT INTO Enrolled (u_id,courseCode) VALUES (620022754,'PHYS3052'),(620022754,'BIOC1794'),(620022754,'CHEM2446');
INSERT INTO Users VALUES (620022755,'Vernon','Winner','VernonWinner@gmail.com','WinnerVernon');
INSERT INTO Students VALUES (620022755,'UNDERGRAD','01-01-2020');
INSERT INTO Enrolled (u_id,courseCode) VALUES (620022755,'BIOC3191'),(620022755,'ECON1230'),(620022755,'CHEM3327');
INSERT INTO Users VALUES (620022756,'Lauren','Walden','LaurenWalden@gmail.com','WaldenLauren');
INSERT INTO Students VALUES (620022756,'UNDERGRAD','01-01-2020');
INSERT INTO Enrolled (u_id,courseCode) VALUES (620022756,'COMP3238'),(620022756,'ECON2722'),(620022756,'INFO2860'),(620022756,'COMP3506');
INSERT INTO Users VALUES (620022757,'Jeremy','Christinsen','JeremyChristinsen@gmail.com','ChristinsenJeremy');
INSERT INTO Students VALUES (620022757,'UNDERGRAD','01-01-2020');
INSERT INTO Enrolled (u_id,courseCode) VALUES (620022757,'MATH3844'),(620022757,'MATH1454'),(620022757,'MATH3173'),(620022757,'INFO2716'),(620022757,'CHEM3327');
INSERT INTO Users VALUES (620022758,'Vanessa','Santos','VanessaSantos@gmail.com','SantosVanessa');
INSERT INTO Students VALUES (620022758,'UNDERGRAD','01-01-2020');
INSERT INTO Enrolled (u_id,courseCode) VALUES (620022758,'COMP1184'),(620022758,'MATH3059'),(620022758,'BIOC1598'),(620022758,'INFO2811'),(620022758,'ECON1589');
INSERT INTO Users VALUES (620022759,'Denise','Chan','DeniseChan@gmail.com','ChanDenise');
INSERT INTO Students VALUES (620022759,'UNDERGRAD','01-01-2020');
INSERT INTO Enrolled (u_id,courseCode) VALUES (620022759,'BIOC2589'),(620022759,'PHYS2563'),(620022759,'CHEM1485'),(620022759,'INFO1288');
INSERT INTO Users VALUES (620022760,'Adelle','Morey','AdelleMorey@gmail.com','MoreyAdelle');
INSERT INTO Students VALUES (620022760,'UNDERGRAD','01-01-2020');
INSERT INTO Enrolled (u_id,courseCode) VALUES (620022760,'ECON3063'),(620022760,'MATH1250'),(620022760,'INFO3868');
INSERT INTO Users VALUES (620022761,'Martin','May','MartinMay@gmail.com','MayMartin');
INSERT INTO Students VALUES (620022761,'UNDERGRAD','01-01-2020');
INSERT INTO Enrolled (u_id,courseCode) VALUES (620022761,'MATH3059'),(620022761,'ECON3989'),(620022761,'BIOC1164'),(620022761,'BIOC2671'),(620022761,'BIOC2236'),(620022761,'COMP2541');
INSERT INTO Users VALUES (620022762,'Marjorie','Atkins','MarjorieAtkins@gmail.com','AtkinsMarjorie');
INSERT INTO Students VALUES (620022762,'UNDERGRAD','01-01-2020');
INSERT INTO Enrolled (u_id,courseCode) VALUES (620022762,'ECON1498'),(620022762,'COMP2077'),(620022762,'ECON1561');
INSERT INTO Users VALUES (620022763,'Aaron','Chappell','AaronChappell@gmail.com','ChappellAaron');
INSERT INTO Students VALUES (620022763,'UNDERGRAD','01-01-2020');
INSERT INTO Enrolled (u_id,courseCode) VALUES (620022763,'MATH1454'),(620022763,'CHEM3793'),(620022763,'MATH1262'),(620022763,'MATH3179');
INSERT INTO Users VALUES (620022764,'Leticia','Uribe','LeticiaUribe@gmail.com','UribeLeticia');
INSERT INTO Students VALUES (620022764,'UNDERGRAD','01-01-2020');
INSERT INTO Enrolled (u_id,courseCode) VALUES (620022764,'COMP3536'),(620022764,'BIOC1485'),(620022764,'CHEM1494'),(620022764,'MATH2501'),(620022764,'PHYS1140'),(620022764,'INFO3603');
INSERT INTO Users VALUES (620022765,'Clarence','Lowrey','ClarenceLowrey@gmail.com','LowreyClarence');
INSERT INTO Students VALUES (620022765,'UNDERGRAD','01-01-2020');
INSERT INTO Enrolled (u_id,courseCode) VALUES (620022765,'BIOC1164'),(620022765,'MATH3222'),(620022765,'MATH2801'),(620022765,'BIOC1448'),(620022765,'INFO3603'),(620022765,'MATH1454');
INSERT INTO Users VALUES (620022766,'Rhonda','Carlos','RhondaCarlos@gmail.com','CarlosRhonda');
INSERT INTO Students VALUES (620022766,'UNDERGRAD','01-01-2020');
INSERT INTO Enrolled (u_id,courseCode) VALUES (620022766,'CHEM2005'),(620022766,'CHEM1494'),(620022766,'INFO1990');
INSERT INTO Users VALUES (620022767,'Sadie','Washinski','SadieWashinski@gmail.com','WashinskiSadie');
INSERT INTO Students VALUES (620022767,'UNDERGRAD','01-01-2020');
INSERT INTO Enrolled (u_id,courseCode) VALUES (620022767,'COMP2541'),(620022767,'MATH1454'),(620022767,'ECON3447'),(620022767,'MATH2555'),(620022767,'BIOC2981');
INSERT INTO Users VALUES (620022768,'Sam','Garrett','SamGarrett@gmail.com','GarrettSam');
INSERT INTO Students VALUES (620022768,'UNDERGRAD','01-01-2020');
INSERT INTO Enrolled (u_id,courseCode) VALUES (620022768,'PHYS2113'),(620022768,'BIOC2054'),(620022768,'PHYS1979'),(620022768,'PHYS1140'),(620022768,'INFO1833'),(620022768,'MATH2188');
INSERT INTO Users VALUES (620022769,'Mark','Flemming','MarkFlemming@gmail.com','FlemmingMark');
INSERT INTO Students VALUES (620022769,'UNDERGRAD','01-01-2020');
INSERT INTO Enrolled (u_id,courseCode) VALUES (620022769,'PHYS1399'),(620022769,'INFO2270'),(620022769,'MATH2067'),(620022769,'COMP3047'),(620022769,'INFO2636'),(620022769,'INFO2716');
INSERT INTO Users VALUES (620022770,'Geraldine','Vanwyck','GeraldineVanwyck@gmail.com','VanwyckGeraldine');
INSERT INTO Students VALUES (620022770,'UNDERGRAD','01-01-2020');
INSERT INTO Enrolled (u_id,courseCode) VALUES (620022770,'PHYS2113'),(620022770,'MATH1454'),(620022770,'COMP2077'),(620022770,'PHYS3354'),(620022770,'PHYS1399');
INSERT INTO Users VALUES (620022771,'Melvin','Steinbach','MelvinSteinbach@gmail.com','SteinbachMelvin');
INSERT INTO Students VALUES (620022771,'UNDERGRAD','01-01-2020');
INSERT INTO Enrolled (u_id,courseCode) VALUES (620022771,'PHYS2238'),(620022771,'BIOC3604'),(620022771,'MATH2555'),(620022771,'MATH2717');
INSERT INTO Users VALUES (620022772,'Suzanne','Miraglia','SuzanneMiraglia@gmail.com','MiragliaSuzanne');
INSERT INTO Students VALUES (620022772,'UNDERGRAD','01-01-2020');
INSERT INTO Enrolled (u_id,courseCode) VALUES (620022772,'CHEM3054'),(620022772,'INFO1288'),(620022772,'MATH3173'),(620022772,'PHYS3729'),(620022772,'INFO3868'),(620022772,'MATH1262');
INSERT INTO Users VALUES (620022773,'Margaret','Petty','MargaretPetty@gmail.com','PettyMargaret');
INSERT INTO Students VALUES (620022773,'UNDERGRAD','01-01-2020');
INSERT INTO Enrolled (u_id,courseCode) VALUES (620022773,'BIOC2981'),(620022773,'INFO2521'),(620022773,'BIOC2550'),(620022773,'PHYS3659'),(620022773,'BIOC2054'),(620022773,'MATH1638');
INSERT INTO Users VALUES (620022774,'Clyde','Tate','ClydeTate@gmail.com','TateClyde');
INSERT INTO Students VALUES (620022774,'UNDERGRAD','01-01-2020');
INSERT INTO Enrolled (u_id,courseCode) VALUES (620022774,'CHEM3327'),(620022774,'COMP3047'),(620022774,'PHYS3729'),(620022774,'PHYS2238');
INSERT INTO Users VALUES (620022775,'Earl','Truong','EarlTruong@gmail.com','TruongEarl');
INSERT INTO Students VALUES (620022775,'UNDERGRAD','01-01-2020');
INSERT INTO Enrolled (u_id,courseCode) VALUES (620022775,'PHYS2977'),(620022775,'CHEM1340'),(620022775,'CHEM3347');
INSERT INTO Users VALUES (620022776,'Clifford','Rankin','CliffordRankin@gmail.com','RankinClifford');
INSERT INTO Students VALUES (620022776,'UNDERGRAD','01-01-2020');
INSERT INTO Enrolled (u_id,courseCode) VALUES (620022776,'BIOC3604'),(620022776,'COMP2361'),(620022776,'PHYS2451'),(620022776,'BIOC3721'),(620022776,'CHEM2005'),(620022776,'MATH2188');
INSERT INTO Users VALUES (620022777,'Erin','Schilling','ErinSchilling@gmail.com','SchillingErin');
INSERT INTO Students VALUES (620022777,'UNDERGRAD','01-01-2020');
INSERT INTO Enrolled (u_id,courseCode) VALUES (620022777,'INFO2811'),(620022777,'INFO3419'),(620022777,'BIOC2236'),(620022777,'INFO2337');
INSERT INTO Users VALUES (620022778,'Patricia','Campbell','PatriciaCampbell@gmail.com','CampbellPatricia');
INSERT INTO Students VALUES (620022778,'UNDERGRAD','01-01-2020');
INSERT INTO Enrolled (u_id,courseCode) VALUES (620022778,'PHYS2451'),(620022778,'INFO1242'),(620022778,'COMP2077'),(620022778,'COMP3084'),(620022778,'ECON3288'),(620022778,'BIOC3721');
INSERT INTO Users VALUES (620022779,'Gary','Tallent','GaryTallent@gmail.com','TallentGary');
INSERT INTO Students VALUES (620022779,'UNDERGRAD','01-01-2020');
INSERT INTO Enrolled (u_id,courseCode) VALUES (620022779,'BIOC1164'),(620022779,'COMP1460'),(620022779,'MATH3544'),(620022779,'COMP3167'),(620022779,'ECON3989'),(620022779,'MATH3173');
INSERT INTO Users VALUES (620022780,'Nicole','Knaub','NicoleKnaub@gmail.com','KnaubNicole');
INSERT INTO Students VALUES (620022780,'UNDERGRAD','01-01-2020');
INSERT INTO Enrolled (u_id,courseCode) VALUES (620022780,'MATH3544'),(620022780,'MATH2801'),(620022780,'PHYS3729'),(620022780,'CHEM1494'),(620022780,'ECON1230');
INSERT INTO Users VALUES (620022781,'Rodney','Joaquin','RodneyJoaquin@gmail.com','JoaquinRodney');
INSERT INTO Students VALUES (620022781,'UNDERGRAD','01-01-2020');
INSERT INTO Enrolled (u_id,courseCode) VALUES (620022781,'MATH3179'),(620022781,'COMP3506'),(620022781,'ECON1098');
INSERT INTO Users VALUES (620022782,'Kenneth','Dunn','KennethDunn@gmail.com','DunnKenneth');
INSERT INTO Students VALUES (620022782,'UNDERGRAD','01-01-2020');
INSERT INTO Enrolled (u_id,courseCode) VALUES (620022782,'MATH3857'),(620022782,'COMP3746'),(620022782,'COMP2717'),(620022782,'CHEM2604'),(620022782,'CHEM2481');
INSERT INTO Users VALUES (620022783,'Mildred','Terry','MildredTerry@gmail.com','TerryMildred');
INSERT INTO Students VALUES (620022783,'UNDERGRAD','01-01-2020');
INSERT INTO Enrolled (u_id,courseCode) VALUES (620022783,'ECON3550'),(620022783,'MATH3844'),(620022783,'ECON2814'),(620022783,'COMP3173'),(620022783,'PHYS3464');
INSERT INTO Users VALUES (620022784,'Rebecca','Steinberger','RebeccaSteinberger@gmail.com','SteinbergerRebecca');
INSERT INTO Students VALUES (620022784,'UNDERGRAD','01-01-2020');
INSERT INTO Enrolled (u_id,courseCode) VALUES (620022784,'COMP1543'),(620022784,'MATH3544'),(620022784,'CHEM1485'),(620022784,'PHYS3659'),(620022784,'ECON3372');
INSERT INTO Users VALUES (620022785,'Randall','Alexander','RandallAlexander@gmail.com','AlexanderRandall');
INSERT INTO Students VALUES (620022785,'UNDERGRAD','01-01-2020');
INSERT INTO Enrolled (u_id,courseCode) VALUES (620022785,'PHYS3729'),(620022785,'COMP1543'),(620022785,'INFO2147');
INSERT INTO Users VALUES (620022786,'Cassie','Lowry','CassieLowry@gmail.com','LowryCassie');
INSERT INTO Students VALUES (620022786,'UNDERGRAD','01-01-2020');
INSERT INTO Enrolled (u_id,courseCode) VALUES (620022786,'BIOC1986'),(620022786,'ECON3372'),(620022786,'INFO1990'),(620022786,'PHYS2451'),(620022786,'MATH1972'),(620022786,'CHEM3888');
INSERT INTO Users VALUES (620022787,'Rhoda','Braun','RhodaBraun@gmail.com','BraunRhoda');
INSERT INTO Students VALUES (620022787,'UNDERGRAD','01-01-2020');
INSERT INTO Enrolled (u_id,courseCode) VALUES (620022787,'BIOC3341'),(620022787,'CHEM2446'),(620022787,'PHYS3686'),(620022787,'MATH3173'),(620022787,'COMP3697'),(620022787,'CHEM3747');
INSERT INTO Users VALUES (620022788,'Susan','Eaton','SusanEaton@gmail.com','EatonSusan');
INSERT INTO Students VALUES (620022788,'UNDERGRAD','01-01-2020');
INSERT INTO Enrolled (u_id,courseCode) VALUES (620022788,'MATH3059'),(620022788,'ECON1645'),(620022788,'PHYS1173'),(620022788,'MATH2188'),(620022788,'COMP2400'),(620022788,'MATH1309');
INSERT INTO Users VALUES (620022789,'Christina','Mchenry','ChristinaMchenry@gmail.com','MchenryChristina');
INSERT INTO Students VALUES (620022789,'UNDERGRAD','01-01-2020');
INSERT INTO Enrolled (u_id,courseCode) VALUES (620022789,'INFO3636'),(620022789,'COMP1460'),(620022789,'CHEM2177'),(620022789,'INFO2716'),(620022789,'COMP3685');
INSERT INTO Users VALUES (620022790,'Juan','Hernandez','JuanHernandez@gmail.com','HernandezJuan');
INSERT INTO Students VALUES (620022790,'UNDERGRAD','01-01-2020');
INSERT INTO Enrolled (u_id,courseCode) VALUES (620022790,'COMP1573'),(620022790,'ECON1645'),(620022790,'BIOC2236'),(620022790,'BIOC1598');
INSERT INTO Users VALUES (620022791,'David','Hoffman','DavidHoffman@gmail.com','HoffmanDavid');
INSERT INTO Students VALUES (620022791,'UNDERGRAD','01-01-2020');
INSERT INTO Enrolled (u_id,courseCode) VALUES (620022791,'ECON2387'),(620022791,'ECON1589'),(620022791,'MATH3857'),(620022791,'PHYS2667'),(620022791,'BIOC3457');
INSERT INTO Users VALUES (620022792,'Earl','Baptiste','EarlBaptiste@gmail.com','BaptisteEarl');
INSERT INTO Students VALUES (620022792,'UNDERGRAD','01-01-2020');
INSERT INTO Enrolled (u_id,courseCode) VALUES (620022792,'ECON1645'),(620022792,'PHYS1399'),(620022792,'ECON2387'),(620022792,'INFO2950'),(620022792,'COMP2400');
INSERT INTO Users VALUES (620022793,'Latoya','Cummings','LatoyaCummings@gmail.com','CummingsLatoya');
INSERT INTO Students VALUES (620022793,'UNDERGRAD','01-01-2020');
INSERT INTO Enrolled (u_id,courseCode) VALUES (620022793,'INFO2950'),(620022793,'PHYS3052'),(620022793,'PHYS3354'),(620022793,'ECON1996'),(620022793,'PHYS1173');
INSERT INTO Users VALUES (620022794,'Clifford','Colley','CliffordColley@gmail.com','ColleyClifford');
INSERT INTO Students VALUES (620022794,'UNDERGRAD','01-01-2020');
INSERT INTO Enrolled (u_id,courseCode) VALUES (620022794,'MATH1454'),(620022794,'CHEM2177'),(620022794,'ECON1996');
INSERT INTO Users VALUES (620022795,'Charlotte','Miller','CharlotteMiller@gmail.com','MillerCharlotte');
INSERT INTO Students VALUES (620022795,'UNDERGRAD','01-01-2020');
INSERT INTO Enrolled (u_id,courseCode) VALUES (620022795,'CHEM2065'),(620022795,'CHEM2031'),(620022795,'ECON3228');
INSERT INTO Users VALUES (620022796,'Louis','Jones','LouisJones@gmail.com','JonesLouis');
INSERT INTO Students VALUES (620022796,'UNDERGRAD','01-01-2020');
INSERT INTO Enrolled (u_id,courseCode) VALUES (620022796,'BIOC2054'),(620022796,'INFO2521'),(620022796,'ECON3737'),(620022796,'COMP1867'),(620022796,'COMP2965');
INSERT INTO Users VALUES (620022797,'Tony','Barnett','TonyBarnett@gmail.com','BarnettTony');
INSERT INTO Students VALUES (620022797,'UNDERGRAD','01-01-2020');
INSERT INTO Enrolled (u_id,courseCode) VALUES (620022797,'ECON3063'),(620022797,'ECON3281'),(620022797,'INFO3935');
INSERT INTO Users VALUES (620022798,'Frances','Dumas','FrancesDumas@gmail.com','DumasFrances');
INSERT INTO Students VALUES (620022798,'UNDERGRAD','01-01-2020');
INSERT INTO Enrolled (u_id,courseCode) VALUES (620022798,'CHEM2446'),(620022798,'COMP3639'),(620022798,'BIOC3341');
INSERT INTO Users VALUES (620022799,'Alfred','Ferretti','AlfredFerretti@gmail.com','FerrettiAlfred');
INSERT INTO Students VALUES (620022799,'UNDERGRAD','01-01-2020');
INSERT INTO Enrolled (u_id,courseCode) VALUES (620022799,'ECON3447'),(620022799,'BIOC1794'),(620022799,'PHYS3339');
INSERT INTO Users VALUES (620022800,'Dwight','Marshall','DwightMarshall@gmail.com','MarshallDwight');
INSERT INTO Students VALUES (620022800,'UNDERGRAD','01-01-2020');
INSERT INTO Enrolled (u_id,courseCode) VALUES (620022800,'INFO2716'),(620022800,'ECON2814'),(620022800,'MATH2188'),(620022800,'COMP1184'),(620022800,'BIOC2589'),(620022800,'INFO1014');
INSERT INTO Users VALUES (620022801,'Jake','Pelletier','JakePelletier@gmail.com','PelletierJake');
INSERT INTO Students VALUES (620022801,'UNDERGRAD','01-01-2020');
INSERT INTO Enrolled (u_id,courseCode) VALUES (620022801,'BIOC1164'),(620022801,'ECON1230'),(620022801,'COMP3167'),(620022801,'ECON3004'),(620022801,'INFO3935');
INSERT INTO Users VALUES (620022802,'Stanley','Sandlin','StanleySandlin@gmail.com','SandlinStanley');
INSERT INTO Students VALUES (620022802,'UNDERGRAD','01-01-2020');
INSERT INTO Enrolled (u_id,courseCode) VALUES (620022802,'PHYS1979'),(620022802,'ECON1645'),(620022802,'CHEM2867');
INSERT INTO Users VALUES (620022803,'Doris','Lindstrom','DorisLindstrom@gmail.com','LindstromDoris');
INSERT INTO Students VALUES (620022803,'UNDERGRAD','01-01-2020');
INSERT INTO Enrolled (u_id,courseCode) VALUES (620022803,'CHEM2867'),(620022803,'MATH3844'),(620022803,'MATH1578');
INSERT INTO Users VALUES (620022804,'Bernard','Flowers','BernardFlowers@gmail.com','FlowersBernard');
INSERT INTO Students VALUES (620022804,'UNDERGRAD','01-01-2020');
INSERT INTO Enrolled (u_id,courseCode) VALUES (620022804,'ECON1589'),(620022804,'COMP2717'),(620022804,'CHEM3409'),(620022804,'BIOC1744'),(620022804,'PHYS3686');
INSERT INTO Users VALUES (620022805,'Walter','Hauser','WalterHauser@gmail.com','HauserWalter');
INSERT INTO Students VALUES (620022805,'UNDERGRAD','01-01-2020');
INSERT INTO Enrolled (u_id,courseCode) VALUES (620022805,'INFO1648'),(620022805,'INFO3645'),(620022805,'PHYS3876'),(620022805,'PHYS1979'),(620022805,'BIOC1910'),(620022805,'MATH2501');
INSERT INTO Users VALUES (620022806,'Brooke','Hunter','BrookeHunter@gmail.com','HunterBrooke');
INSERT INTO Students VALUES (620022806,'UNDERGRAD','01-01-2020');
INSERT INTO Enrolled (u_id,courseCode) VALUES (620022806,'COMP2080'),(620022806,'PHYS1140'),(620022806,'INFO1288'),(620022806,'MATH1309');
INSERT INTO Users VALUES (620022807,'Randall','Vanwyck','RandallVanwyck@gmail.com','VanwyckRandall');
INSERT INTO Students VALUES (620022807,'UNDERGRAD','01-01-2020');
INSERT INTO Enrolled (u_id,courseCode) VALUES (620022807,'ECON3063'),(620022807,'MATH2873'),(620022807,'PHYS3354'),(620022807,'CHEM2031');
INSERT INTO Users VALUES (620022808,'Thomas','Lamar','ThomasLamar@gmail.com','LamarThomas');
INSERT INTO Students VALUES (620022808,'UNDERGRAD','01-01-2020');
INSERT INTO Enrolled (u_id,courseCode) VALUES (620022808,'INFO3645'),(620022808,'CHEM2177'),(620022808,'ECON3989'),(620022808,'INFO1145');
INSERT INTO Users VALUES (620022809,'Tanya','Garrett','TanyaGarrett@gmail.com','GarrettTanya');
INSERT INTO Students VALUES (620022809,'UNDERGRAD','01-01-2020');
INSERT INTO Enrolled (u_id,courseCode) VALUES (620022809,'INFO1833'),(620022809,'MATH3173'),(620022809,'CHEM1485'),(620022809,'CHEM1494'),(620022809,'ECON1498');
INSERT INTO Users VALUES (620022810,'Freddie','Robertson','FreddieRobertson@gmail.com','RobertsonFreddie');
INSERT INTO Students VALUES (620022810,'UNDERGRAD','01-01-2020');
INSERT INTO Enrolled (u_id,courseCode) VALUES (620022810,'PHYS1173'),(620022810,'BIOC1439'),(620022810,'COMP2080');
INSERT INTO Users VALUES (620022811,'Esmeralda','Chatcho','EsmeraldaChatcho@gmail.com','ChatchoEsmeralda');
INSERT INTO Students VALUES (620022811,'UNDERGRAD','01-01-2020');
INSERT INTO Enrolled (u_id,courseCode) VALUES (620022811,'COMP2077'),(620022811,'CHEM3409'),(620022811,'INFO1648'),(620022811,'COMP3536'),(620022811,'COMP3685'),(620022811,'ECON2703');
INSERT INTO Users VALUES (620022812,'Hector','Sniezek','HectorSniezek@gmail.com','SniezekHector');
INSERT INTO Students VALUES (620022812,'UNDERGRAD','01-01-2020');
INSERT INTO Enrolled (u_id,courseCode) VALUES (620022812,'INFO2860'),(620022812,'INFO2813'),(620022812,'BIOC3191'),(620022812,'PHYS2667');
INSERT INTO Users VALUES (620022813,'Celia','Petty','CeliaPetty@gmail.com','PettyCelia');
INSERT INTO Students VALUES (620022813,'UNDERGRAD','01-01-2020');
INSERT INTO Enrolled (u_id,courseCode) VALUES (620022813,'PHYS3659'),(620022813,'MATH3613'),(620022813,'PHYS3464'),(620022813,'MATH1309'),(620022813,'MATH3179'),(620022813,'COMP3697');
INSERT INTO Users VALUES (620022814,'Margaret','Davis','MargaretDavis@gmail.com','DavisMargaret');
INSERT INTO Students VALUES (620022814,'UNDERGRAD','01-01-2020');
INSERT INTO Enrolled (u_id,courseCode) VALUES (620022814,'COMP3639'),(620022814,'BIOC1104'),(620022814,'COMP3536');
INSERT INTO Users VALUES (620022815,'Francisca','Lundholm','FranciscaLundholm@gmail.com','LundholmFrancisca');
INSERT INTO Students VALUES (620022815,'UNDERGRAD','01-01-2020');
INSERT INTO Enrolled (u_id,courseCode) VALUES (620022815,'CHEM2727'),(620022815,'INFO2813'),(620022815,'INFO3935');
INSERT INTO Users VALUES (620022816,'Gilbert','Tate','GilbertTate@gmail.com','TateGilbert');
INSERT INTO Students VALUES (620022816,'UNDERGRAD','01-01-2020');
INSERT INTO Enrolled (u_id,courseCode) VALUES (620022816,'MATH1454'),(620022816,'INFO3603'),(620022816,'BIOC2981');
INSERT INTO Users VALUES (620022817,'Clyde','Noonan','ClydeNoonan@gmail.com','NoonanClyde');
INSERT INTO Students VALUES (620022817,'UNDERGRAD','01-01-2020');
INSERT INTO Enrolled (u_id,courseCode) VALUES (620022817,'PHYS1930'),(620022817,'COMP1184'),(620022817,'INFO1145'),(620022817,'CHEM2481'),(620022817,'BIOC1986');
INSERT INTO Users VALUES (620022818,'Melanie','Garrett','MelanieGarrett@gmail.com','GarrettMelanie');
INSERT INTO Students VALUES (620022818,'UNDERGRAD','01-01-2020');
INSERT INTO Enrolled (u_id,courseCode) VALUES (620022818,'INFO1242'),(620022818,'ECON3989'),(620022818,'MATH3173'),(620022818,'BIOC2236');
INSERT INTO Users VALUES (620022819,'Adam','Bowerman','AdamBowerman@gmail.com','BowermanAdam');
INSERT INTO Students VALUES (620022819,'UNDERGRAD','01-01-2020');
INSERT INTO Enrolled (u_id,courseCode) VALUES (620022819,'INFO3419'),(620022819,'ECON2703'),(620022819,'MATH1735'),(620022819,'COMP3418'),(620022819,'COMP1184'),(620022819,'MATH3209');
INSERT INTO Users VALUES (620022820,'Wilbur','Colley','WilburColley@gmail.com','ColleyWilbur');
INSERT INTO Students VALUES (620022820,'UNDERGRAD','01-01-2020');
INSERT INTO Enrolled (u_id,courseCode) VALUES (620022820,'CHEM2626'),(620022820,'BIOC1986'),(620022820,'MATH3059'),(620022820,'COMP2361'),(620022820,'PHYS2113'),(620022820,'INFO2860');
INSERT INTO Users VALUES (620022821,'Cassie','Truitt','CassieTruitt@gmail.com','TruittCassie');
INSERT INTO Students VALUES (620022821,'UNDERGRAD','01-01-2020');
INSERT INTO Enrolled (u_id,courseCode) VALUES (620022821,'BIOC3457'),(620022821,'BIOC2983'),(620022821,'CHEM2626'),(620022821,'CHEM2177'),(620022821,'CHEM2065'),(620022821,'MATH1735');
INSERT INTO Users VALUES (620022822,'Blake','Shattuck','BlakeShattuck@gmail.com','ShattuckBlake');
INSERT INTO Students VALUES (620022822,'UNDERGRAD','01-01-2020');
INSERT INTO Enrolled (u_id,courseCode) VALUES (620022822,'PHYS2977'),(620022822,'BIOC2671'),(620022822,'COMP1184'),(620022822,'MATH1262'),(620022822,'BIOC1598'),(620022822,'ECON1458');
INSERT INTO Users VALUES (620022823,'Cynthia','Tallent','CynthiaTallent@gmail.com','TallentCynthia');
INSERT INTO Students VALUES (620022823,'UNDERGRAD','01-01-2020');
INSERT INTO Enrolled (u_id,courseCode) VALUES (620022823,'PHYS2451'),(620022823,'CHEM2797'),(620022823,'MATH1972'),(620022823,'INFO3645');
INSERT INTO Users VALUES (620022824,'Frankie','Blackwell','FrankieBlackwell@gmail.com','BlackwellFrankie');
INSERT INTO Students VALUES (620022824,'UNDERGRAD','01-01-2020');
INSERT INTO Enrolled (u_id,courseCode) VALUES (620022824,'COMP2965'),(620022824,'ECON2345'),(620022824,'MATH1735'),(620022824,'ECON1783'),(620022824,'CHEM3617'),(620022824,'INFO2337');
INSERT INTO Users VALUES (620022825,'Lauren','Congdon','LaurenCongdon@gmail.com','CongdonLauren');
INSERT INTO Students VALUES (620022825,'UNDERGRAD','01-01-2020');
INSERT INTO Enrolled (u_id,courseCode) VALUES (620022825,'BIOC1598'),(620022825,'COMP2651'),(620022825,'ECON1645'),(620022825,'MATH2550');
INSERT INTO Users VALUES (620022826,'Denise','Larry','DeniseLarry@gmail.com','LarryDenise');
INSERT INTO Students VALUES (620022826,'UNDERGRAD','01-01-2020');
INSERT INTO Enrolled (u_id,courseCode) VALUES (620022826,'PHYS3729'),(620022826,'BIOC2589'),(620022826,'COMP3639'),(620022826,'INFO1990'),(620022826,'CHEM2697'),(620022826,'BIOC3230');
INSERT INTO Users VALUES (620022827,'Marshall','Dumas','MarshallDumas@gmail.com','DumasMarshall');
INSERT INTO Students VALUES (620022827,'UNDERGRAD','01-01-2020');
INSERT INTO Enrolled (u_id,courseCode) VALUES (620022827,'PHYS3686'),(620022827,'PHYS2117'),(620022827,'INFO1833'),(620022827,'MATH3544'),(620022827,'MATH1972'),(620022827,'COMP2541');
INSERT INTO Users VALUES (620022828,'Bethany','Watson','BethanyWatson@gmail.com','WatsonBethany');
INSERT INTO Students VALUES (620022828,'UNDERGRAD','01-01-2020');
INSERT INTO Enrolled (u_id,courseCode) VALUES (620022828,'INFO2860'),(620022828,'BIOC1598'),(620022828,'MATH2717'),(620022828,'INFO3868'),(620022828,'COMP3084'),(620022828,'COMP1184');
INSERT INTO Users VALUES (620022829,'Nina','Shields','NinaShields@gmail.com','ShieldsNina');
INSERT INTO Students VALUES (620022829,'UNDERGRAD','01-01-2020');
INSERT INTO Enrolled (u_id,courseCode) VALUES (620022829,'PHYS1399'),(620022829,'COMP2077'),(620022829,'MATH3613'),(620022829,'BIOC3604'),(620022829,'ECON2387');
INSERT INTO Users VALUES (620022830,'Jesus','Gillman','JesusGillman@gmail.com','GillmanJesus');
INSERT INTO Students VALUES (620022830,'UNDERGRAD','01-01-2020');
INSERT INTO Enrolled (u_id,courseCode) VALUES (620022830,'BIOC1910'),(620022830,'INFO2147'),(620022830,'COMP3746'),(620022830,'MATH2188'),(620022830,'CHEM3617'),(620022830,'MATH3173');
INSERT INTO Users VALUES (620022831,'Jason','Sniezek','JasonSniezek@gmail.com','SniezekJason');
INSERT INTO Students VALUES (620022831,'UNDERGRAD','01-01-2020');
INSERT INTO Enrolled (u_id,courseCode) VALUES (620022831,'COMP2541'),(620022831,'ECON3737'),(620022831,'ECON2703'),(620022831,'CHEM2005');
INSERT INTO Users VALUES (620022832,'Danielle','Porter','DaniellePorter@gmail.com','PorterDanielle');
INSERT INTO Students VALUES (620022832,'UNDERGRAD','01-01-2020');
INSERT INTO Enrolled (u_id,courseCode) VALUES (620022832,'CHEM2727'),(620022832,'BIOC1598'),(620022832,'ECON3737'),(620022832,'INFO1145'),(620022832,'PHYS3354');
INSERT INTO Users VALUES (620022833,'Susan','Laudat','SusanLaudat@gmail.com','LaudatSusan');
INSERT INTO Students VALUES (620022833,'UNDERGRAD','01-01-2020');
INSERT INTO Enrolled (u_id,courseCode) VALUES (620022833,'CHEM3747'),(620022833,'INFO1825'),(620022833,'BIOC2550');
INSERT INTO Users VALUES (620022834,'Eugene','Hunter','EugeneHunter@gmail.com','HunterEugene');
INSERT INTO Students VALUES (620022834,'UNDERGRAD','01-01-2020');
INSERT INTO Enrolled (u_id,courseCode) VALUES (620022834,'ECON1458'),(620022834,'ECON3523'),(620022834,'COMP2965'),(620022834,'CHEM2797'),(620022834,'INFO3636');
INSERT INTO Users VALUES (620022835,'Dorothy','Oconnell','DorothyOconnell@gmail.com','OconnellDorothy');
INSERT INTO Students VALUES (620022835,'UNDERGRAD','01-01-2020');
INSERT INTO Enrolled (u_id,courseCode) VALUES (620022835,'PHYS2229'),(620022835,'COMP2717'),(620022835,'CHEM3054'),(620022835,'ECON1012'),(620022835,'COMP2077');
INSERT INTO Users VALUES (620022836,'Rosa','Crites','RosaCrites@gmail.com','CritesRosa');
INSERT INTO Students VALUES (620022836,'UNDERGRAD','01-01-2020');
INSERT INTO Enrolled (u_id,courseCode) VALUES (620022836,'COMP3685'),(620022836,'CHEM3793'),(620022836,'ECON3550'),(620022836,'INFO2797'),(620022836,'CHEM2626'),(620022836,'MATH2555');
INSERT INTO Users VALUES (620022837,'Nan','Hunter','NanHunter@gmail.com','HunterNan');
INSERT INTO Students VALUES (620022837,'UNDERGRAD','01-01-2020');
INSERT INTO Enrolled (u_id,courseCode) VALUES (620022837,'COMP3697'),(620022837,'COMP1051'),(620022837,'INFO1648'),(620022837,'CHEM3347'),(620022837,'MATH1262'),(620022837,'ECON1783');
INSERT INTO Users VALUES (620022838,'Byron','Turkus','ByronTurkus@gmail.com','TurkusByron');
INSERT INTO Students VALUES (620022838,'UNDERGRAD','01-01-2020');
INSERT INTO Enrolled (u_id,courseCode) VALUES (620022838,'ECON3063'),(620022838,'ECON3085'),(620022838,'CHEM3747'),(620022838,'MATH2873'),(620022838,'INFO2811'),(620022838,'INFO2860');
INSERT INTO Users VALUES (620022839,'Randy','Carrington','RandyCarrington@gmail.com','CarringtonRandy');
INSERT INTO Students VALUES (620022839,'UNDERGRAD','01-01-2020');
INSERT INTO Enrolled (u_id,courseCode) VALUES (620022839,'CHEM2220'),(620022839,'CHEM3347'),(620022839,'COMP2651'),(620022839,'INFO1825'),(620022839,'COMP3167');
INSERT INTO Users VALUES (620022840,'Craig','Caudill','CraigCaudill@gmail.com','CaudillCraig');
INSERT INTO Students VALUES (620022840,'UNDERGRAD','01-01-2020');
INSERT INTO Enrolled (u_id,courseCode) VALUES (620022840,'ECON1996'),(620022840,'COMP3173'),(620022840,'CHEM2177');
INSERT INTO Users VALUES (620022841,'Ruby','Swan','RubySwan@gmail.com','SwanRuby');
INSERT INTO Students VALUES (620022841,'UNDERGRAD','01-01-2020');
INSERT INTO Enrolled (u_id,courseCode) VALUES (620022841,'CHEM2626'),(620022841,'PHYS2238'),(620022841,'PHYS3686'),(620022841,'CHEM3347'),(620022841,'COMP2400');
INSERT INTO Users VALUES (620022842,'Lilla','Meisner','LillaMeisner@gmail.com','MeisnerLilla');
INSERT INTO Students VALUES (620022842,'UNDERGRAD','01-01-2020');
INSERT INTO Enrolled (u_id,courseCode) VALUES (620022842,'CHEM2149'),(620022842,'PHYS3052'),(620022842,'PHYS2338'),(620022842,'CHEM2697');
INSERT INTO Users VALUES (620022843,'Peggy','Nelson','PeggyNelson@gmail.com','NelsonPeggy');
INSERT INTO Students VALUES (620022843,'UNDERGRAD','01-01-2020');
INSERT INTO Enrolled (u_id,courseCode) VALUES (620022843,'INFO1145'),(620022843,'MATH3544'),(620022843,'BIOC2054'),(620022843,'BIOC2550'),(620022843,'COMP2717'),(620022843,'CHEM3888');
INSERT INTO Users VALUES (620022844,'Cheryl','Spohn','CherylSpohn@gmail.com','SpohnCheryl');
INSERT INTO Students VALUES (620022844,'UNDERGRAD','01-01-2020');
INSERT INTO Enrolled (u_id,courseCode) VALUES (620022844,'CHEM2005'),(620022844,'ECON3737'),(620022844,'CHEM1494');
INSERT INTO Users VALUES (620022845,'Benjamin','Vanwyck','BenjaminVanwyck@gmail.com','VanwyckBenjamin');
INSERT INTO Students VALUES (620022845,'UNDERGRAD','01-01-2020');
INSERT INTO Enrolled (u_id,courseCode) VALUES (620022845,'COMP1460'),(620022845,'COMP3639'),(620022845,'MATH3844'),(620022845,'BIOC2236'),(620022845,'ECON3288');
INSERT INTO Users VALUES (620022846,'Denise','Sandlin','DeniseSandlin@gmail.com','SandlinDenise');
INSERT INTO Students VALUES (620022846,'UNDERGRAD','01-01-2020');
INSERT INTO Enrolled (u_id,courseCode) VALUES (620022846,'PHYS2117'),(620022846,'COMP3639'),(620022846,'BIOC1439'),(620022846,'ECON3004'),(620022846,'COMP1357');
INSERT INTO Users VALUES (620022847,'Gina','Hodge','GinaHodge@gmail.com','HodgeGina');
INSERT INTO Students VALUES (620022847,'UNDERGRAD','01-01-2020');
INSERT INTO Enrolled (u_id,courseCode) VALUES (620022847,'MATH1148'),(620022847,'COMP3685'),(620022847,'INFO3935'),(620022847,'INFO2716'),(620022847,'INFO3603');
INSERT INTO Users VALUES (620022848,'Miguel','Alexander','MiguelAlexander@gmail.com','AlexanderMiguel');
INSERT INTO Students VALUES (620022848,'UNDERGRAD','01-01-2020');
INSERT INTO Enrolled (u_id,courseCode) VALUES (620022848,'PHYS2448'),(620022848,'CHEM2005'),(620022848,'INFO3645'),(620022848,'ECON3281'),(620022848,'COMP3536'),(620022848,'CHEM2149');
INSERT INTO Users VALUES (620022849,'Michelle','Ryan','MichelleRyan@gmail.com','RyanMichelle');
INSERT INTO Students VALUES (620022849,'UNDERGRAD','01-01-2020');
INSERT INTO Enrolled (u_id,courseCode) VALUES (620022849,'MATH1250'),(620022849,'COMP3506'),(620022849,'BIOC1439'),(620022849,'ECON2814'),(620022849,'ECON1561');
INSERT INTO Users VALUES (620022850,'Willie','Sullivan','WillieSullivan@gmail.com','SullivanWillie');
INSERT INTO Students VALUES (620022850,'UNDERGRAD','01-01-2020');
INSERT INTO Enrolled (u_id,courseCode) VALUES (620022850,'PHYS3354'),(620022850,'ECON1458'),(620022850,'CHEM3617'),(620022850,'CHEM2867');
INSERT INTO Users VALUES (620022851,'Rick','Burch','RickBurch@gmail.com','BurchRick');
INSERT INTO Students VALUES (620022851,'UNDERGRAD','01-01-2020');
INSERT INTO Enrolled (u_id,courseCode) VALUES (620022851,'COMP2651'),(620022851,'MATH1648'),(620022851,'COMP3047'),(620022851,'INFO3603');
INSERT INTO Users VALUES (620022852,'Peter','Mertens','PeterMertens@gmail.com','MertensPeter');
INSERT INTO Students VALUES (620022852,'UNDERGRAD','01-01-2020');
INSERT INTO Enrolled (u_id,courseCode) VALUES (620022852,'CHEM3614'),(620022852,'BIOC1910'),(620022852,'ECON3311');
INSERT INTO Users VALUES (620022853,'Melvin','Alvarez','MelvinAlvarez@gmail.com','AlvarezMelvin');
INSERT INTO Students VALUES (620022853,'UNDERGRAD','01-01-2020');
INSERT INTO Enrolled (u_id,courseCode) VALUES (620022853,'COMP2077'),(620022853,'PHYS2667'),(620022853,'PHYS2977');
INSERT INTO Users VALUES (620022854,'Leo','Starks','LeoStarks@gmail.com','StarksLeo');
INSERT INTO Students VALUES (620022854,'UNDERGRAD','01-01-2020');
INSERT INTO Enrolled (u_id,courseCode) VALUES (620022854,'COMP3173'),(620022854,'BIOC1164'),(620022854,'MATH1648'),(620022854,'MATH3844'),(620022854,'CHEM3747');
INSERT INTO Users VALUES (620022855,'Jeffrey','Vanwyck','JeffreyVanwyck@gmail.com','VanwyckJeffrey');
INSERT INTO Students VALUES (620022855,'UNDERGRAD','01-01-2020');
INSERT INTO Enrolled (u_id,courseCode) VALUES (620022855,'PHYS3052'),(620022855,'MATH1578'),(620022855,'PHYS1930'),(620022855,'CHEM3888');
INSERT INTO Users VALUES (620022856,'Dennis','Miles','DennisMiles@gmail.com','MilesDennis');
INSERT INTO Students VALUES (620022856,'UNDERGRAD','01-01-2020');
INSERT INTO Enrolled (u_id,courseCode) VALUES (620022856,'BIOC3191'),(620022856,'ECON3288'),(620022856,'MATH1148');
INSERT INTO Users VALUES (620022857,'Ben','Ramlall','BenRamlall@gmail.com','RamlallBen');
INSERT INTO Students VALUES (620022857,'UNDERGRAD','01-01-2020');
INSERT INTO Enrolled (u_id,courseCode) VALUES (620022857,'PHYS3339'),(620022857,'INFO1833'),(620022857,'MATH1250'),(620022857,'BIOC1744');
INSERT INTO Users VALUES (620022858,'Jamison','Bradford','JamisonBradford@gmail.com','BradfordJamison');
INSERT INTO Students VALUES (620022858,'UNDERGRAD','01-01-2020');
INSERT INTO Enrolled (u_id,courseCode) VALUES (620022858,'MATH1638'),(620022858,'CHEM2604'),(620022858,'COMP1867'),(620022858,'CHEM3347'),(620022858,'CHEM2177'),(620022858,'PHYS2563');
INSERT INTO Users VALUES (620022859,'Kathleen','James','KathleenJames@gmail.com','JamesKathleen');
INSERT INTO Students VALUES (620022859,'UNDERGRAD','01-01-2020');
INSERT INTO Enrolled (u_id,courseCode) VALUES (620022859,'ECON2814'),(620022859,'ECON1645'),(620022859,'CHEM2005'),(620022859,'PHYS3354');
INSERT INTO Users VALUES (620022860,'Jason','Wengerd','JasonWengerd@gmail.com','WengerdJason');
INSERT INTO Students VALUES (620022860,'UNDERGRAD','01-01-2020');
INSERT INTO Enrolled (u_id,courseCode) VALUES (620022860,'ECON1458'),(620022860,'MATH2873'),(620022860,'PHYS2977'),(620022860,'CHEM2031');
INSERT INTO Users VALUES (620022861,'Erin','Imoto','ErinImoto@gmail.com','ImotoErin');
INSERT INTO Students VALUES (620022861,'UNDERGRAD','01-01-2020');
INSERT INTO Enrolled (u_id,courseCode) VALUES (620022861,'INFO2950'),(620022861,'PHYS1140'),(620022861,'ECON1230'),(620022861,'BIOC3191'),(620022861,'PHYS2667');
INSERT INTO Users VALUES (620022862,'Melanie','Rios','MelanieRios@gmail.com','RiosMelanie');
INSERT INTO Students VALUES (620022862,'UNDERGRAD','01-01-2020');
INSERT INTO Enrolled (u_id,courseCode) VALUES (620022862,'CHEM2031'),(620022862,'BIOC1744'),(620022862,'INFO3636'),(620022862,'BIOC1866');
INSERT INTO Users VALUES (620022863,'Josh','Orchard','JoshOrchard@gmail.com','OrchardJosh');
INSERT INTO Students VALUES (620022863,'UNDERGRAD','01-01-2020');
INSERT INTO Enrolled (u_id,courseCode) VALUES (620022863,'INFO1833'),(620022863,'ECON2345'),(620022863,'PHYS3052'),(620022863,'CHEM3617'),(620022863,'ECON1098'),(620022863,'INFO1990');
INSERT INTO Users VALUES (620022864,'Gabriel','Bourgoin','GabrielBourgoin@gmail.com','BourgoinGabriel');
INSERT INTO Students VALUES (620022864,'UNDERGRAD','01-01-2020');
INSERT INTO Enrolled (u_id,courseCode) VALUES (620022864,'ECON3523'),(620022864,'INFO2559'),(620022864,'INFO3419');
INSERT INTO Users VALUES (620022865,'Rhonda','Dunn','RhondaDunn@gmail.com','DunnRhonda');
INSERT INTO Students VALUES (620022865,'UNDERGRAD','01-01-2020');
INSERT INTO Enrolled (u_id,courseCode) VALUES (620022865,'COMP3849'),(620022865,'INFO2797'),(620022865,'COMP3167');
INSERT INTO Users VALUES (620022866,'Stephen','Bourgoin','StephenBourgoin@gmail.com','BourgoinStephen');
INSERT INTO Students VALUES (620022866,'UNDERGRAD','01-01-2020');
INSERT INTO Enrolled (u_id,courseCode) VALUES (620022866,'PHYS2229'),(620022866,'COMP2717'),(620022866,'INFO2860'),(620022866,'ECON3020'),(620022866,'COMP3047'),(620022866,'ECON3447');
INSERT INTO Users VALUES (620022867,'Rachel','Kaupp','RachelKaupp@gmail.com','KauppRachel');
INSERT INTO Students VALUES (620022867,'UNDERGRAD','01-01-2020');
INSERT INTO Enrolled (u_id,courseCode) VALUES (620022867,'CHEM2867'),(620022867,'CHEM3327'),(620022867,'BIOC1448'),(620022867,'MATH3209');
INSERT INTO Users VALUES (620022868,'Warren','Flemming','WarrenFlemming@gmail.com','FlemmingWarren');
INSERT INTO Students VALUES (620022868,'UNDERGRAD','01-01-2020');
INSERT INTO Enrolled (u_id,courseCode) VALUES (620022868,'PHYS3787'),(620022868,'CHEM3409'),(620022868,'PHYS2113'),(620022868,'COMP3506');
INSERT INTO Users VALUES (620022869,'Jason','Vargas','JasonVargas@gmail.com','VargasJason');
INSERT INTO Students VALUES (620022869,'UNDERGRAD','01-01-2020');
INSERT INTO Enrolled (u_id,courseCode) VALUES (620022869,'CHEM2005'),(620022869,'ECON3737'),(620022869,'PHYS2448'),(620022869,'MATH2188'),(620022869,'BIOC1725');
INSERT INTO Users VALUES (620022870,'Tanya','Blackwell','TanyaBlackwell@gmail.com','BlackwellTanya');
INSERT INTO Students VALUES (620022870,'UNDERGRAD','01-01-2020');
INSERT INTO Enrolled (u_id,courseCode) VALUES (620022870,'INFO1145'),(620022870,'PHYS2667'),(620022870,'COMP1543');
INSERT INTO Users VALUES (620022871,'Wilbur','Petersen','WilburPetersen@gmail.com','PetersenWilbur');
INSERT INTO Students VALUES (620022871,'UNDERGRAD','01-01-2020');
INSERT INTO Enrolled (u_id,courseCode) VALUES (620022871,'BIOC3604'),(620022871,'MATH3544'),(620022871,'COMP3506'),(620022871,'COMP2080'),(620022871,'CHEM3409');
INSERT INTO Users VALUES (620022872,'Frances','Merna','FrancesMerna@gmail.com','MernaFrances');
INSERT INTO Students VALUES (620022872,'UNDERGRAD','01-01-2020');
INSERT INTO Enrolled (u_id,courseCode) VALUES (620022872,'PHYS2667'),(620022872,'BIOC1448'),(620022872,'CHEM3054');
INSERT INTO Users VALUES (620022873,'Greg','Ratterman','GregRatterman@gmail.com','RattermanGreg');
INSERT INTO Students VALUES (620022873,'UNDERGRAD','01-01-2020');
INSERT INTO Enrolled (u_id,courseCode) VALUES (620022873,'ECON3020'),(620022873,'INFO3419'),(620022873,'PHYS1930'),(620022873,'BIOC1986');
INSERT INTO Users VALUES (620022874,'Taylor','Gillman','TaylorGillman@gmail.com','GillmanTaylor');
INSERT INTO Students VALUES (620022874,'UNDERGRAD','01-01-2020');
INSERT INTO Enrolled (u_id,courseCode) VALUES (620022874,'PHYS3464'),(620022874,'COMP1051'),(620022874,'BIOC1104');
INSERT INTO Users VALUES (620022875,'Juan','Taylor','JuanTaylor@gmail.com','TaylorJuan');
INSERT INTO Students VALUES (620022875,'UNDERGRAD','01-01-2020');
INSERT INTO Enrolled (u_id,courseCode) VALUES (620022875,'PHYS2238'),(620022875,'MATH1250'),(620022875,'INFO2797');
INSERT INTO Users VALUES (620022876,'Byron','Steinbach','ByronSteinbach@gmail.com','SteinbachByron');
INSERT INTO Students VALUES (620022876,'UNDERGRAD','01-01-2020');
INSERT INTO Enrolled (u_id,courseCode) VALUES (620022876,'CHEM2149'),(620022876,'CHEM1807'),(620022876,'ECON3311');
INSERT INTO Users VALUES (620022877,'Kim','Citizen','KimCitizen@gmail.com','CitizenKim');
INSERT INTO Students VALUES (620022877,'UNDERGRAD','01-01-2020');
INSERT INTO Enrolled (u_id,courseCode) VALUES (620022877,'MATH1148'),(620022877,'PHYS2451'),(620022877,'PHYS3290'),(620022877,'INFO2270');
INSERT INTO Users VALUES (620022878,'Hector','Garcia','HectorGarcia@gmail.com','GarciaHector');
INSERT INTO Students VALUES (620022878,'UNDERGRAD','01-01-2020');
INSERT INTO Enrolled (u_id,courseCode) VALUES (620022878,'MATH3029'),(620022878,'ECON3276'),(620022878,'BIOC1164'),(620022878,'PHYS1993'),(620022878,'INFO1825');
INSERT INTO Users VALUES (620022879,'Warren','Evans','WarrenEvans@gmail.com','EvansWarren');
INSERT INTO Students VALUES (620022879,'UNDERGRAD','01-01-2020');
INSERT INTO Enrolled (u_id,courseCode) VALUES (620022879,'INFO3419'),(620022879,'CHEM2797'),(620022879,'MATH1309'),(620022879,'COMP1357');
INSERT INTO Users VALUES (620022880,'Evelyn','Vanhamlin','EvelynVanhamlin@gmail.com','VanhamlinEvelyn');
INSERT INTO Students VALUES (620022880,'UNDERGRAD','01-01-2020');
INSERT INTO Enrolled (u_id,courseCode) VALUES (620022880,'BIOC2671'),(620022880,'INFO3603'),(620022880,'ECON3989'),(620022880,'CHEM1807'),(620022880,'ECON3550');
INSERT INTO Users VALUES (620022881,'Juanita','Johnson','JuanitaJohnson@gmail.com','JohnsonJuanita');
INSERT INTO Students VALUES (620022881,'UNDERGRAD','01-01-2020');
INSERT INTO Enrolled (u_id,courseCode) VALUES (620022881,'MATH3209'),(620022881,'COMP2361'),(620022881,'CHEM3347'),(620022881,'INFO3868'),(620022881,'BIOC1164');
INSERT INTO Users VALUES (620022882,'Dennis','Truitt','DennisTruitt@gmail.com','TruittDennis');
INSERT INTO Students VALUES (620022882,'UNDERGRAD','01-01-2020');
INSERT INTO Enrolled (u_id,courseCode) VALUES (620022882,'PHYS3787'),(620022882,'BIOC1439'),(620022882,'PHYS2229');
INSERT INTO Users VALUES (620022883,'Sharon','Fuller','SharonFuller@gmail.com','FullerSharon');
INSERT INTO Students VALUES (620022883,'UNDERGRAD','01-01-2020');
INSERT INTO Enrolled (u_id,courseCode) VALUES (620022883,'INFO2860'),(620022883,'CHEM1613'),(620022883,'ECON2814'),(620022883,'PHYS3876'),(620022883,'PHYS1930'),(620022883,'PHYS2117');
INSERT INTO Users VALUES (620022884,'Holly','Mitchell','HollyMitchell@gmail.com','MitchellHolly');
INSERT INTO Students VALUES (620022884,'UNDERGRAD','01-01-2020');
INSERT INTO Enrolled (u_id,courseCode) VALUES (620022884,'COMP2361'),(620022884,'PHYS2448'),(620022884,'MATH3209'),(620022884,'BIOC2236'),(620022884,'PHYS1993'),(620022884,'CHEM2177');
INSERT INTO Users VALUES (620022885,'Lisa','Baccus','LisaBaccus@gmail.com','BaccusLisa');
INSERT INTO Students VALUES (620022885,'UNDERGRAD','01-01-2020');
INSERT INTO Enrolled (u_id,courseCode) VALUES (620022885,'BIOC2550'),(620022885,'BIOC3191'),(620022885,'BIOC1725'),(620022885,'COMP3639'),(620022885,'ECON3523'),(620022885,'COMP3685');
INSERT INTO Users VALUES (620022886,'Roberto','Petty','RobertoPetty@gmail.com','PettyRoberto');
INSERT INTO Students VALUES (620022886,'UNDERGRAD','01-01-2020');
INSERT INTO Enrolled (u_id,courseCode) VALUES (620022886,'MATH3688'),(620022886,'ECON1645'),(620022886,'PHYS2563');
INSERT INTO Users VALUES (620022887,'Josh','Burney','JoshBurney@gmail.com','BurneyJosh');
INSERT INTO Students VALUES (620022887,'UNDERGRAD','01-01-2020');
INSERT INTO Enrolled (u_id,courseCode) VALUES (620022887,'MATH1148'),(620022887,'ECON1996'),(620022887,'ECON1012');
INSERT INTO Users VALUES (620022888,'Carlos','Burch','CarlosBurch@gmail.com','BurchCarlos');
INSERT INTO Students VALUES (620022888,'UNDERGRAD','01-01-2020');
INSERT INTO Enrolled (u_id,courseCode) VALUES (620022888,'BIOC1164'),(620022888,'PHYS2451'),(620022888,'COMP1357');
INSERT INTO Users VALUES (620022889,'Philip','Crespo','PhilipCrespo@gmail.com','CrespoPhilip');
INSERT INTO Students VALUES (620022889,'UNDERGRAD','01-01-2020');
INSERT INTO Enrolled (u_id,courseCode) VALUES (620022889,'ECON3523'),(620022889,'COMP3167'),(620022889,'MATH3844');
INSERT INTO Users VALUES (620022890,'Wayne','Evans','WayneEvans@gmail.com','EvansWayne');
INSERT INTO Students VALUES (620022890,'UNDERGRAD','01-01-2020');
INSERT INTO Enrolled (u_id,courseCode) VALUES (620022890,'ECON1645'),(620022890,'PHYS3354'),(620022890,'PHYS1173');
INSERT INTO Users VALUES (620022891,'Kasey','Cash','KaseyCash@gmail.com','CashKasey');
INSERT INTO Students VALUES (620022891,'UNDERGRAD','01-01-2020');
INSERT INTO Enrolled (u_id,courseCode) VALUES (620022891,'ECON3020'),(620022891,'PHYS3787'),(620022891,'COMP2077'),(620022891,'CHEM3327');
INSERT INTO Users VALUES (620022892,'Mason','Mejias','MasonMejias@gmail.com','MejiasMason');
INSERT INTO Students VALUES (620022892,'UNDERGRAD','01-01-2020');
INSERT INTO Enrolled (u_id,courseCode) VALUES (620022892,'CHEM3617'),(620022892,'PHYS3659'),(620022892,'MATH1638'),(620022892,'CHEM1485');
INSERT INTO Users VALUES (620022893,'Angela','Morey','AngelaMorey@gmail.com','MoreyAngela');
INSERT INTO Students VALUES (620022893,'UNDERGRAD','01-01-2020');
INSERT INTO Enrolled (u_id,courseCode) VALUES (620022893,'BIOC3604'),(620022893,'INFO2813'),(620022893,'COMP1051'),(620022893,'BIOC1725'),(620022893,'COMP1460'),(620022893,'CHEM2867');
INSERT INTO Users VALUES (620022894,'Bryan','Eubank','BryanEubank@gmail.com','EubankBryan');
INSERT INTO Students VALUES (620022894,'UNDERGRAD','01-01-2020');
INSERT INTO Enrolled (u_id,courseCode) VALUES (620022894,'INFO2559'),(620022894,'BIOC3457'),(620022894,'PHYS3686'),(620022894,'MATH2555'),(620022894,'BIOC1986');
INSERT INTO Users VALUES (620022895,'Gary','Jefferson','GaryJefferson@gmail.com','JeffersonGary');
INSERT INTO Students VALUES (620022895,'UNDERGRAD','01-01-2020');
INSERT INTO Enrolled (u_id,courseCode) VALUES (620022895,'CHEM2177'),(620022895,'INFO1447'),(620022895,'MATH1250');
INSERT INTO Users VALUES (620022896,'Amee','Marshall','AmeeMarshall@gmail.com','MarshallAmee');
INSERT INTO Students VALUES (620022896,'UNDERGRAD','01-01-2020');
INSERT INTO Enrolled (u_id,courseCode) VALUES (620022896,'INFO2860'),(620022896,'ECON2345'),(620022896,'MATH3173');
INSERT INTO Users VALUES (620022897,'Tim','Shields','TimShields@gmail.com','ShieldsTim');
INSERT INTO Students VALUES (620022897,'UNDERGRAD','01-01-2020');
INSERT INTO Enrolled (u_id,courseCode) VALUES (620022897,'COMP3685'),(620022897,'COMP1184'),(620022897,'BIOC1598'),(620022897,'INFO2797');
INSERT INTO Users VALUES (620022898,'Sam','Starks','SamStarks@gmail.com','StarksSam');
INSERT INTO Students VALUES (620022898,'UNDERGRAD','01-01-2020');
INSERT INTO Enrolled (u_id,courseCode) VALUES (620022898,'MATH1648'),(620022898,'ECON2722'),(620022898,'CHEM1340'),(620022898,'COMP1460');
INSERT INTO Users VALUES (620022899,'Nicole','Lavoy','NicoleLavoy@gmail.com','LavoyNicole');
INSERT INTO Students VALUES (620022899,'UNDERGRAD','01-01-2020');
INSERT INTO Enrolled (u_id,courseCode) VALUES (620022899,'MATH2067'),(620022899,'CHEM2446'),(620022899,'ECON3063'),(620022899,'INFO1288'),(620022899,'INFO1014');
INSERT INTO Users VALUES (620022900,'Nathan','Taylor','NathanTaylor@gmail.com','TaylorNathan');
INSERT INTO Students VALUES (620022900,'UNDERGRAD','01-01-2020');
INSERT INTO Enrolled (u_id,courseCode) VALUES (620022900,'CHEM3327'),(620022900,'PHYS3052'),(620022900,'BIOC2589'),(620022900,'MATH3209'),(620022900,'COMP1867');
INSERT INTO Users VALUES (620022901,'Neal','Truong','NealTruong@gmail.com','TruongNeal');
INSERT INTO Students VALUES (620022901,'UNDERGRAD','01-01-2020');
INSERT INTO Enrolled (u_id,courseCode) VALUES (620022901,'ECON3372'),(620022901,'BIOC2981'),(620022901,'MATH3857'),(620022901,'INFO1833');
INSERT INTO Users VALUES (620022902,'Luella','Macpartland','LuellaMacpartland@gmail.com','MacpartlandLuella');
INSERT INTO Students VALUES (620022902,'UNDERGRAD','01-01-2020');
INSERT INTO Enrolled (u_id,courseCode) VALUES (620022902,'BIOC2236'),(620022902,'CHEM2604'),(620022902,'PHYS2977'),(620022902,'ECON2703'),(620022902,'INFO2521');
INSERT INTO Users VALUES (620022903,'Taylor','Harness','TaylorHarness@gmail.com','HarnessTaylor');
INSERT INTO Students VALUES (620022903,'UNDERGRAD','01-01-2020');
INSERT INTO Enrolled (u_id,courseCode) VALUES (620022903,'PHYS2113'),(620022903,'PHYS3052'),(620022903,'ECON3085'),(620022903,'COMP3167'),(620022903,'ECON1230');
INSERT INTO Users VALUES (620022904,'Joy','Steinberger','JoySteinberger@gmail.com','SteinbergerJoy');
INSERT INTO Students VALUES (620022904,'UNDERGRAD','01-01-2020');
INSERT INTO Enrolled (u_id,courseCode) VALUES (620022904,'ECON3228'),(620022904,'COMP1573'),(620022904,'INFO2860'),(620022904,'INFO2147'),(620022904,'CHEM1340'),(620022904,'COMP2400');
INSERT INTO Users VALUES (620022905,'Nina','Russ','NinaRuss@gmail.com','RussNina');
INSERT INTO Students VALUES (620022905,'UNDERGRAD','01-01-2020');
INSERT INTO Enrolled (u_id,courseCode) VALUES (620022905,'INFO3645'),(620022905,'COMP3047'),(620022905,'COMP3746'),(620022905,'MATH3544');
INSERT INTO Users VALUES (620022906,'Sergio','Comley','SergioComley@gmail.com','ComleySergio');
INSERT INTO Students VALUES (620022906,'UNDERGRAD','01-01-2020');
INSERT INTO Enrolled (u_id,courseCode) VALUES (620022906,'MATH2550'),(620022906,'COMP1460'),(620022906,'COMP1573'),(620022906,'MATH1454');
INSERT INTO Users VALUES (620022907,'Timothy','Bourgoin','TimothyBourgoin@gmail.com','BourgoinTimothy');
INSERT INTO Students VALUES (620022907,'UNDERGRAD','01-01-2020');
INSERT INTO Enrolled (u_id,courseCode) VALUES (620022907,'ECON3276'),(620022907,'BIOC3604'),(620022907,'COMP3685'),(620022907,'BIOC1485');
INSERT INTO Users VALUES (620022908,'Douglas','Turner','DouglasTurner@gmail.com','TurnerDouglas');
INSERT INTO Students VALUES (620022908,'UNDERGRAD','01-01-2020');
INSERT INTO Enrolled (u_id,courseCode) VALUES (620022908,'PHYS3876'),(620022908,'BIOC1910'),(620022908,'MATH3688');
INSERT INTO Users VALUES (620022909,'Martin','Lopez','MartinLopez@gmail.com','LopezMartin');
INSERT INTO Students VALUES (620022909,'UNDERGRAD','01-01-2020');
INSERT INTO Enrolled (u_id,courseCode) VALUES (620022909,'COMP1184'),(620022909,'BIOC2589'),(620022909,'ECON1170');
INSERT INTO Users VALUES (620022910,'Jason','Tate','JasonTate@gmail.com','TateJason');
INSERT INTO Students VALUES (620022910,'UNDERGRAD','01-01-2020');
INSERT INTO Enrolled (u_id,courseCode) VALUES (620022910,'COMP3047'),(620022910,'MATH3613'),(620022910,'COMP3697'),(620022910,'COMP1573');
INSERT INTO Users VALUES (620022911,'Bobby','Christenberry','BobbyChristenberry@gmail.com','ChristenberryBobby');
INSERT INTO Students VALUES (620022911,'UNDERGRAD','01-01-2020');
INSERT INTO Enrolled (u_id,courseCode) VALUES (620022911,'ECON2703'),(620022911,'MATH1638'),(620022911,'MATH3179');
INSERT INTO Users VALUES (620022912,'Laila','Grinstead','LailaGrinstead@gmail.com','GrinsteadLaila');
INSERT INTO Students VALUES (620022912,'UNDERGRAD','01-01-2020');
INSERT INTO Enrolled (u_id,courseCode) VALUES (620022912,'CHEM2727'),(620022912,'CHEM1494'),(620022912,'COMP3697');
INSERT INTO Users VALUES (620022913,'Eric','Quintero','EricQuintero@gmail.com','QuinteroEric');
INSERT INTO Students VALUES (620022913,'UNDERGRAD','01-01-2020');
INSERT INTO Enrolled (u_id,courseCode) VALUES (620022913,'ECON2345'),(620022913,'PHYS3052'),(620022913,'MATH2873');
INSERT INTO Users VALUES (620022914,'Joyce','Jefferson','JoyceJefferson@gmail.com','JeffersonJoyce');
INSERT INTO Students VALUES (620022914,'UNDERGRAD','01-01-2020');
INSERT INTO Enrolled (u_id,courseCode) VALUES (620022914,'MATH1648'),(620022914,'MATH1454'),(620022914,'INFO1242'),(620022914,'COMP2400'),(620022914,'ECON3550');
INSERT INTO Users VALUES (620022915,'Bryon','Hodge','BryonHodge@gmail.com','HodgeBryon');
INSERT INTO Students VALUES (620022915,'UNDERGRAD','01-01-2020');
INSERT INTO Enrolled (u_id,courseCode) VALUES (620022915,'BIOC3191'),(620022915,'COMP1460'),(620022915,'BIOC3604'),(620022915,'BIOC2671');
INSERT INTO Users VALUES (620022916,'Jason','Blevins','JasonBlevins@gmail.com','BlevinsJason');
INSERT INTO Students VALUES (620022916,'UNDERGRAD','01-01-2020');
INSERT INTO Enrolled (u_id,courseCode) VALUES (620022916,'PHYS2113'),(620022916,'MATH1262'),(620022916,'CHEM2149'),(620022916,'CHEM2727'),(620022916,'PHYS3659'),(620022916,'COMP1357');
INSERT INTO Users VALUES (620022917,'Neal','Hoffman','NealHoffman@gmail.com','HoffmanNeal');
INSERT INTO Students VALUES (620022917,'UNDERGRAD','01-01-2020');
INSERT INTO Enrolled (u_id,courseCode) VALUES (620022917,'PHYS1993'),(620022917,'CHEM3347'),(620022917,'MATH2873'),(620022917,'COMP2717'),(620022917,'COMP1357');
INSERT INTO Users VALUES (620022918,'Marilyn','Jackson','MarilynJackson@gmail.com','JacksonMarilyn');
INSERT INTO Students VALUES (620022918,'UNDERGRAD','01-01-2020');
INSERT INTO Enrolled (u_id,courseCode) VALUES (620022918,'MATH3029'),(620022918,'INFO1288'),(620022918,'ECON3228'),(620022918,'PHYS2229');
INSERT INTO Users VALUES (620022919,'Justin','Amberg','JustinAmberg@gmail.com','AmbergJustin');
INSERT INTO Students VALUES (620022919,'UNDERGRAD','01-01-2020');
INSERT INTO Enrolled (u_id,courseCode) VALUES (620022919,'INFO2270'),(620022919,'MATH3613'),(620022919,'BIOC1104'),(620022919,'ECON3281'),(620022919,'CHEM2005'),(620022919,'ECON1589');
INSERT INTO Users VALUES (620022920,'Matthew','Hart','MatthewHart@gmail.com','HartMatthew');
INSERT INTO Students VALUES (620022920,'UNDERGRAD','01-01-2020');
INSERT INTO Enrolled (u_id,courseCode) VALUES (620022920,'INFO3935'),(620022920,'COMP1867'),(620022920,'CHEM2481'),(620022920,'INFO2559'),(620022920,'CHEM1340'),(620022920,'BIOC3230');
INSERT INTO Users VALUES (620022921,'David','Collins','DavidCollins@gmail.com','CollinsDavid');
INSERT INTO Students VALUES (620022921,'UNDERGRAD','01-01-2020');
INSERT INTO Enrolled (u_id,courseCode) VALUES (620022921,'PHYS2229'),(620022921,'PHYS2448'),(620022921,'INFO1833'),(620022921,'MATH2067');
INSERT INTO Users VALUES (620022922,'Brenda','Boyer','BrendaBoyer@gmail.com','BoyerBrenda');
INSERT INTO Students VALUES (620022922,'UNDERGRAD','01-01-2020');
INSERT INTO Enrolled (u_id,courseCode) VALUES (620022922,'INFO2636'),(620022922,'MATH3209'),(620022922,'ECON1589');
INSERT INTO Users VALUES (620022923,'Earl','Crites','EarlCrites@gmail.com','CritesEarl');
INSERT INTO Students VALUES (620022923,'UNDERGRAD','01-01-2020');
INSERT INTO Enrolled (u_id,courseCode) VALUES (620022923,'MATH1578'),(620022923,'COMP2965'),(620022923,'CHEM2446'),(620022923,'ECON1098'),(620022923,'PHYS2238');
INSERT INTO Users VALUES (620022924,'Jake','Ferretti','JakeFerretti@gmail.com','FerrettiJake');
INSERT INTO Students VALUES (620022924,'UNDERGRAD','01-01-2020');
INSERT INTO Enrolled (u_id,courseCode) VALUES (620022924,'PHYS1173'),(620022924,'MATH1972'),(620022924,'COMP3536'),(620022924,'PHYS2238');
INSERT INTO Users VALUES (620022925,'Chad','Miraglia','ChadMiraglia@gmail.com','MiragliaChad');
INSERT INTO Students VALUES (620022925,'UNDERGRAD','01-01-2020');
INSERT INTO Enrolled (u_id,courseCode) VALUES (620022925,'CHEM2220'),(620022925,'INFO3636'),(620022925,'ECON3063'),(620022925,'ECON2387'),(620022925,'INFO1014');
INSERT INTO Users VALUES (620022926,'Louis','Duffie','LouisDuffie@gmail.com','DuffieLouis');
INSERT INTO Students VALUES (620022926,'UNDERGRAD','01-01-2020');
INSERT INTO Enrolled (u_id,courseCode) VALUES (620022926,'CHEM1485'),(620022926,'BIOC3191'),(620022926,'ECON1012'),(620022926,'MATH1148'),(620022926,'CHEM2697');
INSERT INTO Users VALUES (620022927,'Jeffrey','Turner','JeffreyTurner@gmail.com','TurnerJeffrey');
INSERT INTO Students VALUES (620022927,'UNDERGRAD','01-01-2020');
INSERT INTO Enrolled (u_id,courseCode) VALUES (620022927,'INFO3603'),(620022927,'CHEM1494'),(620022927,'BIOC2054');
INSERT INTO Users VALUES (620022928,'Steven','Ott','StevenOtt@gmail.com','OttSteven');
INSERT INTO Students VALUES (620022928,'UNDERGRAD','01-01-2020');
INSERT INTO Enrolled (u_id,courseCode) VALUES (620022928,'ECON1012'),(620022928,'COMP2717'),(620022928,'CHEM2446');
INSERT INTO Users VALUES (620022929,'Warren','Eddins','WarrenEddins@gmail.com','EddinsWarren');
INSERT INTO Students VALUES (620022929,'UNDERGRAD','01-01-2020');
INSERT INTO Enrolled (u_id,courseCode) VALUES (620022929,'MATH3222'),(620022929,'CHEM2697'),(620022929,'MATH1148'),(620022929,'ECON3288'),(620022929,'MATH1638'),(620022929,'PHYS3290');
INSERT INTO Users VALUES (620022930,'Kirk','Reyes','KirkReyes@gmail.com','ReyesKirk');
INSERT INTO Students VALUES (620022930,'UNDERGRAD','01-01-2020');
INSERT INTO Enrolled (u_id,courseCode) VALUES (620022930,'COMP3167'),(620022930,'PHYS3686'),(620022930,'PHYS1399'),(620022930,'PHYS3290');
INSERT INTO Users VALUES (620022931,'Clarence','Lamar','ClarenceLamar@gmail.com','LamarClarence');
INSERT INTO Students VALUES (620022931,'UNDERGRAD','01-01-2020');
INSERT INTO Enrolled (u_id,courseCode) VALUES (620022931,'MATH2555'),(620022931,'MATH2550'),(620022931,'BIOC2981'),(620022931,'BIOC2983'),(620022931,'BIOC1725'),(620022931,'COMP1867');
INSERT INTO Users VALUES (620022932,'Jason','King','JasonKing@gmail.com','KingJason');
INSERT INTO Students VALUES (620022932,'UNDERGRAD','01-01-2020');
INSERT INTO Enrolled (u_id,courseCode) VALUES (620022932,'MATH2801'),(620022932,'INFO2811'),(620022932,'MATH1648');
INSERT INTO Users VALUES (620022933,'Ben','Cummins','BenCummins@gmail.com','CumminsBen');
INSERT INTO Students VALUES (620022933,'UNDERGRAD','01-01-2020');
INSERT INTO Enrolled (u_id,courseCode) VALUES (620022933,'PHYS3876'),(620022933,'PHYS3787'),(620022933,'ECON1645'),(620022933,'COMP3506');
INSERT INTO Users VALUES (620022934,'Shalanda','Wengerd','ShalandaWengerd@gmail.com','WengerdShalanda');
INSERT INTO Students VALUES (620022934,'UNDERGRAD','01-01-2020');
INSERT INTO Enrolled (u_id,courseCode) VALUES (620022934,'ECON3737'),(620022934,'ECON1230'),(620022934,'PHYS2238'),(620022934,'BIOC2550'),(620022934,'CHEM3617');
INSERT INTO Users VALUES (620022935,'Ed','Henderson','EdHenderson@gmail.com','HendersonEd');
INSERT INTO Students VALUES (620022935,'UNDERGRAD','01-01-2020');
INSERT INTO Enrolled (u_id,courseCode) VALUES (620022935,'CHEM2604'),(620022935,'MATH2717'),(620022935,'MATH3857');
INSERT INTO Users VALUES (620022936,'Mason','Casteel','MasonCasteel@gmail.com','CasteelMason');
INSERT INTO Students VALUES (620022936,'UNDERGRAD','01-01-2020');
INSERT INTO Enrolled (u_id,courseCode) VALUES (620022936,'PHYS1979'),(620022936,'MATH1454'),(620022936,'INFO2213'),(620022936,'COMP3685');
INSERT INTO Users VALUES (620022937,'Georgie','Evans','GeorgieEvans@gmail.com','EvansGeorgie');
INSERT INTO Students VALUES (620022937,'UNDERGRAD','01-01-2020');
INSERT INTO Enrolled (u_id,courseCode) VALUES (620022937,'CHEM2149'),(620022937,'MATH1578'),(620022937,'ECON1561'),(620022937,'PHYS3290'),(620022937,'BIOC3457');
INSERT INTO Users VALUES (620022938,'Bobby','Sullivan','BobbySullivan@gmail.com','SullivanBobby');
INSERT INTO Students VALUES (620022938,'UNDERGRAD','01-01-2020');
INSERT INTO Enrolled (u_id,courseCode) VALUES (620022938,'ECON3737'),(620022938,'PHYS1173'),(620022938,'CHEM3347'),(620022938,'CHEM2867'),(620022938,'CHEM1494'),(620022938,'PHYS1979');
INSERT INTO Users VALUES (620022939,'Kim','Knox','KimKnox@gmail.com','KnoxKim');
INSERT INTO Students VALUES (620022939,'UNDERGRAD','01-01-2020');
INSERT INTO Enrolled (u_id,courseCode) VALUES (620022939,'PHYS2113'),(620022939,'MATH1250'),(620022939,'PHYS3052'),(620022939,'BIOC1866');
INSERT INTO Users VALUES (620022940,'Gloria','Letchworth','GloriaLetchworth@gmail.com','LetchworthGloria');
INSERT INTO Students VALUES (620022940,'UNDERGRAD','01-01-2020');
INSERT INTO Enrolled (u_id,courseCode) VALUES (620022940,'CHEM2481'),(620022940,'INFO1990'),(620022940,'BIOC1104');
INSERT INTO Users VALUES (620022941,'Curtis','Ebbs','CurtisEbbs@gmail.com','EbbsCurtis');
INSERT INTO Students VALUES (620022941,'UNDERGRAD','01-01-2020');
INSERT INTO Enrolled (u_id,courseCode) VALUES (620022941,'INFO2860'),(620022941,'ECON3004'),(620022941,'PHYS2238'),(620022941,'CHEM3747'),(620022941,'PHYS3729');
INSERT INTO Users VALUES (620022942,'Miguel','Shields','MiguelShields@gmail.com','ShieldsMiguel');
INSERT INTO Students VALUES (620022942,'UNDERGRAD','01-01-2020');
INSERT INTO Enrolled (u_id,courseCode) VALUES (620022942,'MATH2501'),(620022942,'ECON2703'),(620022942,'CHEM1485'),(620022942,'MATH3544'),(620022942,'INFO1648'),(620022942,'CHEM2149');
INSERT INTO Users VALUES (620022943,'Barbara','Marshall','BarbaraMarshall@gmail.com','MarshallBarbara');
INSERT INTO Students VALUES (620022943,'UNDERGRAD','01-01-2020');
INSERT INTO Enrolled (u_id,courseCode) VALUES (620022943,'MATH2957'),(620022943,'INFO1833'),(620022943,'PHYS2113');
INSERT INTO Users VALUES (620022944,'Rick','Nerbonne','RickNerbonne@gmail.com','NerbonneRick');
INSERT INTO Students VALUES (620022944,'UNDERGRAD','01-01-2020');
INSERT INTO Enrolled (u_id,courseCode) VALUES (620022944,'ECON1561'),(620022944,'ECON2345'),(620022944,'INFO1288'),(620022944,'PHYS3729'),(620022944,'MATH3029'),(620022944,'MATH2188');
INSERT INTO Users VALUES (620022945,'Holly','Noonan','HollyNoonan@gmail.com','NoonanHolly');
INSERT INTO Students VALUES (620022945,'UNDERGRAD','01-01-2020');
INSERT INTO Enrolled (u_id,courseCode) VALUES (620022945,'PHYS1140'),(620022945,'COMP3697'),(620022945,'BIOC2671'),(620022945,'PHYS2338'),(620022945,'INFO2811');
INSERT INTO Users VALUES (620022946,'Young','Gilman','YoungGilman@gmail.com','GilmanYoung');
INSERT INTO Students VALUES (620022946,'UNDERGRAD','01-01-2020');
INSERT INTO Enrolled (u_id,courseCode) VALUES (620022946,'COMP2400'),(620022946,'ECON3372'),(620022946,'PHYS3052'),(620022946,'MATH3059'),(620022946,'PHYS1993');
INSERT INTO Users VALUES (620022947,'Edward','Laudat','EdwardLaudat@gmail.com','LaudatEdward');
INSERT INTO Students VALUES (620022947,'UNDERGRAD','01-01-2020');
INSERT INTO Enrolled (u_id,courseCode) VALUES (620022947,'COMP2541'),(620022947,'ECON1645'),(620022947,'COMP1357'),(620022947,'ECON2703'),(620022947,'PHYS1173'),(620022947,'BIOC1439');
INSERT INTO Users VALUES (620022948,'Alice','Hayes','AliceHayes@gmail.com','HayesAlice');
INSERT INTO Students VALUES (620022948,'UNDERGRAD','01-01-2020');
INSERT INTO Enrolled (u_id,courseCode) VALUES (620022948,'PHYS2338'),(620022948,'MATH1638'),(620022948,'CHEM2177');
INSERT INTO Users VALUES (620022949,'Suzanne','Sandlin','SuzanneSandlin@gmail.com','SandlinSuzanne');
INSERT INTO Students VALUES (620022949,'UNDERGRAD','01-01-2020');
INSERT INTO Enrolled (u_id,courseCode) VALUES (620022949,'ECON3989'),(620022949,'CHEM2065'),(620022949,'COMP2965');
INSERT INTO Users VALUES (620022950,'Kelly','Finkenbinder','KellyFinkenbinder@gmail.com','FinkenbinderKelly');
INSERT INTO Students VALUES (620022950,'UNDERGRAD','01-01-2020');
INSERT INTO Enrolled (u_id,courseCode) VALUES (620022950,'PHYS1993'),(620022950,'CHEM1485'),(620022950,'CHEM3054');
INSERT INTO Users VALUES (620022951,'Neal','Chatcho','NealChatcho@gmail.com','ChatchoNeal');
INSERT INTO Students VALUES (620022951,'UNDERGRAD','01-01-2020');
INSERT INTO Enrolled (u_id,courseCode) VALUES (620022951,'COMP3506'),(620022951,'CHEM2446'),(620022951,'BIOC2671'),(620022951,'COMP3639');
INSERT INTO Users VALUES (620022952,'Cheryl','White','CherylWhite@gmail.com','WhiteCheryl');
INSERT INTO Students VALUES (620022952,'UNDERGRAD','01-01-2020');
INSERT INTO Enrolled (u_id,courseCode) VALUES (620022952,'PHYS3729'),(620022952,'PHYS3686'),(620022952,'MATH3613');
INSERT INTO Users VALUES (620022953,'Ruth','Griffitts','RuthGriffitts@gmail.com','GriffittsRuth');
INSERT INTO Students VALUES (620022953,'UNDERGRAD','01-01-2020');
INSERT INTO Enrolled (u_id,courseCode) VALUES (620022953,'COMP3506'),(620022953,'COMP3849'),(620022953,'COMP2541');
INSERT INTO Users VALUES (620022954,'Jennifer','Sandlin','JenniferSandlin@gmail.com','SandlinJennifer');
INSERT INTO Students VALUES (620022954,'UNDERGRAD','01-01-2020');
INSERT INTO Enrolled (u_id,courseCode) VALUES (620022954,'BIOC1986'),(620022954,'BIOC1725'),(620022954,'CHEM2697'),(620022954,'PHYS1979'),(620022954,'CHEM2604');
INSERT INTO Users VALUES (620022955,'Agnes','Crespo','AgnesCrespo@gmail.com','CrespoAgnes');
INSERT INTO Students VALUES (620022955,'UNDERGRAD','01-01-2020');
INSERT INTO Enrolled (u_id,courseCode) VALUES (620022955,'CHEM1807'),(620022955,'CHEM2446'),(620022955,'PHYS3339'),(620022955,'ECON1098'),(620022955,'COMP2400'),(620022955,'INFO1014');
INSERT INTO Users VALUES (620022956,'Marie','Petty','MariePetty@gmail.com','PettyMarie');
INSERT INTO Students VALUES (620022956,'UNDERGRAD','01-01-2020');
INSERT INTO Enrolled (u_id,courseCode) VALUES (620022956,'CHEM1613'),(620022956,'PHYS1993'),(620022956,'CHEM3793');
INSERT INTO Users VALUES (620022957,'Esmeralda','Williamson','EsmeraldaWilliamson@gmail.com','WilliamsonEsmeralda');
INSERT INTO Students VALUES (620022957,'UNDERGRAD','01-01-2020');
INSERT INTO Enrolled (u_id,courseCode) VALUES (620022957,'PHYS2667'),(620022957,'MATH1735'),(620022957,'CHEM3409');
INSERT INTO Users VALUES (620022958,'Clifford','Dahlheimer','CliffordDahlheimer@gmail.com','DahlheimerClifford');
INSERT INTO Students VALUES (620022958,'UNDERGRAD','01-01-2020');
INSERT INTO Enrolled (u_id,courseCode) VALUES (620022958,'BIOC1725'),(620022958,'PHYS3052'),(620022958,'BIOC1744'),(620022958,'MATH3059'),(620022958,'INFO1990');
INSERT INTO Users VALUES (620022959,'Miguel','Barron','MiguelBarron@gmail.com','BarronMiguel');
INSERT INTO Students VALUES (620022959,'UNDERGRAD','01-01-2020');
INSERT INTO Enrolled (u_id,courseCode) VALUES (620022959,'ECON1098'),(620022959,'MATH3029'),(620022959,'PHYS1173'),(620022959,'MATH3613'),(620022959,'INFO1990');
INSERT INTO Users VALUES (620022960,'Caroline','Wilbanks','CarolineWilbanks@gmail.com','WilbanksCaroline');
INSERT INTO Students VALUES (620022960,'UNDERGRAD','01-01-2020');
INSERT INTO Enrolled (u_id,courseCode) VALUES (620022960,'CHEM2005'),(620022960,'PHYS2977'),(620022960,'COMP1357'),(620022960,'COMP1543');
INSERT INTO Users VALUES (620022961,'Neal','Madsen','NealMadsen@gmail.com','MadsenNeal');
INSERT INTO Students VALUES (620022961,'UNDERGRAD','01-01-2020');
INSERT INTO Enrolled (u_id,courseCode) VALUES (620022961,'INFO2147'),(620022961,'ECON3372'),(620022961,'MATH1972');
INSERT INTO Users VALUES (620022962,'George','Hawkins','GeorgeHawkins@gmail.com','HawkinsGeorge');
INSERT INTO Students VALUES (620022962,'UNDERGRAD','01-01-2020');
INSERT INTO Enrolled (u_id,courseCode) VALUES (620022962,'ECON3276'),(620022962,'BIOC1744'),(620022962,'MATH2550');
INSERT INTO Users VALUES (620022963,'Sergio','Williamson','SergioWilliamson@gmail.com','WilliamsonSergio');
INSERT INTO Students VALUES (620022963,'UNDERGRAD','01-01-2020');
INSERT INTO Enrolled (u_id,courseCode) VALUES (620022963,'COMP2080'),(620022963,'ECON3737'),(620022963,'MATH1262'),(620022963,'ECON3550'),(620022963,'COMP2717'),(620022963,'PHYS2451');
INSERT INTO Users VALUES (620022964,'Charles','Bras','CharlesBras@gmail.com','BrasCharles');
INSERT INTO Students VALUES (620022964,'UNDERGRAD','01-01-2020');
INSERT INTO Enrolled (u_id,courseCode) VALUES (620022964,'ECON3228'),(620022964,'ECON1498'),(620022964,'INFO2270');
INSERT INTO Users VALUES (620022965,'Daisy','Walker','DaisyWalker@gmail.com','WalkerDaisy');
INSERT INTO Students VALUES (620022965,'UNDERGRAD','01-01-2020');
INSERT INTO Enrolled (u_id,courseCode) VALUES (620022965,'INFO2559'),(620022965,'BIOC1725'),(620022965,'PHYS1140'),(620022965,'BIOC1794'),(620022965,'MATH1972'),(620022965,'ECON1783');
INSERT INTO Users VALUES (620022966,'Karen','Petty','KarenPetty@gmail.com','PettyKaren');
INSERT INTO Students VALUES (620022966,'UNDERGRAD','01-01-2020');
INSERT INTO Enrolled (u_id,courseCode) VALUES (620022966,'BIOC2054'),(620022966,'COMP3536'),(620022966,'PHYS2563'),(620022966,'BIOC1448'),(620022966,'PHYS2451'),(620022966,'ECON1996');
INSERT INTO Users VALUES (620022967,'Marie','Bourgoin','MarieBourgoin@gmail.com','BourgoinMarie');
INSERT INTO Students VALUES (620022967,'UNDERGRAD','01-01-2020');
INSERT INTO Enrolled (u_id,courseCode) VALUES (620022967,'CHEM3409'),(620022967,'ECON3085'),(620022967,'ECON3737'),(620022967,'PHYS1399');
INSERT INTO Users VALUES (620022968,'Sean','Vineyard','SeanVineyard@gmail.com','VineyardSean');
INSERT INTO Students VALUES (620022968,'UNDERGRAD','01-01-2020');
INSERT INTO Enrolled (u_id,courseCode) VALUES (620022968,'ECON2814'),(620022968,'MATH2873'),(620022968,'PHYS3876');
INSERT INTO Users VALUES (620022969,'Mark','Imoto','MarkImoto@gmail.com','ImotoMark');
INSERT INTO Students VALUES (620022969,'UNDERGRAD','01-01-2020');
INSERT INTO Enrolled (u_id,courseCode) VALUES (620022969,'ECON1098'),(620022969,'INFO3636'),(620022969,'COMP1357'),(620022969,'ECON3228'),(620022969,'ECON2387');
INSERT INTO Users VALUES (620022970,'Roberta','Hernandez','RobertaHernandez@gmail.com','HernandezRoberta');
INSERT INTO Students VALUES (620022970,'UNDERGRAD','01-01-2020');
INSERT INTO Enrolled (u_id,courseCode) VALUES (620022970,'MATH1735'),(620022970,'ECON1561'),(620022970,'CHEM2867');
INSERT INTO Users VALUES (620022971,'Neal','Pearson','NealPearson@gmail.com','PearsonNeal');
INSERT INTO Students VALUES (620022971,'UNDERGRAD','01-01-2020');
INSERT INTO Enrolled (u_id,courseCode) VALUES (620022971,'INFO3419'),(620022971,'PHYS3464'),(620022971,'COMP2541'),(620022971,'MATH2555'),(620022971,'MATH3613'),(620022971,'BIOC1986');
INSERT INTO Users VALUES (620022972,'Thomas','Souza','ThomasSouza@gmail.com','SouzaThomas');
INSERT INTO Students VALUES (620022972,'UNDERGRAD','01-01-2020');
INSERT INTO Enrolled (u_id,courseCode) VALUES (620022972,'BIOC1794'),(620022972,'BIOC1598'),(620022972,'INFO1014');
INSERT INTO Users VALUES (620022973,'Sheila','Noggle','SheilaNoggle@gmail.com','NoggleSheila');
INSERT INTO Students VALUES (620022973,'UNDERGRAD','01-01-2020');
INSERT INTO Enrolled (u_id,courseCode) VALUES (620022973,'COMP3084'),(620022973,'CHEM3327'),(620022973,'ECON3288');
INSERT INTO Users VALUES (620022974,'Milton','Mejias','MiltonMejias@gmail.com','MejiasMilton');
INSERT INTO Students VALUES (620022974,'UNDERGRAD','01-01-2020');
INSERT INTO Enrolled (u_id,courseCode) VALUES (620022974,'PHYS1140'),(620022974,'BIOC1725'),(620022974,'PHYS2229'),(620022974,'PHYS3787'),(620022974,'INFO1833');
INSERT INTO Users VALUES (620022975,'Glenda','Hunter','GlendaHunter@gmail.com','HunterGlenda');
INSERT INTO Students VALUES (620022975,'UNDERGRAD','01-01-2020');
INSERT INTO Enrolled (u_id,courseCode) VALUES (620022975,'COMP2080'),(620022975,'INFO3645'),(620022975,'CHEM3327'),(620022975,'INFO3935'),(620022975,'ECON2722'),(620022975,'MATH1262');
INSERT INTO Users VALUES (620022976,'Douglas','Cash','DouglasCash@gmail.com','CashDouglas');
INSERT INTO Students VALUES (620022976,'UNDERGRAD','01-01-2020');
INSERT INTO Enrolled (u_id,courseCode) VALUES (620022976,'COMP2080'),(620022976,'MATH2555'),(620022976,'COMP3238'),(620022976,'BIOC3341'),(620022976,'CHEM2626');
INSERT INTO Users VALUES (620022977,'Krista','Marshall','KristaMarshall@gmail.com','MarshallKrista');
INSERT INTO Students VALUES (620022977,'UNDERGRAD','01-01-2020');
INSERT INTO Enrolled (u_id,courseCode) VALUES (620022977,'ECON3737'),(620022977,'PHYS3659'),(620022977,'ECON2814'),(620022977,'INFO3419'),(620022977,'COMP2077');
INSERT INTO Users VALUES (620022978,'Jennifer','Halford','JenniferHalford@gmail.com','HalfordJennifer');
INSERT INTO Students VALUES (620022978,'UNDERGRAD','01-01-2020');
INSERT INTO Enrolled (u_id,courseCode) VALUES (620022978,'INFO1833'),(620022978,'ECON2814'),(620022978,'ECON3085');
INSERT INTO Users VALUES (620022979,'Dorcas','Eaton','DorcasEaton@gmail.com','EatonDorcas');
INSERT INTO Students VALUES (620022979,'UNDERGRAD','01-01-2020');
INSERT INTO Enrolled (u_id,courseCode) VALUES (620022979,'BIOC1448'),(620022979,'COMP1184'),(620022979,'CHEM3747'),(620022979,'MATH2717'),(620022979,'COMP2541'),(620022979,'CHEM2481');
INSERT INTO Users VALUES (620022980,'Adelia','Williams','AdeliaWilliams@gmail.com','WilliamsAdelia');
INSERT INTO Students VALUES (620022980,'UNDERGRAD','01-01-2020');
INSERT INTO Enrolled (u_id,courseCode) VALUES (620022980,'COMP3697'),(620022980,'COMP3506'),(620022980,'BIOC3457');
INSERT INTO Users VALUES (620022981,'Nathan','Citizen','NathanCitizen@gmail.com','CitizenNathan');
INSERT INTO Students VALUES (620022981,'UNDERGRAD','01-01-2020');
INSERT INTO Enrolled (u_id,courseCode) VALUES (620022981,'COMP3418'),(620022981,'CHEM2481'),(620022981,'MATH1735'),(620022981,'COMP3536'),(620022981,'INFO2559'),(620022981,'PHYS2667');
INSERT INTO Users VALUES (620022982,'Juanita','Turner','JuanitaTurner@gmail.com','TurnerJuanita');
INSERT INTO Students VALUES (620022982,'UNDERGRAD','01-01-2020');
INSERT INTO Enrolled (u_id,courseCode) VALUES (620022982,'MATH2801'),(620022982,'INFO1990'),(620022982,'PHYS2117'),(620022982,'COMP1357'),(620022982,'CHEM3054');
INSERT INTO Users VALUES (620022983,'Gloria','Dahlheimer','GloriaDahlheimer@gmail.com','DahlheimerGloria');
INSERT INTO Students VALUES (620022983,'UNDERGRAD','01-01-2020');
INSERT INTO Enrolled (u_id,courseCode) VALUES (620022983,'PHYS3659'),(620022983,'PHYS1979'),(620022983,'BIOC2550'),(620022983,'COMP2541'),(620022983,'CHEM2604');
INSERT INTO Users VALUES (620022984,'Thomas','Citizen','ThomasCitizen@gmail.com','CitizenThomas');
INSERT INTO Students VALUES (620022984,'UNDERGRAD','01-01-2020');
INSERT INTO Enrolled (u_id,courseCode) VALUES (620022984,'CHEM2604'),(620022984,'INFO2860'),(620022984,'BIOC1534'),(620022984,'INFO2337'),(620022984,'COMP2717'),(620022984,'MATH3544');
INSERT INTO Users VALUES (620022985,'Vernon','Decker','VernonDecker@gmail.com','DeckerVernon');
INSERT INTO Students VALUES (620022985,'UNDERGRAD','01-01-2020');
INSERT INTO Enrolled (u_id,courseCode) VALUES (620022985,'INFO2213'),(620022985,'CHEM3614'),(620022985,'CHEM2604');
INSERT INTO Users VALUES (620022986,'Delmar','Bradford','DelmarBradford@gmail.com','BradfordDelmar');
INSERT INTO Students VALUES (620022986,'UNDERGRAD','01-01-2020');
INSERT INTO Enrolled (u_id,courseCode) VALUES (620022986,'CHEM2031'),(620022986,'BIOC1164'),(620022986,'BIOC2671'),(620022986,'INFO3419'),(620022986,'BIOC2054'),(620022986,'BIOC2983');
INSERT INTO Users VALUES (620022987,'Tiara','Hayes','TiaraHayes@gmail.com','HayesTiara');
INSERT INTO Students VALUES (620022987,'UNDERGRAD','01-01-2020');
INSERT INTO Enrolled (u_id,courseCode) VALUES (620022987,'BIOC1598'),(620022987,'PHYS2667'),(620022987,'CHEM3409'),(620022987,'BIOC1439'),(620022987,'BIOC1164'),(620022987,'COMP3238');
INSERT INTO Users VALUES (620022988,'Marilyn','Lamar','MarilynLamar@gmail.com','LamarMarilyn');
INSERT INTO Students VALUES (620022988,'UNDERGRAD','01-01-2020');
INSERT INTO Enrolled (u_id,courseCode) VALUES (620022988,'BIOC3191'),(620022988,'ECON3288'),(620022988,'INFO2811');
INSERT INTO Users VALUES (620022989,'Philip','Siple','PhilipSiple@gmail.com','SiplePhilip');
INSERT INTO Students VALUES (620022989,'UNDERGRAD','01-01-2020');
INSERT INTO Enrolled (u_id,courseCode) VALUES (620022989,'COMP1357'),(620022989,'BIOC1104'),(620022989,'CHEM3347'),(620022989,'PHYS2338'),(620022989,'COMP3418');
INSERT INTO Users VALUES (620022990,'Roger','Mcclenon','RogerMcclenon@gmail.com','McclenonRoger');
INSERT INTO Students VALUES (620022990,'UNDERGRAD','01-01-2020');
INSERT INTO Enrolled (u_id,courseCode) VALUES (620022990,'COMP3697'),(620022990,'INFO2797'),(620022990,'ECON1458');
INSERT INTO Users VALUES (620022991,'Howard','Walden','HowardWalden@gmail.com','WaldenHoward');
INSERT INTO Students VALUES (620022991,'UNDERGRAD','01-01-2020');
INSERT INTO Enrolled (u_id,courseCode) VALUES (620022991,'PHYS1399'),(620022991,'COMP3238'),(620022991,'ECON3288');
INSERT INTO Users VALUES (620022992,'Joy','Nichols','JoyNichols@gmail.com','NicholsJoy');
INSERT INTO Students VALUES (620022992,'UNDERGRAD','01-01-2020');
INSERT INTO Enrolled (u_id,courseCode) VALUES (620022992,'MATH2501'),(620022992,'INFO1288'),(620022992,'COMP1184'),(620022992,'INFO3868'),(620022992,'MATH3173');
INSERT INTO Users VALUES (620022993,'Francisca','Figueroa','FranciscaFigueroa@gmail.com','FigueroaFrancisca');
INSERT INTO Students VALUES (620022993,'UNDERGRAD','01-01-2020');
INSERT INTO Enrolled (u_id,courseCode) VALUES (620022993,'ECON3288'),(620022993,'BIOC1866'),(620022993,'COMP2965');
INSERT INTO Users VALUES (620022994,'Delmar','Maze','DelmarMaze@gmail.com','MazeDelmar');
INSERT INTO Students VALUES (620022994,'UNDERGRAD','01-01-2020');
INSERT INTO Enrolled (u_id,courseCode) VALUES (620022994,'MATH2555'),(620022994,'MATH2717'),(620022994,'ECON3276');
INSERT INTO Users VALUES (620022995,'Mathew','Campbell','MathewCampbell@gmail.com','CampbellMathew');
INSERT INTO Students VALUES (620022995,'UNDERGRAD','01-01-2020');
INSERT INTO Enrolled (u_id,courseCode) VALUES (620022995,'PHYS2117'),(620022995,'CHEM1807'),(620022995,'MATH2550'),(620022995,'MATH1578'),(620022995,'INFO2813');
INSERT INTO Users VALUES (620022996,'Walter','Lindstrom','WalterLindstrom@gmail.com','LindstromWalter');
INSERT INTO Students VALUES (620022996,'UNDERGRAD','01-01-2020');
INSERT INTO Enrolled (u_id,courseCode) VALUES (620022996,'MATH3222'),(620022996,'MATH2067'),(620022996,'INFO2860'),(620022996,'PHYS3729'),(620022996,'CHEM2177'),(620022996,'ECON3737');
INSERT INTO Users VALUES (620022997,'Lauren','Golden','LaurenGolden@gmail.com','GoldenLauren');
INSERT INTO Students VALUES (620022997,'UNDERGRAD','01-01-2020');
INSERT INTO Enrolled (u_id,courseCode) VALUES (620022997,'PHYS3290'),(620022997,'ECON3228'),(620022997,'PHYS1979'),(620022997,'CHEM2220'),(620022997,'PHYS1930');
INSERT INTO Users VALUES (620022998,'Rick','Maione','RickMaione@gmail.com','MaioneRick');
INSERT INTO Students VALUES (620022998,'UNDERGRAD','01-01-2020');
INSERT INTO Enrolled (u_id,courseCode) VALUES (620022998,'COMP1543'),(620022998,'MATH1735'),(620022998,'INFO3603'),(620022998,'COMP2717');
INSERT INTO Users VALUES (620022999,'Leticia','Sandlin','LeticiaSandlin@gmail.com','SandlinLeticia');
INSERT INTO Students VALUES (620022999,'UNDERGRAD','01-01-2020');
INSERT INTO Enrolled (u_id,courseCode) VALUES (620022999,'INFO1145'),(620022999,'ECON3085'),(620022999,'PHYS2238');
INSERT INTO Users VALUES (620023000,'Donald','Wilson','DonaldWilson@gmail.com','WilsonDonald');
INSERT INTO Students VALUES (620023000,'UNDERGRAD','01-01-2020');
INSERT INTO Enrolled (u_id,courseCode) VALUES (620023000,'PHYS2117'),(620023000,'BIOC3341'),(620023000,'COMP1184'),(620023000,'COMP1460'),(620023000,'COMP3173');
INSERT INTO Users VALUES (620023001,'Elwood','Prince','ElwoodPrince@gmail.com','PrinceElwood');
INSERT INTO Students VALUES (620023001,'UNDERGRAD','01-01-2020');
INSERT INTO Enrolled (u_id,courseCode) VALUES (620023001,'CHEM1494'),(620023001,'ECON1098'),(620023001,'MATH1250');
INSERT INTO Users VALUES (620023002,'Flora','Flowers','FloraFlowers@gmail.com','FlowersFlora');
INSERT INTO Students VALUES (620023002,'UNDERGRAD','01-01-2020');
INSERT INTO Enrolled (u_id,courseCode) VALUES (620023002,'CHEM3347'),(620023002,'BIOC1794'),(620023002,'ECON3063'),(620023002,'INFO2270');
INSERT INTO Users VALUES (620023003,'Willie','Christenberry','WillieChristenberry@gmail.com','ChristenberryWillie');
INSERT INTO Students VALUES (620023003,'UNDERGRAD','01-01-2020');
INSERT INTO Enrolled (u_id,courseCode) VALUES (620023003,'CHEM2149'),(620023003,'ECON3276'),(620023003,'INFO3645'),(620023003,'COMP3506'),(620023003,'BIOC1598');
INSERT INTO Users VALUES (620023004,'Dominick','Davis','DominickDavis@gmail.com','DavisDominick');
INSERT INTO Students VALUES (620023004,'UNDERGRAD','01-01-2020');
INSERT INTO Enrolled (u_id,courseCode) VALUES (620023004,'MATH1262'),(620023004,'PHYS2451'),(620023004,'MATH2188'),(620023004,'PHYS3052');
INSERT INTO Users VALUES (620023005,'Wanda','Eaton','WandaEaton@gmail.com','EatonWanda');
INSERT INTO Students VALUES (620023005,'UNDERGRAD','01-01-2020');
INSERT INTO Enrolled (u_id,courseCode) VALUES (620023005,'PHYS3729'),(620023005,'PHYS2113'),(620023005,'MATH3209');
INSERT INTO Users VALUES (620023006,'Shirley','Terry','ShirleyTerry@gmail.com','TerryShirley');
INSERT INTO Students VALUES (620023006,'UNDERGRAD','01-01-2020');
INSERT INTO Enrolled (u_id,courseCode) VALUES (620023006,'MATH1148'),(620023006,'PHYS3686'),(620023006,'CHEM2220'),(620023006,'COMP3167'),(620023006,'BIOC3721');
INSERT INTO Users VALUES (620023007,'Juan','Pulley','JuanPulley@gmail.com','PulleyJuan');
INSERT INTO Students VALUES (620023007,'UNDERGRAD','01-01-2020');
INSERT INTO Enrolled (u_id,courseCode) VALUES (620023007,'BIOC1485'),(620023007,'PHYS1930'),(620023007,'INFO2521');
INSERT INTO Users VALUES (620023008,'Lisa','Guidry','LisaGuidry@gmail.com','GuidryLisa');
INSERT INTO Students VALUES (620023008,'UNDERGRAD','01-01-2020');
INSERT INTO Enrolled (u_id,courseCode) VALUES (620023008,'INFO2716'),(620023008,'CHEM2797'),(620023008,'CHEM2220');
INSERT INTO Users VALUES (620023009,'Don','Jensen','DonJensen@gmail.com','JensenDon');
INSERT INTO Students VALUES (620023009,'UNDERGRAD','01-01-2020');
INSERT INTO Enrolled (u_id,courseCode) VALUES (620023009,'ECON3276'),(620023009,'COMP3536'),(620023009,'BIOC1986'),(620023009,'MATH2188'),(620023009,'BIOC2983');
INSERT INTO Users VALUES (620023010,'Matthew','Harrington','MatthewHarrington@gmail.com','HarringtonMatthew');
INSERT INTO Students VALUES (620023010,'UNDERGRAD','01-01-2020');
INSERT INTO Enrolled (u_id,courseCode) VALUES (620023010,'CHEM3793'),(620023010,'INFO2213'),(620023010,'BIOC1794');
INSERT INTO Users VALUES (620023011,'Shannon','Santos','ShannonSantos@gmail.com','SantosShannon');
INSERT INTO Students VALUES (620023011,'UNDERGRAD','01-01-2020');
INSERT INTO Enrolled (u_id,courseCode) VALUES (620023011,'CHEM3617'),(620023011,'INFO2147'),(620023011,'ECON1645'),(620023011,'PHYS2977');
INSERT INTO Users VALUES (620023012,'Rachel','Coleman','RachelColeman@gmail.com','ColemanRachel');
INSERT INTO Students VALUES (620023012,'UNDERGRAD','01-01-2020');
INSERT INTO Enrolled (u_id,courseCode) VALUES (620023012,'CHEM3747'),(620023012,'COMP3238'),(620023012,'MATH3222'),(620023012,'ECON1996'),(620023012,'MATH1735');
INSERT INTO Users VALUES (620023013,'Adelle','Brickey','AdelleBrickey@gmail.com','BrickeyAdelle');
INSERT INTO Students VALUES (620023013,'UNDERGRAD','01-01-2020');
INSERT INTO Enrolled (u_id,courseCode) VALUES (620023013,'MATH3844'),(620023013,'PHYS1173'),(620023013,'MATH1638'),(620023013,'MATH3688'),(620023013,'COMP3173');
INSERT INTO Users VALUES (620023014,'Christina','Tirabassi','ChristinaTirabassi@gmail.com','TirabassiChristina');
INSERT INTO Students VALUES (620023014,'UNDERGRAD','01-01-2020');
INSERT INTO Enrolled (u_id,courseCode) VALUES (620023014,'PHYS1140'),(620023014,'BIOC3457'),(620023014,'BIOC1910'),(620023014,'ECON3737'),(620023014,'PHYS2563'),(620023014,'CHEM2031');
INSERT INTO Users VALUES (620023015,'Amee','Evans','AmeeEvans@gmail.com','EvansAmee');
INSERT INTO Students VALUES (620023015,'UNDERGRAD','01-01-2020');
INSERT INTO Enrolled (u_id,courseCode) VALUES (620023015,'INFO2559'),(620023015,'CHEM2220'),(620023015,'MATH2067'),(620023015,'BIOC3230');
INSERT INTO Users VALUES (620023016,'Doris','White','DorisWhite@gmail.com','WhiteDoris');
INSERT INTO Students VALUES (620023016,'UNDERGRAD','01-01-2020');
INSERT INTO Enrolled (u_id,courseCode) VALUES (620023016,'ECON3372'),(620023016,'INFO1145'),(620023016,'MATH2717');
INSERT INTO Users VALUES (620023017,'Janet','Garcia','JanetGarcia@gmail.com','GarciaJanet');
INSERT INTO Students VALUES (620023017,'UNDERGRAD','01-01-2020');
INSERT INTO Enrolled (u_id,courseCode) VALUES (620023017,'CHEM3747'),(620023017,'CHEM2697'),(620023017,'INFO2813');
INSERT INTO Users VALUES (620023018,'Marshall','Scully','MarshallScully@gmail.com','ScullyMarshall');
INSERT INTO Students VALUES (620023018,'UNDERGRAD','01-01-2020');
INSERT INTO Enrolled (u_id,courseCode) VALUES (620023018,'MATH3688'),(620023018,'BIOC3457'),(620023018,'CHEM2727'),(620023018,'INFO3935'),(620023018,'CHEM2149');
INSERT INTO Users VALUES (620023019,'Lorenza','Danker','LorenzaDanker@gmail.com','DankerLorenza');
INSERT INTO Students VALUES (620023019,'UNDERGRAD','01-01-2020');
INSERT INTO Enrolled (u_id,courseCode) VALUES (620023019,'BIOC1744'),(620023019,'COMP2400'),(620023019,'BIOC2983'),(620023019,'INFO2213');
INSERT INTO Users VALUES (620023020,'John','Figueroa','JohnFigueroa@gmail.com','FigueroaJohn');
INSERT INTO Students VALUES (620023020,'UNDERGRAD','01-01-2020');
INSERT INTO Enrolled (u_id,courseCode) VALUES (620023020,'COMP2400'),(620023020,'CHEM3409'),(620023020,'ECON3085'),(620023020,'COMP2651');
INSERT INTO Users VALUES (620023021,'Roberto','Scarbrough','RobertoScarbrough@gmail.com','ScarbroughRoberto');
INSERT INTO Students VALUES (620023021,'UNDERGRAD','01-01-2020');
INSERT INTO Enrolled (u_id,courseCode) VALUES (620023021,'BIOC3230'),(620023021,'COMP3173'),(620023021,'ECON1230'),(620023021,'INFO3645'),(620023021,'BIOC1866');
INSERT INTO Users VALUES (620023022,'Curtis','Walden','CurtisWalden@gmail.com','WaldenCurtis');
INSERT INTO Students VALUES (620023022,'UNDERGRAD','01-01-2020');
INSERT INTO Enrolled (u_id,courseCode) VALUES (620023022,'BIOC3341'),(620023022,'MATH3613'),(620023022,'MATH3844'),(620023022,'MATH2555'),(620023022,'MATH1309'),(620023022,'PHYS2451');
INSERT INTO Users VALUES (620023023,'Ed','Dohse','EdDohse@gmail.com','DohseEd');
INSERT INTO Students VALUES (620023023,'UNDERGRAD','01-01-2020');
INSERT INTO Enrolled (u_id,courseCode) VALUES (620023023,'MATH2550'),(620023023,'CHEM1494'),(620023023,'CHEM2697'),(620023023,'COMP3536'),(620023023,'BIOC1725'),(620023023,'ECON3372');
INSERT INTO Users VALUES (620023024,'Magdalen','Kaupp','MagdalenKaupp@gmail.com','KauppMagdalen');
INSERT INTO Students VALUES (620023024,'UNDERGRAD','01-01-2020');
INSERT INTO Enrolled (u_id,courseCode) VALUES (620023024,'PHYS2448'),(620023024,'INFO3868'),(620023024,'COMP3084'),(620023024,'INFO2147'),(620023024,'COMP1184'),(620023024,'INFO3603');
INSERT INTO Users VALUES (620023025,'Georgie','Madsen','GeorgieMadsen@gmail.com','MadsenGeorgie');
INSERT INTO Students VALUES (620023025,'UNDERGRAD','01-01-2020');
INSERT INTO Enrolled (u_id,courseCode) VALUES (620023025,'INFO3603'),(620023025,'INFO2950'),(620023025,'INFO2270'),(620023025,'MATH1638'),(620023025,'CHEM3888'),(620023025,'CHEM1807');
INSERT INTO Users VALUES (620023026,'Kathy','Quintero','KathyQuintero@gmail.com','QuinteroKathy');
INSERT INTO Students VALUES (620023026,'UNDERGRAD','01-01-2020');
INSERT INTO Enrolled (u_id,courseCode) VALUES (620023026,'BIOC2236'),(620023026,'BIOC3341'),(620023026,'ECON2814'),(620023026,'ECON1645'),(620023026,'CHEM3614'),(620023026,'INFO3645');
INSERT INTO Users VALUES (620023027,'Clifford','Braun','CliffordBraun@gmail.com','BraunClifford');
INSERT INTO Students VALUES (620023027,'UNDERGRAD','01-01-2020');
INSERT INTO Enrolled (u_id,courseCode) VALUES (620023027,'MATH2717'),(620023027,'BIOC1164'),(620023027,'CHEM2065');
INSERT INTO Users VALUES (620023028,'Magdalen','Scales','MagdalenScales@gmail.com','ScalesMagdalen');
INSERT INTO Students VALUES (620023028,'UNDERGRAD','01-01-2020');
INSERT INTO Enrolled (u_id,courseCode) VALUES (620023028,'MATH2501'),(620023028,'BIOC2236'),(620023028,'COMP2965'),(620023028,'MATH1148'),(620023028,'ECON3085');
INSERT INTO Users VALUES (620023029,'Brooke','Carlyle','BrookeCarlyle@gmail.com','CarlyleBrooke');
INSERT INTO Students VALUES (620023029,'UNDERGRAD','01-01-2020');
INSERT INTO Enrolled (u_id,courseCode) VALUES (620023029,'CHEM3614'),(620023029,'BIOC1794'),(620023029,'BIOC1598'),(620023029,'CHEM1613'),(620023029,'INFO2559');
INSERT INTO Users VALUES (620023030,'Georgie','Turner','GeorgieTurner@gmail.com','TurnerGeorgie');
INSERT INTO Students VALUES (620023030,'UNDERGRAD','01-01-2020');
INSERT INTO Enrolled (u_id,courseCode) VALUES (620023030,'MATH1148'),(620023030,'COMP3697'),(620023030,'CHEM2005'),(620023030,'BIOC1164');
INSERT INTO Users VALUES (620023031,'Bryan','Turner','BryanTurner@gmail.com','TurnerBryan');
INSERT INTO Students VALUES (620023031,'UNDERGRAD','01-01-2020');
INSERT INTO Enrolled (u_id,courseCode) VALUES (620023031,'ECON1098'),(620023031,'COMP1051'),(620023031,'ECON3288');
INSERT INTO Users VALUES (620023032,'Joy','Bowerman','JoyBowerman@gmail.com','BowermanJoy');
INSERT INTO Students VALUES (620023032,'UNDERGRAD','01-01-2020');
INSERT INTO Enrolled (u_id,courseCode) VALUES (620023032,'CHEM2177'),(620023032,'MATH2555'),(620023032,'PHYS1993'),(620023032,'MATH1735'),(620023032,'CHEM2066');
INSERT INTO Users VALUES (620023033,'Rosa','Meraz','RosaMeraz@gmail.com','MerazRosa');
INSERT INTO Students VALUES (620023033,'UNDERGRAD','01-01-2020');
INSERT INTO Enrolled (u_id,courseCode) VALUES (620023033,'PHYS2229'),(620023033,'ECON2345'),(620023033,'ECON3550'),(620023033,'CHEM2065');
INSERT INTO Users VALUES (620023034,'Jeanna','Golden','JeannaGolden@gmail.com','GoldenJeanna');
INSERT INTO Students VALUES (620023034,'UNDERGRAD','01-01-2020');
INSERT INTO Enrolled (u_id,courseCode) VALUES (620023034,'ECON3020'),(620023034,'MATH3544'),(620023034,'ECON1561'),(620023034,'COMP3536'),(620023034,'ECON3447');
INSERT INTO Users VALUES (620023035,'Dean','Tirabassi','DeanTirabassi@gmail.com','TirabassiDean');
INSERT INTO Students VALUES (620023035,'UNDERGRAD','01-01-2020');
INSERT INTO Enrolled (u_id,courseCode) VALUES (620023035,'COMP3685'),(620023035,'COMP2400'),(620023035,'COMP1051'),(620023035,'COMP3506'),(620023035,'ECON2703');
INSERT INTO Users VALUES (620023036,'Roger','James','RogerJames@gmail.com','JamesRoger');
INSERT INTO Students VALUES (620023036,'UNDERGRAD','01-01-2020');
INSERT INTO Enrolled (u_id,courseCode) VALUES (620023036,'CHEM2446'),(620023036,'COMP3047'),(620023036,'BIOC1866');
INSERT INTO Users VALUES (620023037,'Cliff','Golden','CliffGolden@gmail.com','GoldenCliff');
INSERT INTO Students VALUES (620023037,'UNDERGRAD','01-01-2020');
INSERT INTO Enrolled (u_id,courseCode) VALUES (620023037,'INFO1648'),(620023037,'MATH2550'),(620023037,'CHEM2149'),(620023037,'CHEM2446'),(620023037,'INFO2636');
INSERT INTO Users VALUES (620023038,'Vanessa','Bennett','VanessaBennett@gmail.com','BennettVanessa');
INSERT INTO Students VALUES (620023038,'UNDERGRAD','01-01-2020');
INSERT INTO Enrolled (u_id,courseCode) VALUES (620023038,'COMP1357'),(620023038,'COMP3697'),(620023038,'ECON3004'),(620023038,'PHYS3686'),(620023038,'MATH1262');
INSERT INTO Users VALUES (620023039,'Shawn','Flowers','ShawnFlowers@gmail.com','FlowersShawn');
INSERT INTO Students VALUES (620023039,'UNDERGRAD','01-01-2020');
INSERT INTO Enrolled (u_id,courseCode) VALUES (620023039,'INFO2860'),(620023039,'BIOC1052'),(620023039,'ECON1012'),(620023039,'INFO2813'),(620023039,'CHEM1807');
INSERT INTO Users VALUES (620023040,'Gregory','Mance','GregoryMance@gmail.com','ManceGregory');
INSERT INTO Students VALUES (620023040,'UNDERGRAD','01-01-2020');
INSERT INTO Enrolled (u_id,courseCode) VALUES (620023040,'PHYS1140'),(620023040,'CHEM3327'),(620023040,'CHEM2797'),(620023040,'ECON3063'),(620023040,'COMP3639'),(620023040,'INFO1014');
INSERT INTO Users VALUES (620023041,'Colin','Mattingly','ColinMattingly@gmail.com','MattinglyColin');
INSERT INTO Students VALUES (620023041,'UNDERGRAD','01-01-2020');
INSERT INTO Enrolled (u_id,courseCode) VALUES (620023041,'INFO2811'),(620023041,'PHYS2117'),(620023041,'PHYS3659');
INSERT INTO Users VALUES (620023042,'Shalanda','Hudson','ShalandaHudson@gmail.com','HudsonShalanda');
INSERT INTO Students VALUES (620023042,'UNDERGRAD','01-01-2020');
INSERT INTO Enrolled (u_id,courseCode) VALUES (620023042,'PHYS3659'),(620023042,'INFO1145'),(620023042,'COMP1573');
INSERT INTO Users VALUES (620023043,'Jake','Vargas','JakeVargas@gmail.com','VargasJake');
INSERT INTO Students VALUES (620023043,'UNDERGRAD','01-01-2020');
INSERT INTO Enrolled (u_id,courseCode) VALUES (620023043,'ECON1098'),(620023043,'MATH3613'),(620023043,'INFO1990'),(620023043,'BIOC2589'),(620023043,'COMP1460');
INSERT INTO Users VALUES (620023044,'Rachel','Richardson','RachelRichardson@gmail.com','RichardsonRachel');
INSERT INTO Students VALUES (620023044,'UNDERGRAD','01-01-2020');
INSERT INTO Enrolled (u_id,courseCode) VALUES (620023044,'COMP1357'),(620023044,'BIOC3191'),(620023044,'ECON3085'),(620023044,'ECON1783');
INSERT INTO Users VALUES (620023045,'Ladawn','Carrington','LadawnCarrington@gmail.com','CarringtonLadawn');
INSERT INTO Students VALUES (620023045,'UNDERGRAD','01-01-2020');
INSERT INTO Enrolled (u_id,courseCode) VALUES (620023045,'ECON3989'),(620023045,'COMP1460'),(620023045,'CHEM2626'),(620023045,'COMP1184'),(620023045,'COMP2400'),(620023045,'COMP3167');
INSERT INTO Users VALUES (620023046,'Vickie','Ramlall','VickieRamlall@gmail.com','RamlallVickie');
INSERT INTO Students VALUES (620023046,'UNDERGRAD','01-01-2020');
INSERT INTO Enrolled (u_id,courseCode) VALUES (620023046,'ECON1012'),(620023046,'MATH3688'),(620023046,'PHYS3729'),(620023046,'PHYS1140');
INSERT INTO Users VALUES (620023047,'Edward','Orchard','EdwardOrchard@gmail.com','OrchardEdward');
INSERT INTO Students VALUES (620023047,'UNDERGRAD','01-01-2020');
INSERT INTO Enrolled (u_id,courseCode) VALUES (620023047,'INFO2521'),(620023047,'BIOC1485'),(620023047,'ECON3550');
INSERT INTO Users VALUES (620023048,'Greg','Early','GregEarly@gmail.com','EarlyGreg');
INSERT INTO Students VALUES (620023048,'UNDERGRAD','01-01-2020');
INSERT INTO Enrolled (u_id,courseCode) VALUES (620023048,'ECON1645'),(620023048,'COMP3849'),(620023048,'PHYS2448'),(620023048,'BIOC1598'),(620023048,'BIOC1986'),(620023048,'INFO2213');
INSERT INTO Users VALUES (620023049,'Adelia','Morey','AdeliaMorey@gmail.com','MoreyAdelia');
INSERT INTO Students VALUES (620023049,'UNDERGRAD','01-01-2020');
INSERT INTO Enrolled (u_id,courseCode) VALUES (620023049,'ECON3004'),(620023049,'COMP1460'),(620023049,'INFO3636'),(620023049,'BIOC3604');
INSERT INTO Users VALUES (620023050,'Tanya','English','TanyaEnglish@gmail.com','EnglishTanya');
INSERT INTO Students VALUES (620023050,'UNDERGRAD','01-01-2020');
INSERT INTO Enrolled (u_id,courseCode) VALUES (620023050,'ECON3085'),(620023050,'INFO2636'),(620023050,'CHEM2066');
INSERT INTO Users VALUES (620023051,'Paul','Marshall','PaulMarshall@gmail.com','MarshallPaul');
INSERT INTO Students VALUES (620023051,'UNDERGRAD','01-01-2020');
INSERT INTO Enrolled (u_id,courseCode) VALUES (620023051,'BIOC1866'),(620023051,'BIOC1725'),(620023051,'INFO2813'),(620023051,'PHYS2117'),(620023051,'PHYS2229'),(620023051,'MATH3222');
INSERT INTO Users VALUES (620023052,'Latoya','Mauk','LatoyaMauk@gmail.com','MaukLatoya');
INSERT INTO Students VALUES (620023052,'UNDERGRAD','01-01-2020');
INSERT INTO Enrolled (u_id,courseCode) VALUES (620023052,'ECON3063'),(620023052,'MATH1638'),(620023052,'MATH3544');
INSERT INTO Users VALUES (620023053,'Gregory','Brown','GregoryBrown@gmail.com','BrownGregory');
INSERT INTO Students VALUES (620023053,'UNDERGRAD','01-01-2020');
INSERT INTO Enrolled (u_id,courseCode) VALUES (620023053,'MATH1638'),(620023053,'CHEM2220'),(620023053,'MATH2873'),(620023053,'PHYS2113'),(620023053,'MATH3059'),(620023053,'BIOC3230');
INSERT INTO Users VALUES (620023054,'Nina','Scarbrough','NinaScarbrough@gmail.com','ScarbroughNina');
INSERT INTO Students VALUES (620023054,'UNDERGRAD','01-01-2020');
INSERT INTO Enrolled (u_id,courseCode) VALUES (620023054,'MATH1250'),(620023054,'ECON3085'),(620023054,'ECON3372'),(620023054,'ECON3063'),(620023054,'BIOC1744');
INSERT INTO Users VALUES (620023055,'Lilla','Rivera','LillaRivera@gmail.com','RiveraLilla');
INSERT INTO Students VALUES (620023055,'UNDERGRAD','01-01-2020');
INSERT INTO Enrolled (u_id,courseCode) VALUES (620023055,'INFO1825'),(620023055,'CHEM3793'),(620023055,'CHEM3614'),(620023055,'CHEM2626'),(620023055,'MATH1578'),(620023055,'INFO2860');
INSERT INTO Users VALUES (620023056,'Francis','Atkins','FrancisAtkins@gmail.com','AtkinsFrancis');
INSERT INTO Students VALUES (620023056,'UNDERGRAD','01-01-2020');
INSERT INTO Enrolled (u_id,courseCode) VALUES (620023056,'ECON1561'),(620023056,'INFO3645'),(620023056,'ECON2387'),(620023056,'INFO2950'),(620023056,'PHYS3354'),(620023056,'ECON3281');
INSERT INTO Users VALUES (620023057,'William','Santos','WilliamSantos@gmail.com','SantosWilliam');
INSERT INTO Students VALUES (620023057,'UNDERGRAD','01-01-2020');
INSERT INTO Enrolled (u_id,courseCode) VALUES (620023057,'INFO2636'),(620023057,'COMP3849'),(620023057,'INFO3419');
INSERT INTO Users VALUES (620023058,'Adelia','Hudson','AdeliaHudson@gmail.com','HudsonAdelia');
INSERT INTO Students VALUES (620023058,'UNDERGRAD','01-01-2020');
INSERT INTO Enrolled (u_id,courseCode) VALUES (620023058,'PHYS2306'),(620023058,'INFO3419'),(620023058,'COMP3238'),(620023058,'MATH1648'),(620023058,'PHYS2667'),(620023058,'PHYS2113');
INSERT INTO Users VALUES (620023059,'Jason','Cannon','JasonCannon@gmail.com','CannonJason');
INSERT INTO Students VALUES (620023059,'UNDERGRAD','01-01-2020');
INSERT INTO Enrolled (u_id,courseCode) VALUES (620023059,'PHYS2563'),(620023059,'BIOC3341'),(620023059,'CHEM3614'),(620023059,'MATH3029');
INSERT INTO Users VALUES (620023060,'Milton','Rios','MiltonRios@gmail.com','RiosMilton');
INSERT INTO Students VALUES (620023060,'UNDERGRAD','01-01-2020');
INSERT INTO Enrolled (u_id,courseCode) VALUES (620023060,'MATH1250'),(620023060,'ECON3311'),(620023060,'INFO2716'),(620023060,'BIOC3604'),(620023060,'CHEM1613'),(620023060,'MATH3222');
INSERT INTO Users VALUES (620023061,'Thomas','Lundholm','ThomasLundholm@gmail.com','LundholmThomas');
INSERT INTO Students VALUES (620023061,'UNDERGRAD','01-01-2020');
INSERT INTO Enrolled (u_id,courseCode) VALUES (620023061,'CHEM3347'),(620023061,'MATH3857'),(620023061,'ECON3020'),(620023061,'MATH3209');
INSERT INTO Users VALUES (620023062,'Justin','Rice','JustinRice@gmail.com','RiceJustin');
INSERT INTO Students VALUES (620023062,'UNDERGRAD','01-01-2020');
INSERT INTO Enrolled (u_id,courseCode) VALUES (620023062,'PHYS3876'),(620023062,'COMP2717'),(620023062,'MATH1638');
INSERT INTO Users VALUES (620023063,'Ruth','Charland','RuthCharland@gmail.com','CharlandRuth');
INSERT INTO Students VALUES (620023063,'UNDERGRAD','01-01-2020');
INSERT INTO Enrolled (u_id,courseCode) VALUES (620023063,'BIOC1744'),(620023063,'MATH3059'),(620023063,'COMP3167'),(620023063,'COMP1573'),(620023063,'ECON3004'),(620023063,'BIOC1164');
INSERT INTO Users VALUES (620023064,'Kenneth','Mertens','KennethMertens@gmail.com','MertensKenneth');
INSERT INTO Students VALUES (620023064,'UNDERGRAD','01-01-2020');
INSERT INTO Enrolled (u_id,courseCode) VALUES (620023064,'INFO2811'),(620023064,'CHEM2065'),(620023064,'MATH3844'),(620023064,'ECON3228'),(620023064,'BIOC3721');
INSERT INTO Users VALUES (620023065,'Edward','Ratterman','EdwardRatterman@gmail.com','RattermanEdward');
INSERT INTO Students VALUES (620023065,'UNDERGRAD','01-01-2020');
INSERT INTO Enrolled (u_id,courseCode) VALUES (620023065,'PHYS1979'),(620023065,'INFO2950'),(620023065,'BIOC2983'),(620023065,'ECON2814');
INSERT INTO Users VALUES (620023066,'Jeffrey','Griffin','JeffreyGriffin@gmail.com','GriffinJeffrey');
INSERT INTO Students VALUES (620023066,'UNDERGRAD','01-01-2020');
INSERT INTO Enrolled (u_id,courseCode) VALUES (620023066,'BIOC2981'),(620023066,'PHYS2113'),(620023066,'BIOC1439');
INSERT INTO Users VALUES (620023067,'Linda','Walden','LindaWalden@gmail.com','WaldenLinda');
INSERT INTO Students VALUES (620023067,'UNDERGRAD','01-01-2020');
INSERT INTO Enrolled (u_id,courseCode) VALUES (620023067,'MATH3222'),(620023067,'CHEM3888'),(620023067,'MATH1735'),(620023067,'COMP3536'),(620023067,'BIOC1866');
INSERT INTO Users VALUES (620023068,'Krista','Burch','KristaBurch@gmail.com','BurchKrista');
INSERT INTO Students VALUES (620023068,'UNDERGRAD','01-01-2020');
INSERT INTO Enrolled (u_id,courseCode) VALUES (620023068,'BIOC2671'),(620023068,'INFO3636'),(620023068,'INFO2860'),(620023068,'BIOC2054'),(620023068,'ECON1012'),(620023068,'MATH3059');
INSERT INTO Users VALUES (620023069,'Floyd','Schilling','FloydSchilling@gmail.com','SchillingFloyd');
INSERT INTO Students VALUES (620023069,'UNDERGRAD','01-01-2020');
INSERT INTO Enrolled (u_id,courseCode) VALUES (620023069,'MATH3029'),(620023069,'COMP2080'),(620023069,'BIOC3721');
INSERT INTO Users VALUES (620023070,'Melodie','Ratterman','MelodieRatterman@gmail.com','RattermanMelodie');
INSERT INTO Students VALUES (620023070,'UNDERGRAD','01-01-2020');
INSERT INTO Enrolled (u_id,courseCode) VALUES (620023070,'MATH2801'),(620023070,'MATH3544'),(620023070,'MATH3222'),(620023070,'CHEM2005');
INSERT INTO Users VALUES (620023071,'Luella','Lemieux','LuellaLemieux@gmail.com','LemieuxLuella');
INSERT INTO Students VALUES (620023071,'UNDERGRAD','01-01-2020');
INSERT INTO Enrolled (u_id,courseCode) VALUES (620023071,'PHYS2117'),(620023071,'CHEM2177'),(620023071,'ECON2814');
INSERT INTO Users VALUES (620023072,'Richard','Burney','RichardBurney@gmail.com','BurneyRichard');
INSERT INTO Students VALUES (620023072,'UNDERGRAD','01-01-2020');
INSERT INTO Enrolled (u_id,courseCode) VALUES (620023072,'PHYS2451'),(620023072,'COMP3746'),(620023072,'ECON3288'),(620023072,'MATH3844'),(620023072,'MATH3029'),(620023072,'BIOC1986');
INSERT INTO Users VALUES (620023073,'Ashleigh','Carlos','AshleighCarlos@gmail.com','CarlosAshleigh');
INSERT INTO Students VALUES (620023073,'UNDERGRAD','01-01-2020');
INSERT INTO Enrolled (u_id,courseCode) VALUES (620023073,'COMP1543'),(620023073,'ECON1996'),(620023073,'ECON1589');
INSERT INTO Users VALUES (620023074,'Sandra','Wolfe','SandraWolfe@gmail.com','WolfeSandra');
INSERT INTO Students VALUES (620023074,'UNDERGRAD','01-01-2020');
INSERT INTO Enrolled (u_id,courseCode) VALUES (620023074,'INFO1990'),(620023074,'ECON3523'),(620023074,'COMP1460'),(620023074,'CHEM1494');
INSERT INTO Users VALUES (620023075,'Tanya','Prince','TanyaPrince@gmail.com','PrinceTanya');
INSERT INTO Students VALUES (620023075,'UNDERGRAD','01-01-2020');
INSERT INTO Enrolled (u_id,courseCode) VALUES (620023075,'COMP1867'),(620023075,'BIOC1910'),(620023075,'INFO2811'),(620023075,'PHYS1993'),(620023075,'MATH3179');
INSERT INTO Users VALUES (620023076,'Sean','Gilmore','SeanGilmore@gmail.com','GilmoreSean');
INSERT INTO Students VALUES (620023076,'UNDERGRAD','01-01-2020');
INSERT INTO Enrolled (u_id,courseCode) VALUES (620023076,'COMP3849'),(620023076,'INFO3603'),(620023076,'ECON3063'),(620023076,'ECON3085'),(620023076,'PHYS3659');
INSERT INTO Users VALUES (620023077,'Ladawn','Winner','LadawnWinner@gmail.com','WinnerLadawn');
INSERT INTO Students VALUES (620023077,'UNDERGRAD','01-01-2020');
INSERT INTO Enrolled (u_id,courseCode) VALUES (620023077,'CHEM3347'),(620023077,'CHEM2220'),(620023077,'ECON1996'),(620023077,'CHEM3888'),(620023077,'CHEM3617'),(620023077,'BIOC1794');
INSERT INTO Users VALUES (620023078,'Roberta','Eddins','RobertaEddins@gmail.com','EddinsRoberta');
INSERT INTO Students VALUES (620023078,'UNDERGRAD','01-01-2020');
INSERT INTO Enrolled (u_id,courseCode) VALUES (620023078,'MATH3688'),(620023078,'BIOC1598'),(620023078,'ECON1098'),(620023078,'CHEM3347'),(620023078,'CHEM2177');
INSERT INTO Users VALUES (620023079,'Carolyn','Wolfe','CarolynWolfe@gmail.com','WolfeCarolyn');
INSERT INTO Students VALUES (620023079,'UNDERGRAD','01-01-2020');
INSERT INTO Enrolled (u_id,courseCode) VALUES (620023079,'MATH1972'),(620023079,'CHEM2005'),(620023079,'PHYS2306');
INSERT INTO Users VALUES (620023080,'Marilyn','Hinojosa','MarilynHinojosa@gmail.com','HinojosaMarilyn');
INSERT INTO Students VALUES (620023080,'UNDERGRAD','01-01-2020');
INSERT INTO Enrolled (u_id,courseCode) VALUES (620023080,'BIOC1986'),(620023080,'INFO2270'),(620023080,'BIOC1725'),(620023080,'MATH3544'),(620023080,'COMP3167'),(620023080,'INFO2636');
INSERT INTO Users VALUES (620023081,'Jamison','Bowerman','JamisonBowerman@gmail.com','BowermanJamison');
INSERT INTO Students VALUES (620023081,'UNDERGRAD','01-01-2020');
INSERT INTO Enrolled (u_id,courseCode) VALUES (620023081,'COMP3639'),(620023081,'MATH3029'),(620023081,'MATH1735');
INSERT INTO Users VALUES (620023082,'Martin','Maione','MartinMaione@gmail.com','MaioneMartin');
INSERT INTO Students VALUES (620023082,'UNDERGRAD','01-01-2020');
INSERT INTO Enrolled (u_id,courseCode) VALUES (620023082,'CHEM1340'),(620023082,'COMP3047'),(620023082,'CHEM2797'),(620023082,'PHYS3052'),(620023082,'BIOC3230'),(620023082,'CHEM3747');
INSERT INTO Users VALUES (620023083,'Sharon','Rios','SharonRios@gmail.com','RiosSharon');
INSERT INTO Students VALUES (620023083,'UNDERGRAD','01-01-2020');
INSERT INTO Enrolled (u_id,courseCode) VALUES (620023083,'CHEM2481'),(620023083,'PHYS1140'),(620023083,'ECON1230'),(620023083,'MATH3544'),(620023083,'MATH3857');
INSERT INTO Users VALUES (620023084,'Wilbur','Mitchell','WilburMitchell@gmail.com','MitchellWilbur');
INSERT INTO Students VALUES (620023084,'UNDERGRAD','01-01-2020');
INSERT INTO Enrolled (u_id,courseCode) VALUES (620023084,'PHYS3659'),(620023084,'INFO2270'),(620023084,'COMP1357'),(620023084,'BIOC3191');
INSERT INTO Users VALUES (620023085,'Arthur','Bower','ArthurBower@gmail.com','BowerArthur');
INSERT INTO Students VALUES (620023085,'UNDERGRAD','01-01-2020');
INSERT INTO Enrolled (u_id,courseCode) VALUES (620023085,'MATH1250'),(620023085,'COMP1357'),(620023085,'PHYS1399'),(620023085,'MATH2550');
INSERT INTO Users VALUES (620023086,'Jamison','Chan','JamisonChan@gmail.com','ChanJamison');
INSERT INTO Students VALUES (620023086,'UNDERGRAD','01-01-2020');
INSERT INTO Enrolled (u_id,courseCode) VALUES (620023086,'COMP3506'),(620023086,'COMP3746'),(620023086,'BIOC1598'),(620023086,'BIOC2983'),(620023086,'MATH1148'),(620023086,'CHEM3054');
INSERT INTO Users VALUES (620023087,'George','Laramee','GeorgeLaramee@gmail.com','LarameeGeorge');
INSERT INTO Students VALUES (620023087,'UNDERGRAD','01-01-2020');
INSERT INTO Enrolled (u_id,courseCode) VALUES (620023087,'INFO2813'),(620023087,'ECON3372'),(620023087,'CHEM2797'),(620023087,'ECON3020');
INSERT INTO Users VALUES (620023088,'Randy','Wood','RandyWood@gmail.com','WoodRandy');
INSERT INTO Students VALUES (620023088,'UNDERGRAD','01-01-2020');
INSERT INTO Enrolled (u_id,courseCode) VALUES (620023088,'PHYS1140'),(620023088,'CHEM2604'),(620023088,'MATH2555');
INSERT INTO Users VALUES (620023089,'Larry','King','LarryKing@gmail.com','KingLarry');
INSERT INTO Students VALUES (620023089,'UNDERGRAD','01-01-2020');
INSERT INTO Enrolled (u_id,courseCode) VALUES (620023089,'MATH3222'),(620023089,'MATH1262'),(620023089,'BIOC1598');
INSERT INTO Users VALUES (620023090,'Jesus','Reyes','JesusReyes@gmail.com','ReyesJesus');
INSERT INTO Students VALUES (620023090,'UNDERGRAD','01-01-2020');
INSERT INTO Enrolled (u_id,courseCode) VALUES (620023090,'BIOC1744'),(620023090,'MATH3544'),(620023090,'BIOC1164'),(620023090,'INFO1447'),(620023090,'ECON1498');
INSERT INTO Users VALUES (620023091,'Orlando','Velasquez','OrlandoVelasquez@gmail.com','VelasquezOrlando');
INSERT INTO Students VALUES (620023091,'UNDERGRAD','01-01-2020');
INSERT INTO Enrolled (u_id,courseCode) VALUES (620023091,'BIOC1448'),(620023091,'COMP1460'),(620023091,'INFO3935'),(620023091,'CHEM3614'),(620023091,'ECON1645'),(620023091,'CHEM2031');
INSERT INTO Users VALUES (620023092,'Gloria','Scarbrough','GloriaScarbrough@gmail.com','ScarbroughGloria');
INSERT INTO Students VALUES (620023092,'UNDERGRAD','01-01-2020');
INSERT INTO Enrolled (u_id,courseCode) VALUES (620023092,'INFO2147'),(620023092,'MATH2067'),(620023092,'ECON3447'),(620023092,'ECON3063'),(620023092,'ECON3228'),(620023092,'BIOC1448');
INSERT INTO Users VALUES (620023093,'Ralph','Vanhamlin','RalphVanhamlin@gmail.com','VanhamlinRalph');
INSERT INTO Students VALUES (620023093,'UNDERGRAD','01-01-2020');
INSERT INTO Enrolled (u_id,courseCode) VALUES (620023093,'INFO3419'),(620023093,'ECON3447'),(620023093,'ECON1561'),(620023093,'CHEM3888'),(620023093,'PHYS1173'),(620023093,'BIOC1104');
INSERT INTO Users VALUES (620023094,'Bernard','Maze','BernardMaze@gmail.com','MazeBernard');
INSERT INTO Students VALUES (620023094,'UNDERGRAD','01-01-2020');
INSERT INTO Enrolled (u_id,courseCode) VALUES (620023094,'MATH3844'),(620023094,'ECON3737'),(620023094,'PHYS3464'),(620023094,'BIOC2981'),(620023094,'ECON1098');
INSERT INTO Users VALUES (620023095,'Marshall','Meraz','MarshallMeraz@gmail.com','MerazMarshall');
INSERT INTO Students VALUES (620023095,'UNDERGRAD','01-01-2020');
INSERT INTO Enrolled (u_id,courseCode) VALUES (620023095,'PHYS3729'),(620023095,'CHEM1340'),(620023095,'ECON1170'),(620023095,'PHYS3787'),(620023095,'COMP3849');
INSERT INTO Users VALUES (620023096,'Christina','Barrett','ChristinaBarrett@gmail.com','BarrettChristina');
INSERT INTO Students VALUES (620023096,'UNDERGRAD','01-01-2020');
INSERT INTO Enrolled (u_id,courseCode) VALUES (620023096,'INFO3868'),(620023096,'ECON3281'),(620023096,'ECON1561');
INSERT INTO Users VALUES (620023097,'Steven','Lavoy','StevenLavoy@gmail.com','LavoySteven');
INSERT INTO Students VALUES (620023097,'UNDERGRAD','01-01-2020');
INSERT INTO Enrolled (u_id,courseCode) VALUES (620023097,'COMP3639'),(620023097,'ECON3276'),(620023097,'BIOC2550'),(620023097,'PHYS3464'),(620023097,'INFO3603');
INSERT INTO Users VALUES (620023098,'Freddie','Taylor','FreddieTaylor@gmail.com','TaylorFreddie');
INSERT INTO Students VALUES (620023098,'UNDERGRAD','01-01-2020');
INSERT INTO Enrolled (u_id,courseCode) VALUES (620023098,'MATH3029'),(620023098,'CHEM2220'),(620023098,'COMP3639'),(620023098,'COMP1184');
INSERT INTO Users VALUES (620023099,'Carlos','Mccarthy','CarlosMccarthy@gmail.com','MccarthyCarlos');
INSERT INTO Students VALUES (620023099,'UNDERGRAD','01-01-2020');
INSERT INTO Enrolled (u_id,courseCode) VALUES (620023099,'CHEM2697'),(620023099,'ECON1230'),(620023099,'CHEM3054'),(620023099,'INFO3935'),(620023099,'COMP3084');
INSERT INTO Users VALUES (620023100,'Ed','Walley','EdWalley@gmail.com','WalleyEd');
INSERT INTO Students VALUES (620023100,'UNDERGRAD','01-01-2020');
INSERT INTO Enrolled (u_id,courseCode) VALUES (620023100,'ECON3063'),(620023100,'ECON3288'),(620023100,'CHEM2697'),(620023100,'BIOC1725'),(620023100,'ECON2387');
INSERT INTO Users VALUES (620023101,'Josh','Nerbonne','JoshNerbonne@gmail.com','NerbonneJosh');
INSERT INTO Students VALUES (620023101,'UNDERGRAD','01-01-2020');
INSERT INTO Enrolled (u_id,courseCode) VALUES (620023101,'PHYS2238'),(620023101,'CHEM2727'),(620023101,'CHEM2697'),(620023101,'MATH1735'),(620023101,'COMP3536'),(620023101,'MATH2555');
INSERT INTO Users VALUES (620023102,'Juan','Mcclanahan','JuanMcclanahan@gmail.com','McclanahanJuan');
INSERT INTO Students VALUES (620023102,'UNDERGRAD','01-01-2020');
INSERT INTO Enrolled (u_id,courseCode) VALUES (620023102,'PHYS3464'),(620023102,'PHYS3659'),(620023102,'MATH3209');
INSERT INTO Users VALUES (620023103,'Orlando','Baccus','OrlandoBaccus@gmail.com','BaccusOrlando');
INSERT INTO Students VALUES (620023103,'UNDERGRAD','01-01-2020');
INSERT INTO Enrolled (u_id,courseCode) VALUES (620023103,'PHYS3729'),(620023103,'COMP3746'),(620023103,'MATH3173'),(620023103,'MATH3209');
INSERT INTO Users VALUES (620023104,'Mark','Vineyard','MarkVineyard@gmail.com','VineyardMark');
INSERT INTO Students VALUES (620023104,'UNDERGRAD','01-01-2020');
INSERT INTO Enrolled (u_id,courseCode) VALUES (620023104,'ECON1012'),(620023104,'COMP2080'),(620023104,'CHEM3054'),(620023104,'BIOC2983'),(620023104,'CHEM2149');
INSERT INTO Users VALUES (620023105,'Wanda','Wurdeman','WandaWurdeman@gmail.com','WurdemanWanda');
INSERT INTO Students VALUES (620023105,'UNDERGRAD','01-01-2020');
INSERT INTO Enrolled (u_id,courseCode) VALUES (620023105,'MATH1735'),(620023105,'MATH3173'),(620023105,'BIOC1725'),(620023105,'MATH1972');
INSERT INTO Users VALUES (620023106,'Patricia','Lundholm','PatriciaLundholm@gmail.com','LundholmPatricia');
INSERT INTO Students VALUES (620023106,'UNDERGRAD','01-01-2020');
INSERT INTO Enrolled (u_id,courseCode) VALUES (620023106,'MATH2188'),(620023106,'BIOC2236'),(620023106,'CHEM2797'),(620023106,'CHEM3347'),(620023106,'PHYS2448');
INSERT INTO Users VALUES (620023107,'Melodie','Nichols','MelodieNichols@gmail.com','NicholsMelodie');
INSERT INTO Students VALUES (620023107,'UNDERGRAD','01-01-2020');
INSERT INTO Enrolled (u_id,courseCode) VALUES (620023107,'MATH1148'),(620023107,'COMP2651'),(620023107,'ECON1589'),(620023107,'CHEM2031'),(620023107,'CHEM2481'),(620023107,'MATH3029');
INSERT INTO Users VALUES (620023108,'Homer','Citizen','HomerCitizen@gmail.com','CitizenHomer');
INSERT INTO Students VALUES (620023108,'UNDERGRAD','01-01-2020');
INSERT INTO Enrolled (u_id,courseCode) VALUES (620023108,'CHEM2446'),(620023108,'INFO2213'),(620023108,'BIOC1104'),(620023108,'INFO2270'),(620023108,'PHYS3729'),(620023108,'PHYS3339');
INSERT INTO Users VALUES (620023109,'Nan','Moore','NanMoore@gmail.com','MooreNan');
INSERT INTO Students VALUES (620023109,'UNDERGRAD','01-01-2020');
INSERT INTO Enrolled (u_id,courseCode) VALUES (620023109,'CHEM2481'),(620023109,'INFO1833'),(620023109,'INFO1242'),(620023109,'BIOC1725');
INSERT INTO Users VALUES (620023110,'Tia','Bordelon','TiaBordelon@gmail.com','BordelonTia');
INSERT INTO Students VALUES (620023110,'UNDERGRAD','01-01-2020');
INSERT INTO Enrolled (u_id,courseCode) VALUES (620023110,'BIOC1104'),(620023110,'MATH3857'),(620023110,'BIOC1986'),(620023110,'INFO3636'),(620023110,'PHYS1993');
INSERT INTO Users VALUES (620023111,'Ralph','Campbell','RalphCampbell@gmail.com','CampbellRalph');
INSERT INTO Students VALUES (620023111,'UNDERGRAD','01-01-2020');
INSERT INTO Enrolled (u_id,courseCode) VALUES (620023111,'CHEM2604'),(620023111,'COMP3685'),(620023111,'INFO3868'),(620023111,'PHYS2977');
INSERT INTO Users VALUES (620023112,'Blake','Moore','BlakeMoore@gmail.com','MooreBlake');
INSERT INTO Students VALUES (620023112,'UNDERGRAD','01-01-2020');
INSERT INTO Enrolled (u_id,courseCode) VALUES (620023112,'COMP3746'),(620023112,'BIOC2550'),(620023112,'BIOC1052'),(620023112,'BIOC3457'),(620023112,'BIOC3341'),(620023112,'MATH1454');
INSERT INTO Users VALUES (620023113,'Young','Wurdeman','YoungWurdeman@gmail.com','WurdemanYoung');
INSERT INTO Students VALUES (620023113,'UNDERGRAD','01-01-2020');
INSERT INTO Enrolled (u_id,courseCode) VALUES (620023113,'BIOC2054'),(620023113,'MATH1972'),(620023113,'PHYS3729'),(620023113,'INFO2147');
INSERT INTO Users VALUES (620023114,'Marilyn','Vanhamlin','MarilynVanhamlin@gmail.com','VanhamlinMarilyn');
INSERT INTO Students VALUES (620023114,'UNDERGRAD','01-01-2020');
INSERT INTO Enrolled (u_id,courseCode) VALUES (620023114,'COMP3238'),(620023114,'CHEM1340'),(620023114,'INFO2716'),(620023114,'INFO1447'),(620023114,'MATH1454'),(620023114,'MATH1648');
INSERT INTO Users VALUES (620023115,'Kelly','Thompson','KellyThompson@gmail.com','ThompsonKelly');
INSERT INTO Students VALUES (620023115,'UNDERGRAD','01-01-2020');
INSERT INTO Enrolled (u_id,courseCode) VALUES (620023115,'CHEM1613'),(620023115,'ECON3447'),(620023115,'CHEM3327'),(620023115,'COMP2080'),(620023115,'INFO2337'),(620023115,'ECON1498');
INSERT INTO Users VALUES (620023116,'Christine','Sharp','ChristineSharp@gmail.com','SharpChristine');
INSERT INTO Students VALUES (620023116,'UNDERGRAD','01-01-2020');
INSERT INTO Enrolled (u_id,courseCode) VALUES (620023116,'PHYS3659'),(620023116,'INFO1014'),(620023116,'ECON3447'),(620023116,'COMP3685'),(620023116,'CHEM3614'),(620023116,'BIOC1439');
INSERT INTO Users VALUES (620023117,'Traci','Crawford','TraciCrawford@gmail.com','CrawfordTraci');
INSERT INTO Students VALUES (620023117,'UNDERGRAD','01-01-2020');
INSERT INTO Enrolled (u_id,courseCode) VALUES (620023117,'ECON3063'),(620023117,'PHYS1930'),(620023117,'ECON3085'),(620023117,'COMP3506'),(620023117,'CHEM1613'),(620023117,'MATH3179');
INSERT INTO Users VALUES (620023118,'Antionette','Davis','AntionetteDavis@gmail.com','DavisAntionette');
INSERT INTO Students VALUES (620023118,'UNDERGRAD','01-01-2020');
INSERT INTO Enrolled (u_id,courseCode) VALUES (620023118,'INFO3603'),(620023118,'INFO1833'),(620023118,'INFO2811'),(620023118,'CHEM3327'),(620023118,'MATH1648'),(620023118,'BIOC3721');
INSERT INTO Users VALUES (620023119,'Keith','Richardson','KeithRichardson@gmail.com','RichardsonKeith');
INSERT INTO Students VALUES (620023119,'UNDERGRAD','01-01-2020');
INSERT INTO Enrolled (u_id,courseCode) VALUES (620023119,'INFO2559'),(620023119,'BIOC1725'),(620023119,'INFO2813'),(620023119,'MATH3222'),(620023119,'CHEM2149'),(620023119,'ECON1098');
INSERT INTO Users VALUES (620023120,'Joyce','Pearson','JoycePearson@gmail.com','PearsonJoyce');
INSERT INTO Students VALUES (620023120,'UNDERGRAD','01-01-2020');
INSERT INTO Enrolled (u_id,courseCode) VALUES (620023120,'ECON1561'),(620023120,'BIOC2054'),(620023120,'BIOC3604'),(620023120,'INFO3419');
INSERT INTO Users VALUES (620023121,'Jason','Barron','JasonBarron@gmail.com','BarronJason');
INSERT INTO Students VALUES (620023121,'UNDERGRAD','01-01-2020');
INSERT INTO Enrolled (u_id,courseCode) VALUES (620023121,'CHEM1613'),(620023121,'MATH3209'),(620023121,'MATH2873'),(620023121,'CHEM2177'),(620023121,'PHYS2117'),(620023121,'ECON1589');
INSERT INTO Users VALUES (620023122,'Dominick','Mcclenon','DominickMcclenon@gmail.com','McclenonDominick');
INSERT INTO Students VALUES (620023122,'UNDERGRAD','01-01-2020');
INSERT INTO Enrolled (u_id,courseCode) VALUES (620023122,'BIOC2671'),(620023122,'INFO1288'),(620023122,'MATH1638'),(620023122,'COMP3746'),(620023122,'BIOC1485'),(620023122,'CHEM1807');
INSERT INTO Users VALUES (620023123,'Mary','Robertson','MaryRobertson@gmail.com','RobertsonMary');
INSERT INTO Students VALUES (620023123,'UNDERGRAD','01-01-2020');
INSERT INTO Enrolled (u_id,courseCode) VALUES (620023123,'BIOC1164'),(620023123,'MATH3613'),(620023123,'BIOC2981'),(620023123,'BIOC3230'),(620023123,'PHYS2306');
INSERT INTO Users VALUES (620023124,'Vivian','Dillis','VivianDillis@gmail.com','DillisVivian');
INSERT INTO Students VALUES (620023124,'UNDERGRAD','01-01-2020');
INSERT INTO Enrolled (u_id,courseCode) VALUES (620023124,'COMP2541'),(620023124,'BIOC1744'),(620023124,'COMP1867'),(620023124,'BIOC3341'),(620023124,'COMP1573');
INSERT INTO Users VALUES (620023125,'Linda','Krause','LindaKrause@gmail.com','KrauseLinda');
INSERT INTO Students VALUES (620023125,'UNDERGRAD','01-01-2020');
INSERT INTO Enrolled (u_id,courseCode) VALUES (620023125,'INFO2860'),(620023125,'CHEM2867'),(620023125,'INFO3603'),(620023125,'PHYS1993');
INSERT INTO Users VALUES (620023126,'Betty','Tate','BettyTate@gmail.com','TateBetty');
INSERT INTO Students VALUES (620023126,'UNDERGRAD','01-01-2020');
INSERT INTO Enrolled (u_id,courseCode) VALUES (620023126,'PHYS2563'),(620023126,'COMP1184'),(620023126,'BIOC1485'),(620023126,'INFO2559');
INSERT INTO Users VALUES (620023127,'Dean','Granado','DeanGranado@gmail.com','GranadoDean');
INSERT INTO Students VALUES (620023127,'UNDERGRAD','01-01-2020');
INSERT INTO Enrolled (u_id,courseCode) VALUES (620023127,'COMP1357'),(620023127,'BIOC3191'),(620023127,'PHYS3787'),(620023127,'PHYS1993');
INSERT INTO Users VALUES (620023128,'Tim','Madsen','TimMadsen@gmail.com','MadsenTim');
INSERT INTO Students VALUES (620023128,'UNDERGRAD','01-01-2020');
INSERT INTO Enrolled (u_id,courseCode) VALUES (620023128,'CHEM2481'),(620023128,'COMP1543'),(620023128,'COMP1573'),(620023128,'MATH1735'),(620023128,'MATH2717');
INSERT INTO Users VALUES (620023129,'Delia','Dunn','DeliaDunn@gmail.com','DunnDelia');
INSERT INTO Students VALUES (620023129,'UNDERGRAD','01-01-2020');
INSERT INTO Enrolled (u_id,courseCode) VALUES (620023129,'MATH2801'),(620023129,'BIOC1910'),(620023129,'COMP3506'),(620023129,'PHYS2977');
INSERT INTO Users VALUES (620023130,'Grace','Knaub','GraceKnaub@gmail.com','KnaubGrace');
INSERT INTO Students VALUES (620023130,'UNDERGRAD','01-01-2020');
INSERT INTO Enrolled (u_id,courseCode) VALUES (620023130,'CHEM2697'),(620023130,'BIOC2589'),(620023130,'PHYS2977');
INSERT INTO Users VALUES (620023131,'Patsy','Mejias','PatsyMejias@gmail.com','MejiasPatsy');
INSERT INTO Students VALUES (620023131,'UNDERGRAD','01-01-2020');
INSERT INTO Enrolled (u_id,courseCode) VALUES (620023131,'MATH1648'),(620023131,'CHEM3617'),(620023131,'BIOC1439');
INSERT INTO Users VALUES (620023132,'Suzanne','Bordelon','SuzanneBordelon@gmail.com','BordelonSuzanne');
INSERT INTO Students VALUES (620023132,'UNDERGRAD','01-01-2020');
INSERT INTO Enrolled (u_id,courseCode) VALUES (620023132,'BIOC3604'),(620023132,'BIOC2671'),(620023132,'MATH2555'),(620023132,'MATH1578');
INSERT INTO Users VALUES (620023133,'Cliff','Garrett','CliffGarrett@gmail.com','GarrettCliff');
INSERT INTO Students VALUES (620023133,'UNDERGRAD','01-01-2020');
INSERT INTO Enrolled (u_id,courseCode) VALUES (620023133,'BIOC3191'),(620023133,'PHYS3052'),(620023133,'BIOC2981'),(620023133,'INFO1145'),(620023133,'PHYS1979'),(620023133,'MATH2555');
INSERT INTO Users VALUES (620023134,'Sean','Scarbrough','SeanScarbrough@gmail.com','ScarbroughSean');
INSERT INTO Students VALUES (620023134,'UNDERGRAD','01-01-2020');
INSERT INTO Enrolled (u_id,courseCode) VALUES (620023134,'PHYS1399'),(620023134,'BIOC1485'),(620023134,'ECON3737'),(620023134,'COMP3685'),(620023134,'INFO1648');
INSERT INTO Users VALUES (620023135,'Josh','Garrett','JoshGarrett@gmail.com','GarrettJosh');
INSERT INTO Students VALUES (620023135,'UNDERGRAD','01-01-2020');
INSERT INTO Enrolled (u_id,courseCode) VALUES (620023135,'ECON1170'),(620023135,'MATH1262'),(620023135,'COMP2965'),(620023135,'PHYS2563'),(620023135,'CHEM2220'),(620023135,'COMP3697');
INSERT INTO Users VALUES (620023136,'Ronald','Shani','RonaldShani@gmail.com','ShaniRonald');
INSERT INTO Students VALUES (620023136,'UNDERGRAD','01-01-2020');
INSERT INTO Enrolled (u_id,courseCode) VALUES (620023136,'CHEM2727'),(620023136,'PHYS1173'),(620023136,'ECON1230');
INSERT INTO Users VALUES (620023137,'Betty','Lyford','BettyLyford@gmail.com','LyfordBetty');
INSERT INTO Students VALUES (620023137,'UNDERGRAD','01-01-2020');
INSERT INTO Enrolled (u_id,courseCode) VALUES (620023137,'PHYS3686'),(620023137,'BIOC1598'),(620023137,'MATH2957'),(620023137,'MATH3688'),(620023137,'ECON2703');
INSERT INTO Users VALUES (620023138,'Denise','Barrett','DeniseBarrett@gmail.com','BarrettDenise');
INSERT INTO Students VALUES (620023138,'UNDERGRAD','01-01-2020');
INSERT INTO Enrolled (u_id,courseCode) VALUES (620023138,'BIOC2983'),(620023138,'CHEM2626'),(620023138,'BIOC2671'),(620023138,'CHEM2065'),(620023138,'MATH3857');
INSERT INTO Users VALUES (620023139,'Latoya','Hunter','LatoyaHunter@gmail.com','HunterLatoya');
INSERT INTO Students VALUES (620023139,'UNDERGRAD','01-01-2020');
INSERT INTO Enrolled (u_id,courseCode) VALUES (620023139,'COMP3639'),(620023139,'COMP2717'),(620023139,'ECON2703');
INSERT INTO Users VALUES (620023140,'Scott','Hoyer','ScottHoyer@gmail.com','HoyerScott');
INSERT INTO Students VALUES (620023140,'UNDERGRAD','01-01-2020');
INSERT INTO Enrolled (u_id,courseCode) VALUES (620023140,'PHYS2977'),(620023140,'COMP3639'),(620023140,'ECON3276'),(620023140,'CHEM2604');
INSERT INTO Users VALUES (620023141,'Ladawn','Pere','LadawnPere@gmail.com','PereLadawn');
INSERT INTO Students VALUES (620023141,'UNDERGRAD','01-01-2020');
INSERT INTO Enrolled (u_id,courseCode) VALUES (620023141,'ECON3523'),(620023141,'ECON2345'),(620023141,'CHEM1807'),(620023141,'CHEM2867');
INSERT INTO Users VALUES (620023142,'Debbie','Luper','DebbieLuper@gmail.com','LuperDebbie');
INSERT INTO Students VALUES (620023142,'UNDERGRAD','01-01-2020');
INSERT INTO Enrolled (u_id,courseCode) VALUES (620023142,'CHEM1494'),(620023142,'COMP3639'),(620023142,'BIOC1534');
INSERT INTO Users VALUES (620023143,'Colin','Danker','ColinDanker@gmail.com','DankerColin');
INSERT INTO Students VALUES (620023143,'UNDERGRAD','01-01-2020');
INSERT INTO Enrolled (u_id,courseCode) VALUES (620023143,'COMP3639'),(620023143,'CHEM2149'),(620023143,'CHEM2867'),(620023143,'INFO1825');
INSERT INTO Users VALUES (620023144,'Wanda','Krause','WandaKrause@gmail.com','KrauseWanda');
INSERT INTO Students VALUES (620023144,'UNDERGRAD','01-01-2020');
INSERT INTO Enrolled (u_id,courseCode) VALUES (620023144,'PHYS2977'),(620023144,'COMP1573'),(620023144,'BIOC1104');
INSERT INTO Users VALUES (620023145,'Carlos','Dahlheimer','CarlosDahlheimer@gmail.com','DahlheimerCarlos');
INSERT INTO Students VALUES (620023145,'UNDERGRAD','01-01-2020');
INSERT INTO Enrolled (u_id,courseCode) VALUES (620023145,'BIOC1104'),(620023145,'CHEM2065'),(620023145,'BIOC2550'),(620023145,'CHEM2446');
INSERT INTO Users VALUES (620023146,'Jose','Turkus','JoseTurkus@gmail.com','TurkusJose');
INSERT INTO Students VALUES (620023146,'UNDERGRAD','01-01-2020');
INSERT INTO Enrolled (u_id,courseCode) VALUES (620023146,'ECON1098'),(620023146,'MATH1972'),(620023146,'MATH2555'),(620023146,'MATH1250'),(620023146,'BIOC2981');
INSERT INTO Users VALUES (620023147,'Rebecca','Dumas','RebeccaDumas@gmail.com','DumasRebecca');
INSERT INTO Students VALUES (620023147,'UNDERGRAD','01-01-2020');
INSERT INTO Enrolled (u_id,courseCode) VALUES (620023147,'ECON1498'),(620023147,'PHYS2451'),(620023147,'COMP3536');
INSERT INTO Users VALUES (620023148,'Joseph','Gillis','JosephGillis@gmail.com','GillisJoseph');
INSERT INTO Students VALUES (620023148,'UNDERGRAD','01-01-2020');
INSERT INTO Enrolled (u_id,courseCode) VALUES (620023148,'COMP3047'),(620023148,'COMP2361'),(620023148,'CHEM2066'),(620023148,'ECON3276'),(620023148,'COMP3697'),(620023148,'INFO1833');
INSERT INTO Users VALUES (620023149,'Holly','Sandlin','HollySandlin@gmail.com','SandlinHolly');
INSERT INTO Students VALUES (620023149,'UNDERGRAD','01-01-2020');
INSERT INTO Enrolled (u_id,courseCode) VALUES (620023149,'CHEM3347'),(620023149,'BIOC2054'),(620023149,'CHEM2220');
INSERT INTO Users VALUES (620023150,'Krista','Maze','KristaMaze@gmail.com','MazeKrista');
INSERT INTO Students VALUES (620023150,'UNDERGRAD','01-01-2020');
INSERT INTO Enrolled (u_id,courseCode) VALUES (620023150,'ECON1098'),(620023150,'CHEM2867'),(620023150,'PHYS1140'),(620023150,'COMP2541'),(620023150,'PHYS3729'),(620023150,'CHEM2604');
INSERT INTO Users VALUES (620023151,'Kirk','Huffman','KirkHuffman@gmail.com','HuffmanKirk');
INSERT INTO Students VALUES (620023151,'UNDERGRAD','01-01-2020');
INSERT INTO Enrolled (u_id,courseCode) VALUES (620023151,'BIOC3721'),(620023151,'ECON3276'),(620023151,'ECON3281'),(620023151,'ECON3989'),(620023151,'ECON1012');
INSERT INTO Users VALUES (620023152,'Danielle','Pere','DaniellePere@gmail.com','PereDanielle');
INSERT INTO Students VALUES (620023152,'UNDERGRAD','01-01-2020');
INSERT INTO Enrolled (u_id,courseCode) VALUES (620023152,'MATH1735'),(620023152,'INFO3603'),(620023152,'BIOC1052');
INSERT INTO Users VALUES (620023153,'Leo','Blevins','LeoBlevins@gmail.com','BlevinsLeo');
INSERT INTO Students VALUES (620023153,'UNDERGRAD','01-01-2020');
INSERT INTO Enrolled (u_id,courseCode) VALUES (620023153,'COMP1460'),(620023153,'INFO2147'),(620023153,'MATH1735'),(620023153,'MATH1972');
INSERT INTO Users VALUES (620023154,'Shawn','Wurdeman','ShawnWurdeman@gmail.com','WurdemanShawn');
INSERT INTO Students VALUES (620023154,'UNDERGRAD','01-01-2020');
INSERT INTO Enrolled (u_id,courseCode) VALUES (620023154,'CHEM3793'),(620023154,'MATH1972'),(620023154,'COMP2965'),(620023154,'CHEM3327');
INSERT INTO Users VALUES (620023155,'Deanne','Woomer','DeanneWoomer@gmail.com','WoomerDeanne');
INSERT INTO Students VALUES (620023155,'UNDERGRAD','01-01-2020');
INSERT INTO Enrolled (u_id,courseCode) VALUES (620023155,'COMP3536'),(620023155,'PHYS3290'),(620023155,'BIOC2981');
INSERT INTO Users VALUES (620023156,'Dale','Bowerman','DaleBowerman@gmail.com','BowermanDale');
INSERT INTO Students VALUES (620023156,'UNDERGRAD','01-01-2020');
INSERT INTO Enrolled (u_id,courseCode) VALUES (620023156,'COMP3418'),(620023156,'MATH2501'),(620023156,'ECON3004'),(620023156,'PHYS3052'),(620023156,'MATH3059');
INSERT INTO Users VALUES (620023157,'Christine','Tate','ChristineTate@gmail.com','TateChristine');
INSERT INTO Students VALUES (620023157,'UNDERGRAD','01-01-2020');
INSERT INTO Enrolled (u_id,courseCode) VALUES (620023157,'ECON1561'),(620023157,'CHEM1340'),(620023157,'ECON2345'),(620023157,'ECON3311'),(620023157,'CHEM3347');
INSERT INTO Users VALUES (620023158,'James','Wilson','JamesWilson@gmail.com','WilsonJames');
INSERT INTO Students VALUES (620023158,'UNDERGRAD','01-01-2020');
INSERT INTO Enrolled (u_id,courseCode) VALUES (620023158,'CHEM2797'),(620023158,'COMP3685'),(620023158,'PHYS2229'),(620023158,'INFO1447');
INSERT INTO Users VALUES (620023159,'Lauren','Vineyard','LaurenVineyard@gmail.com','VineyardLauren');
INSERT INTO Students VALUES (620023159,'UNDERGRAD','01-01-2020');
INSERT INTO Enrolled (u_id,courseCode) VALUES (620023159,'PHYS2563'),(620023159,'CHEM2867'),(620023159,'MATH2550'),(620023159,'MATH3613'),(620023159,'INFO1242');
INSERT INTO Users VALUES (620023160,'Clarence','Moore','ClarenceMoore@gmail.com','MooreClarence');
INSERT INTO Students VALUES (620023160,'UNDERGRAD','01-01-2020');
INSERT INTO Enrolled (u_id,courseCode) VALUES (620023160,'ECON3311'),(620023160,'CHEM2066'),(620023160,'MATH1309'),(620023160,'INFO2521'),(620023160,'COMP3685');
INSERT INTO Users VALUES (620023161,'Susan','Dillis','SusanDillis@gmail.com','DillisSusan');
INSERT INTO Students VALUES (620023161,'UNDERGRAD','01-01-2020');
INSERT INTO Enrolled (u_id,courseCode) VALUES (620023161,'COMP2361'),(620023161,'ECON3550'),(620023161,'CHEM3327'),(620023161,'MATH2501'),(620023161,'BIOC3230');
INSERT INTO Users VALUES (620023162,'Greg','Johnson','GregJohnson@gmail.com','JohnsonGreg');
INSERT INTO Students VALUES (620023162,'UNDERGRAD','01-01-2020');
INSERT INTO Enrolled (u_id,courseCode) VALUES (620023162,'MATH3173'),(620023162,'COMP3167'),(620023162,'INFO3935'),(620023162,'BIOC3341');
INSERT INTO Users VALUES (620023163,'Roberto','Burch','RobertoBurch@gmail.com','BurchRoberto');
INSERT INTO Students VALUES (620023163,'UNDERGRAD','01-01-2020');
INSERT INTO Enrolled (u_id,courseCode) VALUES (620023163,'CHEM1494'),(620023163,'INFO2797'),(620023163,'INFO1990');
INSERT INTO Users VALUES (620023164,'Lois','Griffitts','LoisGriffitts@gmail.com','GriffittsLois');
INSERT INTO Students VALUES (620023164,'UNDERGRAD','01-01-2020');
INSERT INTO Enrolled (u_id,courseCode) VALUES (620023164,'ECON3311'),(620023164,'INFO1242'),(620023164,'COMP3047'),(620023164,'INFO3645'),(620023164,'MATH2555'),(620023164,'MATH2067');
INSERT INTO Users VALUES (620023165,'Freddie','Fields','FreddieFields@gmail.com','FieldsFreddie');
INSERT INTO Students VALUES (620023165,'UNDERGRAD','01-01-2020');
INSERT INTO Enrolled (u_id,courseCode) VALUES (620023165,'BIOC2054'),(620023165,'ECON2345'),(620023165,'BIOC1439'),(620023165,'BIOC1485');
INSERT INTO Users VALUES (620023166,'Rachel','Hudson','RachelHudson@gmail.com','HudsonRachel');
INSERT INTO Students VALUES (620023166,'UNDERGRAD','01-01-2020');
INSERT INTO Enrolled (u_id,courseCode) VALUES (620023166,'ECON3281'),(620023166,'PHYS3052'),(620023166,'ECON3288'),(620023166,'PHYS2338');
INSERT INTO Users VALUES (620023167,'Sandra','Pearson','SandraPearson@gmail.com','PearsonSandra');
INSERT INTO Students VALUES (620023167,'UNDERGRAD','01-01-2020');
INSERT INTO Enrolled (u_id,courseCode) VALUES (620023167,'PHYS3354'),(620023167,'ECON2703'),(620023167,'PHYS1979');
INSERT INTO Users VALUES (620023168,'Juanita','Calvert','JuanitaCalvert@gmail.com','CalvertJuanita');
INSERT INTO Students VALUES (620023168,'UNDERGRAD','01-01-2020');
INSERT INTO Enrolled (u_id,courseCode) VALUES (620023168,'PHYS2306'),(620023168,'CHEM2446'),(620023168,'BIOC3191'),(620023168,'COMP3639');
INSERT INTO Users VALUES (620023169,'Wayne','Knox','WayneKnox@gmail.com','KnoxWayne');
INSERT INTO Students VALUES (620023169,'UNDERGRAD','01-01-2020');
INSERT INTO Enrolled (u_id,courseCode) VALUES (620023169,'MATH2501'),(620023169,'PHYS3729'),(620023169,'COMP1051'),(620023169,'COMP2717'),(620023169,'PHYS2338');
INSERT INTO Users VALUES (620023170,'Wayne','Citizen','WayneCitizen@gmail.com','CitizenWayne');
INSERT INTO Students VALUES (620023170,'UNDERGRAD','01-01-2020');
INSERT INTO Enrolled (u_id,courseCode) VALUES (620023170,'INFO3419'),(620023170,'ECON3063'),(620023170,'MATH3613'),(620023170,'CHEM3614'),(620023170,'ECON1098');
INSERT INTO Users VALUES (620023171,'Peggy','Colley','PeggyColley@gmail.com','ColleyPeggy');
INSERT INTO Students VALUES (620023171,'UNDERGRAD','01-01-2020');
INSERT INTO Enrolled (u_id,courseCode) VALUES (620023171,'CHEM1807'),(620023171,'BIOC3604'),(620023171,'BIOC1052'),(620023171,'BIOC2671');
INSERT INTO Users VALUES (620023172,'Sam','Larry','SamLarry@gmail.com','LarrySam');
INSERT INTO Students VALUES (620023172,'UNDERGRAD','01-01-2020');
INSERT INTO Enrolled (u_id,courseCode) VALUES (620023172,'MATH1148'),(620023172,'BIOC1744'),(620023172,'INFO1825'),(620023172,'PHYS2977');
INSERT INTO Users VALUES (620023173,'Katie','Carlos','KatieCarlos@gmail.com','CarlosKatie');
INSERT INTO Students VALUES (620023173,'UNDERGRAD','01-01-2020');
INSERT INTO Enrolled (u_id,courseCode) VALUES (620023173,'COMP3849'),(620023173,'COMP2361'),(620023173,'COMP1867');
INSERT INTO Users VALUES (620023174,'Roberta','Vargas','RobertaVargas@gmail.com','VargasRoberta');
INSERT INTO Students VALUES (620023174,'UNDERGRAD','01-01-2020');
INSERT INTO Enrolled (u_id,courseCode) VALUES (620023174,'ECON3989'),(620023174,'BIOC2981'),(620023174,'ECON3063'),(620023174,'BIOC1744');
INSERT INTO Users VALUES (620023175,'Gina','Eaton','GinaEaton@gmail.com','EatonGina');
INSERT INTO Students VALUES (620023175,'UNDERGRAD','01-01-2020');
INSERT INTO Enrolled (u_id,courseCode) VALUES (620023175,'BIOC1439'),(620023175,'COMP3536'),(620023175,'MATH2801');
INSERT INTO Users VALUES (620023176,'Matthew','Hayes','MatthewHayes@gmail.com','HayesMatthew');
INSERT INTO Students VALUES (620023176,'UNDERGRAD','01-01-2020');
INSERT INTO Enrolled (u_id,courseCode) VALUES (620023176,'CHEM2797'),(620023176,'BIOC2054'),(620023176,'CHEM2867');
INSERT INTO Users VALUES (620023177,'Amee','Carrington','AmeeCarrington@gmail.com','CarringtonAmee');
INSERT INTO Students VALUES (620023177,'UNDERGRAD','01-01-2020');
INSERT INTO Enrolled (u_id,courseCode) VALUES (620023177,'INFO1288'),(620023177,'INFO3603'),(620023177,'BIOC2236'),(620023177,'MATH3544');
INSERT INTO Users VALUES (620023178,'Melodie','Jaworski','MelodieJaworski@gmail.com','JaworskiMelodie');
INSERT INTO Students VALUES (620023178,'UNDERGRAD','01-01-2020');
INSERT INTO Enrolled (u_id,courseCode) VALUES (620023178,'BIOC2671'),(620023178,'INFO2636'),(620023178,'CHEM2220'),(620023178,'BIOC3191');
INSERT INTO Users VALUES (620023179,'Derek','Horth','DerekHorth@gmail.com','HorthDerek');
INSERT INTO Students VALUES (620023179,'UNDERGRAD','01-01-2020');
INSERT INTO Enrolled (u_id,courseCode) VALUES (620023179,'INFO2337'),(620023179,'BIOC1910'),(620023179,'BIOC1794'),(620023179,'MATH2501'),(620023179,'PHYS2563'),(620023179,'BIOC2981');
INSERT INTO Users VALUES (620023180,'Edward','Lindstrom','EdwardLindstrom@gmail.com','LindstromEdward');
INSERT INTO Students VALUES (620023180,'UNDERGRAD','01-01-2020');
INSERT INTO Enrolled (u_id,courseCode) VALUES (620023180,'BIOC1485'),(620023180,'ECON2722'),(620023180,'CHEM3614'),(620023180,'PHYS2306'),(620023180,'BIOC3721');
INSERT INTO Users VALUES (620023181,'Derek','Calvert','DerekCalvert@gmail.com','CalvertDerek');
INSERT INTO Students VALUES (620023181,'UNDERGRAD','01-01-2020');
INSERT INTO Enrolled (u_id,courseCode) VALUES (620023181,'PHYS1140'),(620023181,'MATH3613'),(620023181,'INFO3419'),(620023181,'PHYS1930'),(620023181,'COMP2080'),(620023181,'INFO1648');
INSERT INTO Users VALUES (620023182,'Krista','Truitt','KristaTruitt@gmail.com','TruittKrista');
INSERT INTO Students VALUES (620023182,'UNDERGRAD','01-01-2020');
INSERT INTO Enrolled (u_id,courseCode) VALUES (620023182,'MATH3179'),(620023182,'ECON3372'),(620023182,'INFO1648'),(620023182,'PHYS2448'),(620023182,'ECON3281'),(620023182,'CHEM2220');
INSERT INTO Users VALUES (620023183,'Kurt','Vineyard','KurtVineyard@gmail.com','VineyardKurt');
INSERT INTO Students VALUES (620023183,'UNDERGRAD','01-01-2020');
INSERT INTO Enrolled (u_id,courseCode) VALUES (620023183,'PHYS3787'),(620023183,'PHYS1993'),(620023183,'INFO1990'),(620023183,'BIOC1744');
INSERT INTO Users VALUES (620023184,'Cynthia','Charland','CynthiaCharland@gmail.com','CharlandCynthia');
INSERT INTO Students VALUES (620023184,'UNDERGRAD','01-01-2020');
INSERT INTO Enrolled (u_id,courseCode) VALUES (620023184,'ECON3020'),(620023184,'CHEM2697'),(620023184,'MATH2188'),(620023184,'CHEM3614'),(620023184,'COMP1357');
INSERT INTO Users VALUES (620023185,'Randall','Ratterman','RandallRatterman@gmail.com','RattermanRandall');
INSERT INTO Students VALUES (620023185,'UNDERGRAD','01-01-2020');
INSERT INTO Enrolled (u_id,courseCode) VALUES (620023185,'ECON3276'),(620023185,'ECON2703'),(620023185,'ECON2345'),(620023185,'MATH1972'),(620023185,'BIOC2550');
INSERT INTO Users VALUES (620023186,'Benjamin','Christenberry','BenjaminChristenberry@gmail.com','ChristenberryBenjamin');
INSERT INTO Students VALUES (620023186,'UNDERGRAD','01-01-2020');
INSERT INTO Enrolled (u_id,courseCode) VALUES (620023186,'PHYS1140'),(620023186,'CHEM3747'),(620023186,'BIOC2054'),(620023186,'PHYS3290');
INSERT INTO Users VALUES (620023187,'Jason','Rankin','JasonRankin@gmail.com','RankinJason');
INSERT INTO Students VALUES (620023187,'UNDERGRAD','01-01-2020');
INSERT INTO Enrolled (u_id,courseCode) VALUES (620023187,'CHEM3347'),(620023187,'MATH2873'),(620023187,'ECON1498');
INSERT INTO Users VALUES (620023188,'Jeanna','Martin','JeannaMartin@gmail.com','MartinJeanna');
INSERT INTO Students VALUES (620023188,'UNDERGRAD','01-01-2020');
INSERT INTO Enrolled (u_id,courseCode) VALUES (620023188,'PHYS2113'),(620023188,'MATH2873'),(620023188,'CHEM3409'),(620023188,'PHYS1173'),(620023188,'ECON1170'),(620023188,'INFO3935');
INSERT INTO Users VALUES (620023189,'Bryan','Cummings','BryanCummings@gmail.com','CummingsBryan');
INSERT INTO Students VALUES (620023189,'UNDERGRAD','01-01-2020');
INSERT INTO Enrolled (u_id,courseCode) VALUES (620023189,'ECON1561'),(620023189,'CHEM2065'),(620023189,'PHYS3659'),(620023189,'ECON3276');
INSERT INTO Users VALUES (620023190,'Ruby','Rivera','RubyRivera@gmail.com','RiveraRuby');
INSERT INTO Students VALUES (620023190,'UNDERGRAD','01-01-2020');
INSERT INTO Enrolled (u_id,courseCode) VALUES (620023190,'INFO1242'),(620023190,'ECON3737'),(620023190,'COMP3849');
INSERT INTO Users VALUES (620023191,'Frankie','Scully','FrankieScully@gmail.com','ScullyFrankie');
INSERT INTO Students VALUES (620023191,'UNDERGRAD','01-01-2020');
INSERT INTO Enrolled (u_id,courseCode) VALUES (620023191,'INFO1833'),(620023191,'BIOC2983'),(620023191,'COMP1460'),(620023191,'MATH2873');
INSERT INTO Users VALUES (620023192,'Reginald','Shields','ReginaldShields@gmail.com','ShieldsReginald');
INSERT INTO Students VALUES (620023192,'UNDERGRAD','01-01-2020');
INSERT INTO Enrolled (u_id,courseCode) VALUES (620023192,'PHYS3787'),(620023192,'MATH3173'),(620023192,'MATH3209'),(620023192,'CHEM1613'),(620023192,'MATH2188');
INSERT INTO Users VALUES (620023193,'Stacy','Bradford','StacyBradford@gmail.com','BradfordStacy');
INSERT INTO Students VALUES (620023193,'UNDERGRAD','01-01-2020');
INSERT INTO Enrolled (u_id,courseCode) VALUES (620023193,'BIOC1725'),(620023193,'INFO2147'),(620023193,'INFO2813'),(620023193,'COMP3047'),(620023193,'CHEM3793'),(620023193,'COMP3849');
INSERT INTO Users VALUES (620023194,'Cristina','Chatcho','CristinaChatcho@gmail.com','ChatchoCristina');
INSERT INTO Students VALUES (620023194,'UNDERGRAD','01-01-2020');
INSERT INTO Enrolled (u_id,courseCode) VALUES (620023194,'BIOC3457'),(620023194,'COMP3506'),(620023194,'INFO3868'),(620023194,'ECON3063');
INSERT INTO Users VALUES (620023195,'Carrie','Shane','CarrieShane@gmail.com','ShaneCarrie');
INSERT INTO Students VALUES (620023195,'UNDERGRAD','01-01-2020');
INSERT INTO Enrolled (u_id,courseCode) VALUES (620023195,'ECON3281'),(620023195,'CHEM2446'),(620023195,'INFO3603');
INSERT INTO Users VALUES (620023196,'Brian','Knox','BrianKnox@gmail.com','KnoxBrian');
INSERT INTO Students VALUES (620023196,'UNDERGRAD','01-01-2020');
INSERT INTO Enrolled (u_id,courseCode) VALUES (620023196,'ECON1996'),(620023196,'BIOC3230'),(620023196,'INFO2147'),(620023196,'PHYS2667');
INSERT INTO Users VALUES (620023197,'Guillermo','Mcneill','GuillermoMcneill@gmail.com','McneillGuillermo');
INSERT INTO Students VALUES (620023197,'UNDERGRAD','01-01-2020');
INSERT INTO Enrolled (u_id,courseCode) VALUES (620023197,'MATH3844'),(620023197,'ECON2722'),(620023197,'MATH2717'),(620023197,'ECON3288');
INSERT INTO Users VALUES (620023198,'Philip','Wengerd','PhilipWengerd@gmail.com','WengerdPhilip');
INSERT INTO Students VALUES (620023198,'UNDERGRAD','01-01-2020');
INSERT INTO Enrolled (u_id,courseCode) VALUES (620023198,'ECON1996'),(620023198,'CHEM3888'),(620023198,'CHEM2220'),(620023198,'PHYS3339'),(620023198,'INFO1242');
INSERT INTO Users VALUES (620023199,'Robert','Garcia','RobertGarcia@gmail.com','GarciaRobert');
INSERT INTO Students VALUES (620023199,'UNDERGRAD','01-01-2020');
INSERT INTO Enrolled (u_id,courseCode) VALUES (620023199,'COMP1051'),(620023199,'ECON3311'),(620023199,'INFO1014'),(620023199,'CHEM3614'),(620023199,'BIOC2671');
INSERT INTO Users VALUES (620023200,'Cliff','Turkus','CliffTurkus@gmail.com','TurkusCliff');
INSERT INTO Students VALUES (620023200,'UNDERGRAD','01-01-2020');
INSERT INTO Enrolled (u_id,courseCode) VALUES (620023200,'ECON3989'),(620023200,'CHEM3409'),(620023200,'BIOC2589'),(620023200,'BIOC3341');
INSERT INTO Users VALUES (620023201,'Francisca','Jones','FranciscaJones@gmail.com','JonesFrancisca');
INSERT INTO Students VALUES (620023201,'UNDERGRAD','01-01-2020');
INSERT INTO Enrolled (u_id,courseCode) VALUES (620023201,'CHEM2005'),(620023201,'INFO3603'),(620023201,'BIOC2589'),(620023201,'PHYS3686'),(620023201,'PHYS1173');
INSERT INTO Users VALUES (620023202,'Nathan','Heckstall','NathanHeckstall@gmail.com','HeckstallNathan');
INSERT INTO Students VALUES (620023202,'UNDERGRAD','01-01-2020');
INSERT INTO Enrolled (u_id,courseCode) VALUES (620023202,'CHEM2604'),(620023202,'ECON1645'),(620023202,'CHEM2727'),(620023202,'MATH3209'),(620023202,'INFO1990'),(620023202,'COMP3084');
INSERT INTO Users VALUES (620023203,'Willie','Thomas','WillieThomas@gmail.com','ThomasWillie');
INSERT INTO Students VALUES (620023203,'UNDERGRAD','01-01-2020');
INSERT INTO Enrolled (u_id,courseCode) VALUES (620023203,'BIOC3721'),(620023203,'INFO2950'),(620023203,'INFO2860'),(620023203,'CHEM3617'),(620023203,'ECON1458');
INSERT INTO Users VALUES (620023204,'Delia','Swan','DeliaSwan@gmail.com','SwanDelia');
INSERT INTO Students VALUES (620023204,'UNDERGRAD','01-01-2020');
INSERT INTO Enrolled (u_id,courseCode) VALUES (620023204,'CHEM2797'),(620023204,'BIOC2236'),(620023204,'BIOC1534'),(620023204,'PHYS3787'),(620023204,'COMP3639');
INSERT INTO Users VALUES (620023205,'Georgie','Bourgoin','GeorgieBourgoin@gmail.com','BourgoinGeorgie');
INSERT INTO Students VALUES (620023205,'UNDERGRAD','01-01-2020');
INSERT INTO Enrolled (u_id,courseCode) VALUES (620023205,'BIOC3191'),(620023205,'COMP1573'),(620023205,'ECON3228'),(620023205,'PHYS3339'),(620023205,'CHEM1613'),(620023205,'INFO1145');
INSERT INTO Users VALUES (620023206,'Traci','Hamilton','TraciHamilton@gmail.com','HamiltonTraci');
INSERT INTO Students VALUES (620023206,'UNDERGRAD','01-01-2020');
INSERT INTO Enrolled (u_id,courseCode) VALUES (620023206,'CHEM3888'),(620023206,'ECON3288'),(620023206,'INFO2950');
INSERT INTO Users VALUES (620023207,'Janet','Halford','JanetHalford@gmail.com','HalfordJanet');
INSERT INTO Students VALUES (620023207,'UNDERGRAD','01-01-2020');
INSERT INTO Enrolled (u_id,courseCode) VALUES (620023207,'MATH1262'),(620023207,'MATH1250'),(620023207,'BIOC1794'),(620023207,'COMP2717');
INSERT INTO Users VALUES (620023208,'Nicole','Lauritsen','NicoleLauritsen@gmail.com','LauritsenNicole');
INSERT INTO Students VALUES (620023208,'UNDERGRAD','01-01-2020');
INSERT INTO Enrolled (u_id,courseCode) VALUES (620023208,'COMP1573'),(620023208,'PHYS3290'),(620023208,'ECON3276'),(620023208,'ECON3311'),(620023208,'INFO2813'),(620023208,'MATH2188');
INSERT INTO Users VALUES (620023209,'Edwin','Marshall','EdwinMarshall@gmail.com','MarshallEdwin');
INSERT INTO Students VALUES (620023209,'UNDERGRAD','01-01-2020');
INSERT INTO Enrolled (u_id,courseCode) VALUES (620023209,'COMP3849'),(620023209,'INFO2950'),(620023209,'MATH3613');
INSERT INTO Users VALUES (620023210,'Francisca','Souza','FranciscaSouza@gmail.com','SouzaFrancisca');
INSERT INTO Students VALUES (620023210,'UNDERGRAD','01-01-2020');
INSERT INTO Enrolled (u_id,courseCode) VALUES (620023210,'INFO1242'),(620023210,'BIOC2054'),(620023210,'MATH1648'),(620023210,'CHEM3617'),(620023210,'PHYS1993'),(620023210,'ECON2387');
INSERT INTO Users VALUES (620023211,'Ronald','Eddins','RonaldEddins@gmail.com','EddinsRonald');
INSERT INTO Students VALUES (620023211,'UNDERGRAD','01-01-2020');
INSERT INTO Enrolled (u_id,courseCode) VALUES (620023211,'ECON1996'),(620023211,'COMP3697'),(620023211,'INFO1990'),(620023211,'COMP3536'),(620023211,'MATH3029'),(620023211,'ECON3523');
INSERT INTO Users VALUES (620023212,'Dale','Harness','DaleHarness@gmail.com','HarnessDale');
INSERT INTO Students VALUES (620023212,'UNDERGRAD','01-01-2020');
INSERT INTO Enrolled (u_id,courseCode) VALUES (620023212,'PHYS3729'),(620023212,'CHEM3054'),(620023212,'COMP3238');
INSERT INTO Users VALUES (620023213,'Vanessa','Williams','VanessaWilliams@gmail.com','WilliamsVanessa');
INSERT INTO Students VALUES (620023213,'UNDERGRAD','01-01-2020');
INSERT INTO Enrolled (u_id,courseCode) VALUES (620023213,'INFO2813'),(620023213,'INFO1833'),(620023213,'CHEM1807'),(620023213,'CHEM3347');
INSERT INTO Users VALUES (620023214,'Mason','Morey','MasonMorey@gmail.com','MoreyMason');
INSERT INTO Students VALUES (620023214,'UNDERGRAD','01-01-2020');
INSERT INTO Enrolled (u_id,courseCode) VALUES (620023214,'COMP1051'),(620023214,'PHYS3686'),(620023214,'INFO2797'),(620023214,'BIOC3341'),(620023214,'ECON3311'),(620023214,'PHYS3876');
INSERT INTO Users VALUES (620023215,'Holly','Carlyle','HollyCarlyle@gmail.com','CarlyleHolly');
INSERT INTO Students VALUES (620023215,'UNDERGRAD','01-01-2020');
INSERT INTO Enrolled (u_id,courseCode) VALUES (620023215,'CHEM2005'),(620023215,'ECON1783'),(620023215,'INFO2521'),(620023215,'CHEM2727');
INSERT INTO Users VALUES (620023216,'Guillermo','Siple','GuillermoSiple@gmail.com','SipleGuillermo');
INSERT INTO Students VALUES (620023216,'UNDERGRAD','01-01-2020');
INSERT INTO Enrolled (u_id,courseCode) VALUES (620023216,'INFO1990'),(620023216,'BIOC1794'),(620023216,'ECON3004'),(620023216,'PHYS2306'),(620023216,'CHEM3054'),(620023216,'CHEM2177');
INSERT INTO Users VALUES (620023217,'Melvin','Lindstrom','MelvinLindstrom@gmail.com','LindstromMelvin');
INSERT INTO Students VALUES (620023217,'UNDERGRAD','01-01-2020');
INSERT INTO Enrolled (u_id,courseCode) VALUES (620023217,'CHEM3888'),(620023217,'CHEM1807'),(620023217,'MATH1972'),(620023217,'CHEM2031'),(620023217,'COMP1357');
INSERT INTO Users VALUES (620023218,'Sharon','Hardman','SharonHardman@gmail.com','HardmanSharon');
INSERT INTO Students VALUES (620023218,'UNDERGRAD','01-01-2020');
INSERT INTO Enrolled (u_id,courseCode) VALUES (620023218,'COMP1051'),(620023218,'INFO1288'),(620023218,'COMP1357'),(620023218,'PHYS3729');
INSERT INTO Users VALUES (620023219,'Miss','Imoto','MissImoto@gmail.com','ImotoMiss');
INSERT INTO Students VALUES (620023219,'UNDERGRAD','01-01-2020');
INSERT INTO Enrolled (u_id,courseCode) VALUES (620023219,'MATH2501'),(620023219,'INFO2950'),(620023219,'BIOC1485'),(620023219,'CHEM3054');
INSERT INTO Users VALUES (620023220,'Joan','Siple','JoanSiple@gmail.com','SipleJoan');
INSERT INTO Students VALUES (620023220,'UNDERGRAD','01-01-2020');
INSERT INTO Enrolled (u_id,courseCode) VALUES (620023220,'INFO1833'),(620023220,'ECON1230'),(620023220,'BIOC3721'),(620023220,'ECON3523'),(620023220,'MATH1250');
INSERT INTO Users VALUES (620023221,'Weldon','Dunn','WeldonDunn@gmail.com','DunnWeldon');
INSERT INTO Students VALUES (620023221,'UNDERGRAD','01-01-2020');
INSERT INTO Enrolled (u_id,courseCode) VALUES (620023221,'COMP3084'),(620023221,'PHYS3354'),(620023221,'BIOC3191');
INSERT INTO Users VALUES (620023222,'Joseph','Prince','JosephPrince@gmail.com','PrinceJoseph');
INSERT INTO Students VALUES (620023222,'UNDERGRAD','01-01-2020');
INSERT INTO Enrolled (u_id,courseCode) VALUES (620023222,'ECON1458'),(620023222,'CHEM3747'),(620023222,'INFO1288'),(620023222,'CHEM1340'),(620023222,'ECON3020');
INSERT INTO Users VALUES (620023223,'Dorcas','Maione','DorcasMaione@gmail.com','MaioneDorcas');
INSERT INTO Students VALUES (620023223,'UNDERGRAD','01-01-2020');
INSERT INTO Enrolled (u_id,courseCode) VALUES (620023223,'BIOC3604'),(620023223,'MATH2957'),(620023223,'INFO1242');
INSERT INTO Users VALUES (620023224,'Ruby','Laudat','RubyLaudat@gmail.com','LaudatRuby');
INSERT INTO Students VALUES (620023224,'UNDERGRAD','01-01-2020');
INSERT INTO Enrolled (u_id,courseCode) VALUES (620023224,'COMP1867'),(620023224,'ECON1996'),(620023224,'MATH1735'),(620023224,'MATH3209');
INSERT INTO Users VALUES (620023225,'Rosa','Williamson','RosaWilliamson@gmail.com','WilliamsonRosa');
INSERT INTO Students VALUES (620023225,'UNDERGRAD','01-01-2020');
INSERT INTO Enrolled (u_id,courseCode) VALUES (620023225,'ECON2345'),(620023225,'COMP3173'),(620023225,'MATH3222'),(620023225,'ECON2722'),(620023225,'MATH2501'),(620023225,'ECON3550');
INSERT INTO Users VALUES (620023226,'Angie','Turner','AngieTurner@gmail.com','TurnerAngie');
INSERT INTO Students VALUES (620023226,'UNDERGRAD','01-01-2020');
INSERT INTO Enrolled (u_id,courseCode) VALUES (620023226,'CHEM2220'),(620023226,'MATH1648'),(620023226,'INFO2559'),(620023226,'BIOC3191');
INSERT INTO Users VALUES (620023227,'Susan','Cummins','SusanCummins@gmail.com','CumminsSusan');
INSERT INTO Students VALUES (620023227,'UNDERGRAD','01-01-2020');
INSERT INTO Enrolled (u_id,courseCode) VALUES (620023227,'CHEM3347'),(620023227,'CHEM1807'),(620023227,'ECON3372');
INSERT INTO Users VALUES (620023228,'Brooke','Miraglia','BrookeMiraglia@gmail.com','MiragliaBrooke');
INSERT INTO Students VALUES (620023228,'UNDERGRAD','01-01-2020');
INSERT INTO Enrolled (u_id,courseCode) VALUES (620023228,'INFO1145'),(620023228,'INFO3419'),(620023228,'PHYS1399');
INSERT INTO Users VALUES (620023229,'Mathew','Casteel','MathewCasteel@gmail.com','CasteelMathew');
INSERT INTO Students VALUES (620023229,'UNDERGRAD','01-01-2020');
INSERT INTO Enrolled (u_id,courseCode) VALUES (620023229,'ECON1561'),(620023229,'ECON3228'),(620023229,'ECON1645');
INSERT INTO Users VALUES (620023230,'George','Morey','GeorgeMorey@gmail.com','MoreyGeorge');
INSERT INTO Students VALUES (620023230,'UNDERGRAD','01-01-2020');
INSERT INTO Enrolled (u_id,courseCode) VALUES (620023230,'COMP3084'),(620023230,'CHEM3347'),(620023230,'CHEM1494'),(620023230,'ECON2345'),(620023230,'PHYS2667'),(620023230,'CHEM2697');
INSERT INTO Users VALUES (620023231,'Mildred','Walley','MildredWalley@gmail.com','WalleyMildred');
INSERT INTO Students VALUES (620023231,'UNDERGRAD','01-01-2020');
INSERT INTO Enrolled (u_id,courseCode) VALUES (620023231,'CHEM1494'),(620023231,'INFO3645'),(620023231,'PHYS1140'),(620023231,'COMP3418'),(620023231,'CHEM3347'),(620023231,'MATH3544');
INSERT INTO Users VALUES (620023232,'Wayne','Saunders','WayneSaunders@gmail.com','SaundersWayne');
INSERT INTO Students VALUES (620023232,'UNDERGRAD','01-01-2020');
INSERT INTO Enrolled (u_id,courseCode) VALUES (620023232,'BIOC3604'),(620023232,'BIOC3191'),(620023232,'COMP3173'),(620023232,'MATH2873'),(620023232,'INFO3935'),(620023232,'INFO1242');
INSERT INTO Users VALUES (620023233,'Rebecca','Nerbonne','RebeccaNerbonne@gmail.com','NerbonneRebecca');
INSERT INTO Students VALUES (620023233,'UNDERGRAD','01-01-2020');
INSERT INTO Enrolled (u_id,courseCode) VALUES (620023233,'CHEM3347'),(620023233,'PHYS1930'),(620023233,'INFO1145'),(620023233,'COMP3746'),(620023233,'ECON1498');
INSERT INTO Users VALUES (620023234,'Shawn','Golden','ShawnGolden@gmail.com','GoldenShawn');
INSERT INTO Students VALUES (620023234,'UNDERGRAD','01-01-2020');
INSERT INTO Enrolled (u_id,courseCode) VALUES (620023234,'MATH1309'),(620023234,'BIOC1910'),(620023234,'ECON2703'),(620023234,'ECON2345');
INSERT INTO Users VALUES (620023235,'Kimberly','Souza','KimberlySouza@gmail.com','SouzaKimberly');
INSERT INTO Students VALUES (620023235,'UNDERGRAD','01-01-2020');
INSERT INTO Enrolled (u_id,courseCode) VALUES (620023235,'PHYS3464'),(620023235,'ECON1230'),(620023235,'CHEM3888'),(620023235,'MATH1454');
INSERT INTO Users VALUES (620023236,'Amee','Early','AmeeEarly@gmail.com','EarlyAmee');
INSERT INTO Students VALUES (620023236,'UNDERGRAD','01-01-2020');
INSERT INTO Enrolled (u_id,courseCode) VALUES (620023236,'MATH3029'),(620023236,'COMP2717'),(620023236,'MATH2717');
INSERT INTO Users VALUES (620023237,'Carolyn','Lowrey','CarolynLowrey@gmail.com','LowreyCarolyn');
INSERT INTO Students VALUES (620023237,'UNDERGRAD','01-01-2020');
INSERT INTO Enrolled (u_id,courseCode) VALUES (620023237,'BIOC1866'),(620023237,'BIOC2236'),(620023237,'MATH2188');
INSERT INTO Users VALUES (620023238,'Michael','Evans','MichaelEvans@gmail.com','EvansMichael');
INSERT INTO Students VALUES (620023238,'UNDERGRAD','01-01-2020');
INSERT INTO Enrolled (u_id,courseCode) VALUES (620023238,'COMP1460'),(620023238,'COMP3418'),(620023238,'CHEM2604');
INSERT INTO Users VALUES (620023239,'Juan','Crawford','JuanCrawford@gmail.com','CrawfordJuan');
INSERT INTO Students VALUES (620023239,'UNDERGRAD','01-01-2020');
INSERT INTO Enrolled (u_id,courseCode) VALUES (620023239,'INFO2270'),(620023239,'ECON3288'),(620023239,'PHYS3354'),(620023239,'BIOC2589');
INSERT INTO Users VALUES (620023240,'Martin','Howe','MartinHowe@gmail.com','HoweMartin');
INSERT INTO Students VALUES (620023240,'UNDERGRAD','01-01-2020');
INSERT INTO Enrolled (u_id,courseCode) VALUES (620023240,'BIOC3341'),(620023240,'COMP3173'),(620023240,'ECON3085'),(620023240,'MATH1638');
INSERT INTO Users VALUES (620023241,'Grace','Pelletier','GracePelletier@gmail.com','PelletierGrace');
INSERT INTO Students VALUES (620023241,'UNDERGRAD','01-01-2020');
INSERT INTO Enrolled (u_id,courseCode) VALUES (620023241,'ECON3550'),(620023241,'PHYS1140'),(620023241,'COMP3173'),(620023241,'ECON1996'),(620023241,'BIOC3604');
INSERT INTO Users VALUES (620023242,'Mason','Chatcho','MasonChatcho@gmail.com','ChatchoMason');
INSERT INTO Students VALUES (620023242,'UNDERGRAD','01-01-2020');
INSERT INTO Enrolled (u_id,courseCode) VALUES (620023242,'COMP3697'),(620023242,'ECON3281'),(620023242,'INFO2213');
INSERT INTO Users VALUES (620023243,'Madaline','Tate','MadalineTate@gmail.com','TateMadaline');
INSERT INTO Students VALUES (620023243,'UNDERGRAD','01-01-2020');
INSERT INTO Enrolled (u_id,courseCode) VALUES (620023243,'PHYS2117'),(620023243,'COMP3697'),(620023243,'BIOC1534'),(620023243,'PHYS1399');
INSERT INTO Users VALUES (620023244,'Sarah','Carlson','SarahCarlson@gmail.com','CarlsonSarah');
INSERT INTO Students VALUES (620023244,'UNDERGRAD','01-01-2020');
INSERT INTO Enrolled (u_id,courseCode) VALUES (620023244,'PHYS1399'),(620023244,'COMP2651'),(620023244,'ECON1783'),(620023244,'PHYS2448');
INSERT INTO Users VALUES (620023245,'Peter','Carlson','PeterCarlson@gmail.com','CarlsonPeter');
INSERT INTO Students VALUES (620023245,'UNDERGRAD','01-01-2020');
INSERT INTO Enrolled (u_id,courseCode) VALUES (620023245,'ECON3311'),(620023245,'BIOC1485'),(620023245,'ECON3063'),(620023245,'PHYS2306'),(620023245,'MATH1735'),(620023245,'INFO2716');
INSERT INTO Users VALUES (620023246,'Tracy','Calvert','TracyCalvert@gmail.com','CalvertTracy');
INSERT INTO Students VALUES (620023246,'UNDERGRAD','01-01-2020');
INSERT INTO Enrolled (u_id,courseCode) VALUES (620023246,'ECON1170'),(620023246,'ECON1645'),(620023246,'INFO3419');
INSERT INTO Users VALUES (620023247,'Eunice','Cash','EuniceCash@gmail.com','CashEunice');
INSERT INTO Students VALUES (620023247,'UNDERGRAD','01-01-2020');
INSERT INTO Enrolled (u_id,courseCode) VALUES (620023247,'INFO2521'),(620023247,'BIOC1534'),(620023247,'COMP1357'),(620023247,'COMP3685'),(620023247,'ECON2387'),(620023247,'PHYS3354');
INSERT INTO Users VALUES (620023248,'Mildred','Kent','MildredKent@gmail.com','KentMildred');
INSERT INTO Students VALUES (620023248,'UNDERGRAD','01-01-2020');
INSERT INTO Enrolled (u_id,courseCode) VALUES (620023248,'PHYS3876'),(620023248,'MATH1638'),(620023248,'ECON3989'),(620023248,'COMP3536'),(620023248,'MATH1148'),(620023248,'INFO3868');
INSERT INTO Users VALUES (620023249,'Teresa','Merna','TeresaMerna@gmail.com','MernaTeresa');
INSERT INTO Students VALUES (620023249,'UNDERGRAD','01-01-2020');
INSERT INTO Enrolled (u_id,courseCode) VALUES (620023249,'BIOC1534'),(620023249,'BIOC2671'),(620023249,'COMP2080'),(620023249,'PHYS2238');
INSERT INTO Users VALUES (620023250,'Trina','Chappell','TrinaChappell@gmail.com','ChappellTrina');
INSERT INTO Students VALUES (620023250,'UNDERGRAD','01-01-2020');
INSERT INTO Enrolled (u_id,courseCode) VALUES (620023250,'INFO2813'),(620023250,'INFO2521'),(620023250,'BIOC1439'),(620023250,'ECON3989'),(620023250,'COMP3173');
INSERT INTO Users VALUES (620023251,'Kurt','Chappell','KurtChappell@gmail.com','ChappellKurt');
INSERT INTO Students VALUES (620023251,'UNDERGRAD','01-01-2020');
INSERT INTO Enrolled (u_id,courseCode) VALUES (620023251,'COMP3084'),(620023251,'BIOC1052'),(620023251,'CHEM3793'),(620023251,'CHEM2005'),(620023251,'PHYS2229');
INSERT INTO Users VALUES (620023252,'Evelyn','Harrington','EvelynHarrington@gmail.com','HarringtonEvelyn');
INSERT INTO Students VALUES (620023252,'UNDERGRAD','01-01-2020');
INSERT INTO Enrolled (u_id,courseCode) VALUES (620023252,'PHYS3686'),(620023252,'MATH3613'),(620023252,'MATH3844'),(620023252,'CHEM2604'),(620023252,'MATH1735'),(620023252,'COMP2080');
INSERT INTO Users VALUES (620023253,'Eric','Thomas','EricThomas@gmail.com','ThomasEric');
INSERT INTO Students VALUES (620023253,'UNDERGRAD','01-01-2020');
INSERT INTO Enrolled (u_id,courseCode) VALUES (620023253,'INFO1648'),(620023253,'ECON3281'),(620023253,'COMP3536');
INSERT INTO Users VALUES (620023254,'Juan','Estrada','JuanEstrada@gmail.com','EstradaJuan');
INSERT INTO Students VALUES (620023254,'UNDERGRAD','01-01-2020');
INSERT INTO Enrolled (u_id,courseCode) VALUES (620023254,'ECON1230'),(620023254,'ECON3523'),(620023254,'MATH1578'),(620023254,'INFO2213'),(620023254,'MATH2801');
INSERT INTO Users VALUES (620023255,'Vernon','Bower','VernonBower@gmail.com','BowerVernon');
INSERT INTO Students VALUES (620023255,'UNDERGRAD','01-01-2020');
INSERT INTO Enrolled (u_id,courseCode) VALUES (620023255,'INFO2636'),(620023255,'BIOC2983'),(620023255,'MATH2501'),(620023255,'BIOC3721');
INSERT INTO Users VALUES (620023256,'Adelle','Hamilton','AdelleHamilton@gmail.com','HamiltonAdelle');
INSERT INTO Students VALUES (620023256,'UNDERGRAD','01-01-2020');
INSERT INTO Enrolled (u_id,courseCode) VALUES (620023256,'ECON3447'),(620023256,'COMP2080'),(620023256,'MATH2957');
INSERT INTO Users VALUES (620023257,'Dean','Pero','DeanPero@gmail.com','PeroDean');
INSERT INTO Students VALUES (620023257,'UNDERGRAD','01-01-2020');
INSERT INTO Enrolled (u_id,courseCode) VALUES (620023257,'ECON3550'),(620023257,'COMP3167'),(620023257,'PHYS1173'),(620023257,'BIOC1598'),(620023257,'MATH1250'),(620023257,'MATH1148');
INSERT INTO Users VALUES (620023258,'Tia','Hardman','TiaHardman@gmail.com','HardmanTia');
INSERT INTO Students VALUES (620023258,'UNDERGRAD','01-01-2020');
INSERT INTO Enrolled (u_id,courseCode) VALUES (620023258,'PHYS2306'),(620023258,'PHYS2451'),(620023258,'MATH1262');
INSERT INTO Users VALUES (620023259,'Jesus','Hudson','JesusHudson@gmail.com','HudsonJesus');
INSERT INTO Students VALUES (620023259,'UNDERGRAD','01-01-2020');
INSERT INTO Enrolled (u_id,courseCode) VALUES (620023259,'ECON2722'),(620023259,'ECON3447'),(620023259,'COMP2541'),(620023259,'INFO2860');
INSERT INTO Users VALUES (620023260,'Richard','Kenney','RichardKenney@gmail.com','KenneyRichard');
INSERT INTO Students VALUES (620023260,'UNDERGRAD','01-01-2020');
INSERT INTO Enrolled (u_id,courseCode) VALUES (620023260,'BIOC1534'),(620023260,'PHYS3290'),(620023260,'CHEM3614');
INSERT INTO Users VALUES (620023261,'Peggy','Crites','PeggyCrites@gmail.com','CritesPeggy');
INSERT INTO Students VALUES (620023261,'UNDERGRAD','01-01-2020');
INSERT INTO Enrolled (u_id,courseCode) VALUES (620023261,'ECON2345'),(620023261,'PHYS3339'),(620023261,'BIOC1439'),(620023261,'PHYS1993'),(620023261,'ECON1458'),(620023261,'CHEM3347');
INSERT INTO Users VALUES (620023262,'Alfred','Maze','AlfredMaze@gmail.com','MazeAlfred');
INSERT INTO Students VALUES (620023262,'UNDERGRAD','01-01-2020');
INSERT INTO Enrolled (u_id,courseCode) VALUES (620023262,'BIOC1534'),(620023262,'BIOC1986'),(620023262,'MATH1638'),(620023262,'CHEM2177');
INSERT INTO Users VALUES (620023263,'Danielle','Calloway','DanielleCalloway@gmail.com','CallowayDanielle');
INSERT INTO Students VALUES (620023263,'UNDERGRAD','01-01-2020');
INSERT INTO Enrolled (u_id,courseCode) VALUES (620023263,'PHYS1979'),(620023263,'COMP1460'),(620023263,'PHYS2338');
INSERT INTO Users VALUES (620023264,'Howard','Mauk','HowardMauk@gmail.com','MaukHoward');
INSERT INTO Students VALUES (620023264,'UNDERGRAD','01-01-2020');
INSERT INTO Enrolled (u_id,courseCode) VALUES (620023264,'MATH3059'),(620023264,'COMP3685'),(620023264,'MATH2188');
INSERT INTO Users VALUES (620023265,'Alvin','Cummins','AlvinCummins@gmail.com','CumminsAlvin');
INSERT INTO Students VALUES (620023265,'UNDERGRAD','01-01-2020');
INSERT INTO Enrolled (u_id,courseCode) VALUES (620023265,'CHEM3054'),(620023265,'BIOC1104'),(620023265,'COMP3047');
INSERT INTO Users VALUES (620023266,'Bryon','Hinojosa','BryonHinojosa@gmail.com','HinojosaBryon');
INSERT INTO Students VALUES (620023266,'UNDERGRAD','01-01-2020');
INSERT INTO Enrolled (u_id,courseCode) VALUES (620023266,'COMP1460'),(620023266,'BIOC2589'),(620023266,'ECON2703'),(620023266,'BIOC2981'),(620023266,'ECON3989');
INSERT INTO Users VALUES (620023267,'Neal','Vanwyck','NealVanwyck@gmail.com','VanwyckNeal');
INSERT INTO Students VALUES (620023267,'UNDERGRAD','01-01-2020');
INSERT INTO Enrolled (u_id,courseCode) VALUES (620023267,'CHEM2797'),(620023267,'BIOC2983'),(620023267,'PHYS2977'),(620023267,'CHEM2031');
INSERT INTO Users VALUES (620023268,'Lori','Gilmore','LoriGilmore@gmail.com','GilmoreLori');
INSERT INTO Students VALUES (620023268,'UNDERGRAD','01-01-2020');
INSERT INTO Enrolled (u_id,courseCode) VALUES (620023268,'PHYS3787'),(620023268,'COMP3238'),(620023268,'BIOC2589');
INSERT INTO Users VALUES (620023269,'Wendell','Sandlin','WendellSandlin@gmail.com','SandlinWendell');
INSERT INTO Students VALUES (620023269,'UNDERGRAD','01-01-2020');
INSERT INTO Enrolled (u_id,courseCode) VALUES (620023269,'INFO2716'),(620023269,'CHEM3617'),(620023269,'BIOC3604'),(620023269,'COMP3238');
INSERT INTO Users VALUES (620023270,'Melvin','Cummings','MelvinCummings@gmail.com','CummingsMelvin');
INSERT INTO Students VALUES (620023270,'UNDERGRAD','01-01-2020');
INSERT INTO Enrolled (u_id,courseCode) VALUES (620023270,'PHYS3354'),(620023270,'ECON3372'),(620023270,'ECON3447'),(620023270,'PHYS1173'),(620023270,'COMP3418');
INSERT INTO Users VALUES (620023271,'Doris','Charland','DorisCharland@gmail.com','CharlandDoris');
INSERT INTO Students VALUES (620023271,'UNDERGRAD','01-01-2020');
INSERT INTO Enrolled (u_id,courseCode) VALUES (620023271,'INFO1014'),(620023271,'PHYS3464'),(620023271,'BIOC3191'),(620023271,'INFO2521'),(620023271,'COMP2361'),(620023271,'BIOC2983');
INSERT INTO Users VALUES (620023272,'Joseph','Burch','JosephBurch@gmail.com','BurchJoseph');
INSERT INTO Students VALUES (620023272,'UNDERGRAD','01-01-2020');
INSERT INTO Enrolled (u_id,courseCode) VALUES (620023272,'INFO1447'),(620023272,'INFO2950'),(620023272,'PHYS2338'),(620023272,'BIOC1104'),(620023272,'ECON3737'),(620023272,'BIOC1725');
INSERT INTO Users VALUES (620023273,'Stephanie','Dumas','StephanieDumas@gmail.com','DumasStephanie');
INSERT INTO Students VALUES (620023273,'UNDERGRAD','01-01-2020');
INSERT INTO Enrolled (u_id,courseCode) VALUES (620023273,'ECON3550'),(620023273,'ECON1589'),(620023273,'BIOC1164'),(620023273,'INFO2860');
INSERT INTO Users VALUES (620023274,'Ladawn','English','LadawnEnglish@gmail.com','EnglishLadawn');
INSERT INTO Students VALUES (620023274,'UNDERGRAD','01-01-2020');
INSERT INTO Enrolled (u_id,courseCode) VALUES (620023274,'ECON3063'),(620023274,'COMP3746'),(620023274,'COMP3173');
INSERT INTO Users VALUES (620023275,'Grace','Starks','GraceStarks@gmail.com','StarksGrace');
INSERT INTO Students VALUES (620023275,'UNDERGRAD','01-01-2020');
INSERT INTO Enrolled (u_id,courseCode) VALUES (620023275,'BIOC1794'),(620023275,'ECON3085'),(620023275,'BIOC3191'),(620023275,'ECON3372'),(620023275,'CHEM2727');
INSERT INTO Users VALUES (620023276,'Judith','Jones','JudithJones@gmail.com','JonesJudith');
INSERT INTO Students VALUES (620023276,'UNDERGRAD','01-01-2020');
INSERT INTO Enrolled (u_id,courseCode) VALUES (620023276,'CHEM3327'),(620023276,'COMP3238'),(620023276,'CHEM2220'),(620023276,'PHYS1399'),(620023276,'BIOC3457');
INSERT INTO Users VALUES (620023277,'Milton','Barrett','MiltonBarrett@gmail.com','BarrettMilton');
INSERT INTO Students VALUES (620023277,'UNDERGRAD','01-01-2020');
INSERT INTO Enrolled (u_id,courseCode) VALUES (620023277,'BIOC1534'),(620023277,'PHYS2451'),(620023277,'PHYS1140');
INSERT INTO Users VALUES (620023278,'Betty','Mcneill','BettyMcneill@gmail.com','McneillBetty');
INSERT INTO Students VALUES (620023278,'UNDERGRAD','01-01-2020');
INSERT INTO Enrolled (u_id,courseCode) VALUES (620023278,'INFO1242'),(620023278,'CHEM2697'),(620023278,'MATH2717'),(620023278,'MATH2555');
INSERT INTO Users VALUES (620023279,'Christine','Barron','ChristineBarron@gmail.com','BarronChristine');
INSERT INTO Students VALUES (620023279,'UNDERGRAD','01-01-2020');
INSERT INTO Enrolled (u_id,courseCode) VALUES (620023279,'CHEM2031'),(620023279,'ECON2703'),(620023279,'MATH3544'),(620023279,'PHYS1993');
INSERT INTO Users VALUES (620023280,'Francisca','Hunt','FranciscaHunt@gmail.com','HuntFrancisca');
INSERT INTO Students VALUES (620023280,'UNDERGRAD','01-01-2020');
INSERT INTO Enrolled (u_id,courseCode) VALUES (620023280,'MATH1578'),(620023280,'ECON3063'),(620023280,'MATH3857'),(620023280,'CHEM1494'),(620023280,'MATH2188');
INSERT INTO Users VALUES (620023281,'Allison','Gilmore','AllisonGilmore@gmail.com','GilmoreAllison');
INSERT INTO Students VALUES (620023281,'UNDERGRAD','01-01-2020');
INSERT INTO Enrolled (u_id,courseCode) VALUES (620023281,'COMP1357'),(620023281,'ECON1170'),(620023281,'CHEM3347'),(620023281,'MATH2873'),(620023281,'CHEM1340');
INSERT INTO Users VALUES (620023282,'Rachel','Moore','RachelMoore@gmail.com','MooreRachel');
INSERT INTO Students VALUES (620023282,'UNDERGRAD','01-01-2020');
INSERT INTO Enrolled (u_id,courseCode) VALUES (620023282,'ECON3276'),(620023282,'PHYS3787'),(620023282,'ECON3288'),(620023282,'MATH1735');
INSERT INTO Users VALUES (620023283,'Lindsey','Waugh','LindseyWaugh@gmail.com','WaughLindsey');
INSERT INTO Students VALUES (620023283,'UNDERGRAD','01-01-2020');
INSERT INTO Enrolled (u_id,courseCode) VALUES (620023283,'INFO1288'),(620023283,'INFO2213'),(620023283,'BIOC2054'),(620023283,'MATH3209'),(620023283,'COMP1543');
INSERT INTO Users VALUES (620023284,'Adelia','Shani','AdeliaShani@gmail.com','ShaniAdelia');
INSERT INTO Students VALUES (620023284,'UNDERGRAD','01-01-2020');
INSERT INTO Enrolled (u_id,courseCode) VALUES (620023284,'CHEM2867'),(620023284,'CHEM2031'),(620023284,'MATH3844'),(620023284,'PHYS2977'),(620023284,'INFO3645'),(620023284,'PHYS3464');
INSERT INTO Users VALUES (620023285,'Scott','Chappell','ScottChappell@gmail.com','ChappellScott');
INSERT INTO Students VALUES (620023285,'UNDERGRAD','01-01-2020');
INSERT INTO Enrolled (u_id,courseCode) VALUES (620023285,'INFO2147'),(620023285,'BIOC1725'),(620023285,'INFO2860'),(620023285,'ECON3737');
INSERT INTO Users VALUES (620023286,'Diane','Campbell','DianeCampbell@gmail.com','CampbellDiane');
INSERT INTO Students VALUES (620023286,'UNDERGRAD','01-01-2020');
INSERT INTO Enrolled (u_id,courseCode) VALUES (620023286,'ECON2814'),(620023286,'PHYS2113'),(620023286,'MATH2555'),(620023286,'INFO3645');
INSERT INTO Users VALUES (620023287,'Elwood','Thomas','ElwoodThomas@gmail.com','ThomasElwood');
INSERT INTO Students VALUES (620023287,'UNDERGRAD','01-01-2020');
INSERT INTO Enrolled (u_id,courseCode) VALUES (620023287,'MATH1262'),(620023287,'ECON2722'),(620023287,'INFO1990'),(620023287,'PHYS3290'),(620023287,'INFO3603'),(620023287,'BIOC1485');
INSERT INTO Users VALUES (620023288,'Kimberly','Garnes','KimberlyGarnes@gmail.com','GarnesKimberly');
INSERT INTO Students VALUES (620023288,'UNDERGRAD','01-01-2020');
INSERT INTO Enrolled (u_id,courseCode) VALUES (620023288,'CHEM2031'),(620023288,'PHYS3339'),(620023288,'COMP1573'),(620023288,'MATH3029');
INSERT INTO Users VALUES (620023289,'Milton','Koehn','MiltonKoehn@gmail.com','KoehnMilton');
INSERT INTO Students VALUES (620023289,'UNDERGRAD','01-01-2020');
INSERT INTO Enrolled (u_id,courseCode) VALUES (620023289,'MATH2501'),(620023289,'INFO1833'),(620023289,'INFO1648'),(620023289,'INFO2521'),(620023289,'INFO1288'),(620023289,'ECON1498');
INSERT INTO Users VALUES (620023290,'Toby','Carrington','TobyCarrington@gmail.com','CarringtonToby');
INSERT INTO Students VALUES (620023290,'UNDERGRAD','01-01-2020');
INSERT INTO Enrolled (u_id,courseCode) VALUES (620023290,'BIOC1448'),(620023290,'ECON2345'),(620023290,'INFO3935'),(620023290,'MATH1638');
INSERT INTO Users VALUES (620023291,'Jacqueline','Walden','JacquelineWalden@gmail.com','WaldenJacqueline');
INSERT INTO Students VALUES (620023291,'UNDERGRAD','01-01-2020');
INSERT INTO Enrolled (u_id,courseCode) VALUES (620023291,'ECON3989'),(620023291,'CHEM2626'),(620023291,'BIOC1598'),(620023291,'COMP1051'),(620023291,'COMP2400');
INSERT INTO Users VALUES (620023292,'Gilbert','Marshall','GilbertMarshall@gmail.com','MarshallGilbert');
INSERT INTO Students VALUES (620023292,'UNDERGRAD','01-01-2020');
INSERT INTO Enrolled (u_id,courseCode) VALUES (620023292,'INFO2716'),(620023292,'PHYS3729'),(620023292,'CHEM2867'),(620023292,'BIOC1986'),(620023292,'PHYS1399');
INSERT INTO Users VALUES (620023293,'Dean','Hawkins','DeanHawkins@gmail.com','HawkinsDean');
INSERT INTO Students VALUES (620023293,'UNDERGRAD','01-01-2020');
INSERT INTO Enrolled (u_id,courseCode) VALUES (620023293,'CHEM2177'),(620023293,'MATH1638'),(620023293,'INFO2559'),(620023293,'PHYS3290'),(620023293,'COMP1543');
INSERT INTO Users VALUES (620023294,'Gregory','Hinojosa','GregoryHinojosa@gmail.com','HinojosaGregory');
INSERT INTO Students VALUES (620023294,'UNDERGRAD','01-01-2020');
INSERT INTO Enrolled (u_id,courseCode) VALUES (620023294,'INFO2860'),(620023294,'INFO2337'),(620023294,'BIOC1104'),(620023294,'ECON3550');
INSERT INTO Users VALUES (620023295,'Jeffrey','Scarbrough','JeffreyScarbrough@gmail.com','ScarbroughJeffrey');
INSERT INTO Students VALUES (620023295,'UNDERGRAD','01-01-2020');
INSERT INTO Enrolled (u_id,courseCode) VALUES (620023295,'CHEM3793'),(620023295,'CHEM3054'),(620023295,'PHYS3876');
INSERT INTO Users VALUES (620023296,'Dean','Barnett','DeanBarnett@gmail.com','BarnettDean');
INSERT INTO Students VALUES (620023296,'UNDERGRAD','01-01-2020');
INSERT INTO Enrolled (u_id,courseCode) VALUES (620023296,'CHEM2031'),(620023296,'CHEM1485'),(620023296,'MATH3222'),(620023296,'INFO3868'),(620023296,'INFO1014');
INSERT INTO Users VALUES (620023297,'Carol','Wright','CarolWright@gmail.com','WrightCarol');
INSERT INTO Students VALUES (620023297,'UNDERGRAD','01-01-2020');
INSERT INTO Enrolled (u_id,courseCode) VALUES (620023297,'BIOC2671'),(620023297,'BIOC1744'),(620023297,'PHYS2113'),(620023297,'MATH3179'),(620023297,'BIOC2981');
INSERT INTO Users VALUES (620023298,'Martin','Withrow','MartinWithrow@gmail.com','WithrowMartin');
INSERT INTO Students VALUES (620023298,'UNDERGRAD','01-01-2020');
INSERT INTO Enrolled (u_id,courseCode) VALUES (620023298,'INFO2813'),(620023298,'PHYS3729'),(620023298,'ECON3311'),(620023298,'PHYS1173');
INSERT INTO Users VALUES (620023299,'Helen','Rivera','HelenRivera@gmail.com','RiveraHelen');
INSERT INTO Students VALUES (620023299,'UNDERGRAD','01-01-2020');
INSERT INTO Enrolled (u_id,courseCode) VALUES (620023299,'CHEM3054'),(620023299,'CHEM1485'),(620023299,'COMP3639'),(620023299,'INFO3935'),(620023299,'CHEM1494'),(620023299,'MATH3179');
INSERT INTO Users VALUES (620023300,'Martin','Wolfe','MartinWolfe@gmail.com','WolfeMartin');
INSERT INTO Students VALUES (620023300,'UNDERGRAD','01-01-2020');
INSERT INTO Enrolled (u_id,courseCode) VALUES (620023300,'COMP2965'),(620023300,'CHEM3617'),(620023300,'BIOC3230'),(620023300,'COMP3418'),(620023300,'PHYS3464');
INSERT INTO Users VALUES (620023301,'Agnes','Wolfe','AgnesWolfe@gmail.com','WolfeAgnes');
INSERT INTO Students VALUES (620023301,'UNDERGRAD','01-01-2020');
INSERT INTO Enrolled (u_id,courseCode) VALUES (620023301,'INFO1242'),(620023301,'COMP1184'),(620023301,'COMP1460'),(620023301,'CHEM2797');
INSERT INTO Users VALUES (620023302,'Frankie','Bennett','FrankieBennett@gmail.com','BennettFrankie');
INSERT INTO Students VALUES (620023302,'UNDERGRAD','01-01-2020');
INSERT INTO Enrolled (u_id,courseCode) VALUES (620023302,'CHEM3793'),(620023302,'BIOC1164'),(620023302,'COMP3167'),(620023302,'COMP3506'),(620023302,'INFO2860');
INSERT INTO Users VALUES (620023303,'Hazel','Flowers','HazelFlowers@gmail.com','FlowersHazel');
INSERT INTO Students VALUES (620023303,'UNDERGRAD','01-01-2020');
INSERT INTO Enrolled (u_id,courseCode) VALUES (620023303,'CHEM2604'),(620023303,'BIOC1448'),(620023303,'CHEM2177'),(620023303,'CHEM3793'),(620023303,'MATH1309'),(620023303,'MATH3544');
INSERT INTO Users VALUES (620023304,'Homer','Phinney','HomerPhinney@gmail.com','PhinneyHomer');
INSERT INTO Students VALUES (620023304,'UNDERGRAD','01-01-2020');
INSERT INTO Enrolled (u_id,courseCode) VALUES (620023304,'BIOC2054'),(620023304,'INFO2860'),(620023304,'INFO3868'),(620023304,'MATH1250');
INSERT INTO Users VALUES (620023305,'Stacy','Nerbonne','StacyNerbonne@gmail.com','NerbonneStacy');
INSERT INTO Students VALUES (620023305,'UNDERGRAD','01-01-2020');
INSERT INTO Enrolled (u_id,courseCode) VALUES (620023305,'COMP2965'),(620023305,'CHEM3054'),(620023305,'INFO1648'),(620023305,'PHYS2238'),(620023305,'MATH1250');
INSERT INTO Users VALUES (620023306,'Sharon','Nelson','SharonNelson@gmail.com','NelsonSharon');
INSERT INTO Students VALUES (620023306,'UNDERGRAD','01-01-2020');
INSERT INTO Enrolled (u_id,courseCode) VALUES (620023306,'CHEM3793'),(620023306,'MATH3613'),(620023306,'ECON2387');
INSERT INTO Users VALUES (620023307,'Vivian','Rice','VivianRice@gmail.com','RiceVivian');
INSERT INTO Students VALUES (620023307,'UNDERGRAD','01-01-2020');
INSERT INTO Enrolled (u_id,courseCode) VALUES (620023307,'MATH3544'),(620023307,'BIOC1448'),(620023307,'BIOC1052'),(620023307,'CHEM1807'),(620023307,'MATH3179'),(620023307,'COMP3697');
INSERT INTO Users VALUES (620023308,'Casey','Mccarthy','CaseyMccarthy@gmail.com','MccarthyCasey');
INSERT INTO Students VALUES (620023308,'UNDERGRAD','01-01-2020');
INSERT INTO Enrolled (u_id,courseCode) VALUES (620023308,'INFO2521'),(620023308,'BIOC3191'),(620023308,'INFO1145');
INSERT INTO Users VALUES (620023309,'Dominique','Souza','DominiqueSouza@gmail.com','SouzaDominique');
INSERT INTO Students VALUES (620023309,'UNDERGRAD','01-01-2020');
INSERT INTO Enrolled (u_id,courseCode) VALUES (620023309,'MATH3059'),(620023309,'ECON1230'),(620023309,'COMP1867');
INSERT INTO Users VALUES (620023310,'Kirk','Knaub','KirkKnaub@gmail.com','KnaubKirk');
INSERT INTO Students VALUES (620023310,'UNDERGRAD','01-01-2020');
INSERT INTO Enrolled (u_id,courseCode) VALUES (620023310,'INFO2559'),(620023310,'COMP2717'),(620023310,'MATH3844'),(620023310,'MATH1454');
INSERT INTO Users VALUES (620023311,'Juan','Myrick','JuanMyrick@gmail.com','MyrickJuan');
INSERT INTO Students VALUES (620023311,'UNDERGRAD','01-01-2020');
INSERT INTO Enrolled (u_id,courseCode) VALUES (620023311,'COMP3746'),(620023311,'PHYS2338'),(620023311,'CHEM3327'),(620023311,'CHEM3347');
INSERT INTO Users VALUES (620023312,'Flora','Madsen','FloraMadsen@gmail.com','MadsenFlora');
INSERT INTO Students VALUES (620023312,'UNDERGRAD','01-01-2020');
INSERT INTO Enrolled (u_id,courseCode) VALUES (620023312,'COMP2077'),(620023312,'COMP1184'),(620023312,'INFO1145'),(620023312,'INFO2950');
INSERT INTO Users VALUES (620023313,'George','Scully','GeorgeScully@gmail.com','ScullyGeorge');
INSERT INTO Students VALUES (620023313,'UNDERGRAD','01-01-2020');
INSERT INTO Enrolled (u_id,courseCode) VALUES (620023313,'CHEM2065'),(620023313,'PHYS1140'),(620023313,'INFO3636');
INSERT INTO Users VALUES (620023314,'Cliff','Laramee','CliffLaramee@gmail.com','LarameeCliff');
INSERT INTO Students VALUES (620023314,'UNDERGRAD','01-01-2020');
INSERT INTO Enrolled (u_id,courseCode) VALUES (620023314,'BIOC1448'),(620023314,'ECON1561'),(620023314,'PHYS2667');
INSERT INTO Users VALUES (620023315,'Lois','Meisner','LoisMeisner@gmail.com','MeisnerLois');
INSERT INTO Students VALUES (620023315,'UNDERGRAD','01-01-2020');
INSERT INTO Enrolled (u_id,courseCode) VALUES (620023315,'PHYS1173'),(620023315,'INFO1447'),(620023315,'COMP3536');
INSERT INTO Users VALUES (620023316,'Sam','Dohse','SamDohse@gmail.com','DohseSam');
INSERT INTO Students VALUES (620023316,'UNDERGRAD','01-01-2020');
INSERT INTO Enrolled (u_id,courseCode) VALUES (620023316,'COMP1184'),(620023316,'INFO1648'),(620023316,'MATH2555'),(620023316,'INFO1825');
INSERT INTO Users VALUES (620023317,'Roberta','Shani','RobertaShani@gmail.com','ShaniRoberta');
INSERT INTO Students VALUES (620023317,'UNDERGRAD','01-01-2020');
INSERT INTO Enrolled (u_id,courseCode) VALUES (620023317,'BIOC3341'),(620023317,'MATH1972'),(620023317,'COMP1357'),(620023317,'BIOC3604'),(620023317,'BIOC1439');
INSERT INTO Users VALUES (620023318,'Scott','Dillis','ScottDillis@gmail.com','DillisScott');
INSERT INTO Students VALUES (620023318,'UNDERGRAD','01-01-2020');
INSERT INTO Enrolled (u_id,courseCode) VALUES (620023318,'INFO2860'),(620023318,'MATH2555'),(620023318,'PHYS3290'),(620023318,'CHEM2149'),(620023318,'CHEM1340');
INSERT INTO Users VALUES (620023319,'Gina','Laudat','GinaLaudat@gmail.com','LaudatGina');
INSERT INTO Students VALUES (620023319,'UNDERGRAD','01-01-2020');
INSERT INTO Enrolled (u_id,courseCode) VALUES (620023319,'COMP1543'),(620023319,'BIOC1794'),(620023319,'COMP1357'),(620023319,'INFO1014'),(620023319,'COMP3746'),(620023319,'INFO1833');
INSERT INTO Users VALUES (620023320,'Adelle','Eubank','AdelleEubank@gmail.com','EubankAdelle');
INSERT INTO Students VALUES (620023320,'UNDERGRAD','01-01-2020');
INSERT INTO Enrolled (u_id,courseCode) VALUES (620023320,'COMP1357'),(620023320,'MATH1454'),(620023320,'PHYS1399'),(620023320,'PHYS2306');
INSERT INTO Users VALUES (620023321,'Toby','Fuller','TobyFuller@gmail.com','FullerToby');
INSERT INTO Students VALUES (620023321,'UNDERGRAD','01-01-2020');
INSERT INTO Enrolled (u_id,courseCode) VALUES (620023321,'MATH3613'),(620023321,'MATH3222'),(620023321,'PHYS2563'),(620023321,'ECON3447'),(620023321,'PHYS3354');
INSERT INTO Users VALUES (620023322,'Ruby','Pelletier','RubyPelletier@gmail.com','PelletierRuby');
INSERT INTO Students VALUES (620023322,'UNDERGRAD','01-01-2020');
INSERT INTO Enrolled (u_id,courseCode) VALUES (620023322,'MATH1262'),(620023322,'BIOC1725'),(620023322,'CHEM3327'),(620023322,'BIOC1794'),(620023322,'MATH2555'),(620023322,'PHYS3464');
INSERT INTO Users VALUES (620023323,'Peter','Phinney','PeterPhinney@gmail.com','PhinneyPeter');
INSERT INTO Students VALUES (620023323,'UNDERGRAD','01-01-2020');
INSERT INTO Enrolled (u_id,courseCode) VALUES (620023323,'COMP1543'),(620023323,'CHEM3793'),(620023323,'INFO3645'),(620023323,'MATH2801'),(620023323,'ECON3004');
INSERT INTO Users VALUES (620023324,'James','Lorenz','JamesLorenz@gmail.com','LorenzJames');
INSERT INTO Students VALUES (620023324,'UNDERGRAD','01-01-2020');
INSERT INTO Enrolled (u_id,courseCode) VALUES (620023324,'MATH2188'),(620023324,'MATH3179'),(620023324,'MATH1454');
INSERT INTO Users VALUES (620023325,'Delia','Knaub','DeliaKnaub@gmail.com','KnaubDelia');
INSERT INTO Students VALUES (620023325,'UNDERGRAD','01-01-2020');
INSERT INTO Enrolled (u_id,courseCode) VALUES (620023325,'INFO1990'),(620023325,'COMP3173'),(620023325,'INFO2860'),(620023325,'MATH3844'),(620023325,'CHEM1807'),(620023325,'INFO1145');
INSERT INTO Users VALUES (620023326,'Marie','Blevins','MarieBlevins@gmail.com','BlevinsMarie');
INSERT INTO Students VALUES (620023326,'UNDERGRAD','01-01-2020');
INSERT INTO Enrolled (u_id,courseCode) VALUES (620023326,'BIOC1104'),(620023326,'CHEM1613'),(620023326,'INFO3603'),(620023326,'PHYS1993'),(620023326,'MATH1735');
INSERT INTO Users VALUES (620023327,'David','Garcia','DavidGarcia@gmail.com','GarciaDavid');
INSERT INTO Students VALUES (620023327,'UNDERGRAD','01-01-2020');
INSERT INTO Enrolled (u_id,courseCode) VALUES (620023327,'INFO2270'),(620023327,'INFO1242'),(620023327,'ECON1561'),(620023327,'BIOC1910'),(620023327,'MATH2717'),(620023327,'INFO1648');
INSERT INTO Users VALUES (620023328,'Marcus','Taylor','MarcusTaylor@gmail.com','TaylorMarcus');
INSERT INTO Students VALUES (620023328,'UNDERGRAD','01-01-2020');
INSERT INTO Enrolled (u_id,courseCode) VALUES (620023328,'COMP3639'),(620023328,'COMP3238'),(620023328,'ECON3311'),(620023328,'BIOC2550');
INSERT INTO Users VALUES (620023329,'Christine','Nerbonne','ChristineNerbonne@gmail.com','NerbonneChristine');
INSERT INTO Students VALUES (620023329,'UNDERGRAD','01-01-2020');
INSERT INTO Enrolled (u_id,courseCode) VALUES (620023329,'COMP1460'),(620023329,'ECON1498'),(620023329,'CHEM2066'),(620023329,'CHEM2177'),(620023329,'ECON3004');
INSERT INTO Users VALUES (620023330,'Patricia','Duffie','PatriciaDuffie@gmail.com','DuffiePatricia');
INSERT INTO Students VALUES (620023330,'UNDERGRAD','01-01-2020');
INSERT INTO Enrolled (u_id,courseCode) VALUES (620023330,'PHYS2338'),(620023330,'BIOC3230'),(620023330,'CHEM3617');
INSERT INTO Users VALUES (620023331,'Latoya','Lemieux','LatoyaLemieux@gmail.com','LemieuxLatoya');
INSERT INTO Students VALUES (620023331,'UNDERGRAD','01-01-2020');
INSERT INTO Enrolled (u_id,courseCode) VALUES (620023331,'ECON3523'),(620023331,'CHEM3614'),(620023331,'MATH3059'),(620023331,'BIOC3721'),(620023331,'COMP3746');
INSERT INTO Users VALUES (620023332,'Kenneth','Davis','KennethDavis@gmail.com','DavisKenneth');
INSERT INTO Students VALUES (620023332,'UNDERGRAD','01-01-2020');
INSERT INTO Enrolled (u_id,courseCode) VALUES (620023332,'MATH3544'),(620023332,'INFO2716'),(620023332,'COMP2400'),(620023332,'COMP2717'),(620023332,'INFO3645'),(620023332,'COMP3685');
INSERT INTO Users VALUES (620023333,'Lois','Mccarthy','LoisMccarthy@gmail.com','MccarthyLois');
INSERT INTO Students VALUES (620023333,'UNDERGRAD','01-01-2020');
INSERT INTO Enrolled (u_id,courseCode) VALUES (620023333,'ECON3447'),(620023333,'COMP3047'),(620023333,'COMP1357'),(620023333,'CHEM1807');
INSERT INTO Users VALUES (620023334,'Louise','Golden','LouiseGolden@gmail.com','GoldenLouise');
INSERT INTO Students VALUES (620023334,'UNDERGRAD','01-01-2020');
INSERT INTO Enrolled (u_id,courseCode) VALUES (620023334,'MATH3029'),(620023334,'COMP2080'),(620023334,'ECON1783'),(620023334,'COMP3238');
INSERT INTO Users VALUES (620023335,'Traci','Mcclenon','TraciMcclenon@gmail.com','McclenonTraci');
INSERT INTO Students VALUES (620023335,'UNDERGRAD','01-01-2020');
INSERT INTO Enrolled (u_id,courseCode) VALUES (620023335,'CHEM2066'),(620023335,'PHYS2113'),(620023335,'MATH1578'),(620023335,'BIOC1485'),(620023335,'BIOC1104'),(620023335,'BIOC3457');
INSERT INTO Users VALUES (620023336,'Elmer','Casteel','ElmerCasteel@gmail.com','CasteelElmer');
INSERT INTO Students VALUES (620023336,'UNDERGRAD','01-01-2020');
INSERT INTO Enrolled (u_id,courseCode) VALUES (620023336,'MATH3688'),(620023336,'MATH3844'),(620023336,'CHEM2149');
INSERT INTO Users VALUES (620023337,'Ed','Martin','EdMartin@gmail.com','MartinEd');
INSERT INTO Students VALUES (620023337,'UNDERGRAD','01-01-2020');
INSERT INTO Enrolled (u_id,courseCode) VALUES (620023337,'ECON2387'),(620023337,'INFO1990'),(620023337,'COMP2541'),(620023337,'PHYS2113'),(620023337,'CHEM2177'),(620023337,'MATH2555');
INSERT INTO Users VALUES (620023338,'Georgie','Walden','GeorgieWalden@gmail.com','WaldenGeorgie');
INSERT INTO Students VALUES (620023338,'UNDERGRAD','01-01-2020');
INSERT INTO Enrolled (u_id,courseCode) VALUES (620023338,'MATH1638'),(620023338,'PHYS3464'),(620023338,'ECON1230'),(620023338,'MATH3688'),(620023338,'CHEM2797');
INSERT INTO Users VALUES (620023339,'Antionette','Saunders','AntionetteSaunders@gmail.com','SaundersAntionette');
INSERT INTO Students VALUES (620023339,'UNDERGRAD','01-01-2020');
INSERT INTO Enrolled (u_id,courseCode) VALUES (620023339,'INFO1014'),(620023339,'INFO2337'),(620023339,'BIOC2236'),(620023339,'COMP2080'),(620023339,'ECON3311');
INSERT INTO Users VALUES (620023340,'Roberto','Vario','RobertoVario@gmail.com','VarioRoberto');
INSERT INTO Students VALUES (620023340,'UNDERGRAD','01-01-2020');
INSERT INTO Enrolled (u_id,courseCode) VALUES (620023340,'CHEM2727'),(620023340,'INFO2950'),(620023340,'INFO1145'),(620023340,'MATH1148'),(620023340,'COMP2400'),(620023340,'ECON3288');
INSERT INTO Users VALUES (620023341,'Freddie','Rios','FreddieRios@gmail.com','RiosFreddie');
INSERT INTO Students VALUES (620023341,'UNDERGRAD','01-01-2020');
INSERT INTO Enrolled (u_id,courseCode) VALUES (620023341,'COMP2400'),(620023341,'ECON1783'),(620023341,'MATH3613'),(620023341,'INFO2716'),(620023341,'CHEM2065');
INSERT INTO Users VALUES (620023342,'Jeanna','Braun','JeannaBraun@gmail.com','BraunJeanna');
INSERT INTO Students VALUES (620023342,'UNDERGRAD','01-01-2020');
INSERT INTO Enrolled (u_id,courseCode) VALUES (620023342,'BIOC1104'),(620023342,'INFO2950'),(620023342,'MATH3844'),(620023342,'MATH1648'),(620023342,'INFO1145'),(620023342,'MATH1148');
INSERT INTO Users VALUES (620023343,'Clifford','Casteel','CliffordCasteel@gmail.com','CasteelClifford');
INSERT INTO Students VALUES (620023343,'UNDERGRAD','01-01-2020');
INSERT INTO Enrolled (u_id,courseCode) VALUES (620023343,'INFO2213'),(620023343,'PHYS2451'),(620023343,'CHEM2481'),(620023343,'BIOC3457'),(620023343,'MATH1148');
INSERT INTO Users VALUES (620023344,'Freddie','Bowerman','FreddieBowerman@gmail.com','BowermanFreddie');
INSERT INTO Students VALUES (620023344,'UNDERGRAD','01-01-2020');
INSERT INTO Enrolled (u_id,courseCode) VALUES (620023344,'COMP3697'),(620023344,'PHYS2117'),(620023344,'ECON1230');
INSERT INTO Users VALUES (620023345,'Patricia','Baccus','PatriciaBaccus@gmail.com','BaccusPatricia');
INSERT INTO Students VALUES (620023345,'UNDERGRAD','01-01-2020');
INSERT INTO Enrolled (u_id,courseCode) VALUES (620023345,'MATH2801'),(620023345,'INFO2636'),(620023345,'ECON3085'),(620023345,'ECON3523'),(620023345,'PHYS3052'),(620023345,'CHEM2149');
INSERT INTO Users VALUES (620023346,'Lauren','Mauk','LaurenMauk@gmail.com','MaukLauren');
INSERT INTO Students VALUES (620023346,'UNDERGRAD','01-01-2020');
INSERT INTO Enrolled (u_id,courseCode) VALUES (620023346,'CHEM3409'),(620023346,'INFO3419'),(620023346,'COMP2965'),(620023346,'MATH2550');
INSERT INTO Users VALUES (620023347,'Helen','Wood','HelenWood@gmail.com','WoodHelen');
INSERT INTO Students VALUES (620023347,'UNDERGRAD','01-01-2020');
INSERT INTO Enrolled (u_id,courseCode) VALUES (620023347,'CHEM2626'),(620023347,'CHEM1494'),(620023347,'ECON3004');
INSERT INTO Users VALUES (620023348,'Jamison','Lockwood','JamisonLockwood@gmail.com','LockwoodJamison');
INSERT INTO Students VALUES (620023348,'UNDERGRAD','01-01-2020');
INSERT INTO Enrolled (u_id,courseCode) VALUES (620023348,'INFO2147'),(620023348,'INFO3636'),(620023348,'CHEM3617'),(620023348,'BIOC3341'),(620023348,'PHYS2977');
INSERT INTO Users VALUES (620023349,'Chris','Walker','ChrisWalker@gmail.com','WalkerChris');
INSERT INTO Students VALUES (620023349,'UNDERGRAD','01-01-2020');
INSERT INTO Enrolled (u_id,courseCode) VALUES (620023349,'CHEM3347'),(620023349,'CHEM3888'),(620023349,'COMP2077'),(620023349,'COMP3418'),(620023349,'CHEM1494'),(620023349,'COMP1543');
INSERT INTO Users VALUES (620023350,'Rebecca','Garcia','RebeccaGarcia@gmail.com','GarciaRebecca');
INSERT INTO Students VALUES (620023350,'UNDERGRAD','01-01-2020');
INSERT INTO Enrolled (u_id,courseCode) VALUES (620023350,'CHEM2626'),(620023350,'CHEM3327'),(620023350,'MATH3222'),(620023350,'MATH1972');
INSERT INTO Users VALUES (620023351,'Colin','Hoyer','ColinHoyer@gmail.com','HoyerColin');
INSERT INTO Students VALUES (620023351,'UNDERGRAD','01-01-2020');
INSERT INTO Enrolled (u_id,courseCode) VALUES (620023351,'INFO1825'),(620023351,'MATH1262'),(620023351,'ECON3004');
INSERT INTO Users VALUES (620023352,'Danielle','Vario','DanielleVario@gmail.com','VarioDanielle');
INSERT INTO Students VALUES (620023352,'UNDERGRAD','01-01-2020');
INSERT INTO Enrolled (u_id,courseCode) VALUES (620023352,'MATH2801'),(620023352,'MATH1735'),(620023352,'PHYS1979'),(620023352,'INFO1648'),(620023352,'COMP2077'),(620023352,'ECON1996');
INSERT INTO Users VALUES (620023353,'Roy','Hanks','RoyHanks@gmail.com','HanksRoy');
INSERT INTO Students VALUES (620023353,'UNDERGRAD','01-01-2020');
INSERT INTO Enrolled (u_id,courseCode) VALUES (620023353,'MATH1578'),(620023353,'COMP1543'),(620023353,'BIOC3341');
INSERT INTO Users VALUES (620023354,'Chad','Waugh','ChadWaugh@gmail.com','WaughChad');
INSERT INTO Students VALUES (620023354,'UNDERGRAD','01-01-2020');
INSERT INTO Enrolled (u_id,courseCode) VALUES (620023354,'MATH1454'),(620023354,'BIOC2983'),(620023354,'PHYS3052'),(620023354,'INFO2213'),(620023354,'INFO2521'),(620023354,'BIOC2236');
INSERT INTO Users VALUES (620023355,'Debbie','Mcclanahan','DebbieMcclanahan@gmail.com','McclanahanDebbie');
INSERT INTO Students VALUES (620023355,'UNDERGRAD','01-01-2020');
INSERT INTO Enrolled (u_id,courseCode) VALUES (620023355,'BIOC1104'),(620023355,'INFO2270'),(620023355,'CHEM2177'),(620023355,'CHEM2867'),(620023355,'ECON3989'),(620023355,'PHYS2229');
INSERT INTO Users VALUES (620023356,'James','Vanwyck','JamesVanwyck@gmail.com','VanwyckJames');
INSERT INTO Students VALUES (620023356,'UNDERGRAD','01-01-2020');
INSERT INTO Enrolled (u_id,courseCode) VALUES (620023356,'INFO2860'),(620023356,'CHEM3347'),(620023356,'MATH3059'),(620023356,'BIOC1534'),(620023356,'CHEM1494');
INSERT INTO Users VALUES (620023357,'Denise','Carlson','DeniseCarlson@gmail.com','CarlsonDenise');
INSERT INTO Students VALUES (620023357,'UNDERGRAD','01-01-2020');
INSERT INTO Enrolled (u_id,courseCode) VALUES (620023357,'CHEM3327'),(620023357,'BIOC2589'),(620023357,'INFO1833'),(620023357,'MATH2957');
INSERT INTO Users VALUES (620023358,'Joy','Bennett','JoyBennett@gmail.com','BennettJoy');
INSERT INTO Students VALUES (620023358,'UNDERGRAD','01-01-2020');
INSERT INTO Enrolled (u_id,courseCode) VALUES (620023358,'COMP1184'),(620023358,'ECON1561'),(620023358,'INFO1833');
INSERT INTO Users VALUES (620023359,'Cheryl','Lockwood','CherylLockwood@gmail.com','LockwoodCheryl');
INSERT INTO Students VALUES (620023359,'UNDERGRAD','01-01-2020');
INSERT INTO Enrolled (u_id,courseCode) VALUES (620023359,'ECON1561'),(620023359,'ECON1996'),(620023359,'CHEM2867');
INSERT INTO Users VALUES (620023360,'Kelly','Gillman','KellyGillman@gmail.com','GillmanKelly');
INSERT INTO Students VALUES (620023360,'UNDERGRAD','01-01-2020');
INSERT INTO Enrolled (u_id,courseCode) VALUES (620023360,'CHEM1494'),(620023360,'INFO2337'),(620023360,'BIOC3191'),(620023360,'CHEM2867'),(620023360,'PHYS1173');
INSERT INTO Users VALUES (620023361,'Louis','Hernandez','LouisHernandez@gmail.com','HernandezLouis');
INSERT INTO Students VALUES (620023361,'UNDERGRAD','01-01-2020');
INSERT INTO Enrolled (u_id,courseCode) VALUES (620023361,'PHYS2448'),(620023361,'PHYS1993'),(620023361,'MATH2550'),(620023361,'CHEM3327');
INSERT INTO Users VALUES (620023362,'Cherise','Taylor','CheriseTaylor@gmail.com','TaylorCherise');
INSERT INTO Students VALUES (620023362,'UNDERGRAD','01-01-2020');
INSERT INTO Enrolled (u_id,courseCode) VALUES (620023362,'COMP2080'),(620023362,'ECON1230'),(620023362,'INFO1288'),(620023362,'BIOC1866'),(620023362,'PHYS1140');
INSERT INTO Users VALUES (620023363,'Linda','Comley','LindaComley@gmail.com','ComleyLinda');
INSERT INTO Students VALUES (620023363,'UNDERGRAD','01-01-2020');
INSERT INTO Enrolled (u_id,courseCode) VALUES (620023363,'BIOC3341'),(620023363,'COMP3746'),(620023363,'INFO1648'),(620023363,'COMP2080');
INSERT INTO Users VALUES (620023364,'Dominick','Comley','DominickComley@gmail.com','ComleyDominick');
INSERT INTO Students VALUES (620023364,'UNDERGRAD','01-01-2020');
INSERT INTO Enrolled (u_id,courseCode) VALUES (620023364,'MATH1735'),(620023364,'MATH2067'),(620023364,'ECON3228'),(620023364,'INFO2797'),(620023364,'COMP2541');
INSERT INTO Users VALUES (620023365,'Krista','Hart','KristaHart@gmail.com','HartKrista');
INSERT INTO Students VALUES (620023365,'UNDERGRAD','01-01-2020');
INSERT INTO Enrolled (u_id,courseCode) VALUES (620023365,'PHYS1140'),(620023365,'MATH2550'),(620023365,'CHEM3054'),(620023365,'ECON3989'),(620023365,'PHYS2338'),(620023365,'PHYS3729');
INSERT INTO Users VALUES (620023366,'Blake','Pedersen','BlakePedersen@gmail.com','PedersenBlake');
INSERT INTO Students VALUES (620023366,'UNDERGRAD','01-01-2020');
INSERT INTO Enrolled (u_id,courseCode) VALUES (620023366,'MATH1309'),(620023366,'ECON3372'),(620023366,'PHYS1979'),(620023366,'INFO2636'),(620023366,'INFO1990'),(620023366,'CHEM2177');
INSERT INTO Users VALUES (620023367,'Blake','Alexander','BlakeAlexander@gmail.com','AlexanderBlake');
INSERT INTO Students VALUES (620023367,'UNDERGRAD','01-01-2020');
INSERT INTO Enrolled (u_id,courseCode) VALUES (620023367,'MATH1250'),(620023367,'BIOC1448'),(620023367,'INFO2147'),(620023367,'CHEM3347');
INSERT INTO Users VALUES (620023368,'Nan','Ekberg','NanEkberg@gmail.com','EkbergNan');
INSERT INTO Students VALUES (620023368,'UNDERGRAD','01-01-2020');
INSERT INTO Enrolled (u_id,courseCode) VALUES (620023368,'MATH3544'),(620023368,'COMP3173'),(620023368,'MATH1262'),(620023368,'BIOC2983'),(620023368,'CHEM1494');
INSERT INTO Users VALUES (620023369,'Randall','Steinbach','RandallSteinbach@gmail.com','SteinbachRandall');
INSERT INTO Students VALUES (620023369,'UNDERGRAD','01-01-2020');
INSERT INTO Enrolled (u_id,courseCode) VALUES (620023369,'CHEM3054'),(620023369,'MATH3179'),(620023369,'COMP3084');
INSERT INTO Users VALUES (620023370,'Bryan','Bras','BryanBras@gmail.com','BrasBryan');
INSERT INTO Students VALUES (620023370,'UNDERGRAD','01-01-2020');
INSERT INTO Enrolled (u_id,courseCode) VALUES (620023370,'MATH1648'),(620023370,'BIOC1986'),(620023370,'BIOC1164'),(620023370,'PHYS1930'),(620023370,'PHYS3339'),(620023370,'INFO1288');
INSERT INTO Users VALUES (620023371,'Lori','Charland','LoriCharland@gmail.com','CharlandLori');
INSERT INTO Students VALUES (620023371,'UNDERGRAD','01-01-2020');
INSERT INTO Enrolled (u_id,courseCode) VALUES (620023371,'INFO3868'),(620023371,'PHYS1930'),(620023371,'COMP3685'),(620023371,'MATH3844'),(620023371,'COMP1357');
INSERT INTO Users VALUES (620023372,'Bernie','Mccarthy','BernieMccarthy@gmail.com','MccarthyBernie');
INSERT INTO Students VALUES (620023372,'UNDERGRAD','01-01-2020');
INSERT INTO Enrolled (u_id,courseCode) VALUES (620023372,'PHYS3686'),(620023372,'COMP3418'),(620023372,'COMP3685'),(620023372,'ECON3523'),(620023372,'CHEM2031');
INSERT INTO Users VALUES (620023373,'Celia','Wood','CeliaWood@gmail.com','WoodCelia');
INSERT INTO Students VALUES (620023373,'UNDERGRAD','01-01-2020');
INSERT INTO Enrolled (u_id,courseCode) VALUES (620023373,'MATH2188'),(620023373,'CHEM3614'),(620023373,'PHYS3052');
INSERT INTO Users VALUES (620023374,'Melanie','Shattuck','MelanieShattuck@gmail.com','ShattuckMelanie');
INSERT INTO Students VALUES (620023374,'UNDERGRAD','01-01-2020');
INSERT INTO Enrolled (u_id,courseCode) VALUES (620023374,'ECON3020'),(620023374,'COMP1460'),(620023374,'BIOC3721'),(620023374,'ECON3004');
INSERT INTO Users VALUES (620023375,'Don','Blackwell','DonBlackwell@gmail.com','BlackwellDon');
INSERT INTO Students VALUES (620023375,'UNDERGRAD','01-01-2020');
INSERT INTO Enrolled (u_id,courseCode) VALUES (620023375,'INFO2813'),(620023375,'PHYS3339'),(620023375,'INFO3868'),(620023375,'ECON1589'),(620023375,'PHYS2306'),(620023375,'CHEM2149');
INSERT INTO Users VALUES (620023376,'Willie','Richardson','WillieRichardson@gmail.com','RichardsonWillie');
INSERT INTO Students VALUES (620023376,'UNDERGRAD','01-01-2020');
INSERT INTO Enrolled (u_id,courseCode) VALUES (620023376,'BIOC3721'),(620023376,'CHEM2481'),(620023376,'INFO2716'),(620023376,'MATH3029'),(620023376,'CHEM3793'),(620023376,'PHYS2306');
INSERT INTO Users VALUES (620023377,'Gregory','Uribe','GregoryUribe@gmail.com','UribeGregory');
INSERT INTO Students VALUES (620023377,'UNDERGRAD','01-01-2020');
INSERT INTO Enrolled (u_id,courseCode) VALUES (620023377,'COMP2077'),(620023377,'ECON3737'),(620023377,'COMP3238'),(620023377,'COMP3639'),(620023377,'ECON3550'),(620023377,'CHEM2177');
INSERT INTO Users VALUES (620023378,'Deanna','Mattingly','DeannaMattingly@gmail.com','MattinglyDeanna');
INSERT INTO Students VALUES (620023378,'UNDERGRAD','01-01-2020');
INSERT INTO Enrolled (u_id,courseCode) VALUES (620023378,'COMP2361'),(620023378,'PHYS3876'),(620023378,'BIOC1448'),(620023378,'CHEM2031');
INSERT INTO Users VALUES (620023379,'Marshall','Garcia','MarshallGarcia@gmail.com','GarciaMarshall');
INSERT INTO Students VALUES (620023379,'UNDERGRAD','01-01-2020');
INSERT INTO Enrolled (u_id,courseCode) VALUES (620023379,'CHEM1340'),(620023379,'CHEM3614'),(620023379,'MATH2067'),(620023379,'INFO1145');
INSERT INTO Users VALUES (620023380,'Alvin','Ramlall','AlvinRamlall@gmail.com','RamlallAlvin');
INSERT INTO Students VALUES (620023380,'UNDERGRAD','01-01-2020');
INSERT INTO Enrolled (u_id,courseCode) VALUES (620023380,'BIOC3341'),(620023380,'PHYS2229'),(620023380,'PHYS3464');
INSERT INTO Users VALUES (620023381,'Ruth','Gondek','RuthGondek@gmail.com','GondekRuth');
INSERT INTO Students VALUES (620023381,'UNDERGRAD','01-01-2020');
INSERT INTO Enrolled (u_id,courseCode) VALUES (620023381,'ECON2703'),(620023381,'INFO3636'),(620023381,'INFO2636');
INSERT INTO Users VALUES (620023382,'Ladawn','Sniezek','LadawnSniezek@gmail.com','SniezekLadawn');
INSERT INTO Students VALUES (620023382,'UNDERGRAD','01-01-2020');
INSERT INTO Enrolled (u_id,courseCode) VALUES (620023382,'COMP1184'),(620023382,'CHEM1494'),(620023382,'PHYS2238'),(620023382,'ECON1170'),(620023382,'MATH3059');
INSERT INTO Users VALUES (620023383,'Randall','Krout','RandallKrout@gmail.com','KroutRandall');
INSERT INTO Students VALUES (620023383,'UNDERGRAD','01-01-2020');
INSERT INTO Enrolled (u_id,courseCode) VALUES (620023383,'BIOC1910'),(620023383,'INFO3419'),(620023383,'PHYS2238'),(620023383,'COMP1051'),(620023383,'BIOC3230');
INSERT INTO Users VALUES (620023384,'Shalanda','Busse','ShalandaBusse@gmail.com','BusseShalanda');
INSERT INTO Students VALUES (620023384,'UNDERGRAD','01-01-2020');
INSERT INTO Enrolled (u_id,courseCode) VALUES (620023384,'MATH1250'),(620023384,'COMP3506'),(620023384,'CHEM2604'),(620023384,'MATH1972');
INSERT INTO Users VALUES (620023385,'Dorothy','Davis','DorothyDavis@gmail.com','DavisDorothy');
INSERT INTO Students VALUES (620023385,'UNDERGRAD','01-01-2020');
INSERT INTO Enrolled (u_id,courseCode) VALUES (620023385,'INFO3645'),(620023385,'MATH2501'),(620023385,'BIOC3230'),(620023385,'PHYS3339'),(620023385,'ECON3085');
INSERT INTO Users VALUES (620023386,'Ben','Halford','BenHalford@gmail.com','HalfordBen');
INSERT INTO Students VALUES (620023386,'UNDERGRAD','01-01-2020');
INSERT INTO Enrolled (u_id,courseCode) VALUES (620023386,'MATH1262'),(620023386,'MATH3173'),(620023386,'MATH1148'),(620023386,'MATH3209'),(620023386,'ECON2703'),(620023386,'PHYS1173');
INSERT INTO Users VALUES (620023387,'Jessie','Bordelon','JessieBordelon@gmail.com','BordelonJessie');
INSERT INTO Students VALUES (620023387,'UNDERGRAD','01-01-2020');
INSERT INTO Enrolled (u_id,courseCode) VALUES (620023387,'CHEM2626'),(620023387,'CHEM3347'),(620023387,'BIOC3604'),(620023387,'COMP1357'),(620023387,'PHYS1993'),(620023387,'ECON1561');
INSERT INTO Users VALUES (620023388,'Clarence','Valenzuela','ClarenceValenzuela@gmail.com','ValenzuelaClarence');
INSERT INTO Students VALUES (620023388,'UNDERGRAD','01-01-2020');
INSERT INTO Enrolled (u_id,courseCode) VALUES (620023388,'ECON3020'),(620023388,'COMP3238'),(620023388,'ECON1561'),(620023388,'CHEM2604'),(620023388,'BIOC3604'),(620023388,'INFO2950');
INSERT INTO Users VALUES (620023389,'Ashleigh','Lindstrom','AshleighLindstrom@gmail.com','LindstromAshleigh');
INSERT INTO Students VALUES (620023389,'UNDERGRAD','01-01-2020');
INSERT INTO Enrolled (u_id,courseCode) VALUES (620023389,'PHYS2229'),(620023389,'MATH1735'),(620023389,'MATH2501'),(620023389,'INFO1288'),(620023389,'MATH2873');
INSERT INTO Users VALUES (620023390,'Jeanna','Russ','JeannaRuss@gmail.com','RussJeanna');
INSERT INTO Students VALUES (620023390,'UNDERGRAD','01-01-2020');
INSERT INTO Enrolled (u_id,courseCode) VALUES (620023390,'ECON3085'),(620023390,'COMP2717'),(620023390,'COMP3238'),(620023390,'MATH2957');
INSERT INTO Users VALUES (620023391,'Shane','Maione','ShaneMaione@gmail.com','MaioneShane');
INSERT INTO Students VALUES (620023391,'UNDERGRAD','01-01-2020');
INSERT INTO Enrolled (u_id,courseCode) VALUES (620023391,'CHEM3409'),(620023391,'PHYS1399'),(620023391,'INFO2797'),(620023391,'ECON1458'),(620023391,'PHYS2238'),(620023391,'MATH2188');
INSERT INTO Users VALUES (620023392,'Deborah','Vargas','DeborahVargas@gmail.com','VargasDeborah');
INSERT INTO Students VALUES (620023392,'UNDERGRAD','01-01-2020');
INSERT INTO Enrolled (u_id,courseCode) VALUES (620023392,'BIOC1104'),(620023392,'COMP3746'),(620023392,'CHEM2220'),(620023392,'BIOC2671');
INSERT INTO Users VALUES (620023393,'Sharon','Mitchell','SharonMitchell@gmail.com','MitchellSharon');
INSERT INTO Students VALUES (620023393,'UNDERGRAD','01-01-2020');
INSERT INTO Enrolled (u_id,courseCode) VALUES (620023393,'BIOC1448'),(620023393,'ECON3447'),(620023393,'COMP2651'),(620023393,'COMP1184');
INSERT INTO Users VALUES (620023394,'Roy','Heckstall','RoyHeckstall@gmail.com','HeckstallRoy');
INSERT INTO Students VALUES (620023394,'UNDERGRAD','01-01-2020');
INSERT INTO Enrolled (u_id,courseCode) VALUES (620023394,'CHEM2727'),(620023394,'MATH1262'),(620023394,'CHEM2177'),(620023394,'INFO1648'),(620023394,'BIOC1598');
INSERT INTO Users VALUES (620023395,'Charlotte','Laramee','CharlotteLaramee@gmail.com','LarameeCharlotte');
INSERT INTO Students VALUES (620023395,'UNDERGRAD','01-01-2020');
INSERT INTO Enrolled (u_id,courseCode) VALUES (620023395,'INFO2950'),(620023395,'CHEM2727'),(620023395,'ECON3063'),(620023395,'ECON1498'),(620023395,'MATH1309'),(620023395,'ECON2722');
INSERT INTO Users VALUES (620023396,'Cherise','Early','CheriseEarly@gmail.com','EarlyCherise');
INSERT INTO Students VALUES (620023396,'UNDERGRAD','01-01-2020');
INSERT INTO Enrolled (u_id,courseCode) VALUES (620023396,'CHEM2065'),(620023396,'PHYS1993'),(620023396,'MATH3544');
INSERT INTO Users VALUES (620023397,'Glenda','Henderson','GlendaHenderson@gmail.com','HendersonGlenda');
INSERT INTO Students VALUES (620023397,'UNDERGRAD','01-01-2020');
INSERT INTO Enrolled (u_id,courseCode) VALUES (620023397,'ECON2387'),(620023397,'BIOC1052'),(620023397,'INFO3645');
INSERT INTO Users VALUES (620023398,'Ashley','Ott','AshleyOtt@gmail.com','OttAshley');
INSERT INTO Students VALUES (620023398,'UNDERGRAD','01-01-2020');
INSERT INTO Enrolled (u_id,courseCode) VALUES (620023398,'CHEM2031'),(620023398,'BIOC1744'),(620023398,'PHYS3339'),(620023398,'MATH1638'),(620023398,'PHYS2667');
INSERT INTO Users VALUES (620023399,'Nicole','Nunn','NicoleNunn@gmail.com','NunnNicole');
INSERT INTO Students VALUES (620023399,'UNDERGRAD','01-01-2020');
INSERT INTO Enrolled (u_id,courseCode) VALUES (620023399,'MATH2188'),(620023399,'INFO2811'),(620023399,'ECON1098'),(620023399,'MATH1148'),(620023399,'INFO2147'),(620023399,'ECON1012');
INSERT INTO Users VALUES (620023400,'Earl','Wengerd','EarlWengerd@gmail.com','WengerdEarl');
INSERT INTO Students VALUES (620023400,'UNDERGRAD','01-01-2020');
INSERT INTO Enrolled (u_id,courseCode) VALUES (620023400,'CHEM3617'),(620023400,'CHEM3409'),(620023400,'ECON3737'),(620023400,'COMP3639'),(620023400,'INFO2147');
INSERT INTO Users VALUES (620023401,'Ladawn','Sullivan','LadawnSullivan@gmail.com','SullivanLadawn');
INSERT INTO Students VALUES (620023401,'UNDERGRAD','01-01-2020');
INSERT INTO Enrolled (u_id,courseCode) VALUES (620023401,'ECON1458'),(620023401,'CHEM3793'),(620023401,'BIOC3191');
INSERT INTO Users VALUES (620023402,'Isreal','Porter','IsrealPorter@gmail.com','PorterIsreal');
INSERT INTO Students VALUES (620023402,'UNDERGRAD','01-01-2020');
INSERT INTO Enrolled (u_id,courseCode) VALUES (620023402,'MATH3173'),(620023402,'INFO2860'),(620023402,'BIOC1485'),(620023402,'ECON3447'),(620023402,'BIOC3341'),(620023402,'BIOC2983');
INSERT INTO Users VALUES (620023403,'Adelle','Sultzer','AdelleSultzer@gmail.com','SultzerAdelle');
INSERT INTO Students VALUES (620023403,'UNDERGRAD','01-01-2020');
INSERT INTO Enrolled (u_id,courseCode) VALUES (620023403,'COMP3167'),(620023403,'PHYS1399'),(620023403,'BIOC1744'),(620023403,'ECON3276');
INSERT INTO Users VALUES (620023404,'Jason','Turkus','JasonTurkus@gmail.com','TurkusJason');
INSERT INTO Students VALUES (620023404,'UNDERGRAD','01-01-2020');
INSERT INTO Enrolled (u_id,courseCode) VALUES (620023404,'PHYS3052'),(620023404,'BIOC1744'),(620023404,'INFO2559'),(620023404,'INFO3603'),(620023404,'BIOC2054'),(620023404,'CHEM2065');
INSERT INTO Users VALUES (620023405,'Evelyn','Avery','EvelynAvery@gmail.com','AveryEvelyn');
INSERT INTO Students VALUES (620023405,'UNDERGRAD','01-01-2020');
INSERT INTO Enrolled (u_id,courseCode) VALUES (620023405,'COMP2361'),(620023405,'ECON3311'),(620023405,'ECON1012');
INSERT INTO Users VALUES (620023406,'Danielle','Pulley','DaniellePulley@gmail.com','PulleyDanielle');
INSERT INTO Students VALUES (620023406,'UNDERGRAD','01-01-2020');
INSERT INTO Enrolled (u_id,courseCode) VALUES (620023406,'PHYS2451'),(620023406,'BIOC1725'),(620023406,'BIOC1794');
INSERT INTO Users VALUES (620023407,'George','Porter','GeorgePorter@gmail.com','PorterGeorge');
INSERT INTO Students VALUES (620023407,'UNDERGRAD','01-01-2020');
INSERT INTO Enrolled (u_id,courseCode) VALUES (620023407,'MATH2801'),(620023407,'BIOC1744'),(620023407,'MATH1735');
INSERT INTO Users VALUES (620023408,'Marilyn','Hernandez','MarilynHernandez@gmail.com','HernandezMarilyn');
INSERT INTO Students VALUES (620023408,'UNDERGRAD','01-01-2020');
INSERT INTO Enrolled (u_id,courseCode) VALUES (620023408,'ECON1230'),(620023408,'ECON3372'),(620023408,'COMP1867'),(620023408,'MATH3179');
INSERT INTO Users VALUES (620023409,'Douglas','Wright','DouglasWright@gmail.com','WrightDouglas');
INSERT INTO Students VALUES (620023409,'UNDERGRAD','01-01-2020');
INSERT INTO Enrolled (u_id,courseCode) VALUES (620023409,'ECON1098'),(620023409,'BIOC1485'),(620023409,'PHYS2113'),(620023409,'BIOC1448'),(620023409,'MATH1648');
INSERT INTO Users VALUES (620023410,'Latoya','Parker','LatoyaParker@gmail.com','ParkerLatoya');
INSERT INTO Students VALUES (620023410,'UNDERGRAD','01-01-2020');
INSERT INTO Enrolled (u_id,courseCode) VALUES (620023410,'BIOC1866'),(620023410,'MATH2801'),(620023410,'ECON1098');
INSERT INTO Users VALUES (620023411,'Katie','Briggs','KatieBriggs@gmail.com','BriggsKatie');
INSERT INTO Students VALUES (620023411,'UNDERGRAD','01-01-2020');
INSERT INTO Enrolled (u_id,courseCode) VALUES (620023411,'COMP2717'),(620023411,'INFO1833'),(620023411,'COMP2361'),(620023411,'BIOC1485');
INSERT INTO Users VALUES (620023412,'Kelly','Fields','KellyFields@gmail.com','FieldsKelly');
INSERT INTO Students VALUES (620023412,'UNDERGRAD','01-01-2020');
INSERT INTO Enrolled (u_id,courseCode) VALUES (620023412,'BIOC1448'),(620023412,'ECON1498'),(620023412,'PHYS3354');
INSERT INTO Users VALUES (620023413,'Ethel','Harrington','EthelHarrington@gmail.com','HarringtonEthel');
INSERT INTO Students VALUES (620023413,'UNDERGRAD','01-01-2020');
INSERT INTO Enrolled (u_id,courseCode) VALUES (620023413,'BIOC1485'),(620023413,'INFO3645'),(620023413,'ECON3281'),(620023413,'CHEM3614'),(620023413,'INFO2213'),(620023413,'ECON1783');
INSERT INTO Users VALUES (620023414,'Byron','Sullivan','ByronSullivan@gmail.com','SullivanByron');
INSERT INTO Students VALUES (620023414,'UNDERGRAD','01-01-2020');
INSERT INTO Enrolled (u_id,courseCode) VALUES (620023414,'BIOC1485'),(620023414,'BIOC2236'),(620023414,'CHEM3327'),(620023414,'CHEM2065'),(620023414,'BIOC3604'),(620023414,'CHEM1807');
INSERT INTO Users VALUES (620023415,'Danielle','Avery','DanielleAvery@gmail.com','AveryDanielle');
INSERT INTO Students VALUES (620023415,'UNDERGRAD','01-01-2020');
INSERT INTO Enrolled (u_id,courseCode) VALUES (620023415,'INFO1825'),(620023415,'ECON2345'),(620023415,'COMP3047'),(620023415,'CHEM2797');
INSERT INTO Users VALUES (620023416,'Howard','Hayes','HowardHayes@gmail.com','HayesHoward');
INSERT INTO Students VALUES (620023416,'UNDERGRAD','01-01-2020');
INSERT INTO Enrolled (u_id,courseCode) VALUES (620023416,'COMP1543'),(620023416,'PHYS2977'),(620023416,'CHEM2626'),(620023416,'INFO1014'),(620023416,'MATH2957');
INSERT INTO Users VALUES (620023417,'Roy','Washinski','RoyWashinski@gmail.com','WashinskiRoy');
INSERT INTO Students VALUES (620023417,'UNDERGRAD','01-01-2020');
INSERT INTO Enrolled (u_id,courseCode) VALUES (620023417,'CHEM1494'),(620023417,'PHYS2338'),(620023417,'PHYS3729'),(620023417,'CHEM2177'),(620023417,'INFO1648'),(620023417,'COMP2541');
INSERT INTO Users VALUES (620023418,'Daisy','Jensen','DaisyJensen@gmail.com','JensenDaisy');
INSERT INTO Students VALUES (620023418,'UNDERGRAD','01-01-2020');
INSERT INTO Enrolled (u_id,courseCode) VALUES (620023418,'MATH1148'),(620023418,'MATH1454'),(620023418,'PHYS1979'),(620023418,'INFO1447'),(620023418,'CHEM1340');
INSERT INTO Users VALUES (620023419,'Marshall','Steinbach','MarshallSteinbach@gmail.com','SteinbachMarshall');
INSERT INTO Students VALUES (620023419,'UNDERGRAD','01-01-2020');
INSERT INTO Enrolled (u_id,courseCode) VALUES (620023419,'BIOC1744'),(620023419,'CHEM2797'),(620023419,'CHEM2220'),(620023419,'INFO2521'),(620023419,'CHEM3347'),(620023419,'PHYS2448');
INSERT INTO Users VALUES (620023420,'Stephen','Charland','StephenCharland@gmail.com','CharlandStephen');
INSERT INTO Students VALUES (620023420,'UNDERGRAD','01-01-2020');
INSERT INTO Enrolled (u_id,courseCode) VALUES (620023420,'ECON3276'),(620023420,'MATH1972'),(620023420,'PHYS3659');
INSERT INTO Users VALUES (620023421,'Georgie','Hardman','GeorgieHardman@gmail.com','HardmanGeorgie');
INSERT INTO Students VALUES (620023421,'UNDERGRAD','01-01-2020');
INSERT INTO Enrolled (u_id,courseCode) VALUES (620023421,'CHEM2005'),(620023421,'CHEM3617'),(620023421,'MATH2188');
INSERT INTO Users VALUES (620023422,'Jeanna','Noggle','JeannaNoggle@gmail.com','NoggleJeanna');
INSERT INTO Students VALUES (620023422,'UNDERGRAD','01-01-2020');
INSERT INTO Enrolled (u_id,courseCode) VALUES (620023422,'PHYS1979'),(620023422,'COMP1867'),(620023422,'ECON2387'),(620023422,'BIOC3341'),(620023422,'BIOC1986');
INSERT INTO Users VALUES (620023423,'Sean','Williams','SeanWilliams@gmail.com','WilliamsSean');
INSERT INTO Students VALUES (620023423,'UNDERGRAD','01-01-2020');
INSERT INTO Enrolled (u_id,courseCode) VALUES (620023423,'INFO2950'),(620023423,'ECON3372'),(620023423,'INFO1990'),(620023423,'PHYS3339'),(620023423,'MATH3857'),(620023423,'MATH3844');
INSERT INTO Users VALUES (620023424,'Joseph','Walker','JosephWalker@gmail.com','WalkerJoseph');
INSERT INTO Students VALUES (620023424,'UNDERGRAD','01-01-2020');
INSERT INTO Enrolled (u_id,courseCode) VALUES (620023424,'COMP1867'),(620023424,'PHYS1399'),(620023424,'BIOC1448'),(620023424,'COMP3047');
INSERT INTO Users VALUES (620023425,'Mildred','Pearson','MildredPearson@gmail.com','PearsonMildred');
INSERT INTO Students VALUES (620023425,'UNDERGRAD','01-01-2020');
INSERT INTO Enrolled (u_id,courseCode) VALUES (620023425,'ECON3004'),(620023425,'PHYS1140'),(620023425,'ECON1996');
INSERT INTO Users VALUES (620023426,'Holly','Krout','HollyKrout@gmail.com','KroutHolly');
INSERT INTO Students VALUES (620023426,'UNDERGRAD','01-01-2020');
INSERT INTO Enrolled (u_id,courseCode) VALUES (620023426,'MATH1250'),(620023426,'ECON3063'),(620023426,'COMP3536'),(620023426,'MATH2801');
INSERT INTO Users VALUES (620023427,'Lorenza','Griffin','LorenzaGriffin@gmail.com','GriffinLorenza');
INSERT INTO Students VALUES (620023427,'UNDERGRAD','01-01-2020');
INSERT INTO Enrolled (u_id,courseCode) VALUES (620023427,'CHEM3347'),(620023427,'MATH1638'),(620023427,'ECON3550'),(620023427,'PHYS3339'),(620023427,'PHYS2306'),(620023427,'BIOC1725');
INSERT INTO Users VALUES (620023428,'Dominick','Pere','DominickPere@gmail.com','PereDominick');
INSERT INTO Students VALUES (620023428,'UNDERGRAD','01-01-2020');
INSERT INTO Enrolled (u_id,courseCode) VALUES (620023428,'CHEM2065'),(620023428,'COMP2651'),(620023428,'PHYS2448');
INSERT INTO Users VALUES (620023429,'Isreal','Best','IsrealBest@gmail.com','BestIsreal');
INSERT INTO Students VALUES (620023429,'UNDERGRAD','01-01-2020');
INSERT INTO Enrolled (u_id,courseCode) VALUES (620023429,'COMP3418'),(620023429,'INFO2636'),(620023429,'MATH3173'),(620023429,'BIOC1052');
INSERT INTO Users VALUES (620023430,'Deanna','Eaton','DeannaEaton@gmail.com','EatonDeanna');
INSERT INTO Students VALUES (620023430,'UNDERGRAD','01-01-2020');
INSERT INTO Enrolled (u_id,courseCode) VALUES (620023430,'ECON3288'),(620023430,'INFO2559'),(620023430,'INFO2950'),(620023430,'BIOC3230'),(620023430,'COMP2080'),(620023430,'PHYS3464');
INSERT INTO Users VALUES (620023431,'Elwood','Noonan','ElwoodNoonan@gmail.com','NoonanElwood');
INSERT INTO Students VALUES (620023431,'UNDERGRAD','01-01-2020');
INSERT INTO Enrolled (u_id,courseCode) VALUES (620023431,'PHYS3052'),(620023431,'COMP1184'),(620023431,'INFO1825'),(620023431,'BIOC3457');
INSERT INTO Users VALUES (620023432,'Willard','Stallings','WillardStallings@gmail.com','StallingsWillard');
INSERT INTO Students VALUES (620023432,'UNDERGRAD','01-01-2020');
INSERT INTO Enrolled (u_id,courseCode) VALUES (620023432,'MATH3029'),(620023432,'PHYS1173'),(620023432,'BIOC3457');
INSERT INTO Users VALUES (620023433,'Michelle','Marshall','MichelleMarshall@gmail.com','MarshallMichelle');
INSERT INTO Students VALUES (620023433,'UNDERGRAD','01-01-2020');
INSERT INTO Enrolled (u_id,courseCode) VALUES (620023433,'ECON1561'),(620023433,'MATH3844'),(620023433,'CHEM3347'),(620023433,'PHYS1399');
INSERT INTO Users VALUES (620023434,'Gregory','Burney','GregoryBurney@gmail.com','BurneyGregory');
INSERT INTO Students VALUES (620023434,'UNDERGRAD','01-01-2020');
INSERT INTO Enrolled (u_id,courseCode) VALUES (620023434,'MATH1972'),(620023434,'ECON3085'),(620023434,'PHYS3876');
INSERT INTO Users VALUES (620023435,'Dennis','Collins','DennisCollins@gmail.com','CollinsDennis');
INSERT INTO Students VALUES (620023435,'UNDERGRAD','01-01-2020');
INSERT INTO Enrolled (u_id,courseCode) VALUES (620023435,'ECON1589'),(620023435,'PHYS3787'),(620023435,'CHEM2220');
INSERT INTO Users VALUES (620023436,'Roy','Noonan','RoyNoonan@gmail.com','NoonanRoy');
INSERT INTO Students VALUES (620023436,'UNDERGRAD','01-01-2020');
INSERT INTO Enrolled (u_id,courseCode) VALUES (620023436,'PHYS3659'),(620023436,'MATH1262'),(620023436,'ECON3989'),(620023436,'INFO2813'),(620023436,'BIOC3604');
INSERT INTO Users VALUES (620023437,'Christopher','Bordelon','ChristopherBordelon@gmail.com','BordelonChristopher');
INSERT INTO Students VALUES (620023437,'UNDERGRAD','01-01-2020');
INSERT INTO Enrolled (u_id,courseCode) VALUES (620023437,'CHEM2604'),(620023437,'CHEM1613'),(620023437,'INFO2213'),(620023437,'MATH1148');
INSERT INTO Users VALUES (620023438,'Catherine','Mcneill','CatherineMcneill@gmail.com','McneillCatherine');
INSERT INTO Students VALUES (620023438,'UNDERGRAD','01-01-2020');
INSERT INTO Enrolled (u_id,courseCode) VALUES (620023438,'ECON1458'),(620023438,'MATH2501'),(620023438,'COMP3536'),(620023438,'ECON1645'),(620023438,'ECON1996'),(620023438,'COMP1867');
INSERT INTO Users VALUES (620023439,'Sadie','Bourgoin','SadieBourgoin@gmail.com','BourgoinSadie');
INSERT INTO Students VALUES (620023439,'UNDERGRAD','01-01-2020');
INSERT INTO Enrolled (u_id,courseCode) VALUES (620023439,'INFO2337'),(620023439,'ECON2387'),(620023439,'PHYS1399'),(620023439,'ECON3311'),(620023439,'BIOC1448'),(620023439,'MATH3173');
INSERT INTO Users VALUES (620023440,'Karen','Souza','KarenSouza@gmail.com','SouzaKaren');
INSERT INTO Students VALUES (620023440,'UNDERGRAD','01-01-2020');
INSERT INTO Enrolled (u_id,courseCode) VALUES (620023440,'PHYS1173'),(620023440,'PHYS3659'),(620023440,'ECON2345'),(620023440,'COMP3506'),(620023440,'PHYS1399');
INSERT INTO Users VALUES (620023441,'Toby','Wilson','TobyWilson@gmail.com','WilsonToby');
INSERT INTO Students VALUES (620023441,'UNDERGRAD','01-01-2020');
INSERT INTO Enrolled (u_id,courseCode) VALUES (620023441,'INFO2950'),(620023441,'ECON3447'),(620023441,'PHYS2117'),(620023441,'PHYS3787'),(620023441,'BIOC1794'),(620023441,'CHEM3347');
INSERT INTO Users VALUES (620023442,'Alfred','Banks','AlfredBanks@gmail.com','BanksAlfred');
INSERT INTO Students VALUES (620023442,'UNDERGRAD','01-01-2020');
INSERT INTO Enrolled (u_id,courseCode) VALUES (620023442,'INFO2147'),(620023442,'INFO2337'),(620023442,'ECON2703'),(620023442,'INFO1145');
INSERT INTO Users VALUES (620023443,'Shonda','Gaffney','ShondaGaffney@gmail.com','GaffneyShonda');
INSERT INTO Students VALUES (620023443,'UNDERGRAD','01-01-2020');
INSERT INTO Enrolled (u_id,courseCode) VALUES (620023443,'BIOC3191'),(620023443,'COMP2080'),(620023443,'INFO2521'),(620023443,'ECON3276');
INSERT INTO Users VALUES (620023444,'Adelle','Garrett','AdelleGarrett@gmail.com','GarrettAdelle');
INSERT INTO Students VALUES (620023444,'UNDERGRAD','01-01-2020');
INSERT INTO Enrolled (u_id,courseCode) VALUES (620023444,'COMP1460'),(620023444,'BIOC3604'),(620023444,'CHEM1807'),(620023444,'CHEM2604'),(620023444,'INFO1990'),(620023444,'MATH3688');
INSERT INTO Users VALUES (620023445,'Lori','Butcher','LoriButcher@gmail.com','ButcherLori');
INSERT INTO Students VALUES (620023445,'UNDERGRAD','01-01-2020');
INSERT INTO Enrolled (u_id,courseCode) VALUES (620023445,'ECON3447'),(620023445,'MATH2550'),(620023445,'COMP3418'),(620023445,'ECON3523'),(620023445,'INFO2559'),(620023445,'MATH3029');
INSERT INTO Users VALUES (620023446,'Brenda','Winner','BrendaWinner@gmail.com','WinnerBrenda');
INSERT INTO Students VALUES (620023446,'UNDERGRAD','01-01-2020');
INSERT INTO Enrolled (u_id,courseCode) VALUES (620023446,'CHEM2604'),(620023446,'PHYS3290'),(620023446,'INFO1447'),(620023446,'ECON2703'),(620023446,'ECON3281'),(620023446,'BIOC1986');
INSERT INTO Users VALUES (620023447,'Elwood','Eaton','ElwoodEaton@gmail.com','EatonElwood');
INSERT INTO Students VALUES (620023447,'UNDERGRAD','01-01-2020');
INSERT INTO Enrolled (u_id,courseCode) VALUES (620023447,'CHEM2220'),(620023447,'CHEM2481'),(620023447,'MATH2550'),(620023447,'COMP2651'),(620023447,'PHYS1399'),(620023447,'PHYS2338');
INSERT INTO Users VALUES (620023448,'Bernie','Macpartland','BernieMacpartland@gmail.com','MacpartlandBernie');
INSERT INTO Students VALUES (620023448,'UNDERGRAD','01-01-2020');
INSERT INTO Enrolled (u_id,courseCode) VALUES (620023448,'MATH1309'),(620023448,'CHEM1485'),(620023448,'MATH2501'),(620023448,'CHEM3793'),(620023448,'COMP3173');
INSERT INTO Users VALUES (620023449,'Willard','White','WillardWhite@gmail.com','WhiteWillard');
INSERT INTO Students VALUES (620023449,'UNDERGRAD','01-01-2020');
INSERT INTO Enrolled (u_id,courseCode) VALUES (620023449,'ECON2814'),(620023449,'CHEM3617'),(620023449,'COMP3238');
INSERT INTO Users VALUES (620023450,'Jesus','Nighman','JesusNighman@gmail.com','NighmanJesus');
INSERT INTO Students VALUES (620023450,'UNDERGRAD','01-01-2020');
INSERT INTO Enrolled (u_id,courseCode) VALUES (620023450,'MATH3857'),(620023450,'PHYS2563'),(620023450,'ECON1098'),(620023450,'COMP3639'),(620023450,'MATH2801'),(620023450,'BIOC1448');
INSERT INTO Users VALUES (620023451,'Robert','Harness','RobertHarness@gmail.com','HarnessRobert');
INSERT INTO Students VALUES (620023451,'UNDERGRAD','01-01-2020');
INSERT INTO Enrolled (u_id,courseCode) VALUES (620023451,'INFO1447'),(620023451,'INFO1825'),(620023451,'MATH2188'),(620023451,'BIOC1534');
INSERT INTO Users VALUES (620023452,'Gloria','Maione','GloriaMaione@gmail.com','MaioneGloria');
INSERT INTO Students VALUES (620023452,'UNDERGRAD','01-01-2020');
INSERT INTO Enrolled (u_id,courseCode) VALUES (620023452,'COMP3746'),(620023452,'COMP3173'),(620023452,'PHYS1140'),(620023452,'BIOC2236'),(620023452,'CHEM3793');
INSERT INTO Users VALUES (620023453,'Carol','Nelson','CarolNelson@gmail.com','NelsonCarol');
INSERT INTO Students VALUES (620023453,'UNDERGRAD','01-01-2020');
INSERT INTO Enrolled (u_id,courseCode) VALUES (620023453,'MATH3173'),(620023453,'COMP3849'),(620023453,'CHEM2626'),(620023453,'BIOC1910'),(620023453,'MATH2801');
INSERT INTO Users VALUES (620023454,'Lorenza','Decker','LorenzaDecker@gmail.com','DeckerLorenza');
INSERT INTO Students VALUES (620023454,'UNDERGRAD','01-01-2020');
INSERT INTO Enrolled (u_id,courseCode) VALUES (620023454,'INFO2636'),(620023454,'MATH3844'),(620023454,'COMP1184'),(620023454,'ECON1170');
INSERT INTO Users VALUES (620023455,'Douglas','Mertens','DouglasMertens@gmail.com','MertensDouglas');
INSERT INTO Students VALUES (620023455,'UNDERGRAD','01-01-2020');
INSERT INTO Enrolled (u_id,courseCode) VALUES (620023455,'CHEM1485'),(620023455,'COMP2400'),(620023455,'ECON2387');
INSERT INTO Users VALUES (620023456,'Catherine','Gillis','CatherineGillis@gmail.com','GillisCatherine');
INSERT INTO Students VALUES (620023456,'UNDERGRAD','01-01-2020');
INSERT INTO Enrolled (u_id,courseCode) VALUES (620023456,'INFO2860'),(620023456,'PHYS1930'),(620023456,'PHYS3290'),(620023456,'ECON1098');
INSERT INTO Users VALUES (620023457,'Christine','Campbell','ChristineCampbell@gmail.com','CampbellChristine');
INSERT INTO Students VALUES (620023457,'UNDERGRAD','01-01-2020');
INSERT INTO Enrolled (u_id,courseCode) VALUES (620023457,'INFO2147'),(620023457,'CHEM3614'),(620023457,'BIOC2671'),(620023457,'INFO3419'),(620023457,'PHYS1173');
INSERT INTO Users VALUES (620023458,'Manuel','Lyford','ManuelLyford@gmail.com','LyfordManuel');
INSERT INTO Students VALUES (620023458,'UNDERGRAD','01-01-2020');
INSERT INTO Enrolled (u_id,courseCode) VALUES (620023458,'BIOC3341'),(620023458,'PHYS2563'),(620023458,'CHEM2065'),(620023458,'BIOC2671');
INSERT INTO Users VALUES (620023459,'Carolyn','Ryan','CarolynRyan@gmail.com','RyanCarolyn');
INSERT INTO Students VALUES (620023459,'UNDERGRAD','01-01-2020');
INSERT INTO Enrolled (u_id,courseCode) VALUES (620023459,'MATH1578'),(620023459,'ECON3288'),(620023459,'ECON1012'),(620023459,'PHYS1930'),(620023459,'ECON1996'),(620023459,'PHYS3339');
INSERT INTO Users VALUES (620023460,'Milton','Pantoja','MiltonPantoja@gmail.com','PantojaMilton');
INSERT INTO Students VALUES (620023460,'UNDERGRAD','01-01-2020');
INSERT INTO Enrolled (u_id,courseCode) VALUES (620023460,'INFO1447'),(620023460,'BIOC3341'),(620023460,'CHEM2626'),(620023460,'MATH2550'),(620023460,'BIOC1794');
INSERT INTO Users VALUES (620023461,'Hector','Harrington','HectorHarrington@gmail.com','HarringtonHector');
INSERT INTO Students VALUES (620023461,'UNDERGRAD','01-01-2020');
INSERT INTO Enrolled (u_id,courseCode) VALUES (620023461,'INFO1447'),(620023461,'MATH3688'),(620023461,'COMP3084'),(620023461,'BIOC3457'),(620023461,'CHEM2066');
INSERT INTO Users VALUES (620023462,'Alice','Rankin','AliceRankin@gmail.com','RankinAlice');
INSERT INTO Students VALUES (620023462,'UNDERGRAD','01-01-2020');
INSERT INTO Enrolled (u_id,courseCode) VALUES (620023462,'MATH1262'),(620023462,'CHEM2481'),(620023462,'CHEM2177'),(620023462,'BIOC3191'),(620023462,'CHEM2797');
INSERT INTO Users VALUES (620023463,'Charlotte','Wurdeman','CharlotteWurdeman@gmail.com','WurdemanCharlotte');
INSERT INTO Students VALUES (620023463,'UNDERGRAD','01-01-2020');
INSERT INTO Enrolled (u_id,courseCode) VALUES (620023463,'COMP2400'),(620023463,'CHEM2626'),(620023463,'ECON1498');
INSERT INTO Users VALUES (620023464,'Deborah','Sharp','DeborahSharp@gmail.com','SharpDeborah');
INSERT INTO Students VALUES (620023464,'UNDERGRAD','01-01-2020');
INSERT INTO Enrolled (u_id,courseCode) VALUES (620023464,'MATH2188'),(620023464,'INFO1648'),(620023464,'MATH3857'),(620023464,'CHEM3793');
INSERT INTO Users VALUES (620023465,'Scott','Pantoja','ScottPantoja@gmail.com','PantojaScott');
INSERT INTO Students VALUES (620023465,'UNDERGRAD','01-01-2020');
INSERT INTO Enrolled (u_id,courseCode) VALUES (620023465,'ECON1783'),(620023465,'PHYS3052'),(620023465,'ECON2814'),(620023465,'MATH3857'),(620023465,'INFO2950'),(620023465,'CHEM3614');
INSERT INTO Users VALUES (620023466,'Tim','Hamilton','TimHamilton@gmail.com','HamiltonTim');
INSERT INTO Students VALUES (620023466,'UNDERGRAD','01-01-2020');
INSERT INTO Enrolled (u_id,courseCode) VALUES (620023466,'COMP2541'),(620023466,'CHEM3409'),(620023466,'MATH3844'),(620023466,'COMP3047'),(620023466,'PHYS1173'),(620023466,'ECON3989');
INSERT INTO Users VALUES (620023467,'Dean','Calloway','DeanCalloway@gmail.com','CallowayDean');
INSERT INTO Students VALUES (620023467,'UNDERGRAD','01-01-2020');
INSERT INTO Enrolled (u_id,courseCode) VALUES (620023467,'ECON2387'),(620023467,'MATH3544'),(620023467,'CHEM3347');
INSERT INTO Users VALUES (620023468,'Wilbur','Martin','WilburMartin@gmail.com','MartinWilbur');
INSERT INTO Students VALUES (620023468,'UNDERGRAD','01-01-2020');
INSERT INTO Enrolled (u_id,courseCode) VALUES (620023468,'PHYS1399'),(620023468,'BIOC3721'),(620023468,'INFO2797'),(620023468,'MATH2501');
INSERT INTO Users VALUES (620023469,'Kathleen','Finkenbinder','KathleenFinkenbinder@gmail.com','FinkenbinderKathleen');
INSERT INTO Students VALUES (620023469,'UNDERGRAD','01-01-2020');
INSERT INTO Enrolled (u_id,courseCode) VALUES (620023469,'ECON3311'),(620023469,'ECON1012'),(620023469,'ECON2703'),(620023469,'MATH3857');
INSERT INTO Users VALUES (620023470,'Hazel','Truong','HazelTruong@gmail.com','TruongHazel');
INSERT INTO Students VALUES (620023470,'UNDERGRAD','01-01-2020');
INSERT INTO Enrolled (u_id,courseCode) VALUES (620023470,'MATH3613'),(620023470,'ECON2814'),(620023470,'PHYS2338'),(620023470,'ECON3737');
INSERT INTO Users VALUES (620023471,'Cynthia','Miller','CynthiaMiller@gmail.com','MillerCynthia');
INSERT INTO Students VALUES (620023471,'UNDERGRAD','01-01-2020');
INSERT INTO Enrolled (u_id,courseCode) VALUES (620023471,'PHYS1399'),(620023471,'INFO2813'),(620023471,'BIOC3341'),(620023471,'MATH3209'),(620023471,'BIOC1164'),(620023471,'MATH2555');
INSERT INTO Users VALUES (620023472,'Sam','Truitt','SamTruitt@gmail.com','TruittSam');
INSERT INTO Students VALUES (620023472,'UNDERGRAD','01-01-2020');
INSERT INTO Enrolled (u_id,courseCode) VALUES (620023472,'COMP3167'),(620023472,'ECON1996'),(620023472,'INFO2797'),(620023472,'MATH2501'),(620023472,'COMP3238'),(620023472,'INFO3935');
INSERT INTO Users VALUES (620023473,'Ashley','Brown','AshleyBrown@gmail.com','BrownAshley');
INSERT INTO Students VALUES (620023473,'UNDERGRAD','01-01-2020');
INSERT INTO Enrolled (u_id,courseCode) VALUES (620023473,'COMP3536'),(620023473,'PHYS1979'),(620023473,'INFO2521');
INSERT INTO Users VALUES (620023474,'Andrew','Hawkins','AndrewHawkins@gmail.com','HawkinsAndrew');
INSERT INTO Students VALUES (620023474,'UNDERGRAD','01-01-2020');
INSERT INTO Enrolled (u_id,courseCode) VALUES (620023474,'ECON2814'),(620023474,'INFO2147'),(620023474,'BIOC2983');
INSERT INTO Users VALUES (620023475,'Josh','Sandlin','JoshSandlin@gmail.com','SandlinJosh');
INSERT INTO Students VALUES (620023475,'UNDERGRAD','01-01-2020');
INSERT INTO Enrolled (u_id,courseCode) VALUES (620023475,'ECON3550'),(620023475,'PHYS3787'),(620023475,'CHEM1340'),(620023475,'COMP3047'),(620023475,'CHEM1494'),(620023475,'BIOC2589');
INSERT INTO Users VALUES (620023476,'Douglas','Cochran','DouglasCochran@gmail.com','CochranDouglas');
INSERT INTO Students VALUES (620023476,'UNDERGRAD','01-01-2020');
INSERT INTO Enrolled (u_id,courseCode) VALUES (620023476,'INFO3935'),(620023476,'INFO2213'),(620023476,'INFO1014'),(620023476,'BIOC2054'),(620023476,'COMP3849');
INSERT INTO Users VALUES (620023477,'Georgie','Turkus','GeorgieTurkus@gmail.com','TurkusGeorgie');
INSERT INTO Students VALUES (620023477,'UNDERGRAD','01-01-2020');
INSERT INTO Enrolled (u_id,courseCode) VALUES (620023477,'COMP2080'),(620023477,'MATH2717'),(620023477,'PHYS3787'),(620023477,'CHEM1494'),(620023477,'BIOC2671'),(620023477,'PHYS3339');
INSERT INTO Users VALUES (620023478,'Kasey','Moldrem','KaseyMoldrem@gmail.com','MoldremKasey');
INSERT INTO Students VALUES (620023478,'UNDERGRAD','01-01-2020');
INSERT INTO Enrolled (u_id,courseCode) VALUES (620023478,'INFO3645'),(620023478,'INFO2950'),(620023478,'MATH2555');
INSERT INTO Users VALUES (620023479,'Antwan','Barnett','AntwanBarnett@gmail.com','BarnettAntwan');
INSERT INTO Students VALUES (620023479,'UNDERGRAD','01-01-2020');
INSERT INTO Enrolled (u_id,courseCode) VALUES (620023479,'ECON3020'),(620023479,'BIOC1534'),(620023479,'PHYS3876'),(620023479,'ECON1230'),(620023479,'INFO1648');
INSERT INTO Users VALUES (620023480,'John','Cash','JohnCash@gmail.com','CashJohn');
INSERT INTO Students VALUES (620023480,'UNDERGRAD','01-01-2020');
INSERT INTO Enrolled (u_id,courseCode) VALUES (620023480,'CHEM3327'),(620023480,'BIOC2671'),(620023480,'COMP1543'),(620023480,'PHYS1140'),(620023480,'INFO3636');
INSERT INTO Users VALUES (620023481,'Edwin','Starks','EdwinStarks@gmail.com','StarksEdwin');
INSERT INTO Students VALUES (620023481,'UNDERGRAD','01-01-2020');
INSERT INTO Enrolled (u_id,courseCode) VALUES (620023481,'INFO1145'),(620023481,'PHYS2338'),(620023481,'COMP3047'),(620023481,'CHEM2727'),(620023481,'BIOC1725'),(620023481,'BIOC3341');
INSERT INTO Users VALUES (620023482,'Randall','Chatcho','RandallChatcho@gmail.com','ChatchoRandall');
INSERT INTO Students VALUES (620023482,'UNDERGRAD','01-01-2020');
INSERT INTO Enrolled (u_id,courseCode) VALUES (620023482,'MATH1648'),(620023482,'ECON3523'),(620023482,'BIOC2236'),(620023482,'CHEM1613');
INSERT INTO Users VALUES (620023483,'Flora','Wurdeman','FloraWurdeman@gmail.com','WurdemanFlora');
INSERT INTO Students VALUES (620023483,'UNDERGRAD','01-01-2020');
INSERT INTO Enrolled (u_id,courseCode) VALUES (620023483,'ECON3311'),(620023483,'BIOC1164'),(620023483,'INFO1242'),(620023483,'BIOC2589'),(620023483,'BIOC1744');
INSERT INTO Users VALUES (620023484,'Holly','White','HollyWhite@gmail.com','WhiteHolly');
INSERT INTO Students VALUES (620023484,'UNDERGRAD','01-01-2020');
INSERT INTO Enrolled (u_id,courseCode) VALUES (620023484,'MATH3179'),(620023484,'ECON1230'),(620023484,'ECON3447');
INSERT INTO Users VALUES (620023485,'Shane','Duffy','ShaneDuffy@gmail.com','DuffyShane');
INSERT INTO Students VALUES (620023485,'UNDERGRAD','01-01-2020');
INSERT INTO Enrolled (u_id,courseCode) VALUES (620023485,'INFO1242'),(620023485,'MATH3179'),(620023485,'INFO1648');
INSERT INTO Users VALUES (620023486,'Bryan','Garnes','BryanGarnes@gmail.com','GarnesBryan');
INSERT INTO Students VALUES (620023486,'UNDERGRAD','01-01-2020');
INSERT INTO Enrolled (u_id,courseCode) VALUES (620023486,'PHYS3052'),(620023486,'PHYS3876'),(620023486,'COMP2361'),(620023486,'COMP1051'),(620023486,'MATH1648'),(620023486,'ECON3737');
INSERT INTO Users VALUES (620023487,'Craig','Jones','CraigJones@gmail.com','JonesCraig');
INSERT INTO Students VALUES (620023487,'UNDERGRAD','01-01-2020');
INSERT INTO Enrolled (u_id,courseCode) VALUES (620023487,'ECON1098'),(620023487,'MATH3059'),(620023487,'PHYS3464');
INSERT INTO Users VALUES (620023488,'Jeremy','Gondek','JeremyGondek@gmail.com','GondekJeremy');
INSERT INTO Students VALUES (620023488,'UNDERGRAD','01-01-2020');
INSERT INTO Enrolled (u_id,courseCode) VALUES (620023488,'CHEM2867'),(620023488,'PHYS2667'),(620023488,'BIOC1164'),(620023488,'COMP3685'),(620023488,'CHEM2066'),(620023488,'CHEM3614');
INSERT INTO Users VALUES (620023489,'Shalanda','Boyer','ShalandaBoyer@gmail.com','BoyerShalanda');
INSERT INTO Students VALUES (620023489,'UNDERGRAD','01-01-2020');
INSERT INTO Enrolled (u_id,courseCode) VALUES (620023489,'ECON3276'),(620023489,'PHYS1930'),(620023489,'CHEM3888');
INSERT INTO Users VALUES (620023490,'Allison','Marshall','AllisonMarshall@gmail.com','MarshallAllison');
INSERT INTO Students VALUES (620023490,'UNDERGRAD','01-01-2020');
INSERT INTO Enrolled (u_id,courseCode) VALUES (620023490,'COMP1460'),(620023490,'MATH2957'),(620023490,'COMP1573');
INSERT INTO Users VALUES (620023491,'Georgie','Kenney','GeorgieKenney@gmail.com','KenneyGeorgie');
INSERT INTO Students VALUES (620023491,'UNDERGRAD','01-01-2020');
INSERT INTO Enrolled (u_id,courseCode) VALUES (620023491,'ECON2722'),(620023491,'CHEM2867'),(620023491,'MATH2873');
INSERT INTO Users VALUES (620023492,'Mathew','Henderson','MathewHenderson@gmail.com','HendersonMathew');
INSERT INTO Students VALUES (620023492,'UNDERGRAD','01-01-2020');
INSERT INTO Enrolled (u_id,courseCode) VALUES (620023492,'INFO1145'),(620023492,'CHEM1485'),(620023492,'MATH3222'),(620023492,'COMP1051'),(620023492,'INFO2521');
INSERT INTO Users VALUES (620023493,'Doris','Laudat','DorisLaudat@gmail.com','LaudatDoris');
INSERT INTO Students VALUES (620023493,'UNDERGRAD','01-01-2020');
INSERT INTO Enrolled (u_id,courseCode) VALUES (620023493,'COMP3084'),(620023493,'ECON3228'),(620023493,'INFO2813');
INSERT INTO Users VALUES (620023494,'Susan','Griffitts','SusanGriffitts@gmail.com','GriffittsSusan');
INSERT INTO Students VALUES (620023494,'UNDERGRAD','01-01-2020');
INSERT INTO Enrolled (u_id,courseCode) VALUES (620023494,'PHYS1993'),(620023494,'PHYS2338'),(620023494,'PHYS1399'),(620023494,'ECON3737'),(620023494,'INFO2213');
INSERT INTO Users VALUES (620023495,'Shawn','Jones','ShawnJones@gmail.com','JonesShawn');
INSERT INTO Students VALUES (620023495,'UNDERGRAD','01-01-2020');
INSERT INTO Enrolled (u_id,courseCode) VALUES (620023495,'ECON3989'),(620023495,'CHEM2031'),(620023495,'CHEM3327'),(620023495,'PHYS2977');
INSERT INTO Users VALUES (620023496,'Tanya','Mcclain','TanyaMcclain@gmail.com','McclainTanya');
INSERT INTO Students VALUES (620023496,'UNDERGRAD','01-01-2020');
INSERT INTO Enrolled (u_id,courseCode) VALUES (620023496,'MATH3688'),(620023496,'COMP1867'),(620023496,'PHYS3354'),(620023496,'PHYS3052'),(620023496,'CHEM1485'),(620023496,'CHEM3793');
INSERT INTO Users VALUES (620023497,'Shayne','Orchard','ShayneOrchard@gmail.com','OrchardShayne');
INSERT INTO Students VALUES (620023497,'UNDERGRAD','01-01-2020');
INSERT INTO Enrolled (u_id,courseCode) VALUES (620023497,'PHYS2113'),(620023497,'CHEM2005'),(620023497,'INFO1833'),(620023497,'MATH1262'),(620023497,'COMP2717'),(620023497,'CHEM2481');
INSERT INTO Users VALUES (620023498,'Magdalen','Henderson','MagdalenHenderson@gmail.com','HendersonMagdalen');
INSERT INTO Students VALUES (620023498,'UNDERGRAD','01-01-2020');
INSERT INTO Enrolled (u_id,courseCode) VALUES (620023498,'MATH3222'),(620023498,'MATH3688'),(620023498,'MATH1972'),(620023498,'MATH1148'),(620023498,'MATH3857');
INSERT INTO Users VALUES (620023499,'Josh','Turkus','JoshTurkus@gmail.com','TurkusJosh');
INSERT INTO Students VALUES (620023499,'UNDERGRAD','01-01-2020');
INSERT INTO Enrolled (u_id,courseCode) VALUES (620023499,'COMP2651'),(620023499,'INFO3603'),(620023499,'MATH1454');
INSERT INTO Users VALUES (620023500,'Stanley','Hawkins','StanleyHawkins@gmail.com','HawkinsStanley');
INSERT INTO Students VALUES (620023500,'UNDERGRAD','01-01-2020');
INSERT INTO Enrolled (u_id,courseCode) VALUES (620023500,'CHEM2177'),(620023500,'MATH3059'),(620023500,'ECON1170'),(620023500,'PHYS3290');
INSERT INTO Users VALUES (620023501,'Alice','Diggs','AliceDiggs@gmail.com','DiggsAlice');
INSERT INTO Students VALUES (620023501,'UNDERGRAD','01-01-2020');
INSERT INTO Enrolled (u_id,courseCode) VALUES (620023501,'ECON1645'),(620023501,'MATH1148'),(620023501,'CHEM3793'),(620023501,'COMP3685'),(620023501,'BIOC1448'),(620023501,'ECON1012');
INSERT INTO Users VALUES (620023502,'Diane','Luper','DianeLuper@gmail.com','LuperDiane');
INSERT INTO Students VALUES (620023502,'UNDERGRAD','01-01-2020');
INSERT INTO Enrolled (u_id,courseCode) VALUES (620023502,'INFO1014'),(620023502,'CHEM1613'),(620023502,'CHEM3054'),(620023502,'COMP2541');
INSERT INTO Users VALUES (620023503,'Samuel','Flowers','SamuelFlowers@gmail.com','FlowersSamuel');
INSERT INTO Students VALUES (620023503,'UNDERGRAD','01-01-2020');
INSERT INTO Enrolled (u_id,courseCode) VALUES (620023503,'CHEM2604'),(620023503,'CHEM2031'),(620023503,'INFO1014'),(620023503,'BIOC2054');
INSERT INTO Users VALUES (620023504,'Louis','Moldrem','LouisMoldrem@gmail.com','MoldremLouis');
INSERT INTO Students VALUES (620023504,'UNDERGRAD','01-01-2020');
INSERT INTO Enrolled (u_id,courseCode) VALUES (620023504,'MATH3173'),(620023504,'CHEM2604'),(620023504,'CHEM3793'),(620023504,'ECON1589'),(620023504,'ECON3447');
INSERT INTO Users VALUES (620023505,'Charlotte','Finkenbinder','CharlotteFinkenbinder@gmail.com','FinkenbinderCharlotte');
INSERT INTO Students VALUES (620023505,'UNDERGRAD','01-01-2020');
INSERT INTO Enrolled (u_id,courseCode) VALUES (620023505,'ECON1589'),(620023505,'BIOC1986'),(620023505,'BIOC1104');
INSERT INTO Users VALUES (620023506,'Nicole','Siple','NicoleSiple@gmail.com','SipleNicole');
INSERT INTO Students VALUES (620023506,'UNDERGRAD','01-01-2020');
INSERT INTO Enrolled (u_id,courseCode) VALUES (620023506,'INFO1242'),(620023506,'MATH1735'),(620023506,'BIOC1534');
INSERT INTO Users VALUES (620023507,'Juan','Winner','JuanWinner@gmail.com','WinnerJuan');
INSERT INTO Students VALUES (620023507,'UNDERGRAD','01-01-2020');
INSERT INTO Enrolled (u_id,courseCode) VALUES (620023507,'COMP3167'),(620023507,'MATH2717'),(620023507,'INFO2559'),(620023507,'PHYS3052');
INSERT INTO Users VALUES (620023508,'Erin','Decker','ErinDecker@gmail.com','DeckerErin');
INSERT INTO Students VALUES (620023508,'UNDERGRAD','01-01-2020');
INSERT INTO Enrolled (u_id,courseCode) VALUES (620023508,'BIOC1866'),(620023508,'CHEM1807'),(620023508,'COMP1184'),(620023508,'ECON1458');
INSERT INTO Users VALUES (620023509,'Gordon','Fields','GordonFields@gmail.com','FieldsGordon');
INSERT INTO Students VALUES (620023509,'UNDERGRAD','01-01-2020');
INSERT INTO Enrolled (u_id,courseCode) VALUES (620023509,'BIOC1910'),(620023509,'ECON1230'),(620023509,'MATH1250');
INSERT INTO Users VALUES (620023510,'Howard','Eddins','HowardEddins@gmail.com','EddinsHoward');
INSERT INTO Students VALUES (620023510,'UNDERGRAD','01-01-2020');
INSERT INTO Enrolled (u_id,courseCode) VALUES (620023510,'INFO1825'),(620023510,'BIOC1866'),(620023510,'BIOC3191'),(620023510,'BIOC3230');
INSERT INTO Users VALUES (620023511,'James','Estrada','JamesEstrada@gmail.com','EstradaJames');
INSERT INTO Students VALUES (620023511,'UNDERGRAD','01-01-2020');
INSERT INTO Enrolled (u_id,courseCode) VALUES (620023511,'ECON1098'),(620023511,'ECON1561'),(620023511,'COMP2361'),(620023511,'BIOC1534'),(620023511,'MATH2873');
INSERT INTO Users VALUES (620023512,'Lorenza','Wolfe','LorenzaWolfe@gmail.com','WolfeLorenza');
INSERT INTO Students VALUES (620023512,'UNDERGRAD','01-01-2020');
INSERT INTO Enrolled (u_id,courseCode) VALUES (620023512,'COMP3418'),(620023512,'BIOC1448'),(620023512,'CHEM2481'),(620023512,'BIOC1744');
INSERT INTO Users VALUES (620023513,'Susan','Charland','SusanCharland@gmail.com','CharlandSusan');
INSERT INTO Students VALUES (620023513,'UNDERGRAD','01-01-2020');
INSERT INTO Enrolled (u_id,courseCode) VALUES (620023513,'ECON3311'),(620023513,'CHEM2005'),(620023513,'ECON2345'),(620023513,'BIOC3721'),(620023513,'ECON1012'),(620023513,'BIOC1485');
INSERT INTO Users VALUES (620023514,'Don','Pearson','DonPearson@gmail.com','PearsonDon');
INSERT INTO Students VALUES (620023514,'UNDERGRAD','01-01-2020');
INSERT INTO Enrolled (u_id,courseCode) VALUES (620023514,'MATH3222'),(620023514,'PHYS3354'),(620023514,'COMP3173'),(620023514,'ECON2345');
INSERT INTO Users VALUES (620023515,'Eugene','Mertens','EugeneMertens@gmail.com','MertensEugene');
INSERT INTO Students VALUES (620023515,'UNDERGRAD','01-01-2020');
INSERT INTO Enrolled (u_id,courseCode) VALUES (620023515,'PHYS1979'),(620023515,'CHEM3614'),(620023515,'PHYS2451'),(620023515,'BIOC1448'),(620023515,'INFO1288'),(620023515,'BIOC1104');
INSERT INTO Users VALUES (620023516,'Wayne','Carrillo','WayneCarrillo@gmail.com','CarrilloWayne');
INSERT INTO Students VALUES (620023516,'UNDERGRAD','01-01-2020');
INSERT INTO Enrolled (u_id,courseCode) VALUES (620023516,'PHYS2667'),(620023516,'INFO2950'),(620023516,'ECON3020'),(620023516,'INFO1014'),(620023516,'COMP1543'),(620023516,'INFO2270');
INSERT INTO Users VALUES (620023517,'Holly','Barrett','HollyBarrett@gmail.com','BarrettHolly');
INSERT INTO Students VALUES (620023517,'UNDERGRAD','01-01-2020');
INSERT INTO Enrolled (u_id,courseCode) VALUES (620023517,'MATH1309'),(620023517,'ECON3004'),(620023517,'PHYS1930'),(620023517,'BIOC2589'),(620023517,'PHYS3876'),(620023517,'COMP1867');
INSERT INTO Users VALUES (620023518,'Stephanie','Martin','StephanieMartin@gmail.com','MartinStephanie');
INSERT INTO Students VALUES (620023518,'UNDERGRAD','01-01-2020');
INSERT INTO Enrolled (u_id,courseCode) VALUES (620023518,'CHEM2604'),(620023518,'ECON1012'),(620023518,'CHEM3888'),(620023518,'MATH2550'),(620023518,'CHEM2177');
INSERT INTO Users VALUES (620023519,'Byron','Miller','ByronMiller@gmail.com','MillerByron');
INSERT INTO Students VALUES (620023519,'UNDERGRAD','01-01-2020');
INSERT INTO Enrolled (u_id,courseCode) VALUES (620023519,'ECON3004'),(620023519,'CHEM1485'),(620023519,'MATH3688'),(620023519,'PHYS3729'),(620023519,'ECON3737');
INSERT INTO Users VALUES (620023520,'Latoya','Banks','LatoyaBanks@gmail.com','BanksLatoya');
INSERT INTO Students VALUES (620023520,'UNDERGRAD','01-01-2020');
INSERT INTO Enrolled (u_id,courseCode) VALUES (620023520,'INFO3636'),(620023520,'PHYS3052'),(620023520,'INFO3645'),(620023520,'CHEM3614'),(620023520,'PHYS2306');
INSERT INTO Users VALUES (620023521,'Geraldine','Sharp','GeraldineSharp@gmail.com','SharpGeraldine');
INSERT INTO Students VALUES (620023521,'UNDERGRAD','01-01-2020');
INSERT INTO Enrolled (u_id,courseCode) VALUES (620023521,'ECON1783'),(620023521,'PHYS2306'),(620023521,'MATH3209'),(620023521,'COMP3047'),(620023521,'INFO1447'),(620023521,'INFO3868');
INSERT INTO Users VALUES (620023522,'Betsy','Eubank','BetsyEubank@gmail.com','EubankBetsy');
INSERT INTO Students VALUES (620023522,'UNDERGRAD','01-01-2020');
INSERT INTO Enrolled (u_id,courseCode) VALUES (620023522,'PHYS1173'),(620023522,'COMP3173'),(620023522,'ECON1589');
INSERT INTO Users VALUES (620023523,'Douglas','Steinbach','DouglasSteinbach@gmail.com','SteinbachDouglas');
INSERT INTO Students VALUES (620023523,'UNDERGRAD','01-01-2020');
INSERT INTO Enrolled (u_id,courseCode) VALUES (620023523,'COMP1051'),(620023523,'MATH3179'),(620023523,'INFO1447'),(620023523,'ECON3228');
INSERT INTO Users VALUES (620023524,'Rachel','Best','RachelBest@gmail.com','BestRachel');
INSERT INTO Students VALUES (620023524,'UNDERGRAD','01-01-2020');
INSERT INTO Enrolled (u_id,courseCode) VALUES (620023524,'PHYS2238'),(620023524,'CHEM2005'),(620023524,'BIOC2671'),(620023524,'CHEM2446');
INSERT INTO Users VALUES (620023525,'Arthur','Gondek','ArthurGondek@gmail.com','GondekArthur');
INSERT INTO Students VALUES (620023525,'UNDERGRAD','01-01-2020');
INSERT INTO Enrolled (u_id,courseCode) VALUES (620023525,'CHEM3054'),(620023525,'INFO3419'),(620023525,'ECON1783'),(620023525,'BIOC1448');
INSERT INTO Users VALUES (620023526,'Sheila','Laudat','SheilaLaudat@gmail.com','LaudatSheila');
INSERT INTO Students VALUES (620023526,'UNDERGRAD','01-01-2020');
INSERT INTO Enrolled (u_id,courseCode) VALUES (620023526,'MATH3844'),(620023526,'BIOC1104'),(620023526,'COMP2400'),(620023526,'ECON1098'),(620023526,'COMP1051'),(620023526,'ECON1012');
INSERT INTO Users VALUES (620023527,'Tony','Barron','TonyBarron@gmail.com','BarronTony');
INSERT INTO Students VALUES (620023527,'UNDERGRAD','01-01-2020');
INSERT INTO Enrolled (u_id,courseCode) VALUES (620023527,'ECON2387'),(620023527,'INFO3636'),(620023527,'MATH2717'),(620023527,'PHYS3876'),(620023527,'COMP1051'),(620023527,'COMP1357');
INSERT INTO Users VALUES (620023528,'William','Duffie','WilliamDuffie@gmail.com','DuffieWilliam');
INSERT INTO Students VALUES (620023528,'UNDERGRAD','01-01-2020');
INSERT INTO Enrolled (u_id,courseCode) VALUES (620023528,'ECON3523'),(620023528,'BIOC3191'),(620023528,'ECON2345');
INSERT INTO Users VALUES (620023529,'Juanita','Letchworth','JuanitaLetchworth@gmail.com','LetchworthJuanita');
INSERT INTO Students VALUES (620023529,'UNDERGRAD','01-01-2020');
INSERT INTO Enrolled (u_id,courseCode) VALUES (620023529,'ECON2703'),(620023529,'INFO1288'),(620023529,'INFO1825');
INSERT INTO Users VALUES (620023530,'Frankie','Carrington','FrankieCarrington@gmail.com','CarringtonFrankie');
INSERT INTO Students VALUES (620023530,'UNDERGRAD','01-01-2020');
INSERT INTO Enrolled (u_id,courseCode) VALUES (620023530,'BIOC2054'),(620023530,'ECON3311'),(620023530,'ECON3281'),(620023530,'MATH3209');
INSERT INTO Users VALUES (620023531,'Jimmy','Robertson','JimmyRobertson@gmail.com','RobertsonJimmy');
INSERT INTO Students VALUES (620023531,'UNDERGRAD','01-01-2020');
INSERT INTO Enrolled (u_id,courseCode) VALUES (620023531,'COMP3849'),(620023531,'PHYS1993'),(620023531,'MATH2188'),(620023531,'MATH3029'),(620023531,'INFO1242'),(620023531,'PHYS1979');
INSERT INTO Users VALUES (620023532,'Cleveland','Meraz','ClevelandMeraz@gmail.com','MerazCleveland');
INSERT INTO Students VALUES (620023532,'UNDERGRAD','01-01-2020');
INSERT INTO Enrolled (u_id,courseCode) VALUES (620023532,'PHYS1993'),(620023532,'BIOC2671'),(620023532,'COMP3849'),(620023532,'PHYS2667');
INSERT INTO Users VALUES (620023533,'Deborah','Meraz','DeborahMeraz@gmail.com','MerazDeborah');
INSERT INTO Students VALUES (620023533,'UNDERGRAD','01-01-2020');
INSERT INTO Enrolled (u_id,courseCode) VALUES (620023533,'ECON2703'),(620023533,'INFO1825'),(620023533,'BIOC1794'),(620023533,'PHYS2117'),(620023533,'CHEM1807');
INSERT INTO Users VALUES (620023534,'Sheila','Stovall','SheilaStovall@gmail.com','StovallSheila');
INSERT INTO Students VALUES (620023534,'UNDERGRAD','01-01-2020');
INSERT INTO Enrolled (u_id,courseCode) VALUES (620023534,'MATH1250'),(620023534,'BIOC3721'),(620023534,'ECON3523'),(620023534,'INFO1242'),(620023534,'INFO1833');
INSERT INTO Users VALUES (620023535,'Frankie','Butcher','FrankieButcher@gmail.com','ButcherFrankie');
INSERT INTO Students VALUES (620023535,'UNDERGRAD','01-01-2020');
INSERT INTO Enrolled (u_id,courseCode) VALUES (620023535,'MATH1250'),(620023535,'CHEM2697'),(620023535,'CHEM2446'),(620023535,'PHYS2306'),(620023535,'MATH1638');
INSERT INTO Users VALUES (620023536,'Nina','Mcneill','NinaMcneill@gmail.com','McneillNina');
INSERT INTO Students VALUES (620023536,'UNDERGRAD','01-01-2020');
INSERT INTO Enrolled (u_id,courseCode) VALUES (620023536,'BIOC1164'),(620023536,'INFO2860'),(620023536,'ECON2345');
INSERT INTO Users VALUES (620023537,'Philip','Souza','PhilipSouza@gmail.com','SouzaPhilip');
INSERT INTO Students VALUES (620023537,'UNDERGRAD','01-01-2020');
INSERT INTO Enrolled (u_id,courseCode) VALUES (620023537,'MATH1735'),(620023537,'PHYS3052'),(620023537,'PHYS2451'),(620023537,'INFO2860'),(620023537,'MATH2717'),(620023537,'ECON1012');
INSERT INTO Users VALUES (620023538,'Michael','Finkenbinder','MichaelFinkenbinder@gmail.com','FinkenbinderMichael');
INSERT INTO Students VALUES (620023538,'UNDERGRAD','01-01-2020');
INSERT INTO Enrolled (u_id,courseCode) VALUES (620023538,'PHYS3464'),(620023538,'INFO1825'),(620023538,'INFO1145'),(620023538,'BIOC1986');
INSERT INTO Users VALUES (620023539,'Suzanne','Turner','SuzanneTurner@gmail.com','TurnerSuzanne');
INSERT INTO Students VALUES (620023539,'UNDERGRAD','01-01-2020');
INSERT INTO Enrolled (u_id,courseCode) VALUES (620023539,'COMP3639'),(620023539,'BIOC3604'),(620023539,'CHEM2177'),(620023539,'ECON3989');
INSERT INTO Users VALUES (620023540,'Jose','Pere','JosePere@gmail.com','PereJose');
INSERT INTO Students VALUES (620023540,'UNDERGRAD','01-01-2020');
INSERT INTO Enrolled (u_id,courseCode) VALUES (620023540,'INFO2716'),(620023540,'ECON1783'),(620023540,'MATH1972'),(620023540,'MATH3209'),(620023540,'INFO3935'),(620023540,'BIOC2981');
INSERT INTO Users VALUES (620023541,'Roger','Smith','RogerSmith@gmail.com','SmithRoger');
INSERT INTO Students VALUES (620023541,'UNDERGRAD','01-01-2020');
INSERT INTO Enrolled (u_id,courseCode) VALUES (620023541,'COMP3639'),(620023541,'BIOC1485'),(620023541,'PHYS1399');
INSERT INTO Users VALUES (620023542,'Wilbur','May','WilburMay@gmail.com','MayWilbur');
INSERT INTO Students VALUES (620023542,'UNDERGRAD','01-01-2020');
INSERT INTO Enrolled (u_id,courseCode) VALUES (620023542,'COMP3418'),(620023542,'PHYS1173'),(620023542,'BIOC2589'),(620023542,'ECON1170'),(620023542,'COMP3536'),(620023542,'COMP3238');
INSERT INTO Users VALUES (620023543,'Nathan','Campbell','NathanCampbell@gmail.com','CampbellNathan');
INSERT INTO Students VALUES (620023543,'UNDERGRAD','01-01-2020');
INSERT INTO Enrolled (u_id,courseCode) VALUES (620023543,'BIOC2981'),(620023543,'BIOC1104'),(620023543,'CHEM3614'),(620023543,'INFO2213'),(620023543,'PHYS2306'),(620023543,'PHYS2977');
INSERT INTO Users VALUES (620023544,'Robert','Bower','RobertBower@gmail.com','BowerRobert');
INSERT INTO Students VALUES (620023544,'UNDERGRAD','01-01-2020');
INSERT INTO Enrolled (u_id,courseCode) VALUES (620023544,'INFO2213'),(620023544,'ECON1561'),(620023544,'INFO3419');
INSERT INTO Users VALUES (620023545,'Mack','Nichols','MackNichols@gmail.com','NicholsMack');
INSERT INTO Students VALUES (620023545,'UNDERGRAD','01-01-2020');
INSERT INTO Enrolled (u_id,courseCode) VALUES (620023545,'MATH1638'),(620023545,'INFO2213'),(620023545,'CHEM1494');
INSERT INTO Users VALUES (620023546,'Adelia','Mattingly','AdeliaMattingly@gmail.com','MattinglyAdelia');
INSERT INTO Students VALUES (620023546,'UNDERGRAD','01-01-2020');
INSERT INTO Enrolled (u_id,courseCode) VALUES (620023546,'CHEM2065'),(620023546,'ECON3063'),(620023546,'CHEM1807'),(620023546,'PHYS1140');
INSERT INTO Users VALUES (620023547,'Gabriel','Laramee','GabrielLaramee@gmail.com','LarameeGabriel');
INSERT INTO Students VALUES (620023547,'UNDERGRAD','01-01-2020');
INSERT INTO Enrolled (u_id,courseCode) VALUES (620023547,'PHYS3464'),(620023547,'INFO1825'),(620023547,'ECON3311'),(620023547,'ECON2703');
INSERT INTO Users VALUES (620023548,'Roy','Carrington','RoyCarrington@gmail.com','CarringtonRoy');
INSERT INTO Students VALUES (620023548,'UNDERGRAD','01-01-2020');
INSERT INTO Enrolled (u_id,courseCode) VALUES (620023548,'COMP1460'),(620023548,'BIOC3457'),(620023548,'CHEM2867'),(620023548,'PHYS1173');
INSERT INTO Users VALUES (620023549,'Traci','Briggs','TraciBriggs@gmail.com','BriggsTraci');
INSERT INTO Students VALUES (620023549,'UNDERGRAD','01-01-2020');
INSERT INTO Enrolled (u_id,courseCode) VALUES (620023549,'COMP3746'),(620023549,'INFO2950'),(620023549,'BIOC1986'),(620023549,'MATH1309'),(620023549,'ECON1645');
INSERT INTO Users VALUES (620023550,'Anderson','Meisner','AndersonMeisner@gmail.com','MeisnerAnderson');
INSERT INTO Students VALUES (620023550,'UNDERGRAD','01-01-2020');
INSERT INTO Enrolled (u_id,courseCode) VALUES (620023550,'ECON1230'),(620023550,'COMP3167'),(620023550,'CHEM3327'),(620023550,'INFO2950'),(620023550,'CHEM3888'),(620023550,'PHYS3876');
INSERT INTO Users VALUES (620023551,'Taylor','King','TaylorKing@gmail.com','KingTaylor');
INSERT INTO Students VALUES (620023551,'UNDERGRAD','01-01-2020');
INSERT INTO Enrolled (u_id,courseCode) VALUES (620023551,'BIOC1794'),(620023551,'ECON2345'),(620023551,'MATH3688'),(620023551,'MATH3173');
INSERT INTO Users VALUES (620023552,'Ronald','Macpartland','RonaldMacpartland@gmail.com','MacpartlandRonald');
INSERT INTO Students VALUES (620023552,'UNDERGRAD','01-01-2020');
INSERT INTO Enrolled (u_id,courseCode) VALUES (620023552,'MATH2550'),(620023552,'CHEM3054'),(620023552,'BIOC1866');
INSERT INTO Users VALUES (620023553,'Wanda','Tirabassi','WandaTirabassi@gmail.com','TirabassiWanda');
INSERT INTO Students VALUES (620023553,'UNDERGRAD','01-01-2020');
INSERT INTO Enrolled (u_id,courseCode) VALUES (620023553,'MATH2717'),(620023553,'BIOC2671'),(620023553,'PHYS2563'),(620023553,'CHEM3347');
INSERT INTO Users VALUES (620023554,'Michelle','Cash','MichelleCash@gmail.com','CashMichelle');
INSERT INTO Students VALUES (620023554,'UNDERGRAD','01-01-2020');
INSERT INTO Enrolled (u_id,courseCode) VALUES (620023554,'PHYS3659'),(620023554,'MATH3544'),(620023554,'INFO3935'),(620023554,'ECON1561'),(620023554,'COMP3849'),(620023554,'INFO1447');
INSERT INTO Users VALUES (620023555,'Reginald','Brown','ReginaldBrown@gmail.com','BrownReginald');
INSERT INTO Students VALUES (620023555,'UNDERGRAD','01-01-2020');
INSERT INTO Enrolled (u_id,courseCode) VALUES (620023555,'PHYS3290'),(620023555,'ECON3004'),(620023555,'COMP3697');
INSERT INTO Users VALUES (620023556,'Sara','Horth','SaraHorth@gmail.com','HorthSara');
INSERT INTO Students VALUES (620023556,'UNDERGRAD','01-01-2020');
INSERT INTO Enrolled (u_id,courseCode) VALUES (620023556,'INFO2636'),(620023556,'PHYS1173'),(620023556,'MATH3688'),(620023556,'PHYS3290'),(620023556,'PHYS1399'),(620023556,'BIOC3457');
INSERT INTO Users VALUES (620023557,'Casey','Miles','CaseyMiles@gmail.com','MilesCasey');
INSERT INTO Students VALUES (620023557,'UNDERGRAD','01-01-2020');
INSERT INTO Enrolled (u_id,courseCode) VALUES (620023557,'ECON1498'),(620023557,'COMP3167'),(620023557,'ECON2387'),(620023557,'BIOC1744'),(620023557,'COMP2717');
INSERT INTO Users VALUES (620023558,'Kirk','Pedersen','KirkPedersen@gmail.com','PedersenKirk');
INSERT INTO Students VALUES (620023558,'UNDERGRAD','01-01-2020');
INSERT INTO Enrolled (u_id,courseCode) VALUES (620023558,'CHEM3617'),(620023558,'CHEM2031'),(620023558,'CHEM3793'),(620023558,'ECON3372'),(620023558,'INFO3935'),(620023558,'PHYS2451');
INSERT INTO Users VALUES (620023559,'Arthur','Robinson','ArthurRobinson@gmail.com','RobinsonArthur');
INSERT INTO Students VALUES (620023559,'UNDERGRAD','01-01-2020');
INSERT INTO Enrolled (u_id,courseCode) VALUES (620023559,'MATH2188'),(620023559,'ECON2345'),(620023559,'COMP2361'),(620023559,'CHEM3747'),(620023559,'COMP1543'),(620023559,'MATH1638');
INSERT INTO Users VALUES (620023560,'Young','Charland','YoungCharland@gmail.com','CharlandYoung');
INSERT INTO Students VALUES (620023560,'UNDERGRAD','01-01-2020');
INSERT INTO Enrolled (u_id,courseCode) VALUES (620023560,'COMP1184'),(620023560,'BIOC1794'),(620023560,'MATH1148'),(620023560,'INFO2147'),(620023560,'PHYS1173');
INSERT INTO Users VALUES (620023561,'Deborah','Pere','DeborahPere@gmail.com','PereDeborah');
INSERT INTO Students VALUES (620023561,'UNDERGRAD','01-01-2020');
INSERT INTO Enrolled (u_id,courseCode) VALUES (620023561,'CHEM2031'),(620023561,'BIOC1104'),(620023561,'COMP3173'),(620023561,'BIOC1485'),(620023561,'COMP1460'),(620023561,'ECON1230');
INSERT INTO Users VALUES (620023562,'Orlando','Gilman','OrlandoGilman@gmail.com','GilmanOrlando');
INSERT INTO Students VALUES (620023562,'UNDERGRAD','01-01-2020');
INSERT INTO Enrolled (u_id,courseCode) VALUES (620023562,'ECON3523'),(620023562,'PHYS1979'),(620023562,'MATH2717'),(620023562,'BIOC1794'),(620023562,'BIOC1598'),(620023562,'BIOC2054');
INSERT INTO Users VALUES (620023563,'Cliff','Baptiste','CliffBaptiste@gmail.com','BaptisteCliff');
INSERT INTO Students VALUES (620023563,'UNDERGRAD','01-01-2020');
INSERT INTO Enrolled (u_id,courseCode) VALUES (620023563,'MATH3857'),(620023563,'PHYS2113'),(620023563,'INFO3419'),(620023563,'ECON1996');
INSERT INTO Users VALUES (620023564,'Jose','Scully','JoseScully@gmail.com','ScullyJose');
INSERT INTO Students VALUES (620023564,'UNDERGRAD','01-01-2020');
INSERT INTO Enrolled (u_id,courseCode) VALUES (620023564,'MATH3209'),(620023564,'PHYS3876'),(620023564,'INFO2213'),(620023564,'INFO1447'),(620023564,'INFO1242'),(620023564,'CHEM3054');
INSERT INTO Users VALUES (620023565,'David','Wright','DavidWright@gmail.com','WrightDavid');
INSERT INTO Students VALUES (620023565,'UNDERGRAD','01-01-2020');
INSERT INTO Enrolled (u_id,courseCode) VALUES (620023565,'COMP2400'),(620023565,'MATH1148'),(620023565,'PHYS2448'),(620023565,'BIOC3191'),(620023565,'MATH3688'),(620023565,'MATH3222');
INSERT INTO Users VALUES (620023566,'Shalanda','Mcalister','ShalandaMcalister@gmail.com','McalisterShalanda');
INSERT INTO Students VALUES (620023566,'UNDERGRAD','01-01-2020');
INSERT INTO Enrolled (u_id,courseCode) VALUES (620023566,'INFO3419'),(620023566,'COMP2541'),(620023566,'CHEM3793'),(620023566,'PHYS2563'),(620023566,'PHYS3354'),(620023566,'CHEM2697');
INSERT INTO Users VALUES (620023567,'Dwight','Diggs','DwightDiggs@gmail.com','DiggsDwight');
INSERT INTO Students VALUES (620023567,'UNDERGRAD','01-01-2020');
INSERT INTO Enrolled (u_id,courseCode) VALUES (620023567,'COMP3639'),(620023567,'ECON3085'),(620023567,'PHYS2451'),(620023567,'INFO2213'),(620023567,'PHYS3787'),(620023567,'MATH2957');
INSERT INTO Users VALUES (620023568,'Antwan','Wolfe','AntwanWolfe@gmail.com','WolfeAntwan');
INSERT INTO Students VALUES (620023568,'UNDERGRAD','01-01-2020');
INSERT INTO Enrolled (u_id,courseCode) VALUES (620023568,'BIOC2983'),(620023568,'INFO1825'),(620023568,'MATH2501'),(620023568,'PHYS3290'),(620023568,'PHYS2667');
INSERT INTO Users VALUES (620023569,'Edward','Davis','EdwardDavis@gmail.com','DavisEdward');
INSERT INTO Students VALUES (620023569,'UNDERGRAD','01-01-2020');
INSERT INTO Enrolled (u_id,courseCode) VALUES (620023569,'COMP3849'),(620023569,'MATH2067'),(620023569,'INFO1288'),(620023569,'INFO2559'),(620023569,'MATH1309');
INSERT INTO Users VALUES (620023570,'Tiara','Ott','TiaraOtt@gmail.com','OttTiara');
INSERT INTO Students VALUES (620023570,'UNDERGRAD','01-01-2020');
INSERT INTO Enrolled (u_id,courseCode) VALUES (620023570,'PHYS3729'),(620023570,'COMP3173'),(620023570,'ECON2345'),(620023570,'MATH1972'),(620023570,'ECON3372');
INSERT INTO Users VALUES (620023571,'Caroline','Kimbrell','CarolineKimbrell@gmail.com','KimbrellCaroline');
INSERT INTO Students VALUES (620023571,'UNDERGRAD','01-01-2020');
INSERT INTO Enrolled (u_id,courseCode) VALUES (620023571,'INFO3419'),(620023571,'ECON3550'),(620023571,'BIOC3230'),(620023571,'ECON1098'),(620023571,'MATH2801'),(620023571,'COMP3047');
INSERT INTO Users VALUES (620023572,'Leticia','Gilman','LeticiaGilman@gmail.com','GilmanLeticia');
INSERT INTO Students VALUES (620023572,'UNDERGRAD','01-01-2020');
INSERT INTO Enrolled (u_id,courseCode) VALUES (620023572,'INFO2521'),(620023572,'MATH1309'),(620023572,'BIOC1866'),(620023572,'CHEM3888');
INSERT INTO Users VALUES (620023573,'Joyce','Mauk','JoyceMauk@gmail.com','MaukJoyce');
INSERT INTO Students VALUES (620023573,'UNDERGRAD','01-01-2020');
INSERT INTO Enrolled (u_id,courseCode) VALUES (620023573,'BIOC1598'),(620023573,'PHYS1930'),(620023573,'ECON2387'),(620023573,'PHYS3464'),(620023573,'BIOC1164'),(620023573,'BIOC1986');
INSERT INTO Users VALUES (620023574,'Stephanie','Barnett','StephanieBarnett@gmail.com','BarnettStephanie');
INSERT INTO Students VALUES (620023574,'UNDERGRAD','01-01-2020');
INSERT INTO Enrolled (u_id,courseCode) VALUES (620023574,'INFO2213'),(620023574,'INFO2521'),(620023574,'BIOC3341');
INSERT INTO Users VALUES (620023575,'Gabriel','Mcalister','GabrielMcalister@gmail.com','McalisterGabriel');
INSERT INTO Students VALUES (620023575,'UNDERGRAD','01-01-2020');
INSERT INTO Enrolled (u_id,courseCode) VALUES (620023575,'INFO2521'),(620023575,'MATH1638'),(620023575,'MATH1262'),(620023575,'PHYS2238'),(620023575,'CHEM2604'),(620023575,'PHYS3354');
INSERT INTO Users VALUES (620023576,'Kenneth','Kent','KennethKent@gmail.com','KentKenneth');
INSERT INTO Students VALUES (620023576,'UNDERGRAD','01-01-2020');
INSERT INTO Enrolled (u_id,courseCode) VALUES (620023576,'BIOC1448'),(620023576,'INFO3419'),(620023576,'PHYS1399'),(620023576,'PHYS3339'),(620023576,'PHYS3354');
INSERT INTO Users VALUES (620023577,'Rodney','Morey','RodneyMorey@gmail.com','MoreyRodney');
INSERT INTO Students VALUES (620023577,'UNDERGRAD','01-01-2020');
INSERT INTO Enrolled (u_id,courseCode) VALUES (620023577,'CHEM2481'),(620023577,'ECON3085'),(620023577,'PHYS1399'),(620023577,'BIOC2054'),(620023577,'PHYS3354');
INSERT INTO Users VALUES (620023578,'Marshall','Citizen','MarshallCitizen@gmail.com','CitizenMarshall');
INSERT INTO Students VALUES (620023578,'UNDERGRAD','01-01-2020');
INSERT INTO Enrolled (u_id,courseCode) VALUES (620023578,'CHEM2727'),(620023578,'CHEM1494'),(620023578,'ECON3004'),(620023578,'COMP2361'),(620023578,'INFO1833');
INSERT INTO Users VALUES (620023579,'Sharon','Ryan','SharonRyan@gmail.com','RyanSharon');
INSERT INTO Students VALUES (620023579,'UNDERGRAD','01-01-2020');
INSERT INTO Enrolled (u_id,courseCode) VALUES (620023579,'MATH3209'),(620023579,'ECON1498'),(620023579,'CHEM3327');
INSERT INTO Users VALUES (620023580,'Colin','Nerbonne','ColinNerbonne@gmail.com','NerbonneColin');
INSERT INTO Students VALUES (620023580,'UNDERGRAD','01-01-2020');
INSERT INTO Enrolled (u_id,courseCode) VALUES (620023580,'BIOC1164'),(620023580,'MATH3688'),(620023580,'CHEM2604'),(620023580,'COMP1184');
INSERT INTO Users VALUES (620023581,'Curtis','Hayes','CurtisHayes@gmail.com','HayesCurtis');
INSERT INTO Students VALUES (620023581,'UNDERGRAD','01-01-2020');
INSERT INTO Enrolled (u_id,courseCode) VALUES (620023581,'PHYS3876'),(620023581,'CHEM3617'),(620023581,'PHYS2667');
INSERT INTO Users VALUES (620023582,'Angela','Sudduth','AngelaSudduth@gmail.com','SudduthAngela');
INSERT INTO Students VALUES (620023582,'UNDERGRAD','01-01-2020');
INSERT INTO Enrolled (u_id,courseCode) VALUES (620023582,'CHEM2727'),(620023582,'INFO2337'),(620023582,'INFO1242'),(620023582,'INFO2811'),(620023582,'ECON3989'),(620023582,'COMP3238');
INSERT INTO Users VALUES (620023583,'Jessie','Grinstead','JessieGrinstead@gmail.com','GrinsteadJessie');
INSERT INTO Students VALUES (620023583,'UNDERGRAD','01-01-2020');
INSERT INTO Enrolled (u_id,courseCode) VALUES (620023583,'MATH1148'),(620023583,'BIOC3721'),(620023583,'INFO1648'),(620023583,'COMP2541');
INSERT INTO Users VALUES (620023584,'Richard','Mance','RichardMance@gmail.com','ManceRichard');
INSERT INTO Students VALUES (620023584,'UNDERGRAD','01-01-2020');
INSERT INTO Enrolled (u_id,courseCode) VALUES (620023584,'MATH3857'),(620023584,'CHEM1485'),(620023584,'CHEM3793');
INSERT INTO Users VALUES (620023585,'Esmeralda','Alexander','EsmeraldaAlexander@gmail.com','AlexanderEsmeralda');
INSERT INTO Students VALUES (620023585,'UNDERGRAD','01-01-2020');
INSERT INTO Enrolled (u_id,courseCode) VALUES (620023585,'PHYS3464'),(620023585,'INFO3636'),(620023585,'BIOC1866'),(620023585,'INFO1825');
INSERT INTO Users VALUES (620023586,'Thomas','Macpartland','ThomasMacpartland@gmail.com','MacpartlandThomas');
INSERT INTO Students VALUES (620023586,'UNDERGRAD','01-01-2020');
INSERT INTO Enrolled (u_id,courseCode) VALUES (620023586,'BIOC2983'),(620023586,'MATH2501'),(620023586,'COMP3238');
INSERT INTO Users VALUES (620023587,'Hector','Winner','HectorWinner@gmail.com','WinnerHector');
INSERT INTO Students VALUES (620023587,'UNDERGRAD','01-01-2020');
INSERT INTO Enrolled (u_id,courseCode) VALUES (620023587,'BIOC2983'),(620023587,'PHYS2338'),(620023587,'INFO2797'),(620023587,'BIOC1439');
INSERT INTO Users VALUES (620023588,'Ethel','Hernandez','EthelHernandez@gmail.com','HernandezEthel');
INSERT INTO Students VALUES (620023588,'UNDERGRAD','01-01-2020');
INSERT INTO Enrolled (u_id,courseCode) VALUES (620023588,'ECON1783'),(620023588,'COMP2651'),(620023588,'CHEM3327');
INSERT INTO Users VALUES (620023589,'Shayne','Decker','ShayneDecker@gmail.com','DeckerShayne');
INSERT INTO Students VALUES (620023589,'UNDERGRAD','01-01-2020');
INSERT INTO Enrolled (u_id,courseCode) VALUES (620023589,'BIOC1866'),(620023589,'INFO2559'),(620023589,'INFO2860'),(620023589,'MATH2550'),(620023589,'PHYS3659'),(620023589,'INFO1288');
INSERT INTO Users VALUES (620023590,'George','Hinojosa','GeorgeHinojosa@gmail.com','HinojosaGeorge');
INSERT INTO Students VALUES (620023590,'UNDERGRAD','01-01-2020');
INSERT INTO Enrolled (u_id,courseCode) VALUES (620023590,'PHYS3464'),(620023590,'BIOC2589'),(620023590,'CHEM2066'),(620023590,'INFO3419');
INSERT INTO Users VALUES (620023591,'Harold','Rios','HaroldRios@gmail.com','RiosHarold');
INSERT INTO Students VALUES (620023591,'UNDERGRAD','01-01-2020');
INSERT INTO Enrolled (u_id,courseCode) VALUES (620023591,'COMP3418'),(620023591,'PHYS2563'),(620023591,'COMP2080'),(620023591,'PHYS2238'),(620023591,'ECON3372'),(620023591,'ECON1645');
INSERT INTO Users VALUES (620023592,'Francis','Harms','FrancisHarms@gmail.com','HarmsFrancis');
INSERT INTO Students VALUES (620023592,'UNDERGRAD','01-01-2020');
INSERT INTO Enrolled (u_id,courseCode) VALUES (620023592,'INFO2811'),(620023592,'INFO2860'),(620023592,'INFO1242'),(620023592,'INFO1014'),(620023592,'PHYS1140');
INSERT INTO Users VALUES (620023593,'Nan','Nichols','NanNichols@gmail.com','NicholsNan');
INSERT INTO Students VALUES (620023593,'UNDERGRAD','01-01-2020');
INSERT INTO Enrolled (u_id,courseCode) VALUES (620023593,'MATH1648'),(620023593,'ECON3737'),(620023593,'BIOC1598'),(620023593,'BIOC2236');
INSERT INTO Users VALUES (620023594,'Barbara','Joaquin','BarbaraJoaquin@gmail.com','JoaquinBarbara');
INSERT INTO Students VALUES (620023594,'UNDERGRAD','01-01-2020');
INSERT INTO Enrolled (u_id,courseCode) VALUES (620023594,'COMP3084'),(620023594,'BIOC2981'),(620023594,'CHEM2149');
INSERT INTO Users VALUES (620023595,'Greg','Parker','GregParker@gmail.com','ParkerGreg');
INSERT INTO Students VALUES (620023595,'UNDERGRAD','01-01-2020');
INSERT INTO Enrolled (u_id,courseCode) VALUES (620023595,'INFO2813'),(620023595,'ECON3276'),(620023595,'COMP2080'),(620023595,'INFO1242');
INSERT INTO Users VALUES (620023596,'Eugene','Johnson','EugeneJohnson@gmail.com','JohnsonEugene');
INSERT INTO Students VALUES (620023596,'UNDERGRAD','01-01-2020');
INSERT INTO Enrolled (u_id,courseCode) VALUES (620023596,'BIOC3721'),(620023596,'COMP1867'),(620023596,'CHEM2604'),(620023596,'CHEM2066'),(620023596,'MATH1638');
INSERT INTO Users VALUES (620023597,'Greg','Maze','GregMaze@gmail.com','MazeGreg');
INSERT INTO Students VALUES (620023597,'UNDERGRAD','01-01-2020');
INSERT INTO Enrolled (u_id,courseCode) VALUES (620023597,'BIOC1794'),(620023597,'MATH1638'),(620023597,'COMP2361');
INSERT INTO Users VALUES (620023598,'Orlando','Joeckel','OrlandoJoeckel@gmail.com','JoeckelOrlando');
INSERT INTO Students VALUES (620023598,'UNDERGRAD','01-01-2020');
INSERT INTO Enrolled (u_id,courseCode) VALUES (620023598,'COMP3084'),(620023598,'MATH2801'),(620023598,'BIOC3457'),(620023598,'ECON2814'),(620023598,'MATH3857'),(620023598,'ECON1996');
INSERT INTO Users VALUES (620023599,'Dorothy','Santos','DorothySantos@gmail.com','SantosDorothy');
INSERT INTO Students VALUES (620023599,'UNDERGRAD','01-01-2020');
INSERT INTO Enrolled (u_id,courseCode) VALUES (620023599,'BIOC3457'),(620023599,'ECON1458'),(620023599,'INFO2147');
INSERT INTO Users VALUES (620023600,'Christina','Moldrem','ChristinaMoldrem@gmail.com','MoldremChristina');
INSERT INTO Students VALUES (620023600,'UNDERGRAD','01-01-2020');
INSERT INTO Enrolled (u_id,courseCode) VALUES (620023600,'MATH1578'),(620023600,'ECON2387'),(620023600,'BIOC1104'),(620023600,'INFO2521'),(620023600,'PHYS3686');
INSERT INTO Users VALUES (620023601,'Ashleigh','Mcclenon','AshleighMcclenon@gmail.com','McclenonAshleigh');
INSERT INTO Students VALUES (620023601,'UNDERGRAD','01-01-2020');
INSERT INTO Enrolled (u_id,courseCode) VALUES (620023601,'CHEM2727'),(620023601,'BIOC3341'),(620023601,'COMP1184');
INSERT INTO Users VALUES (620023602,'Jennifer','Reyes','JenniferReyes@gmail.com','ReyesJennifer');
INSERT INTO Students VALUES (620023602,'UNDERGRAD','01-01-2020');
INSERT INTO Enrolled (u_id,courseCode) VALUES (620023602,'ECON3447'),(620023602,'MATH1309'),(620023602,'BIOC2671'),(620023602,'BIOC3230'),(620023602,'COMP3173'),(620023602,'PHYS3339');
INSERT INTO Users VALUES (620023603,'Roy','Rankin','RoyRankin@gmail.com','RankinRoy');
INSERT INTO Students VALUES (620023603,'UNDERGRAD','01-01-2020');
INSERT INTO Enrolled (u_id,courseCode) VALUES (620023603,'ECON3550'),(620023603,'MATH2873'),(620023603,'PHYS1993'),(620023603,'COMP2361');
INSERT INTO Users VALUES (620023604,'Eunice','Lavoy','EuniceLavoy@gmail.com','LavoyEunice');
INSERT INTO Students VALUES (620023604,'UNDERGRAD','01-01-2020');
INSERT INTO Enrolled (u_id,courseCode) VALUES (620023604,'COMP3536'),(620023604,'ECON3550'),(620023604,'PHYS3729'),(620023604,'MATH1250'),(620023604,'ECON1098'),(620023604,'INFO2147');
INSERT INTO Users VALUES (620023605,'Dominick','Bennett','DominickBennett@gmail.com','BennettDominick');
INSERT INTO Students VALUES (620023605,'UNDERGRAD','01-01-2020');
INSERT INTO Enrolled (u_id,courseCode) VALUES (620023605,'CHEM3888'),(620023605,'MATH3209'),(620023605,'COMP1184'),(620023605,'CHEM1613');
INSERT INTO Users VALUES (620023606,'Bryon','James','BryonJames@gmail.com','JamesBryon');
INSERT INTO Students VALUES (620023606,'UNDERGRAD','01-01-2020');
INSERT INTO Enrolled (u_id,courseCode) VALUES (620023606,'COMP3167'),(620023606,'CHEM2697'),(620023606,'INFO2147'),(620023606,'INFO2811');
INSERT INTO Users VALUES (620023607,'Eric','Calder','EricCalder@gmail.com','CalderEric');
INSERT INTO Students VALUES (620023607,'UNDERGRAD','01-01-2020');
INSERT INTO Enrolled (u_id,courseCode) VALUES (620023607,'INFO1288'),(620023607,'COMP3639'),(620023607,'CHEM2867'),(620023607,'CHEM3747'),(620023607,'PHYS3729');
INSERT INTO Users VALUES (620023608,'Jesus','Lowrey','JesusLowrey@gmail.com','LowreyJesus');
INSERT INTO Students VALUES (620023608,'UNDERGRAD','01-01-2020');
INSERT INTO Enrolled (u_id,courseCode) VALUES (620023608,'MATH2501'),(620023608,'PHYS1993'),(620023608,'INFO2213');
INSERT INTO Users VALUES (620023609,'Bobby','Bradford','BobbyBradford@gmail.com','BradfordBobby');
INSERT INTO Students VALUES (620023609,'UNDERGRAD','01-01-2020');
INSERT INTO Enrolled (u_id,courseCode) VALUES (620023609,'PHYS2448'),(620023609,'BIOC3341'),(620023609,'MATH1148'),(620023609,'CHEM2031'),(620023609,'INFO2797');
INSERT INTO Users VALUES (620023610,'Delia','Cannon','DeliaCannon@gmail.com','CannonDelia');
INSERT INTO Students VALUES (620023610,'UNDERGRAD','01-01-2020');
INSERT INTO Enrolled (u_id,courseCode) VALUES (620023610,'CHEM1485'),(620023610,'PHYS2977'),(620023610,'INFO2797'),(620023610,'INFO2950'),(620023610,'BIOC1052');
INSERT INTO Users VALUES (620023611,'Adam','Nighman','AdamNighman@gmail.com','NighmanAdam');
INSERT INTO Students VALUES (620023611,'UNDERGRAD','01-01-2020');
INSERT INTO Enrolled (u_id,courseCode) VALUES (620023611,'MATH1454'),(620023611,'MATH3209'),(620023611,'MATH3688'),(620023611,'ECON1996'),(620023611,'CHEM3409'),(620023611,'BIOC3341');
INSERT INTO Users VALUES (620023612,'Ruby','Williams','RubyWilliams@gmail.com','WilliamsRuby');
INSERT INTO Students VALUES (620023612,'UNDERGRAD','01-01-2020');
INSERT INTO Enrolled (u_id,courseCode) VALUES (620023612,'PHYS2667'),(620023612,'COMP3685'),(620023612,'COMP2361'),(620023612,'PHYS3787');
INSERT INTO Users VALUES (620023613,'Daisy','Klein','DaisyKlein@gmail.com','KleinDaisy');
INSERT INTO Students VALUES (620023613,'UNDERGRAD','01-01-2020');
INSERT INTO Enrolled (u_id,courseCode) VALUES (620023613,'INFO2811'),(620023613,'COMP1543'),(620023613,'MATH2801'),(620023613,'COMP3697'),(620023613,'PHYS3787');
INSERT INTO Users VALUES (620023614,'Rachel','Daniels','RachelDaniels@gmail.com','DanielsRachel');
INSERT INTO Students VALUES (620023614,'UNDERGRAD','01-01-2020');
INSERT INTO Enrolled (u_id,courseCode) VALUES (620023614,'COMP3697'),(620023614,'MATH2957'),(620023614,'CHEM2065'),(620023614,'PHYS1979'),(620023614,'INFO1990');
INSERT INTO Users VALUES (620023615,'Daisy','Griffitts','DaisyGriffitts@gmail.com','GriffittsDaisy');
INSERT INTO Students VALUES (620023615,'UNDERGRAD','01-01-2020');
INSERT INTO Enrolled (u_id,courseCode) VALUES (620023615,'COMP3167'),(620023615,'ECON2703'),(620023615,'INFO2950'),(620023615,'COMP2541'),(620023615,'ECON3288'),(620023615,'CHEM2177');
INSERT INTO Users VALUES (620023616,'Howard','Mance','HowardMance@gmail.com','ManceHoward');
INSERT INTO Students VALUES (620023616,'UNDERGRAD','01-01-2020');
INSERT INTO Enrolled (u_id,courseCode) VALUES (620023616,'CHEM2220'),(620023616,'PHYS3339'),(620023616,'MATH3844'),(620023616,'PHYS1930'),(620023616,'CHEM2066'),(620023616,'MATH1309');
INSERT INTO Users VALUES (620023617,'Eunice','Busse','EuniceBusse@gmail.com','BusseEunice');
INSERT INTO Students VALUES (620023617,'UNDERGRAD','01-01-2020');
INSERT INTO Enrolled (u_id,courseCode) VALUES (620023617,'ECON1458'),(620023617,'INFO3645'),(620023617,'INFO3603'),(620023617,'CHEM3614'),(620023617,'ECON3020'),(620023617,'INFO2213');
INSERT INTO Users VALUES (620023618,'Edward','Cummins','EdwardCummins@gmail.com','CumminsEdward');
INSERT INTO Students VALUES (620023618,'UNDERGRAD','01-01-2020');
INSERT INTO Enrolled (u_id,courseCode) VALUES (620023618,'CHEM3409'),(620023618,'COMP1184'),(620023618,'INFO2950');
INSERT INTO Users VALUES (620023619,'Gary','Dahlheimer','GaryDahlheimer@gmail.com','DahlheimerGary');
INSERT INTO Students VALUES (620023619,'UNDERGRAD','01-01-2020');
INSERT INTO Enrolled (u_id,courseCode) VALUES (620023619,'ECON3447'),(620023619,'ECON3004'),(620023619,'ECON1458'),(620023619,'PHYS3339'),(620023619,'INFO2950'),(620023619,'COMP3084');
INSERT INTO Users VALUES (620023620,'Jonathan','Merna','JonathanMerna@gmail.com','MernaJonathan');
INSERT INTO Students VALUES (620023620,'UNDERGRAD','01-01-2020');
INSERT INTO Enrolled (u_id,courseCode) VALUES (620023620,'MATH2550'),(620023620,'MATH1735'),(620023620,'MATH3209');
INSERT INTO Users VALUES (620023621,'Glenda','Pero','GlendaPero@gmail.com','PeroGlenda');
INSERT INTO Students VALUES (620023621,'UNDERGRAD','01-01-2020');
INSERT INTO Enrolled (u_id,courseCode) VALUES (620023621,'INFO1242'),(620023621,'CHEM1807'),(620023621,'MATH1148'),(620023621,'INFO2147');
INSERT INTO Users VALUES (620023622,'Paul','Mcclanahan','PaulMcclanahan@gmail.com','McclanahanPaul');
INSERT INTO Students VALUES (620023622,'UNDERGRAD','01-01-2020');
INSERT INTO Enrolled (u_id,courseCode) VALUES (620023622,'ECON1098'),(620023622,'BIOC1485'),(620023622,'CHEM2604');
INSERT INTO Users VALUES (620023623,'Shonda','Gillis','ShondaGillis@gmail.com','GillisShonda');
INSERT INTO Students VALUES (620023623,'UNDERGRAD','01-01-2020');
INSERT INTO Enrolled (u_id,courseCode) VALUES (620023623,'INFO1145'),(620023623,'CHEM2031'),(620023623,'CHEM2446'),(620023623,'CHEM3327'),(620023623,'CHEM3793'),(620023623,'MATH1972');
INSERT INTO Users VALUES (620023624,'Rick','Jefferson','RickJefferson@gmail.com','JeffersonRick');
INSERT INTO Students VALUES (620023624,'UNDERGRAD','01-01-2020');
INSERT INTO Enrolled (u_id,courseCode) VALUES (620023624,'ECON3737'),(620023624,'INFO1825'),(620023624,'COMP3849');
INSERT INTO Users VALUES (620023625,'Cassie','Hunter','CassieHunter@gmail.com','HunterCassie');
INSERT INTO Students VALUES (620023625,'UNDERGRAD','01-01-2020');
INSERT INTO Enrolled (u_id,courseCode) VALUES (620023625,'BIOC1744'),(620023625,'ECON2814'),(620023625,'PHYS3686'),(620023625,'COMP3506'),(620023625,'BIOC3341'),(620023625,'PHYS2117');
INSERT INTO Users VALUES (620023626,'Roger','Lavoy','RogerLavoy@gmail.com','LavoyRoger');
INSERT INTO Students VALUES (620023626,'UNDERGRAD','01-01-2020');
INSERT INTO Enrolled (u_id,courseCode) VALUES (620023626,'INFO2559'),(620023626,'INFO2813'),(620023626,'BIOC2550'),(620023626,'BIOC1104'),(620023626,'MATH1250');
INSERT INTO Users VALUES (620023627,'Ashley','Bowerman','AshleyBowerman@gmail.com','BowermanAshley');
INSERT INTO Students VALUES (620023627,'UNDERGRAD','01-01-2020');
INSERT INTO Enrolled (u_id,courseCode) VALUES (620023627,'MATH2067'),(620023627,'INFO1288'),(620023627,'COMP1543'),(620023627,'BIOC2671');
INSERT INTO Users VALUES (620023628,'Casey','Bras','CaseyBras@gmail.com','BrasCasey');
INSERT INTO Students VALUES (620023628,'UNDERGRAD','01-01-2020');
INSERT INTO Enrolled (u_id,courseCode) VALUES (620023628,'BIOC3191'),(620023628,'PHYS3659'),(620023628,'CHEM3793'),(620023628,'BIOC2550'),(620023628,'CHEM2066');
INSERT INTO Users VALUES (620023629,'Barbara','Hoffman','BarbaraHoffman@gmail.com','HoffmanBarbara');
INSERT INTO Students VALUES (620023629,'UNDERGRAD','01-01-2020');
INSERT INTO Enrolled (u_id,courseCode) VALUES (620023629,'ECON3085'),(620023629,'PHYS3464'),(620023629,'INFO1014'),(620023629,'COMP3506'),(620023629,'CHEM3617'),(620023629,'CHEM3793');
INSERT INTO Users VALUES (620023630,'Bethany','English','BethanyEnglish@gmail.com','EnglishBethany');
INSERT INTO Students VALUES (620023630,'UNDERGRAD','01-01-2020');
INSERT INTO Enrolled (u_id,courseCode) VALUES (620023630,'COMP3746'),(620023630,'MATH3173'),(620023630,'INFO3603');
INSERT INTO Users VALUES (620023631,'Hazel','Porter','HazelPorter@gmail.com','PorterHazel');
INSERT INTO Students VALUES (620023631,'UNDERGRAD','01-01-2020');
INSERT INTO Enrolled (u_id,courseCode) VALUES (620023631,'INFO2559'),(620023631,'BIOC1866'),(620023631,'INFO2636'),(620023631,'COMP2361');
INSERT INTO Users VALUES (620023632,'Eugene','Amberg','EugeneAmberg@gmail.com','AmbergEugene');
INSERT INTO Students VALUES (620023632,'UNDERGRAD','01-01-2020');
INSERT INTO Enrolled (u_id,courseCode) VALUES (620023632,'COMP1357'),(620023632,'ECON3004'),(620023632,'BIOC3604');
INSERT INTO Users VALUES (620023633,'Dwight','Culpepper','DwightCulpepper@gmail.com','CulpepperDwight');
INSERT INTO Students VALUES (620023633,'UNDERGRAD','01-01-2020');
INSERT INTO Enrolled (u_id,courseCode) VALUES (620023633,'COMP2965'),(620023633,'PHYS2117'),(620023633,'ECON2387'),(620023633,'ECON3311'),(620023633,'INFO1014');
INSERT INTO Users VALUES (620023634,'Allison','Scarbrough','AllisonScarbrough@gmail.com','ScarbroughAllison');
INSERT INTO Students VALUES (620023634,'UNDERGRAD','01-01-2020');
INSERT INTO Enrolled (u_id,courseCode) VALUES (620023634,'CHEM1807'),(620023634,'ECON1561'),(620023634,'COMP2080'),(620023634,'PHYS2451');
INSERT INTO Users VALUES (620023635,'Ruth','Carrillo','RuthCarrillo@gmail.com','CarrilloRuth');
INSERT INTO Students VALUES (620023635,'UNDERGRAD','01-01-2020');
INSERT INTO Enrolled (u_id,courseCode) VALUES (620023635,'COMP2080'),(620023635,'PHYS1173'),(620023635,'ECON3276'),(620023635,'MATH1148'),(620023635,'MATH2957');
INSERT INTO Users VALUES (620023636,'Jimmy','Mauk','JimmyMauk@gmail.com','MaukJimmy');
INSERT INTO Students VALUES (620023636,'UNDERGRAD','01-01-2020');
INSERT INTO Enrolled (u_id,courseCode) VALUES (620023636,'INFO2860'),(620023636,'COMP2361'),(620023636,'MATH1148'),(620023636,'INFO3603'),(620023636,'BIOC2236');
INSERT INTO Users VALUES (620023637,'Terri','Crespo','TerriCrespo@gmail.com','CrespoTerri');
INSERT INTO Students VALUES (620023637,'UNDERGRAD','01-01-2020');
INSERT INTO Enrolled (u_id,courseCode) VALUES (620023637,'INFO1242'),(620023637,'PHYS3729'),(620023637,'BIOC2054'),(620023637,'COMP3849'),(620023637,'BIOC2671'),(620023637,'ECON3020');
INSERT INTO Users VALUES (620023638,'Wilbur','Flemming','WilburFlemming@gmail.com','FlemmingWilbur');
INSERT INTO Students VALUES (620023638,'UNDERGRAD','01-01-2020');
INSERT INTO Enrolled (u_id,courseCode) VALUES (620023638,'ECON2722'),(620023638,'CHEM2797'),(620023638,'INFO1833'),(620023638,'BIOC1598'),(620023638,'COMP3506'),(620023638,'INFO3419');
INSERT INTO Users VALUES (620023639,'Demetrice','Rice','DemetriceRice@gmail.com','RiceDemetrice');
INSERT INTO Students VALUES (620023639,'UNDERGRAD','01-01-2020');
INSERT INTO Enrolled (u_id,courseCode) VALUES (620023639,'MATH2188'),(620023639,'MATH2550'),(620023639,'MATH3857');
INSERT INTO Users VALUES (620023640,'Gloria','Vanwyck','GloriaVanwyck@gmail.com','VanwyckGloria');
INSERT INTO Students VALUES (620023640,'UNDERGRAD','01-01-2020');
INSERT INTO Enrolled (u_id,courseCode) VALUES (620023640,'CHEM2697'),(620023640,'BIOC3604'),(620023640,'CHEM1613');
INSERT INTO Users VALUES (620023641,'Kimberly','Steinbach','KimberlySteinbach@gmail.com','SteinbachKimberly');
INSERT INTO Students VALUES (620023641,'UNDERGRAD','01-01-2020');
INSERT INTO Enrolled (u_id,courseCode) VALUES (620023641,'INFO1833'),(620023641,'BIOC3191'),(620023641,'ECON1645'),(620023641,'INFO2147'),(620023641,'COMP3084');
INSERT INTO Users VALUES (620023642,'Betsy','Smith','BetsySmith@gmail.com','SmithBetsy');
INSERT INTO Students VALUES (620023642,'UNDERGRAD','01-01-2020');
INSERT INTO Enrolled (u_id,courseCode) VALUES (620023642,'MATH3029'),(620023642,'COMP3746'),(620023642,'COMP2541'),(620023642,'PHYS1930');
INSERT INTO Users VALUES (620023643,'Jason','Chatcho','JasonChatcho@gmail.com','ChatchoJason');
INSERT INTO Students VALUES (620023643,'UNDERGRAD','01-01-2020');
INSERT INTO Enrolled (u_id,courseCode) VALUES (620023643,'MATH2957'),(620023643,'INFO1447'),(620023643,'MATH3222'),(620023643,'PHYS2977');
INSERT INTO Users VALUES (620023644,'Adelia','Scales','AdeliaScales@gmail.com','ScalesAdelia');
INSERT INTO Students VALUES (620023644,'UNDERGRAD','01-01-2020');
INSERT INTO Enrolled (u_id,courseCode) VALUES (620023644,'MATH2957'),(620023644,'COMP1184'),(620023644,'COMP3639'),(620023644,'CHEM3409'),(620023644,'ECON3989'),(620023644,'ECON3372');
INSERT INTO Users VALUES (620023645,'Francisca','Lopez','FranciscaLopez@gmail.com','LopezFrancisca');
INSERT INTO Students VALUES (620023645,'UNDERGRAD','01-01-2020');
INSERT INTO Enrolled (u_id,courseCode) VALUES (620023645,'BIOC3230'),(620023645,'MATH2873'),(620023645,'MATH1648'),(620023645,'MATH1309');
INSERT INTO Users VALUES (620023646,'Kirk','Colley','KirkColley@gmail.com','ColleyKirk');
INSERT INTO Students VALUES (620023646,'UNDERGRAD','01-01-2020');
INSERT INTO Enrolled (u_id,courseCode) VALUES (620023646,'CHEM2604'),(620023646,'COMP1460'),(620023646,'INFO2716'),(620023646,'COMP2400');
INSERT INTO Users VALUES (620023647,'Eric','Pelletier','EricPelletier@gmail.com','PelletierEric');
INSERT INTO Students VALUES (620023647,'UNDERGRAD','01-01-2020');
INSERT INTO Enrolled (u_id,courseCode) VALUES (620023647,'BIOC1986'),(620023647,'CHEM3327'),(620023647,'MATH3059'),(620023647,'PHYS3354'),(620023647,'MATH2067');
INSERT INTO Users VALUES (620023648,'Benjamin','Cummings','BenjaminCummings@gmail.com','CummingsBenjamin');
INSERT INTO Students VALUES (620023648,'UNDERGRAD','01-01-2020');
INSERT INTO Enrolled (u_id,courseCode) VALUES (620023648,'MATH1262'),(620023648,'BIOC3604'),(620023648,'ECON3085');
INSERT INTO Users VALUES (620023649,'Lindsey','Marshall','LindseyMarshall@gmail.com','MarshallLindsey');
INSERT INTO Students VALUES (620023649,'UNDERGRAD','01-01-2020');
INSERT INTO Enrolled (u_id,courseCode) VALUES (620023649,'BIOC2589'),(620023649,'INFO2521'),(620023649,'ECON1645'),(620023649,'COMP3685'),(620023649,'ECON1561'),(620023649,'CHEM1807');
INSERT INTO Users VALUES (620023650,'Benjamin','Armstead','BenjaminArmstead@gmail.com','ArmsteadBenjamin');
INSERT INTO Students VALUES (620023650,'UNDERGRAD','01-01-2020');
INSERT INTO Enrolled (u_id,courseCode) VALUES (620023650,'BIOC1725'),(620023650,'MATH3857'),(620023650,'CHEM2220');
INSERT INTO Users VALUES (620023651,'Adelle','Carrington','AdelleCarrington@gmail.com','CarringtonAdelle');
INSERT INTO Students VALUES (620023651,'UNDERGRAD','01-01-2020');
INSERT INTO Enrolled (u_id,courseCode) VALUES (620023651,'COMP3685'),(620023651,'CHEM1340'),(620023651,'PHYS2117'),(620023651,'ECON3020');
INSERT INTO Users VALUES (620023652,'Margaret','Dillis','MargaretDillis@gmail.com','DillisMargaret');
INSERT INTO Students VALUES (620023652,'UNDERGRAD','01-01-2020');
INSERT INTO Enrolled (u_id,courseCode) VALUES (620023652,'ECON1012'),(620023652,'MATH2873'),(620023652,'CHEM3617'),(620023652,'BIOC3191'),(620023652,'INFO2147'),(620023652,'ECON3311');
INSERT INTO Users VALUES (620023653,'Carrie','Joeckel','CarrieJoeckel@gmail.com','JoeckelCarrie');
INSERT INTO Students VALUES (620023653,'UNDERGRAD','01-01-2020');
INSERT INTO Enrolled (u_id,courseCode) VALUES (620023653,'MATH3179'),(620023653,'BIOC3230'),(620023653,'MATH3222'),(620023653,'PHYS1993');
INSERT INTO Users VALUES (620023654,'Daisy','Petersen','DaisyPetersen@gmail.com','PetersenDaisy');
INSERT INTO Students VALUES (620023654,'UNDERGRAD','01-01-2020');
INSERT INTO Enrolled (u_id,courseCode) VALUES (620023654,'PHYS2448'),(620023654,'COMP2400'),(620023654,'ECON1098'),(620023654,'ECON1458');
INSERT INTO Users VALUES (620023655,'Colin','Wright','ColinWright@gmail.com','WrightColin');
INSERT INTO Students VALUES (620023655,'UNDERGRAD','01-01-2020');
INSERT INTO Enrolled (u_id,courseCode) VALUES (620023655,'ECON2387'),(620023655,'MATH1250'),(620023655,'INFO1825'),(620023655,'COMP2400');
INSERT INTO Users VALUES (620023656,'Erin','Brickey','ErinBrickey@gmail.com','BrickeyErin');
INSERT INTO Students VALUES (620023656,'UNDERGRAD','01-01-2020');
INSERT INTO Enrolled (u_id,courseCode) VALUES (620023656,'ECON2814'),(620023656,'COMP3173'),(620023656,'BIOC2550'),(620023656,'MATH2717');
INSERT INTO Users VALUES (620023657,'Homer','Chappell','HomerChappell@gmail.com','ChappellHomer');
INSERT INTO Students VALUES (620023657,'UNDERGRAD','01-01-2020');
INSERT INTO Enrolled (u_id,courseCode) VALUES (620023657,'COMP3047'),(620023657,'PHYS1399'),(620023657,'COMP3418'),(620023657,'INFO1145'),(620023657,'MATH2555');
INSERT INTO Users VALUES (620023658,'Rodney','Shattuck','RodneyShattuck@gmail.com','ShattuckRodney');
INSERT INTO Students VALUES (620023658,'UNDERGRAD','01-01-2020');
INSERT INTO Enrolled (u_id,courseCode) VALUES (620023658,'INFO2147'),(620023658,'CHEM2604'),(620023658,'ECON3228'),(620023658,'COMP3506');
INSERT INTO Users VALUES (620023659,'Geraldine','Koehn','GeraldineKoehn@gmail.com','KoehnGeraldine');
INSERT INTO Students VALUES (620023659,'UNDERGRAD','01-01-2020');
INSERT INTO Enrolled (u_id,courseCode) VALUES (620023659,'CHEM3617'),(620023659,'PHYS3787'),(620023659,'MATH2067'),(620023659,'INFO1288');
INSERT INTO Users VALUES (620023660,'Sarah','Lundholm','SarahLundholm@gmail.com','LundholmSarah');
INSERT INTO Students VALUES (620023660,'UNDERGRAD','01-01-2020');
INSERT INTO Enrolled (u_id,courseCode) VALUES (620023660,'MATH2717'),(620023660,'MATH3222'),(620023660,'MATH3029'),(620023660,'PHYS2117');
INSERT INTO Users VALUES (620023661,'Donald','Harness','DonaldHarness@gmail.com','HarnessDonald');
INSERT INTO Students VALUES (620023661,'UNDERGRAD','01-01-2020');
INSERT INTO Enrolled (u_id,courseCode) VALUES (620023661,'MATH2550'),(620023661,'PHYS3729'),(620023661,'PHYS2977'),(620023661,'MATH1262');
INSERT INTO Users VALUES (620023662,'Lisa','Sultzer','LisaSultzer@gmail.com','SultzerLisa');
INSERT INTO Students VALUES (620023662,'UNDERGRAD','01-01-2020');
INSERT INTO Enrolled (u_id,courseCode) VALUES (620023662,'COMP1573'),(620023662,'INFO1825'),(620023662,'BIOC2981'),(620023662,'ECON3228'),(620023662,'ECON2814');
INSERT INTO Users VALUES (620023663,'Rhoda','Pantoja','RhodaPantoja@gmail.com','PantojaRhoda');
INSERT INTO Students VALUES (620023663,'UNDERGRAD','01-01-2020');
INSERT INTO Enrolled (u_id,courseCode) VALUES (620023663,'PHYS1979'),(620023663,'ECON1783'),(620023663,'INFO3645'),(620023663,'MATH3688');
INSERT INTO Users VALUES (620023664,'Richard','Merna','RichardMerna@gmail.com','MernaRichard');
INSERT INTO Students VALUES (620023664,'UNDERGRAD','01-01-2020');
INSERT INTO Enrolled (u_id,courseCode) VALUES (620023664,'PHYS2977'),(620023664,'PHYS3729'),(620023664,'COMP2651');
INSERT INTO Users VALUES (620023665,'Martin','Reyes','MartinReyes@gmail.com','ReyesMartin');
INSERT INTO Students VALUES (620023665,'UNDERGRAD','01-01-2020');
INSERT INTO Enrolled (u_id,courseCode) VALUES (620023665,'COMP2077'),(620023665,'INFO3419'),(620023665,'COMP2400'),(620023665,'CHEM2481'),(620023665,'COMP3173'),(620023665,'CHEM2005');
INSERT INTO Users VALUES (620023666,'Bernie','Blackwell','BernieBlackwell@gmail.com','BlackwellBernie');
INSERT INTO Students VALUES (620023666,'UNDERGRAD','01-01-2020');
INSERT INTO Enrolled (u_id,courseCode) VALUES (620023666,'INFO3419'),(620023666,'ECON3004'),(620023666,'INFO2559'),(620023666,'INFO3636'),(620023666,'INFO1833'),(620023666,'ECON1230');
INSERT INTO Users VALUES (620023667,'Susan','Walden','SusanWalden@gmail.com','WaldenSusan');
INSERT INTO Students VALUES (620023667,'UNDERGRAD','01-01-2020');
INSERT INTO Enrolled (u_id,courseCode) VALUES (620023667,'ECON1230'),(620023667,'ECON1783'),(620023667,'INFO3935'),(620023667,'INFO2797');
INSERT INTO Users VALUES (620023668,'Peter','Busse','PeterBusse@gmail.com','BussePeter');
INSERT INTO Students VALUES (620023668,'UNDERGRAD','01-01-2020');
INSERT INTO Enrolled (u_id,courseCode) VALUES (620023668,'COMP3238'),(620023668,'MATH2555'),(620023668,'ECON3085'),(620023668,'INFO2559');
INSERT INTO Users VALUES (620023669,'Sheila','Shani','SheilaShani@gmail.com','ShaniSheila');
INSERT INTO Students VALUES (620023669,'UNDERGRAD','01-01-2020');
INSERT INTO Enrolled (u_id,courseCode) VALUES (620023669,'PHYS3787'),(620023669,'COMP1357'),(620023669,'MATH1648'),(620023669,'PHYS2113');
INSERT INTO Users VALUES (620023670,'Isreal','Monte','IsrealMonte@gmail.com','MonteIsreal');
INSERT INTO Students VALUES (620023670,'UNDERGRAD','01-01-2020');
INSERT INTO Enrolled (u_id,courseCode) VALUES (620023670,'BIOC1104'),(620023670,'BIOC1164'),(620023670,'CHEM2149');
INSERT INTO Users VALUES (620023671,'Karen','Figueroa','KarenFigueroa@gmail.com','FigueroaKaren');
INSERT INTO Students VALUES (620023671,'UNDERGRAD','01-01-2020');
INSERT INTO Enrolled (u_id,courseCode) VALUES (620023671,'MATH2873'),(620023671,'INFO2521'),(620023671,'COMP2080'),(620023671,'CHEM1485'),(620023671,'MATH3857'),(620023671,'COMP2717');
INSERT INTO Users VALUES (620023672,'Manuel','Nichols','ManuelNichols@gmail.com','NicholsManuel');
INSERT INTO Students VALUES (620023672,'UNDERGRAD','01-01-2020');
INSERT INTO Enrolled (u_id,courseCode) VALUES (620023672,'ECON2722'),(620023672,'MATH2873'),(620023672,'PHYS1399'),(620023672,'MATH1309'),(620023672,'MATH1148');
INSERT INTO Users VALUES (620023673,'Dorothy','Griffin','DorothyGriffin@gmail.com','GriffinDorothy');
INSERT INTO Students VALUES (620023673,'UNDERGRAD','01-01-2020');
INSERT INTO Enrolled (u_id,courseCode) VALUES (620023673,'CHEM3747'),(620023673,'PHYS2338'),(620023673,'MATH2717'),(620023673,'PHYS2229');
INSERT INTO Users VALUES (620023674,'Guillermo','Robertson','GuillermoRobertson@gmail.com','RobertsonGuillermo');
INSERT INTO Students VALUES (620023674,'UNDERGRAD','01-01-2020');
INSERT INTO Enrolled (u_id,courseCode) VALUES (620023674,'COMP3047'),(620023674,'ECON1230'),(620023674,'INFO3636');
INSERT INTO Users VALUES (620023675,'Harold','Williamson','HaroldWilliamson@gmail.com','WilliamsonHarold');
INSERT INTO Students VALUES (620023675,'UNDERGRAD','01-01-2020');
INSERT INTO Enrolled (u_id,courseCode) VALUES (620023675,'MATH2501'),(620023675,'MATH1578'),(620023675,'INFO1833'),(620023675,'BIOC2550'),(620023675,'MATH1735');
INSERT INTO Users VALUES (620023676,'Denise','Aybar','DeniseAybar@gmail.com','AybarDenise');
INSERT INTO Students VALUES (620023676,'UNDERGRAD','01-01-2020');
INSERT INTO Enrolled (u_id,courseCode) VALUES (620023676,'CHEM1485'),(620023676,'ECON3737'),(620023676,'CHEM3793'),(620023676,'MATH1638'),(620023676,'MATH3222'),(620023676,'INFO2521');
INSERT INTO Users VALUES (620023677,'Shawn','James','ShawnJames@gmail.com','JamesShawn');
INSERT INTO Students VALUES (620023677,'UNDERGRAD','01-01-2020');
INSERT INTO Enrolled (u_id,courseCode) VALUES (620023677,'ECON3085'),(620023677,'CHEM1485'),(620023677,'COMP3238'),(620023677,'ECON1170'),(620023677,'INFO2950');
INSERT INTO Users VALUES (620023678,'Kenneth','Amberg','KennethAmberg@gmail.com','AmbergKenneth');
INSERT INTO Students VALUES (620023678,'UNDERGRAD','01-01-2020');
INSERT INTO Enrolled (u_id,courseCode) VALUES (620023678,'COMP3418'),(620023678,'ECON1783'),(620023678,'COMP2361');
INSERT INTO Users VALUES (620023679,'Jose','Valenzuela','JoseValenzuela@gmail.com','ValenzuelaJose');
INSERT INTO Students VALUES (620023679,'UNDERGRAD','01-01-2020');
INSERT INTO Enrolled (u_id,courseCode) VALUES (620023679,'COMP3849'),(620023679,'ECON3228'),(620023679,'PHYS3787'),(620023679,'COMP2541'),(620023679,'MATH3844'),(620023679,'PHYS3339');
INSERT INTO Users VALUES (620023680,'Dawn','Pedersen','DawnPedersen@gmail.com','PedersenDawn');
INSERT INTO Students VALUES (620023680,'UNDERGRAD','01-01-2020');
INSERT INTO Enrolled (u_id,courseCode) VALUES (620023680,'COMP1543'),(620023680,'CHEM1494'),(620023680,'INFO2860'),(620023680,'BIOC1598');
INSERT INTO Users VALUES (620023681,'Wilbur','Aybar','WilburAybar@gmail.com','AybarWilbur');
INSERT INTO Students VALUES (620023681,'UNDERGRAD','01-01-2020');
INSERT INTO Enrolled (u_id,courseCode) VALUES (620023681,'ECON1230'),(620023681,'PHYS2113'),(620023681,'CHEM3614'),(620023681,'ECON1589'),(620023681,'PHYS2338'),(620023681,'INFO3603');
INSERT INTO Users VALUES (620023682,'Ernesto','Gillman','ErnestoGillman@gmail.com','GillmanErnesto');
INSERT INTO Students VALUES (620023682,'UNDERGRAD','01-01-2020');
INSERT INTO Enrolled (u_id,courseCode) VALUES (620023682,'INFO1833'),(620023682,'ECON3737'),(620023682,'BIOC1534'),(620023682,'INFO2213'),(620023682,'MATH3857');
INSERT INTO Users VALUES (620023683,'Erin','Casteel','ErinCasteel@gmail.com','CasteelErin');
INSERT INTO Students VALUES (620023683,'UNDERGRAD','01-01-2020');
INSERT INTO Enrolled (u_id,courseCode) VALUES (620023683,'INFO2636'),(620023683,'BIOC2671'),(620023683,'COMP3418'),(620023683,'ECON3550');
INSERT INTO Users VALUES (620023684,'Philip','Lamar','PhilipLamar@gmail.com','LamarPhilip');
INSERT INTO Students VALUES (620023684,'UNDERGRAD','01-01-2020');
INSERT INTO Enrolled (u_id,courseCode) VALUES (620023684,'MATH2067'),(620023684,'MATH1648'),(620023684,'MATH2873'),(620023684,'INFO3868');
INSERT INTO Users VALUES (620023685,'Frances','Scully','FrancesScully@gmail.com','ScullyFrances');
INSERT INTO Students VALUES (620023685,'UNDERGRAD','01-01-2020');
INSERT INTO Enrolled (u_id,courseCode) VALUES (620023685,'INFO2950'),(620023685,'ECON1589'),(620023685,'CHEM2727'),(620023685,'BIOC2983'),(620023685,'ECON1498'),(620023685,'COMP2361');
INSERT INTO Users VALUES (620023686,'Ernesto','Steinberger','ErnestoSteinberger@gmail.com','SteinbergerErnesto');
INSERT INTO Students VALUES (620023686,'UNDERGRAD','01-01-2020');
INSERT INTO Enrolled (u_id,courseCode) VALUES (620023686,'CHEM2066'),(620023686,'COMP1184'),(620023686,'BIOC1986');
INSERT INTO Users VALUES (620023687,'Shirley','Fuller','ShirleyFuller@gmail.com','FullerShirley');
INSERT INTO Students VALUES (620023687,'UNDERGRAD','01-01-2020');
INSERT INTO Enrolled (u_id,courseCode) VALUES (620023687,'COMP1460'),(620023687,'BIOC1725'),(620023687,'CHEM2177'),(620023687,'BIOC1910'),(620023687,'COMP2080');
INSERT INTO Users VALUES (620023688,'Curtis','Halford','CurtisHalford@gmail.com','HalfordCurtis');
INSERT INTO Students VALUES (620023688,'UNDERGRAD','01-01-2020');
INSERT INTO Enrolled (u_id,courseCode) VALUES (620023688,'MATH1148'),(620023688,'CHEM2604'),(620023688,'MATH3179'),(620023688,'INFO2636'),(620023688,'PHYS1993');
INSERT INTO Users VALUES (620023689,'Milton','Williamson','MiltonWilliamson@gmail.com','WilliamsonMilton');
INSERT INTO Students VALUES (620023689,'UNDERGRAD','01-01-2020');
INSERT INTO Enrolled (u_id,courseCode) VALUES (620023689,'COMP1051'),(620023689,'MATH1454'),(620023689,'MATH1735'),(620023689,'BIOC1725'),(620023689,'ECON3523'),(620023689,'INFO2636');
INSERT INTO Users VALUES (620023690,'Ethel','Taylor','EthelTaylor@gmail.com','TaylorEthel');
INSERT INTO Students VALUES (620023690,'UNDERGRAD','01-01-2020');
INSERT INTO Enrolled (u_id,courseCode) VALUES (620023690,'CHEM3347'),(620023690,'CHEM2481'),(620023690,'CHEM2697'),(620023690,'BIOC3191');
INSERT INTO Users VALUES (620023691,'Dwight','Walley','DwightWalley@gmail.com','WalleyDwight');
INSERT INTO Students VALUES (620023691,'UNDERGRAD','01-01-2020');
INSERT INTO Enrolled (u_id,courseCode) VALUES (620023691,'INFO1648'),(620023691,'COMP3697'),(620023691,'COMP3047'),(620023691,'MATH1262');
INSERT INTO Users VALUES (620023692,'Grace','Hudson','GraceHudson@gmail.com','HudsonGrace');
INSERT INTO Students VALUES (620023692,'UNDERGRAD','01-01-2020');
INSERT INTO Enrolled (u_id,courseCode) VALUES (620023692,'INFO1014'),(620023692,'CHEM1494'),(620023692,'PHYS3876'),(620023692,'INFO1990');
INSERT INTO Users VALUES (620023693,'Gina','Nunn','GinaNunn@gmail.com','NunnGina');
INSERT INTO Students VALUES (620023693,'UNDERGRAD','01-01-2020');
INSERT INTO Enrolled (u_id,courseCode) VALUES (620023693,'COMP1573'),(620023693,'ECON3288'),(620023693,'COMP2080');
INSERT INTO Users VALUES (620023694,'Clifford','Alvarez','CliffordAlvarez@gmail.com','AlvarezClifford');
INSERT INTO Students VALUES (620023694,'UNDERGRAD','01-01-2020');
INSERT INTO Enrolled (u_id,courseCode) VALUES (620023694,'BIOC1725'),(620023694,'BIOC1439'),(620023694,'PHYS3686');
INSERT INTO Users VALUES (620023695,'Willard','Uribe','WillardUribe@gmail.com','UribeWillard');
INSERT INTO Students VALUES (620023695,'UNDERGRAD','01-01-2020');
INSERT INTO Enrolled (u_id,courseCode) VALUES (620023695,'PHYS1140'),(620023695,'CHEM2031'),(620023695,'BIOC1794'),(620023695,'CHEM2065'),(620023695,'PHYS2451');
INSERT INTO Users VALUES (620023696,'Brian','Wilson','BrianWilson@gmail.com','WilsonBrian');
INSERT INTO Students VALUES (620023696,'UNDERGRAD','01-01-2020');
INSERT INTO Enrolled (u_id,courseCode) VALUES (620023696,'BIOC1164'),(620023696,'CHEM1807'),(620023696,'ECON3288'),(620023696,'INFO2716'),(620023696,'MATH1454');
INSERT INTO Users VALUES (620023697,'Dorcas','Vineyard','DorcasVineyard@gmail.com','VineyardDorcas');
INSERT INTO Students VALUES (620023697,'UNDERGRAD','01-01-2020');
INSERT INTO Enrolled (u_id,courseCode) VALUES (620023697,'PHYS1140'),(620023697,'ECON1458'),(620023697,'BIOC2550'),(620023697,'CHEM2065'),(620023697,'INFO1825');
INSERT INTO Users VALUES (620023698,'Laila','Campbell','LailaCampbell@gmail.com','CampbellLaila');
INSERT INTO Students VALUES (620023698,'UNDERGRAD','01-01-2020');
INSERT INTO Enrolled (u_id,courseCode) VALUES (620023698,'MATH2555'),(620023698,'CHEM2481'),(620023698,'INFO2860'),(620023698,'INFO2337'),(620023698,'MATH2957');
INSERT INTO Users VALUES (620023699,'Sara','Carrillo','SaraCarrillo@gmail.com','CarrilloSara');
INSERT INTO Students VALUES (620023699,'UNDERGRAD','01-01-2020');
INSERT INTO Enrolled (u_id,courseCode) VALUES (620023699,'CHEM3617'),(620023699,'COMP3238'),(620023699,'BIOC1534'),(620023699,'CHEM2065'),(620023699,'MATH1250'),(620023699,'MATH2555');
INSERT INTO Users VALUES (620023700,'Floyd','Steere','FloydSteere@gmail.com','SteereFloyd');
INSERT INTO Students VALUES (620023700,'UNDERGRAD','01-01-2020');
INSERT INTO Enrolled (u_id,courseCode) VALUES (620023700,'BIOC1164'),(620023700,'COMP3536'),(620023700,'MATH1309');
INSERT INTO Users VALUES (620023701,'Edward','Hawkins','EdwardHawkins@gmail.com','HawkinsEdward');
INSERT INTO Students VALUES (620023701,'UNDERGRAD','01-01-2020');
INSERT INTO Enrolled (u_id,courseCode) VALUES (620023701,'CHEM1807'),(620023701,'PHYS2113'),(620023701,'INFO2270'),(620023701,'BIOC1164'),(620023701,'BIOC1052');
INSERT INTO Users VALUES (620023702,'Elmer','Dumas','ElmerDumas@gmail.com','DumasElmer');
INSERT INTO Students VALUES (620023702,'UNDERGRAD','01-01-2020');
INSERT INTO Enrolled (u_id,courseCode) VALUES (620023702,'BIOC3341'),(620023702,'CHEM2727'),(620023702,'PHYS2338');
INSERT INTO Users VALUES (620023703,'Ralph','Sandlin','RalphSandlin@gmail.com','SandlinRalph');
INSERT INTO Students VALUES (620023703,'UNDERGRAD','01-01-2020');
INSERT INTO Enrolled (u_id,courseCode) VALUES (620023703,'INFO3419'),(620023703,'MATH2550'),(620023703,'INFO2716');
INSERT INTO Users VALUES (620023704,'Tim','Sultzer','TimSultzer@gmail.com','SultzerTim');
INSERT INTO Students VALUES (620023704,'UNDERGRAD','01-01-2020');
INSERT INTO Enrolled (u_id,courseCode) VALUES (620023704,'INFO1990'),(620023704,'INFO3645'),(620023704,'BIOC1744'),(620023704,'MATH3173');
INSERT INTO Users VALUES (620023705,'Rene','Boyer','ReneBoyer@gmail.com','BoyerRene');
INSERT INTO Students VALUES (620023705,'UNDERGRAD','01-01-2020');
INSERT INTO Enrolled (u_id,courseCode) VALUES (620023705,'INFO1242'),(620023705,'CHEM2031'),(620023705,'ECON1230');
INSERT INTO Users VALUES (620023706,'Alice','Jefferson','AliceJefferson@gmail.com','JeffersonAlice');
INSERT INTO Students VALUES (620023706,'UNDERGRAD','01-01-2020');
INSERT INTO Enrolled (u_id,courseCode) VALUES (620023706,'PHYS3686'),(620023706,'PHYS2667'),(620023706,'CHEM2065');
INSERT INTO Users VALUES (620023707,'Judith','Sullivan','JudithSullivan@gmail.com','SullivanJudith');
INSERT INTO Students VALUES (620023707,'UNDERGRAD','01-01-2020');
INSERT INTO Enrolled (u_id,courseCode) VALUES (620023707,'MATH1648'),(620023707,'ECON3372'),(620023707,'COMP1543'),(620023707,'BIOC1598'),(620023707,'ECON3228');
INSERT INTO Users VALUES (620023708,'Adam','Shane','AdamShane@gmail.com','ShaneAdam');
INSERT INTO Students VALUES (620023708,'UNDERGRAD','01-01-2020');
INSERT INTO Enrolled (u_id,courseCode) VALUES (620023708,'COMP1543'),(620023708,'PHYS1979'),(620023708,'MATH2188');
INSERT INTO Users VALUES (620023709,'Dora','Petersen','DoraPetersen@gmail.com','PetersenDora');
INSERT INTO Students VALUES (620023709,'UNDERGRAD','01-01-2020');
INSERT INTO Enrolled (u_id,courseCode) VALUES (620023709,'INFO1648'),(620023709,'BIOC1986'),(620023709,'ECON1012'),(620023709,'PHYS3787'),(620023709,'INFO2270'),(620023709,'COMP1184');
INSERT INTO Users VALUES (620023710,'Alvin','Robertson','AlvinRobertson@gmail.com','RobertsonAlvin');
INSERT INTO Students VALUES (620023710,'UNDERGRAD','01-01-2020');
INSERT INTO Enrolled (u_id,courseCode) VALUES (620023710,'INFO3935'),(620023710,'PHYS2117'),(620023710,'ECON3020');
INSERT INTO Users VALUES (620023711,'Shane','Vanhamlin','ShaneVanhamlin@gmail.com','VanhamlinShane');
INSERT INTO Students VALUES (620023711,'UNDERGRAD','01-01-2020');
INSERT INTO Enrolled (u_id,courseCode) VALUES (620023711,'INFO1825'),(620023711,'INFO3636'),(620023711,'ECON3550'),(620023711,'CHEM2867');
INSERT INTO Users VALUES (620023712,'Michelle','Mauk','MichelleMauk@gmail.com','MaukMichelle');
INSERT INTO Students VALUES (620023712,'UNDERGRAD','01-01-2020');
INSERT INTO Enrolled (u_id,courseCode) VALUES (620023712,'INFO2811'),(620023712,'ECON3372'),(620023712,'ECON2345');
INSERT INTO Users VALUES (620023713,'Keith','Dahlheimer','KeithDahlheimer@gmail.com','DahlheimerKeith');
INSERT INTO Students VALUES (620023713,'UNDERGRAD','01-01-2020');
INSERT INTO Enrolled (u_id,courseCode) VALUES (620023713,'COMP3238'),(620023713,'INFO2860'),(620023713,'COMP3746'),(620023713,'COMP2080');
INSERT INTO Users VALUES (620023714,'Hector','Cash','HectorCash@gmail.com','CashHector');
INSERT INTO Students VALUES (620023714,'UNDERGRAD','01-01-2020');
INSERT INTO Enrolled (u_id,courseCode) VALUES (620023714,'INFO3868'),(620023714,'MATH2717'),(620023714,'CHEM2005'),(620023714,'MATH1262'),(620023714,'ECON1589'),(620023714,'BIOC1448');
INSERT INTO Users VALUES (620023715,'Arthur','Spohn','ArthurSpohn@gmail.com','SpohnArthur');
INSERT INTO Students VALUES (620023715,'UNDERGRAD','01-01-2020');
INSERT INTO Enrolled (u_id,courseCode) VALUES (620023715,'CHEM1613'),(620023715,'INFO1990'),(620023715,'PHYS3464');
INSERT INTO Users VALUES (620023716,'Jake','Mitchell','JakeMitchell@gmail.com','MitchellJake');
INSERT INTO Students VALUES (620023716,'UNDERGRAD','01-01-2020');
INSERT INTO Enrolled (u_id,courseCode) VALUES (620023716,'CHEM3409'),(620023716,'PHYS2977'),(620023716,'MATH3857'),(620023716,'ECON3288'),(620023716,'MATH3179');
INSERT INTO Users VALUES (620023717,'Wayne','Wood','WayneWood@gmail.com','WoodWayne');
INSERT INTO Students VALUES (620023717,'UNDERGRAD','01-01-2020');
INSERT INTO Enrolled (u_id,courseCode) VALUES (620023717,'COMP3506'),(620023717,'CHEM2797'),(620023717,'PHYS3686'),(620023717,'INFO3645');
INSERT INTO Users VALUES (620023718,'Gloria','Tallent','GloriaTallent@gmail.com','TallentGloria');
INSERT INTO Students VALUES (620023718,'UNDERGRAD','01-01-2020');
INSERT INTO Enrolled (u_id,courseCode) VALUES (620023718,'INFO3603'),(620023718,'PHYS2667'),(620023718,'CHEM2727'),(620023718,'BIOC3230'),(620023718,'CHEM2066');
INSERT INTO Users VALUES (620023719,'Delia','Lemieux','DeliaLemieux@gmail.com','LemieuxDelia');
INSERT INTO Students VALUES (620023719,'UNDERGRAD','01-01-2020');
INSERT INTO Enrolled (u_id,courseCode) VALUES (620023719,'INFO1825'),(620023719,'INFO3419'),(620023719,'MATH1972'),(620023719,'MATH1735'),(620023719,'MATH3173'),(620023719,'PHYS2238');
INSERT INTO Users VALUES (620023720,'Flora','Reyes','FloraReyes@gmail.com','ReyesFlora');
INSERT INTO Students VALUES (620023720,'UNDERGRAD','01-01-2020');
INSERT INTO Enrolled (u_id,courseCode) VALUES (620023720,'ECON1645'),(620023720,'INFO1833'),(620023720,'INFO1648'),(620023720,'CHEM1807');
INSERT INTO Users VALUES (620023721,'Elmer','Macpartland','ElmerMacpartland@gmail.com','MacpartlandElmer');
INSERT INTO Students VALUES (620023721,'UNDERGRAD','01-01-2020');
INSERT INTO Enrolled (u_id,courseCode) VALUES (620023721,'INFO1990'),(620023721,'INFO2147'),(620023721,'PHYS2977'),(620023721,'BIOC1910'),(620023721,'INFO2559'),(620023721,'MATH3688');
INSERT INTO Users VALUES (620023722,'Tim','Gillman','TimGillman@gmail.com','GillmanTim');
INSERT INTO Students VALUES (620023722,'UNDERGRAD','01-01-2020');
INSERT INTO Enrolled (u_id,courseCode) VALUES (620023722,'ECON3311'),(620023722,'INFO2860'),(620023722,'COMP3639'),(620023722,'CHEM2177'),(620023722,'MATH3209'),(620023722,'MATH1262');
INSERT INTO Users VALUES (620023723,'Stanley','Nichols','StanleyNichols@gmail.com','NicholsStanley');
INSERT INTO Students VALUES (620023723,'UNDERGRAD','01-01-2020');
INSERT INTO Enrolled (u_id,courseCode) VALUES (620023723,'CHEM3747'),(620023723,'INFO3935'),(620023723,'INFO2716');
INSERT INTO Users VALUES (620023724,'Evelyn','Pulley','EvelynPulley@gmail.com','PulleyEvelyn');
INSERT INTO Students VALUES (620023724,'UNDERGRAD','01-01-2020');
INSERT INTO Enrolled (u_id,courseCode) VALUES (620023724,'COMP3746'),(620023724,'PHYS2338'),(620023724,'COMP1051'),(620023724,'MATH3844'),(620023724,'INFO3603'),(620023724,'INFO1145');
INSERT INTO Users VALUES (620023725,'Samuel','Davis','SamuelDavis@gmail.com','DavisSamuel');
INSERT INTO Students VALUES (620023725,'UNDERGRAD','01-01-2020');
INSERT INTO Enrolled (u_id,courseCode) VALUES (620023725,'MATH3173'),(620023725,'MATH2501'),(620023725,'PHYS2306'),(620023725,'BIOC1448'),(620023725,'COMP1460');
INSERT INTO Users VALUES (620023726,'Gina','Vanwyck','GinaVanwyck@gmail.com','VanwyckGina');
INSERT INTO Students VALUES (620023726,'UNDERGRAD','01-01-2020');
INSERT INTO Enrolled (u_id,courseCode) VALUES (620023726,'BIOC1534'),(620023726,'BIOC3191'),(620023726,'COMP3167');
INSERT INTO Users VALUES (620023727,'Shirley','Ryan','ShirleyRyan@gmail.com','RyanShirley');
INSERT INTO Students VALUES (620023727,'UNDERGRAD','01-01-2020');
INSERT INTO Enrolled (u_id,courseCode) VALUES (620023727,'CHEM3409'),(620023727,'ECON1996'),(620023727,'INFO3419');
INSERT INTO Users VALUES (620023728,'Don','Rodriguez','DonRodriguez@gmail.com','RodriguezDon');
INSERT INTO Students VALUES (620023728,'UNDERGRAD','01-01-2020');
INSERT INTO Enrolled (u_id,courseCode) VALUES (620023728,'ECON3523'),(620023728,'COMP2651'),(620023728,'BIOC3341'),(620023728,'PHYS1979'),(620023728,'PHYS3659'),(620023728,'PHYS2448');
INSERT INTO Users VALUES (620023729,'Dennis','Ekberg','DennisEkberg@gmail.com','EkbergDennis');
INSERT INTO Students VALUES (620023729,'UNDERGRAD','01-01-2020');
INSERT INTO Enrolled (u_id,courseCode) VALUES (620023729,'BIOC3341'),(620023729,'BIOC3230'),(620023729,'CHEM2626'),(620023729,'COMP3167'),(620023729,'BIOC1164'),(620023729,'INFO2213');
INSERT INTO Users VALUES (620023730,'John','Hodge','JohnHodge@gmail.com','HodgeJohn');
INSERT INTO Students VALUES (620023730,'UNDERGRAD','01-01-2020');
INSERT INTO Enrolled (u_id,courseCode) VALUES (620023730,'MATH3844'),(620023730,'ECON1170'),(620023730,'PHYS2338'),(620023730,'ECON3447'),(620023730,'PHYS1979');
INSERT INTO Users VALUES (620023731,'Chad','Eubank','ChadEubank@gmail.com','EubankChad');
INSERT INTO Students VALUES (620023731,'UNDERGRAD','01-01-2020');
INSERT INTO Enrolled (u_id,courseCode) VALUES (620023731,'BIOC2550'),(620023731,'INFO3645'),(620023731,'BIOC3721'),(620023731,'CHEM2149'),(620023731,'INFO2559'),(620023731,'MATH1454');
INSERT INTO Users VALUES (620023732,'Shayne','Huffman','ShayneHuffman@gmail.com','HuffmanShayne');
INSERT INTO Students VALUES (620023732,'UNDERGRAD','01-01-2020');
INSERT INTO Enrolled (u_id,courseCode) VALUES (620023732,'COMP2717'),(620023732,'CHEM3617'),(620023732,'INFO3935'),(620023732,'MATH3544'),(620023732,'COMP3849'),(620023732,'BIOC3191');
INSERT INTO Users VALUES (620023733,'Edward','Allen','EdwardAllen@gmail.com','AllenEdward');
INSERT INTO Students VALUES (620023733,'UNDERGRAD','01-01-2020');
INSERT INTO Enrolled (u_id,courseCode) VALUES (620023733,'BIOC1744'),(620023733,'PHYS3290'),(620023733,'INFO2716'),(620023733,'INFO1288');
INSERT INTO Users VALUES (620023734,'Mary','Hudson','MaryHudson@gmail.com','HudsonMary');
INSERT INTO Students VALUES (620023734,'UNDERGRAD','01-01-2020');
INSERT INTO Enrolled (u_id,courseCode) VALUES (620023734,'CHEM3617'),(620023734,'BIOC1725'),(620023734,'ECON2722'),(620023734,'BIOC2550'),(620023734,'INFO2147');
INSERT INTO Users VALUES (620023735,'Tia','Chatcho','TiaChatcho@gmail.com','ChatchoTia');
INSERT INTO Students VALUES (620023735,'UNDERGRAD','01-01-2020');
INSERT INTO Enrolled (u_id,courseCode) VALUES (620023735,'PHYS2306'),(620023735,'COMP3697'),(620023735,'MATH1735');
INSERT INTO Users VALUES (620023736,'Margaret','Russ','MargaretRuss@gmail.com','RussMargaret');
INSERT INTO Students VALUES (620023736,'UNDERGRAD','01-01-2020');
INSERT INTO Enrolled (u_id,courseCode) VALUES (620023736,'ECON1645'),(620023736,'PHYS2306'),(620023736,'COMP3639'),(620023736,'MATH1309'),(620023736,'BIOC2983'),(620023736,'MATH2717');
INSERT INTO Users VALUES (620023737,'Stacy','Duffy','StacyDuffy@gmail.com','DuffyStacy');
INSERT INTO Students VALUES (620023737,'UNDERGRAD','01-01-2020');
INSERT INTO Enrolled (u_id,courseCode) VALUES (620023737,'MATH3613'),(620023737,'MATH2873'),(620023737,'BIOC2983'),(620023737,'INFO2716'),(620023737,'BIOC1485'),(620023737,'PHYS3729');
INSERT INTO Users VALUES (620023738,'Shalanda','Kenney','ShalandaKenney@gmail.com','KenneyShalanda');
INSERT INTO Students VALUES (620023738,'UNDERGRAD','01-01-2020');
INSERT INTO Enrolled (u_id,courseCode) VALUES (620023738,'COMP3685'),(620023738,'MATH2550'),(620023738,'MATH1148');
INSERT INTO Users VALUES (620023739,'Nancy','Velasquez','NancyVelasquez@gmail.com','VelasquezNancy');
INSERT INTO Students VALUES (620023739,'UNDERGRAD','01-01-2020');
INSERT INTO Enrolled (u_id,courseCode) VALUES (620023739,'CHEM1340'),(620023739,'BIOC3341'),(620023739,'INFO3419');
INSERT INTO Users VALUES (620023740,'Madaline','Golden','MadalineGolden@gmail.com','GoldenMadaline');
INSERT INTO Students VALUES (620023740,'UNDERGRAD','01-01-2020');
INSERT INTO Enrolled (u_id,courseCode) VALUES (620023740,'BIOC1534'),(620023740,'CHEM2604'),(620023740,'COMP3746'),(620023740,'COMP3238'),(620023740,'COMP2651');
INSERT INTO Users VALUES (620023741,'Colin','Flowers','ColinFlowers@gmail.com','FlowersColin');
INSERT INTO Students VALUES (620023741,'UNDERGRAD','01-01-2020');
INSERT INTO Enrolled (u_id,courseCode) VALUES (620023741,'PHYS3354'),(620023741,'PHYS3339'),(620023741,'BIOC1986'),(620023741,'INFO2797'),(620023741,'MATH3844');
INSERT INTO Users VALUES (620023742,'Michael','Lorenz','MichaelLorenz@gmail.com','LorenzMichael');
INSERT INTO Students VALUES (620023742,'UNDERGRAD','01-01-2020');
INSERT INTO Enrolled (u_id,courseCode) VALUES (620023742,'ECON3085'),(620023742,'COMP2077'),(620023742,'INFO3935'),(620023742,'ECON1589');
INSERT INTO Users VALUES (620023743,'Brooke','Santos','BrookeSantos@gmail.com','SantosBrooke');
INSERT INTO Students VALUES (620023743,'UNDERGRAD','01-01-2020');
INSERT INTO Enrolled (u_id,courseCode) VALUES (620023743,'INFO3645'),(620023743,'PHYS3686'),(620023743,'INFO1648'),(620023743,'COMP2077'),(620023743,'INFO3868');
INSERT INTO Users VALUES (620023744,'Francisca','Long','FranciscaLong@gmail.com','LongFrancisca');
INSERT INTO Students VALUES (620023744,'UNDERGRAD','01-01-2020');
INSERT INTO Enrolled (u_id,courseCode) VALUES (620023744,'MATH2550'),(620023744,'BIOC2981'),(620023744,'BIOC2589'),(620023744,'CHEM2149'),(620023744,'ECON1458');
INSERT INTO Users VALUES (620023745,'Shalanda','Culpepper','ShalandaCulpepper@gmail.com','CulpepperShalanda');
INSERT INTO Students VALUES (620023745,'UNDERGRAD','01-01-2020');
INSERT INTO Enrolled (u_id,courseCode) VALUES (620023745,'PHYS2338'),(620023745,'COMP1460'),(620023745,'INFO2950'),(620023745,'BIOC1794'),(620023745,'ECON3276'),(620023745,'BIOC1534');
INSERT INTO Users VALUES (620023746,'Eugene','Rankin','EugeneRankin@gmail.com','RankinEugene');
INSERT INTO Students VALUES (620023746,'UNDERGRAD','01-01-2020');
INSERT INTO Enrolled (u_id,courseCode) VALUES (620023746,'CHEM3747'),(620023746,'ECON2387'),(620023746,'PHYS3686'),(620023746,'COMP1460'),(620023746,'ECON3276');
INSERT INTO Users VALUES (620023747,'Evelyn','Wurdeman','EvelynWurdeman@gmail.com','WurdemanEvelyn');
INSERT INTO Students VALUES (620023747,'UNDERGRAD','01-01-2020');
INSERT INTO Enrolled (u_id,courseCode) VALUES (620023747,'COMP2717'),(620023747,'COMP2400'),(620023747,'ECON3020'),(620023747,'MATH3029');
INSERT INTO Users VALUES (620023748,'Denise','Fields','DeniseFields@gmail.com','FieldsDenise');
INSERT INTO Students VALUES (620023748,'UNDERGRAD','01-01-2020');
INSERT INTO Enrolled (u_id,courseCode) VALUES (620023748,'ECON3288'),(620023748,'CHEM2177'),(620023748,'COMP2077'),(620023748,'BIOC1534'),(620023748,'INFO1288');
INSERT INTO Users VALUES (620023749,'Warren','Hawkins','WarrenHawkins@gmail.com','HawkinsWarren');
INSERT INTO Students VALUES (620023749,'UNDERGRAD','01-01-2020');
INSERT INTO Enrolled (u_id,courseCode) VALUES (620023749,'ECON1498'),(620023749,'PHYS2338'),(620023749,'BIOC1986'),(620023749,'CHEM2031');
INSERT INTO Users VALUES (620023750,'Charlotte','Jones','CharlotteJones@gmail.com','JonesCharlotte');
INSERT INTO Students VALUES (620023750,'UNDERGRAD','01-01-2020');
INSERT INTO Enrolled (u_id,courseCode) VALUES (620023750,'COMP3849'),(620023750,'CHEM3347'),(620023750,'CHEM1340'),(620023750,'CHEM3888'),(620023750,'CHEM3054');
INSERT INTO Users VALUES (620023751,'Margaret','Rios','MargaretRios@gmail.com','RiosMargaret');
INSERT INTO Students VALUES (620023751,'UNDERGRAD','01-01-2020');
INSERT INTO Enrolled (u_id,courseCode) VALUES (620023751,'BIOC1052'),(620023751,'INFO3868'),(620023751,'MATH2957'),(620023751,'BIOC1598');
INSERT INTO Users VALUES (620023752,'Geoffrey','Meraz','GeoffreyMeraz@gmail.com','MerazGeoffrey');
INSERT INTO Students VALUES (620023752,'UNDERGRAD','01-01-2020');
INSERT INTO Enrolled (u_id,courseCode) VALUES (620023752,'INFO2337'),(620023752,'PHYS2338'),(620023752,'ECON3085'),(620023752,'COMP2361'),(620023752,'ECON3004'),(620023752,'PHYS1979');
INSERT INTO Users VALUES (620023753,'Joseph','Jesse','JosephJesse@gmail.com','JesseJoseph');
INSERT INTO Students VALUES (620023753,'UNDERGRAD','01-01-2020');
INSERT INTO Enrolled (u_id,courseCode) VALUES (620023753,'PHYS1173'),(620023753,'BIOC2236'),(620023753,'PHYS2448');
INSERT INTO Users VALUES (620023754,'Edwin','Kaupp','EdwinKaupp@gmail.com','KauppEdwin');
INSERT INTO Students VALUES (620023754,'UNDERGRAD','01-01-2020');
INSERT INTO Enrolled (u_id,courseCode) VALUES (620023754,'ECON2387'),(620023754,'MATH1638'),(620023754,'PHYS2563'),(620023754,'MATH1578'),(620023754,'MATH2873'),(620023754,'INFO2559');
INSERT INTO Users VALUES (620023755,'Marshall','Hamilton','MarshallHamilton@gmail.com','HamiltonMarshall');
INSERT INTO Students VALUES (620023755,'UNDERGRAD','01-01-2020');
INSERT INTO Enrolled (u_id,courseCode) VALUES (620023755,'ECON3550'),(620023755,'CHEM2149'),(620023755,'INFO1990');
INSERT INTO Users VALUES (620023756,'Amee','Lopez','AmeeLopez@gmail.com','LopezAmee');
INSERT INTO Students VALUES (620023756,'UNDERGRAD','01-01-2020');
INSERT INTO Enrolled (u_id,courseCode) VALUES (620023756,'ECON3085'),(620023756,'COMP3238'),(620023756,'PHYS2117'),(620023756,'COMP2077');
INSERT INTO Users VALUES (620023757,'Dominick','Lavoy','DominickLavoy@gmail.com','LavoyDominick');
INSERT INTO Students VALUES (620023757,'UNDERGRAD','01-01-2020');
INSERT INTO Enrolled (u_id,courseCode) VALUES (620023757,'BIOC2236'),(620023757,'PHYS2338'),(620023757,'BIOC1534'),(620023757,'MATH1648'),(620023757,'BIOC1744');
INSERT INTO Users VALUES (620023758,'Sadie','Danker','SadieDanker@gmail.com','DankerSadie');
INSERT INTO Students VALUES (620023758,'UNDERGRAD','01-01-2020');
INSERT INTO Enrolled (u_id,courseCode) VALUES (620023758,'INFO1145'),(620023758,'BIOC2054'),(620023758,'MATH3544'),(620023758,'BIOC3457'),(620023758,'BIOC1794');
INSERT INTO Users VALUES (620023759,'Carrie','Harms','CarrieHarms@gmail.com','HarmsCarrie');
INSERT INTO Students VALUES (620023759,'UNDERGRAD','01-01-2020');
INSERT INTO Enrolled (u_id,courseCode) VALUES (620023759,'ECON1170'),(620023759,'MATH3613'),(620023759,'PHYS2229'),(620023759,'PHYS2977'),(620023759,'ECON1458');
INSERT INTO Users VALUES (620023760,'Cherise','Nelson','CheriseNelson@gmail.com','NelsonCherise');
INSERT INTO Students VALUES (620023760,'UNDERGRAD','01-01-2020');
INSERT INTO Enrolled (u_id,courseCode) VALUES (620023760,'COMP2361'),(620023760,'ECON3550'),(620023760,'COMP1357');
INSERT INTO Users VALUES (620023761,'Janet','Calder','JanetCalder@gmail.com','CalderJanet');
INSERT INTO Students VALUES (620023761,'UNDERGRAD','01-01-2020');
INSERT INTO Enrolled (u_id,courseCode) VALUES (620023761,'INFO3868'),(620023761,'PHYS2448'),(620023761,'BIOC2671');
INSERT INTO Users VALUES (620023762,'Peter','Robinson','PeterRobinson@gmail.com','RobinsonPeter');
INSERT INTO Students VALUES (620023762,'UNDERGRAD','01-01-2020');
INSERT INTO Enrolled (u_id,courseCode) VALUES (620023762,'CHEM3614'),(620023762,'CHEM2220'),(620023762,'COMP2077');
INSERT INTO Users VALUES (620023763,'Craig','Thomas','CraigThomas@gmail.com','ThomasCraig');
INSERT INTO Students VALUES (620023763,'UNDERGRAD','01-01-2020');
INSERT INTO Enrolled (u_id,courseCode) VALUES (620023763,'ECON3372'),(620023763,'BIOC1534'),(620023763,'ECON2703'),(620023763,'COMP2965');
INSERT INTO Users VALUES (620023764,'Chris','Nerbonne','ChrisNerbonne@gmail.com','NerbonneChris');
INSERT INTO Students VALUES (620023764,'UNDERGRAD','01-01-2020');
INSERT INTO Enrolled (u_id,courseCode) VALUES (620023764,'COMP2717'),(620023764,'CHEM2065'),(620023764,'ECON1458'),(620023764,'PHYS3464'),(620023764,'BIOC3341'),(620023764,'MATH1578');
INSERT INTO Users VALUES (620023765,'Vernon','Ryan','VernonRyan@gmail.com','RyanVernon');
INSERT INTO Students VALUES (620023765,'UNDERGRAD','01-01-2020');
INSERT INTO Enrolled (u_id,courseCode) VALUES (620023765,'PHYS3686'),(620023765,'PHYS2113'),(620023765,'COMP2400'),(620023765,'ECON3447'),(620023765,'BIOC1534');
INSERT INTO Users VALUES (620023766,'Cristina','Eddins','CristinaEddins@gmail.com','EddinsCristina');
INSERT INTO Students VALUES (620023766,'UNDERGRAD','01-01-2020');
INSERT INTO Enrolled (u_id,courseCode) VALUES (620023766,'CHEM3888'),(620023766,'CHEM2446'),(620023766,'BIOC3721');
INSERT INTO Users VALUES (620023767,'Larry','Coleman','LarryColeman@gmail.com','ColemanLarry');
INSERT INTO Students VALUES (620023767,'UNDERGRAD','01-01-2020');
INSERT INTO Enrolled (u_id,courseCode) VALUES (620023767,'ECON1230'),(620023767,'MATH2717'),(620023767,'MATH3059');
INSERT INTO Users VALUES (620023768,'Eric','Shani','EricShani@gmail.com','ShaniEric');
INSERT INTO Students VALUES (620023768,'UNDERGRAD','01-01-2020');
INSERT INTO Enrolled (u_id,courseCode) VALUES (620023768,'PHYS3659'),(620023768,'CHEM1340'),(620023768,'CHEM3747'),(620023768,'INFO2797');
INSERT INTO Users VALUES (620023769,'Juan','Lundholm','JuanLundholm@gmail.com','LundholmJuan');
INSERT INTO Students VALUES (620023769,'UNDERGRAD','01-01-2020');
INSERT INTO Enrolled (u_id,courseCode) VALUES (620023769,'COMP3639'),(620023769,'CHEM1494'),(620023769,'CHEM2177'),(620023769,'BIOC2983'),(620023769,'MATH3179'),(620023769,'BIOC3721');
INSERT INTO Users VALUES (620023770,'Sam','Pearson','SamPearson@gmail.com','PearsonSam');
INSERT INTO Students VALUES (620023770,'UNDERGRAD','01-01-2020');
INSERT INTO Enrolled (u_id,courseCode) VALUES (620023770,'COMP3238'),(620023770,'BIOC2236'),(620023770,'COMP3047'),(620023770,'CHEM3347'),(620023770,'INFO3645'),(620023770,'MATH1454');
INSERT INTO Users VALUES (620023771,'Randall','Robertson','RandallRobertson@gmail.com','RobertsonRandall');
INSERT INTO Students VALUES (620023771,'UNDERGRAD','01-01-2020');
INSERT INTO Enrolled (u_id,courseCode) VALUES (620023771,'MATH3544'),(620023771,'CHEM2626'),(620023771,'COMP2651');
INSERT INTO Users VALUES (620023772,'Helen','Dohse','HelenDohse@gmail.com','DohseHelen');
INSERT INTO Students VALUES (620023772,'UNDERGRAD','01-01-2020');
INSERT INTO Enrolled (u_id,courseCode) VALUES (620023772,'INFO1014'),(620023772,'CHEM2005'),(620023772,'INFO3419');
INSERT INTO Users VALUES (620023773,'Magdalen','Eaton','MagdalenEaton@gmail.com','EatonMagdalen');
INSERT INTO Students VALUES (620023773,'UNDERGRAD','01-01-2020');
INSERT INTO Enrolled (u_id,courseCode) VALUES (620023773,'CHEM2031'),(620023773,'PHYS2113'),(620023773,'CHEM2066'),(620023773,'MATH2501');
INSERT INTO Users VALUES (620023774,'Janice','Santos','JaniceSantos@gmail.com','SantosJanice');
INSERT INTO Students VALUES (620023774,'UNDERGRAD','01-01-2020');
INSERT INTO Enrolled (u_id,courseCode) VALUES (620023774,'INFO1288'),(620023774,'COMP2400'),(620023774,'CHEM2481'),(620023774,'COMP3173'),(620023774,'INFO2213');
INSERT INTO Users VALUES (620023775,'Nicholas','Siple','NicholasSiple@gmail.com','SipleNicholas');
INSERT INTO Students VALUES (620023775,'UNDERGRAD','01-01-2020');
INSERT INTO Enrolled (u_id,courseCode) VALUES (620023775,'MATH2067'),(620023775,'CHEM3617'),(620023775,'INFO3935'),(620023775,'CHEM2177');
INSERT INTO Users VALUES (620023776,'Reginald','Nerbonne','ReginaldNerbonne@gmail.com','NerbonneReginald');
INSERT INTO Students VALUES (620023776,'UNDERGRAD','01-01-2020');
INSERT INTO Enrolled (u_id,courseCode) VALUES (620023776,'INFO3419'),(620023776,'COMP3173'),(620023776,'PHYS1173'),(620023776,'INFO3868'),(620023776,'INFO1648'),(620023776,'COMP2965');
INSERT INTO Users VALUES (620023777,'Warren','Gondek','WarrenGondek@gmail.com','GondekWarren');
INSERT INTO Students VALUES (620023777,'UNDERGRAD','01-01-2020');
INSERT INTO Enrolled (u_id,courseCode) VALUES (620023777,'ECON1012'),(620023777,'COMP2541'),(620023777,'PHYS1173'),(620023777,'MATH2501');
INSERT INTO Users VALUES (620023778,'Betsy','Calvert','BetsyCalvert@gmail.com','CalvertBetsy');
INSERT INTO Students VALUES (620023778,'UNDERGRAD','01-01-2020');
INSERT INTO Enrolled (u_id,courseCode) VALUES (620023778,'INFO3645'),(620023778,'BIOC1439'),(620023778,'PHYS3290'),(620023778,'ECON1230'),(620023778,'COMP1460');
INSERT INTO Users VALUES (620023779,'Dora','Ryan','DoraRyan@gmail.com','RyanDora');
INSERT INTO Students VALUES (620023779,'UNDERGRAD','01-01-2020');
INSERT INTO Enrolled (u_id,courseCode) VALUES (620023779,'COMP3746'),(620023779,'BIOC2589'),(620023779,'INFO2813'),(620023779,'PHYS3464');
INSERT INTO Users VALUES (620023780,'Joe','Oconnell','JoeOconnell@gmail.com','OconnellJoe');
INSERT INTO Students VALUES (620023780,'UNDERGRAD','01-01-2020');
INSERT INTO Enrolled (u_id,courseCode) VALUES (620023780,'ECON2814'),(620023780,'COMP2361'),(620023780,'MATH3173');
INSERT INTO Users VALUES (620023781,'Melodie','Robertson','MelodieRobertson@gmail.com','RobertsonMelodie');
INSERT INTO Students VALUES (620023781,'UNDERGRAD','01-01-2020');
INSERT INTO Enrolled (u_id,courseCode) VALUES (620023781,'BIOC1448'),(620023781,'CHEM2066'),(620023781,'COMP3849');
INSERT INTO Users VALUES (620023782,'Cassie','Russ','CassieRuss@gmail.com','RussCassie');
INSERT INTO Students VALUES (620023782,'UNDERGRAD','01-01-2020');
INSERT INTO Enrolled (u_id,courseCode) VALUES (620023782,'ECON3989'),(620023782,'ECON3447'),(620023782,'CHEM3409'),(620023782,'PHYS1930');
INSERT INTO Users VALUES (620023783,'Mason','Richardson','MasonRichardson@gmail.com','RichardsonMason');
INSERT INTO Students VALUES (620023783,'UNDERGRAD','01-01-2020');
INSERT INTO Enrolled (u_id,courseCode) VALUES (620023783,'PHYS1930'),(620023783,'BIOC1986'),(620023783,'ECON3228'),(620023783,'COMP3506'),(620023783,'COMP1184');
INSERT INTO Users VALUES (620023784,'Tiara','Nighman','TiaraNighman@gmail.com','NighmanTiara');
INSERT INTO Students VALUES (620023784,'UNDERGRAD','01-01-2020');
INSERT INTO Enrolled (u_id,courseCode) VALUES (620023784,'COMP2717'),(620023784,'ECON3523'),(620023784,'ECON1170'),(620023784,'CHEM2727'),(620023784,'PHYS2667'),(620023784,'BIOC1794');
INSERT INTO Users VALUES (620023785,'Patricia','Briggs','PatriciaBriggs@gmail.com','BriggsPatricia');
INSERT INTO Students VALUES (620023785,'UNDERGRAD','01-01-2020');
INSERT INTO Enrolled (u_id,courseCode) VALUES (620023785,'MATH2555'),(620023785,'PHYS2667'),(620023785,'ECON3550'),(620023785,'CHEM2727'),(620023785,'BIOC1448'),(620023785,'INFO1648');
INSERT INTO Users VALUES (620023786,'Ernesto','Turkus','ErnestoTurkus@gmail.com','TurkusErnesto');
INSERT INTO Students VALUES (620023786,'UNDERGRAD','01-01-2020');
INSERT INTO Enrolled (u_id,courseCode) VALUES (620023786,'ECON3276'),(620023786,'ECON3550'),(620023786,'BIOC1164'),(620023786,'MATH1578'),(620023786,'PHYS2238');
INSERT INTO Users VALUES (620023787,'Juanita','Carlson','JuanitaCarlson@gmail.com','CarlsonJuanita');
INSERT INTO Students VALUES (620023787,'UNDERGRAD','01-01-2020');
INSERT INTO Enrolled (u_id,courseCode) VALUES (620023787,'CHEM3793'),(620023787,'INFO3603'),(620023787,'COMP3167');
INSERT INTO Users VALUES (620023788,'Nicholas','Wurdeman','NicholasWurdeman@gmail.com','WurdemanNicholas');
INSERT INTO Students VALUES (620023788,'UNDERGRAD','01-01-2020');
INSERT INTO Enrolled (u_id,courseCode) VALUES (620023788,'BIOC1598'),(620023788,'ECON3737'),(620023788,'MATH1972');
INSERT INTO Users VALUES (620023789,'Betsy','Horth','BetsyHorth@gmail.com','HorthBetsy');
INSERT INTO Students VALUES (620023789,'UNDERGRAD','01-01-2020');
INSERT INTO Enrolled (u_id,courseCode) VALUES (620023789,'MATH2188'),(620023789,'ECON1645'),(620023789,'COMP2965');
INSERT INTO Users VALUES (620023790,'Donald','Wolfe','DonaldWolfe@gmail.com','WolfeDonald');
INSERT INTO Students VALUES (620023790,'UNDERGRAD','01-01-2020');
INSERT INTO Enrolled (u_id,courseCode) VALUES (620023790,'COMP2077'),(620023790,'CHEM3888'),(620023790,'BIOC2550'),(620023790,'ECON3372');
INSERT INTO Users VALUES (620023791,'Sean','Lemieux','SeanLemieux@gmail.com','LemieuxSean');
INSERT INTO Students VALUES (620023791,'UNDERGRAD','01-01-2020');
INSERT INTO Enrolled (u_id,courseCode) VALUES (620023791,'CHEM2065'),(620023791,'COMP3418'),(620023791,'CHEM2867');
INSERT INTO Users VALUES (620023792,'Clyde','Stovall','ClydeStovall@gmail.com','StovallClyde');
INSERT INTO Students VALUES (620023792,'UNDERGRAD','01-01-2020');
INSERT INTO Enrolled (u_id,courseCode) VALUES (620023792,'PHYS3686'),(620023792,'BIOC2983'),(620023792,'CHEM3409'),(620023792,'COMP3084'),(620023792,'ECON2387'),(620023792,'MATH1148');
INSERT INTO Users VALUES (620023793,'Bethany','Davis','BethanyDavis@gmail.com','DavisBethany');
INSERT INTO Students VALUES (620023793,'UNDERGRAD','01-01-2020');
INSERT INTO Enrolled (u_id,courseCode) VALUES (620023793,'PHYS2977'),(620023793,'ECON3004'),(620023793,'INFO2213');
INSERT INTO Users VALUES (620023794,'Gabriel','Quintero','GabrielQuintero@gmail.com','QuinteroGabriel');
INSERT INTO Students VALUES (620023794,'UNDERGRAD','01-01-2020');
INSERT INTO Enrolled (u_id,courseCode) VALUES (620023794,'BIOC1534'),(620023794,'PHYS2229'),(620023794,'BIOC2236'),(620023794,'CHEM3327'),(620023794,'CHEM3793'),(620023794,'MATH2550');
INSERT INTO Users VALUES (620023795,'Robert','Waugh','RobertWaugh@gmail.com','WaughRobert');
INSERT INTO Students VALUES (620023795,'UNDERGRAD','01-01-2020');
INSERT INTO Enrolled (u_id,courseCode) VALUES (620023795,'PHYS2451'),(620023795,'PHYS3686'),(620023795,'INFO1014'),(620023795,'CHEM3888'),(620023795,'ECON1170');
INSERT INTO Users VALUES (620023796,'Angela','Washinski','AngelaWashinski@gmail.com','WashinskiAngela');
INSERT INTO Students VALUES (620023796,'UNDERGRAD','01-01-2020');
INSERT INTO Enrolled (u_id,courseCode) VALUES (620023796,'ECON2387'),(620023796,'PHYS1979'),(620023796,'MATH3179'),(620023796,'MATH2188'),(620023796,'BIOC2589'),(620023796,'MATH1972');
INSERT INTO Users VALUES (620023797,'John','Mcalister','JohnMcalister@gmail.com','McalisterJohn');
INSERT INTO Students VALUES (620023797,'UNDERGRAD','01-01-2020');
INSERT INTO Enrolled (u_id,courseCode) VALUES (620023797,'BIOC1986'),(620023797,'MATH2717'),(620023797,'COMP3506'),(620023797,'BIOC1448');
INSERT INTO Users VALUES (620023798,'Curtis','Mchenry','CurtisMchenry@gmail.com','MchenryCurtis');
INSERT INTO Students VALUES (620023798,'UNDERGRAD','01-01-2020');
INSERT INTO Enrolled (u_id,courseCode) VALUES (620023798,'MATH3179'),(620023798,'ECON3989'),(620023798,'MATH3209'),(620023798,'CHEM3054'),(620023798,'COMP3746');
INSERT INTO Users VALUES (620023799,'Weldon','Nelson','WeldonNelson@gmail.com','NelsonWeldon');
INSERT INTO Students VALUES (620023799,'UNDERGRAD','01-01-2020');
INSERT INTO Enrolled (u_id,courseCode) VALUES (620023799,'ECON3550'),(620023799,'MATH3857'),(620023799,'BIOC1485'),(620023799,'PHYS3354'),(620023799,'BIOC1439');
INSERT INTO Users VALUES (620023800,'Kurt','Campbell','KurtCampbell@gmail.com','CampbellKurt');
INSERT INTO Students VALUES (620023800,'UNDERGRAD','01-01-2020');
INSERT INTO Enrolled (u_id,courseCode) VALUES (620023800,'MATH2550'),(620023800,'COMP1357'),(620023800,'CHEM2149'),(620023800,'ECON1498'),(620023800,'PHYS1173');
INSERT INTO Users VALUES (620023801,'Lois','Maze','LoisMaze@gmail.com','MazeLois');
INSERT INTO Students VALUES (620023801,'UNDERGRAD','01-01-2020');
INSERT INTO Enrolled (u_id,courseCode) VALUES (620023801,'PHYS2451'),(620023801,'ECON3063'),(620023801,'COMP1051'),(620023801,'MATH3544');
INSERT INTO Users VALUES (620023802,'Kim','Chan','KimChan@gmail.com','ChanKim');
INSERT INTO Students VALUES (620023802,'UNDERGRAD','01-01-2020');
INSERT INTO Enrolled (u_id,courseCode) VALUES (620023802,'CHEM2177'),(620023802,'MATH3173'),(620023802,'CHEM3888'),(620023802,'MATH3222'),(620023802,'ECON1589');
INSERT INTO Users VALUES (620023803,'Agnes','Davis','AgnesDavis@gmail.com','DavisAgnes');
INSERT INTO Students VALUES (620023803,'UNDERGRAD','01-01-2020');
INSERT INTO Enrolled (u_id,courseCode) VALUES (620023803,'ECON3311'),(620023803,'COMP2080'),(620023803,'BIOC2550'),(620023803,'COMP3047'),(620023803,'COMP3084');
INSERT INTO Users VALUES (620023804,'Kelly','Pero','KellyPero@gmail.com','PeroKelly');
INSERT INTO Students VALUES (620023804,'UNDERGRAD','01-01-2020');
INSERT INTO Enrolled (u_id,courseCode) VALUES (620023804,'BIOC2054'),(620023804,'MATH3844'),(620023804,'ECON2722');
INSERT INTO Users VALUES (620023805,'Patricia','Miraglia','PatriciaMiraglia@gmail.com','MiragliaPatricia');
INSERT INTO Students VALUES (620023805,'UNDERGRAD','01-01-2020');
INSERT INTO Enrolled (u_id,courseCode) VALUES (620023805,'PHYS2563'),(620023805,'ECON1561'),(620023805,'CHEM2220');
INSERT INTO Users VALUES (620023806,'Michael','Wurdeman','MichaelWurdeman@gmail.com','WurdemanMichael');
INSERT INTO Students VALUES (620023806,'UNDERGRAD','01-01-2020');
INSERT INTO Enrolled (u_id,courseCode) VALUES (620023806,'PHYS2338'),(620023806,'ECON3311'),(620023806,'CHEM3054');
INSERT INTO Users VALUES (620023807,'Sean','Hernandez','SeanHernandez@gmail.com','HernandezSean');
INSERT INTO Students VALUES (620023807,'UNDERGRAD','01-01-2020');
INSERT INTO Enrolled (u_id,courseCode) VALUES (620023807,'INFO2813'),(620023807,'CHEM2177'),(620023807,'CHEM3327'),(620023807,'CHEM2066'),(620023807,'BIOC1725'),(620023807,'ECON1996');
INSERT INTO Users VALUES (620023808,'Rene','Gilman','ReneGilman@gmail.com','GilmanRene');
INSERT INTO Students VALUES (620023808,'UNDERGRAD','01-01-2020');
INSERT INTO Enrolled (u_id,courseCode) VALUES (620023808,'ECON1783'),(620023808,'PHYS1399'),(620023808,'PHYS3787'),(620023808,'PHYS2113');
INSERT INTO Users VALUES (620023809,'Lorenza','Crites','LorenzaCrites@gmail.com','CritesLorenza');
INSERT INTO Students VALUES (620023809,'UNDERGRAD','01-01-2020');
INSERT INTO Enrolled (u_id,courseCode) VALUES (620023809,'PHYS3290'),(620023809,'INFO2559'),(620023809,'PHYS3354'),(620023809,'ECON3085'),(620023809,'PHYS2338');
INSERT INTO Users VALUES (620023810,'Adrienne','Scales','AdrienneScales@gmail.com','ScalesAdrienne');
INSERT INTO Students VALUES (620023810,'UNDERGRAD','01-01-2020');
INSERT INTO Enrolled (u_id,courseCode) VALUES (620023810,'ECON1645'),(620023810,'MATH3844'),(620023810,'PHYS3876'),(620023810,'ECON3737');
INSERT INTO Users VALUES (620023811,'Julius','Wilson','JuliusWilson@gmail.com','WilsonJulius');
INSERT INTO Students VALUES (620023811,'UNDERGRAD','01-01-2020');
INSERT INTO Enrolled (u_id,courseCode) VALUES (620023811,'COMP1543'),(620023811,'CHEM2446'),(620023811,'COMP3047');
INSERT INTO Users VALUES (620023812,'Leticia','Carrillo','LeticiaCarrillo@gmail.com','CarrilloLeticia');
INSERT INTO Students VALUES (620023812,'UNDERGRAD','01-01-2020');
INSERT INTO Enrolled (u_id,courseCode) VALUES (620023812,'CHEM2604'),(620023812,'COMP2965'),(620023812,'COMP1543'),(620023812,'INFO3636'),(620023812,'ECON1170'),(620023812,'ECON1498');
INSERT INTO Users VALUES (620023813,'Mack','Colley','MackColley@gmail.com','ColleyMack');
INSERT INTO Students VALUES (620023813,'UNDERGRAD','01-01-2020');
INSERT INTO Enrolled (u_id,courseCode) VALUES (620023813,'COMP1867'),(620023813,'CHEM2727'),(620023813,'CHEM2626'),(620023813,'INFO3603');
INSERT INTO Users VALUES (620023814,'Dwayne','Woomer','DwayneWoomer@gmail.com','WoomerDwayne');
INSERT INTO Students VALUES (620023814,'UNDERGRAD','01-01-2020');
INSERT INTO Enrolled (u_id,courseCode) VALUES (620023814,'CHEM3747'),(620023814,'COMP2717'),(620023814,'COMP2361'),(620023814,'INFO3636'),(620023814,'BIOC1986'),(620023814,'COMP1573');
INSERT INTO Users VALUES (620023815,'Sean','Lundholm','SeanLundholm@gmail.com','LundholmSean');
INSERT INTO Students VALUES (620023815,'UNDERGRAD','01-01-2020');
INSERT INTO Enrolled (u_id,courseCode) VALUES (620023815,'CHEM2626'),(620023815,'ECON2814'),(620023815,'INFO3645'),(620023815,'COMP1357'),(620023815,'BIOC3721');
INSERT INTO Users VALUES (620023816,'Curtis','Eaton','CurtisEaton@gmail.com','EatonCurtis');
INSERT INTO Students VALUES (620023816,'UNDERGRAD','01-01-2020');
INSERT INTO Enrolled (u_id,courseCode) VALUES (620023816,'COMP3238'),(620023816,'CHEM1485'),(620023816,'BIOC1725');
INSERT INTO Users VALUES (620023817,'Cassie','Crawford','CassieCrawford@gmail.com','CrawfordCassie');
INSERT INTO Students VALUES (620023817,'UNDERGRAD','01-01-2020');
INSERT INTO Enrolled (u_id,courseCode) VALUES (620023817,'BIOC1910'),(620023817,'MATH3222'),(620023817,'ECON2345'),(620023817,'CHEM2220'),(620023817,'BIOC3721'),(620023817,'MATH1735');
INSERT INTO Users VALUES (620023818,'Bryon','Coleman','BryonColeman@gmail.com','ColemanBryon');
INSERT INTO Students VALUES (620023818,'UNDERGRAD','01-01-2020');
INSERT INTO Enrolled (u_id,courseCode) VALUES (620023818,'BIOC1866'),(620023818,'BIOC3604'),(620023818,'ECON1458'),(620023818,'INFO1833'),(620023818,'BIOC1986');
INSERT INTO Users VALUES (620023819,'Beverly','Truitt','BeverlyTruitt@gmail.com','TruittBeverly');
INSERT INTO Students VALUES (620023819,'UNDERGRAD','01-01-2020');
INSERT INTO Enrolled (u_id,courseCode) VALUES (620023819,'BIOC1439'),(620023819,'MATH3544'),(620023819,'PHYS3659'),(620023819,'MATH3059'),(620023819,'ECON3004');
INSERT INTO Users VALUES (620023820,'Sam','Gray','SamGray@gmail.com','GraySam');
INSERT INTO Students VALUES (620023820,'UNDERGRAD','01-01-2020');
INSERT INTO Enrolled (u_id,courseCode) VALUES (620023820,'CHEM3054'),(620023820,'INFO2337'),(620023820,'CHEM2065');
INSERT INTO Users VALUES (620023821,'Beverly','Gondek','BeverlyGondek@gmail.com','GondekBeverly');
INSERT INTO Students VALUES (620023821,'UNDERGRAD','01-01-2020');
INSERT INTO Enrolled (u_id,courseCode) VALUES (620023821,'MATH1454'),(620023821,'ECON3020'),(620023821,'COMP1460'),(620023821,'MATH2957'),(620023821,'PHYS2338'),(620023821,'ECON2345');
INSERT INTO Users VALUES (620023822,'Jimmy','Phinney','JimmyPhinney@gmail.com','PhinneyJimmy');
INSERT INTO Students VALUES (620023822,'UNDERGRAD','01-01-2020');
INSERT INTO Enrolled (u_id,courseCode) VALUES (620023822,'MATH2801'),(620023822,'CHEM2149'),(620023822,'INFO2521');
INSERT INTO Users VALUES (620023823,'Sandra','Sullivan','SandraSullivan@gmail.com','SullivanSandra');
INSERT INTO Students VALUES (620023823,'UNDERGRAD','01-01-2020');
INSERT INTO Enrolled (u_id,courseCode) VALUES (620023823,'INFO2813'),(620023823,'COMP2080'),(620023823,'PHYS3290'),(620023823,'COMP3506'),(620023823,'ECON1589');
INSERT INTO Users VALUES (620023824,'Deanna','Deen','DeannaDeen@gmail.com','DeenDeanna');
INSERT INTO Students VALUES (620023824,'UNDERGRAD','01-01-2020');
INSERT INTO Enrolled (u_id,courseCode) VALUES (620023824,'COMP3746'),(620023824,'BIOC3457'),(620023824,'ECON2814');
INSERT INTO Users VALUES (620023825,'Alfred','Richardson','AlfredRichardson@gmail.com','RichardsonAlfred');
INSERT INTO Students VALUES (620023825,'UNDERGRAD','01-01-2020');
INSERT INTO Enrolled (u_id,courseCode) VALUES (620023825,'MATH3613'),(620023825,'COMP2361'),(620023825,'ECON3447'),(620023825,'PHYS2448'),(620023825,'COMP3238'),(620023825,'PHYS3052');
INSERT INTO Users VALUES (620023826,'Willard','Porter','WillardPorter@gmail.com','PorterWillard');
INSERT INTO Students VALUES (620023826,'UNDERGRAD','01-01-2020');
INSERT INTO Enrolled (u_id,courseCode) VALUES (620023826,'ECON1230'),(620023826,'ECON1098'),(620023826,'COMP3167'),(620023826,'MATH2067');
INSERT INTO Users VALUES (620023827,'Delia','Dahlheimer','DeliaDahlheimer@gmail.com','DahlheimerDelia');
INSERT INTO Students VALUES (620023827,'UNDERGRAD','01-01-2020');
INSERT INTO Enrolled (u_id,courseCode) VALUES (620023827,'INFO1447'),(620023827,'MATH3173'),(620023827,'BIOC2236');
INSERT INTO Users VALUES (620023828,'Deanne','Velasquez','DeanneVelasquez@gmail.com','VelasquezDeanne');
INSERT INTO Students VALUES (620023828,'UNDERGRAD','01-01-2020');
INSERT INTO Enrolled (u_id,courseCode) VALUES (620023828,'PHYS2113'),(620023828,'MATH2188'),(620023828,'ECON3020'),(620023828,'ECON3550'),(620023828,'CHEM2220'),(620023828,'COMP2541');
INSERT INTO Users VALUES (620023829,'Holly','Calloway','HollyCalloway@gmail.com','CallowayHolly');
INSERT INTO Students VALUES (620023829,'UNDERGRAD','01-01-2020');
INSERT INTO Enrolled (u_id,courseCode) VALUES (620023829,'MATH3857'),(620023829,'ECON3276'),(620023829,'COMP3849');
INSERT INTO Users VALUES (620023830,'Trina','Lauritsen','TrinaLauritsen@gmail.com','LauritsenTrina');
INSERT INTO Students VALUES (620023830,'UNDERGRAD','01-01-2020');
INSERT INTO Enrolled (u_id,courseCode) VALUES (620023830,'COMP2965'),(620023830,'MATH1648'),(620023830,'BIOC3721'),(620023830,'INFO2559');
INSERT INTO Users VALUES (620023831,'James','Scales','JamesScales@gmail.com','ScalesJames');
INSERT INTO Students VALUES (620023831,'UNDERGRAD','01-01-2020');
INSERT INTO Enrolled (u_id,courseCode) VALUES (620023831,'MATH2555'),(620023831,'COMP2361'),(620023831,'CHEM3747');
INSERT INTO Users VALUES (620023832,'Mathew','Howe','MathewHowe@gmail.com','HoweMathew');
INSERT INTO Students VALUES (620023832,'UNDERGRAD','01-01-2020');
INSERT INTO Enrolled (u_id,courseCode) VALUES (620023832,'BIOC2550'),(620023832,'COMP1543'),(620023832,'INFO2797'),(620023832,'MATH2555');
INSERT INTO Users VALUES (620023833,'Jamison','Lavoy','JamisonLavoy@gmail.com','LavoyJamison');
INSERT INTO Students VALUES (620023833,'UNDERGRAD','01-01-2020');
INSERT INTO Enrolled (u_id,courseCode) VALUES (620023833,'BIOC1534'),(620023833,'CHEM2066'),(620023833,'ECON3737'),(620023833,'PHYS1930'),(620023833,'ECON1645');
INSERT INTO Users VALUES (620023834,'Warren','Boyer','WarrenBoyer@gmail.com','BoyerWarren');
INSERT INTO Students VALUES (620023834,'UNDERGRAD','01-01-2020');
INSERT INTO Enrolled (u_id,courseCode) VALUES (620023834,'CHEM3617'),(620023834,'MATH3209'),(620023834,'ECON3288');
INSERT INTO Users VALUES (620023835,'Julius','Turkus','JuliusTurkus@gmail.com','TurkusJulius');
INSERT INTO Students VALUES (620023835,'UNDERGRAD','01-01-2020');
INSERT INTO Enrolled (u_id,courseCode) VALUES (620023835,'BIOC1164'),(620023835,'INFO2860'),(620023835,'PHYS3686'),(620023835,'MATH3209'),(620023835,'ECON2703'),(620023835,'INFO3645');
INSERT INTO Users VALUES (620023836,'Eunice','Kent','EuniceKent@gmail.com','KentEunice');
INSERT INTO Students VALUES (620023836,'UNDERGRAD','01-01-2020');
INSERT INTO Enrolled (u_id,courseCode) VALUES (620023836,'BIOC3457'),(620023836,'PHYS2238'),(620023836,'CHEM2065');
INSERT INTO Users VALUES (620023837,'Suzanne','Fuller','SuzanneFuller@gmail.com','FullerSuzanne');
INSERT INTO Students VALUES (620023837,'UNDERGRAD','01-01-2020');
INSERT INTO Enrolled (u_id,courseCode) VALUES (620023837,'INFO1014'),(620023837,'CHEM3888'),(620023837,'BIOC3457'),(620023837,'INFO3645'),(620023837,'INFO1648'),(620023837,'ECON3447');
INSERT INTO Users VALUES (620023838,'Diane','Velasquez','DianeVelasquez@gmail.com','VelasquezDiane');
INSERT INTO Students VALUES (620023838,'UNDERGRAD','01-01-2020');
INSERT INTO Enrolled (u_id,courseCode) VALUES (620023838,'CHEM2220'),(620023838,'MATH2550'),(620023838,'ECON1645'),(620023838,'BIOC1448');
INSERT INTO Users VALUES (620023839,'Beverly','Turkus','BeverlyTurkus@gmail.com','TurkusBeverly');
INSERT INTO Students VALUES (620023839,'UNDERGRAD','01-01-2020');
INSERT INTO Enrolled (u_id,courseCode) VALUES (620023839,'ECON2814'),(620023839,'INFO2559'),(620023839,'ECON1783'),(620023839,'BIOC1052'),(620023839,'MATH1638');
INSERT INTO Users VALUES (620023840,'Roy','Myrick','RoyMyrick@gmail.com','MyrickRoy');
INSERT INTO Students VALUES (620023840,'UNDERGRAD','01-01-2020');
INSERT INTO Enrolled (u_id,courseCode) VALUES (620023840,'CHEM3888'),(620023840,'COMP3639'),(620023840,'PHYS2563'),(620023840,'COMP3685'),(620023840,'COMP1543'),(620023840,'ECON3447');
INSERT INTO Users VALUES (620023841,'Dorothy','Finkenbinder','DorothyFinkenbinder@gmail.com','FinkenbinderDorothy');
INSERT INTO Students VALUES (620023841,'UNDERGRAD','01-01-2020');
INSERT INTO Enrolled (u_id,courseCode) VALUES (620023841,'MATH3173'),(620023841,'MATH1309'),(620023841,'MATH1972'),(620023841,'INFO1014'),(620023841,'CHEM3747'),(620023841,'ECON1561');
INSERT INTO Users VALUES (620023842,'Brenda','Christenberry','BrendaChristenberry@gmail.com','ChristenberryBrenda');
INSERT INTO Students VALUES (620023842,'UNDERGRAD','01-01-2020');
INSERT INTO Enrolled (u_id,courseCode) VALUES (620023842,'ECON3989'),(620023842,'CHEM2797'),(620023842,'CHEM1494'),(620023842,'MATH3688'),(620023842,'MATH2801');
INSERT INTO Users VALUES (620023843,'Christine','Santos','ChristineSantos@gmail.com','SantosChristine');
INSERT INTO Students VALUES (620023843,'UNDERGRAD','01-01-2020');
INSERT INTO Enrolled (u_id,courseCode) VALUES (620023843,'CHEM2867'),(620023843,'MATH3844'),(620023843,'MATH3173'),(620023843,'COMP1184'),(620023843,'PHYS3876');
INSERT INTO Users VALUES (620023844,'William','Terry','WilliamTerry@gmail.com','TerryWilliam');
INSERT INTO Students VALUES (620023844,'UNDERGRAD','01-01-2020');
INSERT INTO Enrolled (u_id,courseCode) VALUES (620023844,'BIOC3604'),(620023844,'ECON1498'),(620023844,'PHYS2113'),(620023844,'COMP2080'),(620023844,'MATH1972');
INSERT INTO Users VALUES (620023845,'Young','Shani','YoungShani@gmail.com','ShaniYoung');
INSERT INTO Students VALUES (620023845,'UNDERGRAD','01-01-2020');
INSERT INTO Enrolled (u_id,courseCode) VALUES (620023845,'CHEM2177'),(620023845,'COMP3167'),(620023845,'PHYS2338'),(620023845,'BIOC3191'),(620023845,'CHEM2626');
INSERT INTO Users VALUES (620023846,'Blake','Mejias','BlakeMejias@gmail.com','MejiasBlake');
INSERT INTO Students VALUES (620023846,'UNDERGRAD','01-01-2020');
INSERT INTO Enrolled (u_id,courseCode) VALUES (620023846,'PHYS2563'),(620023846,'MATH3209'),(620023846,'ECON3085');
INSERT INTO Users VALUES (620023847,'Bernie','Valenzuela','BernieValenzuela@gmail.com','ValenzuelaBernie');
INSERT INTO Students VALUES (620023847,'UNDERGRAD','01-01-2020');
INSERT INTO Enrolled (u_id,courseCode) VALUES (620023847,'ECON1783'),(620023847,'PHYS1173'),(620023847,'INFO2521');
INSERT INTO Users VALUES (620023848,'Joe','Tate','JoeTate@gmail.com','TateJoe');
INSERT INTO Students VALUES (620023848,'UNDERGRAD','01-01-2020');
INSERT INTO Enrolled (u_id,courseCode) VALUES (620023848,'CHEM2031'),(620023848,'COMP1460'),(620023848,'ECON1170');
INSERT INTO Users VALUES (620023849,'Roger','Turner','RogerTurner@gmail.com','TurnerRoger');
INSERT INTO Students VALUES (620023849,'UNDERGRAD','01-01-2020');
INSERT INTO Enrolled (u_id,courseCode) VALUES (620023849,'BIOC1744'),(620023849,'CHEM2481'),(620023849,'CHEM2065'),(620023849,'ECON3004'),(620023849,'COMP1051'),(620023849,'MATH2550');
INSERT INTO Users VALUES (620023850,'Jason','Laramee','JasonLaramee@gmail.com','LarameeJason');
INSERT INTO Students VALUES (620023850,'UNDERGRAD','01-01-2020');
INSERT INTO Enrolled (u_id,courseCode) VALUES (620023850,'ECON3288'),(620023850,'CHEM2481'),(620023850,'COMP2651'),(620023850,'INFO1825'),(620023850,'CHEM3747'),(620023850,'BIOC2981');
INSERT INTO Users VALUES (620023851,'Agnes','Harms','AgnesHarms@gmail.com','HarmsAgnes');
INSERT INTO Students VALUES (620023851,'UNDERGRAD','01-01-2020');
INSERT INTO Enrolled (u_id,courseCode) VALUES (620023851,'MATH2717'),(620023851,'ECON1458'),(620023851,'CHEM3747'),(620023851,'PHYS1173'),(620023851,'CHEM2005'),(620023851,'BIOC3604');
INSERT INTO Users VALUES (620023852,'Antwan','Comley','AntwanComley@gmail.com','ComleyAntwan');
INSERT INTO Students VALUES (620023852,'UNDERGRAD','01-01-2020');
INSERT INTO Enrolled (u_id,courseCode) VALUES (620023852,'COMP3173'),(620023852,'PHYS3052'),(620023852,'BIOC3457'),(620023852,'MATH3059');
INSERT INTO Users VALUES (620023853,'Mathew','Colley','MathewColley@gmail.com','ColleyMathew');
INSERT INTO Students VALUES (620023853,'UNDERGRAD','01-01-2020');
INSERT INTO Enrolled (u_id,courseCode) VALUES (620023853,'BIOC1534'),(620023853,'PHYS2306'),(620023853,'INFO1288'),(620023853,'COMP3173');
INSERT INTO Users VALUES (620023854,'Juan','Hoyer','JuanHoyer@gmail.com','HoyerJuan');
INSERT INTO Students VALUES (620023854,'UNDERGRAD','01-01-2020');
INSERT INTO Enrolled (u_id,courseCode) VALUES (620023854,'BIOC3191'),(620023854,'CHEM1494'),(620023854,'BIOC1164'),(620023854,'COMP1357'),(620023854,'PHYS2238'),(620023854,'ECON1645');
INSERT INTO Users VALUES (620023855,'James','Harrington','JamesHarrington@gmail.com','HarringtonJames');
INSERT INTO Students VALUES (620023855,'UNDERGRAD','01-01-2020');
INSERT INTO Enrolled (u_id,courseCode) VALUES (620023855,'ECON1170'),(620023855,'PHYS2451'),(620023855,'BIOC3604');
INSERT INTO Users VALUES (620023856,'Weldon','Robles','WeldonRobles@gmail.com','RoblesWeldon');
INSERT INTO Students VALUES (620023856,'UNDERGRAD','01-01-2020');
INSERT INTO Enrolled (u_id,courseCode) VALUES (620023856,'BIOC3721'),(620023856,'MATH2067'),(620023856,'COMP2717'),(620023856,'BIOC1744'),(620023856,'INFO1648'),(620023856,'BIOC2589');
INSERT INTO Users VALUES (620023857,'Sarah','Phinney','SarahPhinney@gmail.com','PhinneySarah');
INSERT INTO Students VALUES (620023857,'UNDERGRAD','01-01-2020');
INSERT INTO Enrolled (u_id,courseCode) VALUES (620023857,'CHEM2446'),(620023857,'PHYS1173'),(620023857,'COMP2361'),(620023857,'MATH2501');
INSERT INTO Users VALUES (620023858,'Dwayne','Early','DwayneEarly@gmail.com','EarlyDwayne');
INSERT INTO Students VALUES (620023858,'UNDERGRAD','01-01-2020');
INSERT INTO Enrolled (u_id,courseCode) VALUES (620023858,'PHYS3686'),(620023858,'PHYS2667'),(620023858,'COMP2077'),(620023858,'MATH1454'),(620023858,'ECON3063'),(620023858,'ECON3550');
INSERT INTO Users VALUES (620023859,'Diane','Souza','DianeSouza@gmail.com','SouzaDiane');
INSERT INTO Students VALUES (620023859,'UNDERGRAD','01-01-2020');
INSERT INTO Enrolled (u_id,courseCode) VALUES (620023859,'CHEM3327'),(620023859,'CHEM2005'),(620023859,'CHEM1613'),(620023859,'BIOC2671');
INSERT INTO Users VALUES (620023860,'Kim','Wilbanks','KimWilbanks@gmail.com','WilbanksKim');
INSERT INTO Students VALUES (620023860,'UNDERGRAD','01-01-2020');
INSERT INTO Enrolled (u_id,courseCode) VALUES (620023860,'INFO2716'),(620023860,'INFO1833'),(620023860,'COMP3746');
INSERT INTO Users VALUES (620023861,'Keith','Christinsen','KeithChristinsen@gmail.com','ChristinsenKeith');
INSERT INTO Students VALUES (620023861,'UNDERGRAD','01-01-2020');
INSERT INTO Enrolled (u_id,courseCode) VALUES (620023861,'PHYS2117'),(620023861,'INFO2950'),(620023861,'CHEM3747'),(620023861,'ECON1230'),(620023861,'CHEM3888');
INSERT INTO Users VALUES (620023862,'Nicole','Ott','NicoleOtt@gmail.com','OttNicole');
INSERT INTO Students VALUES (620023862,'UNDERGRAD','01-01-2020');
INSERT INTO Enrolled (u_id,courseCode) VALUES (620023862,'CHEM2867'),(620023862,'INFO2521'),(620023862,'COMP3418'),(620023862,'ECON3085'),(620023862,'ECON1589'),(620023862,'MATH3209');
INSERT INTO Users VALUES (620023863,'Sandra','Taylor','SandraTaylor@gmail.com','TaylorSandra');
INSERT INTO Students VALUES (620023863,'UNDERGRAD','01-01-2020');
INSERT INTO Enrolled (u_id,courseCode) VALUES (620023863,'MATH3029'),(620023863,'MATH2873'),(620023863,'COMP1460');
INSERT INTO Users VALUES (620023864,'Stephanie','Russ','StephanieRuss@gmail.com','RussStephanie');
INSERT INTO Students VALUES (620023864,'UNDERGRAD','01-01-2020');
INSERT INTO Enrolled (u_id,courseCode) VALUES (620023864,'INFO1014'),(620023864,'MATH3209'),(620023864,'CHEM2065');
INSERT INTO Users VALUES (620023865,'Krista','Carrington','KristaCarrington@gmail.com','CarringtonKrista');
INSERT INTO Students VALUES (620023865,'UNDERGRAD','01-01-2020');
INSERT INTO Enrolled (u_id,courseCode) VALUES (620023865,'ECON2703'),(620023865,'BIOC1725'),(620023865,'INFO1288'),(620023865,'COMP3173');
INSERT INTO Users VALUES (620023866,'Willie','Boyer','WillieBoyer@gmail.com','BoyerWillie');
INSERT INTO Students VALUES (620023866,'UNDERGRAD','01-01-2020');
INSERT INTO Enrolled (u_id,courseCode) VALUES (620023866,'MATH2717'),(620023866,'ECON3372'),(620023866,'MATH3222'),(620023866,'MATH1250'),(620023866,'BIOC1439');
INSERT INTO Users VALUES (620023867,'Glenda','Robinson','GlendaRobinson@gmail.com','RobinsonGlenda');
INSERT INTO Students VALUES (620023867,'UNDERGRAD','01-01-2020');
INSERT INTO Enrolled (u_id,courseCode) VALUES (620023867,'PHYS2451'),(620023867,'MATH3688'),(620023867,'ECON2722'),(620023867,'COMP3167'),(620023867,'BIOC2983');
INSERT INTO Users VALUES (620023868,'Nicholas','Dohse','NicholasDohse@gmail.com','DohseNicholas');
INSERT INTO Students VALUES (620023868,'UNDERGRAD','01-01-2020');
INSERT INTO Enrolled (u_id,courseCode) VALUES (620023868,'ECON1996'),(620023868,'PHYS2117'),(620023868,'INFO3419'),(620023868,'BIOC1986'),(620023868,'COMP3238'),(620023868,'INFO1288');
INSERT INTO Users VALUES (620023869,'Shayne','Meraz','ShayneMeraz@gmail.com','MerazShayne');
INSERT INTO Students VALUES (620023869,'UNDERGRAD','01-01-2020');
INSERT INTO Enrolled (u_id,courseCode) VALUES (620023869,'CHEM2446'),(620023869,'MATH1262'),(620023869,'ECON3276'),(620023869,'MATH2717'),(620023869,'PHYS2229');
INSERT INTO Users VALUES (620023870,'Ed','Williams','EdWilliams@gmail.com','WilliamsEd');
INSERT INTO Students VALUES (620023870,'UNDERGRAD','01-01-2020');
INSERT INTO Enrolled (u_id,courseCode) VALUES (620023870,'MATH1638'),(620023870,'INFO2213'),(620023870,'COMP1357');
INSERT INTO Users VALUES (620023871,'Taylor','Dohse','TaylorDohse@gmail.com','DohseTaylor');
INSERT INTO Students VALUES (620023871,'UNDERGRAD','01-01-2020');
INSERT INTO Enrolled (u_id,courseCode) VALUES (620023871,'CHEM2867'),(620023871,'ECON1458'),(620023871,'MATH3179');
INSERT INTO Users VALUES (620023872,'Alfred','Wright','AlfredWright@gmail.com','WrightAlfred');
INSERT INTO Students VALUES (620023872,'UNDERGRAD','01-01-2020');
INSERT INTO Enrolled (u_id,courseCode) VALUES (620023872,'COMP3685'),(620023872,'ECON3989'),(620023872,'MATH1148'),(620023872,'MATH3857');
INSERT INTO Users VALUES (620023873,'Don','Baccus','DonBaccus@gmail.com','BaccusDon');
INSERT INTO Students VALUES (620023873,'UNDERGRAD','01-01-2020');
INSERT INTO Enrolled (u_id,courseCode) VALUES (620023873,'CHEM3054'),(620023873,'COMP2400'),(620023873,'PHYS2229'),(620023873,'BIOC1052'),(620023873,'PHYS3354');
INSERT INTO Users VALUES (620023874,'Earl','Dahlheimer','EarlDahlheimer@gmail.com','DahlheimerEarl');
INSERT INTO Students VALUES (620023874,'UNDERGRAD','01-01-2020');
INSERT INTO Enrolled (u_id,courseCode) VALUES (620023874,'INFO3636'),(620023874,'MATH2873'),(620023874,'BIOC3341');
INSERT INTO Users VALUES (620023875,'Ruth','Baptiste','RuthBaptiste@gmail.com','BaptisteRuth');
INSERT INTO Students VALUES (620023875,'UNDERGRAD','01-01-2020');
INSERT INTO Enrolled (u_id,courseCode) VALUES (620023875,'ECON1645'),(620023875,'CHEM1807'),(620023875,'PHYS1140'),(620023875,'INFO3868');
INSERT INTO Users VALUES (620023876,'Don','Washinski','DonWashinski@gmail.com','WashinskiDon');
INSERT INTO Students VALUES (620023876,'UNDERGRAD','01-01-2020');
INSERT INTO Enrolled (u_id,courseCode) VALUES (620023876,'ECON3281'),(620023876,'BIOC1598'),(620023876,'ECON1996'),(620023876,'INFO2213');
INSERT INTO Users VALUES (620023877,'Ernesto','Dohse','ErnestoDohse@gmail.com','DohseErnesto');
INSERT INTO Students VALUES (620023877,'UNDERGRAD','01-01-2020');
INSERT INTO Enrolled (u_id,courseCode) VALUES (620023877,'CHEM3614'),(620023877,'ECON3311'),(620023877,'COMP2080'),(620023877,'CHEM3327'),(620023877,'BIOC2671');
INSERT INTO Users VALUES (620023878,'Judith','Phinney','JudithPhinney@gmail.com','PhinneyJudith');
INSERT INTO Students VALUES (620023878,'UNDERGRAD','01-01-2020');
INSERT INTO Enrolled (u_id,courseCode) VALUES (620023878,'MATH1148'),(620023878,'BIOC1104'),(620023878,'COMP1573');
INSERT INTO Users VALUES (620023879,'Paul','Williams','PaulWilliams@gmail.com','WilliamsPaul');
INSERT INTO Students VALUES (620023879,'UNDERGRAD','01-01-2020');
INSERT INTO Enrolled (u_id,courseCode) VALUES (620023879,'CHEM2727'),(620023879,'COMP1543'),(620023879,'BIOC1439'),(620023879,'ECON1783');
INSERT INTO Users VALUES (620023880,'Shirley','Felipe','ShirleyFelipe@gmail.com','FelipeShirley');
INSERT INTO Students VALUES (620023880,'UNDERGRAD','01-01-2020');
INSERT INTO Enrolled (u_id,courseCode) VALUES (620023880,'COMP2361'),(620023880,'ECON1783'),(620023880,'PHYS2977'),(620023880,'CHEM2005');
INSERT INTO Users VALUES (620023881,'Dennis','Hawkins','DennisHawkins@gmail.com','HawkinsDennis');
INSERT INTO Students VALUES (620023881,'UNDERGRAD','01-01-2020');
INSERT INTO Enrolled (u_id,courseCode) VALUES (620023881,'ECON3228'),(620023881,'BIOC1164'),(620023881,'COMP2717');
INSERT INTO Users VALUES (620023882,'Maria','Mcalister','MariaMcalister@gmail.com','McalisterMaria');
INSERT INTO Students VALUES (620023882,'UNDERGRAD','01-01-2020');
INSERT INTO Enrolled (u_id,courseCode) VALUES (620023882,'MATH1454'),(620023882,'BIOC1744'),(620023882,'BIOC1910'),(620023882,'ECON3989');
INSERT INTO Users VALUES (620023883,'Aaron','Lemieux','AaronLemieux@gmail.com','LemieuxAaron');
INSERT INTO Students VALUES (620023883,'UNDERGRAD','01-01-2020');
INSERT INTO Enrolled (u_id,courseCode) VALUES (620023883,'CHEM2177'),(620023883,'CHEM2066'),(620023883,'ECON1589');
INSERT INTO Users VALUES (620023884,'Dwight','Chatcho','DwightChatcho@gmail.com','ChatchoDwight');
INSERT INTO Students VALUES (620023884,'UNDERGRAD','01-01-2020');
INSERT INTO Enrolled (u_id,courseCode) VALUES (620023884,'ECON3276'),(620023884,'COMP2400'),(620023884,'MATH3613'),(620023884,'MATH3688'),(620023884,'MATH3059');
INSERT INTO Users VALUES (620023885,'Joan','Shattuck','JoanShattuck@gmail.com','ShattuckJoan');
INSERT INTO Students VALUES (620023885,'UNDERGRAD','01-01-2020');
INSERT INTO Enrolled (u_id,courseCode) VALUES (620023885,'INFO3603'),(620023885,'ECON1012'),(620023885,'PHYS1979'),(620023885,'ECON2722');
INSERT INTO Users VALUES (620023886,'Sergio','Kent','SergioKent@gmail.com','KentSergio');
INSERT INTO Students VALUES (620023886,'UNDERGRAD','01-01-2020');
INSERT INTO Enrolled (u_id,courseCode) VALUES (620023886,'CHEM2149'),(620023886,'INFO3935'),(620023886,'COMP3536');
INSERT INTO Users VALUES (620023887,'Clarence','Mccarthy','ClarenceMccarthy@gmail.com','MccarthyClarence');
INSERT INTO Students VALUES (620023887,'UNDERGRAD','01-01-2020');
INSERT INTO Enrolled (u_id,courseCode) VALUES (620023887,'PHYS1993'),(620023887,'MATH3857'),(620023887,'INFO2797'),(620023887,'ECON1498'),(620023887,'INFO3868');
INSERT INTO Users VALUES (620023888,'Tiara','Busse','TiaraBusse@gmail.com','BusseTiara');
INSERT INTO Students VALUES (620023888,'UNDERGRAD','01-01-2020');
INSERT INTO Enrolled (u_id,courseCode) VALUES (620023888,'MATH3059'),(620023888,'INFO1825'),(620023888,'COMP2080');
INSERT INTO Users VALUES (620023889,'Jonathan','Mcclanahan','JonathanMcclanahan@gmail.com','McclanahanJonathan');
INSERT INTO Students VALUES (620023889,'UNDERGRAD','01-01-2020');
INSERT INTO Enrolled (u_id,courseCode) VALUES (620023889,'CHEM2066'),(620023889,'ECON1645'),(620023889,'CHEM3793'),(620023889,'MATH1638'),(620023889,'MATH3059'),(620023889,'COMP2965');
INSERT INTO Users VALUES (620023890,'Cynthia','Hauser','CynthiaHauser@gmail.com','HauserCynthia');
INSERT INTO Students VALUES (620023890,'UNDERGRAD','01-01-2020');
INSERT INTO Enrolled (u_id,courseCode) VALUES (620023890,'CHEM3347'),(620023890,'MATH3179'),(620023890,'INFO1447'),(620023890,'INFO1014'),(620023890,'BIOC3191'),(620023890,'MATH2717');
INSERT INTO Users VALUES (620023891,'Gina','Vineyard','GinaVineyard@gmail.com','VineyardGina');
INSERT INTO Students VALUES (620023891,'UNDERGRAD','01-01-2020');
INSERT INTO Enrolled (u_id,courseCode) VALUES (620023891,'ECON3004'),(620023891,'CHEM1807'),(620023891,'MATH1735'),(620023891,'PHYS2338');
INSERT INTO Users VALUES (620023892,'Nina','Kenney','NinaKenney@gmail.com','KenneyNina');
INSERT INTO Students VALUES (620023892,'UNDERGRAD','01-01-2020');
INSERT INTO Enrolled (u_id,courseCode) VALUES (620023892,'ECON2722'),(620023892,'CHEM2727'),(620023892,'INFO3868'),(620023892,'COMP2541');
INSERT INTO Users VALUES (620023893,'Blake','Daniels','BlakeDaniels@gmail.com','DanielsBlake');
INSERT INTO Students VALUES (620023893,'UNDERGRAD','01-01-2020');
INSERT INTO Enrolled (u_id,courseCode) VALUES (620023893,'PHYS3659'),(620023893,'PHYS1140'),(620023893,'INFO1447'),(620023893,'PHYS2667');
INSERT INTO Users VALUES (620023894,'Adelia','Oconnell','AdeliaOconnell@gmail.com','OconnellAdelia');
INSERT INTO Students VALUES (620023894,'UNDERGRAD','01-01-2020');
INSERT INTO Enrolled (u_id,courseCode) VALUES (620023894,'INFO2521'),(620023894,'ECON3228'),(620023894,'BIOC2550'),(620023894,'BIOC3341');
INSERT INTO Users VALUES (620023895,'Guillermo','Congdon','GuillermoCongdon@gmail.com','CongdonGuillermo');
INSERT INTO Students VALUES (620023895,'UNDERGRAD','01-01-2020');
INSERT INTO Enrolled (u_id,courseCode) VALUES (620023895,'BIOC2589'),(620023895,'BIOC1534'),(620023895,'ECON1589'),(620023895,'COMP1867'),(620023895,'PHYS1399');
INSERT INTO Users VALUES (620023896,'Geraldine','Daniels','GeraldineDaniels@gmail.com','DanielsGeraldine');
INSERT INTO Students VALUES (620023896,'UNDERGRAD','01-01-2020');
INSERT INTO Enrolled (u_id,courseCode) VALUES (620023896,'MATH2957'),(620023896,'ECON3063'),(620023896,'ECON1498');
INSERT INTO Users VALUES (620023897,'Diane','Jaworski','DianeJaworski@gmail.com','JaworskiDiane');
INSERT INTO Students VALUES (620023897,'UNDERGRAD','01-01-2020');
INSERT INTO Enrolled (u_id,courseCode) VALUES (620023897,'BIOC3191'),(620023897,'BIOC2981'),(620023897,'PHYS2306'),(620023897,'COMP3639'),(620023897,'MATH3059');
INSERT INTO Users VALUES (620023898,'Hector','Bourgoin','HectorBourgoin@gmail.com','BourgoinHector');
INSERT INTO Students VALUES (620023898,'UNDERGRAD','01-01-2020');
INSERT INTO Enrolled (u_id,courseCode) VALUES (620023898,'CHEM3614'),(620023898,'PHYS1399'),(620023898,'ECON2387'),(620023898,'ECON3020'),(620023898,'MATH2067');
INSERT INTO Users VALUES (620023899,'Douglas','Calvert','DouglasCalvert@gmail.com','CalvertDouglas');
INSERT INTO Students VALUES (620023899,'UNDERGRAD','01-01-2020');
INSERT INTO Enrolled (u_id,courseCode) VALUES (620023899,'ECON3737'),(620023899,'PHYS2977'),(620023899,'ECON3288'),(620023899,'BIOC1910'),(620023899,'CHEM2797');
INSERT INTO Users VALUES (620023900,'Eric','Walley','EricWalley@gmail.com','WalleyEric');
INSERT INTO Students VALUES (620023900,'UNDERGRAD','01-01-2020');
INSERT INTO Enrolled (u_id,courseCode) VALUES (620023900,'COMP2077'),(620023900,'CHEM3614'),(620023900,'CHEM3054'),(620023900,'PHYS2451'),(620023900,'COMP1573');
INSERT INTO Users VALUES (620023901,'Stephanie','Meisner','StephanieMeisner@gmail.com','MeisnerStephanie');
INSERT INTO Students VALUES (620023901,'UNDERGRAD','01-01-2020');
INSERT INTO Enrolled (u_id,courseCode) VALUES (620023901,'MATH3544'),(620023901,'COMP1867'),(620023901,'MATH3209'),(620023901,'CHEM2065'),(620023901,'BIOC1910'),(620023901,'COMP2077');
INSERT INTO Users VALUES (620023902,'Miss','Kaupp','MissKaupp@gmail.com','KauppMiss');
INSERT INTO Students VALUES (620023902,'UNDERGRAD','01-01-2020');
INSERT INTO Enrolled (u_id,courseCode) VALUES (620023902,'PHYS3876'),(620023902,'MATH1309'),(620023902,'BIOC2981'),(620023902,'ECON3737'),(620023902,'MATH1578'),(620023902,'ECON2345');
INSERT INTO Users VALUES (620023903,'Leticia','Mcclain','LeticiaMcclain@gmail.com','McclainLeticia');
INSERT INTO Students VALUES (620023903,'UNDERGRAD','01-01-2020');
INSERT INTO Enrolled (u_id,courseCode) VALUES (620023903,'CHEM3347'),(620023903,'BIOC3230'),(620023903,'INFO1145'),(620023903,'MATH3222'),(620023903,'MATH3688'),(620023903,'BIOC1052');
INSERT INTO Users VALUES (620023904,'Joan','Oconnell','JoanOconnell@gmail.com','OconnellJoan');
INSERT INTO Students VALUES (620023904,'UNDERGRAD','01-01-2020');
INSERT INTO Enrolled (u_id,courseCode) VALUES (620023904,'MATH1648'),(620023904,'CHEM2066'),(620023904,'MATH3209');
INSERT INTO Users VALUES (620023905,'Rene','Ekberg','ReneEkberg@gmail.com','EkbergRene');
INSERT INTO Students VALUES (620023905,'UNDERGRAD','01-01-2020');
INSERT INTO Enrolled (u_id,courseCode) VALUES (620023905,'MATH1454'),(620023905,'ECON3737'),(620023905,'MATH3688'),(620023905,'BIOC1910'),(620023905,'ECON3372'),(620023905,'MATH1309');
INSERT INTO Users VALUES (620023906,'Iris','Lowrey','IrisLowrey@gmail.com','LowreyIris');
INSERT INTO Students VALUES (620023906,'UNDERGRAD','01-01-2020');
INSERT INTO Enrolled (u_id,courseCode) VALUES (620023906,'BIOC1448'),(620023906,'INFO2811'),(620023906,'CHEM2867');
INSERT INTO Users VALUES (620023907,'Milton','Casteel','MiltonCasteel@gmail.com','CasteelMilton');
INSERT INTO Students VALUES (620023907,'UNDERGRAD','01-01-2020');
INSERT INTO Enrolled (u_id,courseCode) VALUES (620023907,'PHYS2117'),(620023907,'CHEM2031'),(620023907,'BIOC1534'),(620023907,'PHYS3729'),(620023907,'INFO3935');
INSERT INTO Users VALUES (620023908,'Steven','Dunn','StevenDunn@gmail.com','DunnSteven');
INSERT INTO Students VALUES (620023908,'UNDERGRAD','01-01-2020');
INSERT INTO Enrolled (u_id,courseCode) VALUES (620023908,'COMP1051'),(620023908,'ECON3020'),(620023908,'INFO1014');
INSERT INTO Users VALUES (620023909,'Judith','Lyford','JudithLyford@gmail.com','LyfordJudith');
INSERT INTO Students VALUES (620023909,'UNDERGRAD','01-01-2020');
INSERT INTO Enrolled (u_id,courseCode) VALUES (620023909,'COMP2400'),(620023909,'CHEM3409'),(620023909,'PHYS2977');
INSERT INTO Users VALUES (620023910,'Katie','Shields','KatieShields@gmail.com','ShieldsKatie');
INSERT INTO Students VALUES (620023910,'UNDERGRAD','01-01-2020');
INSERT INTO Enrolled (u_id,courseCode) VALUES (620023910,'COMP1573'),(620023910,'COMP1184'),(620023910,'MATH2957'),(620023910,'COMP3173');
INSERT INTO Users VALUES (620023911,'Jessie','Wright','JessieWright@gmail.com','WrightJessie');
INSERT INTO Students VALUES (620023911,'UNDERGRAD','01-01-2020');
INSERT INTO Enrolled (u_id,courseCode) VALUES (620023911,'MATH1735'),(620023911,'BIOC1439'),(620023911,'COMP1184'),(620023911,'CHEM2220');
INSERT INTO Users VALUES (620023912,'Elwood','Hernandez','ElwoodHernandez@gmail.com','HernandezElwood');
INSERT INTO Students VALUES (620023912,'UNDERGRAD','01-01-2020');
INSERT INTO Enrolled (u_id,courseCode) VALUES (620023912,'MATH2717'),(620023912,'MATH1250'),(620023912,'CHEM2149'),(620023912,'INFO2813'),(620023912,'BIOC3457');
INSERT INTO Users VALUES (620023913,'Stanley','Busse','StanleyBusse@gmail.com','BusseStanley');
INSERT INTO Students VALUES (620023913,'UNDERGRAD','01-01-2020');
INSERT INTO Enrolled (u_id,courseCode) VALUES (620023913,'MATH3613'),(620023913,'COMP2400'),(620023913,'PHYS2451'),(620023913,'COMP1357');
INSERT INTO Users VALUES (620023914,'Alice','Wilson','AliceWilson@gmail.com','WilsonAlice');
INSERT INTO Students VALUES (620023914,'UNDERGRAD','01-01-2020');
INSERT INTO Enrolled (u_id,courseCode) VALUES (620023914,'ECON2345'),(620023914,'PHYS3052'),(620023914,'CHEM3327'),(620023914,'MATH2550'),(620023914,'CHEM3614');
INSERT INTO Users VALUES (620023915,'Mack','Laramee','MackLaramee@gmail.com','LarameeMack');
INSERT INTO Students VALUES (620023915,'UNDERGRAD','01-01-2020');
INSERT INTO Enrolled (u_id,courseCode) VALUES (620023915,'CHEM3617'),(620023915,'BIOC1910'),(620023915,'ECON1012');
INSERT INTO Users VALUES (620023916,'Arthur','Mcneill','ArthurMcneill@gmail.com','McneillArthur');
INSERT INTO Students VALUES (620023916,'UNDERGRAD','01-01-2020');
INSERT INTO Enrolled (u_id,courseCode) VALUES (620023916,'CHEM2005'),(620023916,'BIOC2671'),(620023916,'BIOC2550');
INSERT INTO Users VALUES (620023917,'Dwight','Carlyle','DwightCarlyle@gmail.com','CarlyleDwight');
INSERT INTO Students VALUES (620023917,'UNDERGRAD','01-01-2020');
INSERT INTO Enrolled (u_id,courseCode) VALUES (620023917,'BIOC2054'),(620023917,'BIOC1164'),(620023917,'ECON2345');
INSERT INTO Users VALUES (620023918,'Shane','Comley','ShaneComley@gmail.com','ComleyShane');
INSERT INTO Students VALUES (620023918,'UNDERGRAD','01-01-2020');
INSERT INTO Enrolled (u_id,courseCode) VALUES (620023918,'INFO2797'),(620023918,'BIOC1866'),(620023918,'BIOC3604'),(620023918,'PHYS1930'),(620023918,'INFO2213'),(620023918,'ECON3020');
INSERT INTO Users VALUES (620023919,'Roberta','Harms','RobertaHarms@gmail.com','HarmsRoberta');
INSERT INTO Students VALUES (620023919,'UNDERGRAD','01-01-2020');
INSERT INTO Enrolled (u_id,courseCode) VALUES (620023919,'BIOC1104'),(620023919,'CHEM2626'),(620023919,'INFO2521'),(620023919,'PHYS3052');
INSERT INTO Users VALUES (620023920,'Martin','Walley','MartinWalley@gmail.com','WalleyMartin');
INSERT INTO Students VALUES (620023920,'UNDERGRAD','01-01-2020');
INSERT INTO Enrolled (u_id,courseCode) VALUES (620023920,'ECON2814'),(620023920,'CHEM2626'),(620023920,'MATH3173'),(620023920,'CHEM2727');
INSERT INTO Users VALUES (620023921,'Rosa','Butler','RosaButler@gmail.com','ButlerRosa');
INSERT INTO Students VALUES (620023921,'UNDERGRAD','01-01-2020');
INSERT INTO Enrolled (u_id,courseCode) VALUES (620023921,'INFO3935'),(620023921,'INFO2636'),(620023921,'MATH2188'),(620023921,'ECON3372'),(620023921,'PHYS2563');
INSERT INTO Users VALUES (620023922,'Matthew','Grinstead','MatthewGrinstead@gmail.com','GrinsteadMatthew');
INSERT INTO Students VALUES (620023922,'UNDERGRAD','01-01-2020');
INSERT INTO Enrolled (u_id,courseCode) VALUES (620023922,'ECON3989'),(620023922,'ECON1098'),(620023922,'BIOC1448');
INSERT INTO Users VALUES (620023923,'Terri','Hunter','TerriHunter@gmail.com','HunterTerri');
INSERT INTO Students VALUES (620023923,'UNDERGRAD','01-01-2020');
INSERT INTO Enrolled (u_id,courseCode) VALUES (620023923,'BIOC1439'),(620023923,'MATH2067'),(620023923,'BIOC2054'),(620023923,'COMP2400'),(620023923,'CHEM2066');
INSERT INTO Users VALUES (620023924,'Randy','Lauritsen','RandyLauritsen@gmail.com','LauritsenRandy');
INSERT INTO Students VALUES (620023924,'UNDERGRAD','01-01-2020');
INSERT INTO Enrolled (u_id,courseCode) VALUES (620023924,'ECON1996'),(620023924,'BIOC2550'),(620023924,'BIOC3230');
INSERT INTO Users VALUES (620023925,'Aaron','Petty','AaronPetty@gmail.com','PettyAaron');
INSERT INTO Students VALUES (620023925,'UNDERGRAD','01-01-2020');
INSERT INTO Enrolled (u_id,courseCode) VALUES (620023925,'INFO1990'),(620023925,'BIOC3230'),(620023925,'MATH1309'),(620023925,'ECON3447'),(620023925,'MATH2717'),(620023925,'ECON3004');
INSERT INTO Users VALUES (620023926,'Roy','Moore','RoyMoore@gmail.com','MooreRoy');
INSERT INTO Students VALUES (620023926,'UNDERGRAD','01-01-2020');
INSERT INTO Enrolled (u_id,courseCode) VALUES (620023926,'CHEM2066'),(620023926,'COMP3173'),(620023926,'MATH3059');
INSERT INTO Users VALUES (620023927,'Roberta','Crites','RobertaCrites@gmail.com','CritesRoberta');
INSERT INTO Students VALUES (620023927,'UNDERGRAD','01-01-2020');
INSERT INTO Enrolled (u_id,courseCode) VALUES (620023927,'MATH1578'),(620023927,'BIOC1598'),(620023927,'MATH1262'),(620023927,'PHYS3052'),(620023927,'INFO3419'),(620023927,'INFO1014');
INSERT INTO Users VALUES (620023928,'Peter','Souza','PeterSouza@gmail.com','SouzaPeter');
INSERT INTO Students VALUES (620023928,'UNDERGRAD','01-01-2020');
INSERT INTO Enrolled (u_id,courseCode) VALUES (620023928,'INFO2147'),(620023928,'CHEM2065'),(620023928,'BIOC1448'),(620023928,'INFO2860');
INSERT INTO Users VALUES (620023929,'Charlotte','Lamar','CharlotteLamar@gmail.com','LamarCharlotte');
INSERT INTO Students VALUES (620023929,'UNDERGRAD','01-01-2020');
INSERT INTO Enrolled (u_id,courseCode) VALUES (620023929,'MATH3059'),(620023929,'MATH1148'),(620023929,'INFO2521');
INSERT INTO Users VALUES (620023930,'Dorcas','Bourgoin','DorcasBourgoin@gmail.com','BourgoinDorcas');
INSERT INTO Students VALUES (620023930,'UNDERGRAD','01-01-2020');
INSERT INTO Enrolled (u_id,courseCode) VALUES (620023930,'MATH1638'),(620023930,'CHEM2446'),(620023930,'INFO1825'),(620023930,'ECON3311');
INSERT INTO Users VALUES (620023931,'Shalanda','Luper','ShalandaLuper@gmail.com','LuperShalanda');
INSERT INTO Students VALUES (620023931,'UNDERGRAD','01-01-2020');
INSERT INTO Enrolled (u_id,courseCode) VALUES (620023931,'COMP2080'),(620023931,'PHYS2117'),(620023931,'ECON3447'),(620023931,'INFO2636');
INSERT INTO Users VALUES (620023932,'Vanessa','Steinberger','VanessaSteinberger@gmail.com','SteinbergerVanessa');
INSERT INTO Students VALUES (620023932,'UNDERGRAD','01-01-2020');
INSERT INTO Enrolled (u_id,courseCode) VALUES (620023932,'INFO2860'),(620023932,'CHEM2149'),(620023932,'ECON2703'),(620023932,'COMP1460');
INSERT INTO Users VALUES (620023933,'James','Brickey','JamesBrickey@gmail.com','BrickeyJames');
INSERT INTO Students VALUES (620023933,'UNDERGRAD','01-01-2020');
INSERT INTO Enrolled (u_id,courseCode) VALUES (620023933,'MATH3059'),(620023933,'PHYS2563'),(620023933,'PHYS1140');
INSERT INTO Users VALUES (620023934,'Betsy','Chatcho','BetsyChatcho@gmail.com','ChatchoBetsy');
INSERT INTO Students VALUES (620023934,'UNDERGRAD','01-01-2020');
INSERT INTO Enrolled (u_id,courseCode) VALUES (620023934,'ECON3447'),(620023934,'PHYS3686'),(620023934,'ECON3004'),(620023934,'COMP3418'),(620023934,'MATH3544');
INSERT INTO Users VALUES (620023935,'Stephanie','Harms','StephanieHarms@gmail.com','HarmsStephanie');
INSERT INTO Students VALUES (620023935,'UNDERGRAD','01-01-2020');
INSERT INTO Enrolled (u_id,courseCode) VALUES (620023935,'MATH2555'),(620023935,'BIOC3230'),(620023935,'PHYS1930');
INSERT INTO Users VALUES (620023936,'Deanna','Orchard','DeannaOrchard@gmail.com','OrchardDeanna');
INSERT INTO Students VALUES (620023936,'UNDERGRAD','01-01-2020');
INSERT INTO Enrolled (u_id,courseCode) VALUES (620023936,'COMP1867'),(620023936,'ECON1098'),(620023936,'BIOC1794'),(620023936,'COMP3536');
INSERT INTO Users VALUES (620023937,'Taylor','Rankin','TaylorRankin@gmail.com','RankinTaylor');
INSERT INTO Students VALUES (620023937,'UNDERGRAD','01-01-2020');
INSERT INTO Enrolled (u_id,courseCode) VALUES (620023937,'ECON1012'),(620023937,'MATH2957'),(620023937,'CHEM2177'),(620023937,'COMP2361'),(620023937,'INFO3419'),(620023937,'ECON2703');
INSERT INTO Users VALUES (620023938,'Warren','Busse','WarrenBusse@gmail.com','BusseWarren');
INSERT INTO Students VALUES (620023938,'UNDERGRAD','01-01-2020');
INSERT INTO Enrolled (u_id,courseCode) VALUES (620023938,'PHYS1930'),(620023938,'COMP2361'),(620023938,'CHEM2066');
INSERT INTO Users VALUES (620023939,'Tanya','Cummins','TanyaCummins@gmail.com','CumminsTanya');
INSERT INTO Students VALUES (620023939,'UNDERGRAD','01-01-2020');
INSERT INTO Enrolled (u_id,courseCode) VALUES (620023939,'ECON1645'),(620023939,'MATH3059'),(620023939,'INFO2270'),(620023939,'BIOC1485');
INSERT INTO Users VALUES (620023940,'Trina','Mejias','TrinaMejias@gmail.com','MejiasTrina');
INSERT INTO Students VALUES (620023940,'UNDERGRAD','01-01-2020');
INSERT INTO Enrolled (u_id,courseCode) VALUES (620023940,'CHEM2220'),(620023940,'ECON3372'),(620023940,'CHEM2697');
INSERT INTO Users VALUES (620023941,'Colin','Mccarthy','ColinMccarthy@gmail.com','MccarthyColin');
INSERT INTO Students VALUES (620023941,'UNDERGRAD','01-01-2020');
INSERT INTO Enrolled (u_id,courseCode) VALUES (620023941,'PHYS2306'),(620023941,'INFO3868'),(620023941,'PHYS1140'),(620023941,'ECON1645'),(620023941,'BIOC1794');
INSERT INTO Users VALUES (620023942,'Gina','Ott','GinaOtt@gmail.com','OttGina');
INSERT INTO Students VALUES (620023942,'UNDERGRAD','01-01-2020');
INSERT INTO Enrolled (u_id,courseCode) VALUES (620023942,'BIOC2671'),(620023942,'COMP2651'),(620023942,'PHYS3464'),(620023942,'MATH1735'),(620023942,'BIOC2236');
INSERT INTO Users VALUES (620023943,'Ruth','Alexander','RuthAlexander@gmail.com','AlexanderRuth');
INSERT INTO Students VALUES (620023943,'UNDERGRAD','01-01-2020');
INSERT INTO Enrolled (u_id,courseCode) VALUES (620023943,'ECON3004'),(620023943,'COMP2541'),(620023943,'PHYS2306'),(620023943,'MATH3844');
INSERT INTO Users VALUES (620023944,'Mildred','Huffman','MildredHuffman@gmail.com','HuffmanMildred');
INSERT INTO Students VALUES (620023944,'UNDERGRAD','01-01-2020');
INSERT INTO Enrolled (u_id,courseCode) VALUES (620023944,'ECON1561'),(620023944,'MATH3029'),(620023944,'ECON1498'),(620023944,'ECON2722'),(620023944,'INFO1990'),(620023944,'ECON2345');
INSERT INTO Users VALUES (620023945,'Nathan','Wilson','NathanWilson@gmail.com','WilsonNathan');
INSERT INTO Students VALUES (620023945,'UNDERGRAD','01-01-2020');
INSERT INTO Enrolled (u_id,courseCode) VALUES (620023945,'COMP2077'),(620023945,'MATH1648'),(620023945,'MATH2501'),(620023945,'BIOC1164'),(620023945,'ECON1170'),(620023945,'MATH2550');
INSERT INTO Users VALUES (620023946,'Doris','Myrick','DorisMyrick@gmail.com','MyrickDoris');
INSERT INTO Students VALUES (620023946,'UNDERGRAD','01-01-2020');
INSERT INTO Enrolled (u_id,courseCode) VALUES (620023946,'MATH3029'),(620023946,'INFO1833'),(620023946,'INFO2270'),(620023946,'ECON1170'),(620023946,'MATH1578'),(620023946,'CHEM2481');
INSERT INTO Users VALUES (620023947,'Roberto','Diggs','RobertoDiggs@gmail.com','DiggsRoberto');
INSERT INTO Students VALUES (620023947,'UNDERGRAD','01-01-2020');
INSERT INTO Enrolled (u_id,courseCode) VALUES (620023947,'CHEM3409'),(620023947,'MATH2555'),(620023947,'PHYS3052'),(620023947,'MATH3029');
INSERT INTO Users VALUES (620023948,'Kelly','Sultzer','KellySultzer@gmail.com','SultzerKelly');
INSERT INTO Students VALUES (620023948,'UNDERGRAD','01-01-2020');
INSERT INTO Enrolled (u_id,courseCode) VALUES (620023948,'PHYS2667'),(620023948,'COMP1184'),(620023948,'INFO2147'),(620023948,'PHYS1993'),(620023948,'COMP2965');
INSERT INTO Users VALUES (620023949,'Colin','Grinstead','ColinGrinstead@gmail.com','GrinsteadColin');
INSERT INTO Students VALUES (620023949,'UNDERGRAD','01-01-2020');
INSERT INTO Enrolled (u_id,courseCode) VALUES (620023949,'COMP2965'),(620023949,'INFO2147'),(620023949,'INFO2521'),(620023949,'ECON3085'),(620023949,'PHYS3354');
INSERT INTO Users VALUES (620023950,'Hazel','Lauritsen','HazelLauritsen@gmail.com','LauritsenHazel');
INSERT INTO Students VALUES (620023950,'UNDERGRAD','01-01-2020');
INSERT INTO Enrolled (u_id,courseCode) VALUES (620023950,'CHEM2697'),(620023950,'MATH3544'),(620023950,'MATH3179'),(620023950,'ECON1012'),(620023950,'CHEM2177'),(620023950,'PHYS3290');
INSERT INTO Users VALUES (620023951,'Traci','Wesley','TraciWesley@gmail.com','WesleyTraci');
INSERT INTO Students VALUES (620023951,'UNDERGRAD','01-01-2020');
INSERT INTO Enrolled (u_id,courseCode) VALUES (620023951,'CHEM2604'),(620023951,'PHYS3686'),(620023951,'ECON3085');
INSERT INTO Users VALUES (620023952,'Howard','Blackwell','HowardBlackwell@gmail.com','BlackwellHoward');
INSERT INTO Students VALUES (620023952,'UNDERGRAD','01-01-2020');
INSERT INTO Enrolled (u_id,courseCode) VALUES (620023952,'INFO2950'),(620023952,'PHYS1993'),(620023952,'CHEM2727'),(620023952,'COMP3506');
INSERT INTO Users VALUES (620023953,'Danielle','Myrick','DanielleMyrick@gmail.com','MyrickDanielle');
INSERT INTO Students VALUES (620023953,'UNDERGRAD','01-01-2020');
INSERT INTO Enrolled (u_id,courseCode) VALUES (620023953,'ECON1645'),(620023953,'ECON2722'),(620023953,'MATH1638'),(620023953,'INFO3636');
INSERT INTO Users VALUES (620023954,'Linda','Christinsen','LindaChristinsen@gmail.com','ChristinsenLinda');
INSERT INTO Students VALUES (620023954,'UNDERGRAD','01-01-2020');
INSERT INTO Enrolled (u_id,courseCode) VALUES (620023954,'MATH2717'),(620023954,'PHYS3659'),(620023954,'MATH1454');
INSERT INTO Users VALUES (620023955,'Flora','Knaub','FloraKnaub@gmail.com','KnaubFlora');
INSERT INTO Students VALUES (620023955,'UNDERGRAD','01-01-2020');
INSERT INTO Enrolled (u_id,courseCode) VALUES (620023955,'ECON3085'),(620023955,'CHEM3327'),(620023955,'ECON3737'),(620023955,'CHEM3793');
INSERT INTO Users VALUES (620023956,'Byron','Mance','ByronMance@gmail.com','ManceByron');
INSERT INTO Students VALUES (620023956,'UNDERGRAD','01-01-2020');
INSERT INTO Enrolled (u_id,courseCode) VALUES (620023956,'ECON3281'),(620023956,'INFO2813'),(620023956,'INFO2860'),(620023956,'ECON2814');
INSERT INTO Users VALUES (620023957,'Marshall','Vario','MarshallVario@gmail.com','VarioMarshall');
INSERT INTO Students VALUES (620023957,'UNDERGRAD','01-01-2020');
INSERT INTO Enrolled (u_id,courseCode) VALUES (620023957,'CHEM3614'),(620023957,'INFO2950'),(620023957,'COMP2651'),(620023957,'ECON3063');
INSERT INTO Users VALUES (620023958,'Chris','Garcia','ChrisGarcia@gmail.com','GarciaChris');
INSERT INTO Students VALUES (620023958,'UNDERGRAD','01-01-2020');
INSERT INTO Enrolled (u_id,courseCode) VALUES (620023958,'BIOC1104'),(620023958,'ECON1589'),(620023958,'BIOC3191'),(620023958,'INFO3645'),(620023958,'INFO1990'),(620023958,'BIOC1164');
INSERT INTO Users VALUES (620023959,'Jewell','Jaworski','JewellJaworski@gmail.com','JaworskiJewell');
INSERT INTO Students VALUES (620023959,'UNDERGRAD','01-01-2020');
INSERT INTO Enrolled (u_id,courseCode) VALUES (620023959,'COMP3685'),(620023959,'MATH3059'),(620023959,'BIOC2589');
INSERT INTO Users VALUES (620023960,'Paul','Casteel','PaulCasteel@gmail.com','CasteelPaul');
INSERT INTO Students VALUES (620023960,'UNDERGRAD','01-01-2020');
INSERT INTO Enrolled (u_id,courseCode) VALUES (620023960,'MATH3222'),(620023960,'MATH2555'),(620023960,'ECON3281'),(620023960,'INFO2860');
INSERT INTO Users VALUES (620023961,'Margaret','Fields','MargaretFields@gmail.com','FieldsMargaret');
INSERT INTO Students VALUES (620023961,'UNDERGRAD','01-01-2020');
INSERT INTO Enrolled (u_id,courseCode) VALUES (620023961,'BIOC1448'),(620023961,'MATH1148'),(620023961,'COMP3639'),(620023961,'COMP2541'),(620023961,'COMP1867');
INSERT INTO Users VALUES (620023962,'Judith','Blackwell','JudithBlackwell@gmail.com','BlackwellJudith');
INSERT INTO Students VALUES (620023962,'UNDERGRAD','01-01-2020');
INSERT INTO Enrolled (u_id,courseCode) VALUES (620023962,'COMP3697'),(620023962,'BIOC2983'),(620023962,'INFO2213'),(620023962,'MATH2717'),(620023962,'BIOC1598');
INSERT INTO Users VALUES (620023963,'Paul','Hunt','PaulHunt@gmail.com','HuntPaul');
INSERT INTO Students VALUES (620023963,'UNDERGRAD','01-01-2020');
INSERT INTO Enrolled (u_id,courseCode) VALUES (620023963,'MATH3857'),(620023963,'INFO1145'),(620023963,'PHYS1140'),(620023963,'PHYS1930'),(620023963,'MATH1148'),(620023963,'MATH2067');
INSERT INTO Users VALUES (620023964,'Edward','Congdon','EdwardCongdon@gmail.com','CongdonEdward');
INSERT INTO Students VALUES (620023964,'UNDERGRAD','01-01-2020');
INSERT INTO Enrolled (u_id,courseCode) VALUES (620023964,'ECON3737'),(620023964,'PHYS3052'),(620023964,'INFO1145'),(620023964,'MATH3059'),(620023964,'ECON1230'),(620023964,'CHEM2481');
INSERT INTO Users VALUES (620023965,'Dorothy','Bradford','DorothyBradford@gmail.com','BradfordDorothy');
INSERT INTO Students VALUES (620023965,'UNDERGRAD','01-01-2020');
INSERT INTO Enrolled (u_id,courseCode) VALUES (620023965,'MATH3844'),(620023965,'COMP3536'),(620023965,'CHEM1485');
INSERT INTO Users VALUES (620023966,'Jeanna','Amberg','JeannaAmberg@gmail.com','AmbergJeanna');
INSERT INTO Students VALUES (620023966,'UNDERGRAD','01-01-2020');
INSERT INTO Enrolled (u_id,courseCode) VALUES (620023966,'INFO2521'),(620023966,'BIOC1986'),(620023966,'ECON3020'),(620023966,'BIOC2054'),(620023966,'PHYS1993'),(620023966,'INFO2147');
INSERT INTO Users VALUES (620023967,'Jesus','Ratterman','JesusRatterman@gmail.com','RattermanJesus');
INSERT INTO Students VALUES (620023967,'UNDERGRAD','01-01-2020');
INSERT INTO Enrolled (u_id,courseCode) VALUES (620023967,'BIOC3341'),(620023967,'ECON1783'),(620023967,'COMP2361'),(620023967,'COMP3746');
INSERT INTO Users VALUES (620023968,'Curtis','Hart','CurtisHart@gmail.com','HartCurtis');
INSERT INTO Students VALUES (620023968,'UNDERGRAD','01-01-2020');
INSERT INTO Enrolled (u_id,courseCode) VALUES (620023968,'PHYS2229'),(620023968,'COMP3697'),(620023968,'COMP1460');
INSERT INTO Users VALUES (620023969,'Elwood','Harrington','ElwoodHarrington@gmail.com','HarringtonElwood');
INSERT INTO Students VALUES (620023969,'UNDERGRAD','01-01-2020');
INSERT INTO Enrolled (u_id,courseCode) VALUES (620023969,'INFO1825'),(620023969,'MATH1638'),(620023969,'INFO3419'),(620023969,'MATH3209'),(620023969,'ECON1589'),(620023969,'BIOC1866');
INSERT INTO Users VALUES (620023970,'Denise','Atkins','DeniseAtkins@gmail.com','AtkinsDenise');
INSERT INTO Students VALUES (620023970,'UNDERGRAD','01-01-2020');
INSERT INTO Enrolled (u_id,courseCode) VALUES (620023970,'CHEM2727'),(620023970,'INFO1833'),(620023970,'COMP3746'),(620023970,'CHEM2797'),(620023970,'ECON3085'),(620023970,'PHYS2563');
INSERT INTO Users VALUES (620023971,'Keith','Crites','KeithCrites@gmail.com','CritesKeith');
INSERT INTO Students VALUES (620023971,'UNDERGRAD','01-01-2020');
INSERT INTO Enrolled (u_id,courseCode) VALUES (620023971,'ECON3311'),(620023971,'PHYS3052'),(620023971,'MATH1578'),(620023971,'BIOC1744'),(620023971,'PHYS1140');
INSERT INTO Users VALUES (620023972,'Maria','Sullivan','MariaSullivan@gmail.com','SullivanMaria');
INSERT INTO Students VALUES (620023972,'UNDERGRAD','01-01-2020');
INSERT INTO Enrolled (u_id,courseCode) VALUES (620023972,'ECON3288'),(620023972,'BIOC1052'),(620023972,'CHEM2446'),(620023972,'BIOC2981');
INSERT INTO Users VALUES (620023973,'John','Schilling','JohnSchilling@gmail.com','SchillingJohn');
INSERT INTO Students VALUES (620023973,'UNDERGRAD','01-01-2020');
INSERT INTO Enrolled (u_id,courseCode) VALUES (620023973,'COMP3173'),(620023973,'ECON3276'),(620023973,'ECON2345'),(620023973,'COMP3849'),(620023973,'ECON3281'),(620023973,'COMP1867');
INSERT INTO Users VALUES (620023974,'Rene','Bradford','ReneBradford@gmail.com','BradfordRene');
INSERT INTO Students VALUES (620023974,'UNDERGRAD','01-01-2020');
INSERT INTO Enrolled (u_id,courseCode) VALUES (620023974,'BIOC3604'),(620023974,'MATH2188'),(620023974,'CHEM3327'),(620023974,'CHEM1807'),(620023974,'BIOC3341');
INSERT INTO Users VALUES (620023975,'Nan','Williamson','NanWilliamson@gmail.com','WilliamsonNan');
INSERT INTO Students VALUES (620023975,'UNDERGRAD','01-01-2020');
INSERT INTO Enrolled (u_id,courseCode) VALUES (620023975,'MATH2067'),(620023975,'COMP1051'),(620023975,'CHEM2065'),(620023975,'MATH3173'),(620023975,'CHEM1340'),(620023975,'ECON3523');
INSERT INTO Users VALUES (620023976,'Milton','Halford','MiltonHalford@gmail.com','HalfordMilton');
INSERT INTO Students VALUES (620023976,'UNDERGRAD','01-01-2020');
INSERT INTO Enrolled (u_id,courseCode) VALUES (620023976,'INFO3645'),(620023976,'COMP2717'),(620023976,'COMP3167'),(620023976,'PHYS3290'),(620023976,'COMP2080');
INSERT INTO Users VALUES (620023977,'Melodie','Mitchell','MelodieMitchell@gmail.com','MitchellMelodie');
INSERT INTO Students VALUES (620023977,'UNDERGRAD','01-01-2020');
INSERT INTO Enrolled (u_id,courseCode) VALUES (620023977,'PHYS1173'),(620023977,'PHYS1930'),(620023977,'MATH2067');
INSERT INTO Users VALUES (620023978,'Young','Gilmore','YoungGilmore@gmail.com','GilmoreYoung');
INSERT INTO Students VALUES (620023978,'UNDERGRAD','01-01-2020');
INSERT INTO Enrolled (u_id,courseCode) VALUES (620023978,'MATH3029'),(620023978,'COMP2080'),(620023978,'ECON3989');
INSERT INTO Users VALUES (620023979,'Christopher','Vanhamlin','ChristopherVanhamlin@gmail.com','VanhamlinChristopher');
INSERT INTO Students VALUES (620023979,'UNDERGRAD','01-01-2020');
INSERT INTO Enrolled (u_id,courseCode) VALUES (620023979,'BIOC2236'),(620023979,'CHEM2220'),(620023979,'BIOC1986');
INSERT INTO Users VALUES (620023980,'Brian','Lorenz','BrianLorenz@gmail.com','LorenzBrian');
INSERT INTO Students VALUES (620023980,'UNDERGRAD','01-01-2020');
INSERT INTO Enrolled (u_id,courseCode) VALUES (620023980,'MATH2067'),(620023980,'PHYS2448'),(620023980,'PHYS1993'),(620023980,'ECON3523'),(620023980,'COMP3685');
INSERT INTO Users VALUES (620023981,'Rhoda','Waugh','RhodaWaugh@gmail.com','WaughRhoda');
INSERT INTO Students VALUES (620023981,'UNDERGRAD','01-01-2020');
INSERT INTO Enrolled (u_id,courseCode) VALUES (620023981,'COMP1184'),(620023981,'MATH1648'),(620023981,'ECON2345'),(620023981,'MATH1250'),(620023981,'PHYS3464');
INSERT INTO Users VALUES (620023982,'Howard','Bordelon','HowardBordelon@gmail.com','BordelonHoward');
INSERT INTO Students VALUES (620023982,'UNDERGRAD','01-01-2020');
INSERT INTO Enrolled (u_id,courseCode) VALUES (620023982,'COMP1543'),(620023982,'COMP1184'),(620023982,'BIOC1164'),(620023982,'COMP2717');
INSERT INTO Users VALUES (620023983,'Keith','Turkus','KeithTurkus@gmail.com','TurkusKeith');
INSERT INTO Students VALUES (620023983,'UNDERGRAD','01-01-2020');
INSERT INTO Enrolled (u_id,courseCode) VALUES (620023983,'BIOC1986'),(620023983,'INFO2270'),(620023983,'INFO2147'),(620023983,'ECON3447'),(620023983,'ECON2345'),(620023983,'ECON2703');
INSERT INTO Users VALUES (620023984,'Dawn','Gondek','DawnGondek@gmail.com','GondekDawn');
INSERT INTO Students VALUES (620023984,'UNDERGRAD','01-01-2020');
INSERT INTO Enrolled (u_id,courseCode) VALUES (620023984,'PHYS1399'),(620023984,'COMP2400'),(620023984,'BIOC1164'),(620023984,'BIOC3457'),(620023984,'ECON1783');
INSERT INTO Users VALUES (620023985,'Craig','Daniels','CraigDaniels@gmail.com','DanielsCraig');
INSERT INTO Students VALUES (620023985,'UNDERGRAD','01-01-2020');
INSERT INTO Enrolled (u_id,courseCode) VALUES (620023985,'COMP1184'),(620023985,'MATH3179'),(620023985,'ECON1561'),(620023985,'BIOC1164'),(620023985,'MATH3222'),(620023985,'PHYS1173');
INSERT INTO Users VALUES (620023986,'Sean','English','SeanEnglish@gmail.com','EnglishSean');
INSERT INTO Students VALUES (620023986,'UNDERGRAD','01-01-2020');
INSERT INTO Enrolled (u_id,courseCode) VALUES (620023986,'PHYS2117'),(620023986,'BIOC1725'),(620023986,'BIOC3604'),(620023986,'COMP1867'),(620023986,'COMP3084'),(620023986,'BIOC3457');
INSERT INTO Users VALUES (620023987,'Frankie','Grinstead','FrankieGrinstead@gmail.com','GrinsteadFrankie');
INSERT INTO Students VALUES (620023987,'UNDERGRAD','01-01-2020');
INSERT INTO Enrolled (u_id,courseCode) VALUES (620023987,'INFO2797'),(620023987,'COMP3639'),(620023987,'BIOC1104'),(620023987,'ECON3447');
INSERT INTO Users VALUES (620023988,'Toby','Wolfe','TobyWolfe@gmail.com','WolfeToby');
INSERT INTO Students VALUES (620023988,'UNDERGRAD','01-01-2020');
INSERT INTO Enrolled (u_id,courseCode) VALUES (620023988,'COMP1184'),(620023988,'BIOC1866'),(620023988,'CHEM3617'),(620023988,'ECON1996');
INSERT INTO Users VALUES (620023989,'Ed','Lundholm','EdLundholm@gmail.com','LundholmEd');
INSERT INTO Students VALUES (620023989,'UNDERGRAD','01-01-2020');
INSERT INTO Enrolled (u_id,courseCode) VALUES (620023989,'ECON1498'),(620023989,'ECON1589'),(620023989,'MATH2957');
INSERT INTO Users VALUES (620023990,'Dominick','Walker','DominickWalker@gmail.com','WalkerDominick');
INSERT INTO Students VALUES (620023990,'UNDERGRAD','01-01-2020');
INSERT INTO Enrolled (u_id,courseCode) VALUES (620023990,'MATH2873'),(620023990,'ECON1230'),(620023990,'MATH1454'),(620023990,'MATH1638'),(620023990,'ECON1170');
INSERT INTO Users VALUES (620023991,'Michael','Carrillo','MichaelCarrillo@gmail.com','CarrilloMichael');
INSERT INTO Students VALUES (620023991,'UNDERGRAD','01-01-2020');
INSERT INTO Enrolled (u_id,courseCode) VALUES (620023991,'ECON3085'),(620023991,'PHYS1140'),(620023991,'CHEM3747'),(620023991,'MATH3173');
INSERT INTO Users VALUES (620023992,'Dorothy','Cash','DorothyCash@gmail.com','CashDorothy');
INSERT INTO Students VALUES (620023992,'UNDERGRAD','01-01-2020');
INSERT INTO Enrolled (u_id,courseCode) VALUES (620023992,'CHEM2149'),(620023992,'BIOC1164'),(620023992,'CHEM3409');
INSERT INTO Users VALUES (620023993,'Dominick','Bradford','DominickBradford@gmail.com','BradfordDominick');
INSERT INTO Students VALUES (620023993,'UNDERGRAD','01-01-2020');
INSERT INTO Enrolled (u_id,courseCode) VALUES (620023993,'BIOC1448'),(620023993,'MATH1648'),(620023993,'COMP3536');
INSERT INTO Users VALUES (620023994,'Michelle','Scarbrough','MichelleScarbrough@gmail.com','ScarbroughMichelle');
INSERT INTO Students VALUES (620023994,'UNDERGRAD','01-01-2020');
INSERT INTO Enrolled (u_id,courseCode) VALUES (620023994,'INFO2213'),(620023994,'BIOC3457'),(620023994,'COMP3685'),(620023994,'ECON2387');
INSERT INTO Users VALUES (620023995,'Roberta','Baptiste','RobertaBaptiste@gmail.com','BaptisteRoberta');
INSERT INTO Students VALUES (620023995,'UNDERGRAD','01-01-2020');
INSERT INTO Enrolled (u_id,courseCode) VALUES (620023995,'CHEM2149'),(620023995,'PHYS3290'),(620023995,'BIOC3341'),(620023995,'COMP2400'),(620023995,'INFO2797'),(620023995,'MATH3209');
INSERT INTO Users VALUES (620023996,'Edward','Scully','EdwardScully@gmail.com','ScullyEdward');
INSERT INTO Students VALUES (620023996,'UNDERGRAD','01-01-2020');
INSERT INTO Enrolled (u_id,courseCode) VALUES (620023996,'MATH3544'),(620023996,'CHEM2149'),(620023996,'PHYS2977');
INSERT INTO Users VALUES (620023997,'Lilla','Blackwell','LillaBlackwell@gmail.com','BlackwellLilla');
INSERT INTO Students VALUES (620023997,'UNDERGRAD','01-01-2020');
INSERT INTO Enrolled (u_id,courseCode) VALUES (620023997,'PHYS1993'),(620023997,'ECON3020'),(620023997,'PHYS2229'),(620023997,'CHEM2481');
INSERT INTO Users VALUES (620023998,'Ruth','Lockwood','RuthLockwood@gmail.com','LockwoodRuth');
INSERT INTO Students VALUES (620023998,'UNDERGRAD','01-01-2020');
INSERT INTO Enrolled (u_id,courseCode) VALUES (620023998,'MATH2501'),(620023998,'PHYS2563'),(620023998,'ECON1589'),(620023998,'CHEM1485'),(620023998,'INFO1648');
INSERT INTO Users VALUES (620023999,'William','Mcclain','WilliamMcclain@gmail.com','McclainWilliam');
INSERT INTO Students VALUES (620023999,'UNDERGRAD','01-01-2020');
INSERT INTO Enrolled (u_id,courseCode) VALUES (620023999,'BIOC3230'),(620023999,'MATH3222'),(620023999,'BIOC1052'),(620023999,'MATH1638'),(620023999,'CHEM2177');
