INSERT INTO Users VALUES (620064000,'Roberta','Campbell','RobertaCampbell@gmail.com','CampbellRoberta');
INSERT INTO Students VALUES (620064000,'UNDERGRAD','01-01-2020');
INSERT INTO Enrolled (u_id,courseCode) VALUES (620064000,'PHYS3787'),(620064000,'INFO1447'),(620064000,'PHYS3876'),(620064000,'CHEM3617'),(620064000,'CHEM3793');
INSERT INTO Users VALUES (620064001,'Timothy','King','TimothyKing@gmail.com','KingTimothy');
INSERT INTO Students VALUES (620064001,'UNDERGRAD','01-01-2020');
INSERT INTO Enrolled (u_id,courseCode) VALUES (620064001,'MATH3222'),(620064001,'ECON1783'),(620064001,'INFO2636'),(620064001,'MATH3209'),(620064001,'PHYS2563');
INSERT INTO Users VALUES (620064002,'Carolyn','Alvarez','CarolynAlvarez@gmail.com','AlvarezCarolyn');
INSERT INTO Students VALUES (620064002,'UNDERGRAD','01-01-2020');
INSERT INTO Enrolled (u_id,courseCode) VALUES (620064002,'ECON3085'),(620064002,'PHYS2667'),(620064002,'ECON1561'),(620064002,'CHEM2604');
INSERT INTO Users VALUES (620064003,'Barbara','Truitt','BarbaraTruitt@gmail.com','TruittBarbara');
INSERT INTO Students VALUES (620064003,'UNDERGRAD','01-01-2020');
INSERT INTO Enrolled (u_id,courseCode) VALUES (620064003,'COMP2965'),(620064003,'BIOC1744'),(620064003,'INFO2521'),(620064003,'CHEM2031');
INSERT INTO Users VALUES (620064004,'Richard','Gillman','RichardGillman@gmail.com','GillmanRichard');
INSERT INTO Students VALUES (620064004,'UNDERGRAD','01-01-2020');
INSERT INTO Enrolled (u_id,courseCode) VALUES (620064004,'CHEM2031'),(620064004,'CHEM2797'),(620064004,'INFO3868'),(620064004,'BIOC2589'),(620064004,'CHEM3409');
INSERT INTO Users VALUES (620064005,'Ruby','Hanks','RubyHanks@gmail.com','HanksRuby');
INSERT INTO Students VALUES (620064005,'UNDERGRAD','01-01-2020');
INSERT INTO Enrolled (u_id,courseCode) VALUES (620064005,'BIOC1485'),(620064005,'BIOC1448'),(620064005,'CHEM3888'),(620064005,'INFO1825');
INSERT INTO Users VALUES (620064006,'Betsy','Walden','BetsyWalden@gmail.com','WaldenBetsy');
INSERT INTO Students VALUES (620064006,'UNDERGRAD','01-01-2020');
INSERT INTO Enrolled (u_id,courseCode) VALUES (620064006,'INFO2813'),(620064006,'ECON1783'),(620064006,'BIOC1744'),(620064006,'PHYS2448'),(620064006,'MATH3209');
INSERT INTO Users VALUES (620064007,'Linda','Merna','LindaMerna@gmail.com','MernaLinda');
INSERT INTO Students VALUES (620064007,'UNDERGRAD','01-01-2020');
INSERT INTO Enrolled (u_id,courseCode) VALUES (620064007,'ECON3989'),(620064007,'MATH3222'),(620064007,'PHYS1930'),(620064007,'INFO1648');
INSERT INTO Users VALUES (620064008,'Freddie','Wurdeman','FreddieWurdeman@gmail.com','WurdemanFreddie');
INSERT INTO Students VALUES (620064008,'UNDERGRAD','01-01-2020');
INSERT INTO Enrolled (u_id,courseCode) VALUES (620064008,'PHYS2306'),(620064008,'INFO2811'),(620064008,'PHYS3659');
INSERT INTO Users VALUES (620064009,'Adelia','Truong','AdeliaTruong@gmail.com','TruongAdelia');
INSERT INTO Students VALUES (620064009,'UNDERGRAD','01-01-2020');
INSERT INTO Enrolled (u_id,courseCode) VALUES (620064009,'BIOC1164'),(620064009,'CHEM1340'),(620064009,'PHYS2977'),(620064009,'COMP3047'),(620064009,'MATH3059'),(620064009,'BIOC1910');
INSERT INTO Users VALUES (620064010,'Clarence','Daniels','ClarenceDaniels@gmail.com','DanielsClarence');
INSERT INTO Students VALUES (620064010,'UNDERGRAD','01-01-2020');
INSERT INTO Enrolled (u_id,courseCode) VALUES (620064010,'CHEM1613'),(620064010,'CHEM2066'),(620064010,'CHEM3793');
INSERT INTO Users VALUES (620064011,'Shayne','Myrick','ShayneMyrick@gmail.com','MyrickShayne');
INSERT INTO Students VALUES (620064011,'UNDERGRAD','01-01-2020');
INSERT INTO Enrolled (u_id,courseCode) VALUES (620064011,'PHYS3290'),(620064011,'ECON1170'),(620064011,'ECON1458'),(620064011,'BIOC1485'),(620064011,'INFO3868');
INSERT INTO Users VALUES (620064012,'Joan','Culpepper','JoanCulpepper@gmail.com','CulpepperJoan');
INSERT INTO Students VALUES (620064012,'UNDERGRAD','01-01-2020');
INSERT INTO Enrolled (u_id,courseCode) VALUES (620064012,'INFO2147'),(620064012,'CHEM2031'),(620064012,'CHEM1340'),(620064012,'PHYS2238'),(620064012,'COMP2361');
INSERT INTO Users VALUES (620064013,'Jesus','Wurdeman','JesusWurdeman@gmail.com','WurdemanJesus');
INSERT INTO Students VALUES (620064013,'UNDERGRAD','01-01-2020');
INSERT INTO Enrolled (u_id,courseCode) VALUES (620064013,'INFO2521'),(620064013,'INFO2950'),(620064013,'ECON3228'),(620064013,'PHYS1930');
INSERT INTO Users VALUES (620064014,'Kathleen','Brown','KathleenBrown@gmail.com','BrownKathleen');
INSERT INTO Students VALUES (620064014,'UNDERGRAD','01-01-2020');
INSERT INTO Enrolled (u_id,courseCode) VALUES (620064014,'MATH1148'),(620064014,'CHEM2446'),(620064014,'PHYS2448');
INSERT INTO Users VALUES (620064015,'Lois','Watson','LoisWatson@gmail.com','WatsonLois');
INSERT INTO Students VALUES (620064015,'UNDERGRAD','01-01-2020');
INSERT INTO Enrolled (u_id,courseCode) VALUES (620064015,'PHYS1399'),(620064015,'BIOC2550'),(620064015,'MATH3222'),(620064015,'PHYS1173');
INSERT INTO Users VALUES (620064016,'Mark','Lorenz','MarkLorenz@gmail.com','LorenzMark');
INSERT INTO Students VALUES (620064016,'UNDERGRAD','01-01-2020');
INSERT INTO Enrolled (u_id,courseCode) VALUES (620064016,'INFO3603'),(620064016,'CHEM3888'),(620064016,'COMP2077');
INSERT INTO Users VALUES (620064017,'Bobby','Gaffney','BobbyGaffney@gmail.com','GaffneyBobby');
INSERT INTO Students VALUES (620064017,'UNDERGRAD','01-01-2020');
INSERT INTO Enrolled (u_id,courseCode) VALUES (620064017,'BIOC1986'),(620064017,'COMP2361'),(620064017,'INFO2521'),(620064017,'CHEM2220'),(620064017,'PHYS2563');
INSERT INTO Users VALUES (620064018,'Jamison','Flowers','JamisonFlowers@gmail.com','FlowersJamison');
INSERT INTO Students VALUES (620064018,'UNDERGRAD','01-01-2020');
INSERT INTO Enrolled (u_id,courseCode) VALUES (620064018,'INFO1242'),(620064018,'INFO2270'),(620064018,'ECON3004'),(620064018,'INFO2860');
INSERT INTO Users VALUES (620064019,'Juan','Luper','JuanLuper@gmail.com','LuperJuan');
INSERT INTO Students VALUES (620064019,'UNDERGRAD','01-01-2020');
INSERT INTO Enrolled (u_id,courseCode) VALUES (620064019,'PHYS3787'),(620064019,'COMP1460'),(620064019,'CHEM2220'),(620064019,'MATH2555'),(620064019,'ECON1498');
INSERT INTO Users VALUES (620064020,'George','James','GeorgeJames@gmail.com','JamesGeorge');
INSERT INTO Students VALUES (620064020,'UNDERGRAD','01-01-2020');
INSERT INTO Enrolled (u_id,courseCode) VALUES (620064020,'CHEM2031'),(620064020,'CHEM3614'),(620064020,'BIOC1986'),(620064020,'ECON1498');
INSERT INTO Users VALUES (620064021,'Erin','Prince','ErinPrince@gmail.com','PrinceErin');
INSERT INTO Students VALUES (620064021,'UNDERGRAD','01-01-2020');
INSERT INTO Enrolled (u_id,courseCode) VALUES (620064021,'INFO3935'),(620064021,'BIOC2550'),(620064021,'BIOC3191'),(620064021,'BIOC1534');
INSERT INTO Users VALUES (620064022,'Kurt','Figueroa','KurtFigueroa@gmail.com','FigueroaKurt');
INSERT INTO Students VALUES (620064022,'UNDERGRAD','01-01-2020');
INSERT INTO Enrolled (u_id,courseCode) VALUES (620064022,'BIOC3457'),(620064022,'BIOC2236'),(620064022,'BIOC1910'),(620064022,'CHEM3747'),(620064022,'BIOC1534');
INSERT INTO Users VALUES (620064023,'Roberta','Moldrem','RobertaMoldrem@gmail.com','MoldremRoberta');
INSERT INTO Students VALUES (620064023,'UNDERGRAD','01-01-2020');
INSERT INTO Enrolled (u_id,courseCode) VALUES (620064023,'INFO1648'),(620064023,'MATH3173'),(620064023,'ECON1498'),(620064023,'CHEM2797');
INSERT INTO Users VALUES (620064024,'Harold','Mccarthy','HaroldMccarthy@gmail.com','MccarthyHarold');
INSERT INTO Students VALUES (620064024,'UNDERGRAD','01-01-2020');
INSERT INTO Enrolled (u_id,courseCode) VALUES (620064024,'CHEM1807'),(620064024,'PHYS2113'),(620064024,'MATH3029'),(620064024,'COMP2361'),(620064024,'INFO1833'),(620064024,'ECON1458');
INSERT INTO Users VALUES (620064025,'Alfred','Campbell','AlfredCampbell@gmail.com','CampbellAlfred');
INSERT INTO Students VALUES (620064025,'UNDERGRAD','01-01-2020');
INSERT INTO Enrolled (u_id,courseCode) VALUES (620064025,'BIOC1794'),(620064025,'CHEM3614'),(620064025,'COMP1357'),(620064025,'INFO1288'),(620064025,'ECON3063'),(620064025,'PHYS1399');
INSERT INTO Users VALUES (620064026,'Shawn','Cummings','ShawnCummings@gmail.com','CummingsShawn');
INSERT INTO Students VALUES (620064026,'UNDERGRAD','01-01-2020');
INSERT INTO Enrolled (u_id,courseCode) VALUES (620064026,'BIOC3604'),(620064026,'INFO1014'),(620064026,'PHYS1993'),(620064026,'CHEM3614'),(620064026,'PHYS3052'),(620064026,'INFO2716');
INSERT INTO Users VALUES (620064027,'Colin','Vanhamlin','ColinVanhamlin@gmail.com','VanhamlinColin');
INSERT INTO Students VALUES (620064027,'UNDERGRAD','01-01-2020');
INSERT INTO Enrolled (u_id,courseCode) VALUES (620064027,'COMP3685'),(620064027,'BIOC1910'),(620064027,'COMP3418'),(620064027,'ECON1783'),(620064027,'COMP1543');
INSERT INTO Users VALUES (620064028,'Marjorie','Heckstall','MarjorieHeckstall@gmail.com','HeckstallMarjorie');
INSERT INTO Students VALUES (620064028,'UNDERGRAD','01-01-2020');
INSERT INTO Enrolled (u_id,courseCode) VALUES (620064028,'MATH1648'),(620064028,'ECON2814'),(620064028,'BIOC1448');
INSERT INTO Users VALUES (620064029,'Sergio','Shani','SergioShani@gmail.com','ShaniSergio');
INSERT INTO Students VALUES (620064029,'UNDERGRAD','01-01-2020');
INSERT INTO Enrolled (u_id,courseCode) VALUES (620064029,'ECON2387'),(620064029,'ECON1561'),(620064029,'MATH2555'),(620064029,'PHYS2113');
INSERT INTO Users VALUES (620064030,'Betty','Dohse','BettyDohse@gmail.com','DohseBetty');
INSERT INTO Students VALUES (620064030,'UNDERGRAD','01-01-2020');
INSERT INTO Enrolled (u_id,courseCode) VALUES (620064030,'CHEM1340'),(620064030,'MATH1309'),(620064030,'BIOC1534');
INSERT INTO Users VALUES (620064031,'Suzanne','Charland','SuzanneCharland@gmail.com','CharlandSuzanne');
INSERT INTO Students VALUES (620064031,'UNDERGRAD','01-01-2020');
INSERT INTO Enrolled (u_id,courseCode) VALUES (620064031,'INFO2716'),(620064031,'COMP2361'),(620064031,'INFO1447'),(620064031,'PHYS1140'),(620064031,'COMP3746');
INSERT INTO Users VALUES (620064032,'Esmeralda','Lundholm','EsmeraldaLundholm@gmail.com','LundholmEsmeralda');
INSERT INTO Students VALUES (620064032,'UNDERGRAD','01-01-2020');
INSERT INTO Enrolled (u_id,courseCode) VALUES (620064032,'INFO3636'),(620064032,'BIOC3191'),(620064032,'BIOC2550'),(620064032,'INFO2860'),(620064032,'BIOC1910');
INSERT INTO Users VALUES (620064033,'Sarah','Gillis','SarahGillis@gmail.com','GillisSarah');
INSERT INTO Students VALUES (620064033,'UNDERGRAD','01-01-2020');
INSERT INTO Enrolled (u_id,courseCode) VALUES (620064033,'INFO1990'),(620064033,'MATH3173'),(620064033,'COMP2400');
INSERT INTO Users VALUES (620064034,'Dwayne','Waugh','DwayneWaugh@gmail.com','WaughDwayne');
INSERT INTO Students VALUES (620064034,'UNDERGRAD','01-01-2020');
INSERT INTO Enrolled (u_id,courseCode) VALUES (620064034,'PHYS1930'),(620064034,'COMP3084'),(620064034,'ECON2703'),(620064034,'INFO2716');
INSERT INTO Users VALUES (620064035,'Kathleen','Hunt','KathleenHunt@gmail.com','HuntKathleen');
INSERT INTO Students VALUES (620064035,'UNDERGRAD','01-01-2020');
INSERT INTO Enrolled (u_id,courseCode) VALUES (620064035,'ECON3447'),(620064035,'CHEM3617'),(620064035,'CHEM1494'),(620064035,'ECON3276'),(620064035,'MATH1735'),(620064035,'BIOC2054');
INSERT INTO Users VALUES (620064036,'Brooke','Knaub','BrookeKnaub@gmail.com','KnaubBrooke');
INSERT INTO Students VALUES (620064036,'UNDERGRAD','01-01-2020');
INSERT INTO Enrolled (u_id,courseCode) VALUES (620064036,'CHEM2177'),(620064036,'COMP3506'),(620064036,'MATH1972'),(620064036,'BIOC2589');
INSERT INTO Users VALUES (620064037,'Chris','Carlos','ChrisCarlos@gmail.com','CarlosChris');
INSERT INTO Students VALUES (620064037,'UNDERGRAD','01-01-2020');
INSERT INTO Enrolled (u_id,courseCode) VALUES (620064037,'ECON3020'),(620064037,'PHYS3659'),(620064037,'BIOC1866'),(620064037,'PHYS1979');
INSERT INTO Users VALUES (620064038,'Jeffrey','Mattingly','JeffreyMattingly@gmail.com','MattinglyJeffrey');
INSERT INTO Students VALUES (620064038,'UNDERGRAD','01-01-2020');
INSERT INTO Enrolled (u_id,courseCode) VALUES (620064038,'CHEM2065'),(620064038,'ECON3372'),(620064038,'MATH2067'),(620064038,'PHYS2977'),(620064038,'COMP3238');
INSERT INTO Users VALUES (620064039,'Maria','Robinson','MariaRobinson@gmail.com','RobinsonMaria');
INSERT INTO Students VALUES (620064039,'UNDERGRAD','01-01-2020');
INSERT INTO Enrolled (u_id,courseCode) VALUES (620064039,'COMP3418'),(620064039,'INFO2337'),(620064039,'BIOC1439'),(620064039,'BIOC3721'),(620064039,'CHEM2005'),(620064039,'ECON1458');
INSERT INTO Users VALUES (620064040,'Aaron','Waugh','AaronWaugh@gmail.com','WaughAaron');
INSERT INTO Students VALUES (620064040,'UNDERGRAD','01-01-2020');
INSERT INTO Enrolled (u_id,courseCode) VALUES (620064040,'CHEM3614'),(620064040,'BIOC3191'),(620064040,'CHEM1807'),(620064040,'MATH1638'),(620064040,'MATH3844');
INSERT INTO Users VALUES (620064041,'Lois','Carrington','LoisCarrington@gmail.com','CarringtonLois');
INSERT INTO Students VALUES (620064041,'UNDERGRAD','01-01-2020');
INSERT INTO Enrolled (u_id,courseCode) VALUES (620064041,'COMP3697'),(620064041,'ECON2387'),(620064041,'MATH2873'),(620064041,'CHEM2031'),(620064041,'COMP1460');
INSERT INTO Users VALUES (620064042,'Joy','Wood','JoyWood@gmail.com','WoodJoy');
INSERT INTO Students VALUES (620064042,'UNDERGRAD','01-01-2020');
INSERT INTO Enrolled (u_id,courseCode) VALUES (620064042,'PHYS2306'),(620064042,'MATH2957'),(620064042,'CHEM2177');
INSERT INTO Users VALUES (620064043,'Adelia','Krout','AdeliaKrout@gmail.com','KroutAdelia');
INSERT INTO Students VALUES (620064043,'UNDERGRAD','01-01-2020');
INSERT INTO Enrolled (u_id,courseCode) VALUES (620064043,'INFO2811'),(620064043,'MATH3209'),(620064043,'BIOC1104'),(620064043,'CHEM1613');
INSERT INTO Users VALUES (620064044,'Alfred','Jaworski','AlfredJaworski@gmail.com','JaworskiAlfred');
INSERT INTO Students VALUES (620064044,'UNDERGRAD','01-01-2020');
INSERT INTO Enrolled (u_id,courseCode) VALUES (620064044,'COMP3849'),(620064044,'PHYS1930'),(620064044,'MATH3179'),(620064044,'INFO1242');
INSERT INTO Users VALUES (620064045,'Holly','King','HollyKing@gmail.com','KingHolly');
INSERT INTO Students VALUES (620064045,'UNDERGRAD','01-01-2020');
INSERT INTO Enrolled (u_id,courseCode) VALUES (620064045,'CHEM3888'),(620064045,'CHEM1807'),(620064045,'CHEM3617'),(620064045,'COMP1184'),(620064045,'INFO2147'),(620064045,'COMP1460');
INSERT INTO Users VALUES (620064046,'Jeremy','Truitt','JeremyTruitt@gmail.com','TruittJeremy');
INSERT INTO Students VALUES (620064046,'UNDERGRAD','01-01-2020');
INSERT INTO Enrolled (u_id,courseCode) VALUES (620064046,'CHEM2797'),(620064046,'PHYS1140'),(620064046,'INFO2559'),(620064046,'MATH3173'),(620064046,'BIOC1986');
INSERT INTO Users VALUES (620064047,'Nan','Maione','NanMaione@gmail.com','MaioneNan');
INSERT INTO Students VALUES (620064047,'UNDERGRAD','01-01-2020');
INSERT INTO Enrolled (u_id,courseCode) VALUES (620064047,'CHEM1613'),(620064047,'BIOC2671'),(620064047,'BIOC1439'),(620064047,'BIOC1485'),(620064047,'ECON1561');
INSERT INTO Users VALUES (620064048,'William','Sandlin','WilliamSandlin@gmail.com','SandlinWilliam');
INSERT INTO Students VALUES (620064048,'UNDERGRAD','01-01-2020');
INSERT INTO Enrolled (u_id,courseCode) VALUES (620064048,'CHEM2177'),(620064048,'INFO3868'),(620064048,'PHYS3339'),(620064048,'BIOC2589');
INSERT INTO Users VALUES (620064049,'Tanya','Hernandez','TanyaHernandez@gmail.com','HernandezTanya');
INSERT INTO Students VALUES (620064049,'UNDERGRAD','01-01-2020');
INSERT INTO Enrolled (u_id,courseCode) VALUES (620064049,'BIOC1744'),(620064049,'CHEM1494'),(620064049,'INFO1014'),(620064049,'INFO2521');
INSERT INTO Users VALUES (620064050,'Greg','Robles','GregRobles@gmail.com','RoblesGreg');
INSERT INTO Students VALUES (620064050,'UNDERGRAD','01-01-2020');
INSERT INTO Enrolled (u_id,courseCode) VALUES (620064050,'CHEM1613'),(620064050,'BIOC2589'),(620064050,'MATH2501');
INSERT INTO Users VALUES (620064051,'Daniel','Maione','DanielMaione@gmail.com','MaioneDaniel');
INSERT INTO Students VALUES (620064051,'UNDERGRAD','01-01-2020');
INSERT INTO Enrolled (u_id,courseCode) VALUES (620064051,'CHEM2066'),(620064051,'ECON3004'),(620064051,'BIOC3230'),(620064051,'CHEM2005'),(620064051,'COMP3047'),(620064051,'ECON1012');
INSERT INTO Users VALUES (620064052,'Willie','Laramee','WillieLaramee@gmail.com','LarameeWillie');
INSERT INTO Students VALUES (620064052,'UNDERGRAD','01-01-2020');
INSERT INTO Enrolled (u_id,courseCode) VALUES (620064052,'PHYS1173'),(620064052,'MATH1972'),(620064052,'COMP3047'),(620064052,'ECON2722');
INSERT INTO Users VALUES (620064053,'Gabriel','Pelletier','GabrielPelletier@gmail.com','PelletierGabriel');
INSERT INTO Students VALUES (620064053,'UNDERGRAD','01-01-2020');
INSERT INTO Enrolled (u_id,courseCode) VALUES (620064053,'ECON2814'),(620064053,'BIOC3457'),(620064053,'MATH2067'),(620064053,'BIOC1725'),(620064053,'BIOC3341');
INSERT INTO Users VALUES (620064054,'Francisca','Flowers','FranciscaFlowers@gmail.com','FlowersFrancisca');
INSERT INTO Students VALUES (620064054,'UNDERGRAD','01-01-2020');
INSERT INTO Enrolled (u_id,courseCode) VALUES (620064054,'INFO1242'),(620064054,'COMP3849'),(620064054,'COMP3746'),(620064054,'MATH1648');
INSERT INTO Users VALUES (620064055,'Rhonda','Garnes','RhondaGarnes@gmail.com','GarnesRhonda');
INSERT INTO Students VALUES (620064055,'UNDERGRAD','01-01-2020');
INSERT INTO Enrolled (u_id,courseCode) VALUES (620064055,'PHYS2117'),(620064055,'BIOC1485'),(620064055,'CHEM3617'),(620064055,'INFO1825');
INSERT INTO Users VALUES (620064056,'Tracy','Rios','TracyRios@gmail.com','RiosTracy');
INSERT INTO Students VALUES (620064056,'UNDERGRAD','01-01-2020');
INSERT INTO Enrolled (u_id,courseCode) VALUES (620064056,'PHYS3787'),(620064056,'PHYS1930'),(620064056,'COMP3418');
INSERT INTO Users VALUES (620064057,'Melanie','Robertson','MelanieRobertson@gmail.com','RobertsonMelanie');
INSERT INTO Students VALUES (620064057,'UNDERGRAD','01-01-2020');
INSERT INTO Enrolled (u_id,courseCode) VALUES (620064057,'BIOC1744'),(620064057,'INFO2813'),(620064057,'PHYS2306'),(620064057,'BIOC2981');
INSERT INTO Users VALUES (620064058,'Aaron','Kimbrell','AaronKimbrell@gmail.com','KimbrellAaron');
INSERT INTO Students VALUES (620064058,'UNDERGRAD','01-01-2020');
INSERT INTO Enrolled (u_id,courseCode) VALUES (620064058,'INFO1648'),(620064058,'PHYS3659'),(620064058,'ECON1645'),(620064058,'ECON1996'),(620064058,'PHYS2306');
INSERT INTO Users VALUES (620064059,'Stacy','Gilman','StacyGilman@gmail.com','GilmanStacy');
INSERT INTO Students VALUES (620064059,'UNDERGRAD','01-01-2020');
INSERT INTO Enrolled (u_id,courseCode) VALUES (620064059,'INFO2213'),(620064059,'CHEM3054'),(620064059,'PHYS1930'),(620064059,'MATH2801'),(620064059,'BIOC1439'),(620064059,'BIOC1598');
INSERT INTO Users VALUES (620064060,'Frankie','Crites','FrankieCrites@gmail.com','CritesFrankie');
INSERT INTO Students VALUES (620064060,'UNDERGRAD','01-01-2020');
INSERT INTO Enrolled (u_id,courseCode) VALUES (620064060,'INFO2813'),(620064060,'INFO3868'),(620064060,'ECON3550');
INSERT INTO Users VALUES (620064061,'Maria','Orchard','MariaOrchard@gmail.com','OrchardMaria');
INSERT INTO Students VALUES (620064061,'UNDERGRAD','01-01-2020');
INSERT INTO Enrolled (u_id,courseCode) VALUES (620064061,'PHYS3339'),(620064061,'CHEM2867'),(620064061,'CHEM2727');
INSERT INTO Users VALUES (620064062,'Benjamin','Wood','BenjaminWood@gmail.com','WoodBenjamin');
INSERT INTO Students VALUES (620064062,'UNDERGRAD','01-01-2020');
INSERT INTO Enrolled (u_id,courseCode) VALUES (620064062,'CHEM2065'),(620064062,'COMP3536'),(620064062,'BIOC3721'),(620064062,'BIOC1164');
INSERT INTO Users VALUES (620064063,'Leo','Decker','LeoDecker@gmail.com','DeckerLeo');
INSERT INTO Students VALUES (620064063,'UNDERGRAD','01-01-2020');
INSERT INTO Enrolled (u_id,courseCode) VALUES (620064063,'MATH1972'),(620064063,'COMP1051'),(620064063,'MATH1578'),(620064063,'COMP2361'),(620064063,'CHEM2177'),(620064063,'MATH1148');
INSERT INTO Users VALUES (620064064,'Jeanna','Deen','JeannaDeen@gmail.com','DeenJeanna');
INSERT INTO Students VALUES (620064064,'UNDERGRAD','01-01-2020');
INSERT INTO Enrolled (u_id,courseCode) VALUES (620064064,'ECON3550'),(620064064,'COMP2080'),(620064064,'CHEM1485'),(620064064,'BIOC1725'),(620064064,'INFO2860');
INSERT INTO Users VALUES (620064065,'Louise','Carlson','LouiseCarlson@gmail.com','CarlsonLouise');
INSERT INTO Students VALUES (620064065,'UNDERGRAD','01-01-2020');
INSERT INTO Enrolled (u_id,courseCode) VALUES (620064065,'MATH3173'),(620064065,'CHEM2867'),(620064065,'MATH1309');
INSERT INTO Users VALUES (620064066,'Wendell','Hernandez','WendellHernandez@gmail.com','HernandezWendell');
INSERT INTO Students VALUES (620064066,'UNDERGRAD','01-01-2020');
INSERT INTO Enrolled (u_id,courseCode) VALUES (620064066,'CHEM2066'),(620064066,'BIOC1986'),(620064066,'BIOC1794'),(620064066,'PHYS3354'),(620064066,'INFO2559'),(620064066,'ECON2387');
INSERT INTO Users VALUES (620064067,'Diane','Carlson','DianeCarlson@gmail.com','CarlsonDiane');
INSERT INTO Students VALUES (620064067,'UNDERGRAD','01-01-2020');
INSERT INTO Enrolled (u_id,courseCode) VALUES (620064067,'BIOC1485'),(620064067,'MATH2957'),(620064067,'CHEM3409');
INSERT INTO Users VALUES (620064068,'Dwight','Barnett','DwightBarnett@gmail.com','BarnettDwight');
INSERT INTO Students VALUES (620064068,'UNDERGRAD','01-01-2020');
INSERT INTO Enrolled (u_id,courseCode) VALUES (620064068,'PHYS2563'),(620064068,'ECON2345'),(620064068,'INFO2270');
INSERT INTO Users VALUES (620064069,'Allison','Terry','AllisonTerry@gmail.com','TerryAllison');
INSERT INTO Students VALUES (620064069,'UNDERGRAD','01-01-2020');
INSERT INTO Enrolled (u_id,courseCode) VALUES (620064069,'MATH1262'),(620064069,'CHEM3793'),(620064069,'PHYS2229'),(620064069,'MATH1454');
INSERT INTO Users VALUES (620064070,'William','Gilman','WilliamGilman@gmail.com','GilmanWilliam');
INSERT INTO Students VALUES (620064070,'UNDERGRAD','01-01-2020');
INSERT INTO Enrolled (u_id,courseCode) VALUES (620064070,'COMP2077'),(620064070,'CHEM3617'),(620064070,'PHYS2563'),(620064070,'ECON3447');
INSERT INTO Users VALUES (620064071,'Peggy','Mance','PeggyMance@gmail.com','MancePeggy');
INSERT INTO Students VALUES (620064071,'UNDERGRAD','01-01-2020');
INSERT INTO Enrolled (u_id,courseCode) VALUES (620064071,'MATH3613'),(620064071,'MATH1648'),(620064071,'CHEM2727'),(620064071,'INFO1014'),(620064071,'ECON1645');
INSERT INTO Users VALUES (620064072,'Carrie','Swan','CarrieSwan@gmail.com','SwanCarrie');
INSERT INTO Students VALUES (620064072,'UNDERGRAD','01-01-2020');
INSERT INTO Enrolled (u_id,courseCode) VALUES (620064072,'ECON3085'),(620064072,'MATH1578'),(620064072,'COMP3238'),(620064072,'ECON1458'),(620064072,'BIOC1534');
INSERT INTO Users VALUES (620064073,'Katherine','Kenney','KatherineKenney@gmail.com','KenneyKatherine');
INSERT INTO Students VALUES (620064073,'UNDERGRAD','01-01-2020');
INSERT INTO Enrolled (u_id,courseCode) VALUES (620064073,'BIOC2671'),(620064073,'MATH3059'),(620064073,'INFO2950');
INSERT INTO Users VALUES (620064074,'Dennis','Hart','DennisHart@gmail.com','HartDennis');
INSERT INTO Students VALUES (620064074,'UNDERGRAD','01-01-2020');
INSERT INTO Enrolled (u_id,courseCode) VALUES (620064074,'COMP3047'),(620064074,'COMP1543'),(620064074,'BIOC2983'),(620064074,'ECON1498'),(620064074,'COMP2651'),(620064074,'BIOC2236');
INSERT INTO Users VALUES (620064075,'Joe','Larry','JoeLarry@gmail.com','LarryJoe');
INSERT INTO Students VALUES (620064075,'UNDERGRAD','01-01-2020');
INSERT INTO Enrolled (u_id,courseCode) VALUES (620064075,'INFO1648'),(620064075,'MATH3173'),(620064075,'ECON1012'),(620064075,'MATH2501');
INSERT INTO Users VALUES (620064076,'Juan','Brickey','JuanBrickey@gmail.com','BrickeyJuan');
INSERT INTO Students VALUES (620064076,'UNDERGRAD','01-01-2020');
INSERT INTO Enrolled (u_id,courseCode) VALUES (620064076,'PHYS2117'),(620064076,'BIOC1794'),(620064076,'MATH2555'),(620064076,'COMP3506'),(620064076,'CHEM2446'),(620064076,'PHYS3354');
INSERT INTO Users VALUES (620064077,'Daniel','Decker','DanielDecker@gmail.com','DeckerDaniel');
INSERT INTO Students VALUES (620064077,'UNDERGRAD','01-01-2020');
INSERT INTO Enrolled (u_id,courseCode) VALUES (620064077,'ECON2814'),(620064077,'INFO1990'),(620064077,'CHEM2031'),(620064077,'CHEM1613');
INSERT INTO Users VALUES (620064078,'Shannon','Tate','ShannonTate@gmail.com','TateShannon');
INSERT INTO Students VALUES (620064078,'UNDERGRAD','01-01-2020');
INSERT INTO Enrolled (u_id,courseCode) VALUES (620064078,'CHEM3347'),(620064078,'ECON3550'),(620064078,'INFO2813'),(620064078,'BIOC3721'),(620064078,'BIOC1104');
INSERT INTO Users VALUES (620064079,'Sadie','Pere','SadiePere@gmail.com','PereSadie');
INSERT INTO Students VALUES (620064079,'UNDERGRAD','01-01-2020');
INSERT INTO Enrolled (u_id,courseCode) VALUES (620064079,'INFO2147'),(620064079,'COMP3418'),(620064079,'MATH1250'),(620064079,'MATH2873'),(620064079,'ECON3737');
INSERT INTO Users VALUES (620064080,'Colin','Wilbanks','ColinWilbanks@gmail.com','WilbanksColin');
INSERT INTO Students VALUES (620064080,'UNDERGRAD','01-01-2020');
INSERT INTO Enrolled (u_id,courseCode) VALUES (620064080,'INFO3935'),(620064080,'PHYS2113'),(620064080,'PHYS2229');
INSERT INTO Users VALUES (620064081,'Vickie','May','VickieMay@gmail.com','MayVickie');
INSERT INTO Students VALUES (620064081,'UNDERGRAD','01-01-2020');
INSERT INTO Enrolled (u_id,courseCode) VALUES (620064081,'CHEM3793'),(620064081,'MATH2717'),(620064081,'COMP3238'),(620064081,'COMP2080'),(620064081,'CHEM2797'),(620064081,'PHYS2238');
INSERT INTO Users VALUES (620064082,'Juanita','Lamar','JuanitaLamar@gmail.com','LamarJuanita');
INSERT INTO Students VALUES (620064082,'UNDERGRAD','01-01-2020');
INSERT INTO Enrolled (u_id,courseCode) VALUES (620064082,'PHYS3787'),(620064082,'ECON3281'),(620064082,'ECON1098'),(620064082,'ECON3085');
INSERT INTO Users VALUES (620064083,'Tia','Lyford','TiaLyford@gmail.com','LyfordTia');
INSERT INTO Students VALUES (620064083,'UNDERGRAD','01-01-2020');
INSERT INTO Enrolled (u_id,courseCode) VALUES (620064083,'MATH3209'),(620064083,'BIOC1744'),(620064083,'COMP2651'),(620064083,'PHYS1930'),(620064083,'ECON2814'),(620064083,'INFO1825');
INSERT INTO Users VALUES (620064084,'Bryan','Eaton','BryanEaton@gmail.com','EatonBryan');
INSERT INTO Students VALUES (620064084,'UNDERGRAD','01-01-2020');
INSERT INTO Enrolled (u_id,courseCode) VALUES (620064084,'BIOC1439'),(620064084,'PHYS3787'),(620064084,'ECON3989'),(620064084,'MATH3179'),(620064084,'PHYS3686');
INSERT INTO Users VALUES (620064085,'Alvin','Jefferson','AlvinJefferson@gmail.com','JeffersonAlvin');
INSERT INTO Students VALUES (620064085,'UNDERGRAD','01-01-2020');
INSERT INTO Enrolled (u_id,courseCode) VALUES (620064085,'CHEM2797'),(620064085,'CHEM2065'),(620064085,'COMP1460'),(620064085,'CHEM2481'),(620064085,'INFO1242');
INSERT INTO Users VALUES (620064086,'Teresa','Winner','TeresaWinner@gmail.com','WinnerTeresa');
INSERT INTO Students VALUES (620064086,'UNDERGRAD','01-01-2020');
INSERT INTO Enrolled (u_id,courseCode) VALUES (620064086,'ECON1589'),(620064086,'MATH2801'),(620064086,'PHYS2448');
INSERT INTO Users VALUES (620064087,'Madaline','James','MadalineJames@gmail.com','JamesMadaline');
INSERT INTO Students VALUES (620064087,'UNDERGRAD','01-01-2020');
INSERT INTO Enrolled (u_id,courseCode) VALUES (620064087,'PHYS2113'),(620064087,'INFO1242'),(620064087,'ECON3447'),(620064087,'INFO2147');
INSERT INTO Users VALUES (620064088,'Nina','Garnes','NinaGarnes@gmail.com','GarnesNina');
INSERT INTO Students VALUES (620064088,'UNDERGRAD','01-01-2020');
INSERT INTO Enrolled (u_id,courseCode) VALUES (620064088,'CHEM2066'),(620064088,'PHYS2451'),(620064088,'INFO1288'),(620064088,'ECON3276'),(620064088,'CHEM2220'),(620064088,'MATH3844');
INSERT INTO Users VALUES (620064089,'Juanita','Laramee','JuanitaLaramee@gmail.com','LarameeJuanita');
INSERT INTO Students VALUES (620064089,'UNDERGRAD','01-01-2020');
INSERT INTO Enrolled (u_id,courseCode) VALUES (620064089,'INFO1242'),(620064089,'INFO2716'),(620064089,'MATH1148'),(620064089,'BIOC2236'),(620064089,'COMP3173');
INSERT INTO Users VALUES (620064090,'Dorothy','Guidry','DorothyGuidry@gmail.com','GuidryDorothy');
INSERT INTO Students VALUES (620064090,'UNDERGRAD','01-01-2020');
INSERT INTO Enrolled (u_id,courseCode) VALUES (620064090,'CHEM3793'),(620064090,'INFO3868'),(620064090,'INFO3935'),(620064090,'PHYS3354'),(620064090,'PHYS3339'),(620064090,'INFO2559');
INSERT INTO Users VALUES (620064091,'Homer','Briggs','HomerBriggs@gmail.com','BriggsHomer');
INSERT INTO Students VALUES (620064091,'UNDERGRAD','01-01-2020');
INSERT INTO Enrolled (u_id,courseCode) VALUES (620064091,'COMP2080'),(620064091,'CHEM2867'),(620064091,'ECON1645'),(620064091,'ECON1996');
INSERT INTO Users VALUES (620064092,'Scott','Calvert','ScottCalvert@gmail.com','CalvertScott');
INSERT INTO Students VALUES (620064092,'UNDERGRAD','01-01-2020');
INSERT INTO Enrolled (u_id,courseCode) VALUES (620064092,'PHYS1979'),(620064092,'ECON3085'),(620064092,'COMP1867'),(620064092,'MATH2957');
INSERT INTO Users VALUES (620064093,'Flora','Jesse','FloraJesse@gmail.com','JesseFlora');
INSERT INTO Students VALUES (620064093,'UNDERGRAD','01-01-2020');
INSERT INTO Enrolled (u_id,courseCode) VALUES (620064093,'CHEM2697'),(620064093,'PHYS3686'),(620064093,'COMP3506'),(620064093,'CHEM3409');
INSERT INTO Users VALUES (620064094,'Nathan','Petersen','NathanPetersen@gmail.com','PetersenNathan');
INSERT INTO Students VALUES (620064094,'UNDERGRAD','01-01-2020');
INSERT INTO Enrolled (u_id,courseCode) VALUES (620064094,'BIOC1534'),(620064094,'CHEM2727'),(620064094,'MATH1578'),(620064094,'PHYS3464'),(620064094,'ECON3989');
INSERT INTO Users VALUES (620064095,'Antwan','Vineyard','AntwanVineyard@gmail.com','VineyardAntwan');
INSERT INTO Students VALUES (620064095,'UNDERGRAD','01-01-2020');
INSERT INTO Enrolled (u_id,courseCode) VALUES (620064095,'COMP2400'),(620064095,'MATH3857'),(620064095,'MATH1148'),(620064095,'ECON1458');
INSERT INTO Users VALUES (620064096,'Juan','Robles','JuanRobles@gmail.com','RoblesJuan');
INSERT INTO Students VALUES (620064096,'UNDERGRAD','01-01-2020');
INSERT INTO Enrolled (u_id,courseCode) VALUES (620064096,'MATH3844'),(620064096,'CHEM2005'),(620064096,'INFO2521'),(620064096,'INFO3419'),(620064096,'COMP3685'),(620064096,'PHYS2113');
INSERT INTO Users VALUES (620064097,'Deanna','Sultzer','DeannaSultzer@gmail.com','SultzerDeanna');
INSERT INTO Students VALUES (620064097,'UNDERGRAD','01-01-2020');
INSERT INTO Enrolled (u_id,courseCode) VALUES (620064097,'BIOC2236'),(620064097,'COMP1051'),(620064097,'MATH2801'),(620064097,'ECON3989'),(620064097,'MATH3029');
INSERT INTO Users VALUES (620064098,'Jonathan','Eaton','JonathanEaton@gmail.com','EatonJonathan');
INSERT INTO Students VALUES (620064098,'UNDERGRAD','01-01-2020');
INSERT INTO Enrolled (u_id,courseCode) VALUES (620064098,'COMP2361'),(620064098,'INFO2521'),(620064098,'INFO2716'),(620064098,'MATH1972'),(620064098,'ECON3085'),(620064098,'PHYS1993');
INSERT INTO Users VALUES (620064099,'Madaline','Phinney','MadalinePhinney@gmail.com','PhinneyMadaline');
INSERT INTO Students VALUES (620064099,'UNDERGRAD','01-01-2020');
INSERT INTO Enrolled (u_id,courseCode) VALUES (620064099,'PHYS1140'),(620064099,'INFO1242'),(620064099,'MATH3173'),(620064099,'COMP2651');
INSERT INTO Users VALUES (620064100,'Nicholas','Allen','NicholasAllen@gmail.com','AllenNicholas');
INSERT INTO Students VALUES (620064100,'UNDERGRAD','01-01-2020');
INSERT INTO Enrolled (u_id,courseCode) VALUES (620064100,'MATH2555'),(620064100,'ECON1458'),(620064100,'BIOC2671'),(620064100,'INFO1447');
INSERT INTO Users VALUES (620064101,'Catherine','Watson','CatherineWatson@gmail.com','WatsonCatherine');
INSERT INTO Students VALUES (620064101,'UNDERGRAD','01-01-2020');
INSERT INTO Enrolled (u_id,courseCode) VALUES (620064101,'ECON3085'),(620064101,'ECON1098'),(620064101,'COMP2361'),(620064101,'MATH2555');
INSERT INTO Users VALUES (620064102,'Michelle','Mattingly','MichelleMattingly@gmail.com','MattinglyMichelle');
INSERT INTO Students VALUES (620064102,'UNDERGRAD','01-01-2020');
INSERT INTO Enrolled (u_id,courseCode) VALUES (620064102,'CHEM3054'),(620064102,'PHYS2448'),(620064102,'INFO3868');
INSERT INTO Users VALUES (620064103,'Leticia','Orchard','LeticiaOrchard@gmail.com','OrchardLeticia');
INSERT INTO Students VALUES (620064103,'UNDERGRAD','01-01-2020');
INSERT INTO Enrolled (u_id,courseCode) VALUES (620064103,'INFO3868'),(620064103,'INFO1648'),(620064103,'MATH1309'),(620064103,'COMP2400'),(620064103,'PHYS1140');
INSERT INTO Users VALUES (620064104,'Gordon','Mchenry','GordonMchenry@gmail.com','MchenryGordon');
INSERT INTO Students VALUES (620064104,'UNDERGRAD','01-01-2020');
INSERT INTO Enrolled (u_id,courseCode) VALUES (620064104,'CHEM2867'),(620064104,'MATH1972'),(620064104,'BIOC3230'),(620064104,'INFO2559');
INSERT INTO Users VALUES (620064105,'Paul','Walker','PaulWalker@gmail.com','WalkerPaul');
INSERT INTO Students VALUES (620064105,'UNDERGRAD','01-01-2020');
INSERT INTO Enrolled (u_id,courseCode) VALUES (620064105,'BIOC2550'),(620064105,'CHEM1807'),(620064105,'PHYS3290');
INSERT INTO Users VALUES (620064106,'Glenda','Hanks','GlendaHanks@gmail.com','HanksGlenda');
INSERT INTO Students VALUES (620064106,'UNDERGRAD','01-01-2020');
INSERT INTO Enrolled (u_id,courseCode) VALUES (620064106,'COMP3084'),(620064106,'CHEM2481'),(620064106,'COMP3238'),(620064106,'PHYS1173'),(620064106,'CHEM3793');
INSERT INTO Users VALUES (620064107,'Roger','Flemming','RogerFlemming@gmail.com','FlemmingRoger');
INSERT INTO Students VALUES (620064107,'UNDERGRAD','01-01-2020');
INSERT INTO Enrolled (u_id,courseCode) VALUES (620064107,'PHYS3659'),(620064107,'COMP3084'),(620064107,'MATH1578'),(620064107,'BIOC3191'),(620064107,'BIOC3457'),(620064107,'INFO2147');
INSERT INTO Users VALUES (620064108,'Francis','Mejias','FrancisMejias@gmail.com','MejiasFrancis');
INSERT INTO Students VALUES (620064108,'UNDERGRAD','01-01-2020');
INSERT INTO Enrolled (u_id,courseCode) VALUES (620064108,'COMP1051'),(620064108,'COMP2080'),(620064108,'PHYS3354'),(620064108,'INFO2270'),(620064108,'BIOC3604');
INSERT INTO Users VALUES (620064109,'Katherine','Mccarthy','KatherineMccarthy@gmail.com','MccarthyKatherine');
INSERT INTO Students VALUES (620064109,'UNDERGRAD','01-01-2020');
INSERT INTO Enrolled (u_id,courseCode) VALUES (620064109,'MATH1578'),(620064109,'PHYS3052'),(620064109,'INFO2813'),(620064109,'MATH3613');
INSERT INTO Users VALUES (620064110,'Josh','Baptiste','JoshBaptiste@gmail.com','BaptisteJosh');
INSERT INTO Students VALUES (620064110,'UNDERGRAD','01-01-2020');
INSERT INTO Enrolled (u_id,courseCode) VALUES (620064110,'COMP3238'),(620064110,'MATH2957'),(620064110,'CHEM1807'),(620064110,'PHYS1140'),(620064110,'COMP3685'),(620064110,'CHEM2697');
INSERT INTO Users VALUES (620064111,'Beverly','Garrett','BeverlyGarrett@gmail.com','GarrettBeverly');
INSERT INTO Students VALUES (620064111,'UNDERGRAD','01-01-2020');
INSERT INTO Enrolled (u_id,courseCode) VALUES (620064111,'MATH3179'),(620064111,'MATH3222'),(620064111,'CHEM3347'),(620064111,'ECON1996'),(620064111,'MATH2957'),(620064111,'CHEM1485');
INSERT INTO Users VALUES (620064112,'Sadie','Luper','SadieLuper@gmail.com','LuperSadie');
INSERT INTO Students VALUES (620064112,'UNDERGRAD','01-01-2020');
INSERT INTO Enrolled (u_id,courseCode) VALUES (620064112,'ECON3020'),(620064112,'PHYS3290'),(620064112,'CHEM2867'),(620064112,'INFO1648'),(620064112,'CHEM3747');
INSERT INTO Users VALUES (620064113,'Neal','Nunn','NealNunn@gmail.com','NunnNeal');
INSERT INTO Students VALUES (620064113,'UNDERGRAD','01-01-2020');
INSERT INTO Enrolled (u_id,courseCode) VALUES (620064113,'MATH2957'),(620064113,'CHEM2031'),(620064113,'COMP2717'),(620064113,'MATH3209'),(620064113,'PHYS2238');
INSERT INTO Users VALUES (620064114,'Deborah','Shani','DeborahShani@gmail.com','ShaniDeborah');
INSERT INTO Students VALUES (620064114,'UNDERGRAD','01-01-2020');
INSERT INTO Enrolled (u_id,courseCode) VALUES (620064114,'CHEM2149'),(620064114,'ECON3737'),(620064114,'MATH1972'),(620064114,'PHYS1979');
INSERT INTO Users VALUES (620064115,'Edna','Bordelon','EdnaBordelon@gmail.com','BordelonEdna');
INSERT INTO Students VALUES (620064115,'UNDERGRAD','01-01-2020');
INSERT INTO Enrolled (u_id,courseCode) VALUES (620064115,'PHYS3686'),(620064115,'COMP3536'),(620064115,'ECON3063'),(620064115,'PHYS3290'),(620064115,'COMP3238');
INSERT INTO Users VALUES (620064116,'Sergio','Duffie','SergioDuffie@gmail.com','DuffieSergio');
INSERT INTO Students VALUES (620064116,'UNDERGRAD','01-01-2020');
INSERT INTO Enrolled (u_id,courseCode) VALUES (620064116,'ECON1230'),(620064116,'COMP2080'),(620064116,'BIOC1866'),(620064116,'BIOC3230'),(620064116,'ECON3288');
INSERT INTO Users VALUES (620064117,'Grace','Early','GraceEarly@gmail.com','EarlyGrace');
INSERT INTO Students VALUES (620064117,'UNDERGRAD','01-01-2020');
INSERT INTO Enrolled (u_id,courseCode) VALUES (620064117,'ECON1783'),(620064117,'COMP1051'),(620064117,'CHEM2220'),(620064117,'ECON2387'),(620064117,'INFO3419');
INSERT INTO Users VALUES (620064118,'Dawn','Mcneill','DawnMcneill@gmail.com','McneillDawn');
INSERT INTO Students VALUES (620064118,'UNDERGRAD','01-01-2020');
INSERT INTO Enrolled (u_id,courseCode) VALUES (620064118,'CHEM2727'),(620064118,'COMP1051'),(620064118,'BIOC1485'),(620064118,'CHEM1340'),(620064118,'BIOC1534'),(620064118,'MATH1309');
INSERT INTO Users VALUES (620064119,'Melanie','Boyer','MelanieBoyer@gmail.com','BoyerMelanie');
INSERT INTO Students VALUES (620064119,'UNDERGRAD','01-01-2020');
INSERT INTO Enrolled (u_id,courseCode) VALUES (620064119,'PHYS1930'),(620064119,'CHEM3793'),(620064119,'ECON3004'),(620064119,'INFO1014'),(620064119,'COMP3418'),(620064119,'CHEM3327');
INSERT INTO Users VALUES (620064120,'Bobby','Vario','BobbyVario@gmail.com','VarioBobby');
INSERT INTO Students VALUES (620064120,'UNDERGRAD','01-01-2020');
INSERT INTO Enrolled (u_id,courseCode) VALUES (620064120,'MATH1578'),(620064120,'MATH1148'),(620064120,'ECON3020'),(620064120,'CHEM3054'),(620064120,'INFO3868'),(620064120,'PHYS3339');
INSERT INTO Users VALUES (620064121,'Daniel','Souza','DanielSouza@gmail.com','SouzaDaniel');
INSERT INTO Students VALUES (620064121,'UNDERGRAD','01-01-2020');
INSERT INTO Enrolled (u_id,courseCode) VALUES (620064121,'COMP3746'),(620064121,'INFO1990'),(620064121,'COMP3685'),(620064121,'ECON1012'),(620064121,'ECON3523');
INSERT INTO Users VALUES (620064122,'Caroline','Butler','CarolineButler@gmail.com','ButlerCaroline');
INSERT INTO Students VALUES (620064122,'UNDERGRAD','01-01-2020');
INSERT INTO Enrolled (u_id,courseCode) VALUES (620064122,'PHYS3686'),(620064122,'MATH3059'),(620064122,'COMP3173'),(620064122,'INFO2636'),(620064122,'ECON3989'),(620064122,'MATH2501');
INSERT INTO Users VALUES (620064123,'Harold','Jaworski','HaroldJaworski@gmail.com','JaworskiHarold');
INSERT INTO Students VALUES (620064123,'UNDERGRAD','01-01-2020');
INSERT INTO Enrolled (u_id,courseCode) VALUES (620064123,'INFO1014'),(620064123,'COMP2077'),(620064123,'CHEM2066'),(620064123,'ECON2703'),(620064123,'ECON1645');
INSERT INTO Users VALUES (620064124,'Alfred','Hodge','AlfredHodge@gmail.com','HodgeAlfred');
INSERT INTO Students VALUES (620064124,'UNDERGRAD','01-01-2020');
INSERT INTO Enrolled (u_id,courseCode) VALUES (620064124,'COMP3084'),(620064124,'ECON3523'),(620064124,'PHYS2667'),(620064124,'MATH1972'),(620064124,'INFO2950'),(620064124,'ECON3447');
INSERT INTO Users VALUES (620064125,'Wilbur','Madsen','WilburMadsen@gmail.com','MadsenWilbur');
INSERT INTO Students VALUES (620064125,'UNDERGRAD','01-01-2020');
INSERT INTO Enrolled (u_id,courseCode) VALUES (620064125,'INFO1242'),(620064125,'MATH2873'),(620064125,'CHEM3327'),(620064125,'COMP2400');
INSERT INTO Users VALUES (620064126,'Samuel','Avery','SamuelAvery@gmail.com','AverySamuel');
INSERT INTO Students VALUES (620064126,'UNDERGRAD','01-01-2020');
INSERT INTO Enrolled (u_id,courseCode) VALUES (620064126,'PHYS3876'),(620064126,'COMP1573'),(620064126,'PHYS2977'),(620064126,'ECON2387'),(620064126,'BIOC1744');
INSERT INTO Users VALUES (620064127,'Kelly','Tate','KellyTate@gmail.com','TateKelly');
INSERT INTO Students VALUES (620064127,'UNDERGRAD','01-01-2020');
INSERT INTO Enrolled (u_id,courseCode) VALUES (620064127,'BIOC2054'),(620064127,'INFO1242'),(620064127,'PHYS1173'),(620064127,'ECON3228'),(620064127,'ECON3085');
INSERT INTO Users VALUES (620064128,'Hazel','Robles','HazelRobles@gmail.com','RoblesHazel');
INSERT INTO Students VALUES (620064128,'UNDERGRAD','01-01-2020');
INSERT INTO Enrolled (u_id,courseCode) VALUES (620064128,'BIOC3457'),(620064128,'PHYS3659'),(620064128,'COMP1460'),(620064128,'COMP3685'),(620064128,'INFO2716'),(620064128,'MATH3029');
INSERT INTO Users VALUES (620064129,'Rene','Collins','ReneCollins@gmail.com','CollinsRene');
INSERT INTO Students VALUES (620064129,'UNDERGRAD','01-01-2020');
INSERT INTO Enrolled (u_id,courseCode) VALUES (620064129,'COMP2080'),(620064129,'ECON3288'),(620064129,'MATH2873');
INSERT INTO Users VALUES (620064130,'Sean','Scales','SeanScales@gmail.com','ScalesSean');
INSERT INTO Students VALUES (620064130,'UNDERGRAD','01-01-2020');
INSERT INTO Enrolled (u_id,courseCode) VALUES (620064130,'BIOC2054'),(620064130,'PHYS3290'),(620064130,'COMP2080'),(620064130,'BIOC2236');
INSERT INTO Users VALUES (620064131,'Jeanna','Madsen','JeannaMadsen@gmail.com','MadsenJeanna');
INSERT INTO Students VALUES (620064131,'UNDERGRAD','01-01-2020');
INSERT INTO Enrolled (u_id,courseCode) VALUES (620064131,'INFO2270'),(620064131,'ECON1561'),(620064131,'INFO2860'),(620064131,'MATH1309');
INSERT INTO Users VALUES (620064132,'Benjamin','Harms','BenjaminHarms@gmail.com','HarmsBenjamin');
INSERT INTO Students VALUES (620064132,'UNDERGRAD','01-01-2020');
INSERT INTO Enrolled (u_id,courseCode) VALUES (620064132,'CHEM2005'),(620064132,'BIOC2236'),(620064132,'ECON3085'),(620064132,'PHYS3876'),(620064132,'INFO2860');
INSERT INTO Users VALUES (620064133,'Katie','Martin','KatieMartin@gmail.com','MartinKatie');
INSERT INTO Students VALUES (620064133,'UNDERGRAD','01-01-2020');
INSERT INTO Enrolled (u_id,courseCode) VALUES (620064133,'CHEM2031'),(620064133,'MATH2188'),(620064133,'BIOC1485');
INSERT INTO Users VALUES (620064134,'Sam','Hauser','SamHauser@gmail.com','HauserSam');
INSERT INTO Students VALUES (620064134,'UNDERGRAD','01-01-2020');
INSERT INTO Enrolled (u_id,courseCode) VALUES (620064134,'ECON1783'),(620064134,'PHYS1399'),(620064134,'INFO1447'),(620064134,'COMP3084'),(620064134,'BIOC2236');
INSERT INTO Users VALUES (620064135,'Teresa','Spohn','TeresaSpohn@gmail.com','SpohnTeresa');
INSERT INTO Students VALUES (620064135,'UNDERGRAD','01-01-2020');
INSERT INTO Enrolled (u_id,courseCode) VALUES (620064135,'BIOC1104'),(620064135,'COMP2965'),(620064135,'CHEM3054');
INSERT INTO Users VALUES (620064136,'Randall','Wesley','RandallWesley@gmail.com','WesleyRandall');
INSERT INTO Students VALUES (620064136,'UNDERGRAD','01-01-2020');
INSERT INTO Enrolled (u_id,courseCode) VALUES (620064136,'PHYS3686'),(620064136,'MATH3613'),(620064136,'COMP3167'),(620064136,'COMP2965'),(620064136,'PHYS3787'),(620064136,'PHYS3052');
INSERT INTO Users VALUES (620064137,'Howard','Lavoy','HowardLavoy@gmail.com','LavoyHoward');
INSERT INTO Students VALUES (620064137,'UNDERGRAD','01-01-2020');
INSERT INTO Enrolled (u_id,courseCode) VALUES (620064137,'COMP3506'),(620064137,'MATH2555'),(620064137,'ECON1996'),(620064137,'BIOC1448'),(620064137,'COMP1357'),(620064137,'MATH3029');
INSERT INTO Users VALUES (620064138,'Cynthia','Knaub','CynthiaKnaub@gmail.com','KnaubCynthia');
INSERT INTO Students VALUES (620064138,'UNDERGRAD','01-01-2020');
INSERT INTO Enrolled (u_id,courseCode) VALUES (620064138,'INFO2213'),(620064138,'CHEM2626'),(620064138,'MATH2957'),(620064138,'PHYS2229'),(620064138,'MATH1309'),(620064138,'CHEM2867');
INSERT INTO Users VALUES (620064139,'Douglas','Garnes','DouglasGarnes@gmail.com','GarnesDouglas');
INSERT INTO Students VALUES (620064139,'UNDERGRAD','01-01-2020');
INSERT INTO Enrolled (u_id,courseCode) VALUES (620064139,'ECON3085'),(620064139,'PHYS3290'),(620064139,'ECON2814'),(620064139,'BIOC1744'),(620064139,'CHEM2177');
INSERT INTO Users VALUES (620064140,'Janice','Stallings','JaniceStallings@gmail.com','StallingsJanice');
INSERT INTO Students VALUES (620064140,'UNDERGRAD','01-01-2020');
INSERT INTO Enrolled (u_id,courseCode) VALUES (620064140,'BIOC2550'),(620064140,'INFO1833'),(620064140,'COMP3685'),(620064140,'MATH1454'),(620064140,'PHYS2306');
INSERT INTO Users VALUES (620064141,'Judith','Shields','JudithShields@gmail.com','ShieldsJudith');
INSERT INTO Students VALUES (620064141,'UNDERGRAD','01-01-2020');
INSERT INTO Enrolled (u_id,courseCode) VALUES (620064141,'MATH1148'),(620064141,'PHYS3290'),(620064141,'MATH3029'),(620064141,'PHYS3729');
INSERT INTO Users VALUES (620064142,'Matthew','Oconnell','MatthewOconnell@gmail.com','OconnellMatthew');
INSERT INTO Students VALUES (620064142,'UNDERGRAD','01-01-2020');
INSERT INTO Enrolled (u_id,courseCode) VALUES (620064142,'INFO1990'),(620064142,'MATH1148'),(620064142,'ECON3020'),(620064142,'MATH3209'),(620064142,'ECON1783'),(620064142,'MATH1250');
INSERT INTO Users VALUES (620064143,'Jonathan','Letchworth','JonathanLetchworth@gmail.com','LetchworthJonathan');
INSERT INTO Students VALUES (620064143,'UNDERGRAD','01-01-2020');
INSERT INTO Enrolled (u_id,courseCode) VALUES (620064143,'CHEM2149'),(620064143,'BIOC3341'),(620064143,'INFO2636'),(620064143,'BIOC1534');
INSERT INTO Users VALUES (620064144,'Brooke','Lamar','BrookeLamar@gmail.com','LamarBrooke');
INSERT INTO Students VALUES (620064144,'UNDERGRAD','01-01-2020');
INSERT INTO Enrolled (u_id,courseCode) VALUES (620064144,'CHEM2066'),(620064144,'BIOC2671'),(620064144,'COMP3047'),(620064144,'BIOC1534');
INSERT INTO Users VALUES (620064145,'Larry','Mccarthy','LarryMccarthy@gmail.com','MccarthyLarry');
INSERT INTO Students VALUES (620064145,'UNDERGRAD','01-01-2020');
INSERT INTO Enrolled (u_id,courseCode) VALUES (620064145,'PHYS1399'),(620064145,'CHEM2066'),(620064145,'BIOC3191'),(620064145,'ECON1170'),(620064145,'ECON3085');
INSERT INTO Users VALUES (620064146,'Colin','Jaworski','ColinJaworski@gmail.com','JaworskiColin');
INSERT INTO Students VALUES (620064146,'UNDERGRAD','01-01-2020');
INSERT INTO Enrolled (u_id,courseCode) VALUES (620064146,'COMP2541'),(620064146,'ECON3281'),(620064146,'COMP1357'),(620064146,'INFO3935');
INSERT INTO Users VALUES (620064147,'Manuel','Dahlheimer','ManuelDahlheimer@gmail.com','DahlheimerManuel');
INSERT INTO Students VALUES (620064147,'UNDERGRAD','01-01-2020');
INSERT INTO Enrolled (u_id,courseCode) VALUES (620064147,'CHEM3888'),(620064147,'ECON3372'),(620064147,'ECON1589');
INSERT INTO Users VALUES (620064148,'Patricia','Laramee','PatriciaLaramee@gmail.com','LarameePatricia');
INSERT INTO Students VALUES (620064148,'UNDERGRAD','01-01-2020');
INSERT INTO Enrolled (u_id,courseCode) VALUES (620064148,'COMP3418'),(620064148,'PHYS1993'),(620064148,'INFO2636'),(620064148,'BIOC1439');
INSERT INTO Users VALUES (620064149,'Rachel','Jefferson','RachelJefferson@gmail.com','JeffersonRachel');
INSERT INTO Students VALUES (620064149,'UNDERGRAD','01-01-2020');
INSERT INTO Enrolled (u_id,courseCode) VALUES (620064149,'INFO2213'),(620064149,'PHYS2238'),(620064149,'ECON3063'),(620064149,'BIOC2983'),(620064149,'COMP2717'),(620064149,'MATH2873');
INSERT INTO Users VALUES (620064150,'Jeffrey','Kenney','JeffreyKenney@gmail.com','KenneyJeffrey');
INSERT INTO Students VALUES (620064150,'UNDERGRAD','01-01-2020');
INSERT INTO Enrolled (u_id,courseCode) VALUES (620064150,'PHYS2117'),(620064150,'INFO1447'),(620064150,'COMP3849'),(620064150,'MATH1262');
INSERT INTO Users VALUES (620064151,'Sharon','Orchard','SharonOrchard@gmail.com','OrchardSharon');
INSERT INTO Students VALUES (620064151,'UNDERGRAD','01-01-2020');
INSERT INTO Enrolled (u_id,courseCode) VALUES (620064151,'MATH2801'),(620064151,'ECON1230'),(620064151,'MATH1638'),(620064151,'COMP1867'),(620064151,'COMP2077'),(620064151,'PHYS3686');
INSERT INTO Users VALUES (620064152,'Linda','Gilmore','LindaGilmore@gmail.com','GilmoreLinda');
INSERT INTO Students VALUES (620064152,'UNDERGRAD','01-01-2020');
INSERT INTO Enrolled (u_id,courseCode) VALUES (620064152,'CHEM2481'),(620064152,'MATH3173'),(620064152,'MATH3179'),(620064152,'COMP3639'),(620064152,'BIOC1485');
INSERT INTO Users VALUES (620064153,'Diane','Duffy','DianeDuffy@gmail.com','DuffyDiane');
INSERT INTO Students VALUES (620064153,'UNDERGRAD','01-01-2020');
INSERT INTO Enrolled (u_id,courseCode) VALUES (620064153,'COMP3685'),(620064153,'MATH3688'),(620064153,'INFO1833');
INSERT INTO Users VALUES (620064154,'Traci','Eubank','TraciEubank@gmail.com','EubankTraci');
INSERT INTO Students VALUES (620064154,'UNDERGRAD','01-01-2020');
INSERT INTO Enrolled (u_id,courseCode) VALUES (620064154,'ECON3228'),(620064154,'INFO2860'),(620064154,'MATH3688'),(620064154,'CHEM2066');
INSERT INTO Users VALUES (620064155,'Bryon','Eubank','BryonEubank@gmail.com','EubankBryon');
INSERT INTO Students VALUES (620064155,'UNDERGRAD','01-01-2020');
INSERT INTO Enrolled (u_id,courseCode) VALUES (620064155,'MATH3059'),(620064155,'PHYS3052'),(620064155,'PHYS2451');
INSERT INTO Users VALUES (620064156,'Sean','Grinstead','SeanGrinstead@gmail.com','GrinsteadSean');
INSERT INTO Students VALUES (620064156,'UNDERGRAD','01-01-2020');
INSERT INTO Enrolled (u_id,courseCode) VALUES (620064156,'INFO3419'),(620064156,'CHEM2066'),(620064156,'MATH1972'),(620064156,'INFO1288'),(620064156,'ECON3063'),(620064156,'BIOC1485');
INSERT INTO Users VALUES (620064157,'Andrew','Casteel','AndrewCasteel@gmail.com','CasteelAndrew');
INSERT INTO Students VALUES (620064157,'UNDERGRAD','01-01-2020');
INSERT INTO Enrolled (u_id,courseCode) VALUES (620064157,'COMP3746'),(620064157,'ECON2345'),(620064157,'PHYS2451');
INSERT INTO Users VALUES (620064158,'Cristina','Mccarthy','CristinaMccarthy@gmail.com','MccarthyCristina');
INSERT INTO Students VALUES (620064158,'UNDERGRAD','01-01-2020');
INSERT INTO Enrolled (u_id,courseCode) VALUES (620064158,'PHYS3339'),(620064158,'BIOC1052'),(620064158,'BIOC1866'),(620064158,'COMP3685');
INSERT INTO Users VALUES (620064159,'Patricia','Knox','PatriciaKnox@gmail.com','KnoxPatricia');
INSERT INTO Students VALUES (620064159,'UNDERGRAD','01-01-2020');
INSERT INTO Enrolled (u_id,courseCode) VALUES (620064159,'MATH3209'),(620064159,'ECON2387'),(620064159,'INFO2270'),(620064159,'COMP2651'),(620064159,'COMP3697');
INSERT INTO Users VALUES (620064160,'Linda','Citizen','LindaCitizen@gmail.com','CitizenLinda');
INSERT INTO Students VALUES (620064160,'UNDERGRAD','01-01-2020');
INSERT INTO Enrolled (u_id,courseCode) VALUES (620064160,'BIOC2671'),(620064160,'INFO3868'),(620064160,'INFO2860'),(620064160,'BIOC2054'),(620064160,'PHYS3339');
INSERT INTO Users VALUES (620064161,'Geoffrey','Gillis','GeoffreyGillis@gmail.com','GillisGeoffrey');
INSERT INTO Students VALUES (620064161,'UNDERGRAD','01-01-2020');
INSERT INTO Enrolled (u_id,courseCode) VALUES (620064161,'CHEM2220'),(620064161,'CHEM2031'),(620064161,'CHEM3054'),(620064161,'MATH2873'),(620064161,'ECON3311'),(620064161,'COMP3173');
INSERT INTO Users VALUES (620064162,'Kathleen','Hayes','KathleenHayes@gmail.com','HayesKathleen');
INSERT INTO Students VALUES (620064162,'UNDERGRAD','01-01-2020');
INSERT INTO Enrolled (u_id,courseCode) VALUES (620064162,'CHEM2446'),(620064162,'ECON3276'),(620064162,'COMP2080');
INSERT INTO Users VALUES (620064163,'Guillermo','Miller','GuillermoMiller@gmail.com','MillerGuillermo');
INSERT INTO Students VALUES (620064163,'UNDERGRAD','01-01-2020');
INSERT INTO Enrolled (u_id,courseCode) VALUES (620064163,'COMP3418'),(620064163,'CHEM2481'),(620064163,'ECON3004');
INSERT INTO Users VALUES (620064164,'Laila','Banks','LailaBanks@gmail.com','BanksLaila');
INSERT INTO Students VALUES (620064164,'UNDERGRAD','01-01-2020');
INSERT INTO Enrolled (u_id,courseCode) VALUES (620064164,'ECON3989'),(620064164,'COMP3536'),(620064164,'PHYS3339'),(620064164,'COMP1543'),(620064164,'MATH2801'),(620064164,'ECON3004');
INSERT INTO Users VALUES (620064165,'Melodie','Diggs','MelodieDiggs@gmail.com','DiggsMelodie');
INSERT INTO Students VALUES (620064165,'UNDERGRAD','01-01-2020');
INSERT INTO Enrolled (u_id,courseCode) VALUES (620064165,'CHEM2446'),(620064165,'MATH1648'),(620064165,'CHEM3409'),(620064165,'PHYS1173'),(620064165,'MATH3059');
INSERT INTO Users VALUES (620064166,'Tracy','Waugh','TracyWaugh@gmail.com','WaughTracy');
INSERT INTO Students VALUES (620064166,'UNDERGRAD','01-01-2020');
INSERT INTO Enrolled (u_id,courseCode) VALUES (620064166,'ECON2814'),(620064166,'INFO1447'),(620064166,'COMP1460'),(620064166,'COMP3173'),(620064166,'CHEM2697'),(620064166,'BIOC1744');
INSERT INTO Users VALUES (620064167,'Roberto','Williams','RobertoWilliams@gmail.com','WilliamsRoberto');
INSERT INTO Students VALUES (620064167,'UNDERGRAD','01-01-2020');
INSERT INTO Enrolled (u_id,courseCode) VALUES (620064167,'BIOC1052'),(620064167,'MATH3209'),(620064167,'INFO3645'),(620064167,'MATH3179'),(620064167,'PHYS2238');
INSERT INTO Users VALUES (620064168,'Wilbur','Cardona','WilburCardona@gmail.com','CardonaWilbur');
INSERT INTO Students VALUES (620064168,'UNDERGRAD','01-01-2020');
INSERT INTO Enrolled (u_id,courseCode) VALUES (620064168,'ECON2387'),(620064168,'CHEM2177'),(620064168,'INFO1648'),(620064168,'BIOC1448');
INSERT INTO Users VALUES (620064169,'Laila','Kent','LailaKent@gmail.com','KentLaila');
INSERT INTO Students VALUES (620064169,'UNDERGRAD','01-01-2020');
INSERT INTO Enrolled (u_id,courseCode) VALUES (620064169,'INFO2213'),(620064169,'PHYS2563'),(620064169,'MATH3613');
INSERT INTO Users VALUES (620064170,'Kim','Mertens','KimMertens@gmail.com','MertensKim');
INSERT INTO Students VALUES (620064170,'UNDERGRAD','01-01-2020');
INSERT INTO Enrolled (u_id,courseCode) VALUES (620064170,'PHYS3339'),(620064170,'INFO2213'),(620064170,'INFO3645'),(620064170,'BIOC1104'),(620064170,'CHEM2626');
INSERT INTO Users VALUES (620064171,'Bryan','Myrick','BryanMyrick@gmail.com','MyrickBryan');
INSERT INTO Students VALUES (620064171,'UNDERGRAD','01-01-2020');
INSERT INTO Enrolled (u_id,courseCode) VALUES (620064171,'BIOC3341'),(620064171,'INFO1288'),(620064171,'COMP2651');
INSERT INTO Users VALUES (620064172,'Jessie','Caudill','JessieCaudill@gmail.com','CaudillJessie');
INSERT INTO Students VALUES (620064172,'UNDERGRAD','01-01-2020');
INSERT INTO Enrolled (u_id,courseCode) VALUES (620064172,'MATH3059'),(620064172,'INFO3419'),(620064172,'MATH1648'),(620064172,'INFO3636'),(620064172,'PHYS3659');
INSERT INTO Users VALUES (620064173,'Lorenza','Burch','LorenzaBurch@gmail.com','BurchLorenza');
INSERT INTO Students VALUES (620064173,'UNDERGRAD','01-01-2020');
INSERT INTO Enrolled (u_id,courseCode) VALUES (620064173,'ECON3276'),(620064173,'PHYS1140'),(620064173,'CHEM2220'),(620064173,'COMP2077');
INSERT INTO Users VALUES (620064174,'Casey','Ott','CaseyOtt@gmail.com','OttCasey');
INSERT INTO Students VALUES (620064174,'UNDERGRAD','01-01-2020');
INSERT INTO Enrolled (u_id,courseCode) VALUES (620064174,'CHEM3617'),(620064174,'MATH3222'),(620064174,'PHYS1993');
INSERT INTO Users VALUES (620064175,'Teresa','Hauser','TeresaHauser@gmail.com','HauserTeresa');
INSERT INTO Students VALUES (620064175,'UNDERGRAD','01-01-2020');
INSERT INTO Enrolled (u_id,courseCode) VALUES (620064175,'BIOC1986'),(620064175,'INFO1648'),(620064175,'PHYS2451'),(620064175,'CHEM2797'),(620064175,'COMP1573');
INSERT INTO Users VALUES (620064176,'Francisca','Christinsen','FranciscaChristinsen@gmail.com','ChristinsenFrancisca');
INSERT INTO Students VALUES (620064176,'UNDERGRAD','01-01-2020');
INSERT INTO Enrolled (u_id,courseCode) VALUES (620064176,'BIOC2589'),(620064176,'CHEM3327'),(620064176,'PHYS3339'),(620064176,'MATH2188');
INSERT INTO Users VALUES (620064177,'Jeffrey','Cannon','JeffreyCannon@gmail.com','CannonJeffrey');
INSERT INTO Students VALUES (620064177,'UNDERGRAD','01-01-2020');
INSERT INTO Enrolled (u_id,courseCode) VALUES (620064177,'CHEM2626'),(620064177,'PHYS2563'),(620064177,'INFO1288'),(620064177,'MATH1735');
INSERT INTO Users VALUES (620064178,'Iris','Brock','IrisBrock@gmail.com','BrockIris');
INSERT INTO Students VALUES (620064178,'UNDERGRAD','01-01-2020');
INSERT INTO Enrolled (u_id,courseCode) VALUES (620064178,'ECON1230'),(620064178,'COMP1573'),(620064178,'INFO2950'),(620064178,'PHYS1140'),(620064178,'COMP1867'),(620064178,'MATH1309');
INSERT INTO Users VALUES (620064179,'Toby','Carrillo','TobyCarrillo@gmail.com','CarrilloToby');
INSERT INTO Students VALUES (620064179,'UNDERGRAD','01-01-2020');
INSERT INTO Enrolled (u_id,courseCode) VALUES (620064179,'ECON1589'),(620064179,'BIOC2671'),(620064179,'INFO2636');
INSERT INTO Users VALUES (620064180,'Taylor','Carrington','TaylorCarrington@gmail.com','CarringtonTaylor');
INSERT INTO Students VALUES (620064180,'UNDERGRAD','01-01-2020');
INSERT INTO Enrolled (u_id,courseCode) VALUES (620064180,'CHEM3347'),(620064180,'MATH2555'),(620064180,'MATH2188'),(620064180,'BIOC3230');
INSERT INTO Users VALUES (620064181,'Jose','Hawkins','JoseHawkins@gmail.com','HawkinsJose');
INSERT INTO Students VALUES (620064181,'UNDERGRAD','01-01-2020');
INSERT INTO Enrolled (u_id,courseCode) VALUES (620064181,'MATH3688'),(620064181,'PHYS2448'),(620064181,'INFO2636'),(620064181,'INFO2716'),(620064181,'ECON1589'),(620064181,'COMP3639');
INSERT INTO Users VALUES (620064182,'Tony','Schilling','TonySchilling@gmail.com','SchillingTony');
INSERT INTO Students VALUES (620064182,'UNDERGRAD','01-01-2020');
INSERT INTO Enrolled (u_id,courseCode) VALUES (620064182,'CHEM3747'),(620064182,'INFO1014'),(620064182,'MATH3179'),(620064182,'CHEM2031');
INSERT INTO Users VALUES (620064183,'Keith','Harms','KeithHarms@gmail.com','HarmsKeith');
INSERT INTO Students VALUES (620064183,'UNDERGRAD','01-01-2020');
INSERT INTO Enrolled (u_id,courseCode) VALUES (620064183,'COMP2717'),(620064183,'INFO3935'),(620064183,'CHEM2149'),(620064183,'COMP3685');
INSERT INTO Users VALUES (620064184,'Marilyn','Wilson','MarilynWilson@gmail.com','WilsonMarilyn');
INSERT INTO Students VALUES (620064184,'UNDERGRAD','01-01-2020');
INSERT INTO Enrolled (u_id,courseCode) VALUES (620064184,'ECON3020'),(620064184,'ECON3276'),(620064184,'INFO3603'),(620064184,'MATH2717'),(620064184,'MATH2801'),(620064184,'COMP3685');
INSERT INTO Users VALUES (620064185,'Mathew','Taylor','MathewTaylor@gmail.com','TaylorMathew');
INSERT INTO Students VALUES (620064185,'UNDERGRAD','01-01-2020');
INSERT INTO Enrolled (u_id,courseCode) VALUES (620064185,'MATH1638'),(620064185,'INFO2147'),(620064185,'MATH2555');
INSERT INTO Users VALUES (620064186,'Ruth','Jaworski','RuthJaworski@gmail.com','JaworskiRuth');
INSERT INTO Students VALUES (620064186,'UNDERGRAD','01-01-2020');
INSERT INTO Enrolled (u_id,courseCode) VALUES (620064186,'INFO1825'),(620064186,'CHEM3747'),(620064186,'ECON1230'),(620064186,'ECON2703');
INSERT INTO Users VALUES (620064187,'Kendra','Lindstrom','KendraLindstrom@gmail.com','LindstromKendra');
INSERT INTO Students VALUES (620064187,'UNDERGRAD','01-01-2020');
INSERT INTO Enrolled (u_id,courseCode) VALUES (620064187,'ECON3281'),(620064187,'CHEM2031'),(620064187,'MATH2801'),(620064187,'ECON1230'),(620064187,'INFO2337'),(620064187,'INFO2797');
INSERT INTO Users VALUES (620064188,'Jimmy','Brown','JimmyBrown@gmail.com','BrownJimmy');
INSERT INTO Students VALUES (620064188,'UNDERGRAD','01-01-2020');
INSERT INTO Enrolled (u_id,courseCode) VALUES (620064188,'ECON3447'),(620064188,'PHYS2338'),(620064188,'COMP2077'),(620064188,'BIOC3604'),(620064188,'ECON2814'),(620064188,'COMP3084');
INSERT INTO Users VALUES (620064189,'Wanda','Cannon','WandaCannon@gmail.com','CannonWanda');
INSERT INTO Students VALUES (620064189,'UNDERGRAD','01-01-2020');
INSERT INTO Enrolled (u_id,courseCode) VALUES (620064189,'ECON2722'),(620064189,'BIOC2981'),(620064189,'INFO2147'),(620064189,'MATH1638'),(620064189,'PHYS3787');
INSERT INTO Users VALUES (620064190,'Manuel','Truitt','ManuelTruitt@gmail.com','TruittManuel');
INSERT INTO Students VALUES (620064190,'UNDERGRAD','01-01-2020');
INSERT INTO Enrolled (u_id,courseCode) VALUES (620064190,'ECON1561'),(620064190,'CHEM2220'),(620064190,'COMP1184'),(620064190,'MATH3613'),(620064190,'MATH1309');
INSERT INTO Users VALUES (620064191,'Shawn','Pero','ShawnPero@gmail.com','PeroShawn');
INSERT INTO Students VALUES (620064191,'UNDERGRAD','01-01-2020');
INSERT INTO Enrolled (u_id,courseCode) VALUES (620064191,'BIOC1910'),(620064191,'INFO3419'),(620064191,'INFO2716');
INSERT INTO Users VALUES (620064192,'Brooke','Waugh','BrookeWaugh@gmail.com','WaughBrooke');
INSERT INTO Students VALUES (620064192,'UNDERGRAD','01-01-2020');
INSERT INTO Enrolled (u_id,courseCode) VALUES (620064192,'BIOC3230'),(620064192,'BIOC2981'),(620064192,'INFO2813'),(620064192,'MATH2801'),(620064192,'BIOC3604'),(620064192,'BIOC2236');
INSERT INTO Users VALUES (620064193,'Neal','Wilbanks','NealWilbanks@gmail.com','WilbanksNeal');
INSERT INTO Students VALUES (620064193,'UNDERGRAD','01-01-2020');
INSERT INTO Enrolled (u_id,courseCode) VALUES (620064193,'COMP1357'),(620064193,'MATH1578'),(620064193,'BIOC2981'),(620064193,'INFO1833'),(620064193,'INFO2950');
INSERT INTO Users VALUES (620064194,'Steven','Robles','StevenRobles@gmail.com','RoblesSteven');
INSERT INTO Students VALUES (620064194,'UNDERGRAD','01-01-2020');
INSERT INTO Enrolled (u_id,courseCode) VALUES (620064194,'MATH3844'),(620064194,'ECON3228'),(620064194,'BIOC1439'),(620064194,'ECON3447'),(620064194,'ECON1498'),(620064194,'BIOC1744');
INSERT INTO Users VALUES (620064195,'Martin','Butler','MartinButler@gmail.com','ButlerMartin');
INSERT INTO Students VALUES (620064195,'UNDERGRAD','01-01-2020');
INSERT INTO Enrolled (u_id,courseCode) VALUES (620064195,'COMP1051'),(620064195,'CHEM3409'),(620064195,'MATH1638');
INSERT INTO Users VALUES (620064196,'Colin','Mcalister','ColinMcalister@gmail.com','McalisterColin');
INSERT INTO Students VALUES (620064196,'UNDERGRAD','01-01-2020');
INSERT INTO Enrolled (u_id,courseCode) VALUES (620064196,'MATH3844'),(620064196,'COMP3173'),(620064196,'INFO1447'),(620064196,'PHYS3729');
INSERT INTO Users VALUES (620064197,'Young','Gaffney','YoungGaffney@gmail.com','GaffneyYoung');
INSERT INTO Students VALUES (620064197,'UNDERGRAD','01-01-2020');
INSERT INTO Enrolled (u_id,courseCode) VALUES (620064197,'BIOC1534'),(620064197,'BIOC2983'),(620064197,'CHEM2727'),(620064197,'ECON1783'),(620064197,'PHYS3729'),(620064197,'BIOC3604');
INSERT INTO Users VALUES (620064198,'Melodie','Jeanbaptiste','MelodieJeanbaptiste@gmail.com','JeanbaptisteMelodie');
INSERT INTO Students VALUES (620064198,'UNDERGRAD','01-01-2020');
INSERT INTO Enrolled (u_id,courseCode) VALUES (620064198,'MATH2550'),(620064198,'BIOC1866'),(620064198,'ECON2387'),(620064198,'CHEM2065');
INSERT INTO Users VALUES (620064199,'Madaline','Gilman','MadalineGilman@gmail.com','GilmanMadaline');
INSERT INTO Students VALUES (620064199,'UNDERGRAD','01-01-2020');
INSERT INTO Enrolled (u_id,courseCode) VALUES (620064199,'PHYS3686'),(620064199,'MATH3544'),(620064199,'COMP1543'),(620064199,'COMP1460'),(620064199,'BIOC1866'),(620064199,'COMP3418');
INSERT INTO Users VALUES (620064200,'Luella','Allen','LuellaAllen@gmail.com','AllenLuella');
INSERT INTO Students VALUES (620064200,'UNDERGRAD','01-01-2020');
INSERT INTO Enrolled (u_id,courseCode) VALUES (620064200,'MATH2801'),(620064200,'BIOC2054'),(620064200,'ECON3085'),(620064200,'BIOC3604'),(620064200,'COMP3418');
INSERT INTO Users VALUES (620064201,'Howard','Gaffney','HowardGaffney@gmail.com','GaffneyHoward');
INSERT INTO Students VALUES (620064201,'UNDERGRAD','01-01-2020');
INSERT INTO Enrolled (u_id,courseCode) VALUES (620064201,'MATH3029'),(620064201,'COMP1543'),(620064201,'ECON2814'),(620064201,'ECON3228'),(620064201,'COMP3697'),(620064201,'MATH2555');
INSERT INTO Users VALUES (620064202,'Allison','Decker','AllisonDecker@gmail.com','DeckerAllison');
INSERT INTO Students VALUES (620064202,'UNDERGRAD','01-01-2020');
INSERT INTO Enrolled (u_id,courseCode) VALUES (620064202,'MATH3688'),(620064202,'CHEM3888'),(620064202,'CHEM2797'),(620064202,'ECON1561');
INSERT INTO Users VALUES (620064203,'Bryon','Rodriguez','BryonRodriguez@gmail.com','RodriguezBryon');
INSERT INTO Students VALUES (620064203,'UNDERGRAD','01-01-2020');
INSERT INTO Enrolled (u_id,courseCode) VALUES (620064203,'ECON1098'),(620064203,'INFO2811'),(620064203,'INFO2813'),(620064203,'MATH3613'),(620064203,'CHEM2481');
INSERT INTO Users VALUES (620064204,'Miss','Hayes','MissHayes@gmail.com','HayesMiss');
INSERT INTO Students VALUES (620064204,'UNDERGRAD','01-01-2020');
INSERT INTO Enrolled (u_id,courseCode) VALUES (620064204,'INFO3935'),(620064204,'ECON3288'),(620064204,'COMP3418'),(620064204,'INFO2559'),(620064204,'COMP1573'),(620064204,'COMP3685');
INSERT INTO Users VALUES (620064205,'Stanley','Joaquin','StanleyJoaquin@gmail.com','JoaquinStanley');
INSERT INTO Students VALUES (620064205,'UNDERGRAD','01-01-2020');
INSERT INTO Enrolled (u_id,courseCode) VALUES (620064205,'PHYS2117'),(620064205,'PHYS2977'),(620064205,'INFO2521'),(620064205,'MATH3857');
INSERT INTO Users VALUES (620064206,'Melodie','Pantoja','MelodiePantoja@gmail.com','PantojaMelodie');
INSERT INTO Students VALUES (620064206,'UNDERGRAD','01-01-2020');
INSERT INTO Enrolled (u_id,courseCode) VALUES (620064206,'CHEM1494'),(620064206,'PHYS2117'),(620064206,'INFO3935'),(620064206,'ECON3523'),(620064206,'ECON1589'),(620064206,'COMP2080');
INSERT INTO Users VALUES (620064207,'Cleveland','Casteel','ClevelandCasteel@gmail.com','CasteelCleveland');
INSERT INTO Students VALUES (620064207,'UNDERGRAD','01-01-2020');
INSERT INTO Enrolled (u_id,courseCode) VALUES (620064207,'ECON3281'),(620064207,'PHYS1399'),(620064207,'CHEM2604'),(620064207,'PHYS3052'),(620064207,'INFO1288'),(620064207,'CHEM2149');
INSERT INTO Users VALUES (620064208,'Dwayne','Wood','DwayneWood@gmail.com','WoodDwayne');
INSERT INTO Students VALUES (620064208,'UNDERGRAD','01-01-2020');
INSERT INTO Enrolled (u_id,courseCode) VALUES (620064208,'ECON1498'),(620064208,'PHYS3354'),(620064208,'BIOC3230'),(620064208,'ECON1645'),(620064208,'PHYS2563');
INSERT INTO Users VALUES (620064209,'Lorenza','Golden','LorenzaGolden@gmail.com','GoldenLorenza');
INSERT INTO Students VALUES (620064209,'UNDERGRAD','01-01-2020');
INSERT INTO Enrolled (u_id,courseCode) VALUES (620064209,'PHYS2667'),(620064209,'BIOC3341'),(620064209,'BIOC1104'),(620064209,'COMP3746'),(620064209,'PHYS3464'),(620064209,'INFO2270');
INSERT INTO Users VALUES (620064210,'Earl','Ramlall','EarlRamlall@gmail.com','RamlallEarl');
INSERT INTO Students VALUES (620064210,'UNDERGRAD','01-01-2020');
INSERT INTO Enrolled (u_id,courseCode) VALUES (620064210,'MATH3844'),(620064210,'PHYS3464'),(620064210,'CHEM2697'),(620064210,'BIOC2671'),(620064210,'ECON3737'),(620064210,'BIOC3721');
INSERT INTO Users VALUES (620064211,'Chad','Nighman','ChadNighman@gmail.com','NighmanChad');
INSERT INTO Students VALUES (620064211,'UNDERGRAD','01-01-2020');
INSERT INTO Enrolled (u_id,courseCode) VALUES (620064211,'MATH3544'),(620064211,'BIOC1986'),(620064211,'COMP2651'),(620064211,'INFO3419'),(620064211,'BIOC3604'),(620064211,'ECON2345');
INSERT INTO Users VALUES (620064212,'Jeanna','Hamilton','JeannaHamilton@gmail.com','HamiltonJeanna');
INSERT INTO Students VALUES (620064212,'UNDERGRAD','01-01-2020');
INSERT INTO Enrolled (u_id,courseCode) VALUES (620064212,'COMP3418'),(620064212,'INFO1242'),(620064212,'ECON1589'),(620064212,'PHYS2229');
INSERT INTO Users VALUES (620064213,'Charlotte','Brock','CharlotteBrock@gmail.com','BrockCharlotte');
INSERT INTO Students VALUES (620064213,'UNDERGRAD','01-01-2020');
INSERT INTO Enrolled (u_id,courseCode) VALUES (620064213,'INFO2270'),(620064213,'ECON3228'),(620064213,'BIOC1439'),(620064213,'COMP2651'),(620064213,'INFO3645'),(620064213,'PHYS3659');
INSERT INTO Users VALUES (620064214,'Christine','Jensen','ChristineJensen@gmail.com','JensenChristine');
INSERT INTO Students VALUES (620064214,'UNDERGRAD','01-01-2020');
INSERT INTO Enrolled (u_id,courseCode) VALUES (620064214,'CHEM2867'),(620064214,'BIOC1794'),(620064214,'MATH2801'),(620064214,'PHYS2977'),(620064214,'INFO2213'),(620064214,'COMP3173');
INSERT INTO Users VALUES (620064215,'Dwight','Congdon','DwightCongdon@gmail.com','CongdonDwight');
INSERT INTO Students VALUES (620064215,'UNDERGRAD','01-01-2020');
INSERT INTO Enrolled (u_id,courseCode) VALUES (620064215,'PHYS3686'),(620064215,'ECON1012'),(620064215,'CHEM3614'),(620064215,'INFO2337'),(620064215,'PHYS2977');
INSERT INTO Users VALUES (620064216,'Rodney','Tallent','RodneyTallent@gmail.com','TallentRodney');
INSERT INTO Students VALUES (620064216,'UNDERGRAD','01-01-2020');
INSERT INTO Enrolled (u_id,courseCode) VALUES (620064216,'INFO2797'),(620064216,'COMP2541'),(620064216,'CHEM2149');
INSERT INTO Users VALUES (620064217,'Mildred','Culpepper','MildredCulpepper@gmail.com','CulpepperMildred');
INSERT INTO Students VALUES (620064217,'UNDERGRAD','01-01-2020');
INSERT INTO Enrolled (u_id,courseCode) VALUES (620064217,'PHYS2451'),(620064217,'BIOC3604'),(620064217,'MATH1972'),(620064217,'PHYS1140'),(620064217,'CHEM2867'),(620064217,'PHYS2113');
INSERT INTO Users VALUES (620064218,'Dorcas','Stovall','DorcasStovall@gmail.com','StovallDorcas');
INSERT INTO Students VALUES (620064218,'UNDERGRAD','01-01-2020');
INSERT INTO Enrolled (u_id,courseCode) VALUES (620064218,'INFO3645'),(620064218,'PHYS1173'),(620064218,'PHYS2563'),(620064218,'ECON1012'),(620064218,'BIOC3230'),(620064218,'MATH3857');
INSERT INTO Users VALUES (620064219,'Kathy','Lemieux','KathyLemieux@gmail.com','LemieuxKathy');
INSERT INTO Students VALUES (620064219,'UNDERGRAD','01-01-2020');
INSERT INTO Enrolled (u_id,courseCode) VALUES (620064219,'ECON3311'),(620064219,'ECON1498'),(620064219,'PHYS2113'),(620064219,'ECON3228');
INSERT INTO Users VALUES (620064220,'Brenda','Armstead','BrendaArmstead@gmail.com','ArmsteadBrenda');
INSERT INTO Students VALUES (620064220,'UNDERGRAD','01-01-2020');
INSERT INTO Enrolled (u_id,courseCode) VALUES (620064220,'ECON1783'),(620064220,'BIOC2981'),(620064220,'ECON3228'),(620064220,'BIOC2671');
INSERT INTO Users VALUES (620064221,'Manuel','Souza','ManuelSouza@gmail.com','SouzaManuel');
INSERT INTO Students VALUES (620064221,'UNDERGRAD','01-01-2020');
INSERT INTO Enrolled (u_id,courseCode) VALUES (620064221,'INFO1288'),(620064221,'ECON3372'),(620064221,'INFO1145'),(620064221,'BIOC2983');
INSERT INTO Users VALUES (620064222,'Sara','Shattuck','SaraShattuck@gmail.com','ShattuckSara');
INSERT INTO Students VALUES (620064222,'UNDERGRAD','01-01-2020');
INSERT INTO Enrolled (u_id,courseCode) VALUES (620064222,'ECON1645'),(620064222,'PHYS3339'),(620064222,'COMP3167'),(620064222,'ECON1098');
INSERT INTO Users VALUES (620064223,'Iris','Knaub','IrisKnaub@gmail.com','KnaubIris');
INSERT INTO Students VALUES (620064223,'UNDERGRAD','01-01-2020');
INSERT INTO Enrolled (u_id,courseCode) VALUES (620064223,'CHEM1613'),(620064223,'COMP2717'),(620064223,'ECON1170');
INSERT INTO Users VALUES (620064224,'Manuel','Brock','ManuelBrock@gmail.com','BrockManuel');
INSERT INTO Students VALUES (620064224,'UNDERGRAD','01-01-2020');
INSERT INTO Enrolled (u_id,courseCode) VALUES (620064224,'BIOC1485'),(620064224,'COMP1184'),(620064224,'BIOC3457'),(620064224,'CHEM3614');
INSERT INTO Users VALUES (620064225,'Sara','Martin','SaraMartin@gmail.com','MartinSara');
INSERT INTO Students VALUES (620064225,'UNDERGRAD','01-01-2020');
INSERT INTO Enrolled (u_id,courseCode) VALUES (620064225,'INFO3935'),(620064225,'INFO1990'),(620064225,'PHYS2113'),(620064225,'PHYS3729'),(620064225,'CHEM2481');
INSERT INTO Users VALUES (620064226,'Georgie','Davis','GeorgieDavis@gmail.com','DavisGeorgie');
INSERT INTO Students VALUES (620064226,'UNDERGRAD','01-01-2020');
INSERT INTO Enrolled (u_id,courseCode) VALUES (620064226,'INFO2716'),(620064226,'MATH1454'),(620064226,'MATH1735'),(620064226,'BIOC1448'),(620064226,'ECON1589'),(620064226,'BIOC3341');
INSERT INTO Users VALUES (620064227,'Donald','Kaupp','DonaldKaupp@gmail.com','KauppDonald');
INSERT INTO Students VALUES (620064227,'UNDERGRAD','01-01-2020');
INSERT INTO Enrolled (u_id,courseCode) VALUES (620064227,'INFO3935'),(620064227,'PHYS2117'),(620064227,'BIOC2983');
INSERT INTO Users VALUES (620064228,'Tanya','Valenzuela','TanyaValenzuela@gmail.com','ValenzuelaTanya');
INSERT INTO Students VALUES (620064228,'UNDERGRAD','01-01-2020');
INSERT INTO Enrolled (u_id,courseCode) VALUES (620064228,'ECON3737'),(620064228,'BIOC1439'),(620064228,'MATH1309');
INSERT INTO Users VALUES (620064229,'Hazel','Petty','HazelPetty@gmail.com','PettyHazel');
INSERT INTO Students VALUES (620064229,'UNDERGRAD','01-01-2020');
INSERT INTO Enrolled (u_id,courseCode) VALUES (620064229,'INFO1447'),(620064229,'ECON3004'),(620064229,'COMP2541'),(620064229,'BIOC3457'),(620064229,'BIOC1910');
INSERT INTO Users VALUES (620064230,'William','Best','WilliamBest@gmail.com','BestWilliam');
INSERT INTO Students VALUES (620064230,'UNDERGRAD','01-01-2020');
INSERT INTO Enrolled (u_id,courseCode) VALUES (620064230,'MATH2501'),(620064230,'CHEM3347'),(620064230,'ECON2345'),(620064230,'COMP1867'),(620064230,'PHYS3464'),(620064230,'MATH2873');
INSERT INTO Users VALUES (620064231,'Kelly','Starks','KellyStarks@gmail.com','StarksKelly');
INSERT INTO Students VALUES (620064231,'UNDERGRAD','01-01-2020');
INSERT INTO Enrolled (u_id,courseCode) VALUES (620064231,'COMP2541'),(620064231,'COMP1051'),(620064231,'ECON3228');
INSERT INTO Users VALUES (620064232,'Nathan','Granado','NathanGranado@gmail.com','GranadoNathan');
INSERT INTO Students VALUES (620064232,'UNDERGRAD','01-01-2020');
INSERT INTO Enrolled (u_id,courseCode) VALUES (620064232,'INFO2213'),(620064232,'MATH2555'),(620064232,'COMP3418'),(620064232,'CHEM2797'),(620064232,'INFO2797'),(620064232,'ECON3063');
INSERT INTO Users VALUES (620064233,'Peter','Hodge','PeterHodge@gmail.com','HodgePeter');
INSERT INTO Students VALUES (620064233,'UNDERGRAD','01-01-2020');
INSERT INTO Enrolled (u_id,courseCode) VALUES (620064233,'ECON2387'),(620064233,'MATH2801'),(620064233,'MATH1578'),(620064233,'CHEM3793'),(620064233,'MATH3688');
INSERT INTO Users VALUES (620064234,'Carol','Steinberger','CarolSteinberger@gmail.com','SteinbergerCarol');
INSERT INTO Students VALUES (620064234,'UNDERGRAD','01-01-2020');
INSERT INTO Enrolled (u_id,courseCode) VALUES (620064234,'MATH1148'),(620064234,'CHEM2446'),(620064234,'INFO2950'),(620064234,'COMP3173'),(620064234,'CHEM3614');
INSERT INTO Users VALUES (620064235,'Lorenza','Siple','LorenzaSiple@gmail.com','SipleLorenza');
INSERT INTO Students VALUES (620064235,'UNDERGRAD','01-01-2020');
INSERT INTO Enrolled (u_id,courseCode) VALUES (620064235,'MATH2801'),(620064235,'BIOC1744'),(620064235,'PHYS2229');
INSERT INTO Users VALUES (620064236,'Terri','Chatcho','TerriChatcho@gmail.com','ChatchoTerri');
INSERT INTO Students VALUES (620064236,'UNDERGRAD','01-01-2020');
INSERT INTO Enrolled (u_id,courseCode) VALUES (620064236,'INFO3645'),(620064236,'MATH1309'),(620064236,'BIOC1448');
INSERT INTO Users VALUES (620064237,'Joseph','Horth','JosephHorth@gmail.com','HorthJoseph');
INSERT INTO Students VALUES (620064237,'UNDERGRAD','01-01-2020');
INSERT INTO Enrolled (u_id,courseCode) VALUES (620064237,'INFO3935'),(620064237,'INFO1447'),(620064237,'MATH1648');
INSERT INTO Users VALUES (620064238,'Christina','Dumas','ChristinaDumas@gmail.com','DumasChristina');
INSERT INTO Students VALUES (620064238,'UNDERGRAD','01-01-2020');
INSERT INTO Enrolled (u_id,courseCode) VALUES (620064238,'MATH1148'),(620064238,'INFO2337'),(620064238,'COMP1184'),(620064238,'ECON3228');
INSERT INTO Users VALUES (620064239,'Rosa','Shane','RosaShane@gmail.com','ShaneRosa');
INSERT INTO Students VALUES (620064239,'UNDERGRAD','01-01-2020');
INSERT INTO Enrolled (u_id,courseCode) VALUES (620064239,'PHYS2977'),(620064239,'PHYS3729'),(620064239,'BIOC1598'),(620064239,'CHEM2727'),(620064239,'BIOC1485'),(620064239,'PHYS3354');
INSERT INTO Users VALUES (620064240,'Derek','Wurdeman','DerekWurdeman@gmail.com','WurdemanDerek');
INSERT INTO Students VALUES (620064240,'UNDERGRAD','01-01-2020');
INSERT INTO Enrolled (u_id,courseCode) VALUES (620064240,'PHYS3354'),(620064240,'INFO1648'),(620064240,'COMP1460'),(620064240,'COMP3685'),(620064240,'PHYS2306'),(620064240,'CHEM3617');
INSERT INTO Users VALUES (620064241,'Georgie','Nerbonne','GeorgieNerbonne@gmail.com','NerbonneGeorgie');
INSERT INTO Students VALUES (620064241,'UNDERGRAD','01-01-2020');
INSERT INTO Enrolled (u_id,courseCode) VALUES (620064241,'BIOC3341'),(620064241,'MATH3059'),(620064241,'BIOC2981'),(620064241,'MATH2501');
INSERT INTO Users VALUES (620064242,'Chris','Bowerman','ChrisBowerman@gmail.com','BowermanChris');
INSERT INTO Students VALUES (620064242,'UNDERGRAD','01-01-2020');
INSERT INTO Enrolled (u_id,courseCode) VALUES (620064242,'INFO1145'),(620064242,'MATH1309'),(620064242,'BIOC2589'),(620064242,'INFO1833'),(620064242,'ECON1012');
INSERT INTO Users VALUES (620064243,'Chad','Knaub','ChadKnaub@gmail.com','KnaubChad');
INSERT INTO Students VALUES (620064243,'UNDERGRAD','01-01-2020');
INSERT INTO Enrolled (u_id,courseCode) VALUES (620064243,'BIOC2550'),(620064243,'PHYS2117'),(620064243,'COMP3418'),(620064243,'INFO2811'),(620064243,'ECON2722');
INSERT INTO Users VALUES (620064244,'Krista','Huffman','KristaHuffman@gmail.com','HuffmanKrista');
INSERT INTO Students VALUES (620064244,'UNDERGRAD','01-01-2020');
INSERT INTO Enrolled (u_id,courseCode) VALUES (620064244,'COMP2080'),(620064244,'ECON3372'),(620064244,'PHYS3354'),(620064244,'MATH3222'),(620064244,'INFO1833');
INSERT INTO Users VALUES (620064245,'Shane','Blevins','ShaneBlevins@gmail.com','BlevinsShane');
INSERT INTO Students VALUES (620064245,'UNDERGRAD','01-01-2020');
INSERT INTO Enrolled (u_id,courseCode) VALUES (620064245,'PHYS1979'),(620064245,'MATH1250'),(620064245,'BIOC2054');
INSERT INTO Users VALUES (620064246,'Marjorie','Wesley','MarjorieWesley@gmail.com','WesleyMarjorie');
INSERT INTO Students VALUES (620064246,'UNDERGRAD','01-01-2020');
INSERT INTO Enrolled (u_id,courseCode) VALUES (620064246,'PHYS2238'),(620064246,'CHEM2797'),(620064246,'MATH3029');
INSERT INTO Users VALUES (620064247,'Demetrice','Marshall','DemetriceMarshall@gmail.com','MarshallDemetrice');
INSERT INTO Students VALUES (620064247,'UNDERGRAD','01-01-2020');
INSERT INTO Enrolled (u_id,courseCode) VALUES (620064247,'INFO2147'),(620064247,'BIOC1534'),(620064247,'ECON3989'),(620064247,'INFO3935');
INSERT INTO Users VALUES (620064248,'Jesus','Wengerd','JesusWengerd@gmail.com','WengerdJesus');
INSERT INTO Students VALUES (620064248,'UNDERGRAD','01-01-2020');
INSERT INTO Enrolled (u_id,courseCode) VALUES (620064248,'BIOC2981'),(620064248,'INFO2337'),(620064248,'MATH2801'),(620064248,'PHYS2117'),(620064248,'BIOC2236'),(620064248,'INFO3603');
INSERT INTO Users VALUES (620064249,'Reginald','Gilman','ReginaldGilman@gmail.com','GilmanReginald');
INSERT INTO Students VALUES (620064249,'UNDERGRAD','01-01-2020');
INSERT INTO Enrolled (u_id,courseCode) VALUES (620064249,'MATH1638'),(620064249,'COMP1357'),(620064249,'BIOC1744');
INSERT INTO Users VALUES (620064250,'Carol','Marshall','CarolMarshall@gmail.com','MarshallCarol');
INSERT INTO Students VALUES (620064250,'UNDERGRAD','01-01-2020');
INSERT INTO Enrolled (u_id,courseCode) VALUES (620064250,'PHYS1399'),(620064250,'CHEM2727'),(620064250,'ECON1645'),(620064250,'PHYS3686'),(620064250,'MATH1250'),(620064250,'INFO1648');
INSERT INTO Users VALUES (620064251,'Rebecca','Figueroa','RebeccaFigueroa@gmail.com','FigueroaRebecca');
INSERT INTO Students VALUES (620064251,'UNDERGRAD','01-01-2020');
INSERT INTO Enrolled (u_id,courseCode) VALUES (620064251,'MATH3544'),(620064251,'PHYS2977'),(620064251,'PHYS3729'),(620064251,'INFO1648'),(620064251,'BIOC2589'),(620064251,'ECON2345');
INSERT INTO Users VALUES (620064252,'Edwin','Dunn','EdwinDunn@gmail.com','DunnEdwin');
INSERT INTO Students VALUES (620064252,'UNDERGRAD','01-01-2020');
INSERT INTO Enrolled (u_id,courseCode) VALUES (620064252,'CHEM2604'),(620064252,'CHEM2867'),(620064252,'ECON3989');
INSERT INTO Users VALUES (620064253,'Earl','Bras','EarlBras@gmail.com','BrasEarl');
INSERT INTO Students VALUES (620064253,'UNDERGRAD','01-01-2020');
INSERT INTO Enrolled (u_id,courseCode) VALUES (620064253,'PHYS3659'),(620064253,'PHYS3052'),(620064253,'INFO2860'),(620064253,'COMP3849'),(620064253,'MATH2501');
INSERT INTO Users VALUES (620064254,'Vanessa','Nighman','VanessaNighman@gmail.com','NighmanVanessa');
INSERT INTO Students VALUES (620064254,'UNDERGRAD','01-01-2020');
INSERT INTO Enrolled (u_id,courseCode) VALUES (620064254,'INFO1447'),(620064254,'MATH1972'),(620064254,'PHYS1930'),(620064254,'BIOC3457'),(620064254,'PHYS1140'),(620064254,'ECON3550');
INSERT INTO Users VALUES (620064255,'Samuel','Hernandez','SamuelHernandez@gmail.com','HernandezSamuel');
INSERT INTO Students VALUES (620064255,'UNDERGRAD','01-01-2020');
INSERT INTO Enrolled (u_id,courseCode) VALUES (620064255,'MATH2801'),(620064255,'CHEM3054'),(620064255,'PHYS3729'),(620064255,'CHEM1494'),(620064255,'PHYS3787'),(620064255,'PHYS2306');
INSERT INTO Users VALUES (620064256,'Mack','Joeckel','MackJoeckel@gmail.com','JoeckelMack');
INSERT INTO Students VALUES (620064256,'UNDERGRAD','01-01-2020');
INSERT INTO Enrolled (u_id,courseCode) VALUES (620064256,'CHEM2481'),(620064256,'PHYS1399'),(620064256,'CHEM2604');
INSERT INTO Users VALUES (620064257,'Richard','Pantoja','RichardPantoja@gmail.com','PantojaRichard');
INSERT INTO Students VALUES (620064257,'UNDERGRAD','01-01-2020');
INSERT INTO Enrolled (u_id,courseCode) VALUES (620064257,'BIOC1052'),(620064257,'MATH3209'),(620064257,'CHEM2727'),(620064257,'PHYS2229');
INSERT INTO Users VALUES (620064258,'Reggie','Maze','ReggieMaze@gmail.com','MazeReggie');
INSERT INTO Students VALUES (620064258,'UNDERGRAD','01-01-2020');
INSERT INTO Enrolled (u_id,courseCode) VALUES (620064258,'COMP1543'),(620064258,'MATH3173'),(620064258,'CHEM2066');
INSERT INTO Users VALUES (620064259,'Antionette','Hardman','AntionetteHardman@gmail.com','HardmanAntionette');
INSERT INTO Students VALUES (620064259,'UNDERGRAD','01-01-2020');
INSERT INTO Enrolled (u_id,courseCode) VALUES (620064259,'ECON1561'),(620064259,'MATH3222'),(620064259,'MATH3857');
INSERT INTO Users VALUES (620064260,'Nan','Vargas','NanVargas@gmail.com','VargasNan');
INSERT INTO Students VALUES (620064260,'UNDERGRAD','01-01-2020');
INSERT INTO Enrolled (u_id,courseCode) VALUES (620064260,'COMP3173'),(620064260,'COMP3418'),(620064260,'BIOC1104');
INSERT INTO Users VALUES (620064261,'Maria','Joaquin','MariaJoaquin@gmail.com','JoaquinMaria');
INSERT INTO Students VALUES (620064261,'UNDERGRAD','01-01-2020');
INSERT INTO Enrolled (u_id,courseCode) VALUES (620064261,'MATH3209'),(620064261,'CHEM1340'),(620064261,'CHEM3888'),(620064261,'CHEM2031'),(620064261,'BIOC3341');
INSERT INTO Users VALUES (620064262,'Dwayne','Briggs','DwayneBriggs@gmail.com','BriggsDwayne');
INSERT INTO Students VALUES (620064262,'UNDERGRAD','01-01-2020');
INSERT INTO Enrolled (u_id,courseCode) VALUES (620064262,'BIOC1052'),(620064262,'INFO2521'),(620064262,'CHEM3888');
INSERT INTO Users VALUES (620064263,'Betty','Fuller','BettyFuller@gmail.com','FullerBetty');
INSERT INTO Students VALUES (620064263,'UNDERGRAD','01-01-2020');
INSERT INTO Enrolled (u_id,courseCode) VALUES (620064263,'CHEM2031'),(620064263,'BIOC1986'),(620064263,'INFO2559');
INSERT INTO Users VALUES (620064264,'Vivian','Bower','VivianBower@gmail.com','BowerVivian');
INSERT INTO Students VALUES (620064264,'UNDERGRAD','01-01-2020');
INSERT INTO Enrolled (u_id,courseCode) VALUES (620064264,'ECON2814'),(620064264,'MATH3688'),(620064264,'INFO2860'),(620064264,'CHEM2005');
INSERT INTO Users VALUES (620064265,'Aaron','Congdon','AaronCongdon@gmail.com','CongdonAaron');
INSERT INTO Students VALUES (620064265,'UNDERGRAD','01-01-2020');
INSERT INTO Enrolled (u_id,courseCode) VALUES (620064265,'MATH3209'),(620064265,'INFO2521'),(620064265,'CHEM3054'),(620064265,'MATH1638');
INSERT INTO Users VALUES (620064266,'Donald','Carrington','DonaldCarrington@gmail.com','CarringtonDonald');
INSERT INTO Students VALUES (620064266,'UNDERGRAD','01-01-2020');
INSERT INTO Enrolled (u_id,courseCode) VALUES (620064266,'COMP3536'),(620064266,'PHYS3686'),(620064266,'CHEM3327'),(620064266,'COMP2717');
INSERT INTO Users VALUES (620064267,'Rodney','Terry','RodneyTerry@gmail.com','TerryRodney');
INSERT INTO Students VALUES (620064267,'UNDERGRAD','01-01-2020');
INSERT INTO Enrolled (u_id,courseCode) VALUES (620064267,'ECON1498'),(620064267,'BIOC1866'),(620064267,'MATH1262');
INSERT INTO Users VALUES (620064268,'Rhoda','Souza','RhodaSouza@gmail.com','SouzaRhoda');
INSERT INTO Students VALUES (620064268,'UNDERGRAD','01-01-2020');
INSERT INTO Enrolled (u_id,courseCode) VALUES (620064268,'INFO2950'),(620064268,'BIOC1598'),(620064268,'COMP1357'),(620064268,'COMP2361');
INSERT INTO Users VALUES (620064269,'Denise','Hoyer','DeniseHoyer@gmail.com','HoyerDenise');
INSERT INTO Students VALUES (620064269,'UNDERGRAD','01-01-2020');
INSERT INTO Enrolled (u_id,courseCode) VALUES (620064269,'INFO2716'),(620064269,'BIOC1744'),(620064269,'CHEM2481'),(620064269,'BIOC1910');
INSERT INTO Users VALUES (620064270,'Tia','Truong','TiaTruong@gmail.com','TruongTia');
INSERT INTO Students VALUES (620064270,'UNDERGRAD','01-01-2020');
INSERT INTO Enrolled (u_id,courseCode) VALUES (620064270,'PHYS2238'),(620064270,'ECON3311'),(620064270,'CHEM2697'),(620064270,'BIOC1725');
INSERT INTO Users VALUES (620064271,'Rene','Gillis','ReneGillis@gmail.com','GillisRene');
INSERT INTO Students VALUES (620064271,'UNDERGRAD','01-01-2020');
INSERT INTO Enrolled (u_id,courseCode) VALUES (620064271,'PHYS2229'),(620064271,'CHEM3347'),(620064271,'COMP1573'),(620064271,'CHEM2867');
INSERT INTO Users VALUES (620064272,'Gina','Ekberg','GinaEkberg@gmail.com','EkbergGina');
INSERT INTO Students VALUES (620064272,'UNDERGRAD','01-01-2020');
INSERT INTO Enrolled (u_id,courseCode) VALUES (620064272,'ECON1012'),(620064272,'COMP3047'),(620064272,'CHEM3747'),(620064272,'BIOC3230');
INSERT INTO Users VALUES (620064273,'Greg','Mance','GregMance@gmail.com','ManceGreg');
INSERT INTO Students VALUES (620064273,'UNDERGRAD','01-01-2020');
INSERT INTO Enrolled (u_id,courseCode) VALUES (620064273,'COMP3849'),(620064273,'CHEM2727'),(620064273,'ECON1098');
INSERT INTO Users VALUES (620064274,'Milton','Chatcho','MiltonChatcho@gmail.com','ChatchoMilton');
INSERT INTO Students VALUES (620064274,'UNDERGRAD','01-01-2020');
INSERT INTO Enrolled (u_id,courseCode) VALUES (620064274,'MATH3844'),(620064274,'MATH2555'),(620064274,'INFO2337'),(620064274,'BIOC1485'),(620064274,'COMP2651'),(620064274,'MATH3613');
INSERT INTO Users VALUES (620064275,'Nicholas','Hamilton','NicholasHamilton@gmail.com','HamiltonNicholas');
INSERT INTO Students VALUES (620064275,'UNDERGRAD','01-01-2020');
INSERT INTO Enrolled (u_id,courseCode) VALUES (620064275,'COMP1357'),(620064275,'INFO2270'),(620064275,'CHEM1807'),(620064275,'COMP1051'),(620064275,'CHEM2867');
INSERT INTO Users VALUES (620064276,'Roberta','Dahlheimer','RobertaDahlheimer@gmail.com','DahlheimerRoberta');
INSERT INTO Students VALUES (620064276,'UNDERGRAD','01-01-2020');
INSERT INTO Enrolled (u_id,courseCode) VALUES (620064276,'ECON1230'),(620064276,'MATH3613'),(620064276,'INFO1014'),(620064276,'INFO3935');
INSERT INTO Users VALUES (620064277,'Geraldine','Hunt','GeraldineHunt@gmail.com','HuntGeraldine');
INSERT INTO Students VALUES (620064277,'UNDERGRAD','01-01-2020');
INSERT INTO Enrolled (u_id,courseCode) VALUES (620064277,'BIOC3191'),(620064277,'BIOC1052'),(620064277,'ECON3004'),(620064277,'MATH1309'),(620064277,'MATH3179');
INSERT INTO Users VALUES (620064278,'Juan','Busse','JuanBusse@gmail.com','BusseJuan');
INSERT INTO Students VALUES (620064278,'UNDERGRAD','01-01-2020');
INSERT INTO Enrolled (u_id,courseCode) VALUES (620064278,'COMP2717'),(620064278,'COMP2077'),(620064278,'BIOC1485'),(620064278,'ECON3989'),(620064278,'PHYS3729');
INSERT INTO Users VALUES (620064279,'Melanie','Avery','MelanieAvery@gmail.com','AveryMelanie');
INSERT INTO Students VALUES (620064279,'UNDERGRAD','01-01-2020');
INSERT INTO Enrolled (u_id,courseCode) VALUES (620064279,'CHEM2031'),(620064279,'MATH2067'),(620064279,'MATH2873'),(620064279,'PHYS3686'),(620064279,'MATH1648');
INSERT INTO Users VALUES (620064280,'Andrew','Dillis','AndrewDillis@gmail.com','DillisAndrew');
INSERT INTO Students VALUES (620064280,'UNDERGRAD','01-01-2020');
INSERT INTO Enrolled (u_id,courseCode) VALUES (620064280,'COMP2077'),(620064280,'INFO1648'),(620064280,'BIOC2983');
INSERT INTO Users VALUES (620064281,'Marcus','Sharp','MarcusSharp@gmail.com','SharpMarcus');
INSERT INTO Students VALUES (620064281,'UNDERGRAD','01-01-2020');
INSERT INTO Enrolled (u_id,courseCode) VALUES (620064281,'PHYS3686'),(620064281,'BIOC3721'),(620064281,'COMP2400'),(620064281,'PHYS3876'),(620064281,'CHEM2797');
INSERT INTO Users VALUES (620064282,'Larry','Shani','LarryShani@gmail.com','ShaniLarry');
INSERT INTO Students VALUES (620064282,'UNDERGRAD','01-01-2020');
INSERT INTO Enrolled (u_id,courseCode) VALUES (620064282,'INFO2559'),(620064282,'PHYS1930'),(620064282,'INFO2797');
INSERT INTO Users VALUES (620064283,'Amee','Kaupp','AmeeKaupp@gmail.com','KauppAmee');
INSERT INTO Students VALUES (620064283,'UNDERGRAD','01-01-2020');
INSERT INTO Enrolled (u_id,courseCode) VALUES (620064283,'INFO3645'),(620064283,'INFO1014'),(620064283,'ECON2387'),(620064283,'CHEM2604');
INSERT INTO Users VALUES (620064284,'Antionette','Ratterman','AntionetteRatterman@gmail.com','RattermanAntionette');
INSERT INTO Students VALUES (620064284,'UNDERGRAD','01-01-2020');
INSERT INTO Enrolled (u_id,courseCode) VALUES (620064284,'ECON2814'),(620064284,'PHYS2977'),(620064284,'COMP2651'),(620064284,'BIOC1104'),(620064284,'MATH1454'),(620064284,'ECON3085');
INSERT INTO Users VALUES (620064285,'Glenda','Figueroa','GlendaFigueroa@gmail.com','FigueroaGlenda');
INSERT INTO Students VALUES (620064285,'UNDERGRAD','01-01-2020');
INSERT INTO Enrolled (u_id,courseCode) VALUES (620064285,'PHYS3876'),(620064285,'CHEM3793'),(620064285,'MATH1972'),(620064285,'ECON2345'),(620064285,'INFO2716');
INSERT INTO Users VALUES (620064286,'Bethany','Hamilton','BethanyHamilton@gmail.com','HamiltonBethany');
INSERT INTO Students VALUES (620064286,'UNDERGRAD','01-01-2020');
INSERT INTO Enrolled (u_id,courseCode) VALUES (620064286,'COMP1051'),(620064286,'MATH3544'),(620064286,'MATH1735');
INSERT INTO Users VALUES (620064287,'Leo','Felipe','LeoFelipe@gmail.com','FelipeLeo');
INSERT INTO Students VALUES (620064287,'UNDERGRAD','01-01-2020');
INSERT INTO Enrolled (u_id,courseCode) VALUES (620064287,'COMP3418'),(620064287,'MATH3844'),(620064287,'PHYS3052');
INSERT INTO Users VALUES (620064288,'Dominique','Wengerd','DominiqueWengerd@gmail.com','WengerdDominique');
INSERT INTO Students VALUES (620064288,'UNDERGRAD','01-01-2020');
INSERT INTO Enrolled (u_id,courseCode) VALUES (620064288,'ECON1561'),(620064288,'ECON1098'),(620064288,'COMP1460');
INSERT INTO Users VALUES (620064289,'David','Baccus','DavidBaccus@gmail.com','BaccusDavid');
INSERT INTO Students VALUES (620064289,'UNDERGRAD','01-01-2020');
INSERT INTO Enrolled (u_id,courseCode) VALUES (620064289,'BIOC3230'),(620064289,'INFO2813'),(620064289,'INFO2337'),(620064289,'ECON1098'),(620064289,'INFO3868'),(620064289,'PHYS2977');
INSERT INTO Users VALUES (620064290,'Shannon','Carlyle','ShannonCarlyle@gmail.com','CarlyleShannon');
INSERT INTO Students VALUES (620064290,'UNDERGRAD','01-01-2020');
INSERT INTO Enrolled (u_id,courseCode) VALUES (620064290,'PHYS3876'),(620064290,'BIOC1439'),(620064290,'PHYS2117'),(620064290,'ECON1458'),(620064290,'COMP1543');
INSERT INTO Users VALUES (620064291,'Traci','Harms','TraciHarms@gmail.com','HarmsTraci');
INSERT INTO Students VALUES (620064291,'UNDERGRAD','01-01-2020');
INSERT INTO Enrolled (u_id,courseCode) VALUES (620064291,'ECON3276'),(620064291,'COMP2400'),(620064291,'INFO1242'),(620064291,'CHEM2066');
INSERT INTO Users VALUES (620064292,'James','Barnett','JamesBarnett@gmail.com','BarnettJames');
INSERT INTO Students VALUES (620064292,'UNDERGRAD','01-01-2020');
INSERT INTO Enrolled (u_id,courseCode) VALUES (620064292,'COMP3167'),(620064292,'PHYS2563'),(620064292,'ECON1498'),(620064292,'MATH2550'),(620064292,'MATH2555'),(620064292,'INFO2147');
INSERT INTO Users VALUES (620064293,'Madaline','Spohn','MadalineSpohn@gmail.com','SpohnMadaline');
INSERT INTO Students VALUES (620064293,'UNDERGRAD','01-01-2020');
INSERT INTO Enrolled (u_id,courseCode) VALUES (620064293,'ECON2722'),(620064293,'INFO1825'),(620064293,'BIOC1866'),(620064293,'BIOC1986');
INSERT INTO Users VALUES (620064294,'Louise','Eaton','LouiseEaton@gmail.com','EatonLouise');
INSERT INTO Students VALUES (620064294,'UNDERGRAD','01-01-2020');
INSERT INTO Enrolled (u_id,courseCode) VALUES (620064294,'INFO2559'),(620064294,'ECON3447'),(620064294,'CHEM3347'),(620064294,'CHEM2220'),(620064294,'ECON3372'),(620064294,'CHEM2177');
INSERT INTO Users VALUES (620064295,'Cynthia','Heckstall','CynthiaHeckstall@gmail.com','HeckstallCynthia');
INSERT INTO Students VALUES (620064295,'UNDERGRAD','01-01-2020');
INSERT INTO Enrolled (u_id,courseCode) VALUES (620064295,'COMP3047'),(620064295,'BIOC1794'),(620064295,'ECON3989'),(620064295,'PHYS2113'),(620064295,'PHYS2229');
INSERT INTO Users VALUES (620064296,'Jose','Kent','JoseKent@gmail.com','KentJose');
INSERT INTO Students VALUES (620064296,'UNDERGRAD','01-01-2020');
INSERT INTO Enrolled (u_id,courseCode) VALUES (620064296,'COMP3639'),(620064296,'ECON3020'),(620064296,'COMP2077');
INSERT INTO Users VALUES (620064297,'Martin','Letchworth','MartinLetchworth@gmail.com','LetchworthMartin');
INSERT INTO Students VALUES (620064297,'UNDERGRAD','01-01-2020');
INSERT INTO Enrolled (u_id,courseCode) VALUES (620064297,'PHYS2448'),(620064297,'MATH3209'),(620064297,'CHEM1485'),(620064297,'BIOC2054'),(620064297,'PHYS2563');
INSERT INTO Users VALUES (620064298,'Eric','Christinsen','EricChristinsen@gmail.com','ChristinsenEric');
INSERT INTO Students VALUES (620064298,'UNDERGRAD','01-01-2020');
INSERT INTO Enrolled (u_id,courseCode) VALUES (620064298,'COMP1357'),(620064298,'CHEM2604'),(620064298,'ECON3550');
INSERT INTO Users VALUES (620064299,'Christine','Vanhamlin','ChristineVanhamlin@gmail.com','VanhamlinChristine');
INSERT INTO Students VALUES (620064299,'UNDERGRAD','01-01-2020');
INSERT INTO Enrolled (u_id,courseCode) VALUES (620064299,'ECON1645'),(620064299,'COMP3536'),(620064299,'INFO2950');
INSERT INTO Users VALUES (620064300,'Dominique','Lowry','DominiqueLowry@gmail.com','LowryDominique');
INSERT INTO Students VALUES (620064300,'UNDERGRAD','01-01-2020');
INSERT INTO Enrolled (u_id,courseCode) VALUES (620064300,'CHEM3054'),(620064300,'INFO3868'),(620064300,'BIOC2054'),(620064300,'COMP3697');
INSERT INTO Users VALUES (620064301,'Edna','Wurdeman','EdnaWurdeman@gmail.com','WurdemanEdna');
INSERT INTO Students VALUES (620064301,'UNDERGRAD','01-01-2020');
INSERT INTO Enrolled (u_id,courseCode) VALUES (620064301,'INFO3636'),(620064301,'PHYS3787'),(620064301,'PHYS2563');
INSERT INTO Users VALUES (620064302,'Jonathan','Santos','JonathanSantos@gmail.com','SantosJonathan');
INSERT INTO Students VALUES (620064302,'UNDERGRAD','01-01-2020');
INSERT INTO Enrolled (u_id,courseCode) VALUES (620064302,'PHYS3052'),(620064302,'ECON1170'),(620064302,'COMP2400'),(620064302,'CHEM2065');
INSERT INTO Users VALUES (620064303,'Wayne','Pere','WaynePere@gmail.com','PereWayne');
INSERT INTO Students VALUES (620064303,'UNDERGRAD','01-01-2020');
INSERT INTO Enrolled (u_id,courseCode) VALUES (620064303,'COMP2965'),(620064303,'BIOC3341'),(620064303,'ECON3228'),(620064303,'CHEM1340');
INSERT INTO Users VALUES (620064304,'Flora','Early','FloraEarly@gmail.com','EarlyFlora');
INSERT INTO Students VALUES (620064304,'UNDERGRAD','01-01-2020');
INSERT INTO Enrolled (u_id,courseCode) VALUES (620064304,'INFO3645'),(620064304,'PHYS2451'),(620064304,'COMP1184');
INSERT INTO Users VALUES (620064305,'Gordon','Petersen','GordonPetersen@gmail.com','PetersenGordon');
INSERT INTO Students VALUES (620064305,'UNDERGRAD','01-01-2020');
INSERT INTO Enrolled (u_id,courseCode) VALUES (620064305,'ECON1645'),(620064305,'COMP3697'),(620064305,'BIOC1725');
INSERT INTO Users VALUES (620064306,'George','Dunn','GeorgeDunn@gmail.com','DunnGeorge');
INSERT INTO Students VALUES (620064306,'UNDERGRAD','01-01-2020');
INSERT INTO Enrolled (u_id,courseCode) VALUES (620064306,'PHYS3729'),(620064306,'PHYS3659'),(620064306,'COMP2077'),(620064306,'ECON1996'),(620064306,'INFO1447');
INSERT INTO Users VALUES (620064307,'Cheryl','Meisner','CherylMeisner@gmail.com','MeisnerCheryl');
INSERT INTO Students VALUES (620064307,'UNDERGRAD','01-01-2020');
INSERT INTO Enrolled (u_id,courseCode) VALUES (620064307,'MATH2957'),(620064307,'PHYS3354'),(620064307,'INFO3603'),(620064307,'COMP2077'),(620064307,'INFO2950');
INSERT INTO Users VALUES (620064308,'Rhoda','Mcalister','RhodaMcalister@gmail.com','McalisterRhoda');
INSERT INTO Students VALUES (620064308,'UNDERGRAD','01-01-2020');
INSERT INTO Enrolled (u_id,courseCode) VALUES (620064308,'ECON1230'),(620064308,'ECON3447'),(620064308,'PHYS3659'),(620064308,'INFO2860'),(620064308,'ECON3311');
INSERT INTO Users VALUES (620064309,'Aaron','Pearson','AaronPearson@gmail.com','PearsonAaron');
INSERT INTO Students VALUES (620064309,'UNDERGRAD','01-01-2020');
INSERT INTO Enrolled (u_id,courseCode) VALUES (620064309,'PHYS1979'),(620064309,'PHYS2563'),(620064309,'CHEM2697'),(620064309,'CHEM2005'),(620064309,'BIOC3230'),(620064309,'ECON3276');
INSERT INTO Users VALUES (620064310,'Gina','Kaupp','GinaKaupp@gmail.com','KauppGina');
INSERT INTO Students VALUES (620064310,'UNDERGRAD','01-01-2020');
INSERT INTO Enrolled (u_id,courseCode) VALUES (620064310,'PHYS2117'),(620064310,'INFO1990'),(620064310,'COMP2080'),(620064310,'INFO3419'),(620064310,'INFO2950'),(620064310,'MATH2873');
INSERT INTO Users VALUES (620064311,'Mildred','Klein','MildredKlein@gmail.com','KleinMildred');
INSERT INTO Students VALUES (620064311,'UNDERGRAD','01-01-2020');
INSERT INTO Enrolled (u_id,courseCode) VALUES (620064311,'PHYS1173'),(620064311,'MATH3688'),(620064311,'ECON3447'),(620064311,'INFO2716'),(620064311,'COMP1460');
INSERT INTO Users VALUES (620064312,'Eunice','Rivera','EuniceRivera@gmail.com','RiveraEunice');
INSERT INTO Students VALUES (620064312,'UNDERGRAD','01-01-2020');
INSERT INTO Enrolled (u_id,courseCode) VALUES (620064312,'INFO1990'),(620064312,'COMP3238'),(620064312,'PHYS3354'),(620064312,'MATH2801'),(620064312,'CHEM2797'),(620064312,'INFO3603');
INSERT INTO Users VALUES (620064313,'Betty','Shane','BettyShane@gmail.com','ShaneBetty');
INSERT INTO Students VALUES (620064313,'UNDERGRAD','01-01-2020');
INSERT INTO Enrolled (u_id,courseCode) VALUES (620064313,'BIOC2550'),(620064313,'PHYS2306'),(620064313,'INFO2270'),(620064313,'BIOC1744');
INSERT INTO Users VALUES (620064314,'Anderson','Cardona','AndersonCardona@gmail.com','CardonaAnderson');
INSERT INTO Students VALUES (620064314,'UNDERGRAD','01-01-2020');
INSERT INTO Enrolled (u_id,courseCode) VALUES (620064314,'MATH3029'),(620064314,'CHEM3793'),(620064314,'ECON3737'),(620064314,'PHYS2113'),(620064314,'COMP3697');
INSERT INTO Users VALUES (620064315,'Cassie','Rivera','CassieRivera@gmail.com','RiveraCassie');
INSERT INTO Students VALUES (620064315,'UNDERGRAD','01-01-2020');
INSERT INTO Enrolled (u_id,courseCode) VALUES (620064315,'CHEM1613'),(620064315,'CHEM1485'),(620064315,'CHEM2177'),(620064315,'PHYS3464'),(620064315,'MATH2188'),(620064315,'ECON1561');
INSERT INTO Users VALUES (620064316,'Bryon','Nelson','BryonNelson@gmail.com','NelsonBryon');
INSERT INTO Students VALUES (620064316,'UNDERGRAD','01-01-2020');
INSERT INTO Enrolled (u_id,courseCode) VALUES (620064316,'INFO3645'),(620064316,'MATH2801'),(620064316,'CHEM1340'),(620064316,'BIOC2054');
INSERT INTO Users VALUES (620064317,'Rebecca','Shane','RebeccaShane@gmail.com','ShaneRebecca');
INSERT INTO Students VALUES (620064317,'UNDERGRAD','01-01-2020');
INSERT INTO Enrolled (u_id,courseCode) VALUES (620064317,'COMP2080'),(620064317,'INFO1014'),(620064317,'COMP1460');
INSERT INTO Users VALUES (620064318,'Tracy','Danker','TracyDanker@gmail.com','DankerTracy');
INSERT INTO Students VALUES (620064318,'UNDERGRAD','01-01-2020');
INSERT INTO Enrolled (u_id,courseCode) VALUES (620064318,'BIOC2983'),(620064318,'CHEM3409'),(620064318,'CHEM2005');
INSERT INTO Users VALUES (620064319,'Adelle','Hunter','AdelleHunter@gmail.com','HunterAdelle');
INSERT INTO Students VALUES (620064319,'UNDERGRAD','01-01-2020');
INSERT INTO Enrolled (u_id,courseCode) VALUES (620064319,'BIOC2589'),(620064319,'ECON3550'),(620064319,'ECON3085'),(620064319,'COMP3849'),(620064319,'BIOC3604'),(620064319,'INFO2337');
INSERT INTO Users VALUES (620064320,'Taylor','Stallings','TaylorStallings@gmail.com','StallingsTaylor');
INSERT INTO Students VALUES (620064320,'UNDERGRAD','01-01-2020');
INSERT INTO Enrolled (u_id,courseCode) VALUES (620064320,'PHYS2238'),(620064320,'COMP1184'),(620064320,'CHEM2066'),(620064320,'CHEM2065');
INSERT INTO Users VALUES (620064321,'Shonda','Marshall','ShondaMarshall@gmail.com','MarshallShonda');
INSERT INTO Students VALUES (620064321,'UNDERGRAD','01-01-2020');
INSERT INTO Enrolled (u_id,courseCode) VALUES (620064321,'COMP2541'),(620064321,'ECON2814'),(620064321,'MATH2957'),(620064321,'PHYS2117'),(620064321,'MATH2873'),(620064321,'PHYS2238');
INSERT INTO Users VALUES (620064322,'Flora','Best','FloraBest@gmail.com','BestFlora');
INSERT INTO Students VALUES (620064322,'UNDERGRAD','01-01-2020');
INSERT INTO Enrolled (u_id,courseCode) VALUES (620064322,'ECON1561'),(620064322,'COMP2077'),(620064322,'COMP3746'),(620064322,'CHEM2626');
INSERT INTO Users VALUES (620064323,'Peter','Pedersen','PeterPedersen@gmail.com','PedersenPeter');
INSERT INTO Students VALUES (620064323,'UNDERGRAD','01-01-2020');
INSERT INTO Enrolled (u_id,courseCode) VALUES (620064323,'INFO3868'),(620064323,'MATH1735'),(620064323,'ECON1645');
INSERT INTO Users VALUES (620064324,'Wanda','Johnson','WandaJohnson@gmail.com','JohnsonWanda');
INSERT INTO Students VALUES (620064324,'UNDERGRAD','01-01-2020');
INSERT INTO Enrolled (u_id,courseCode) VALUES (620064324,'BIOC3457'),(620064324,'MATH3029'),(620064324,'MATH2550'),(620064324,'PHYS2448'),(620064324,'ECON1645'),(620064324,'ECON3737');
INSERT INTO Users VALUES (620064325,'Milton','May','MiltonMay@gmail.com','MayMilton');
INSERT INTO Students VALUES (620064325,'UNDERGRAD','01-01-2020');
INSERT INTO Enrolled (u_id,courseCode) VALUES (620064325,'ECON3020'),(620064325,'PHYS1993'),(620064325,'MATH2957'),(620064325,'PHYS2113');
INSERT INTO Users VALUES (620064326,'Vanessa','Smith','VanessaSmith@gmail.com','SmithVanessa');
INSERT INTO Students VALUES (620064326,'UNDERGRAD','01-01-2020');
INSERT INTO Enrolled (u_id,courseCode) VALUES (620064326,'BIOC2550'),(620064326,'BIOC2589'),(620064326,'BIOC1485'),(620064326,'CHEM3617'),(620064326,'BIOC1986'),(620064326,'COMP3418');
INSERT INTO Users VALUES (620064327,'James','Crites','JamesCrites@gmail.com','CritesJames');
INSERT INTO Students VALUES (620064327,'UNDERGRAD','01-01-2020');
INSERT INTO Enrolled (u_id,courseCode) VALUES (620064327,'CHEM2727'),(620064327,'ECON3020'),(620064327,'INFO1242'),(620064327,'MATH2501'),(620064327,'CHEM2626');
INSERT INTO Users VALUES (620064328,'Chris','Walley','ChrisWalley@gmail.com','WalleyChris');
INSERT INTO Students VALUES (620064328,'UNDERGRAD','01-01-2020');
INSERT INTO Enrolled (u_id,courseCode) VALUES (620064328,'ECON1012'),(620064328,'PHYS2306'),(620064328,'CHEM2220');
INSERT INTO Users VALUES (620064329,'Gabriel','Walley','GabrielWalley@gmail.com','WalleyGabriel');
INSERT INTO Students VALUES (620064329,'UNDERGRAD','01-01-2020');
INSERT INTO Enrolled (u_id,courseCode) VALUES (620064329,'CHEM3409'),(620064329,'PHYS3876'),(620064329,'COMP2541');
INSERT INTO Users VALUES (620064330,'Ronald','Carlson','RonaldCarlson@gmail.com','CarlsonRonald');
INSERT INTO Students VALUES (620064330,'UNDERGRAD','01-01-2020');
INSERT INTO Enrolled (u_id,courseCode) VALUES (620064330,'CHEM2177'),(620064330,'BIOC1598'),(620064330,'ECON3281'),(620064330,'INFO3603');
INSERT INTO Users VALUES (620064331,'Carolyn','Rivera','CarolynRivera@gmail.com','RiveraCarolyn');
INSERT INTO Students VALUES (620064331,'UNDERGRAD','01-01-2020');
INSERT INTO Enrolled (u_id,courseCode) VALUES (620064331,'PHYS2238'),(620064331,'CHEM3327'),(620064331,'COMP3639'),(620064331,'COMP3746');
INSERT INTO Users VALUES (620064332,'Keith','Wolfe','KeithWolfe@gmail.com','WolfeKeith');
INSERT INTO Students VALUES (620064332,'UNDERGRAD','01-01-2020');
INSERT INTO Enrolled (u_id,courseCode) VALUES (620064332,'COMP3506'),(620064332,'MATH3222'),(620064332,'BIOC1598'),(620064332,'CHEM1807'),(620064332,'PHYS2667'),(620064332,'ECON1996');
INSERT INTO Users VALUES (620064333,'Dora','May','DoraMay@gmail.com','MayDora');
INSERT INTO Students VALUES (620064333,'UNDERGRAD','01-01-2020');
INSERT INTO Enrolled (u_id,courseCode) VALUES (620064333,'MATH3029'),(620064333,'MATH3173'),(620064333,'MATH3209'),(620064333,'COMP3238'),(620064333,'COMP3639'),(620064333,'INFO3645');
INSERT INTO Users VALUES (620064334,'Manuel','Jaworski','ManuelJaworski@gmail.com','JaworskiManuel');
INSERT INTO Students VALUES (620064334,'UNDERGRAD','01-01-2020');
INSERT INTO Enrolled (u_id,courseCode) VALUES (620064334,'MATH2801'),(620064334,'ECON1589'),(620064334,'INFO3636'),(620064334,'MATH2873'),(620064334,'COMP3639');
INSERT INTO Users VALUES (620064335,'Dwayne','Duffie','DwayneDuffie@gmail.com','DuffieDwayne');
INSERT INTO Students VALUES (620064335,'UNDERGRAD','01-01-2020');
INSERT INTO Enrolled (u_id,courseCode) VALUES (620064335,'INFO1648'),(620064335,'CHEM1807'),(620064335,'MATH3209');
INSERT INTO Users VALUES (620064336,'Rebecca','Walden','RebeccaWalden@gmail.com','WaldenRebecca');
INSERT INTO Students VALUES (620064336,'UNDERGRAD','01-01-2020');
INSERT INTO Enrolled (u_id,courseCode) VALUES (620064336,'MATH2957'),(620064336,'MATH1972'),(620064336,'PHYS1979'),(620064336,'CHEM2065'),(620064336,'BIOC3721');
INSERT INTO Users VALUES (620064337,'Leo','Hanks','LeoHanks@gmail.com','HanksLeo');
INSERT INTO Students VALUES (620064337,'UNDERGRAD','01-01-2020');
INSERT INTO Enrolled (u_id,courseCode) VALUES (620064337,'MATH3844'),(620064337,'INFO3935'),(620064337,'INFO2213'),(620064337,'MATH2188'),(620064337,'PHYS2667');
INSERT INTO Users VALUES (620064338,'Brian','Stovall','BrianStovall@gmail.com','StovallBrian');
INSERT INTO Students VALUES (620064338,'UNDERGRAD','01-01-2020');
INSERT INTO Enrolled (u_id,courseCode) VALUES (620064338,'MATH1735'),(620064338,'CHEM3054'),(620064338,'MATH2801'),(620064338,'MATH1648'),(620064338,'BIOC2983'),(620064338,'MATH3688');
INSERT INTO Users VALUES (620064339,'Melanie','Jefferson','MelanieJefferson@gmail.com','JeffersonMelanie');
INSERT INTO Students VALUES (620064339,'UNDERGRAD','01-01-2020');
INSERT INTO Enrolled (u_id,courseCode) VALUES (620064339,'ECON3523'),(620064339,'MATH2188'),(620064339,'PHYS1140'),(620064339,'CHEM3614');
INSERT INTO Users VALUES (620064340,'Vivian','Henderson','VivianHenderson@gmail.com','HendersonVivian');
INSERT INTO Students VALUES (620064340,'UNDERGRAD','01-01-2020');
INSERT INTO Enrolled (u_id,courseCode) VALUES (620064340,'ECON3063'),(620064340,'MATH3179'),(620064340,'ECON3004'),(620064340,'COMP3506'),(620064340,'MATH1578');
INSERT INTO Users VALUES (620064341,'Dora','Guidry','DoraGuidry@gmail.com','GuidryDora');
INSERT INTO Students VALUES (620064341,'UNDERGRAD','01-01-2020');
INSERT INTO Enrolled (u_id,courseCode) VALUES (620064341,'ECON1098'),(620064341,'MATH3857'),(620064341,'COMP1573'),(620064341,'MATH3029'),(620064341,'COMP2361'),(620064341,'PHYS3686');
INSERT INTO Users VALUES (620064342,'Linda','King','LindaKing@gmail.com','KingLinda');
INSERT INTO Students VALUES (620064342,'UNDERGRAD','01-01-2020');
INSERT INTO Enrolled (u_id,courseCode) VALUES (620064342,'ECON1170'),(620064342,'MATH1972'),(620064342,'COMP3697'),(620064342,'COMP3746');
INSERT INTO Users VALUES (620064343,'Dora','Myrick','DoraMyrick@gmail.com','MyrickDora');
INSERT INTO Students VALUES (620064343,'UNDERGRAD','01-01-2020');
INSERT INTO Enrolled (u_id,courseCode) VALUES (620064343,'CHEM2220'),(620064343,'MATH1972'),(620064343,'MATH3544'),(620064343,'MATH3029'),(620064343,'ECON1996'),(620064343,'BIOC1448');
INSERT INTO Users VALUES (620064344,'Ralph','Nighman','RalphNighman@gmail.com','NighmanRalph');
INSERT INTO Students VALUES (620064344,'UNDERGRAD','01-01-2020');
INSERT INTO Enrolled (u_id,courseCode) VALUES (620064344,'ECON1589'),(620064344,'COMP3639'),(620064344,'BIOC1104'),(620064344,'PHYS3354'),(620064344,'ECON1170');
INSERT INTO Users VALUES (620064345,'Shane','Smith','ShaneSmith@gmail.com','SmithShane');
INSERT INTO Students VALUES (620064345,'UNDERGRAD','01-01-2020');
INSERT INTO Enrolled (u_id,courseCode) VALUES (620064345,'CHEM2149'),(620064345,'PHYS3339'),(620064345,'CHEM3617');
INSERT INTO Users VALUES (620064346,'Brooke','Best','BrookeBest@gmail.com','BestBrooke');
INSERT INTO Students VALUES (620064346,'UNDERGRAD','01-01-2020');
INSERT INTO Enrolled (u_id,courseCode) VALUES (620064346,'COMP2400'),(620064346,'PHYS2977'),(620064346,'MATH1148');
INSERT INTO Users VALUES (620064347,'Richard','Cardona','RichardCardona@gmail.com','CardonaRichard');
INSERT INTO Students VALUES (620064347,'UNDERGRAD','01-01-2020');
INSERT INTO Enrolled (u_id,courseCode) VALUES (620064347,'BIOC1866'),(620064347,'BIOC1534'),(620064347,'PHYS2338'),(620064347,'INFO1825');
INSERT INTO Users VALUES (620064348,'Denise','Kent','DeniseKent@gmail.com','KentDenise');
INSERT INTO Students VALUES (620064348,'UNDERGRAD','01-01-2020');
INSERT INTO Enrolled (u_id,courseCode) VALUES (620064348,'MATH2717'),(620064348,'CHEM2005'),(620064348,'INFO1242'),(620064348,'INFO1990'),(620064348,'MATH3179'),(620064348,'COMP3084');
INSERT INTO Users VALUES (620064349,'Joy','Boyer','JoyBoyer@gmail.com','BoyerJoy');
INSERT INTO Students VALUES (620064349,'UNDERGRAD','01-01-2020');
INSERT INTO Enrolled (u_id,courseCode) VALUES (620064349,'BIOC1104'),(620064349,'PHYS3729'),(620064349,'PHYS3339'),(620064349,'PHYS2338'),(620064349,'COMP1867');
INSERT INTO Users VALUES (620064350,'Patricia','Sandlin','PatriciaSandlin@gmail.com','SandlinPatricia');
INSERT INTO Students VALUES (620064350,'UNDERGRAD','01-01-2020');
INSERT INTO Enrolled (u_id,courseCode) VALUES (620064350,'PHYS2117'),(620064350,'CHEM3617'),(620064350,'INFO2147'),(620064350,'BIOC1725');
INSERT INTO Users VALUES (620064351,'Robert','Krause','RobertKrause@gmail.com','KrauseRobert');
INSERT INTO Students VALUES (620064351,'UNDERGRAD','01-01-2020');
INSERT INTO Enrolled (u_id,courseCode) VALUES (620064351,'INFO1447'),(620064351,'PHYS2338'),(620064351,'ECON1498'),(620064351,'CHEM2005'),(620064351,'BIOC1744'),(620064351,'ECON1230');
INSERT INTO Users VALUES (620064352,'Mary','Maze','MaryMaze@gmail.com','MazeMary');
INSERT INTO Students VALUES (620064352,'UNDERGRAD','01-01-2020');
INSERT INTO Enrolled (u_id,courseCode) VALUES (620064352,'PHYS1979'),(620064352,'PHYS2667'),(620064352,'BIOC1052'),(620064352,'CHEM2005');
INSERT INTO Users VALUES (620064353,'Evelyn','Taylor','EvelynTaylor@gmail.com','TaylorEvelyn');
INSERT INTO Students VALUES (620064353,'UNDERGRAD','01-01-2020');
INSERT INTO Enrolled (u_id,courseCode) VALUES (620064353,'CHEM2626'),(620064353,'ECON3372'),(620064353,'ECON2814'),(620064353,'ECON3288'),(620064353,'CHEM2604'),(620064353,'COMP3506');
INSERT INTO Users VALUES (620064354,'Frances','Ramlall','FrancesRamlall@gmail.com','RamlallFrances');
INSERT INTO Students VALUES (620064354,'UNDERGRAD','01-01-2020');
INSERT INTO Enrolled (u_id,courseCode) VALUES (620064354,'PHYS2338'),(620064354,'BIOC1448'),(620064354,'COMP2077'),(620064354,'PHYS2977'),(620064354,'ECON1012');
INSERT INTO Users VALUES (620064355,'Miss','Scully','MissScully@gmail.com','ScullyMiss');
INSERT INTO Students VALUES (620064355,'UNDERGRAD','01-01-2020');
INSERT INTO Enrolled (u_id,courseCode) VALUES (620064355,'PHYS3686'),(620064355,'PHYS2338'),(620064355,'BIOC1164');
INSERT INTO Users VALUES (620064356,'Trina','Johnson','TrinaJohnson@gmail.com','JohnsonTrina');
INSERT INTO Students VALUES (620064356,'UNDERGRAD','01-01-2020');
INSERT INTO Enrolled (u_id,courseCode) VALUES (620064356,'ECON1498'),(620064356,'ECON3550'),(620064356,'PHYS2338'),(620064356,'COMP2077');
INSERT INTO Users VALUES (620064357,'Delmar','Truong','DelmarTruong@gmail.com','TruongDelmar');
INSERT INTO Students VALUES (620064357,'UNDERGRAD','01-01-2020');
INSERT INTO Enrolled (u_id,courseCode) VALUES (620064357,'MATH3059'),(620064357,'ECON3281'),(620064357,'CHEM2697'),(620064357,'COMP1051'),(620064357,'INFO1447'),(620064357,'BIOC2550');
INSERT INTO Users VALUES (620064358,'Leo','Lockwood','LeoLockwood@gmail.com','LockwoodLeo');
INSERT INTO Students VALUES (620064358,'UNDERGRAD','01-01-2020');
INSERT INTO Enrolled (u_id,courseCode) VALUES (620064358,'PHYS3686'),(620064358,'PHYS2977'),(620064358,'MATH1648');
INSERT INTO Users VALUES (620064359,'Joy','Hanks','JoyHanks@gmail.com','HanksJoy');
INSERT INTO Students VALUES (620064359,'UNDERGRAD','01-01-2020');
INSERT INTO Enrolled (u_id,courseCode) VALUES (620064359,'INFO2559'),(620064359,'BIOC3604'),(620064359,'PHYS2117'),(620064359,'CHEM3409'),(620064359,'CHEM2177');
INSERT INTO Users VALUES (620064360,'Angela','Harms','AngelaHarms@gmail.com','HarmsAngela');
INSERT INTO Students VALUES (620064360,'UNDERGRAD','01-01-2020');
INSERT INTO Enrolled (u_id,courseCode) VALUES (620064360,'CHEM2065'),(620064360,'ECON1783'),(620064360,'ECON1996'),(620064360,'BIOC1910'),(620064360,'ECON3276');
INSERT INTO Users VALUES (620064361,'Jennifer','Lowrey','JenniferLowrey@gmail.com','LowreyJennifer');
INSERT INTO Students VALUES (620064361,'UNDERGRAD','01-01-2020');
INSERT INTO Enrolled (u_id,courseCode) VALUES (620064361,'MATH3613'),(620064361,'CHEM3617'),(620064361,'INFO1242'),(620064361,'BIOC1598');
INSERT INTO Users VALUES (620064362,'Edna','Crawford','EdnaCrawford@gmail.com','CrawfordEdna');
INSERT INTO Students VALUES (620064362,'UNDERGRAD','01-01-2020');
INSERT INTO Enrolled (u_id,courseCode) VALUES (620064362,'CHEM2005'),(620064362,'INFO2636'),(620064362,'INFO2813'),(620064362,'ECON1996'),(620064362,'INFO3935');
INSERT INTO Users VALUES (620064363,'Judith','Ratterman','JudithRatterman@gmail.com','RattermanJudith');
INSERT INTO Students VALUES (620064363,'UNDERGRAD','01-01-2020');
INSERT INTO Enrolled (u_id,courseCode) VALUES (620064363,'INFO2797'),(620064363,'MATH2555'),(620064363,'COMP2651'),(620064363,'MATH1262');
INSERT INTO Users VALUES (620064364,'Warren','Hauser','WarrenHauser@gmail.com','HauserWarren');
INSERT INTO Students VALUES (620064364,'UNDERGRAD','01-01-2020');
INSERT INTO Enrolled (u_id,courseCode) VALUES (620064364,'INFO2716'),(620064364,'ECON1098'),(620064364,'COMP2541');
INSERT INTO Users VALUES (620064365,'Weldon','Schilling','WeldonSchilling@gmail.com','SchillingWeldon');
INSERT INTO Students VALUES (620064365,'UNDERGRAD','01-01-2020');
INSERT INTO Enrolled (u_id,courseCode) VALUES (620064365,'ECON3447'),(620064365,'MATH3179'),(620064365,'BIOC1164'),(620064365,'COMP1357'),(620064365,'ECON3737'),(620064365,'INFO1447');
INSERT INTO Users VALUES (620064366,'Patsy','Wengerd','PatsyWengerd@gmail.com','WengerdPatsy');
INSERT INTO Students VALUES (620064366,'UNDERGRAD','01-01-2020');
INSERT INTO Enrolled (u_id,courseCode) VALUES (620064366,'MATH3613'),(620064366,'ECON3085'),(620064366,'ECON2703'),(620064366,'COMP1867'),(620064366,'BIOC1164');
INSERT INTO Users VALUES (620064367,'Esmeralda','Rice','EsmeraldaRice@gmail.com','RiceEsmeralda');
INSERT INTO Students VALUES (620064367,'UNDERGRAD','01-01-2020');
INSERT INTO Enrolled (u_id,courseCode) VALUES (620064367,'BIOC1448'),(620064367,'CHEM3614'),(620064367,'CHEM3054'),(620064367,'INFO2797'),(620064367,'CHEM2220');
INSERT INTO Users VALUES (620064368,'Carolyn','Moore','CarolynMoore@gmail.com','MooreCarolyn');
INSERT INTO Students VALUES (620064368,'UNDERGRAD','01-01-2020');
INSERT INTO Enrolled (u_id,courseCode) VALUES (620064368,'PHYS2448'),(620064368,'COMP3746'),(620064368,'INFO2860');
INSERT INTO Users VALUES (620064369,'Rick','Scarbrough','RickScarbrough@gmail.com','ScarbroughRick');
INSERT INTO Students VALUES (620064369,'UNDERGRAD','01-01-2020');
INSERT INTO Enrolled (u_id,courseCode) VALUES (620064369,'INFO2950'),(620064369,'MATH2801'),(620064369,'ECON1098');
INSERT INTO Users VALUES (620064370,'Lois','Bennett','LoisBennett@gmail.com','BennettLois');
INSERT INTO Students VALUES (620064370,'UNDERGRAD','01-01-2020');
INSERT INTO Enrolled (u_id,courseCode) VALUES (620064370,'PHYS1993'),(620064370,'COMP2400'),(620064370,'PHYS2448'),(620064370,'COMP3536');
INSERT INTO Users VALUES (620064371,'Colin','Mance','ColinMance@gmail.com','ManceColin');
INSERT INTO Students VALUES (620064371,'UNDERGRAD','01-01-2020');
INSERT INTO Enrolled (u_id,courseCode) VALUES (620064371,'MATH2067'),(620064371,'INFO2559'),(620064371,'COMP2077'),(620064371,'COMP3238');
INSERT INTO Users VALUES (620064372,'Philip','Gondek','PhilipGondek@gmail.com','GondekPhilip');
INSERT INTO Students VALUES (620064372,'UNDERGRAD','01-01-2020');
INSERT INTO Enrolled (u_id,courseCode) VALUES (620064372,'CHEM1807'),(620064372,'INFO2521'),(620064372,'CHEM2797');
INSERT INTO Users VALUES (620064373,'Dawn','Atkins','DawnAtkins@gmail.com','AtkinsDawn');
INSERT INTO Students VALUES (620064373,'UNDERGRAD','01-01-2020');
INSERT INTO Enrolled (u_id,courseCode) VALUES (620064373,'CHEM3747'),(620064373,'CHEM1340'),(620064373,'PHYS3290'),(620064373,'INFO1447');
INSERT INTO Users VALUES (620064374,'Sharon','Flowers','SharonFlowers@gmail.com','FlowersSharon');
INSERT INTO Students VALUES (620064374,'UNDERGRAD','01-01-2020');
INSERT INTO Enrolled (u_id,courseCode) VALUES (620064374,'COMP1543'),(620064374,'ECON2722'),(620064374,'ECON3020'),(620064374,'ECON1012');
INSERT INTO Users VALUES (620064375,'Anderson','Hauser','AndersonHauser@gmail.com','HauserAnderson');
INSERT INTO Students VALUES (620064375,'UNDERGRAD','01-01-2020');
INSERT INTO Enrolled (u_id,courseCode) VALUES (620064375,'COMP2717'),(620064375,'INFO2270'),(620064375,'ECON1098');
INSERT INTO Users VALUES (620064376,'Bernie','Miller','BernieMiller@gmail.com','MillerBernie');
INSERT INTO Students VALUES (620064376,'UNDERGRAD','01-01-2020');
INSERT INTO Enrolled (u_id,courseCode) VALUES (620064376,'ECON3372'),(620064376,'BIOC1598'),(620064376,'MATH3029'),(620064376,'MATH2550'),(620064376,'CHEM2867');
INSERT INTO Users VALUES (620064377,'Francis','Mance','FrancisMance@gmail.com','ManceFrancis');
INSERT INTO Students VALUES (620064377,'UNDERGRAD','01-01-2020');
INSERT INTO Enrolled (u_id,courseCode) VALUES (620064377,'MATH2550'),(620064377,'CHEM2697'),(620064377,'COMP2965'),(620064377,'ECON1012');
INSERT INTO Users VALUES (620064378,'Jewell','Shattuck','JewellShattuck@gmail.com','ShattuckJewell');
INSERT INTO Students VALUES (620064378,'UNDERGRAD','01-01-2020');
INSERT INTO Enrolled (u_id,courseCode) VALUES (620064378,'COMP2077'),(620064378,'MATH1309'),(620064378,'CHEM2446'),(620064378,'INFO2147'),(620064378,'COMP2651');
INSERT INTO Users VALUES (620064379,'Adelia','Wurdeman','AdeliaWurdeman@gmail.com','WurdemanAdelia');
INSERT INTO Students VALUES (620064379,'UNDERGRAD','01-01-2020');
INSERT INTO Enrolled (u_id,courseCode) VALUES (620064379,'INFO1242'),(620064379,'CHEM3347'),(620064379,'PHYS3354'),(620064379,'INFO2270');
INSERT INTO Users VALUES (620064380,'Timothy','Burch','TimothyBurch@gmail.com','BurchTimothy');
INSERT INTO Students VALUES (620064380,'UNDERGRAD','01-01-2020');
INSERT INTO Enrolled (u_id,courseCode) VALUES (620064380,'COMP1357'),(620064380,'CHEM2065'),(620064380,'MATH3844'),(620064380,'INFO3636');
INSERT INTO Users VALUES (620064381,'Barbara','Hernandez','BarbaraHernandez@gmail.com','HernandezBarbara');
INSERT INTO Students VALUES (620064381,'UNDERGRAD','01-01-2020');
INSERT INTO Enrolled (u_id,courseCode) VALUES (620064381,'BIOC1725'),(620064381,'COMP3167'),(620064381,'COMP2717'),(620064381,'COMP2651'),(620064381,'PHYS3052'),(620064381,'COMP1357');
INSERT INTO Users VALUES (620064382,'Frances','Terry','FrancesTerry@gmail.com','TerryFrances');
INSERT INTO Students VALUES (620064382,'UNDERGRAD','01-01-2020');
INSERT INTO Enrolled (u_id,courseCode) VALUES (620064382,'INFO2716'),(620064382,'MATH1578'),(620064382,'ECON2703');
INSERT INTO Users VALUES (620064383,'Sara','Winner','SaraWinner@gmail.com','WinnerSara');
INSERT INTO Students VALUES (620064383,'UNDERGRAD','01-01-2020');
INSERT INTO Enrolled (u_id,courseCode) VALUES (620064383,'PHYS3339'),(620064383,'CHEM1340'),(620064383,'INFO2337'),(620064383,'MATH3844'),(620064383,'COMP3685'),(620064383,'INFO2797');
INSERT INTO Users VALUES (620064384,'Elwood','Wesley','ElwoodWesley@gmail.com','WesleyElwood');
INSERT INTO Students VALUES (620064384,'UNDERGRAD','01-01-2020');
INSERT INTO Enrolled (u_id,courseCode) VALUES (620064384,'PHYS1930'),(620064384,'CHEM2066'),(620064384,'MATH1578'),(620064384,'ECON3311'),(620064384,'BIOC3721');
INSERT INTO Users VALUES (620064385,'Erin','Turner','ErinTurner@gmail.com','TurnerErin');
INSERT INTO Students VALUES (620064385,'UNDERGRAD','01-01-2020');
INSERT INTO Enrolled (u_id,courseCode) VALUES (620064385,'COMP1460'),(620064385,'MATH2957'),(620064385,'INFO2213');
INSERT INTO Users VALUES (620064386,'Elmer','Jaworski','ElmerJaworski@gmail.com','JaworskiElmer');
INSERT INTO Students VALUES (620064386,'UNDERGRAD','01-01-2020');
INSERT INTO Enrolled (u_id,courseCode) VALUES (620064386,'MATH3179'),(620064386,'CHEM3747'),(620064386,'COMP3536'),(620064386,'PHYS1979'),(620064386,'ECON2814'),(620064386,'INFO2147');
INSERT INTO Users VALUES (620064387,'Joy','Rivera','JoyRivera@gmail.com','RiveraJoy');
INSERT INTO Students VALUES (620064387,'UNDERGRAD','01-01-2020');
INSERT INTO Enrolled (u_id,courseCode) VALUES (620064387,'BIOC3230'),(620064387,'COMP3697'),(620064387,'BIOC3604'),(620064387,'ECON3311');
INSERT INTO Users VALUES (620064388,'Marcus','Pelletier','MarcusPelletier@gmail.com','PelletierMarcus');
INSERT INTO Students VALUES (620064388,'UNDERGRAD','01-01-2020');
INSERT INTO Enrolled (u_id,courseCode) VALUES (620064388,'COMP3418'),(620064388,'INFO1990'),(620064388,'ECON3276'),(620064388,'BIOC3341');
INSERT INTO Users VALUES (620064389,'Alfred','Mattingly','AlfredMattingly@gmail.com','MattinglyAlfred');
INSERT INTO Students VALUES (620064389,'UNDERGRAD','01-01-2020');
INSERT INTO Enrolled (u_id,courseCode) VALUES (620064389,'CHEM1485'),(620064389,'ECON2345'),(620064389,'PHYS2451');
INSERT INTO Users VALUES (620064390,'Josh','Allen','JoshAllen@gmail.com','AllenJosh');
INSERT INTO Students VALUES (620064390,'UNDERGRAD','01-01-2020');
INSERT INTO Enrolled (u_id,courseCode) VALUES (620064390,'BIOC1598'),(620064390,'INFO3935'),(620064390,'CHEM1340'),(620064390,'PHYS3464'),(620064390,'PHYS1930'),(620064390,'CHEM2066');
INSERT INTO Users VALUES (620064391,'Curtis','Steere','CurtisSteere@gmail.com','SteereCurtis');
INSERT INTO Students VALUES (620064391,'UNDERGRAD','01-01-2020');
INSERT INTO Enrolled (u_id,courseCode) VALUES (620064391,'INFO1447'),(620064391,'COMP3639'),(620064391,'COMP1184'),(620064391,'INFO2559'),(620064391,'INFO3935'),(620064391,'INFO3636');
INSERT INTO Users VALUES (620064392,'Donald','Ferretti','DonaldFerretti@gmail.com','FerrettiDonald');
INSERT INTO Students VALUES (620064392,'UNDERGRAD','01-01-2020');
INSERT INTO Enrolled (u_id,courseCode) VALUES (620064392,'PHYS2306'),(620064392,'MATH3209'),(620064392,'MATH2717'),(620064392,'MATH3857'),(620064392,'INFO2270'),(620064392,'COMP2361');
INSERT INTO Users VALUES (620064393,'Cassie','Lindstrom','CassieLindstrom@gmail.com','LindstromCassie');
INSERT INTO Students VALUES (620064393,'UNDERGRAD','01-01-2020');
INSERT INTO Enrolled (u_id,courseCode) VALUES (620064393,'BIOC1439'),(620064393,'ECON3228'),(620064393,'BIOC2671'),(620064393,'ECON3550'),(620064393,'PHYS2238');
INSERT INTO Users VALUES (620064394,'Ed','Hoyer','EdHoyer@gmail.com','HoyerEd');
INSERT INTO Students VALUES (620064394,'UNDERGRAD','01-01-2020');
INSERT INTO Enrolled (u_id,courseCode) VALUES (620064394,'ECON1561'),(620064394,'PHYS1173'),(620064394,'INFO2636'),(620064394,'MATH1309'),(620064394,'INFO3603'),(620064394,'ECON3372');
INSERT INTO Users VALUES (620064395,'Gloria','Alvarez','GloriaAlvarez@gmail.com','AlvarezGloria');
INSERT INTO Students VALUES (620064395,'UNDERGRAD','01-01-2020');
INSERT INTO Enrolled (u_id,courseCode) VALUES (620064395,'ECON3004'),(620064395,'PHYS1993'),(620064395,'CHEM2149');
INSERT INTO Users VALUES (620064396,'Susan','Alvarez','SusanAlvarez@gmail.com','AlvarezSusan');
INSERT INTO Students VALUES (620064396,'UNDERGRAD','01-01-2020');
INSERT INTO Enrolled (u_id,courseCode) VALUES (620064396,'MATH3173'),(620064396,'INFO1242'),(620064396,'ECON3523'),(620064396,'INFO3419');
INSERT INTO Users VALUES (620064397,'Traci','Nerbonne','TraciNerbonne@gmail.com','NerbonneTraci');
INSERT INTO Students VALUES (620064397,'UNDERGRAD','01-01-2020');
INSERT INTO Enrolled (u_id,courseCode) VALUES (620064397,'INFO2337'),(620064397,'BIOC1439'),(620064397,'CHEM2604'),(620064397,'COMP2541'),(620064397,'INFO1242');
INSERT INTO Users VALUES (620064398,'Ed','Bower','EdBower@gmail.com','BowerEd');
INSERT INTO Students VALUES (620064398,'UNDERGRAD','01-01-2020');
INSERT INTO Enrolled (u_id,courseCode) VALUES (620064398,'MATH1148'),(620064398,'BIOC1485'),(620064398,'PHYS3052'),(620064398,'ECON1589');
INSERT INTO Users VALUES (620064399,'Dawn','Calder','DawnCalder@gmail.com','CalderDawn');
INSERT INTO Students VALUES (620064399,'UNDERGRAD','01-01-2020');
INSERT INTO Enrolled (u_id,courseCode) VALUES (620064399,'ECON3447'),(620064399,'ECON1996'),(620064399,'MATH2873'),(620064399,'PHYS3464');
INSERT INTO Users VALUES (620064400,'Dwayne','Jensen','DwayneJensen@gmail.com','JensenDwayne');
INSERT INTO Students VALUES (620064400,'UNDERGRAD','01-01-2020');
INSERT INTO Enrolled (u_id,courseCode) VALUES (620064400,'COMP3418'),(620064400,'CHEM3747'),(620064400,'BIOC1448'),(620064400,'MATH3857'),(620064400,'ECON2345'),(620064400,'COMP3167');
INSERT INTO Users VALUES (620064401,'Homer','Mitchell','HomerMitchell@gmail.com','MitchellHomer');
INSERT INTO Students VALUES (620064401,'UNDERGRAD','01-01-2020');
INSERT INTO Enrolled (u_id,courseCode) VALUES (620064401,'MATH3209'),(620064401,'MATH1262'),(620064401,'CHEM2797'),(620064401,'COMP2965');
INSERT INTO Users VALUES (620064402,'Katherine','Laudat','KatherineLaudat@gmail.com','LaudatKatherine');
INSERT INTO Students VALUES (620064402,'UNDERGRAD','01-01-2020');
INSERT INTO Enrolled (u_id,courseCode) VALUES (620064402,'COMP2400'),(620064402,'PHYS2117'),(620064402,'COMP2717'),(620064402,'BIOC1598'),(620064402,'MATH3544');
INSERT INTO Users VALUES (620064403,'Ashleigh','Mcneill','AshleighMcneill@gmail.com','McneillAshleigh');
INSERT INTO Students VALUES (620064403,'UNDERGRAD','01-01-2020');
INSERT INTO Enrolled (u_id,courseCode) VALUES (620064403,'MATH2188'),(620064403,'CHEM2031'),(620064403,'ECON1996'),(620064403,'CHEM1485');
INSERT INTO Users VALUES (620064404,'Ashley','Citizen','AshleyCitizen@gmail.com','CitizenAshley');
INSERT INTO Students VALUES (620064404,'UNDERGRAD','01-01-2020');
INSERT INTO Enrolled (u_id,courseCode) VALUES (620064404,'ECON2703'),(620064404,'COMP2361'),(620064404,'ECON3989'),(620064404,'INFO2813');
INSERT INTO Users VALUES (620064405,'Ladawn','Huffman','LadawnHuffman@gmail.com','HuffmanLadawn');
INSERT INTO Students VALUES (620064405,'UNDERGRAD','01-01-2020');
INSERT INTO Enrolled (u_id,courseCode) VALUES (620064405,'CHEM3617'),(620064405,'COMP3506'),(620064405,'COMP1184'),(620064405,'PHYS2113'),(620064405,'BIOC3191'),(620064405,'ECON3372');
INSERT INTO Users VALUES (620064406,'Toby','Finkenbinder','TobyFinkenbinder@gmail.com','FinkenbinderToby');
INSERT INTO Students VALUES (620064406,'UNDERGRAD','01-01-2020');
INSERT INTO Enrolled (u_id,courseCode) VALUES (620064406,'PHYS3290'),(620064406,'ECON1230'),(620064406,'MATH3179'),(620064406,'MATH2188'),(620064406,'INFO2813'),(620064406,'ECON3737');
INSERT INTO Users VALUES (620064407,'Glenda','Nichols','GlendaNichols@gmail.com','NicholsGlenda');
INSERT INTO Students VALUES (620064407,'UNDERGRAD','01-01-2020');
INSERT INTO Enrolled (u_id,courseCode) VALUES (620064407,'ECON1783'),(620064407,'INFO2636'),(620064407,'COMP3639');
INSERT INTO Users VALUES (620064408,'Kimberly','Lundholm','KimberlyLundholm@gmail.com','LundholmKimberly');
INSERT INTO Students VALUES (620064408,'UNDERGRAD','01-01-2020');
INSERT INTO Enrolled (u_id,courseCode) VALUES (620064408,'COMP3506'),(620064408,'COMP1357'),(620064408,'ECON3228'),(620064408,'CHEM3793'),(620064408,'INFO1990');
INSERT INTO Users VALUES (620064409,'Dwayne','Brickey','DwayneBrickey@gmail.com','BrickeyDwayne');
INSERT INTO Students VALUES (620064409,'UNDERGRAD','01-01-2020');
INSERT INTO Enrolled (u_id,courseCode) VALUES (620064409,'BIOC3191'),(620064409,'INFO2813'),(620064409,'COMP3238');
INSERT INTO Users VALUES (620064410,'Nathan','Kenney','NathanKenney@gmail.com','KenneyNathan');
INSERT INTO Students VALUES (620064410,'UNDERGRAD','01-01-2020');
INSERT INTO Enrolled (u_id,courseCode) VALUES (620064410,'INFO2559'),(620064410,'BIOC2981'),(620064410,'MATH2957'),(620064410,'CHEM1485'),(620064410,'CHEM2727'),(620064410,'CHEM2031');
INSERT INTO Users VALUES (620064411,'Caroline','Hodge','CarolineHodge@gmail.com','HodgeCaroline');
INSERT INTO Students VALUES (620064411,'UNDERGRAD','01-01-2020');
INSERT INTO Enrolled (u_id,courseCode) VALUES (620064411,'CHEM3617'),(620064411,'MATH2873'),(620064411,'CHEM1485'),(620064411,'INFO2337'),(620064411,'INFO3868'),(620064411,'COMP1543');
INSERT INTO Users VALUES (620064412,'Bryan','Miraglia','BryanMiraglia@gmail.com','MiragliaBryan');
INSERT INTO Students VALUES (620064412,'UNDERGRAD','01-01-2020');
INSERT INTO Enrolled (u_id,courseCode) VALUES (620064412,'COMP1460'),(620064412,'MATH2188'),(620064412,'ECON3523'),(620064412,'PHYS2448'),(620064412,'BIOC1794');
INSERT INTO Users VALUES (620064413,'Adam','Stallings','AdamStallings@gmail.com','StallingsAdam');
INSERT INTO Students VALUES (620064413,'UNDERGRAD','01-01-2020');
INSERT INTO Enrolled (u_id,courseCode) VALUES (620064413,'BIOC3191'),(620064413,'MATH3688'),(620064413,'INFO2636'),(620064413,'PHYS2238'),(620064413,'COMP2361'),(620064413,'CHEM2481');
INSERT INTO Users VALUES (620064414,'Adelia','Vanhamlin','AdeliaVanhamlin@gmail.com','VanhamlinAdelia');
INSERT INTO Students VALUES (620064414,'UNDERGRAD','01-01-2020');
INSERT INTO Enrolled (u_id,courseCode) VALUES (620064414,'ECON3311'),(620064414,'INFO2811'),(620064414,'INFO1288'),(620064414,'BIOC1866'),(620064414,'ECON1098');
INSERT INTO Users VALUES (620064415,'Joseph','Burney','JosephBurney@gmail.com','BurneyJoseph');
INSERT INTO Students VALUES (620064415,'UNDERGRAD','01-01-2020');
INSERT INTO Enrolled (u_id,courseCode) VALUES (620064415,'BIOC1439'),(620064415,'BIOC1744'),(620064415,'COMP1460');
INSERT INTO Users VALUES (620064416,'Taylor','Brock','TaylorBrock@gmail.com','BrockTaylor');
INSERT INTO Students VALUES (620064416,'UNDERGRAD','01-01-2020');
INSERT INTO Enrolled (u_id,courseCode) VALUES (620064416,'COMP3167'),(620064416,'PHYS2306'),(620064416,'ECON1012'),(620064416,'COMP1357');
INSERT INTO Users VALUES (620064417,'Doris','Carrington','DorisCarrington@gmail.com','CarringtonDoris');
INSERT INTO Students VALUES (620064417,'UNDERGRAD','01-01-2020');
INSERT INTO Enrolled (u_id,courseCode) VALUES (620064417,'COMP3238'),(620064417,'ECON3372'),(620064417,'MATH2717');
INSERT INTO Users VALUES (620064418,'Francis','Mcclain','FrancisMcclain@gmail.com','McclainFrancis');
INSERT INTO Students VALUES (620064418,'UNDERGRAD','01-01-2020');
INSERT INTO Enrolled (u_id,courseCode) VALUES (620064418,'MATH1250'),(620064418,'COMP1543'),(620064418,'COMP3167');
INSERT INTO Users VALUES (620064419,'Rhoda','Hudson','RhodaHudson@gmail.com','HudsonRhoda');
INSERT INTO Students VALUES (620064419,'UNDERGRAD','01-01-2020');
INSERT INTO Enrolled (u_id,courseCode) VALUES (620064419,'BIOC1485'),(620064419,'COMP1184'),(620064419,'ECON3372'),(620064419,'BIOC1598');
INSERT INTO Users VALUES (620064420,'Frances','Waugh','FrancesWaugh@gmail.com','WaughFrances');
INSERT INTO Students VALUES (620064420,'UNDERGRAD','01-01-2020');
INSERT INTO Enrolled (u_id,courseCode) VALUES (620064420,'ECON3085'),(620064420,'ECON1458'),(620064420,'MATH3222'),(620064420,'PHYS2563'),(620064420,'MATH2501');
INSERT INTO Users VALUES (620064421,'Denise','Stallings','DeniseStallings@gmail.com','StallingsDenise');
INSERT INTO Students VALUES (620064421,'UNDERGRAD','01-01-2020');
INSERT INTO Enrolled (u_id,courseCode) VALUES (620064421,'ECON3004'),(620064421,'MATH2188'),(620064421,'COMP3746'),(620064421,'INFO2797'),(620064421,'COMP3506');
INSERT INTO Users VALUES (620064422,'Margaret','Carrillo','MargaretCarrillo@gmail.com','CarrilloMargaret');
INSERT INTO Students VALUES (620064422,'UNDERGRAD','01-01-2020');
INSERT INTO Enrolled (u_id,courseCode) VALUES (620064422,'BIOC3230'),(620064422,'BIOC2981'),(620064422,'BIOC1866');
INSERT INTO Users VALUES (620064423,'Debbie','Avery','DebbieAvery@gmail.com','AveryDebbie');
INSERT INTO Students VALUES (620064423,'UNDERGRAD','01-01-2020');
INSERT INTO Enrolled (u_id,courseCode) VALUES (620064423,'COMP1357'),(620064423,'INFO3636'),(620064423,'INFO2797'),(620064423,'INFO3935'),(620064423,'COMP3685');
INSERT INTO Users VALUES (620064424,'Debbie','Hayes','DebbieHayes@gmail.com','HayesDebbie');
INSERT INTO Students VALUES (620064424,'UNDERGRAD','01-01-2020');
INSERT INTO Enrolled (u_id,courseCode) VALUES (620064424,'ECON1098'),(620064424,'PHYS1399'),(620064424,'MATH2801');
INSERT INTO Users VALUES (620064425,'Anderson','Estrada','AndersonEstrada@gmail.com','EstradaAnderson');
INSERT INTO Students VALUES (620064425,'UNDERGRAD','01-01-2020');
INSERT INTO Enrolled (u_id,courseCode) VALUES (620064425,'COMP2080'),(620064425,'CHEM2604'),(620064425,'COMP2361');
INSERT INTO Users VALUES (620064426,'Rachel','Macpartland','RachelMacpartland@gmail.com','MacpartlandRachel');
INSERT INTO Students VALUES (620064426,'UNDERGRAD','01-01-2020');
INSERT INTO Enrolled (u_id,courseCode) VALUES (620064426,'BIOC1104'),(620064426,'MATH1578'),(620064426,'INFO1990'),(620064426,'PHYS1399'),(620064426,'INFO2270');
INSERT INTO Users VALUES (620064427,'Mason','Walley','MasonWalley@gmail.com','WalleyMason');
INSERT INTO Students VALUES (620064427,'UNDERGRAD','01-01-2020');
INSERT INTO Enrolled (u_id,courseCode) VALUES (620064427,'INFO2337'),(620064427,'MATH3613'),(620064427,'CHEM2065');
INSERT INTO Users VALUES (620064428,'Terri','Carlos','TerriCarlos@gmail.com','CarlosTerri');
INSERT INTO Students VALUES (620064428,'UNDERGRAD','01-01-2020');
INSERT INTO Enrolled (u_id,courseCode) VALUES (620064428,'BIOC2983'),(620064428,'PHYS1993'),(620064428,'ECON3372'),(620064428,'INFO2636'),(620064428,'MATH3688'),(620064428,'INFO2813');
INSERT INTO Users VALUES (620064429,'Trina','Barnett','TrinaBarnett@gmail.com','BarnettTrina');
INSERT INTO Students VALUES (620064429,'UNDERGRAD','01-01-2020');
INSERT INTO Enrolled (u_id,courseCode) VALUES (620064429,'CHEM2867'),(620064429,'BIOC1986'),(620064429,'PHYS1979'),(620064429,'INFO2521'),(620064429,'CHEM2446'),(620064429,'INFO1014');
INSERT INTO Users VALUES (620064430,'Walter','Avery','WalterAvery@gmail.com','AveryWalter');
INSERT INTO Students VALUES (620064430,'UNDERGRAD','01-01-2020');
INSERT INTO Enrolled (u_id,courseCode) VALUES (620064430,'COMP1573'),(620064430,'MATH3059'),(620064430,'MATH1648'),(620064430,'INFO2521'),(620064430,'PHYS2117'),(620064430,'ECON3523');
INSERT INTO Users VALUES (620064431,'Debbie','Wilbanks','DebbieWilbanks@gmail.com','WilbanksDebbie');
INSERT INTO Students VALUES (620064431,'UNDERGRAD','01-01-2020');
INSERT INTO Enrolled (u_id,courseCode) VALUES (620064431,'ECON3281'),(620064431,'ECON1645'),(620064431,'BIOC3341'),(620064431,'ECON3550'),(620064431,'COMP2361'),(620064431,'INFO3603');
INSERT INTO Users VALUES (620064432,'Denise','Jefferson','DeniseJefferson@gmail.com','JeffersonDenise');
INSERT INTO Students VALUES (620064432,'UNDERGRAD','01-01-2020');
INSERT INTO Enrolled (u_id,courseCode) VALUES (620064432,'BIOC3191'),(620064432,'ECON3281'),(620064432,'PHYS1930'),(620064432,'ECON3085'),(620064432,'INFO2147'),(620064432,'PHYS2229');
INSERT INTO Users VALUES (620064433,'Brian','Wesley','BrianWesley@gmail.com','WesleyBrian');
INSERT INTO Students VALUES (620064433,'UNDERGRAD','01-01-2020');
INSERT INTO Enrolled (u_id,courseCode) VALUES (620064433,'CHEM2220'),(620064433,'BIOC3191'),(620064433,'ECON2722'),(620064433,'ECON3737');
INSERT INTO Users VALUES (620064434,'Gabriel','Eaton','GabrielEaton@gmail.com','EatonGabriel');
INSERT INTO Students VALUES (620064434,'UNDERGRAD','01-01-2020');
INSERT INTO Enrolled (u_id,courseCode) VALUES (620064434,'CHEM2005'),(620064434,'CHEM2220'),(620064434,'CHEM2867'),(620064434,'PHYS2448'),(620064434,'COMP3697'),(620064434,'COMP2077');
INSERT INTO Users VALUES (620064435,'Brenda','Ryan','BrendaRyan@gmail.com','RyanBrenda');
INSERT INTO Students VALUES (620064435,'UNDERGRAD','01-01-2020');
INSERT INTO Enrolled (u_id,courseCode) VALUES (620064435,'INFO2147'),(620064435,'COMP3167'),(620064435,'MATH1735'),(620064435,'CHEM1613');
INSERT INTO Users VALUES (620064436,'Tim','James','TimJames@gmail.com','JamesTim');
INSERT INTO Students VALUES (620064436,'UNDERGRAD','01-01-2020');
INSERT INTO Enrolled (u_id,courseCode) VALUES (620064436,'CHEM2626'),(620064436,'PHYS3787'),(620064436,'PHYS2338'),(620064436,'MATH3688'),(620064436,'INFO2797');
INSERT INTO Users VALUES (620064437,'Elmer','Grinstead','ElmerGrinstead@gmail.com','GrinsteadElmer');
INSERT INTO Students VALUES (620064437,'UNDERGRAD','01-01-2020');
INSERT INTO Enrolled (u_id,courseCode) VALUES (620064437,'MATH3029'),(620064437,'CHEM2626'),(620064437,'MATH1454'),(620064437,'COMP2077'),(620064437,'CHEM1340'),(620064437,'CHEM2149');
INSERT INTO Users VALUES (620064438,'Janice','Quintero','JaniceQuintero@gmail.com','QuinteroJanice');
INSERT INTO Students VALUES (620064438,'UNDERGRAD','01-01-2020');
INSERT INTO Enrolled (u_id,courseCode) VALUES (620064438,'BIOC2589'),(620064438,'INFO2813'),(620064438,'MATH2717'),(620064438,'BIOC3341'),(620064438,'COMP2651');
INSERT INTO Users VALUES (620064439,'Ruby','Pantoja','RubyPantoja@gmail.com','PantojaRuby');
INSERT INTO Students VALUES (620064439,'UNDERGRAD','01-01-2020');
INSERT INTO Enrolled (u_id,courseCode) VALUES (620064439,'CHEM3054'),(620064439,'COMP3167'),(620064439,'CHEM2065'),(620064439,'COMP2400'),(620064439,'COMP2965'),(620064439,'INFO1833');
INSERT INTO Users VALUES (620064440,'Edna','Walley','EdnaWalley@gmail.com','WalleyEdna');
INSERT INTO Students VALUES (620064440,'UNDERGRAD','01-01-2020');
INSERT INTO Enrolled (u_id,courseCode) VALUES (620064440,'ECON3085'),(620064440,'INFO1833'),(620064440,'INFO1990'),(620064440,'PHYS1993');
INSERT INTO Users VALUES (620064441,'Tanya','Golden','TanyaGolden@gmail.com','GoldenTanya');
INSERT INTO Students VALUES (620064441,'UNDERGRAD','01-01-2020');
INSERT INTO Enrolled (u_id,courseCode) VALUES (620064441,'INFO1242'),(620064441,'BIOC1910'),(620064441,'MATH3173'),(620064441,'MATH1250');
INSERT INTO Users VALUES (620064442,'Katie','Alexander','KatieAlexander@gmail.com','AlexanderKatie');
INSERT INTO Students VALUES (620064442,'UNDERGRAD','01-01-2020');
INSERT INTO Enrolled (u_id,courseCode) VALUES (620064442,'BIOC1448'),(620064442,'COMP1573'),(620064442,'ECON1458'),(620064442,'INFO2213');
INSERT INTO Users VALUES (620064443,'Kathy','Ramlall','KathyRamlall@gmail.com','RamlallKathy');
INSERT INTO Students VALUES (620064443,'UNDERGRAD','01-01-2020');
INSERT INTO Enrolled (u_id,courseCode) VALUES (620064443,'INFO3645'),(620064443,'CHEM3614'),(620064443,'INFO3636'),(620064443,'ECON3004'),(620064443,'ECON3020'),(620064443,'INFO2270');
INSERT INTO Users VALUES (620064444,'Latoya','Fuller','LatoyaFuller@gmail.com','FullerLatoya');
INSERT INTO Students VALUES (620064444,'UNDERGRAD','01-01-2020');
INSERT INTO Enrolled (u_id,courseCode) VALUES (620064444,'CHEM3054'),(620064444,'MATH3613'),(620064444,'BIOC2981'),(620064444,'ECON3311');
INSERT INTO Users VALUES (620064445,'Daniel','Danker','DanielDanker@gmail.com','DankerDaniel');
INSERT INTO Students VALUES (620064445,'UNDERGRAD','01-01-2020');
INSERT INTO Enrolled (u_id,courseCode) VALUES (620064445,'COMP3084'),(620064445,'INFO2521'),(620064445,'PHYS1993');
INSERT INTO Users VALUES (620064446,'Gloria','Miles','GloriaMiles@gmail.com','MilesGloria');
INSERT INTO Students VALUES (620064446,'UNDERGRAD','01-01-2020');
INSERT INTO Enrolled (u_id,courseCode) VALUES (620064446,'BIOC2983'),(620064446,'PHYS1140'),(620064446,'INFO3868'),(620064446,'PHYS3686'),(620064446,'MATH1148');
INSERT INTO Users VALUES (620064447,'Kelly','Hernandez','KellyHernandez@gmail.com','HernandezKelly');
INSERT INTO Students VALUES (620064447,'UNDERGRAD','01-01-2020');
INSERT INTO Enrolled (u_id,courseCode) VALUES (620064447,'ECON1458'),(620064447,'CHEM1494'),(620064447,'ECON1498');
INSERT INTO Users VALUES (620064448,'Sarah','Uribe','SarahUribe@gmail.com','UribeSarah');
INSERT INTO Students VALUES (620064448,'UNDERGRAD','01-01-2020');
INSERT INTO Enrolled (u_id,courseCode) VALUES (620064448,'MATH2801'),(620064448,'ECON3550'),(620064448,'MATH1250'),(620064448,'BIOC1052'),(620064448,'INFO3935');
INSERT INTO Users VALUES (620064449,'Thomas','Joaquin','ThomasJoaquin@gmail.com','JoaquinThomas');
INSERT INTO Students VALUES (620064449,'UNDERGRAD','01-01-2020');
INSERT INTO Enrolled (u_id,courseCode) VALUES (620064449,'CHEM1807'),(620064449,'BIOC1104'),(620064449,'CHEM2446'),(620064449,'ECON1098'),(620064449,'BIOC2589'),(620064449,'BIOC2981');
INSERT INTO Users VALUES (620064450,'Larry','Calder','LarryCalder@gmail.com','CalderLarry');
INSERT INTO Students VALUES (620064450,'UNDERGRAD','01-01-2020');
INSERT INTO Enrolled (u_id,courseCode) VALUES (620064450,'BIOC3721'),(620064450,'CHEM2220'),(620064450,'ECON2387'),(620064450,'MATH2717'),(620064450,'COMP3084');
INSERT INTO Users VALUES (620064451,'Janice','Eddins','JaniceEddins@gmail.com','EddinsJanice');
INSERT INTO Students VALUES (620064451,'UNDERGRAD','01-01-2020');
INSERT INTO Enrolled (u_id,courseCode) VALUES (620064451,'CHEM2797'),(620064451,'INFO2337'),(620064451,'MATH3059'),(620064451,'BIOC2550'),(620064451,'INFO1833');
INSERT INTO Users VALUES (620064452,'Rosa','Hodge','RosaHodge@gmail.com','HodgeRosa');
INSERT INTO Students VALUES (620064452,'UNDERGRAD','01-01-2020');
INSERT INTO Enrolled (u_id,courseCode) VALUES (620064452,'MATH1454'),(620064452,'CHEM2005'),(620064452,'INFO1825'),(620064452,'BIOC1598'),(620064452,'COMP3685');
INSERT INTO Users VALUES (620064453,'Dora','Mance','DoraMance@gmail.com','ManceDora');
INSERT INTO Students VALUES (620064453,'UNDERGRAD','01-01-2020');
INSERT INTO Enrolled (u_id,courseCode) VALUES (620064453,'MATH3844'),(620064453,'CHEM2797'),(620064453,'COMP1543'),(620064453,'ECON3020');
INSERT INTO Users VALUES (620064454,'Cheryl','Wengerd','CherylWengerd@gmail.com','WengerdCheryl');
INSERT INTO Students VALUES (620064454,'UNDERGRAD','01-01-2020');
INSERT INTO Enrolled (u_id,courseCode) VALUES (620064454,'INFO2636'),(620064454,'CHEM1494'),(620064454,'MATH2501'),(620064454,'MATH1250'),(620064454,'ECON1170');
INSERT INTO Users VALUES (620064455,'Shalanda','Rodriguez','ShalandaRodriguez@gmail.com','RodriguezShalanda');
INSERT INTO Students VALUES (620064455,'UNDERGRAD','01-01-2020');
INSERT INTO Enrolled (u_id,courseCode) VALUES (620064455,'PHYS2448'),(620064455,'CHEM2697'),(620064455,'COMP1357');
INSERT INTO Users VALUES (620064456,'Dennis','Scales','DennisScales@gmail.com','ScalesDennis');
INSERT INTO Students VALUES (620064456,'UNDERGRAD','01-01-2020');
INSERT INTO Enrolled (u_id,courseCode) VALUES (620064456,'COMP3697'),(620064456,'ECON3372'),(620064456,'BIOC1725'),(620064456,'BIOC2671'),(620064456,'ECON3989'),(620064456,'PHYS2338');
INSERT INTO Users VALUES (620064457,'Anderson','James','AndersonJames@gmail.com','JamesAnderson');
INSERT INTO Students VALUES (620064457,'UNDERGRAD','01-01-2020');
INSERT INTO Enrolled (u_id,courseCode) VALUES (620064457,'CHEM2626'),(620064457,'MATH1148'),(620064457,'BIOC1534');
INSERT INTO Users VALUES (620064458,'Kelly','Jackson','KellyJackson@gmail.com','JacksonKelly');
INSERT INTO Students VALUES (620064458,'UNDERGRAD','01-01-2020');
INSERT INTO Enrolled (u_id,courseCode) VALUES (620064458,'INFO1288'),(620064458,'MATH2801'),(620064458,'CHEM2697'),(620064458,'BIOC2054'),(620064458,'ECON1170'),(620064458,'ECON1012');
INSERT INTO Users VALUES (620064459,'Kelly','Wengerd','KellyWengerd@gmail.com','WengerdKelly');
INSERT INTO Students VALUES (620064459,'UNDERGRAD','01-01-2020');
INSERT INTO Enrolled (u_id,courseCode) VALUES (620064459,'CHEM2220'),(620064459,'INFO3935'),(620064459,'ECON3063'),(620064459,'BIOC2550');
INSERT INTO Users VALUES (620064460,'Angie','Watson','AngieWatson@gmail.com','WatsonAngie');
INSERT INTO Students VALUES (620064460,'UNDERGRAD','01-01-2020');
INSERT INTO Enrolled (u_id,courseCode) VALUES (620064460,'COMP3639'),(620064460,'MATH2873'),(620064460,'COMP2361'),(620064460,'ECON1230'),(620064460,'MATH1638');
INSERT INTO Users VALUES (620064461,'Bethany','Mcclanahan','BethanyMcclanahan@gmail.com','McclanahanBethany');
INSERT INTO Students VALUES (620064461,'UNDERGRAD','01-01-2020');
INSERT INTO Enrolled (u_id,courseCode) VALUES (620064461,'MATH3029'),(620064461,'CHEM2066'),(620064461,'BIOC1052');
INSERT INTO Users VALUES (620064462,'Marshall','Gray','MarshallGray@gmail.com','GrayMarshall');
INSERT INTO Students VALUES (620064462,'UNDERGRAD','01-01-2020');
INSERT INTO Enrolled (u_id,courseCode) VALUES (620064462,'INFO1288'),(620064462,'CHEM1807'),(620064462,'COMP2400');
INSERT INTO Users VALUES (620064463,'Michael','Amberg','MichaelAmberg@gmail.com','AmbergMichael');
INSERT INTO Students VALUES (620064463,'UNDERGRAD','01-01-2020');
INSERT INTO Enrolled (u_id,courseCode) VALUES (620064463,'PHYS1979'),(620064463,'PHYS2238'),(620064463,'INFO1145'),(620064463,'MATH3209'),(620064463,'PHYS1173'),(620064463,'CHEM2066');
INSERT INTO Users VALUES (620064464,'Cleveland','Jefferson','ClevelandJefferson@gmail.com','JeffersonCleveland');
INSERT INTO Students VALUES (620064464,'UNDERGRAD','01-01-2020');
INSERT INTO Enrolled (u_id,courseCode) VALUES (620064464,'CHEM3347'),(620064464,'MATH2188'),(620064464,'INFO1288'),(620064464,'PHYS2229'),(620064464,'COMP1543');
INSERT INTO Users VALUES (620064465,'Betsy','Garcia','BetsyGarcia@gmail.com','GarciaBetsy');
INSERT INTO Students VALUES (620064465,'UNDERGRAD','01-01-2020');
INSERT INTO Enrolled (u_id,courseCode) VALUES (620064465,'CHEM3614'),(620064465,'INFO2813'),(620064465,'ECON3281'),(620064465,'BIOC1986'),(620064465,'INFO2521');
INSERT INTO Users VALUES (620064466,'Daniel','Estrada','DanielEstrada@gmail.com','EstradaDaniel');
INSERT INTO Students VALUES (620064466,'UNDERGRAD','01-01-2020');
INSERT INTO Enrolled (u_id,courseCode) VALUES (620064466,'COMP2077'),(620064466,'COMP3238'),(620064466,'BIOC2981'),(620064466,'ECON3550'),(620064466,'PHYS1993'),(620064466,'CHEM2149');
INSERT INTO Users VALUES (620064467,'Laila','Deen','LailaDeen@gmail.com','DeenLaila');
INSERT INTO Students VALUES (620064467,'UNDERGRAD','01-01-2020');
INSERT INTO Enrolled (u_id,courseCode) VALUES (620064467,'CHEM1485'),(620064467,'PHYS3686'),(620064467,'BIOC1744');
INSERT INTO Users VALUES (620064468,'Craig','Watson','CraigWatson@gmail.com','WatsonCraig');
INSERT INTO Students VALUES (620064468,'UNDERGRAD','01-01-2020');
INSERT INTO Enrolled (u_id,courseCode) VALUES (620064468,'PHYS2338'),(620064468,'ECON3063'),(620064468,'CHEM3327'),(620064468,'BIOC2550');
INSERT INTO Users VALUES (620064469,'Martin','Moore','MartinMoore@gmail.com','MooreMartin');
INSERT INTO Students VALUES (620064469,'UNDERGRAD','01-01-2020');
INSERT INTO Enrolled (u_id,courseCode) VALUES (620064469,'INFO1447'),(620064469,'PHYS1993'),(620064469,'CHEM2177'),(620064469,'MATH3844');
INSERT INTO Users VALUES (620064470,'Clifford','Tate','CliffordTate@gmail.com','TateClifford');
INSERT INTO Students VALUES (620064470,'UNDERGRAD','01-01-2020');
INSERT INTO Enrolled (u_id,courseCode) VALUES (620064470,'PHYS2229'),(620064470,'CHEM2604'),(620064470,'PHYS3876'),(620064470,'BIOC1725'),(620064470,'BIOC1794'),(620064470,'ECON1230');
INSERT INTO Users VALUES (620064471,'Karen','Macpartland','KarenMacpartland@gmail.com','MacpartlandKaren');
INSERT INTO Students VALUES (620064471,'UNDERGRAD','01-01-2020');
INSERT INTO Enrolled (u_id,courseCode) VALUES (620064471,'PHYS2563'),(620064471,'COMP3238'),(620064471,'COMP1051'),(620064471,'BIOC1794'),(620064471,'CHEM2481');
INSERT INTO Users VALUES (620064472,'Edward','Carrington','EdwardCarrington@gmail.com','CarringtonEdward');
INSERT INTO Students VALUES (620064472,'UNDERGRAD','01-01-2020');
INSERT INTO Enrolled (u_id,courseCode) VALUES (620064472,'ECON3550'),(620064472,'COMP2400'),(620064472,'CHEM2604'),(620064472,'INFO1288'),(620064472,'COMP3685'),(620064472,'COMP2361');
INSERT INTO Users VALUES (620064473,'Carolyn','Chappell','CarolynChappell@gmail.com','ChappellCarolyn');
INSERT INTO Students VALUES (620064473,'UNDERGRAD','01-01-2020');
INSERT INTO Enrolled (u_id,courseCode) VALUES (620064473,'MATH3029'),(620064473,'ECON3989'),(620064473,'CHEM2867');
INSERT INTO Users VALUES (620064474,'Celia','Crites','CeliaCrites@gmail.com','CritesCelia');
INSERT INTO Students VALUES (620064474,'UNDERGRAD','01-01-2020');
INSERT INTO Enrolled (u_id,courseCode) VALUES (620064474,'INFO2636'),(620064474,'COMP3418'),(620064474,'COMP3536'),(620064474,'INFO1825'),(620064474,'ECON3276');
INSERT INTO Users VALUES (620064475,'Jeffrey','Chan','JeffreyChan@gmail.com','ChanJeffrey');
INSERT INTO Students VALUES (620064475,'UNDERGRAD','01-01-2020');
INSERT INTO Enrolled (u_id,courseCode) VALUES (620064475,'CHEM2149'),(620064475,'COMP2077'),(620064475,'COMP2541'),(620064475,'CHEM3327');
INSERT INTO Users VALUES (620064476,'Mack','Huffman','MackHuffman@gmail.com','HuffmanMack');
INSERT INTO Students VALUES (620064476,'UNDERGRAD','01-01-2020');
INSERT INTO Enrolled (u_id,courseCode) VALUES (620064476,'COMP3167'),(620064476,'MATH1262'),(620064476,'PHYS1979'),(620064476,'CHEM2066'),(620064476,'BIOC3457'),(620064476,'BIOC1104');
INSERT INTO Users VALUES (620064477,'Benjamin','Bordelon','BenjaminBordelon@gmail.com','BordelonBenjamin');
INSERT INTO Students VALUES (620064477,'UNDERGRAD','01-01-2020');
INSERT INTO Enrolled (u_id,courseCode) VALUES (620064477,'INFO1648'),(620064477,'INFO2636'),(620064477,'BIOC3604'),(620064477,'INFO2521');
INSERT INTO Users VALUES (620064478,'Jacqueline','Braun','JacquelineBraun@gmail.com','BraunJacqueline');
INSERT INTO Students VALUES (620064478,'UNDERGRAD','01-01-2020');
INSERT INTO Enrolled (u_id,courseCode) VALUES (620064478,'CHEM3614'),(620064478,'ECON1230'),(620064478,'CHEM3054'),(620064478,'ECON2387'),(620064478,'CHEM1613');
INSERT INTO Users VALUES (620064479,'Charlotte','Cannon','CharlotteCannon@gmail.com','CannonCharlotte');
INSERT INTO Students VALUES (620064479,'UNDERGRAD','01-01-2020');
INSERT INTO Enrolled (u_id,courseCode) VALUES (620064479,'PHYS2113'),(620064479,'CHEM1807'),(620064479,'MATH1262'),(620064479,'COMP2541');
INSERT INTO Users VALUES (620064480,'Mary','Barrett','MaryBarrett@gmail.com','BarrettMary');
INSERT INTO Students VALUES (620064480,'UNDERGRAD','01-01-2020');
INSERT INTO Enrolled (u_id,courseCode) VALUES (620064480,'CHEM2481'),(620064480,'ECON1098'),(620064480,'ECON3288'),(620064480,'COMP3697');
INSERT INTO Users VALUES (620064481,'Roy','Garnes','RoyGarnes@gmail.com','GarnesRoy');
INSERT INTO Students VALUES (620064481,'UNDERGRAD','01-01-2020');
INSERT INTO Enrolled (u_id,courseCode) VALUES (620064481,'INFO2797'),(620064481,'MATH3179'),(620064481,'BIOC1448'),(620064481,'CHEM3793'),(620064481,'INFO3868');
INSERT INTO Users VALUES (620064482,'Kirk','Henderson','KirkHenderson@gmail.com','HendersonKirk');
INSERT INTO Students VALUES (620064482,'UNDERGRAD','01-01-2020');
INSERT INTO Enrolled (u_id,courseCode) VALUES (620064482,'PHYS1979'),(620064482,'ECON2814'),(620064482,'COMP3173');
INSERT INTO Users VALUES (620064483,'Cherise','Danker','CheriseDanker@gmail.com','DankerCherise');
INSERT INTO Students VALUES (620064483,'UNDERGRAD','01-01-2020');
INSERT INTO Enrolled (u_id,courseCode) VALUES (620064483,'PHYS2338'),(620064483,'PHYS1930'),(620064483,'BIOC3721'),(620064483,'BIOC1104'),(620064483,'COMP2080');
INSERT INTO Users VALUES (620064484,'Clyde','Finkenbinder','ClydeFinkenbinder@gmail.com','FinkenbinderClyde');
INSERT INTO Students VALUES (620064484,'UNDERGRAD','01-01-2020');
INSERT INTO Enrolled (u_id,courseCode) VALUES (620064484,'BIOC2981'),(620064484,'INFO2559'),(620064484,'PHYS3464'),(620064484,'CHEM3614');
INSERT INTO Users VALUES (620064485,'Rene','Bennett','ReneBennett@gmail.com','BennettRene');
INSERT INTO Students VALUES (620064485,'UNDERGRAD','01-01-2020');
INSERT INTO Enrolled (u_id,courseCode) VALUES (620064485,'PHYS2113'),(620064485,'MATH3613'),(620064485,'PHYS3290'),(620064485,'INFO1288'),(620064485,'BIOC2236');
INSERT INTO Users VALUES (620064486,'Wayne','Burney','WayneBurney@gmail.com','BurneyWayne');
INSERT INTO Students VALUES (620064486,'UNDERGRAD','01-01-2020');
INSERT INTO Enrolled (u_id,courseCode) VALUES (620064486,'ECON3281'),(620064486,'PHYS3464'),(620064486,'COMP2717');
INSERT INTO Users VALUES (620064487,'Sergio','Mance','SergioMance@gmail.com','ManceSergio');
INSERT INTO Students VALUES (620064487,'UNDERGRAD','01-01-2020');
INSERT INTO Enrolled (u_id,courseCode) VALUES (620064487,'CHEM2065'),(620064487,'BIOC1448'),(620064487,'CHEM1485');
INSERT INTO Users VALUES (620064488,'Louise','Lamar','LouiseLamar@gmail.com','LamarLouise');
INSERT INTO Students VALUES (620064488,'UNDERGRAD','01-01-2020');
INSERT INTO Enrolled (u_id,courseCode) VALUES (620064488,'CHEM2065'),(620064488,'BIOC3721'),(620064488,'COMP2965');
INSERT INTO Users VALUES (620064489,'Reginald','Swan','ReginaldSwan@gmail.com','SwanReginald');
INSERT INTO Students VALUES (620064489,'UNDERGRAD','01-01-2020');
INSERT INTO Enrolled (u_id,courseCode) VALUES (620064489,'ECON1230'),(620064489,'MATH3857'),(620064489,'ECON3372'),(620064489,'INFO3645'),(620064489,'MATH1250'),(620064489,'ECON1012');
INSERT INTO Users VALUES (620064490,'Betty','Bower','BettyBower@gmail.com','BowerBetty');
INSERT INTO Students VALUES (620064490,'UNDERGRAD','01-01-2020');
INSERT INTO Enrolled (u_id,courseCode) VALUES (620064490,'MATH3857'),(620064490,'CHEM1807'),(620064490,'ECON1783'),(620064490,'ECON1589');
INSERT INTO Users VALUES (620064491,'Clarence','Hunt','ClarenceHunt@gmail.com','HuntClarence');
INSERT INTO Students VALUES (620064491,'UNDERGRAD','01-01-2020');
INSERT INTO Enrolled (u_id,courseCode) VALUES (620064491,'BIOC3230'),(620064491,'BIOC3191'),(620064491,'INFO2147'),(620064491,'PHYS3659');
INSERT INTO Users VALUES (620064492,'Hector','Barnett','HectorBarnett@gmail.com','BarnettHector');
INSERT INTO Students VALUES (620064492,'UNDERGRAD','01-01-2020');
INSERT INTO Enrolled (u_id,courseCode) VALUES (620064492,'MATH2188'),(620064492,'ECON3737'),(620064492,'MATH1309'),(620064492,'ECON3281'),(620064492,'ECON1230');
INSERT INTO Users VALUES (620064493,'Delia','King','DeliaKing@gmail.com','KingDelia');
INSERT INTO Students VALUES (620064493,'UNDERGRAD','01-01-2020');
INSERT INTO Enrolled (u_id,courseCode) VALUES (620064493,'ECON3004'),(620064493,'MATH2801'),(620064493,'ECON2814');
INSERT INTO Users VALUES (620064494,'Freddie','Armstead','FreddieArmstead@gmail.com','ArmsteadFreddie');
INSERT INTO Students VALUES (620064494,'UNDERGRAD','01-01-2020');
INSERT INTO Enrolled (u_id,courseCode) VALUES (620064494,'COMP2651'),(620064494,'INFO3603'),(620064494,'ECON1098'),(620064494,'MATH1454');
INSERT INTO Users VALUES (620064495,'Dorothy','Porter','DorothyPorter@gmail.com','PorterDorothy');
INSERT INTO Students VALUES (620064495,'UNDERGRAD','01-01-2020');
INSERT INTO Enrolled (u_id,courseCode) VALUES (620064495,'CHEM1340'),(620064495,'COMP3506'),(620064495,'CHEM1485');
INSERT INTO Users VALUES (620064496,'Helen','Bowerman','HelenBowerman@gmail.com','BowermanHelen');
INSERT INTO Students VALUES (620064496,'UNDERGRAD','01-01-2020');
INSERT INTO Enrolled (u_id,courseCode) VALUES (620064496,'INFO2559'),(620064496,'MATH2873'),(620064496,'COMP1357'),(620064496,'MATH2801'),(620064496,'COMP1543');
INSERT INTO Users VALUES (620064497,'Ronald','Wesley','RonaldWesley@gmail.com','WesleyRonald');
INSERT INTO Students VALUES (620064497,'UNDERGRAD','01-01-2020');
INSERT INTO Enrolled (u_id,courseCode) VALUES (620064497,'INFO3868'),(620064497,'INFO2270'),(620064497,'BIOC2983');
INSERT INTO Users VALUES (620064498,'Philip','Barron','PhilipBarron@gmail.com','BarronPhilip');
INSERT INTO Students VALUES (620064498,'UNDERGRAD','01-01-2020');
INSERT INTO Enrolled (u_id,courseCode) VALUES (620064498,'ECON3372'),(620064498,'CHEM1613'),(620064498,'PHYS2238');
INSERT INTO Users VALUES (620064499,'Beverly','Siple','BeverlySiple@gmail.com','SipleBeverly');
INSERT INTO Students VALUES (620064499,'UNDERGRAD','01-01-2020');
INSERT INTO Enrolled (u_id,courseCode) VALUES (620064499,'CHEM2031'),(620064499,'COMP3173'),(620064499,'MATH3844');
INSERT INTO Users VALUES (620064500,'Dwight','Starks','DwightStarks@gmail.com','StarksDwight');
INSERT INTO Students VALUES (620064500,'UNDERGRAD','01-01-2020');
INSERT INTO Enrolled (u_id,courseCode) VALUES (620064500,'COMP3167'),(620064500,'PHYS2451'),(620064500,'PHYS2238'),(620064500,'CHEM3614'),(620064500,'COMP3506'),(620064500,'ECON1170');
INSERT INTO Users VALUES (620064501,'Nancy','Joeckel','NancyJoeckel@gmail.com','JoeckelNancy');
INSERT INTO Students VALUES (620064501,'UNDERGRAD','01-01-2020');
INSERT INTO Enrolled (u_id,courseCode) VALUES (620064501,'COMP3047'),(620064501,'INFO1648'),(620064501,'PHYS1140'),(620064501,'INFO3645'),(620064501,'CHEM2797'),(620064501,'MATH3844');
INSERT INTO Users VALUES (620064502,'Carol','Carlos','CarolCarlos@gmail.com','CarlosCarol');
INSERT INTO Students VALUES (620064502,'UNDERGRAD','01-01-2020');
INSERT INTO Enrolled (u_id,courseCode) VALUES (620064502,'MATH3844'),(620064502,'MATH2501'),(620064502,'CHEM2177'),(620064502,'COMP3506');
INSERT INTO Users VALUES (620064503,'Manuel','Butcher','ManuelButcher@gmail.com','ButcherManuel');
INSERT INTO Students VALUES (620064503,'UNDERGRAD','01-01-2020');
INSERT INTO Enrolled (u_id,courseCode) VALUES (620064503,'INFO3935'),(620064503,'CHEM2065'),(620064503,'INFO2213'),(620064503,'ECON3063');
INSERT INTO Users VALUES (620064504,'Danielle','Hart','DanielleHart@gmail.com','HartDanielle');
INSERT INTO Students VALUES (620064504,'UNDERGRAD','01-01-2020');
INSERT INTO Enrolled (u_id,courseCode) VALUES (620064504,'ECON3276'),(620064504,'MATH1262'),(620064504,'PHYS3464'),(620064504,'PHYS2113'),(620064504,'ECON1996');
INSERT INTO Users VALUES (620064505,'Melvin','Scully','MelvinScully@gmail.com','ScullyMelvin');
INSERT INTO Students VALUES (620064505,'UNDERGRAD','01-01-2020');
INSERT INTO Enrolled (u_id,courseCode) VALUES (620064505,'COMP3238'),(620064505,'BIOC1534'),(620064505,'ECON1498'),(620064505,'CHEM2727');
INSERT INTO Users VALUES (620064506,'Neal','Luper','NealLuper@gmail.com','LuperNeal');
INSERT INTO Students VALUES (620064506,'UNDERGRAD','01-01-2020');
INSERT INTO Enrolled (u_id,courseCode) VALUES (620064506,'PHYS3339'),(620064506,'PHYS3686'),(620064506,'CHEM2149'),(620064506,'ECON2722');
INSERT INTO Users VALUES (620064507,'Christopher','Tallent','ChristopherTallent@gmail.com','TallentChristopher');
INSERT INTO Students VALUES (620064507,'UNDERGRAD','01-01-2020');
INSERT INTO Enrolled (u_id,courseCode) VALUES (620064507,'ECON2814'),(620064507,'ECON2387'),(620064507,'COMP3047'),(620064507,'PHYS3787'),(620064507,'INFO2337'),(620064507,'COMP2400');
INSERT INTO Users VALUES (620064508,'Ruby','Krause','RubyKrause@gmail.com','KrauseRuby');
INSERT INTO Students VALUES (620064508,'UNDERGRAD','01-01-2020');
INSERT INTO Enrolled (u_id,courseCode) VALUES (620064508,'CHEM1485'),(620064508,'CHEM3327'),(620064508,'PHYS3464');
INSERT INTO Users VALUES (620064509,'Patricia','Lowry','PatriciaLowry@gmail.com','LowryPatricia');
INSERT INTO Students VALUES (620064509,'UNDERGRAD','01-01-2020');
INSERT INTO Enrolled (u_id,courseCode) VALUES (620064509,'INFO2213'),(620064509,'CHEM2697'),(620064509,'INFO1833'),(620064509,'INFO1145');
INSERT INTO Users VALUES (620064510,'Blake','Sharp','BlakeSharp@gmail.com','SharpBlake');
INSERT INTO Students VALUES (620064510,'UNDERGRAD','01-01-2020');
INSERT INTO Enrolled (u_id,courseCode) VALUES (620064510,'ECON1498'),(620064510,'PHYS1930'),(620064510,'COMP3238'),(620064510,'MATH2717'),(620064510,'ECON3737'),(620064510,'MATH1648');
INSERT INTO Users VALUES (620064511,'Evelyn','Laudat','EvelynLaudat@gmail.com','LaudatEvelyn');
INSERT INTO Students VALUES (620064511,'UNDERGRAD','01-01-2020');
INSERT INTO Enrolled (u_id,courseCode) VALUES (620064511,'COMP2965'),(620064511,'PHYS3339'),(620064511,'COMP2541'),(620064511,'CHEM3747'),(620064511,'PHYS3464'),(620064511,'COMP3173');
INSERT INTO Users VALUES (620064512,'Toby','Butcher','TobyButcher@gmail.com','ButcherToby');
INSERT INTO Students VALUES (620064512,'UNDERGRAD','01-01-2020');
INSERT INTO Enrolled (u_id,courseCode) VALUES (620064512,'INFO3636'),(620064512,'PHYS1173'),(620064512,'INFO1288');
INSERT INTO Users VALUES (620064513,'Keith','Kimbrell','KeithKimbrell@gmail.com','KimbrellKeith');
INSERT INTO Students VALUES (620064513,'UNDERGRAD','01-01-2020');
INSERT INTO Enrolled (u_id,courseCode) VALUES (620064513,'PHYS2451'),(620064513,'BIOC3191'),(620064513,'PHYS1993'),(620064513,'COMP3084');
INSERT INTO Users VALUES (620064514,'Mathew','Hodge','MathewHodge@gmail.com','HodgeMathew');
INSERT INTO Students VALUES (620064514,'UNDERGRAD','01-01-2020');
INSERT INTO Enrolled (u_id,courseCode) VALUES (620064514,'MATH3173'),(620064514,'PHYS2229'),(620064514,'CHEM1340');
INSERT INTO Users VALUES (620064515,'Earl','Chan','EarlChan@gmail.com','ChanEarl');
INSERT INTO Students VALUES (620064515,'UNDERGRAD','01-01-2020');
INSERT INTO Enrolled (u_id,courseCode) VALUES (620064515,'BIOC3341'),(620064515,'PHYS1173'),(620064515,'COMP3418'),(620064515,'CHEM1494'),(620064515,'CHEM3327');
INSERT INTO Users VALUES (620064516,'Latoya','Phinney','LatoyaPhinney@gmail.com','PhinneyLatoya');
INSERT INTO Students VALUES (620064516,'UNDERGRAD','01-01-2020');
INSERT INTO Enrolled (u_id,courseCode) VALUES (620064516,'ECON2387'),(620064516,'COMP1867'),(620064516,'COMP3173'),(620064516,'BIOC1910'),(620064516,'INFO2270');
INSERT INTO Users VALUES (620064517,'Charles','Turkus','CharlesTurkus@gmail.com','TurkusCharles');
INSERT INTO Students VALUES (620064517,'UNDERGRAD','01-01-2020');
INSERT INTO Enrolled (u_id,courseCode) VALUES (620064517,'PHYS2113'),(620064517,'MATH3613'),(620064517,'ECON3288'),(620064517,'COMP3173'),(620064517,'PHYS1979'),(620064517,'BIOC1794');
INSERT INTO Users VALUES (620064518,'Kurt','Allen','KurtAllen@gmail.com','AllenKurt');
INSERT INTO Students VALUES (620064518,'UNDERGRAD','01-01-2020');
INSERT INTO Enrolled (u_id,courseCode) VALUES (620064518,'CHEM1807'),(620064518,'CHEM1494'),(620064518,'MATH2957'),(620064518,'COMP2651'),(620064518,'CHEM2797');
INSERT INTO Users VALUES (620064519,'Sheila','Blevins','SheilaBlevins@gmail.com','BlevinsSheila');
INSERT INTO Students VALUES (620064519,'UNDERGRAD','01-01-2020');
INSERT INTO Enrolled (u_id,courseCode) VALUES (620064519,'BIOC2671'),(620064519,'CHEM2626'),(620064519,'INFO2860'),(620064519,'ECON1783'),(620064519,'ECON3288');
INSERT INTO Users VALUES (620064520,'Mildred','Kaupp','MildredKaupp@gmail.com','KauppMildred');
INSERT INTO Students VALUES (620064520,'UNDERGRAD','01-01-2020');
INSERT INTO Enrolled (u_id,courseCode) VALUES (620064520,'ECON2703'),(620064520,'COMP3849'),(620064520,'ECON2722'),(620064520,'INFO2797'),(620064520,'ECON3550');
INSERT INTO Users VALUES (620064521,'Alvin','Stovall','AlvinStovall@gmail.com','StovallAlvin');
INSERT INTO Students VALUES (620064521,'UNDERGRAD','01-01-2020');
INSERT INTO Enrolled (u_id,courseCode) VALUES (620064521,'CHEM2149'),(620064521,'MATH1972'),(620064521,'INFO3935'),(620064521,'MATH3209'),(620064521,'CHEM2481'),(620064521,'BIOC2589');
INSERT INTO Users VALUES (620064522,'Samuel','Petersen','SamuelPetersen@gmail.com','PetersenSamuel');
INSERT INTO Students VALUES (620064522,'UNDERGRAD','01-01-2020');
INSERT INTO Enrolled (u_id,courseCode) VALUES (620064522,'CHEM1613'),(620064522,'MATH2717'),(620064522,'CHEM2005'),(620064522,'COMP1573');
INSERT INTO Users VALUES (620064523,'Leo','Moore','LeoMoore@gmail.com','MooreLeo');
INSERT INTO Students VALUES (620064523,'UNDERGRAD','01-01-2020');
INSERT INTO Enrolled (u_id,courseCode) VALUES (620064523,'MATH3059'),(620064523,'PHYS2338'),(620064523,'ECON1783'),(620064523,'ECON3288');
INSERT INTO Users VALUES (620064524,'Colin','Calvert','ColinCalvert@gmail.com','CalvertColin');
INSERT INTO Students VALUES (620064524,'UNDERGRAD','01-01-2020');
INSERT INTO Enrolled (u_id,courseCode) VALUES (620064524,'PHYS2448'),(620064524,'COMP3697'),(620064524,'PHYS3290'),(620064524,'CHEM2177'),(620064524,'PHYS3464'),(620064524,'CHEM3617');
INSERT INTO Users VALUES (620064525,'Dora','Felipe','DoraFelipe@gmail.com','FelipeDora');
INSERT INTO Students VALUES (620064525,'UNDERGRAD','01-01-2020');
INSERT INTO Enrolled (u_id,courseCode) VALUES (620064525,'BIOC2983'),(620064525,'MATH2957'),(620064525,'BIOC2671');
INSERT INTO Users VALUES (620064526,'Helen','Mccarthy','HelenMccarthy@gmail.com','MccarthyHelen');
INSERT INTO Students VALUES (620064526,'UNDERGRAD','01-01-2020');
INSERT INTO Enrolled (u_id,courseCode) VALUES (620064526,'INFO2213'),(620064526,'ECON3085'),(620064526,'INFO2270'),(620064526,'BIOC1794');
INSERT INTO Users VALUES (620064527,'Clyde','Cannon','ClydeCannon@gmail.com','CannonClyde');
INSERT INTO Students VALUES (620064527,'UNDERGRAD','01-01-2020');
INSERT INTO Enrolled (u_id,courseCode) VALUES (620064527,'INFO3419'),(620064527,'ECON1012'),(620064527,'ECON3063'),(620064527,'PHYS1930'),(620064527,'INFO1242');
INSERT INTO Users VALUES (620064528,'Esmeralda','Blackwell','EsmeraldaBlackwell@gmail.com','BlackwellEsmeralda');
INSERT INTO Students VALUES (620064528,'UNDERGRAD','01-01-2020');
INSERT INTO Enrolled (u_id,courseCode) VALUES (620064528,'PHYS2977'),(620064528,'COMP3849'),(620064528,'INFO2797'),(620064528,'COMP2077');
INSERT INTO Users VALUES (620064529,'Nathan','Lopez','NathanLopez@gmail.com','LopezNathan');
INSERT INTO Students VALUES (620064529,'UNDERGRAD','01-01-2020');
INSERT INTO Enrolled (u_id,courseCode) VALUES (620064529,'CHEM3747'),(620064529,'CHEM2220'),(620064529,'ECON2345'),(620064529,'MATH3179'),(620064529,'MATH3059'),(620064529,'BIOC1725');
INSERT INTO Users VALUES (620064530,'Louis','Schilling','LouisSchilling@gmail.com','SchillingLouis');
INSERT INTO Students VALUES (620064530,'UNDERGRAD','01-01-2020');
INSERT INTO Enrolled (u_id,courseCode) VALUES (620064530,'INFO2270'),(620064530,'INFO2860'),(620064530,'CHEM2220');
INSERT INTO Users VALUES (620064531,'Nicholas','Lowry','NicholasLowry@gmail.com','LowryNicholas');
INSERT INTO Students VALUES (620064531,'UNDERGRAD','01-01-2020');
INSERT INTO Enrolled (u_id,courseCode) VALUES (620064531,'PHYS2977'),(620064531,'COMP2541'),(620064531,'CHEM2727'),(620064531,'MATH3857');
INSERT INTO Users VALUES (620064532,'Tracy','Mchenry','TracyMchenry@gmail.com','MchenryTracy');
INSERT INTO Students VALUES (620064532,'UNDERGRAD','01-01-2020');
INSERT INTO Enrolled (u_id,courseCode) VALUES (620064532,'PHYS2306'),(620064532,'PHYS2563'),(620064532,'CHEM1340'),(620064532,'INFO2950'),(620064532,'COMP1543');
INSERT INTO Users VALUES (620064533,'Weldon','Ryan','WeldonRyan@gmail.com','RyanWeldon');
INSERT INTO Students VALUES (620064533,'UNDERGRAD','01-01-2020');
INSERT INTO Enrolled (u_id,courseCode) VALUES (620064533,'COMP1357'),(620064533,'BIOC1104'),(620064533,'MATH3688');
INSERT INTO Users VALUES (620064534,'Louis','Mcclanahan','LouisMcclanahan@gmail.com','McclanahanLouis');
INSERT INTO Students VALUES (620064534,'UNDERGRAD','01-01-2020');
INSERT INTO Enrolled (u_id,courseCode) VALUES (620064534,'PHYS1140'),(620064534,'MATH3544'),(620064534,'COMP3418'),(620064534,'PHYS3339'),(620064534,'CHEM2797'),(620064534,'ECON3063');
INSERT INTO Users VALUES (620064535,'Nancy','Smith','NancySmith@gmail.com','SmithNancy');
INSERT INTO Students VALUES (620064535,'UNDERGRAD','01-01-2020');
INSERT INTO Enrolled (u_id,courseCode) VALUES (620064535,'BIOC1534'),(620064535,'COMP3536'),(620064535,'COMP3173'),(620064535,'INFO1288'),(620064535,'PHYS2563'),(620064535,'BIOC1910');
INSERT INTO Users VALUES (620064536,'Geraldine','Meraz','GeraldineMeraz@gmail.com','MerazGeraldine');
INSERT INTO Students VALUES (620064536,'UNDERGRAD','01-01-2020');
INSERT INTO Enrolled (u_id,courseCode) VALUES (620064536,'BIOC1448'),(620064536,'COMP3536'),(620064536,'PHYS3729'),(620064536,'INFO2716'),(620064536,'COMP1867');
INSERT INTO Users VALUES (620064537,'Adrienne','Hernandez','AdrienneHernandez@gmail.com','HernandezAdrienne');
INSERT INTO Students VALUES (620064537,'UNDERGRAD','01-01-2020');
INSERT INTO Enrolled (u_id,courseCode) VALUES (620064537,'PHYS2448'),(620064537,'PHYS2229'),(620064537,'CHEM1613'),(620064537,'CHEM2066'),(620064537,'BIOC1534'),(620064537,'ECON1645');
INSERT INTO Users VALUES (620064538,'Orlando','Dunn','OrlandoDunn@gmail.com','DunnOrlando');
INSERT INTO Students VALUES (620064538,'UNDERGRAD','01-01-2020');
INSERT INTO Enrolled (u_id,courseCode) VALUES (620064538,'MATH3059'),(620064538,'MATH1735'),(620064538,'ECON2345');
INSERT INTO Users VALUES (620064539,'Cleveland','Allen','ClevelandAllen@gmail.com','AllenCleveland');
INSERT INTO Students VALUES (620064539,'UNDERGRAD','01-01-2020');
INSERT INTO Enrolled (u_id,courseCode) VALUES (620064539,'MATH2067'),(620064539,'MATH3173'),(620064539,'PHYS2667'),(620064539,'BIOC3721');
INSERT INTO Users VALUES (620064540,'Patricia','Mcclanahan','PatriciaMcclanahan@gmail.com','McclanahanPatricia');
INSERT INTO Students VALUES (620064540,'UNDERGRAD','01-01-2020');
INSERT INTO Enrolled (u_id,courseCode) VALUES (620064540,'INFO3645'),(620064540,'COMP3536'),(620064540,'INFO2950'),(620064540,'MATH1309'),(620064540,'CHEM1494');
INSERT INTO Users VALUES (620064541,'Janet','Waugh','JanetWaugh@gmail.com','WaughJanet');
INSERT INTO Students VALUES (620064541,'UNDERGRAD','01-01-2020');
INSERT INTO Enrolled (u_id,courseCode) VALUES (620064541,'INFO3419'),(620064541,'MATH3209'),(620064541,'BIOC3191'),(620064541,'COMP3685');
INSERT INTO Users VALUES (620064542,'Marilyn','Gillis','MarilynGillis@gmail.com','GillisMarilyn');
INSERT INTO Students VALUES (620064542,'UNDERGRAD','01-01-2020');
INSERT INTO Enrolled (u_id,courseCode) VALUES (620064542,'COMP3697'),(620064542,'COMP2717'),(620064542,'ECON1098'),(620064542,'ECON1012'),(620064542,'CHEM1613');
INSERT INTO Users VALUES (620064543,'Katie','Danker','KatieDanker@gmail.com','DankerKatie');
INSERT INTO Students VALUES (620064543,'UNDERGRAD','01-01-2020');
INSERT INTO Enrolled (u_id,courseCode) VALUES (620064543,'ECON3085'),(620064543,'INFO2797'),(620064543,'CHEM1613'),(620064543,'COMP2965'),(620064543,'INFO3603');
INSERT INTO Users VALUES (620064544,'Sheila','Cochran','SheilaCochran@gmail.com','CochranSheila');
INSERT INTO Students VALUES (620064544,'UNDERGRAD','01-01-2020');
INSERT INTO Enrolled (u_id,courseCode) VALUES (620064544,'INFO2147'),(620064544,'PHYS1399'),(620064544,'BIOC1744'),(620064544,'ECON1012');
INSERT INTO Users VALUES (620064545,'Ethel','Wilbanks','EthelWilbanks@gmail.com','WilbanksEthel');
INSERT INTO Students VALUES (620064545,'UNDERGRAD','01-01-2020');
INSERT INTO Enrolled (u_id,courseCode) VALUES (620064545,'BIOC2983'),(620064545,'BIOC1910'),(620064545,'ECON1098'),(620064545,'CHEM1485'),(620064545,'MATH3209');
INSERT INTO Users VALUES (620064546,'Bethany','Briggs','BethanyBriggs@gmail.com','BriggsBethany');
INSERT INTO Students VALUES (620064546,'UNDERGRAD','01-01-2020');
INSERT INTO Enrolled (u_id,courseCode) VALUES (620064546,'ECON1098'),(620064546,'COMP3697'),(620064546,'PHYS1173');
INSERT INTO Users VALUES (620064547,'Rhonda','Jensen','RhondaJensen@gmail.com','JensenRhonda');
INSERT INTO Students VALUES (620064547,'UNDERGRAD','01-01-2020');
INSERT INTO Enrolled (u_id,courseCode) VALUES (620064547,'COMP3418'),(620064547,'ECON1996'),(620064547,'INFO3935'),(620064547,'COMP3697');
INSERT INTO Users VALUES (620064548,'Gina','Pearson','GinaPearson@gmail.com','PearsonGina');
INSERT INTO Students VALUES (620064548,'UNDERGRAD','01-01-2020');
INSERT INTO Enrolled (u_id,courseCode) VALUES (620064548,'COMP2717'),(620064548,'INFO3419'),(620064548,'MATH1972'),(620064548,'COMP2400');
INSERT INTO Users VALUES (620064549,'Agnes','Truitt','AgnesTruitt@gmail.com','TruittAgnes');
INSERT INTO Students VALUES (620064549,'UNDERGRAD','01-01-2020');
INSERT INTO Enrolled (u_id,courseCode) VALUES (620064549,'BIOC1534'),(620064549,'MATH2873'),(620064549,'MATH3688'),(620064549,'MATH2801'),(620064549,'CHEM3327'),(620064549,'INFO1242');
INSERT INTO Users VALUES (620064550,'Blake','Dunn','BlakeDunn@gmail.com','DunnBlake');
INSERT INTO Students VALUES (620064550,'UNDERGRAD','01-01-2020');
INSERT INTO Enrolled (u_id,courseCode) VALUES (620064550,'COMP1460'),(620064550,'MATH3173'),(620064550,'BIOC3457'),(620064550,'PHYS3686'),(620064550,'INFO3868');
INSERT INTO Users VALUES (620064551,'Rodney','Hudson','RodneyHudson@gmail.com','HudsonRodney');
INSERT INTO Students VALUES (620064551,'UNDERGRAD','01-01-2020');
INSERT INTO Enrolled (u_id,courseCode) VALUES (620064551,'INFO2860'),(620064551,'INFO1242'),(620064551,'MATH3688'),(620064551,'COMP3685'),(620064551,'BIOC1448'),(620064551,'CHEM2066');
INSERT INTO Users VALUES (620064552,'Kendra','Truitt','KendraTruitt@gmail.com','TruittKendra');
INSERT INTO Students VALUES (620064552,'UNDERGRAD','01-01-2020');
INSERT INTO Enrolled (u_id,courseCode) VALUES (620064552,'PHYS3876'),(620064552,'MATH3209'),(620064552,'ECON3372'),(620064552,'COMP3746');
INSERT INTO Users VALUES (620064553,'Denise','Barron','DeniseBarron@gmail.com','BarronDenise');
INSERT INTO Students VALUES (620064553,'UNDERGRAD','01-01-2020');
INSERT INTO Enrolled (u_id,courseCode) VALUES (620064553,'INFO2521'),(620064553,'MATH1638'),(620064553,'COMP2400'),(620064553,'MATH2717');
INSERT INTO Users VALUES (620064554,'Ben','Miller','BenMiller@gmail.com','MillerBen');
INSERT INTO Students VALUES (620064554,'UNDERGRAD','01-01-2020');
INSERT INTO Enrolled (u_id,courseCode) VALUES (620064554,'ECON2814'),(620064554,'MATH3857'),(620064554,'MATH3844'),(620064554,'COMP3418');
INSERT INTO Users VALUES (620064555,'Deanna','Comley','DeannaComley@gmail.com','ComleyDeanna');
INSERT INTO Students VALUES (620064555,'UNDERGRAD','01-01-2020');
INSERT INTO Enrolled (u_id,courseCode) VALUES (620064555,'ECON3523'),(620064555,'CHEM2626'),(620064555,'INFO1242'),(620064555,'CHEM1485'),(620064555,'MATH3222');
INSERT INTO Users VALUES (620064556,'Kasey','Ryan','KaseyRyan@gmail.com','RyanKasey');
INSERT INTO Students VALUES (620064556,'UNDERGRAD','01-01-2020');
INSERT INTO Enrolled (u_id,courseCode) VALUES (620064556,'MATH3173'),(620064556,'COMP2080'),(620064556,'PHYS2306'),(620064556,'COMP3849'),(620064556,'BIOC2981');
INSERT INTO Users VALUES (620064557,'Reginald','Flemming','ReginaldFlemming@gmail.com','FlemmingReginald');
INSERT INTO Students VALUES (620064557,'UNDERGRAD','01-01-2020');
INSERT INTO Enrolled (u_id,courseCode) VALUES (620064557,'PHYS2338'),(620064557,'COMP3697'),(620064557,'CHEM2446'),(620064557,'PHYS3787'),(620064557,'COMP2541');
INSERT INTO Users VALUES (620064558,'Don','Shani','DonShani@gmail.com','ShaniDon');
INSERT INTO Students VALUES (620064558,'UNDERGRAD','01-01-2020');
INSERT INTO Enrolled (u_id,courseCode) VALUES (620064558,'BIOC3457'),(620064558,'ECON2387'),(620064558,'CHEM2177'),(620064558,'CHEM1494');
INSERT INTO Users VALUES (620064559,'Wayne','Crawford','WayneCrawford@gmail.com','CrawfordWayne');
INSERT INTO Students VALUES (620064559,'UNDERGRAD','01-01-2020');
INSERT INTO Enrolled (u_id,courseCode) VALUES (620064559,'MATH1148'),(620064559,'PHYS2977'),(620064559,'INFO3419');
INSERT INTO Users VALUES (620064560,'Christopher','Merna','ChristopherMerna@gmail.com','MernaChristopher');
INSERT INTO Students VALUES (620064560,'UNDERGRAD','01-01-2020');
INSERT INTO Enrolled (u_id,courseCode) VALUES (620064560,'INFO1648'),(620064560,'ECON3550'),(620064560,'COMP2080'),(620064560,'BIOC1485'),(620064560,'BIOC1986');
INSERT INTO Users VALUES (620064561,'Daniel','Lowry','DanielLowry@gmail.com','LowryDaniel');
INSERT INTO Students VALUES (620064561,'UNDERGRAD','01-01-2020');
INSERT INTO Enrolled (u_id,courseCode) VALUES (620064561,'PHYS2306'),(620064561,'COMP2717'),(620064561,'MATH3029'),(620064561,'ECON1098');
INSERT INTO Users VALUES (620064562,'Adelia','Duffie','AdeliaDuffie@gmail.com','DuffieAdelia');
INSERT INTO Students VALUES (620064562,'UNDERGRAD','01-01-2020');
INSERT INTO Enrolled (u_id,courseCode) VALUES (620064562,'MATH1735'),(620064562,'INFO2521'),(620064562,'CHEM1485'),(620064562,'ECON3020'),(620064562,'PHYS2451'),(620064562,'COMP3238');
INSERT INTO Users VALUES (620064563,'Allison','Hoyer','AllisonHoyer@gmail.com','HoyerAllison');
INSERT INTO Students VALUES (620064563,'UNDERGRAD','01-01-2020');
INSERT INTO Enrolled (u_id,courseCode) VALUES (620064563,'INFO2813'),(620064563,'MATH3029'),(620064563,'COMP3238');
INSERT INTO Users VALUES (620064564,'Magdalen','Coleman','MagdalenColeman@gmail.com','ColemanMagdalen');
INSERT INTO Students VALUES (620064564,'UNDERGRAD','01-01-2020');
INSERT INTO Enrolled (u_id,courseCode) VALUES (620064564,'BIOC3721'),(620064564,'ECON3550'),(620064564,'INFO1014'),(620064564,'INFO3603'),(620064564,'ECON1458'),(620064564,'PHYS2306');
INSERT INTO Users VALUES (620064565,'Evelyn','Cummins','EvelynCummins@gmail.com','CumminsEvelyn');
INSERT INTO Students VALUES (620064565,'UNDERGRAD','01-01-2020');
INSERT INTO Enrolled (u_id,courseCode) VALUES (620064565,'INFO2270'),(620064565,'BIOC2983'),(620064565,'PHYS1173');
INSERT INTO Users VALUES (620064566,'Byron','Kaupp','ByronKaupp@gmail.com','KauppByron');
INSERT INTO Students VALUES (620064566,'UNDERGRAD','01-01-2020');
INSERT INTO Enrolled (u_id,courseCode) VALUES (620064566,'MATH2501'),(620064566,'BIOC3604'),(620064566,'PHYS3339'),(620064566,'INFO2521'),(620064566,'PHYS2306');
INSERT INTO Users VALUES (620064567,'Walter','Jones','WalterJones@gmail.com','JonesWalter');
INSERT INTO Students VALUES (620064567,'UNDERGRAD','01-01-2020');
INSERT INTO Enrolled (u_id,courseCode) VALUES (620064567,'MATH1454'),(620064567,'PHYS3052'),(620064567,'BIOC2981'),(620064567,'ECON3281'),(620064567,'COMP3238'),(620064567,'CHEM2697');
INSERT INTO Users VALUES (620064568,'Denise','Burney','DeniseBurney@gmail.com','BurneyDenise');
INSERT INTO Students VALUES (620064568,'UNDERGRAD','01-01-2020');
INSERT INTO Enrolled (u_id,courseCode) VALUES (620064568,'PHYS3729'),(620064568,'MATH2801'),(620064568,'PHYS2451');
INSERT INTO Users VALUES (620064569,'Carlos','Miraglia','CarlosMiraglia@gmail.com','MiragliaCarlos');
INSERT INTO Students VALUES (620064569,'UNDERGRAD','01-01-2020');
INSERT INTO Enrolled (u_id,courseCode) VALUES (620064569,'CHEM2066'),(620064569,'MATH3857'),(620064569,'BIOC3721');
INSERT INTO Users VALUES (620064570,'Nicole','Pedersen','NicolePedersen@gmail.com','PedersenNicole');
INSERT INTO Students VALUES (620064570,'UNDERGRAD','01-01-2020');
INSERT INTO Enrolled (u_id,courseCode) VALUES (620064570,'BIOC3604'),(620064570,'BIOC1725'),(620064570,'ECON2814'),(620064570,'ECON3989'),(620064570,'MATH1309');
INSERT INTO Users VALUES (620064571,'Dora','Blackwell','DoraBlackwell@gmail.com','BlackwellDora');
INSERT INTO Students VALUES (620064571,'UNDERGRAD','01-01-2020');
INSERT INTO Enrolled (u_id,courseCode) VALUES (620064571,'ECON3737'),(620064571,'MATH3688'),(620064571,'MATH1148'),(620064571,'PHYS2667'),(620064571,'BIOC1866');
INSERT INTO Users VALUES (620064572,'David','Fuller','DavidFuller@gmail.com','FullerDavid');
INSERT INTO Students VALUES (620064572,'UNDERGRAD','01-01-2020');
INSERT INTO Enrolled (u_id,courseCode) VALUES (620064572,'ECON1783'),(620064572,'PHYS3729'),(620064572,'COMP2651'),(620064572,'MATH2555'),(620064572,'CHEM1613'),(620064572,'MATH3059');
INSERT INTO Users VALUES (620064573,'Bobby','Citizen','BobbyCitizen@gmail.com','CitizenBobby');
INSERT INTO Students VALUES (620064573,'UNDERGRAD','01-01-2020');
INSERT INTO Enrolled (u_id,courseCode) VALUES (620064573,'CHEM2481'),(620064573,'MATH1735'),(620064573,'INFO1833');
INSERT INTO Users VALUES (620064574,'Joan','Myrick','JoanMyrick@gmail.com','MyrickJoan');
INSERT INTO Students VALUES (620064574,'UNDERGRAD','01-01-2020');
INSERT INTO Enrolled (u_id,courseCode) VALUES (620064574,'CHEM3409'),(620064574,'CHEM3614'),(620064574,'PHYS3290');
INSERT INTO Users VALUES (620064575,'Gloria','Henderson','GloriaHenderson@gmail.com','HendersonGloria');
INSERT INTO Students VALUES (620064575,'UNDERGRAD','01-01-2020');
INSERT INTO Enrolled (u_id,courseCode) VALUES (620064575,'CHEM2867'),(620064575,'BIOC2983'),(620064575,'PHYS3729');
INSERT INTO Users VALUES (620064576,'Dale','Decker','DaleDecker@gmail.com','DeckerDale');
INSERT INTO Students VALUES (620064576,'UNDERGRAD','01-01-2020');
INSERT INTO Enrolled (u_id,courseCode) VALUES (620064576,'CHEM2149'),(620064576,'BIOC2983'),(620064576,'CHEM1613'),(620064576,'PHYS3290');
INSERT INTO Users VALUES (620064577,'Casey','Diggs','CaseyDiggs@gmail.com','DiggsCasey');
INSERT INTO Students VALUES (620064577,'UNDERGRAD','01-01-2020');
INSERT INTO Enrolled (u_id,courseCode) VALUES (620064577,'CHEM3054'),(620064577,'ECON3004'),(620064577,'BIOC2981'),(620064577,'ECON3276');
INSERT INTO Users VALUES (620064578,'Daniel','Eubank','DanielEubank@gmail.com','EubankDaniel');
INSERT INTO Students VALUES (620064578,'UNDERGRAD','01-01-2020');
INSERT INTO Enrolled (u_id,courseCode) VALUES (620064578,'CHEM3888'),(620064578,'COMP3697'),(620064578,'CHEM3793'),(620064578,'ECON2345'),(620064578,'CHEM2031');
INSERT INTO Users VALUES (620064579,'Wilbur','Blevins','WilburBlevins@gmail.com','BlevinsWilbur');
INSERT INTO Students VALUES (620064579,'UNDERGRAD','01-01-2020');
INSERT INTO Enrolled (u_id,courseCode) VALUES (620064579,'COMP1460'),(620064579,'ECON3288'),(620064579,'INFO1242'),(620064579,'BIOC1534'),(620064579,'PHYS3052'),(620064579,'COMP2077');
INSERT INTO Users VALUES (620064580,'Jake','Carrington','JakeCarrington@gmail.com','CarringtonJake');
INSERT INTO Students VALUES (620064580,'UNDERGRAD','01-01-2020');
INSERT INTO Enrolled (u_id,courseCode) VALUES (620064580,'INFO3868'),(620064580,'MATH2550'),(620064580,'COMP3084');
INSERT INTO Users VALUES (620064581,'Francisca','Schilling','FranciscaSchilling@gmail.com','SchillingFrancisca');
INSERT INTO Students VALUES (620064581,'UNDERGRAD','01-01-2020');
INSERT INTO Enrolled (u_id,courseCode) VALUES (620064581,'BIOC2983'),(620064581,'BIOC1725'),(620064581,'MATH1454');
INSERT INTO Users VALUES (620064582,'Rosa','Cochran','RosaCochran@gmail.com','CochranRosa');
INSERT INTO Students VALUES (620064582,'UNDERGRAD','01-01-2020');
INSERT INTO Enrolled (u_id,courseCode) VALUES (620064582,'CHEM2066'),(620064582,'BIOC3191'),(620064582,'BIOC2589');
INSERT INTO Users VALUES (620064583,'Brian','Wolfe','BrianWolfe@gmail.com','WolfeBrian');
INSERT INTO Students VALUES (620064583,'UNDERGRAD','01-01-2020');
INSERT INTO Enrolled (u_id,courseCode) VALUES (620064583,'COMP2080'),(620064583,'BIOC1104'),(620064583,'COMP3047'),(620064583,'PHYS2451');
INSERT INTO Users VALUES (620064584,'Jimmy','Harms','JimmyHarms@gmail.com','HarmsJimmy');
INSERT INTO Students VALUES (620064584,'UNDERGRAD','01-01-2020');
INSERT INTO Enrolled (u_id,courseCode) VALUES (620064584,'ECON3281'),(620064584,'CHEM2727'),(620064584,'MATH3209'),(620064584,'CHEM2604'),(620064584,'COMP1460');
INSERT INTO Users VALUES (620064585,'Nicholas','Boyer','NicholasBoyer@gmail.com','BoyerNicholas');
INSERT INTO Students VALUES (620064585,'UNDERGRAD','01-01-2020');
INSERT INTO Enrolled (u_id,courseCode) VALUES (620064585,'ECON1589'),(620064585,'ECON3063'),(620064585,'COMP3173'),(620064585,'ECON2345'),(620064585,'BIOC1052');
INSERT INTO Users VALUES (620064586,'Caroline','Flowers','CarolineFlowers@gmail.com','FlowersCaroline');
INSERT INTO Students VALUES (620064586,'UNDERGRAD','01-01-2020');
INSERT INTO Enrolled (u_id,courseCode) VALUES (620064586,'INFO2147'),(620064586,'MATH3179'),(620064586,'BIOC1744'),(620064586,'ECON3372'),(620064586,'INFO1447');
INSERT INTO Users VALUES (620064587,'George','Monte','GeorgeMonte@gmail.com','MonteGeorge');
INSERT INTO Students VALUES (620064587,'UNDERGRAD','01-01-2020');
INSERT INTO Enrolled (u_id,courseCode) VALUES (620064587,'CHEM2005'),(620064587,'COMP3849'),(620064587,'COMP2400'),(620064587,'ECON3447'),(620064587,'BIOC3341');
INSERT INTO Users VALUES (620064588,'Milton','Flowers','MiltonFlowers@gmail.com','FlowersMilton');
INSERT INTO Students VALUES (620064588,'UNDERGRAD','01-01-2020');
INSERT INTO Enrolled (u_id,courseCode) VALUES (620064588,'MATH3544'),(620064588,'INFO1825'),(620064588,'COMP3697'),(620064588,'CHEM2177');
INSERT INTO Users VALUES (620064589,'Kimberly','Ryan','KimberlyRyan@gmail.com','RyanKimberly');
INSERT INTO Students VALUES (620064589,'UNDERGRAD','01-01-2020');
INSERT INTO Enrolled (u_id,courseCode) VALUES (620064589,'INFO2811'),(620064589,'COMP1867'),(620064589,'BIOC1598'),(620064589,'PHYS3052');
INSERT INTO Users VALUES (620064590,'Wanda','Gondek','WandaGondek@gmail.com','GondekWanda');
INSERT INTO Students VALUES (620064590,'UNDERGRAD','01-01-2020');
INSERT INTO Enrolled (u_id,courseCode) VALUES (620064590,'INFO2270'),(620064590,'PHYS2667'),(620064590,'PHYS2448'),(620064590,'COMP3685'),(620064590,'ECON1498');
INSERT INTO Users VALUES (620064591,'Magdalen','Scully','MagdalenScully@gmail.com','ScullyMagdalen');
INSERT INTO Students VALUES (620064591,'UNDERGRAD','01-01-2020');
INSERT INTO Enrolled (u_id,courseCode) VALUES (620064591,'ECON3311'),(620064591,'PHYS3876'),(620064591,'ECON1589'),(620064591,'INFO1648'),(620064591,'INFO1242'),(620064591,'BIOC3341');
INSERT INTO Users VALUES (620064592,'Tiara','Deen','TiaraDeen@gmail.com','DeenTiara');
INSERT INTO Students VALUES (620064592,'UNDERGRAD','01-01-2020');
INSERT INTO Enrolled (u_id,courseCode) VALUES (620064592,'BIOC3191'),(620064592,'BIOC1725'),(620064592,'BIOC1104'),(620064592,'PHYS3686'),(620064592,'INFO3645'),(620064592,'ECON1645');
INSERT INTO Users VALUES (620064593,'Martin','Gillman','MartinGillman@gmail.com','GillmanMartin');
INSERT INTO Students VALUES (620064593,'UNDERGRAD','01-01-2020');
INSERT INTO Enrolled (u_id,courseCode) VALUES (620064593,'BIOC2983'),(620064593,'BIOC2054'),(620064593,'MATH2801'),(620064593,'ECON1589');
INSERT INTO Users VALUES (620064594,'Eunice','Dohse','EuniceDohse@gmail.com','DohseEunice');
INSERT INTO Students VALUES (620064594,'UNDERGRAD','01-01-2020');
INSERT INTO Enrolled (u_id,courseCode) VALUES (620064594,'BIOC1744'),(620064594,'BIOC1598'),(620064594,'MATH3173'),(620064594,'PHYS3290');
INSERT INTO Users VALUES (620064595,'Benjamin','Steere','BenjaminSteere@gmail.com','SteereBenjamin');
INSERT INTO Students VALUES (620064595,'UNDERGRAD','01-01-2020');
INSERT INTO Enrolled (u_id,courseCode) VALUES (620064595,'PHYS2451'),(620064595,'BIOC2983'),(620064595,'PHYS2563'),(620064595,'PHYS2667'),(620064595,'BIOC3191'),(620064595,'INFO1014');
INSERT INTO Users VALUES (620064596,'Leticia','Turner','LeticiaTurner@gmail.com','TurnerLeticia');
INSERT INTO Students VALUES (620064596,'UNDERGRAD','01-01-2020');
INSERT INTO Enrolled (u_id,courseCode) VALUES (620064596,'CHEM2626'),(620064596,'BIOC2981'),(620064596,'CHEM1485'),(620064596,'CHEM3614'),(620064596,'INFO1242');
INSERT INTO Users VALUES (620064597,'Tony','Fields','TonyFields@gmail.com','FieldsTony');
INSERT INTO Students VALUES (620064597,'UNDERGRAD','01-01-2020');
INSERT INTO Enrolled (u_id,courseCode) VALUES (620064597,'CHEM2867'),(620064597,'INFO2337'),(620064597,'MATH3844'),(620064597,'ECON1012'),(620064597,'BIOC2550'),(620064597,'INFO2270');
INSERT INTO Users VALUES (620064598,'Melvin','Carlson','MelvinCarlson@gmail.com','CarlsonMelvin');
INSERT INTO Students VALUES (620064598,'UNDERGRAD','01-01-2020');
INSERT INTO Enrolled (u_id,courseCode) VALUES (620064598,'MATH3544'),(620064598,'ECON3228'),(620064598,'BIOC1910'),(620064598,'CHEM3054'),(620064598,'PHYS1979'),(620064598,'BIOC3230');
INSERT INTO Users VALUES (620064599,'Trina','Moore','TrinaMoore@gmail.com','MooreTrina');
INSERT INTO Students VALUES (620064599,'UNDERGRAD','01-01-2020');
INSERT INTO Enrolled (u_id,courseCode) VALUES (620064599,'CHEM3409'),(620064599,'PHYS2113'),(620064599,'INFO2270'),(620064599,'PHYS2117'),(620064599,'INFO3419');
INSERT INTO Users VALUES (620064600,'Justin','Evans','JustinEvans@gmail.com','EvansJustin');
INSERT INTO Students VALUES (620064600,'UNDERGRAD','01-01-2020');
INSERT INTO Enrolled (u_id,courseCode) VALUES (620064600,'BIOC1485'),(620064600,'ECON1996'),(620064600,'CHEM2867'),(620064600,'CHEM3747'),(620064600,'CHEM2005'),(620064600,'MATH3688');
INSERT INTO Users VALUES (620064601,'Mathew','Phinney','MathewPhinney@gmail.com','PhinneyMathew');
INSERT INTO Students VALUES (620064601,'UNDERGRAD','01-01-2020');
INSERT INTO Enrolled (u_id,courseCode) VALUES (620064601,'INFO1242'),(620064601,'BIOC1794'),(620064601,'PHYS3659'),(620064601,'PHYS2229'),(620064601,'PHYS3354');
INSERT INTO Users VALUES (620064602,'Nicholas','Cummins','NicholasCummins@gmail.com','CumminsNicholas');
INSERT INTO Students VALUES (620064602,'UNDERGRAD','01-01-2020');
INSERT INTO Enrolled (u_id,courseCode) VALUES (620064602,'ECON1012'),(620064602,'ECON3737'),(620064602,'INFO2950'),(620064602,'CHEM3617');
INSERT INTO Users VALUES (620064603,'Bryan','Ebbs','BryanEbbs@gmail.com','EbbsBryan');
INSERT INTO Students VALUES (620064603,'UNDERGRAD','01-01-2020');
INSERT INTO Enrolled (u_id,courseCode) VALUES (620064603,'BIOC2589'),(620064603,'CHEM3888'),(620064603,'COMP1357'),(620064603,'BIOC1866'),(620064603,'ECON3523');
INSERT INTO Users VALUES (620064604,'Jewell','Burch','JewellBurch@gmail.com','BurchJewell');
INSERT INTO Students VALUES (620064604,'UNDERGRAD','01-01-2020');
INSERT INTO Enrolled (u_id,courseCode) VALUES (620064604,'INFO2860'),(620064604,'ECON3311'),(620064604,'COMP1460'),(620064604,'PHYS2113'),(620064604,'BIOC3341'),(620064604,'INFO1288');
INSERT INTO Users VALUES (620064605,'Tia','Gondek','TiaGondek@gmail.com','GondekTia');
INSERT INTO Students VALUES (620064605,'UNDERGRAD','01-01-2020');
INSERT INTO Enrolled (u_id,courseCode) VALUES (620064605,'BIOC1439'),(620064605,'PHYS3464'),(620064605,'INFO3935'),(620064605,'BIOC3604'),(620064605,'COMP3536');
INSERT INTO Users VALUES (620064606,'Ladawn','Krause','LadawnKrause@gmail.com','KrauseLadawn');
INSERT INTO Students VALUES (620064606,'UNDERGRAD','01-01-2020');
INSERT INTO Enrolled (u_id,courseCode) VALUES (620064606,'CHEM3793'),(620064606,'PHYS1140'),(620064606,'ECON3311'),(620064606,'ECON1498'),(620064606,'ECON3737');
INSERT INTO Users VALUES (620064607,'Manuel','Wolfe','ManuelWolfe@gmail.com','WolfeManuel');
INSERT INTO Students VALUES (620064607,'UNDERGRAD','01-01-2020');
INSERT INTO Enrolled (u_id,courseCode) VALUES (620064607,'BIOC1485'),(620064607,'MATH3029'),(620064607,'CHEM1807'),(620064607,'MATH3059'),(620064607,'ECON2814'),(620064607,'MATH3857');
INSERT INTO Users VALUES (620064608,'Beverly','Harms','BeverlyHarms@gmail.com','HarmsBeverly');
INSERT INTO Students VALUES (620064608,'UNDERGRAD','01-01-2020');
INSERT INTO Enrolled (u_id,courseCode) VALUES (620064608,'CHEM3327'),(620064608,'CHEM1613'),(620064608,'CHEM1485'),(620064608,'MATH2873'),(620064608,'PHYS2238'),(620064608,'CHEM2481');
INSERT INTO Users VALUES (620064609,'Jonathan','Halford','JonathanHalford@gmail.com','HalfordJonathan');
INSERT INTO Students VALUES (620064609,'UNDERGRAD','01-01-2020');
INSERT INTO Enrolled (u_id,courseCode) VALUES (620064609,'MATH3209'),(620064609,'INFO1288'),(620064609,'MATH2801'),(620064609,'CHEM2149'),(620064609,'COMP3167');
INSERT INTO Users VALUES (620064610,'Rodney','Felipe','RodneyFelipe@gmail.com','FelipeRodney');
INSERT INTO Students VALUES (620064610,'UNDERGRAD','01-01-2020');
INSERT INTO Enrolled (u_id,courseCode) VALUES (620064610,'MATH2555'),(620064610,'COMP3685'),(620064610,'PHYS1173'),(620064610,'MATH3544'),(620064610,'MATH3059'),(620064610,'CHEM1485');
INSERT INTO Users VALUES (620064611,'Joy','Siple','JoySiple@gmail.com','SipleJoy');
INSERT INTO Students VALUES (620064611,'UNDERGRAD','01-01-2020');
INSERT INTO Enrolled (u_id,courseCode) VALUES (620064611,'CHEM3614'),(620064611,'BIOC2983'),(620064611,'ECON1230'),(620064611,'INFO2521'),(620064611,'PHYS3354'),(620064611,'CHEM3327');
INSERT INTO Users VALUES (620064612,'Miguel','Joeckel','MiguelJoeckel@gmail.com','JoeckelMiguel');
INSERT INTO Students VALUES (620064612,'UNDERGRAD','01-01-2020');
INSERT INTO Enrolled (u_id,courseCode) VALUES (620064612,'ECON3550'),(620064612,'PHYS3052'),(620064612,'BIOC2550');
INSERT INTO Users VALUES (620064613,'Vickie','Cummings','VickieCummings@gmail.com','CummingsVickie');
INSERT INTO Students VALUES (620064613,'UNDERGRAD','01-01-2020');
INSERT INTO Enrolled (u_id,courseCode) VALUES (620064613,'MATH1454'),(620064613,'ECON1996'),(620064613,'COMP3536'),(620064613,'BIOC1104'),(620064613,'BIOC1448');
INSERT INTO Users VALUES (620064614,'Peter','Boyer','PeterBoyer@gmail.com','BoyerPeter');
INSERT INTO Students VALUES (620064614,'UNDERGRAD','01-01-2020');
INSERT INTO Enrolled (u_id,courseCode) VALUES (620064614,'BIOC3457'),(620064614,'ECON1783'),(620064614,'BIOC1485'),(620064614,'INFO2213');
INSERT INTO Users VALUES (620064615,'Roberta','Williams','RobertaWilliams@gmail.com','WilliamsRoberta');
INSERT INTO Students VALUES (620064615,'UNDERGRAD','01-01-2020');
INSERT INTO Enrolled (u_id,courseCode) VALUES (620064615,'PHYS1930'),(620064615,'BIOC1104'),(620064615,'PHYS3354'),(620064615,'PHYS3787'),(620064615,'COMP3639'),(620064615,'PHYS3729');
INSERT INTO Users VALUES (620064616,'Marjorie','Maze','MarjorieMaze@gmail.com','MazeMarjorie');
INSERT INTO Students VALUES (620064616,'UNDERGRAD','01-01-2020');
INSERT INTO Enrolled (u_id,courseCode) VALUES (620064616,'COMP2077'),(620064616,'COMP1051'),(620064616,'PHYS2117'),(620064616,'CHEM2481'),(620064616,'ECON3085'),(620064616,'PHYS1979');
INSERT INTO Users VALUES (620064617,'Howard','Hodge','HowardHodge@gmail.com','HodgeHoward');
INSERT INTO Students VALUES (620064617,'UNDERGRAD','01-01-2020');
INSERT INTO Enrolled (u_id,courseCode) VALUES (620064617,'BIOC3341'),(620064617,'MATH3844'),(620064617,'INFO2270'),(620064617,'PHYS3787');
INSERT INTO Users VALUES (620064618,'Peter','Dahlheimer','PeterDahlheimer@gmail.com','DahlheimerPeter');
INSERT INTO Students VALUES (620064618,'UNDERGRAD','01-01-2020');
INSERT INTO Enrolled (u_id,courseCode) VALUES (620064618,'BIOC3230'),(620064618,'COMP3173'),(620064618,'CHEM1494'),(620064618,'CHEM1613'),(620064618,'BIOC1986');
INSERT INTO Users VALUES (620064619,'Dale','Flemming','DaleFlemming@gmail.com','FlemmingDale');
INSERT INTO Students VALUES (620064619,'UNDERGRAD','01-01-2020');
INSERT INTO Enrolled (u_id,courseCode) VALUES (620064619,'COMP1460'),(620064619,'MATH1648'),(620064619,'CHEM2481'),(620064619,'ECON1098');
INSERT INTO Users VALUES (620064620,'Juanita','Burch','JuanitaBurch@gmail.com','BurchJuanita');
INSERT INTO Students VALUES (620064620,'UNDERGRAD','01-01-2020');
INSERT INTO Enrolled (u_id,courseCode) VALUES (620064620,'PHYS3876'),(620064620,'ECON2703'),(620064620,'ECON3281'),(620064620,'ECON3020'),(620064620,'PHYS2229'),(620064620,'MATH1262');
INSERT INTO Users VALUES (620064621,'Rick','Lauritsen','RickLauritsen@gmail.com','LauritsenRick');
INSERT INTO Students VALUES (620064621,'UNDERGRAD','01-01-2020');
INSERT INTO Enrolled (u_id,courseCode) VALUES (620064621,'CHEM2727'),(620064621,'COMP2965'),(620064621,'PHYS2563');
INSERT INTO Users VALUES (620064622,'Alvin','Lockwood','AlvinLockwood@gmail.com','LockwoodAlvin');
INSERT INTO Students VALUES (620064622,'UNDERGRAD','01-01-2020');
INSERT INTO Enrolled (u_id,courseCode) VALUES (620064622,'BIOC2550'),(620064622,'BIOC1986'),(620064622,'BIOC3604');
INSERT INTO Users VALUES (620064623,'Jessie','Alvarez','JessieAlvarez@gmail.com','AlvarezJessie');
INSERT INTO Students VALUES (620064623,'UNDERGRAD','01-01-2020');
INSERT INTO Enrolled (u_id,courseCode) VALUES (620064623,'MATH1454'),(620064623,'ECON3447'),(620064623,'BIOC1448');
INSERT INTO Users VALUES (620064624,'Tanya','Merna','TanyaMerna@gmail.com','MernaTanya');
INSERT INTO Students VALUES (620064624,'UNDERGRAD','01-01-2020');
INSERT INTO Enrolled (u_id,courseCode) VALUES (620064624,'PHYS3290'),(620064624,'BIOC1485'),(620064624,'CHEM1485'),(620064624,'ECON1170'),(620064624,'COMP3697'),(620064624,'INFO3935');
INSERT INTO Users VALUES (620064625,'Madaline','Lemieux','MadalineLemieux@gmail.com','LemieuxMadaline');
INSERT INTO Students VALUES (620064625,'UNDERGRAD','01-01-2020');
INSERT INTO Enrolled (u_id,courseCode) VALUES (620064625,'INFO2213'),(620064625,'BIOC2589'),(620064625,'BIOC2671'),(620064625,'ECON3004'),(620064625,'BIOC1448');
INSERT INTO Users VALUES (620064626,'Carolyn','Monte','CarolynMonte@gmail.com','MonteCarolyn');
INSERT INTO Students VALUES (620064626,'UNDERGRAD','01-01-2020');
INSERT INTO Enrolled (u_id,courseCode) VALUES (620064626,'COMP2541'),(620064626,'CHEM1494'),(620064626,'MATH1262'),(620064626,'PHYS3290'),(620064626,'INFO3868'),(620064626,'INFO2213');
INSERT INTO Users VALUES (620064627,'Agnes','Gray','AgnesGray@gmail.com','GrayAgnes');
INSERT INTO Students VALUES (620064627,'UNDERGRAD','01-01-2020');
INSERT INTO Enrolled (u_id,courseCode) VALUES (620064627,'ECON1458'),(620064627,'MATH1148'),(620064627,'PHYS2117'),(620064627,'BIOC1910'),(620064627,'ECON3550'),(620064627,'COMP3849');
INSERT INTO Users VALUES (620064628,'William','Lavoy','WilliamLavoy@gmail.com','LavoyWilliam');
INSERT INTO Students VALUES (620064628,'UNDERGRAD','01-01-2020');
INSERT INTO Enrolled (u_id,courseCode) VALUES (620064628,'INFO3636'),(620064628,'COMP3047'),(620064628,'PHYS1140'),(620064628,'CHEM2481');
INSERT INTO Users VALUES (620064629,'Mason','Mattingly','MasonMattingly@gmail.com','MattinglyMason');
INSERT INTO Students VALUES (620064629,'UNDERGRAD','01-01-2020');
INSERT INTO Enrolled (u_id,courseCode) VALUES (620064629,'PHYS2667'),(620064629,'MATH3179'),(620064629,'BIOC3341'),(620064629,'BIOC1598');
INSERT INTO Users VALUES (620064630,'Adrienne','Wurdeman','AdrienneWurdeman@gmail.com','WurdemanAdrienne');
INSERT INTO Students VALUES (620064630,'UNDERGRAD','01-01-2020');
INSERT INTO Enrolled (u_id,courseCode) VALUES (620064630,'PHYS3290'),(620064630,'INFO1242'),(620064630,'INFO1145');
INSERT INTO Users VALUES (620064631,'Nancy','Hunt','NancyHunt@gmail.com','HuntNancy');
INSERT INTO Students VALUES (620064631,'UNDERGRAD','01-01-2020');
INSERT INTO Enrolled (u_id,courseCode) VALUES (620064631,'CHEM3054'),(620064631,'ECON3020'),(620064631,'COMP1460'),(620064631,'ECON3447'),(620064631,'CHEM3617'),(620064631,'BIOC3721');
INSERT INTO Users VALUES (620064632,'Lindsey','Howe','LindseyHowe@gmail.com','HoweLindsey');
INSERT INTO Students VALUES (620064632,'UNDERGRAD','01-01-2020');
INSERT INTO Enrolled (u_id,courseCode) VALUES (620064632,'PHYS1173'),(620064632,'INFO2147'),(620064632,'ECON3288');
INSERT INTO Users VALUES (620064633,'Cleveland','Saunders','ClevelandSaunders@gmail.com','SaundersCleveland');
INSERT INTO Students VALUES (620064633,'UNDERGRAD','01-01-2020');
INSERT INTO Enrolled (u_id,courseCode) VALUES (620064633,'CHEM3409'),(620064633,'PHYS1173'),(620064633,'ECON3737'),(620064633,'COMP3697'),(620064633,'CHEM3327'),(620064633,'COMP3536');
INSERT INTO Users VALUES (620064634,'Dwayne','Lemieux','DwayneLemieux@gmail.com','LemieuxDwayne');
INSERT INTO Students VALUES (620064634,'UNDERGRAD','01-01-2020');
INSERT INTO Enrolled (u_id,courseCode) VALUES (620064634,'BIOC2981'),(620064634,'ECON1012'),(620064634,'MATH3613'),(620064634,'CHEM2005');
INSERT INTO Users VALUES (620064635,'Bobby','Lockwood','BobbyLockwood@gmail.com','LockwoodBobby');
INSERT INTO Students VALUES (620064635,'UNDERGRAD','01-01-2020');
INSERT INTO Enrolled (u_id,courseCode) VALUES (620064635,'INFO3636'),(620064635,'PHYS2563'),(620064635,'CHEM2065'),(620064635,'ECON3737');
INSERT INTO Users VALUES (620064636,'John','Robertson','JohnRobertson@gmail.com','RobertsonJohn');
INSERT INTO Students VALUES (620064636,'UNDERGRAD','01-01-2020');
INSERT INTO Enrolled (u_id,courseCode) VALUES (620064636,'BIOC2981'),(620064636,'INFO1145'),(620064636,'COMP3685'),(620064636,'BIOC1485'),(620064636,'INFO2950');
INSERT INTO Users VALUES (620064637,'Jose','Madsen','JoseMadsen@gmail.com','MadsenJose');
INSERT INTO Students VALUES (620064637,'UNDERGRAD','01-01-2020');
INSERT INTO Enrolled (u_id,courseCode) VALUES (620064637,'MATH1250'),(620064637,'PHYS2667'),(620064637,'COMP2080'),(620064637,'ECON1170'),(620064637,'PHYS2977');
INSERT INTO Users VALUES (620064638,'Maria','Terry','MariaTerry@gmail.com','TerryMaria');
INSERT INTO Students VALUES (620064638,'UNDERGRAD','01-01-2020');
INSERT INTO Enrolled (u_id,courseCode) VALUES (620064638,'COMP2541'),(620064638,'PHYS3052'),(620064638,'INFO1825'),(620064638,'ECON1561'),(620064638,'INFO2147');
INSERT INTO Users VALUES (620064639,'Shayne','Luper','ShayneLuper@gmail.com','LuperShayne');
INSERT INTO Students VALUES (620064639,'UNDERGRAD','01-01-2020');
INSERT INTO Enrolled (u_id,courseCode) VALUES (620064639,'PHYS1173'),(620064639,'BIOC2983'),(620064639,'INFO1833'),(620064639,'COMP3506'),(620064639,'BIOC1910');
INSERT INTO Users VALUES (620064640,'Thomas','Lavoy','ThomasLavoy@gmail.com','LavoyThomas');
INSERT INTO Students VALUES (620064640,'UNDERGRAD','01-01-2020');
INSERT INTO Enrolled (u_id,courseCode) VALUES (620064640,'PHYS1173'),(620064640,'COMP2077'),(620064640,'PHYS1979');
INSERT INTO Users VALUES (620064641,'Deborah','Joaquin','DeborahJoaquin@gmail.com','JoaquinDeborah');
INSERT INTO Students VALUES (620064641,'UNDERGRAD','01-01-2020');
INSERT INTO Enrolled (u_id,courseCode) VALUES (620064641,'INFO1014'),(620064641,'CHEM2481'),(620064641,'PHYS1140'),(620064641,'INFO2559'),(620064641,'INFO3636'),(620064641,'CHEM3409');
INSERT INTO Users VALUES (620064642,'Antionette','Hinojosa','AntionetteHinojosa@gmail.com','HinojosaAntionette');
INSERT INTO Students VALUES (620064642,'UNDERGRAD','01-01-2020');
INSERT INTO Enrolled (u_id,courseCode) VALUES (620064642,'INFO1990'),(620064642,'BIOC1052'),(620064642,'COMP3167'),(620064642,'ECON3063'),(620064642,'ECON3550'),(620064642,'COMP1184');
INSERT INTO Users VALUES (620064643,'William','Petty','WilliamPetty@gmail.com','PettyWilliam');
INSERT INTO Students VALUES (620064643,'UNDERGRAD','01-01-2020');
INSERT INTO Enrolled (u_id,courseCode) VALUES (620064643,'PHYS3729'),(620064643,'CHEM2867'),(620064643,'CHEM3747'),(620064643,'PHYS1993'),(620064643,'BIOC3191');
INSERT INTO Users VALUES (620064644,'Peggy','Barron','PeggyBarron@gmail.com','BarronPeggy');
INSERT INTO Students VALUES (620064644,'UNDERGRAD','01-01-2020');
INSERT INTO Enrolled (u_id,courseCode) VALUES (620064644,'MATH3688'),(620064644,'INFO2559'),(620064644,'COMP2651'),(620064644,'MATH2188'),(620064644,'BIOC1744'),(620064644,'ECON3228');
INSERT INTO Users VALUES (620064645,'Frances','Dohse','FrancesDohse@gmail.com','DohseFrances');
INSERT INTO Students VALUES (620064645,'UNDERGRAD','01-01-2020');
INSERT INTO Enrolled (u_id,courseCode) VALUES (620064645,'INFO3419'),(620064645,'COMP3047'),(620064645,'PHYS3686'),(620064645,'COMP3238');
INSERT INTO Users VALUES (620064646,'Stephanie','Lemieux','StephanieLemieux@gmail.com','LemieuxStephanie');
INSERT INTO Students VALUES (620064646,'UNDERGRAD','01-01-2020');
INSERT INTO Enrolled (u_id,courseCode) VALUES (620064646,'PHYS3052'),(620064646,'CHEM2446'),(620064646,'ECON3281'),(620064646,'BIOC3721'),(620064646,'BIOC3341'),(620064646,'MATH1262');
INSERT INTO Users VALUES (620064647,'Stanley','Kimbrell','StanleyKimbrell@gmail.com','KimbrellStanley');
INSERT INTO Students VALUES (620064647,'UNDERGRAD','01-01-2020');
INSERT INTO Enrolled (u_id,courseCode) VALUES (620064647,'BIOC3604'),(620064647,'ECON1012'),(620064647,'CHEM1340'),(620064647,'ECON3281'),(620064647,'COMP1867'),(620064647,'COMP2077');
INSERT INTO Users VALUES (620064648,'Shirley','Krause','ShirleyKrause@gmail.com','KrauseShirley');
INSERT INTO Students VALUES (620064648,'UNDERGRAD','01-01-2020');
INSERT INTO Enrolled (u_id,courseCode) VALUES (620064648,'COMP1867'),(620064648,'ECON1498'),(620064648,'MATH2873');
INSERT INTO Users VALUES (620064649,'Bryan','Mitchell','BryanMitchell@gmail.com','MitchellBryan');
INSERT INTO Students VALUES (620064649,'UNDERGRAD','01-01-2020');
INSERT INTO Enrolled (u_id,courseCode) VALUES (620064649,'BIOC3721'),(620064649,'BIOC1986'),(620064649,'INFO1648');
INSERT INTO Users VALUES (620064650,'Brenda','Cannon','BrendaCannon@gmail.com','CannonBrenda');
INSERT INTO Students VALUES (620064650,'UNDERGRAD','01-01-2020');
INSERT INTO Enrolled (u_id,courseCode) VALUES (620064650,'BIOC3457'),(620064650,'CHEM3409'),(620064650,'MATH1648'),(620064650,'INFO2337'),(620064650,'BIOC3604'),(620064650,'ECON3372');
INSERT INTO Users VALUES (620064651,'Rhonda','Joaquin','RhondaJoaquin@gmail.com','JoaquinRhonda');
INSERT INTO Students VALUES (620064651,'UNDERGRAD','01-01-2020');
INSERT INTO Enrolled (u_id,courseCode) VALUES (620064651,'PHYS2563'),(620064651,'COMP3173'),(620064651,'PHYS3686'),(620064651,'COMP3238');
INSERT INTO Users VALUES (620064652,'Tracy','Velasquez','TracyVelasquez@gmail.com','VelasquezTracy');
INSERT INTO Students VALUES (620064652,'UNDERGRAD','01-01-2020');
INSERT INTO Enrolled (u_id,courseCode) VALUES (620064652,'COMP2541'),(620064652,'MATH1578'),(620064652,'BIOC1866'),(620064652,'BIOC1164'),(620064652,'MATH1638'),(620064652,'ECON3737');
INSERT INTO Users VALUES (620064653,'Julius','Prince','JuliusPrince@gmail.com','PrinceJulius');
INSERT INTO Students VALUES (620064653,'UNDERGRAD','01-01-2020');
INSERT INTO Enrolled (u_id,courseCode) VALUES (620064653,'BIOC3721'),(620064653,'COMP1357'),(620064653,'MATH1638'),(620064653,'INFO2559');
INSERT INTO Users VALUES (620064654,'Lois','Collins','LoisCollins@gmail.com','CollinsLois');
INSERT INTO Students VALUES (620064654,'UNDERGRAD','01-01-2020');
INSERT INTO Enrolled (u_id,courseCode) VALUES (620064654,'MATH3544'),(620064654,'COMP1867'),(620064654,'PHYS2448'),(620064654,'CHEM3409'),(620064654,'ECON3281');
INSERT INTO Users VALUES (620064655,'Demetrice','Hardman','DemetriceHardman@gmail.com','HardmanDemetrice');
INSERT INTO Students VALUES (620064655,'UNDERGRAD','01-01-2020');
INSERT INTO Enrolled (u_id,courseCode) VALUES (620064655,'MATH3222'),(620064655,'COMP2541'),(620064655,'INFO2950');
INSERT INTO Users VALUES (620064656,'Latoya','Jeanbaptiste','LatoyaJeanbaptiste@gmail.com','JeanbaptisteLatoya');
INSERT INTO Students VALUES (620064656,'UNDERGRAD','01-01-2020');
INSERT INTO Enrolled (u_id,courseCode) VALUES (620064656,'PHYS3729'),(620064656,'INFO2213'),(620064656,'MATH3029'),(620064656,'BIOC3457'),(620064656,'COMP2077');
INSERT INTO Users VALUES (620064657,'Martin','Estrada','MartinEstrada@gmail.com','EstradaMartin');
INSERT INTO Students VALUES (620064657,'UNDERGRAD','01-01-2020');
INSERT INTO Enrolled (u_id,courseCode) VALUES (620064657,'ECON3989'),(620064657,'CHEM1485'),(620064657,'INFO2636');
INSERT INTO Users VALUES (620064658,'Luella','Avery','LuellaAvery@gmail.com','AveryLuella');
INSERT INTO Students VALUES (620064658,'UNDERGRAD','01-01-2020');
INSERT INTO Enrolled (u_id,courseCode) VALUES (620064658,'COMP3418'),(620064658,'INFO2860'),(620064658,'BIOC3721');
INSERT INTO Users VALUES (620064659,'Blake','Klein','BlakeKlein@gmail.com','KleinBlake');
INSERT INTO Students VALUES (620064659,'UNDERGRAD','01-01-2020');
INSERT INTO Enrolled (u_id,courseCode) VALUES (620064659,'PHYS2113'),(620064659,'CHEM2005'),(620064659,'MATH2873');
INSERT INTO Users VALUES (620064660,'Betty','Martin','BettyMartin@gmail.com','MartinBetty');
INSERT INTO Students VALUES (620064660,'UNDERGRAD','01-01-2020');
INSERT INTO Enrolled (u_id,courseCode) VALUES (620064660,'BIOC3721'),(620064660,'MATH1648'),(620064660,'ECON3288');
INSERT INTO Users VALUES (620064661,'Isreal','Jefferson','IsrealJefferson@gmail.com','JeffersonIsreal');
INSERT INTO Students VALUES (620064661,'UNDERGRAD','01-01-2020');
INSERT INTO Enrolled (u_id,courseCode) VALUES (620064661,'PHYS2338'),(620064661,'INFO1242'),(620064661,'INFO2797');
INSERT INTO Users VALUES (620064662,'Julius','Mcclanahan','JuliusMcclanahan@gmail.com','McclanahanJulius');
INSERT INTO Students VALUES (620064662,'UNDERGRAD','01-01-2020');
INSERT INTO Enrolled (u_id,courseCode) VALUES (620064662,'COMP2717'),(620064662,'INFO1014'),(620064662,'BIOC1866');
INSERT INTO Users VALUES (620064663,'Nathan','Mcneill','NathanMcneill@gmail.com','McneillNathan');
INSERT INTO Students VALUES (620064663,'UNDERGRAD','01-01-2020');
INSERT INTO Enrolled (u_id,courseCode) VALUES (620064663,'COMP3047'),(620064663,'PHYS2448'),(620064663,'BIOC2550'),(620064663,'MATH1735');
INSERT INTO Users VALUES (620064664,'Mack','Hoffman','MackHoffman@gmail.com','HoffmanMack');
INSERT INTO Students VALUES (620064664,'UNDERGRAD','01-01-2020');
INSERT INTO Enrolled (u_id,courseCode) VALUES (620064664,'CHEM2867'),(620064664,'COMP2651'),(620064664,'PHYS1930'),(620064664,'CHEM2065'),(620064664,'BIOC3191'),(620064664,'INFO3636');
INSERT INTO Users VALUES (620064665,'Nicholas','Madsen','NicholasMadsen@gmail.com','MadsenNicholas');
INSERT INTO Students VALUES (620064665,'UNDERGRAD','01-01-2020');
INSERT INTO Enrolled (u_id,courseCode) VALUES (620064665,'ECON3989'),(620064665,'MATH3857'),(620064665,'MATH3544'),(620064665,'INFO3419'),(620064665,'CHEM3747');
INSERT INTO Users VALUES (620064666,'Kirk','Felipe','KirkFelipe@gmail.com','FelipeKirk');
INSERT INTO Students VALUES (620064666,'UNDERGRAD','01-01-2020');
INSERT INTO Enrolled (u_id,courseCode) VALUES (620064666,'PHYS2113'),(620064666,'BIOC2671'),(620064666,'MATH2501'),(620064666,'INFO2147');
INSERT INTO Users VALUES (620064667,'Weldon','Brock','WeldonBrock@gmail.com','BrockWeldon');
INSERT INTO Students VALUES (620064667,'UNDERGRAD','01-01-2020');
INSERT INTO Enrolled (u_id,courseCode) VALUES (620064667,'PHYS2563'),(620064667,'ECON1783'),(620064667,'COMP3746');
INSERT INTO Users VALUES (620064668,'Dorcas','Carrington','DorcasCarrington@gmail.com','CarringtonDorcas');
INSERT INTO Students VALUES (620064668,'UNDERGRAD','01-01-2020');
INSERT INTO Enrolled (u_id,courseCode) VALUES (620064668,'INFO2950'),(620064668,'ECON1012'),(620064668,'COMP3047'),(620064668,'ECON1645'),(620064668,'PHYS3686'),(620064668,'BIOC1448');
INSERT INTO Users VALUES (620064669,'Byron','Gondek','ByronGondek@gmail.com','GondekByron');
INSERT INTO Students VALUES (620064669,'UNDERGRAD','01-01-2020');
INSERT INTO Enrolled (u_id,courseCode) VALUES (620064669,'COMP3639'),(620064669,'ECON3311'),(620064669,'INFO3603'),(620064669,'MATH1250'),(620064669,'CHEM3327');
INSERT INTO Users VALUES (620064670,'Edwin','Blackwell','EdwinBlackwell@gmail.com','BlackwellEdwin');
INSERT INTO Students VALUES (620064670,'UNDERGRAD','01-01-2020');
INSERT INTO Enrolled (u_id,courseCode) VALUES (620064670,'MATH1735'),(620064670,'MATH3179'),(620064670,'COMP2361'),(620064670,'PHYS3464'),(620064670,'MATH2873'),(620064670,'BIOC3457');
INSERT INTO Users VALUES (620064671,'Mildred','Alvarez','MildredAlvarez@gmail.com','AlvarezMildred');
INSERT INTO Students VALUES (620064671,'UNDERGRAD','01-01-2020');
INSERT INTO Enrolled (u_id,courseCode) VALUES (620064671,'PHYS3354'),(620064671,'PHYS1930'),(620064671,'MATH2873'),(620064671,'BIOC1725'),(620064671,'CHEM2604');
INSERT INTO Users VALUES (620064672,'Dorothy','Early','DorothyEarly@gmail.com','EarlyDorothy');
INSERT INTO Students VALUES (620064672,'UNDERGRAD','01-01-2020');
INSERT INTO Enrolled (u_id,courseCode) VALUES (620064672,'MATH1735'),(620064672,'CHEM1807'),(620064672,'ECON3276'),(620064672,'COMP2541'),(620064672,'BIOC1725'),(620064672,'INFO3419');
INSERT INTO Users VALUES (620064673,'Mary','Williamson','MaryWilliamson@gmail.com','WilliamsonMary');
INSERT INTO Students VALUES (620064673,'UNDERGRAD','01-01-2020');
INSERT INTO Enrolled (u_id,courseCode) VALUES (620064673,'ECON3228'),(620064673,'COMP3506'),(620064673,'INFO2797'),(620064673,'ECON3085'),(620064673,'ECON1645');
INSERT INTO Users VALUES (620064674,'Leo','Flowers','LeoFlowers@gmail.com','FlowersLeo');
INSERT INTO Students VALUES (620064674,'UNDERGRAD','01-01-2020');
INSERT INTO Enrolled (u_id,courseCode) VALUES (620064674,'MATH1578'),(620064674,'MATH3857'),(620064674,'COMP1184'),(620064674,'CHEM2727');
INSERT INTO Users VALUES (620064675,'Georgie','Smith','GeorgieSmith@gmail.com','SmithGeorgie');
INSERT INTO Students VALUES (620064675,'UNDERGRAD','01-01-2020');
INSERT INTO Enrolled (u_id,courseCode) VALUES (620064675,'INFO3636'),(620064675,'MATH2717'),(620064675,'COMP3685'),(620064675,'MATH2957'),(620064675,'BIOC2983'),(620064675,'PHYS2667');
INSERT INTO Users VALUES (620064676,'Shonda','Kaupp','ShondaKaupp@gmail.com','KauppShonda');
INSERT INTO Students VALUES (620064676,'UNDERGRAD','01-01-2020');
INSERT INTO Enrolled (u_id,courseCode) VALUES (620064676,'INFO1648'),(620064676,'ECON3281'),(620064676,'PHYS3339'),(620064676,'CHEM2066');
INSERT INTO Users VALUES (620064677,'David','Baptiste','DavidBaptiste@gmail.com','BaptisteDavid');
INSERT INTO Students VALUES (620064677,'UNDERGRAD','01-01-2020');
INSERT INTO Enrolled (u_id,courseCode) VALUES (620064677,'CHEM2604'),(620064677,'CHEM2626'),(620064677,'PHYS1979');
INSERT INTO Users VALUES (620064678,'Sandra','Petersen','SandraPetersen@gmail.com','PetersenSandra');
INSERT INTO Students VALUES (620064678,'UNDERGRAD','01-01-2020');
INSERT INTO Enrolled (u_id,courseCode) VALUES (620064678,'INFO1014'),(620064678,'BIOC1439'),(620064678,'CHEM3054'),(620064678,'MATH1454');
INSERT INTO Users VALUES (620064679,'Beverly','Hanks','BeverlyHanks@gmail.com','HanksBeverly');
INSERT INTO Students VALUES (620064679,'UNDERGRAD','01-01-2020');
INSERT INTO Enrolled (u_id,courseCode) VALUES (620064679,'ECON2387'),(620064679,'PHYS2238'),(620064679,'ECON1561'),(620064679,'CHEM2005'),(620064679,'CHEM1807');
INSERT INTO Users VALUES (620064680,'Geoffrey','Sniezek','GeoffreySniezek@gmail.com','SniezekGeoffrey');
INSERT INTO Students VALUES (620064680,'UNDERGRAD','01-01-2020');
INSERT INTO Enrolled (u_id,courseCode) VALUES (620064680,'CHEM2727'),(620064680,'ECON2722'),(620064680,'BIOC1986');
INSERT INTO Users VALUES (620064681,'Rhonda','Culpepper','RhondaCulpepper@gmail.com','CulpepperRhonda');
INSERT INTO Students VALUES (620064681,'UNDERGRAD','01-01-2020');
INSERT INTO Enrolled (u_id,courseCode) VALUES (620064681,'ECON2387'),(620064681,'COMP1867'),(620064681,'BIOC3191'),(620064681,'BIOC1104');
INSERT INTO Users VALUES (620064682,'Shannon','Hauser','ShannonHauser@gmail.com','HauserShannon');
INSERT INTO Students VALUES (620064682,'UNDERGRAD','01-01-2020');
INSERT INTO Enrolled (u_id,courseCode) VALUES (620064682,'BIOC1104'),(620064682,'ECON3085'),(620064682,'PHYS3464'),(620064682,'ECON1589');
INSERT INTO Users VALUES (620064683,'Nan','Bennett','NanBennett@gmail.com','BennettNan');
INSERT INTO Students VALUES (620064683,'UNDERGRAD','01-01-2020');
INSERT INTO Enrolled (u_id,courseCode) VALUES (620064683,'PHYS2306'),(620064683,'ECON1498'),(620064683,'COMP3849'),(620064683,'INFO3645'),(620064683,'MATH3222'),(620064683,'ECON1996');
INSERT INTO Users VALUES (620064684,'Kimberly','Garcia','KimberlyGarcia@gmail.com','GarciaKimberly');
INSERT INTO Students VALUES (620064684,'UNDERGRAD','01-01-2020');
INSERT INTO Enrolled (u_id,courseCode) VALUES (620064684,'INFO2813'),(620064684,'MATH1638'),(620064684,'MATH2188'),(620064684,'COMP3167');
INSERT INTO Users VALUES (620064685,'Floyd','Banks','FloydBanks@gmail.com','BanksFloyd');
INSERT INTO Students VALUES (620064685,'UNDERGRAD','01-01-2020');
INSERT INTO Enrolled (u_id,courseCode) VALUES (620064685,'COMP1460'),(620064685,'INFO3935'),(620064685,'COMP2651'),(620064685,'BIOC3457'),(620064685,'ECON1230'),(620064685,'INFO2813');
INSERT INTO Users VALUES (620064686,'Adelle','Hart','AdelleHart@gmail.com','HartAdelle');
INSERT INTO Students VALUES (620064686,'UNDERGRAD','01-01-2020');
INSERT INTO Enrolled (u_id,courseCode) VALUES (620064686,'MATH1309'),(620064686,'CHEM2481'),(620064686,'COMP1573'),(620064686,'CHEM1340');
INSERT INTO Users VALUES (620064687,'Melanie','Nerbonne','MelanieNerbonne@gmail.com','NerbonneMelanie');
INSERT INTO Students VALUES (620064687,'UNDERGRAD','01-01-2020');
INSERT INTO Enrolled (u_id,courseCode) VALUES (620064687,'MATH2550'),(620064687,'COMP3685'),(620064687,'COMP3746'),(620064687,'PHYS2451');
INSERT INTO Users VALUES (620064688,'Curtis','Meraz','CurtisMeraz@gmail.com','MerazCurtis');
INSERT INTO Students VALUES (620064688,'UNDERGRAD','01-01-2020');
INSERT INTO Enrolled (u_id,courseCode) VALUES (620064688,'ECON3004'),(620064688,'INFO2860'),(620064688,'INFO3419'),(620064688,'CHEM3054'),(620064688,'BIOC2236');
INSERT INTO Users VALUES (620064689,'Adam','Crites','AdamCrites@gmail.com','CritesAdam');
INSERT INTO Students VALUES (620064689,'UNDERGRAD','01-01-2020');
INSERT INTO Enrolled (u_id,courseCode) VALUES (620064689,'COMP3173'),(620064689,'MATH3173'),(620064689,'ECON3004'),(620064689,'ECON3372'),(620064689,'CHEM2220'),(620064689,'BIOC1439');
INSERT INTO Users VALUES (620064690,'Luella','Tate','LuellaTate@gmail.com','TateLuella');
INSERT INTO Students VALUES (620064690,'UNDERGRAD','01-01-2020');
INSERT INTO Enrolled (u_id,courseCode) VALUES (620064690,'ECON3989'),(620064690,'COMP3047'),(620064690,'PHYS1399'),(620064690,'CHEM3793'),(620064690,'BIOC1744'),(620064690,'CHEM3617');
INSERT INTO Users VALUES (620064691,'Lauren','English','LaurenEnglish@gmail.com','EnglishLauren');
INSERT INTO Students VALUES (620064691,'UNDERGRAD','01-01-2020');
INSERT INTO Enrolled (u_id,courseCode) VALUES (620064691,'CHEM2031'),(620064691,'MATH3844'),(620064691,'INFO2636');
INSERT INTO Users VALUES (620064692,'Sheila','Pero','SheilaPero@gmail.com','PeroSheila');
INSERT INTO Students VALUES (620064692,'UNDERGRAD','01-01-2020');
INSERT INTO Enrolled (u_id,courseCode) VALUES (620064692,'COMP1184'),(620064692,'MATH1309'),(620064692,'BIOC2589'),(620064692,'INFO1447'),(620064692,'MATH2188'),(620064692,'CHEM2727');
INSERT INTO Users VALUES (620064693,'Jewell','Lowry','JewellLowry@gmail.com','LowryJewell');
INSERT INTO Students VALUES (620064693,'UNDERGRAD','01-01-2020');
INSERT INTO Enrolled (u_id,courseCode) VALUES (620064693,'BIOC3341'),(620064693,'ECON1589'),(620064693,'CHEM1485');
INSERT INTO Users VALUES (620064694,'Daisy','Butler','DaisyButler@gmail.com','ButlerDaisy');
INSERT INTO Students VALUES (620064694,'UNDERGRAD','01-01-2020');
INSERT INTO Enrolled (u_id,courseCode) VALUES (620064694,'PHYS2238'),(620064694,'PHYS2229'),(620064694,'MATH2717');
INSERT INTO Users VALUES (620064695,'Louise','Gillis','LouiseGillis@gmail.com','GillisLouise');
INSERT INTO Students VALUES (620064695,'UNDERGRAD','01-01-2020');
INSERT INTO Enrolled (u_id,courseCode) VALUES (620064695,'CHEM3614'),(620064695,'BIOC1052'),(620064695,'CHEM2604');
INSERT INTO Users VALUES (620064696,'Bethany','Smith','BethanySmith@gmail.com','SmithBethany');
INSERT INTO Students VALUES (620064696,'UNDERGRAD','01-01-2020');
INSERT INTO Enrolled (u_id,courseCode) VALUES (620064696,'MATH3179'),(620064696,'BIOC2983'),(620064696,'BIOC1448');
INSERT INTO Users VALUES (620064697,'Kim','Miles','KimMiles@gmail.com','MilesKim');
INSERT INTO Students VALUES (620064697,'UNDERGRAD','01-01-2020');
INSERT INTO Enrolled (u_id,courseCode) VALUES (620064697,'MATH1972'),(620064697,'CHEM2031'),(620064697,'COMP3685'),(620064697,'MATH3179'),(620064697,'COMP3238'),(620064697,'ECON1012');
INSERT INTO Users VALUES (620064698,'Judith','Petersen','JudithPetersen@gmail.com','PetersenJudith');
INSERT INTO Students VALUES (620064698,'UNDERGRAD','01-01-2020');
INSERT INTO Enrolled (u_id,courseCode) VALUES (620064698,'INFO3868'),(620064698,'BIOC2236'),(620064698,'PHYS3290'),(620064698,'ECON1783'),(620064698,'BIOC1439'),(620064698,'MATH2550');
INSERT INTO Users VALUES (620064699,'Thomas','Mance','ThomasMance@gmail.com','ManceThomas');
INSERT INTO Students VALUES (620064699,'UNDERGRAD','01-01-2020');
INSERT INTO Enrolled (u_id,courseCode) VALUES (620064699,'MATH2501'),(620064699,'MATH2801'),(620064699,'CHEM1485');
INSERT INTO Users VALUES (620064700,'Alvin','Wilbanks','AlvinWilbanks@gmail.com','WilbanksAlvin');
INSERT INTO Students VALUES (620064700,'UNDERGRAD','01-01-2020');
INSERT INTO Enrolled (u_id,courseCode) VALUES (620064700,'COMP1184'),(620064700,'CHEM2626'),(620064700,'COMP2400'),(620064700,'PHYS2113'),(620064700,'COMP1573');
INSERT INTO Users VALUES (620064701,'Angie','Garrett','AngieGarrett@gmail.com','GarrettAngie');
INSERT INTO Students VALUES (620064701,'UNDERGRAD','01-01-2020');
INSERT INTO Enrolled (u_id,courseCode) VALUES (620064701,'INFO2213'),(620064701,'PHYS3659'),(620064701,'COMP3639'),(620064701,'COMP2541'),(620064701,'COMP3418'),(620064701,'MATH1262');
INSERT INTO Users VALUES (620064702,'Laila','Carlson','LailaCarlson@gmail.com','CarlsonLaila');
INSERT INTO Students VALUES (620064702,'UNDERGRAD','01-01-2020');
INSERT INTO Enrolled (u_id,courseCode) VALUES (620064702,'COMP2541'),(620064702,'CHEM2604'),(620064702,'BIOC2671'),(620064702,'CHEM2177');
INSERT INTO Users VALUES (620064703,'Adelia','Merna','AdeliaMerna@gmail.com','MernaAdelia');
INSERT INTO Students VALUES (620064703,'UNDERGRAD','01-01-2020');
INSERT INTO Enrolled (u_id,courseCode) VALUES (620064703,'CHEM3327'),(620064703,'INFO1833'),(620064703,'MATH1638'),(620064703,'CHEM2727'),(620064703,'BIOC1104'),(620064703,'INFO1447');
INSERT INTO Users VALUES (620064704,'Esmeralda','Pero','EsmeraldaPero@gmail.com','PeroEsmeralda');
INSERT INTO Students VALUES (620064704,'UNDERGRAD','01-01-2020');
INSERT INTO Enrolled (u_id,courseCode) VALUES (620064704,'ECON3989'),(620064704,'BIOC1598'),(620064704,'INFO3935');
INSERT INTO Users VALUES (620064705,'Delmar','Lundholm','DelmarLundholm@gmail.com','LundholmDelmar');
INSERT INTO Students VALUES (620064705,'UNDERGRAD','01-01-2020');
INSERT INTO Enrolled (u_id,courseCode) VALUES (620064705,'MATH1638'),(620064705,'CHEM1807'),(620064705,'CHEM1494'),(620064705,'INFO3636'),(620064705,'MATH3613');
INSERT INTO Users VALUES (620064706,'Tracy','Griffitts','TracyGriffitts@gmail.com','GriffittsTracy');
INSERT INTO Students VALUES (620064706,'UNDERGRAD','01-01-2020');
INSERT INTO Enrolled (u_id,courseCode) VALUES (620064706,'PHYS3339'),(620064706,'INFO1242'),(620064706,'INFO1145'),(620064706,'CHEM3793');
INSERT INTO Users VALUES (620064707,'Flora','Orchard','FloraOrchard@gmail.com','OrchardFlora');
INSERT INTO Students VALUES (620064707,'UNDERGRAD','01-01-2020');
INSERT INTO Enrolled (u_id,courseCode) VALUES (620064707,'COMP3047'),(620064707,'MATH3844'),(620064707,'ECON2703'),(620064707,'CHEM2177'),(620064707,'MATH1309'),(620064707,'COMP3167');
INSERT INTO Users VALUES (620064708,'George','Smith','GeorgeSmith@gmail.com','SmithGeorge');
INSERT INTO Students VALUES (620064708,'UNDERGRAD','01-01-2020');
INSERT INTO Enrolled (u_id,courseCode) VALUES (620064708,'PHYS3354'),(620064708,'PHYS3686'),(620064708,'INFO3603'),(620064708,'INFO2559'),(620064708,'MATH1309');
INSERT INTO Users VALUES (620064709,'Rebecca','Harness','RebeccaHarness@gmail.com','HarnessRebecca');
INSERT INTO Students VALUES (620064709,'UNDERGRAD','01-01-2020');
INSERT INTO Enrolled (u_id,courseCode) VALUES (620064709,'CHEM2867'),(620064709,'INFO1242'),(620064709,'COMP2361'),(620064709,'COMP3639'),(620064709,'ECON3004'),(620064709,'MATH2717');
INSERT INTO Users VALUES (620064710,'Milton','Eubank','MiltonEubank@gmail.com','EubankMilton');
INSERT INTO Students VALUES (620064710,'UNDERGRAD','01-01-2020');
INSERT INTO Enrolled (u_id,courseCode) VALUES (620064710,'MATH3857'),(620064710,'MATH3688'),(620064710,'COMP1573'),(620064710,'MATH1648'),(620064710,'CHEM1613');
INSERT INTO Users VALUES (620064711,'Kirk','Kimbrell','KirkKimbrell@gmail.com','KimbrellKirk');
INSERT INTO Students VALUES (620064711,'UNDERGRAD','01-01-2020');
INSERT INTO Enrolled (u_id,courseCode) VALUES (620064711,'CHEM1340'),(620064711,'MATH3222'),(620064711,'MATH1648'),(620064711,'ECON2722'),(620064711,'CHEM3617');
INSERT INTO Users VALUES (620064712,'Bernard','Thompson','BernardThompson@gmail.com','ThompsonBernard');
INSERT INTO Students VALUES (620064712,'UNDERGRAD','01-01-2020');
INSERT INTO Enrolled (u_id,courseCode) VALUES (620064712,'CHEM2727'),(620064712,'ECON1458'),(620064712,'CHEM3347'),(620064712,'INFO1014');
INSERT INTO Users VALUES (620064713,'Byron','Armstead','ByronArmstead@gmail.com','ArmsteadByron');
INSERT INTO Students VALUES (620064713,'UNDERGRAD','01-01-2020');
INSERT INTO Enrolled (u_id,courseCode) VALUES (620064713,'COMP1184'),(620064713,'COMP3173'),(620064713,'ECON3523'),(620064713,'COMP2541');
INSERT INTO Users VALUES (620064714,'Josh','Tirabassi','JoshTirabassi@gmail.com','TirabassiJosh');
INSERT INTO Students VALUES (620064714,'UNDERGRAD','01-01-2020');
INSERT INTO Enrolled (u_id,courseCode) VALUES (620064714,'INFO3935'),(620064714,'COMP2965'),(620064714,'BIOC1794'),(620064714,'MATH2873'),(620064714,'CHEM3054');
INSERT INTO Users VALUES (620064715,'Iris','Wilbanks','IrisWilbanks@gmail.com','WilbanksIris');
INSERT INTO Students VALUES (620064715,'UNDERGRAD','01-01-2020');
INSERT INTO Enrolled (u_id,courseCode) VALUES (620064715,'MATH1454'),(620064715,'ECON3447'),(620064715,'PHYS3052');
INSERT INTO Users VALUES (620064716,'Cliff','Maze','CliffMaze@gmail.com','MazeCliff');
INSERT INTO Students VALUES (620064716,'UNDERGRAD','01-01-2020');
INSERT INTO Enrolled (u_id,courseCode) VALUES (620064716,'ECON3311'),(620064716,'ECON1561'),(620064716,'COMP3506'),(620064716,'ECON1012');
INSERT INTO Users VALUES (620064717,'Beverly','Carlson','BeverlyCarlson@gmail.com','CarlsonBeverly');
INSERT INTO Students VALUES (620064717,'UNDERGRAD','01-01-2020');
INSERT INTO Enrolled (u_id,courseCode) VALUES (620064717,'INFO2716'),(620064717,'COMP1051'),(620064717,'ECON2703');
INSERT INTO Users VALUES (620064718,'Curtis','Joaquin','CurtisJoaquin@gmail.com','JoaquinCurtis');
INSERT INTO Students VALUES (620064718,'UNDERGRAD','01-01-2020');
INSERT INTO Enrolled (u_id,courseCode) VALUES (620064718,'BIOC2236'),(620064718,'CHEM3614'),(620064718,'ECON3311'),(620064718,'COMP1867');
INSERT INTO Users VALUES (620064719,'Carrie','Mertens','CarrieMertens@gmail.com','MertensCarrie');
INSERT INTO Students VALUES (620064719,'UNDERGRAD','01-01-2020');
INSERT INTO Enrolled (u_id,courseCode) VALUES (620064719,'BIOC1794'),(620064719,'COMP1573'),(620064719,'ECON1589'),(620064719,'ECON1012');
INSERT INTO Users VALUES (620064720,'Stephanie','Petersen','StephaniePetersen@gmail.com','PetersenStephanie');
INSERT INTO Students VALUES (620064720,'UNDERGRAD','01-01-2020');
INSERT INTO Enrolled (u_id,courseCode) VALUES (620064720,'ECON3550'),(620064720,'PHYS3729'),(620064720,'INFO2811');
INSERT INTO Users VALUES (620064721,'Cheryl','Gilmore','CherylGilmore@gmail.com','GilmoreCheryl');
INSERT INTO Students VALUES (620064721,'UNDERGRAD','01-01-2020');
INSERT INTO Enrolled (u_id,courseCode) VALUES (620064721,'ECON3311'),(620064721,'COMP3697'),(620064721,'ECON1498'),(620064721,'INFO1145');
INSERT INTO Users VALUES (620064722,'Kelly','Bordelon','KellyBordelon@gmail.com','BordelonKelly');
INSERT INTO Students VALUES (620064722,'UNDERGRAD','01-01-2020');
INSERT INTO Enrolled (u_id,courseCode) VALUES (620064722,'COMP3506'),(620064722,'MATH2801'),(620064722,'BIOC1794'),(620064722,'PHYS2229'),(620064722,'BIOC3457'),(620064722,'INFO2811');
INSERT INTO Users VALUES (620064723,'Suzanne','Tirabassi','SuzanneTirabassi@gmail.com','TirabassiSuzanne');
INSERT INTO Students VALUES (620064723,'UNDERGRAD','01-01-2020');
INSERT INTO Enrolled (u_id,courseCode) VALUES (620064723,'ECON2387'),(620064723,'COMP3084'),(620064723,'PHYS3052'),(620064723,'ECON1498'),(620064723,'BIOC1439'),(620064723,'CHEM2220');
INSERT INTO Users VALUES (620064724,'Manuel','Schilling','ManuelSchilling@gmail.com','SchillingManuel');
INSERT INTO Students VALUES (620064724,'UNDERGRAD','01-01-2020');
INSERT INTO Enrolled (u_id,courseCode) VALUES (620064724,'INFO2797'),(620064724,'ECON3276'),(620064724,'PHYS3052');
INSERT INTO Users VALUES (620064725,'Joy','Wolfe','JoyWolfe@gmail.com','WolfeJoy');
INSERT INTO Students VALUES (620064725,'UNDERGRAD','01-01-2020');
INSERT INTO Enrolled (u_id,courseCode) VALUES (620064725,'COMP3084'),(620064725,'COMP2077'),(620064725,'PHYS1979'),(620064725,'PHYS1930'),(620064725,'INFO2521');
INSERT INTO Users VALUES (620064726,'Helen','Ott','HelenOtt@gmail.com','OttHelen');
INSERT INTO Students VALUES (620064726,'UNDERGRAD','01-01-2020');
INSERT INTO Enrolled (u_id,courseCode) VALUES (620064726,'ECON3004'),(620064726,'BIOC1866'),(620064726,'CHEM2220'),(620064726,'INFO2559');
INSERT INTO Users VALUES (620064727,'Nicholas','Quintero','NicholasQuintero@gmail.com','QuinteroNicholas');
INSERT INTO Students VALUES (620064727,'UNDERGRAD','01-01-2020');
INSERT INTO Enrolled (u_id,courseCode) VALUES (620064727,'CHEM1613'),(620064727,'PHYS3290'),(620064727,'COMP3418'),(620064727,'INFO1447'),(620064727,'BIOC1866'),(620064727,'PHYS3339');
INSERT INTO Users VALUES (620064728,'Angie','Guidry','AngieGuidry@gmail.com','GuidryAngie');
INSERT INTO Students VALUES (620064728,'UNDERGRAD','01-01-2020');
INSERT INTO Enrolled (u_id,courseCode) VALUES (620064728,'ECON3276'),(620064728,'ECON1498'),(620064728,'BIOC3191'),(620064728,'ECON3989'),(620064728,'ECON1589');
INSERT INTO Users VALUES (620064729,'Gary','Jesse','GaryJesse@gmail.com','JesseGary');
INSERT INTO Students VALUES (620064729,'UNDERGRAD','01-01-2020');
INSERT INTO Enrolled (u_id,courseCode) VALUES (620064729,'COMP3849'),(620064729,'MATH3179'),(620064729,'CHEM1494'),(620064729,'INFO3868'),(620064729,'BIOC3341');
INSERT INTO Users VALUES (620064730,'Steven','Garnes','StevenGarnes@gmail.com','GarnesSteven');
INSERT INTO Students VALUES (620064730,'UNDERGRAD','01-01-2020');
INSERT INTO Enrolled (u_id,courseCode) VALUES (620064730,'MATH1309'),(620064730,'MATH2957'),(620064730,'COMP1573');
INSERT INTO Users VALUES (620064731,'Georgie','Harness','GeorgieHarness@gmail.com','HarnessGeorgie');
INSERT INTO Students VALUES (620064731,'UNDERGRAD','01-01-2020');
INSERT INTO Enrolled (u_id,courseCode) VALUES (620064731,'MATH2555'),(620064731,'INFO1447'),(620064731,'MATH3059'),(620064731,'MATH1972');
INSERT INTO Users VALUES (620064732,'Beverly','Moore','BeverlyMoore@gmail.com','MooreBeverly');
INSERT INTO Students VALUES (620064732,'UNDERGRAD','01-01-2020');
INSERT INTO Enrolled (u_id,courseCode) VALUES (620064732,'ECON3737'),(620064732,'COMP1357'),(620064732,'PHYS2338'),(620064732,'PHYS1993'),(620064732,'COMP2361');
INSERT INTO Users VALUES (620064733,'Betty','Barrett','BettyBarrett@gmail.com','BarrettBetty');
INSERT INTO Students VALUES (620064733,'UNDERGRAD','01-01-2020');
INSERT INTO Enrolled (u_id,courseCode) VALUES (620064733,'CHEM2177'),(620064733,'INFO2337'),(620064733,'MATH3029'),(620064733,'CHEM3347');
INSERT INTO Users VALUES (620064734,'Dale','Shields','DaleShields@gmail.com','ShieldsDale');
INSERT INTO Students VALUES (620064734,'UNDERGRAD','01-01-2020');
INSERT INTO Enrolled (u_id,courseCode) VALUES (620064734,'INFO2337'),(620064734,'PHYS2667'),(620064734,'ECON1996'),(620064734,'BIOC1485'),(620064734,'CHEM3793'),(620064734,'MATH1454');
INSERT INTO Users VALUES (620064735,'Adelle','Barnett','AdelleBarnett@gmail.com','BarnettAdelle');
INSERT INTO Students VALUES (620064735,'UNDERGRAD','01-01-2020');
INSERT INTO Enrolled (u_id,courseCode) VALUES (620064735,'MATH1735'),(620064735,'PHYS2448'),(620064735,'COMP3746');
INSERT INTO Users VALUES (620064736,'Rosa','Chatcho','RosaChatcho@gmail.com','ChatchoRosa');
INSERT INTO Students VALUES (620064736,'UNDERGRAD','01-01-2020');
INSERT INTO Enrolled (u_id,courseCode) VALUES (620064736,'COMP2717'),(620064736,'COMP1051'),(620064736,'MATH3844'),(620064736,'MATH2550'),(620064736,'CHEM2149');
INSERT INTO Users VALUES (620064737,'Nicholas','Decker','NicholasDecker@gmail.com','DeckerNicholas');
INSERT INTO Students VALUES (620064737,'UNDERGRAD','01-01-2020');
INSERT INTO Enrolled (u_id,courseCode) VALUES (620064737,'BIOC1485'),(620064737,'BIOC1910'),(620064737,'BIOC1534'),(620064737,'COMP2361'),(620064737,'COMP1460'),(620064737,'CHEM2065');
INSERT INTO Users VALUES (620064738,'Tia','Knaub','TiaKnaub@gmail.com','KnaubTia');
INSERT INTO Students VALUES (620064738,'UNDERGRAD','01-01-2020');
INSERT INTO Enrolled (u_id,courseCode) VALUES (620064738,'INFO2811'),(620064738,'INFO1648'),(620064738,'INFO2521'),(620064738,'PHYS2977'),(620064738,'MATH2067');
INSERT INTO Users VALUES (620064739,'Angie','Hunter','AngieHunter@gmail.com','HunterAngie');
INSERT INTO Students VALUES (620064739,'UNDERGRAD','01-01-2020');
INSERT INTO Enrolled (u_id,courseCode) VALUES (620064739,'ECON1498'),(620064739,'INFO2813'),(620064739,'COMP2717'),(620064739,'COMP2965'),(620064739,'MATH3857'),(620064739,'COMP1460');
INSERT INTO Users VALUES (620064740,'Willie','Madsen','WillieMadsen@gmail.com','MadsenWillie');
INSERT INTO Students VALUES (620064740,'UNDERGRAD','01-01-2020');
INSERT INTO Enrolled (u_id,courseCode) VALUES (620064740,'ECON3523'),(620064740,'ECON1458'),(620064740,'PHYS2338'),(620064740,'CHEM1340');
INSERT INTO Users VALUES (620064741,'Stanley','Starks','StanleyStarks@gmail.com','StarksStanley');
INSERT INTO Students VALUES (620064741,'UNDERGRAD','01-01-2020');
INSERT INTO Enrolled (u_id,courseCode) VALUES (620064741,'CHEM3617'),(620064741,'ECON1498'),(620064741,'INFO1990'),(620064741,'ECON3288'),(620064741,'COMP3639'),(620064741,'MATH2501');
INSERT INTO Users VALUES (620064742,'Mack','Tirabassi','MackTirabassi@gmail.com','TirabassiMack');
INSERT INTO Students VALUES (620064742,'UNDERGRAD','01-01-2020');
INSERT INTO Enrolled (u_id,courseCode) VALUES (620064742,'ECON2814'),(620064742,'INFO3419'),(620064742,'CHEM2481'),(620064742,'CHEM1807');
INSERT INTO Users VALUES (620064743,'Demetrice','Gilman','DemetriceGilman@gmail.com','GilmanDemetrice');
INSERT INTO Students VALUES (620064743,'UNDERGRAD','01-01-2020');
INSERT INTO Enrolled (u_id,courseCode) VALUES (620064743,'COMP3238'),(620064743,'BIOC2236'),(620064743,'COMP1543'),(620064743,'BIOC1910'),(620064743,'INFO2270'),(620064743,'COMP3047');
INSERT INTO Users VALUES (620064744,'Rene','Nerbonne','ReneNerbonne@gmail.com','NerbonneRene');
INSERT INTO Students VALUES (620064744,'UNDERGRAD','01-01-2020');
INSERT INTO Enrolled (u_id,courseCode) VALUES (620064744,'ECON1012'),(620064744,'INFO2636'),(620064744,'PHYS1140');
INSERT INTO Users VALUES (620064745,'Stephen','White','StephenWhite@gmail.com','WhiteStephen');
INSERT INTO Students VALUES (620064745,'UNDERGRAD','01-01-2020');
INSERT INTO Enrolled (u_id,courseCode) VALUES (620064745,'INFO2813'),(620064745,'PHYS3686'),(620064745,'PHYS2563');
INSERT INTO Users VALUES (620064746,'Vivian','Armstead','VivianArmstead@gmail.com','ArmsteadVivian');
INSERT INTO Students VALUES (620064746,'UNDERGRAD','01-01-2020');
INSERT INTO Enrolled (u_id,courseCode) VALUES (620064746,'CHEM1494'),(620064746,'COMP1460'),(620064746,'PHYS1173'),(620064746,'CHEM2626'),(620064746,'COMP2651'),(620064746,'COMP1357');
INSERT INTO Users VALUES (620064747,'Isreal','Flemming','IsrealFlemming@gmail.com','FlemmingIsreal');
INSERT INTO Students VALUES (620064747,'UNDERGRAD','01-01-2020');
INSERT INTO Enrolled (u_id,courseCode) VALUES (620064747,'PHYS3686'),(620064747,'CHEM3347'),(620064747,'INFO2521'),(620064747,'INFO3419'),(620064747,'ECON2722');
INSERT INTO Users VALUES (620064748,'Arthur','Brickey','ArthurBrickey@gmail.com','BrickeyArthur');
INSERT INTO Students VALUES (620064748,'UNDERGRAD','01-01-2020');
INSERT INTO Enrolled (u_id,courseCode) VALUES (620064748,'MATH1648'),(620064748,'CHEM2626'),(620064748,'INFO3636'),(620064748,'INFO2797');
INSERT INTO Users VALUES (620064749,'Lilla','Hauser','LillaHauser@gmail.com','HauserLilla');
INSERT INTO Students VALUES (620064749,'UNDERGRAD','01-01-2020');
INSERT INTO Enrolled (u_id,courseCode) VALUES (620064749,'MATH3179'),(620064749,'INFO2797'),(620064749,'COMP2965'),(620064749,'ECON3085'),(620064749,'ECON3989');
INSERT INTO Users VALUES (620064750,'Shonda','Mejias','ShondaMejias@gmail.com','MejiasShonda');
INSERT INTO Students VALUES (620064750,'UNDERGRAD','01-01-2020');
INSERT INTO Enrolled (u_id,courseCode) VALUES (620064750,'COMP1357'),(620064750,'MATH2873'),(620064750,'ECON3737'),(620064750,'BIOC1725'),(620064750,'COMP1460'),(620064750,'BIOC1910');
INSERT INTO Users VALUES (620064751,'Greg','Cardona','GregCardona@gmail.com','CardonaGreg');
INSERT INTO Students VALUES (620064751,'UNDERGRAD','01-01-2020');
INSERT INTO Enrolled (u_id,courseCode) VALUES (620064751,'MATH3857'),(620064751,'COMP2080'),(620064751,'CHEM3347');
INSERT INTO Users VALUES (620064752,'Chad','Prince','ChadPrince@gmail.com','PrinceChad');
INSERT INTO Students VALUES (620064752,'UNDERGRAD','01-01-2020');
INSERT INTO Enrolled (u_id,courseCode) VALUES (620064752,'MATH2801'),(620064752,'PHYS2113'),(620064752,'CHEM1485');
INSERT INTO Users VALUES (620064753,'Catherine','Ebbs','CatherineEbbs@gmail.com','EbbsCatherine');
INSERT INTO Students VALUES (620064753,'UNDERGRAD','01-01-2020');
INSERT INTO Enrolled (u_id,courseCode) VALUES (620064753,'COMP3173'),(620064753,'PHYS3354'),(620064753,'PHYS2977'),(620064753,'CHEM1807'),(620064753,'CHEM3793'),(620064753,'INFO3645');
INSERT INTO Users VALUES (620064754,'Kendra','Grinstead','KendraGrinstead@gmail.com','GrinsteadKendra');
INSERT INTO Students VALUES (620064754,'UNDERGRAD','01-01-2020');
INSERT INTO Enrolled (u_id,courseCode) VALUES (620064754,'ECON2814'),(620064754,'COMP3418'),(620064754,'CHEM2481');
INSERT INTO Users VALUES (620064755,'Traci','Lindstrom','TraciLindstrom@gmail.com','LindstromTraci');
INSERT INTO Students VALUES (620064755,'UNDERGRAD','01-01-2020');
INSERT INTO Enrolled (u_id,courseCode) VALUES (620064755,'BIOC2550'),(620064755,'PHYS2667'),(620064755,'PHYS1140'),(620064755,'ECON3447');
INSERT INTO Users VALUES (620064756,'Lori','Dunn','LoriDunn@gmail.com','DunnLori');
INSERT INTO Students VALUES (620064756,'UNDERGRAD','01-01-2020');
INSERT INTO Enrolled (u_id,courseCode) VALUES (620064756,'COMP2080'),(620064756,'ECON3737'),(620064756,'BIOC1439');
INSERT INTO Users VALUES (620064757,'Stanley','Bowerman','StanleyBowerman@gmail.com','BowermanStanley');
INSERT INTO Students VALUES (620064757,'UNDERGRAD','01-01-2020');
INSERT INTO Enrolled (u_id,courseCode) VALUES (620064757,'CHEM2481'),(620064757,'MATH2555'),(620064757,'MATH3029');
INSERT INTO Users VALUES (620064758,'Rosa','Joeckel','RosaJoeckel@gmail.com','JoeckelRosa');
INSERT INTO Students VALUES (620064758,'UNDERGRAD','01-01-2020');
INSERT INTO Enrolled (u_id,courseCode) VALUES (620064758,'ECON2345'),(620064758,'ECON3281'),(620064758,'PHYS1979'),(620064758,'MATH2873'),(620064758,'MATH2550');
INSERT INTO Users VALUES (620064759,'Marilyn','Harness','MarilynHarness@gmail.com','HarnessMarilyn');
INSERT INTO Students VALUES (620064759,'UNDERGRAD','01-01-2020');
INSERT INTO Enrolled (u_id,courseCode) VALUES (620064759,'MATH3059'),(620064759,'CHEM2697'),(620064759,'PHYS3876');
INSERT INTO Users VALUES (620064760,'Patricia','Wright','PatriciaWright@gmail.com','WrightPatricia');
INSERT INTO Students VALUES (620064760,'UNDERGRAD','01-01-2020');
INSERT INTO Enrolled (u_id,courseCode) VALUES (620064760,'CHEM1807'),(620064760,'INFO1833'),(620064760,'COMP3536'),(620064760,'COMP3685'),(620064760,'BIOC1910'),(620064760,'INFO2716');
INSERT INTO Users VALUES (620064761,'Gina','Armstead','GinaArmstead@gmail.com','ArmsteadGina');
INSERT INTO Students VALUES (620064761,'UNDERGRAD','01-01-2020');
INSERT INTO Enrolled (u_id,courseCode) VALUES (620064761,'MATH1262'),(620064761,'COMP3746'),(620064761,'ECON3276'),(620064761,'ECON1098');
INSERT INTO Users VALUES (620064762,'Mack','Sandlin','MackSandlin@gmail.com','SandlinMack');
INSERT INTO Students VALUES (620064762,'UNDERGRAD','01-01-2020');
INSERT INTO Enrolled (u_id,courseCode) VALUES (620064762,'CHEM3617'),(620064762,'BIOC3341'),(620064762,'CHEM2867'),(620064762,'CHEM3747'),(620064762,'MATH1250'),(620064762,'INFO2337');
INSERT INTO Users VALUES (620064763,'Craig','Turkus','CraigTurkus@gmail.com','TurkusCraig');
INSERT INTO Students VALUES (620064763,'UNDERGRAD','01-01-2020');
INSERT INTO Enrolled (u_id,courseCode) VALUES (620064763,'BIOC1104'),(620064763,'MATH3209'),(620064763,'ECON2387'),(620064763,'INFO2636'),(620064763,'CHEM2446'),(620064763,'BIOC1439');
INSERT INTO Users VALUES (620064764,'Dennis','Shane','DennisShane@gmail.com','ShaneDennis');
INSERT INTO Students VALUES (620064764,'UNDERGRAD','01-01-2020');
INSERT INTO Enrolled (u_id,courseCode) VALUES (620064764,'PHYS1930'),(620064764,'CHEM2626'),(620064764,'ECON1170'),(620064764,'ECON2387'),(620064764,'COMP3697'),(620064764,'BIOC2054');
INSERT INTO Users VALUES (620064765,'Marcus','Huffman','MarcusHuffman@gmail.com','HuffmanMarcus');
INSERT INTO Students VALUES (620064765,'UNDERGRAD','01-01-2020');
INSERT INTO Enrolled (u_id,courseCode) VALUES (620064765,'CHEM2867'),(620064765,'INFO1288'),(620064765,'PHYS1140'),(620064765,'MATH3179'),(620064765,'PHYS3659'),(620064765,'MATH3029');
INSERT INTO Users VALUES (620064766,'Casey','Howe','CaseyHowe@gmail.com','HoweCasey');
INSERT INTO Students VALUES (620064766,'UNDERGRAD','01-01-2020');
INSERT INTO Enrolled (u_id,courseCode) VALUES (620064766,'MATH1972'),(620064766,'COMP2965'),(620064766,'CHEM2005'),(620064766,'BIOC2054');
INSERT INTO Users VALUES (620064767,'Arthur','Jackson','ArthurJackson@gmail.com','JacksonArthur');
INSERT INTO Students VALUES (620064767,'UNDERGRAD','01-01-2020');
INSERT INTO Enrolled (u_id,courseCode) VALUES (620064767,'CHEM3793'),(620064767,'PHYS2306'),(620064767,'BIOC3604'),(620064767,'INFO2860');
INSERT INTO Users VALUES (620064768,'Chad','Reyes','ChadReyes@gmail.com','ReyesChad');
INSERT INTO Students VALUES (620064768,'UNDERGRAD','01-01-2020');
INSERT INTO Enrolled (u_id,courseCode) VALUES (620064768,'BIOC1439'),(620064768,'COMP2361'),(620064768,'INFO1825'),(620064768,'COMP3697'),(620064768,'ECON1589');
INSERT INTO Users VALUES (620064769,'Frankie','Carlson','FrankieCarlson@gmail.com','CarlsonFrankie');
INSERT INTO Students VALUES (620064769,'UNDERGRAD','01-01-2020');
INSERT INTO Enrolled (u_id,courseCode) VALUES (620064769,'MATH1638'),(620064769,'ECON3228'),(620064769,'ECON1589'),(620064769,'COMP1051'),(620064769,'INFO1833'),(620064769,'COMP3685');
INSERT INTO Users VALUES (620064770,'Carolyn','Phinney','CarolynPhinney@gmail.com','PhinneyCarolyn');
INSERT INTO Students VALUES (620064770,'UNDERGRAD','01-01-2020');
INSERT INTO Enrolled (u_id,courseCode) VALUES (620064770,'CHEM2697'),(620064770,'COMP3173'),(620064770,'PHYS1173'),(620064770,'PHYS3339'),(620064770,'ECON2387'),(620064770,'COMP1573');
INSERT INTO Users VALUES (620064771,'Leticia','Estrada','LeticiaEstrada@gmail.com','EstradaLeticia');
INSERT INTO Students VALUES (620064771,'UNDERGRAD','01-01-2020');
INSERT INTO Enrolled (u_id,courseCode) VALUES (620064771,'INFO1648'),(620064771,'INFO2950'),(620064771,'ECON3020');
INSERT INTO Users VALUES (620064772,'Jessie','Schilling','JessieSchilling@gmail.com','SchillingJessie');
INSERT INTO Students VALUES (620064772,'UNDERGRAD','01-01-2020');
INSERT INTO Enrolled (u_id,courseCode) VALUES (620064772,'INFO1145'),(620064772,'ECON3288'),(620064772,'COMP3167'),(620064772,'INFO2716');
INSERT INTO Users VALUES (620064773,'Lorenza','Granado','LorenzaGranado@gmail.com','GranadoLorenza');
INSERT INTO Students VALUES (620064773,'UNDERGRAD','01-01-2020');
INSERT INTO Enrolled (u_id,courseCode) VALUES (620064773,'INFO2716'),(620064773,'INFO2559'),(620064773,'PHYS1930'),(620064773,'MATH1250'),(620064773,'BIOC1485');
INSERT INTO Users VALUES (620064774,'Nicholas','Merna','NicholasMerna@gmail.com','MernaNicholas');
INSERT INTO Students VALUES (620064774,'UNDERGRAD','01-01-2020');
INSERT INTO Enrolled (u_id,courseCode) VALUES (620064774,'COMP1867'),(620064774,'MATH3222'),(620064774,'INFO1447'),(620064774,'INFO3419'),(620064774,'PHYS2117');
INSERT INTO Users VALUES (620064775,'Reginald','Hamilton','ReginaldHamilton@gmail.com','HamiltonReginald');
INSERT INTO Students VALUES (620064775,'UNDERGRAD','01-01-2020');
INSERT INTO Enrolled (u_id,courseCode) VALUES (620064775,'COMP2077'),(620064775,'BIOC3230'),(620064775,'ECON3288');
INSERT INTO Users VALUES (620064776,'Luella','Barron','LuellaBarron@gmail.com','BarronLuella');
INSERT INTO Students VALUES (620064776,'UNDERGRAD','01-01-2020');
INSERT INTO Enrolled (u_id,courseCode) VALUES (620064776,'ECON2814'),(620064776,'CHEM2220'),(620064776,'INFO2811');
INSERT INTO Users VALUES (620064777,'Wilbur','Letchworth','WilburLetchworth@gmail.com','LetchworthWilbur');
INSERT INTO Students VALUES (620064777,'UNDERGRAD','01-01-2020');
INSERT INTO Enrolled (u_id,courseCode) VALUES (620064777,'ECON2345'),(620064777,'CHEM2220'),(620064777,'BIOC3604'),(620064777,'COMP3047'),(620064777,'CHEM3888');
INSERT INTO Users VALUES (620064778,'Melodie','Hamilton','MelodieHamilton@gmail.com','HamiltonMelodie');
INSERT INTO Students VALUES (620064778,'UNDERGRAD','01-01-2020');
INSERT INTO Enrolled (u_id,courseCode) VALUES (620064778,'CHEM2604'),(620064778,'BIOC1986'),(620064778,'ECON3020'),(620064778,'COMP1543'),(620064778,'BIOC1052');
INSERT INTO Users VALUES (620064779,'Ashleigh','Dohse','AshleighDohse@gmail.com','DohseAshleigh');
INSERT INTO Students VALUES (620064779,'UNDERGRAD','01-01-2020');
INSERT INTO Enrolled (u_id,courseCode) VALUES (620064779,'PHYS3464'),(620064779,'COMP2717'),(620064779,'CHEM3747'),(620064779,'CHEM2149'),(620064779,'INFO3603');
INSERT INTO Users VALUES (620064780,'Bobby','Walley','BobbyWalley@gmail.com','WalleyBobby');
INSERT INTO Students VALUES (620064780,'UNDERGRAD','01-01-2020');
INSERT INTO Enrolled (u_id,courseCode) VALUES (620064780,'CHEM3409'),(620064780,'MATH2555'),(620064780,'MATH1735'),(620064780,'MATH3173'),(620064780,'ECON3523'),(620064780,'INFO1447');
INSERT INTO Users VALUES (620064781,'Mildred','Lockwood','MildredLockwood@gmail.com','LockwoodMildred');
INSERT INTO Students VALUES (620064781,'UNDERGRAD','01-01-2020');
INSERT INTO Enrolled (u_id,courseCode) VALUES (620064781,'INFO3636'),(620064781,'MATH3209'),(620064781,'COMP1357'),(620064781,'CHEM2220'),(620064781,'MATH3857'),(620064781,'COMP3849');
INSERT INTO Users VALUES (620064782,'Luella','Culpepper','LuellaCulpepper@gmail.com','CulpepperLuella');
INSERT INTO Students VALUES (620064782,'UNDERGRAD','01-01-2020');
INSERT INTO Enrolled (u_id,courseCode) VALUES (620064782,'BIOC2054'),(620064782,'COMP3084'),(620064782,'MATH2501'),(620064782,'COMP1543');
INSERT INTO Users VALUES (620064783,'Carol','Macpartland','CarolMacpartland@gmail.com','MacpartlandCarol');
INSERT INTO Students VALUES (620064783,'UNDERGRAD','01-01-2020');
INSERT INTO Enrolled (u_id,courseCode) VALUES (620064783,'COMP1051'),(620064783,'INFO1648'),(620064783,'CHEM2626');
INSERT INTO Users VALUES (620064784,'Delia','Barrett','DeliaBarrett@gmail.com','BarrettDelia');
INSERT INTO Students VALUES (620064784,'UNDERGRAD','01-01-2020');
INSERT INTO Enrolled (u_id,courseCode) VALUES (620064784,'ECON3276'),(620064784,'ECON3550'),(620064784,'ECON1498'),(620064784,'BIOC3341');
INSERT INTO Users VALUES (620064785,'Stephen','Carlson','StephenCarlson@gmail.com','CarlsonStephen');
INSERT INTO Students VALUES (620064785,'UNDERGRAD','01-01-2020');
INSERT INTO Enrolled (u_id,courseCode) VALUES (620064785,'BIOC1910'),(620064785,'INFO1288'),(620064785,'CHEM2867');
INSERT INTO Users VALUES (620064786,'Daniel','Finkenbinder','DanielFinkenbinder@gmail.com','FinkenbinderDaniel');
INSERT INTO Students VALUES (620064786,'UNDERGRAD','01-01-2020');
INSERT INTO Enrolled (u_id,courseCode) VALUES (620064786,'CHEM1613'),(620064786,'ECON1783'),(620064786,'ECON2814'),(620064786,'PHYS1173');
INSERT INTO Users VALUES (620064787,'Delmar','White','DelmarWhite@gmail.com','WhiteDelmar');
INSERT INTO Students VALUES (620064787,'UNDERGRAD','01-01-2020');
INSERT INTO Enrolled (u_id,courseCode) VALUES (620064787,'CHEM2065'),(620064787,'MATH2717'),(620064787,'COMP3167'),(620064787,'ECON1645'),(620064787,'MATH3029'),(620064787,'COMP3639');
INSERT INTO Users VALUES (620064788,'Eugene','Mejias','EugeneMejias@gmail.com','MejiasEugene');
INSERT INTO Students VALUES (620064788,'UNDERGRAD','01-01-2020');
INSERT INTO Enrolled (u_id,courseCode) VALUES (620064788,'PHYS2451'),(620064788,'PHYS3464'),(620064788,'COMP3849'),(620064788,'COMP1543'),(620064788,'INFO1833');
INSERT INTO Users VALUES (620064789,'Richard','Crites','RichardCrites@gmail.com','CritesRichard');
INSERT INTO Students VALUES (620064789,'UNDERGRAD','01-01-2020');
INSERT INTO Enrolled (u_id,courseCode) VALUES (620064789,'MATH2873'),(620064789,'COMP2541'),(620064789,'MATH1309'),(620064789,'PHYS2451'),(620064789,'ECON3372'),(620064789,'CHEM2005');
INSERT INTO Users VALUES (620064790,'Gary','Jeanbaptiste','GaryJeanbaptiste@gmail.com','JeanbaptisteGary');
INSERT INTO Students VALUES (620064790,'UNDERGRAD','01-01-2020');
INSERT INTO Enrolled (u_id,courseCode) VALUES (620064790,'CHEM3888'),(620064790,'ECON3311'),(620064790,'BIOC3721'),(620064790,'COMP2541'),(620064790,'PHYS1979'),(620064790,'COMP3639');
INSERT INTO Users VALUES (620064791,'Sadie','Heckstall','SadieHeckstall@gmail.com','HeckstallSadie');
INSERT INTO Students VALUES (620064791,'UNDERGRAD','01-01-2020');
INSERT INTO Enrolled (u_id,courseCode) VALUES (620064791,'MATH2550'),(620064791,'PHYS2451'),(620064791,'CHEM1340'),(620064791,'INFO1825'),(620064791,'PHYS2667');
INSERT INTO Users VALUES (620064792,'Roger','Danker','RogerDanker@gmail.com','DankerRoger');
INSERT INTO Students VALUES (620064792,'UNDERGRAD','01-01-2020');
INSERT INTO Enrolled (u_id,courseCode) VALUES (620064792,'MATH1648'),(620064792,'INFO2559'),(620064792,'CHEM2697');
INSERT INTO Users VALUES (620064793,'Julius','Vargas','JuliusVargas@gmail.com','VargasJulius');
INSERT INTO Students VALUES (620064793,'UNDERGRAD','01-01-2020');
INSERT INTO Enrolled (u_id,courseCode) VALUES (620064793,'ECON1170'),(620064793,'BIOC1164'),(620064793,'COMP1573');
INSERT INTO Users VALUES (620064794,'Antwan','Sharp','AntwanSharp@gmail.com','SharpAntwan');
INSERT INTO Students VALUES (620064794,'UNDERGRAD','01-01-2020');
INSERT INTO Enrolled (u_id,courseCode) VALUES (620064794,'COMP3047'),(620064794,'COMP2717'),(620064794,'ECON3550'),(620064794,'BIOC1448');
INSERT INTO Users VALUES (620064795,'Nicholas','English','NicholasEnglish@gmail.com','EnglishNicholas');
INSERT INTO Students VALUES (620064795,'UNDERGRAD','01-01-2020');
INSERT INTO Enrolled (u_id,courseCode) VALUES (620064795,'PHYS2667'),(620064795,'CHEM2031'),(620064795,'CHEM3617'),(620064795,'PHYS2451'),(620064795,'COMP3639');
INSERT INTO Users VALUES (620064796,'Suzanne','Sultzer','SuzanneSultzer@gmail.com','SultzerSuzanne');
INSERT INTO Students VALUES (620064796,'UNDERGRAD','01-01-2020');
INSERT INTO Enrolled (u_id,courseCode) VALUES (620064796,'CHEM3347'),(620064796,'PHYS3339'),(620064796,'BIOC1104'),(620064796,'MATH1262'),(620064796,'COMP2717');
INSERT INTO Users VALUES (620064797,'Ethel','Sudduth','EthelSudduth@gmail.com','SudduthEthel');
INSERT INTO Students VALUES (620064797,'UNDERGRAD','01-01-2020');
INSERT INTO Enrolled (u_id,courseCode) VALUES (620064797,'MATH1638'),(620064797,'PHYS2238'),(620064797,'CHEM2220'),(620064797,'CHEM2604'),(620064797,'ECON3989');
INSERT INTO Users VALUES (620064798,'Rhonda','Collins','RhondaCollins@gmail.com','CollinsRhonda');
INSERT INTO Students VALUES (620064798,'UNDERGRAD','01-01-2020');
INSERT INTO Enrolled (u_id,courseCode) VALUES (620064798,'BIOC1986'),(620064798,'BIOC1866'),(620064798,'COMP1051'),(620064798,'PHYS3354'),(620064798,'CHEM2149');
INSERT INTO Users VALUES (620064799,'Daniel','Noonan','DanielNoonan@gmail.com','NoonanDaniel');
INSERT INTO Students VALUES (620064799,'UNDERGRAD','01-01-2020');
INSERT INTO Enrolled (u_id,courseCode) VALUES (620064799,'CHEM3747'),(620064799,'COMP3697'),(620064799,'ECON1098'),(620064799,'MATH3688'),(620064799,'ECON3523');
INSERT INTO Users VALUES (620064800,'Ruby','Brown','RubyBrown@gmail.com','BrownRuby');
INSERT INTO Students VALUES (620064800,'UNDERGRAD','01-01-2020');
INSERT INTO Enrolled (u_id,courseCode) VALUES (620064800,'CHEM2220'),(620064800,'INFO2559'),(620064800,'BIOC1910'),(620064800,'INFO1014'),(620064800,'ECON1230'),(620064800,'CHEM3409');
INSERT INTO Users VALUES (620064801,'Tim','Wolfe','TimWolfe@gmail.com','WolfeTim');
INSERT INTO Students VALUES (620064801,'UNDERGRAD','01-01-2020');
INSERT INTO Enrolled (u_id,courseCode) VALUES (620064801,'INFO1014'),(620064801,'CHEM2177'),(620064801,'CHEM1494'),(620064801,'ECON3523'),(620064801,'BIOC1744');
INSERT INTO Users VALUES (620064802,'Joseph','Best','JosephBest@gmail.com','BestJoseph');
INSERT INTO Students VALUES (620064802,'UNDERGRAD','01-01-2020');
INSERT INTO Enrolled (u_id,courseCode) VALUES (620064802,'PHYS2117'),(620064802,'PHYS1140'),(620064802,'ECON2814'),(620064802,'BIOC3604');
INSERT INTO Users VALUES (620064803,'Paul','Early','PaulEarly@gmail.com','EarlyPaul');
INSERT INTO Students VALUES (620064803,'UNDERGRAD','01-01-2020');
INSERT INTO Enrolled (u_id,courseCode) VALUES (620064803,'ECON2814'),(620064803,'BIOC1910'),(620064803,'PHYS2667'),(620064803,'INFO2559'),(620064803,'CHEM2697');
INSERT INTO Users VALUES (620064804,'Peter','Steinberger','PeterSteinberger@gmail.com','SteinbergerPeter');
INSERT INTO Students VALUES (620064804,'UNDERGRAD','01-01-2020');
INSERT INTO Enrolled (u_id,courseCode) VALUES (620064804,'PHYS1979'),(620064804,'INFO2521'),(620064804,'COMP1051'),(620064804,'PHYS3290'),(620064804,'BIOC1534'),(620064804,'ECON3550');
INSERT INTO Users VALUES (620064805,'Nicholas','Butcher','NicholasButcher@gmail.com','ButcherNicholas');
INSERT INTO Students VALUES (620064805,'UNDERGRAD','01-01-2020');
INSERT INTO Enrolled (u_id,courseCode) VALUES (620064805,'BIOC3457'),(620064805,'CHEM3054'),(620064805,'PHYS3659');
INSERT INTO Users VALUES (620064806,'Bernard','Collins','BernardCollins@gmail.com','CollinsBernard');
INSERT INTO Students VALUES (620064806,'UNDERGRAD','01-01-2020');
INSERT INTO Enrolled (u_id,courseCode) VALUES (620064806,'COMP3238'),(620064806,'BIOC1485'),(620064806,'MATH1250'),(620064806,'MATH2873'),(620064806,'INFO1242'),(620064806,'MATH2717');
INSERT INTO Users VALUES (620064807,'Patricia','Dillis','PatriciaDillis@gmail.com','DillisPatricia');
INSERT INTO Students VALUES (620064807,'UNDERGRAD','01-01-2020');
INSERT INTO Enrolled (u_id,courseCode) VALUES (620064807,'ECON3063'),(620064807,'COMP3506'),(620064807,'BIOC1052');
INSERT INTO Users VALUES (620064808,'Colin','Howe','ColinHowe@gmail.com','HoweColin');
INSERT INTO Students VALUES (620064808,'UNDERGRAD','01-01-2020');
INSERT INTO Enrolled (u_id,courseCode) VALUES (620064808,'INFO3603'),(620064808,'MATH1262'),(620064808,'INFO2797'),(620064808,'INFO2811'),(620064808,'ECON3372');
INSERT INTO Users VALUES (620064809,'Sandra','Smith','SandraSmith@gmail.com','SmithSandra');
INSERT INTO Students VALUES (620064809,'UNDERGRAD','01-01-2020');
INSERT INTO Enrolled (u_id,courseCode) VALUES (620064809,'PHYS3052'),(620064809,'ECON3737'),(620064809,'ECON2345'),(620064809,'INFO2270'),(620064809,'COMP3746'),(620064809,'BIOC1448');
INSERT INTO Users VALUES (620064810,'Weldon','Harness','WeldonHarness@gmail.com','HarnessWeldon');
INSERT INTO Students VALUES (620064810,'UNDERGRAD','01-01-2020');
INSERT INTO Enrolled (u_id,courseCode) VALUES (620064810,'ECON3989'),(620064810,'COMP3697'),(620064810,'CHEM3793'),(620064810,'CHEM2481'),(620064810,'CHEM2697'),(620064810,'BIOC1866');
INSERT INTO Users VALUES (620064811,'Daisy','Nerbonne','DaisyNerbonne@gmail.com','NerbonneDaisy');
INSERT INTO Students VALUES (620064811,'UNDERGRAD','01-01-2020');
INSERT INTO Enrolled (u_id,courseCode) VALUES (620064811,'MATH1454'),(620064811,'PHYS1399'),(620064811,'CHEM3327');
INSERT INTO Users VALUES (620064812,'George','Cannon','GeorgeCannon@gmail.com','CannonGeorge');
INSERT INTO Students VALUES (620064812,'UNDERGRAD','01-01-2020');
INSERT INTO Enrolled (u_id,courseCode) VALUES (620064812,'BIOC1744'),(620064812,'ECON1645'),(620064812,'ECON1170');
INSERT INTO Users VALUES (620064813,'Hazel','Alexander','HazelAlexander@gmail.com','AlexanderHazel');
INSERT INTO Students VALUES (620064813,'UNDERGRAD','01-01-2020');
INSERT INTO Enrolled (u_id,courseCode) VALUES (620064813,'INFO2813'),(620064813,'CHEM2481'),(620064813,'COMP3238'),(620064813,'BIOC1104'),(620064813,'PHYS3290');
INSERT INTO Users VALUES (620064814,'Dominick','Schilling','DominickSchilling@gmail.com','SchillingDominick');
INSERT INTO Students VALUES (620064814,'UNDERGRAD','01-01-2020');
INSERT INTO Enrolled (u_id,courseCode) VALUES (620064814,'ECON2703'),(620064814,'COMP1051'),(620064814,'ECON1458');
INSERT INTO Users VALUES (620064815,'Cheryl','Sharp','CherylSharp@gmail.com','SharpCheryl');
INSERT INTO Students VALUES (620064815,'UNDERGRAD','01-01-2020');
INSERT INTO Enrolled (u_id,courseCode) VALUES (620064815,'COMP1357'),(620064815,'INFO2860'),(620064815,'CHEM3888'),(620064815,'ECON3447'),(620064815,'COMP3238');
INSERT INTO Users VALUES (620064816,'Kimberly','Nighman','KimberlyNighman@gmail.com','NighmanKimberly');
INSERT INTO Students VALUES (620064816,'UNDERGRAD','01-01-2020');
INSERT INTO Enrolled (u_id,courseCode) VALUES (620064816,'INFO3419'),(620064816,'CHEM2066'),(620064816,'PHYS1979'),(620064816,'COMP3536'),(620064816,'ECON3989'),(620064816,'PHYS1930');
INSERT INTO Users VALUES (620064817,'Iris','Wengerd','IrisWengerd@gmail.com','WengerdIris');
INSERT INTO Students VALUES (620064817,'UNDERGRAD','01-01-2020');
INSERT INTO Enrolled (u_id,courseCode) VALUES (620064817,'INFO1014'),(620064817,'INFO1648'),(620064817,'CHEM3614'),(620064817,'MATH1638');
INSERT INTO Users VALUES (620064818,'Deborah','Harness','DeborahHarness@gmail.com','HarnessDeborah');
INSERT INTO Students VALUES (620064818,'UNDERGRAD','01-01-2020');
INSERT INTO Enrolled (u_id,courseCode) VALUES (620064818,'COMP3238'),(620064818,'BIOC1164'),(620064818,'INFO3603'),(620064818,'CHEM2446');
INSERT INTO Users VALUES (620064819,'Dominick','Vanhamlin','DominickVanhamlin@gmail.com','VanhamlinDominick');
INSERT INTO Students VALUES (620064819,'UNDERGRAD','01-01-2020');
INSERT INTO Enrolled (u_id,courseCode) VALUES (620064819,'BIOC1598'),(620064819,'INFO1833'),(620064819,'CHEM1485');
INSERT INTO Users VALUES (620064820,'Teresa','Gillis','TeresaGillis@gmail.com','GillisTeresa');
INSERT INTO Students VALUES (620064820,'UNDERGRAD','01-01-2020');
INSERT INTO Enrolled (u_id,courseCode) VALUES (620064820,'PHYS3686'),(620064820,'ECON3523'),(620064820,'MATH2550'),(620064820,'MATH3613');
INSERT INTO Users VALUES (620064821,'Timothy','Meisner','TimothyMeisner@gmail.com','MeisnerTimothy');
INSERT INTO Students VALUES (620064821,'UNDERGRAD','01-01-2020');
INSERT INTO Enrolled (u_id,courseCode) VALUES (620064821,'PHYS3290'),(620064821,'ECON2722'),(620064821,'BIOC1052'),(620064821,'BIOC1598');
INSERT INTO Users VALUES (620064822,'Kasey','Saunders','KaseySaunders@gmail.com','SaundersKasey');
INSERT INTO Students VALUES (620064822,'UNDERGRAD','01-01-2020');
INSERT INTO Enrolled (u_id,courseCode) VALUES (620064822,'ECON3020'),(620064822,'ECON2703'),(620064822,'CHEM3747'),(620064822,'MATH1648'),(620064822,'CHEM2220'),(620064822,'MATH2957');
INSERT INTO Users VALUES (620064823,'Stephen','Pedersen','StephenPedersen@gmail.com','PedersenStephen');
INSERT INTO Students VALUES (620064823,'UNDERGRAD','01-01-2020');
INSERT INTO Enrolled (u_id,courseCode) VALUES (620064823,'COMP3167'),(620064823,'ECON1230'),(620064823,'INFO2950'),(620064823,'BIOC1725');
INSERT INTO Users VALUES (620064824,'Christopher','Huffman','ChristopherHuffman@gmail.com','HuffmanChristopher');
INSERT INTO Students VALUES (620064824,'UNDERGRAD','01-01-2020');
INSERT INTO Enrolled (u_id,courseCode) VALUES (620064824,'MATH2188'),(620064824,'PHYS1140'),(620064824,'PHYS2563'),(620064824,'BIOC2983'),(620064824,'CHEM2220'),(620064824,'COMP3084');
INSERT INTO Users VALUES (620064825,'Craig','Joeckel','CraigJoeckel@gmail.com','JoeckelCraig');
INSERT INTO Students VALUES (620064825,'UNDERGRAD','01-01-2020');
INSERT INTO Enrolled (u_id,courseCode) VALUES (620064825,'COMP3697'),(620064825,'PHYS1173'),(620064825,'CHEM2177'),(620064825,'ECON3311'),(620064825,'BIOC1448');
INSERT INTO Users VALUES (620064826,'Terri','Pulley','TerriPulley@gmail.com','PulleyTerri');
INSERT INTO Students VALUES (620064826,'UNDERGRAD','01-01-2020');
INSERT INTO Enrolled (u_id,courseCode) VALUES (620064826,'MATH3544'),(620064826,'BIOC2236'),(620064826,'MATH1262'),(620064826,'CHEM2446');
INSERT INTO Users VALUES (620064827,'Guillermo','Watson','GuillermoWatson@gmail.com','WatsonGuillermo');
INSERT INTO Students VALUES (620064827,'UNDERGRAD','01-01-2020');
INSERT INTO Enrolled (u_id,courseCode) VALUES (620064827,'PHYS2306'),(620064827,'CHEM1613'),(620064827,'ECON3004'),(620064827,'MATH2067'),(620064827,'INFO1825'),(620064827,'ECON3063');
INSERT INTO Users VALUES (620064828,'Chris','Klein','ChrisKlein@gmail.com','KleinChris');
INSERT INTO Students VALUES (620064828,'UNDERGRAD','01-01-2020');
INSERT INTO Enrolled (u_id,courseCode) VALUES (620064828,'COMP3639'),(620064828,'CHEM2604'),(620064828,'INFO3603');
INSERT INTO Users VALUES (620064829,'Elmer','Laramee','ElmerLaramee@gmail.com','LarameeElmer');
INSERT INTO Students VALUES (620064829,'UNDERGRAD','01-01-2020');
INSERT INTO Enrolled (u_id,courseCode) VALUES (620064829,'INFO2797'),(620064829,'MATH1648'),(620064829,'MATH1250'),(620064829,'MATH3688'),(620064829,'MATH1638'),(620064829,'ECON3281');
INSERT INTO Users VALUES (620064830,'Edna','Busse','EdnaBusse@gmail.com','BusseEdna');
INSERT INTO Students VALUES (620064830,'UNDERGRAD','01-01-2020');
INSERT INTO Enrolled (u_id,courseCode) VALUES (620064830,'COMP3167'),(620064830,'CHEM3409'),(620064830,'COMP2080'),(620064830,'MATH2555'),(620064830,'CHEM3617');
INSERT INTO Users VALUES (620064831,'Clifford','Crawford','CliffordCrawford@gmail.com','CrawfordClifford');
INSERT INTO Students VALUES (620064831,'UNDERGRAD','01-01-2020');
INSERT INTO Enrolled (u_id,courseCode) VALUES (620064831,'INFO2716'),(620064831,'ECON2387'),(620064831,'PHYS2563'),(620064831,'PHYS2113'),(620064831,'ECON3228');
INSERT INTO Users VALUES (620064832,'Wilbur','Duffy','WilburDuffy@gmail.com','DuffyWilbur');
INSERT INTO Students VALUES (620064832,'UNDERGRAD','01-01-2020');
INSERT INTO Enrolled (u_id,courseCode) VALUES (620064832,'ECON1230'),(620064832,'MATH1262'),(620064832,'INFO2716'),(620064832,'BIOC3721'),(620064832,'COMP3536'),(620064832,'CHEM2065');
INSERT INTO Users VALUES (620064833,'Ed','Culpepper','EdCulpepper@gmail.com','CulpepperEd');
INSERT INTO Students VALUES (620064833,'UNDERGRAD','01-01-2020');
INSERT INTO Enrolled (u_id,courseCode) VALUES (620064833,'MATH1454'),(620064833,'BIOC2589'),(620064833,'INFO2521'),(620064833,'MATH2801');
INSERT INTO Users VALUES (620064834,'Don','Cummins','DonCummins@gmail.com','CumminsDon');
INSERT INTO Students VALUES (620064834,'UNDERGRAD','01-01-2020');
INSERT INTO Enrolled (u_id,courseCode) VALUES (620064834,'MATH3544'),(620064834,'CHEM2604'),(620064834,'INFO2521');
INSERT INTO Users VALUES (620064835,'Dwayne','Valenzuela','DwayneValenzuela@gmail.com','ValenzuelaDwayne');
INSERT INTO Students VALUES (620064835,'UNDERGRAD','01-01-2020');
INSERT INTO Enrolled (u_id,courseCode) VALUES (620064835,'PHYS1993'),(620064835,'CHEM2626'),(620064835,'COMP1543'),(620064835,'COMP1460');
INSERT INTO Users VALUES (620064836,'Suzanne','Fields','SuzanneFields@gmail.com','FieldsSuzanne');
INSERT INTO Students VALUES (620064836,'UNDERGRAD','01-01-2020');
INSERT INTO Enrolled (u_id,courseCode) VALUES (620064836,'ECON3288'),(620064836,'ECON1170'),(620064836,'PHYS2667'),(620064836,'BIOC1534'),(620064836,'BIOC2981'),(620064836,'MATH1578');
INSERT INTO Users VALUES (620064837,'Tia','Hart','TiaHart@gmail.com','HartTia');
INSERT INTO Students VALUES (620064837,'UNDERGRAD','01-01-2020');
INSERT INTO Enrolled (u_id,courseCode) VALUES (620064837,'BIOC1448'),(620064837,'ECON3228'),(620064837,'BIOC2054'),(620064837,'ECON1498'),(620064837,'PHYS1140'),(620064837,'BIOC2589');
INSERT INTO Users VALUES (620064838,'Nicole','Joaquin','NicoleJoaquin@gmail.com','JoaquinNicole');
INSERT INTO Students VALUES (620064838,'UNDERGRAD','01-01-2020');
INSERT INTO Enrolled (u_id,courseCode) VALUES (620064838,'BIOC2671'),(620064838,'ECON3288'),(620064838,'CHEM1340');
INSERT INTO Users VALUES (620064839,'Agnes','Luper','AgnesLuper@gmail.com','LuperAgnes');
INSERT INTO Students VALUES (620064839,'UNDERGRAD','01-01-2020');
INSERT INTO Enrolled (u_id,courseCode) VALUES (620064839,'COMP2717'),(620064839,'PHYS1930'),(620064839,'COMP3506'),(620064839,'CHEM2727'),(620064839,'ECON3228'),(620064839,'BIOC1866');
INSERT INTO Users VALUES (620064840,'Adelia','Hernandez','AdeliaHernandez@gmail.com','HernandezAdelia');
INSERT INTO Students VALUES (620064840,'UNDERGRAD','01-01-2020');
INSERT INTO Enrolled (u_id,courseCode) VALUES (620064840,'MATH2717'),(620064840,'COMP1573'),(620064840,'INFO2147'),(620064840,'ECON3989'),(620064840,'INFO3419'),(620064840,'COMP2717');
INSERT INTO Users VALUES (620064841,'Toby','Eaton','TobyEaton@gmail.com','EatonToby');
INSERT INTO Students VALUES (620064841,'UNDERGRAD','01-01-2020');
INSERT INTO Enrolled (u_id,courseCode) VALUES (620064841,'MATH3209'),(620064841,'COMP2400'),(620064841,'PHYS2306'),(620064841,'PHYS2563');
INSERT INTO Users VALUES (620064842,'Floyd','Gillis','FloydGillis@gmail.com','GillisFloyd');
INSERT INTO Students VALUES (620064842,'UNDERGRAD','01-01-2020');
INSERT INTO Enrolled (u_id,courseCode) VALUES (620064842,'ECON1230'),(620064842,'CHEM2031'),(620064842,'ECON3085'),(620064842,'COMP3047'),(620064842,'CHEM2626');
INSERT INTO Users VALUES (620064843,'Lorenza','Diggs','LorenzaDiggs@gmail.com','DiggsLorenza');
INSERT INTO Students VALUES (620064843,'UNDERGRAD','01-01-2020');
INSERT INTO Enrolled (u_id,courseCode) VALUES (620064843,'PHYS2238'),(620064843,'CHEM2446'),(620064843,'ECON3737'),(620064843,'CHEM1807'),(620064843,'PHYS1979'),(620064843,'COMP1184');
INSERT INTO Users VALUES (620064844,'Roger','Wood','RogerWood@gmail.com','WoodRoger');
INSERT INTO Students VALUES (620064844,'UNDERGRAD','01-01-2020');
INSERT INTO Enrolled (u_id,courseCode) VALUES (620064844,'CHEM2604'),(620064844,'BIOC3604'),(620064844,'ECON3288'),(620064844,'CHEM3054'),(620064844,'COMP1573'),(620064844,'CHEM2149');
INSERT INTO Users VALUES (620064845,'Alice','Tallent','AliceTallent@gmail.com','TallentAlice');
INSERT INTO Students VALUES (620064845,'UNDERGRAD','01-01-2020');
INSERT INTO Enrolled (u_id,courseCode) VALUES (620064845,'BIOC1986'),(620064845,'COMP3639'),(620064845,'CHEM2031'),(620064845,'CHEM3409'),(620064845,'ECON1098');
INSERT INTO Users VALUES (620064846,'Ronald','Klein','RonaldKlein@gmail.com','KleinRonald');
INSERT INTO Students VALUES (620064846,'UNDERGRAD','01-01-2020');
INSERT INTO Enrolled (u_id,courseCode) VALUES (620064846,'INFO2213'),(620064846,'BIOC2981'),(620064846,'CHEM2220'),(620064846,'BIOC1598'),(620064846,'ECON2703'),(620064846,'INFO2716');
INSERT INTO Users VALUES (620064847,'Barbara','Williamson','BarbaraWilliamson@gmail.com','WilliamsonBarbara');
INSERT INTO Students VALUES (620064847,'UNDERGRAD','01-01-2020');
INSERT INTO Enrolled (u_id,courseCode) VALUES (620064847,'PHYS2977'),(620064847,'CHEM3793'),(620064847,'BIOC3341'),(620064847,'COMP2717'),(620064847,'CHEM2005');
INSERT INTO Users VALUES (620064848,'Traci','Vanwyck','TraciVanwyck@gmail.com','VanwyckTraci');
INSERT INTO Students VALUES (620064848,'UNDERGRAD','01-01-2020');
INSERT INTO Enrolled (u_id,courseCode) VALUES (620064848,'CHEM2867'),(620064848,'CHEM1807'),(620064848,'PHYS3876'),(620064848,'MATH2717');
INSERT INTO Users VALUES (620064849,'Rebecca','Decker','RebeccaDecker@gmail.com','DeckerRebecca');
INSERT INTO Students VALUES (620064849,'UNDERGRAD','01-01-2020');
INSERT INTO Enrolled (u_id,courseCode) VALUES (620064849,'ECON1996'),(620064849,'MATH3059'),(620064849,'ECON2722'),(620064849,'COMP3685'),(620064849,'COMP2080'),(620064849,'INFO3935');
INSERT INTO Users VALUES (620064850,'Dora','Crespo','DoraCrespo@gmail.com','CrespoDora');
INSERT INTO Students VALUES (620064850,'UNDERGRAD','01-01-2020');
INSERT INTO Enrolled (u_id,courseCode) VALUES (620064850,'COMP3238'),(620064850,'MATH2188'),(620064850,'COMP1051'),(620064850,'PHYS3339'),(620064850,'ECON2387'),(620064850,'ECON2814');
INSERT INTO Users VALUES (620064851,'Eunice','Chatcho','EuniceChatcho@gmail.com','ChatchoEunice');
INSERT INTO Students VALUES (620064851,'UNDERGRAD','01-01-2020');
INSERT INTO Enrolled (u_id,courseCode) VALUES (620064851,'COMP1573'),(620064851,'CHEM2626'),(620064851,'COMP2717'),(620064851,'ECON3737'),(620064851,'COMP2400');
INSERT INTO Users VALUES (620064852,'Ashley','Christinsen','AshleyChristinsen@gmail.com','ChristinsenAshley');
INSERT INTO Students VALUES (620064852,'UNDERGRAD','01-01-2020');
INSERT INTO Enrolled (u_id,courseCode) VALUES (620064852,'ECON3989'),(620064852,'COMP3238'),(620064852,'ECON1498'),(620064852,'CHEM3888'),(620064852,'INFO2716'),(620064852,'PHYS3686');
INSERT INTO Users VALUES (620064853,'Stacy','Sharp','StacySharp@gmail.com','SharpStacy');
INSERT INTO Students VALUES (620064853,'UNDERGRAD','01-01-2020');
INSERT INTO Enrolled (u_id,courseCode) VALUES (620064853,'CHEM2727'),(620064853,'ECON3989'),(620064853,'BIOC1534');
INSERT INTO Users VALUES (620064854,'Katie','Oconnell','KatieOconnell@gmail.com','OconnellKatie');
INSERT INTO Students VALUES (620064854,'UNDERGRAD','01-01-2020');
INSERT INTO Enrolled (u_id,courseCode) VALUES (620064854,'ECON3523'),(620064854,'ECON3311'),(620064854,'BIOC3341'),(620064854,'PHYS1140'),(620064854,'INFO3603');
INSERT INTO Users VALUES (620064855,'Aaron','Barnett','AaronBarnett@gmail.com','BarnettAaron');
INSERT INTO Students VALUES (620064855,'UNDERGRAD','01-01-2020');
INSERT INTO Enrolled (u_id,courseCode) VALUES (620064855,'CHEM3793'),(620064855,'ECON1012'),(620064855,'PHYS3729');
INSERT INTO Users VALUES (620064856,'Agnes','Mejias','AgnesMejias@gmail.com','MejiasAgnes');
INSERT INTO Students VALUES (620064856,'UNDERGRAD','01-01-2020');
INSERT INTO Enrolled (u_id,courseCode) VALUES (620064856,'CHEM3327'),(620064856,'COMP2965'),(620064856,'PHYS1173');
INSERT INTO Users VALUES (620064857,'Michelle','Tallent','MichelleTallent@gmail.com','TallentMichelle');
INSERT INTO Students VALUES (620064857,'UNDERGRAD','01-01-2020');
INSERT INTO Enrolled (u_id,courseCode) VALUES (620064857,'BIOC2054'),(620064857,'CHEM1807'),(620064857,'COMP1573'),(620064857,'INFO1990'),(620064857,'COMP3697'),(620064857,'ECON3372');
INSERT INTO Users VALUES (620064858,'Vickie','Turkus','VickieTurkus@gmail.com','TurkusVickie');
INSERT INTO Students VALUES (620064858,'UNDERGRAD','01-01-2020');
INSERT INTO Enrolled (u_id,courseCode) VALUES (620064858,'CHEM3888'),(620064858,'BIOC2236'),(620064858,'MATH3544'),(620064858,'INFO1990');
INSERT INTO Users VALUES (620064859,'Holly','Givens','HollyGivens@gmail.com','GivensHolly');
INSERT INTO Students VALUES (620064859,'UNDERGRAD','01-01-2020');
INSERT INTO Enrolled (u_id,courseCode) VALUES (620064859,'PHYS2977'),(620064859,'CHEM3793'),(620064859,'MATH3209');
INSERT INTO Users VALUES (620064860,'Don','Shields','DonShields@gmail.com','ShieldsDon');
INSERT INTO Students VALUES (620064860,'UNDERGRAD','01-01-2020');
INSERT INTO Enrolled (u_id,courseCode) VALUES (620064860,'CHEM2005'),(620064860,'CHEM2727'),(620064860,'ECON3020'),(620064860,'PHYS2977');
INSERT INTO Users VALUES (620064861,'Allison','Nelson','AllisonNelson@gmail.com','NelsonAllison');
INSERT INTO Students VALUES (620064861,'UNDERGRAD','01-01-2020');
INSERT INTO Enrolled (u_id,courseCode) VALUES (620064861,'INFO1990'),(620064861,'CHEM3617'),(620064861,'CHEM2446'),(620064861,'MATH2717'),(620064861,'CHEM1494'),(620064861,'BIOC1598');
INSERT INTO Users VALUES (620064862,'Flora','Sharp','FloraSharp@gmail.com','SharpFlora');
INSERT INTO Students VALUES (620064862,'UNDERGRAD','01-01-2020');
INSERT INTO Enrolled (u_id,courseCode) VALUES (620064862,'ECON3085'),(620064862,'CHEM2066'),(620064862,'INFO2860'),(620064862,'CHEM2626'),(620064862,'PHYS2448'),(620064862,'PHYS2113');
INSERT INTO Users VALUES (620064863,'Lisa','Jones','LisaJones@gmail.com','JonesLisa');
INSERT INTO Students VALUES (620064863,'UNDERGRAD','01-01-2020');
INSERT INTO Enrolled (u_id,courseCode) VALUES (620064863,'INFO2860'),(620064863,'CHEM2220'),(620064863,'ECON1458');
INSERT INTO Users VALUES (620064864,'Mack','Braun','MackBraun@gmail.com','BraunMack');
INSERT INTO Students VALUES (620064864,'UNDERGRAD','01-01-2020');
INSERT INTO Enrolled (u_id,courseCode) VALUES (620064864,'COMP1573'),(620064864,'INFO3636'),(620064864,'INFO3645'),(620064864,'PHYS2338'),(620064864,'PHYS3876');
INSERT INTO Users VALUES (620064865,'Ruth','Miller','RuthMiller@gmail.com','MillerRuth');
INSERT INTO Students VALUES (620064865,'UNDERGRAD','01-01-2020');
INSERT INTO Enrolled (u_id,courseCode) VALUES (620064865,'INFO3868'),(620064865,'BIOC1598'),(620064865,'CHEM2697'),(620064865,'ECON1645');
INSERT INTO Users VALUES (620064866,'Warren','Golden','WarrenGolden@gmail.com','GoldenWarren');
INSERT INTO Students VALUES (620064866,'UNDERGRAD','01-01-2020');
INSERT INTO Enrolled (u_id,courseCode) VALUES (620064866,'COMP2965'),(620064866,'ECON1230'),(620064866,'INFO2860'),(620064866,'INFO2950');
INSERT INTO Users VALUES (620064867,'Shalanda','Wesley','ShalandaWesley@gmail.com','WesleyShalanda');
INSERT INTO Students VALUES (620064867,'UNDERGRAD','01-01-2020');
INSERT INTO Enrolled (u_id,courseCode) VALUES (620064867,'BIOC1598'),(620064867,'BIOC3341'),(620064867,'ECON1098'),(620064867,'ECON3523');
INSERT INTO Users VALUES (620064868,'Paul','Watson','PaulWatson@gmail.com','WatsonPaul');
INSERT INTO Students VALUES (620064868,'UNDERGRAD','01-01-2020');
INSERT INTO Enrolled (u_id,courseCode) VALUES (620064868,'COMP2080'),(620064868,'BIOC1448'),(620064868,'INFO3935'),(620064868,'ECON1498');
INSERT INTO Users VALUES (620064869,'Gary','Harms','GaryHarms@gmail.com','HarmsGary');
INSERT INTO Students VALUES (620064869,'UNDERGRAD','01-01-2020');
INSERT INTO Enrolled (u_id,courseCode) VALUES (620064869,'BIOC1485'),(620064869,'MATH1309'),(620064869,'MATH3059'),(620064869,'INFO2337');
INSERT INTO Users VALUES (620064870,'Kathleen','Sandlin','KathleenSandlin@gmail.com','SandlinKathleen');
INSERT INTO Students VALUES (620064870,'UNDERGRAD','01-01-2020');
INSERT INTO Enrolled (u_id,courseCode) VALUES (620064870,'PHYS3876'),(620064870,'INFO1825'),(620064870,'PHYS3464'),(620064870,'CHEM2149'),(620064870,'BIOC1986'),(620064870,'BIOC1485');
INSERT INTO Users VALUES (620064871,'Dawn','Winner','DawnWinner@gmail.com','WinnerDawn');
INSERT INTO Students VALUES (620064871,'UNDERGRAD','01-01-2020');
INSERT INTO Enrolled (u_id,courseCode) VALUES (620064871,'COMP3238'),(620064871,'MATH3173'),(620064871,'PHYS3787');
INSERT INTO Users VALUES (620064872,'Don','Letchworth','DonLetchworth@gmail.com','LetchworthDon');
INSERT INTO Students VALUES (620064872,'UNDERGRAD','01-01-2020');
INSERT INTO Enrolled (u_id,courseCode) VALUES (620064872,'MATH2555'),(620064872,'CHEM1613'),(620064872,'PHYS2306'),(620064872,'COMP2400'),(620064872,'ECON2814'),(620064872,'MATH1638');
INSERT INTO Users VALUES (620064873,'Ruth','Joaquin','RuthJoaquin@gmail.com','JoaquinRuth');
INSERT INTO Students VALUES (620064873,'UNDERGRAD','01-01-2020');
INSERT INTO Enrolled (u_id,courseCode) VALUES (620064873,'CHEM2005'),(620064873,'INFO3868'),(620064873,'CHEM2065'),(620064873,'INFO2950');
INSERT INTO Users VALUES (620064874,'Hazel','Ferretti','HazelFerretti@gmail.com','FerrettiHazel');
INSERT INTO Students VALUES (620064874,'UNDERGRAD','01-01-2020');
INSERT INTO Enrolled (u_id,courseCode) VALUES (620064874,'BIOC2589'),(620064874,'BIOC2550'),(620064874,'MATH1972'),(620064874,'ECON3447'),(620064874,'INFO1288'),(620064874,'CHEM3054');
INSERT INTO Users VALUES (620064875,'Maria','Porter','MariaPorter@gmail.com','PorterMaria');
INSERT INTO Students VALUES (620064875,'UNDERGRAD','01-01-2020');
INSERT INTO Enrolled (u_id,courseCode) VALUES (620064875,'CHEM3327'),(620064875,'ECON3311'),(620064875,'ECON1645'),(620064875,'PHYS2238'),(620064875,'BIOC1794');
INSERT INTO Users VALUES (620064876,'Josh','Monte','JoshMonte@gmail.com','MonteJosh');
INSERT INTO Students VALUES (620064876,'UNDERGRAD','01-01-2020');
INSERT INTO Enrolled (u_id,courseCode) VALUES (620064876,'INFO2147'),(620064876,'MATH1578'),(620064876,'MATH1454'),(620064876,'PHYS1979');
INSERT INTO Users VALUES (620064877,'Steven','Mcclenon','StevenMcclenon@gmail.com','McclenonSteven');
INSERT INTO Students VALUES (620064877,'UNDERGRAD','01-01-2020');
INSERT INTO Enrolled (u_id,courseCode) VALUES (620064877,'INFO2213'),(620064877,'INFO3636'),(620064877,'PHYS2451');
INSERT INTO Users VALUES (620064878,'Ed','Comley','EdComley@gmail.com','ComleyEd');
INSERT INTO Students VALUES (620064878,'UNDERGRAD','01-01-2020');
INSERT INTO Enrolled (u_id,courseCode) VALUES (620064878,'COMP3084'),(620064878,'COMP1460'),(620064878,'COMP2541'),(620064878,'CHEM1494'),(620064878,'COMP1543');
INSERT INTO Users VALUES (620064879,'Celia','Washinski','CeliaWashinski@gmail.com','WashinskiCelia');
INSERT INTO Students VALUES (620064879,'UNDERGRAD','01-01-2020');
INSERT INTO Enrolled (u_id,courseCode) VALUES (620064879,'MATH2555'),(620064879,'MATH2957'),(620064879,'COMP1543'),(620064879,'COMP1051');
INSERT INTO Users VALUES (620064880,'Stephen','Vargas','StephenVargas@gmail.com','VargasStephen');
INSERT INTO Students VALUES (620064880,'UNDERGRAD','01-01-2020');
INSERT INTO Enrolled (u_id,courseCode) VALUES (620064880,'PHYS3729'),(620064880,'INFO1288'),(620064880,'BIOC1910'),(620064880,'BIOC1448');
INSERT INTO Users VALUES (620064881,'Jennifer','Knox','JenniferKnox@gmail.com','KnoxJennifer');
INSERT INTO Students VALUES (620064881,'UNDERGRAD','01-01-2020');
INSERT INTO Enrolled (u_id,courseCode) VALUES (620064881,'MATH3059'),(620064881,'MATH1972'),(620064881,'INFO3645'),(620064881,'COMP1460');
INSERT INTO Users VALUES (620064882,'Ruby','Lowrey','RubyLowrey@gmail.com','LowreyRuby');
INSERT INTO Students VALUES (620064882,'UNDERGRAD','01-01-2020');
INSERT INTO Enrolled (u_id,courseCode) VALUES (620064882,'MATH2873'),(620064882,'COMP3639'),(620064882,'CHEM1807'),(620064882,'ECON2703');
INSERT INTO Users VALUES (620064883,'Dorcas','Cash','DorcasCash@gmail.com','CashDorcas');
INSERT INTO Students VALUES (620064883,'UNDERGRAD','01-01-2020');
INSERT INTO Enrolled (u_id,courseCode) VALUES (620064883,'ECON3372'),(620064883,'ECON3989'),(620064883,'PHYS3354'),(620064883,'CHEM1494'),(620064883,'PHYS1140'),(620064883,'BIOC2236');
INSERT INTO Users VALUES (620064884,'Adelle','Hardman','AdelleHardman@gmail.com','HardmanAdelle');
INSERT INTO Students VALUES (620064884,'UNDERGRAD','01-01-2020');
INSERT INTO Enrolled (u_id,courseCode) VALUES (620064884,'ECON3276'),(620064884,'MATH1638'),(620064884,'PHYS3354');
INSERT INTO Users VALUES (620064885,'Carolyn','Waugh','CarolynWaugh@gmail.com','WaughCarolyn');
INSERT INTO Students VALUES (620064885,'UNDERGRAD','01-01-2020');
INSERT INTO Enrolled (u_id,courseCode) VALUES (620064885,'COMP2717'),(620064885,'ECON3989'),(620064885,'BIOC1439');
INSERT INTO Users VALUES (620064886,'Sergio','Scarbrough','SergioScarbrough@gmail.com','ScarbroughSergio');
INSERT INTO Students VALUES (620064886,'UNDERGRAD','01-01-2020');
INSERT INTO Enrolled (u_id,courseCode) VALUES (620064886,'INFO2636'),(620064886,'COMP1543'),(620064886,'MATH3688'),(620064886,'INFO1833');
INSERT INTO Users VALUES (620064887,'Caroline','Blevins','CarolineBlevins@gmail.com','BlevinsCaroline');
INSERT INTO Students VALUES (620064887,'UNDERGRAD','01-01-2020');
INSERT INTO Enrolled (u_id,courseCode) VALUES (620064887,'PHYS1979'),(620064887,'COMP2361'),(620064887,'BIOC3191'),(620064887,'BIOC1534');
INSERT INTO Users VALUES (620064888,'Helen','Howe','HelenHowe@gmail.com','HoweHelen');
INSERT INTO Students VALUES (620064888,'UNDERGRAD','01-01-2020');
INSERT INTO Enrolled (u_id,courseCode) VALUES (620064888,'COMP3639'),(620064888,'PHYS2667'),(620064888,'CHEM3327'),(620064888,'BIOC1794');
INSERT INTO Users VALUES (620064889,'Eunice','Amberg','EuniceAmberg@gmail.com','AmbergEunice');
INSERT INTO Students VALUES (620064889,'UNDERGRAD','01-01-2020');
INSERT INTO Enrolled (u_id,courseCode) VALUES (620064889,'BIOC2550'),(620064889,'ECON1996'),(620064889,'ECON3372'),(620064889,'ECON3737');
INSERT INTO Users VALUES (620064890,'Geoffrey','Garnes','GeoffreyGarnes@gmail.com','GarnesGeoffrey');
INSERT INTO Students VALUES (620064890,'UNDERGRAD','01-01-2020');
INSERT INTO Enrolled (u_id,courseCode) VALUES (620064890,'CHEM3327'),(620064890,'INFO2147'),(620064890,'MATH3179'),(620064890,'PHYS2117');
INSERT INTO Users VALUES (620064891,'Isreal','Heckstall','IsrealHeckstall@gmail.com','HeckstallIsreal');
INSERT INTO Students VALUES (620064891,'UNDERGRAD','01-01-2020');
INSERT INTO Enrolled (u_id,courseCode) VALUES (620064891,'CHEM2005'),(620064891,'INFO2213'),(620064891,'COMP1460'),(620064891,'COMP1184');
INSERT INTO Users VALUES (620064892,'Manuel','Sniezek','ManuelSniezek@gmail.com','SniezekManuel');
INSERT INTO Students VALUES (620064892,'UNDERGRAD','01-01-2020');
INSERT INTO Enrolled (u_id,courseCode) VALUES (620064892,'COMP3746'),(620064892,'ECON2345'),(620064892,'CHEM2220');
INSERT INTO Users VALUES (620064893,'Carol','Hinojosa','CarolHinojosa@gmail.com','HinojosaCarol');
INSERT INTO Students VALUES (620064893,'UNDERGRAD','01-01-2020');
INSERT INTO Enrolled (u_id,courseCode) VALUES (620064893,'MATH3844'),(620064893,'BIOC1164'),(620064893,'INFO1833');
INSERT INTO Users VALUES (620064894,'Kasey','Withrow','KaseyWithrow@gmail.com','WithrowKasey');
INSERT INTO Students VALUES (620064894,'UNDERGRAD','01-01-2020');
INSERT INTO Enrolled (u_id,courseCode) VALUES (620064894,'ECON3523'),(620064894,'INFO2147'),(620064894,'PHYS2667'),(620064894,'MATH1648');
INSERT INTO Users VALUES (620064895,'Christine','Blackwell','ChristineBlackwell@gmail.com','BlackwellChristine');
INSERT INTO Students VALUES (620064895,'UNDERGRAD','01-01-2020');
INSERT INTO Enrolled (u_id,courseCode) VALUES (620064895,'BIOC3191'),(620064895,'INFO3603'),(620064895,'BIOC3230');
INSERT INTO Users VALUES (620064896,'Catherine','Terry','CatherineTerry@gmail.com','TerryCatherine');
INSERT INTO Students VALUES (620064896,'UNDERGRAD','01-01-2020');
INSERT INTO Enrolled (u_id,courseCode) VALUES (620064896,'COMP2717'),(620064896,'COMP3536'),(620064896,'PHYS3339'),(620064896,'CHEM3614'),(620064896,'ECON3550'),(620064896,'BIOC2983');
INSERT INTO Users VALUES (620064897,'Rachel','Long','RachelLong@gmail.com','LongRachel');
INSERT INTO Students VALUES (620064897,'UNDERGRAD','01-01-2020');
INSERT INTO Enrolled (u_id,courseCode) VALUES (620064897,'COMP2361'),(620064897,'INFO2716'),(620064897,'PHYS2451'),(620064897,'MATH1148');
INSERT INTO Users VALUES (620064898,'Charlotte','Hodge','CharlotteHodge@gmail.com','HodgeCharlotte');
INSERT INTO Students VALUES (620064898,'UNDERGRAD','01-01-2020');
INSERT INTO Enrolled (u_id,courseCode) VALUES (620064898,'BIOC1986'),(620064898,'MATH2188'),(620064898,'CHEM2481');
INSERT INTO Users VALUES (620064899,'Bernie','Schilling','BernieSchilling@gmail.com','SchillingBernie');
INSERT INTO Students VALUES (620064899,'UNDERGRAD','01-01-2020');
INSERT INTO Enrolled (u_id,courseCode) VALUES (620064899,'BIOC2236'),(620064899,'ECON1458'),(620064899,'MATH3857'),(620064899,'INFO2813'),(620064899,'MATH3179'),(620064899,'CHEM2220');
INSERT INTO Users VALUES (620064900,'Walter','Davis','WalterDavis@gmail.com','DavisWalter');
INSERT INTO Students VALUES (620064900,'UNDERGRAD','01-01-2020');
INSERT INTO Enrolled (u_id,courseCode) VALUES (620064900,'PHYS2338'),(620064900,'PHYS2117'),(620064900,'ECON2387'),(620064900,'ECON1458');
INSERT INTO Users VALUES (620064901,'Gilbert','Calvert','GilbertCalvert@gmail.com','CalvertGilbert');
INSERT INTO Students VALUES (620064901,'UNDERGRAD','01-01-2020');
INSERT INTO Enrolled (u_id,courseCode) VALUES (620064901,'ECON3311'),(620064901,'BIOC1164'),(620064901,'MATH2555');
INSERT INTO Users VALUES (620064902,'Adrienne','Knox','AdrienneKnox@gmail.com','KnoxAdrienne');
INSERT INTO Students VALUES (620064902,'UNDERGRAD','01-01-2020');
INSERT INTO Enrolled (u_id,courseCode) VALUES (620064902,'CHEM3347'),(620064902,'MATH3059'),(620064902,'MATH3222'),(620064902,'MATH2555');
INSERT INTO Users VALUES (620064903,'Maria','Halford','MariaHalford@gmail.com','HalfordMaria');
INSERT INTO Students VALUES (620064903,'UNDERGRAD','01-01-2020');
INSERT INTO Enrolled (u_id,courseCode) VALUES (620064903,'INFO2337'),(620064903,'COMP3418'),(620064903,'BIOC1104'),(620064903,'INFO1145'),(620064903,'CHEM1613'),(620064903,'ECON1458');
INSERT INTO Users VALUES (620064904,'Iris','Turkus','IrisTurkus@gmail.com','TurkusIris');
INSERT INTO Students VALUES (620064904,'UNDERGRAD','01-01-2020');
INSERT INTO Enrolled (u_id,courseCode) VALUES (620064904,'PHYS2667'),(620064904,'PHYS3339'),(620064904,'CHEM2697'),(620064904,'BIOC2671');
INSERT INTO Users VALUES (620064905,'Tim','Shani','TimShani@gmail.com','ShaniTim');
INSERT INTO Students VALUES (620064905,'UNDERGRAD','01-01-2020');
INSERT INTO Enrolled (u_id,courseCode) VALUES (620064905,'CHEM1340'),(620064905,'MATH2873'),(620064905,'COMP3639'),(620064905,'PHYS1173'),(620064905,'MATH1250');
INSERT INTO Users VALUES (620064906,'Shannon','Charland','ShannonCharland@gmail.com','CharlandShannon');
INSERT INTO Students VALUES (620064906,'UNDERGRAD','01-01-2020');
INSERT INTO Enrolled (u_id,courseCode) VALUES (620064906,'MATH3209'),(620064906,'CHEM3054'),(620064906,'INFO2559'),(620064906,'COMP2717');
INSERT INTO Users VALUES (620064907,'Lorenza','Dohse','LorenzaDohse@gmail.com','DohseLorenza');
INSERT INTO Students VALUES (620064907,'UNDERGRAD','01-01-2020');
INSERT INTO Enrolled (u_id,courseCode) VALUES (620064907,'COMP1867'),(620064907,'BIOC1866'),(620064907,'BIOC3457'),(620064907,'ECON3281'),(620064907,'INFO2147');
INSERT INTO Users VALUES (620064908,'Kathy','Lyford','KathyLyford@gmail.com','LyfordKathy');
INSERT INTO Students VALUES (620064908,'UNDERGRAD','01-01-2020');
INSERT INTO Enrolled (u_id,courseCode) VALUES (620064908,'MATH3613'),(620064908,'PHYS3787'),(620064908,'ECON3372'),(620064908,'MATH1578'),(620064908,'PHYS2113');
INSERT INTO Users VALUES (620064909,'Blake','Bourgoin','BlakeBourgoin@gmail.com','BourgoinBlake');
INSERT INTO Students VALUES (620064909,'UNDERGRAD','01-01-2020');
INSERT INTO Enrolled (u_id,courseCode) VALUES (620064909,'PHYS3659'),(620064909,'PHYS2306'),(620064909,'MATH3059'),(620064909,'INFO1242');
INSERT INTO Users VALUES (620064910,'Keith','Golden','KeithGolden@gmail.com','GoldenKeith');
INSERT INTO Students VALUES (620064910,'UNDERGRAD','01-01-2020');
INSERT INTO Enrolled (u_id,courseCode) VALUES (620064910,'ECON2345'),(620064910,'COMP3746'),(620064910,'CHEM3747');
INSERT INTO Users VALUES (620064911,'Joan','Kenney','JoanKenney@gmail.com','KenneyJoan');
INSERT INTO Students VALUES (620064911,'UNDERGRAD','01-01-2020');
INSERT INTO Enrolled (u_id,courseCode) VALUES (620064911,'COMP3506'),(620064911,'INFO2797'),(620064911,'PHYS3354');
INSERT INTO Users VALUES (620064912,'Nathan','Mccarthy','NathanMccarthy@gmail.com','MccarthyNathan');
INSERT INTO Students VALUES (620064912,'UNDERGRAD','01-01-2020');
INSERT INTO Enrolled (u_id,courseCode) VALUES (620064912,'COMP2965'),(620064912,'ECON1645'),(620064912,'CHEM2177'),(620064912,'INFO2797'),(620064912,'MATH2957');
INSERT INTO Users VALUES (620064913,'Nicole','Thomas','NicoleThomas@gmail.com','ThomasNicole');
INSERT INTO Students VALUES (620064913,'UNDERGRAD','01-01-2020');
INSERT INTO Enrolled (u_id,courseCode) VALUES (620064913,'INFO1833'),(620064913,'BIOC1104'),(620064913,'BIOC2236');
INSERT INTO Users VALUES (620064914,'Deanna','Boyer','DeannaBoyer@gmail.com','BoyerDeanna');
INSERT INTO Students VALUES (620064914,'UNDERGRAD','01-01-2020');
INSERT INTO Enrolled (u_id,courseCode) VALUES (620064914,'ECON1458'),(620064914,'ECON3281'),(620064914,'COMP3173'),(620064914,'COMP2400'),(620064914,'BIOC2671'),(620064914,'INFO2521');
INSERT INTO Users VALUES (620064915,'Celia','Hudson','CeliaHudson@gmail.com','HudsonCelia');
INSERT INTO Students VALUES (620064915,'UNDERGRAD','01-01-2020');
INSERT INTO Enrolled (u_id,courseCode) VALUES (620064915,'COMP3238'),(620064915,'COMP2400'),(620064915,'CHEM1807'),(620064915,'COMP3084'),(620064915,'INFO2521');
INSERT INTO Users VALUES (620064916,'Tia','Chappell','TiaChappell@gmail.com','ChappellTia');
INSERT INTO Students VALUES (620064916,'UNDERGRAD','01-01-2020');
INSERT INTO Enrolled (u_id,courseCode) VALUES (620064916,'ECON1645'),(620064916,'MATH1648'),(620064916,'ECON3447'),(620064916,'MATH3029'),(620064916,'BIOC3721'),(620064916,'INFO2521');
INSERT INTO Users VALUES (620064917,'Carol','Hoyer','CarolHoyer@gmail.com','HoyerCarol');
INSERT INTO Students VALUES (620064917,'UNDERGRAD','01-01-2020');
INSERT INTO Enrolled (u_id,courseCode) VALUES (620064917,'MATH2873'),(620064917,'CHEM1807'),(620064917,'COMP3084'),(620064917,'CHEM3409'),(620064917,'MATH1648'),(620064917,'CHEM2446');
INSERT INTO Users VALUES (620064918,'Charles','Chappell','CharlesChappell@gmail.com','ChappellCharles');
INSERT INTO Students VALUES (620064918,'UNDERGRAD','01-01-2020');
INSERT INTO Enrolled (u_id,courseCode) VALUES (620064918,'PHYS1399'),(620064918,'CHEM1613'),(620064918,'ECON1645'),(620064918,'PHYS3290'),(620064918,'ECON1458'),(620064918,'CHEM2149');
INSERT INTO Users VALUES (620064919,'Tracy','Tallent','TracyTallent@gmail.com','TallentTracy');
INSERT INTO Students VALUES (620064919,'UNDERGRAD','01-01-2020');
INSERT INTO Enrolled (u_id,courseCode) VALUES (620064919,'PHYS3339'),(620064919,'MATH2717'),(620064919,'PHYS2229'),(620064919,'COMP3047'),(620064919,'INFO1447'),(620064919,'PHYS2238');
INSERT INTO Users VALUES (620064920,'Kimberly','Macpartland','KimberlyMacpartland@gmail.com','MacpartlandKimberly');
INSERT INTO Students VALUES (620064920,'UNDERGRAD','01-01-2020');
INSERT INTO Enrolled (u_id,courseCode) VALUES (620064920,'ECON1012'),(620064920,'ECON1589'),(620064920,'MATH3613'),(620064920,'INFO2860');
INSERT INTO Users VALUES (620064921,'Frankie','Henderson','FrankieHenderson@gmail.com','HendersonFrankie');
INSERT INTO Students VALUES (620064921,'UNDERGRAD','01-01-2020');
INSERT INTO Enrolled (u_id,courseCode) VALUES (620064921,'COMP3685'),(620064921,'INFO1145'),(620064921,'INFO1447'),(620064921,'MATH2957'),(620064921,'CHEM2697');
INSERT INTO Users VALUES (620064922,'Miguel','Grinstead','MiguelGrinstead@gmail.com','GrinsteadMiguel');
INSERT INTO Students VALUES (620064922,'UNDERGRAD','01-01-2020');
INSERT INTO Enrolled (u_id,courseCode) VALUES (620064922,'COMP3238'),(620064922,'MATH2801'),(620064922,'CHEM2005'),(620064922,'COMP2541'),(620064922,'ECON3085');
INSERT INTO Users VALUES (620064923,'Susan','Hodge','SusanHodge@gmail.com','HodgeSusan');
INSERT INTO Students VALUES (620064923,'UNDERGRAD','01-01-2020');
INSERT INTO Enrolled (u_id,courseCode) VALUES (620064923,'PHYS3729'),(620064923,'INFO3935'),(620064923,'MATH1972');
INSERT INTO Users VALUES (620064924,'Derek','Ferretti','DerekFerretti@gmail.com','FerrettiDerek');
INSERT INTO Students VALUES (620064924,'UNDERGRAD','01-01-2020');
INSERT INTO Enrolled (u_id,courseCode) VALUES (620064924,'PHYS2667'),(620064924,'INFO2797'),(620064924,'MATH2801');
INSERT INTO Users VALUES (620064925,'Delia','Flowers','DeliaFlowers@gmail.com','FlowersDelia');
INSERT INTO Students VALUES (620064925,'UNDERGRAD','01-01-2020');
INSERT INTO Enrolled (u_id,courseCode) VALUES (620064925,'BIOC1104'),(620064925,'MATH1309'),(620064925,'ECON2722'),(620064925,'BIOC3457'),(620064925,'COMP2965'),(620064925,'COMP2717');
INSERT INTO Users VALUES (620064926,'Robert','Baccus','RobertBaccus@gmail.com','BaccusRobert');
INSERT INTO Students VALUES (620064926,'UNDERGRAD','01-01-2020');
INSERT INTO Enrolled (u_id,courseCode) VALUES (620064926,'INFO3935'),(620064926,'BIOC3341'),(620064926,'ECON3447');
INSERT INTO Users VALUES (620064927,'Trina','Colley','TrinaColley@gmail.com','ColleyTrina');
INSERT INTO Students VALUES (620064927,'UNDERGRAD','01-01-2020');
INSERT INTO Enrolled (u_id,courseCode) VALUES (620064927,'COMP2717'),(620064927,'COMP3639'),(620064927,'BIOC1448'),(620064927,'PHYS2229'),(620064927,'CHEM2481'),(620064927,'MATH2555');
INSERT INTO Users VALUES (620064928,'Lauren','Wright','LaurenWright@gmail.com','WrightLauren');
INSERT INTO Students VALUES (620064928,'UNDERGRAD','01-01-2020');
INSERT INTO Enrolled (u_id,courseCode) VALUES (620064928,'MATH3029'),(620064928,'CHEM3747'),(620064928,'CHEM3054'),(620064928,'COMP3746'),(620064928,'PHYS2451');
INSERT INTO Users VALUES (620064929,'Orlando','May','OrlandoMay@gmail.com','MayOrlando');
INSERT INTO Students VALUES (620064929,'UNDERGRAD','01-01-2020');
INSERT INTO Enrolled (u_id,courseCode) VALUES (620064929,'INFO1242'),(620064929,'INFO2716'),(620064929,'BIOC3230'),(620064929,'ECON3447'),(620064929,'INFO2147'),(620064929,'BIOC1910');
INSERT INTO Users VALUES (620064930,'Joseph','Mauk','JosephMauk@gmail.com','MaukJoseph');
INSERT INTO Students VALUES (620064930,'UNDERGRAD','01-01-2020');
INSERT INTO Enrolled (u_id,courseCode) VALUES (620064930,'BIOC3721'),(620064930,'CHEM3347'),(620064930,'INFO3868');
INSERT INTO Users VALUES (620064931,'Allison','Russ','AllisonRuss@gmail.com','RussAllison');
INSERT INTO Students VALUES (620064931,'UNDERGRAD','01-01-2020');
INSERT INTO Enrolled (u_id,courseCode) VALUES (620064931,'COMP3536'),(620064931,'PHYS1930'),(620064931,'CHEM2065');
INSERT INTO Users VALUES (620064932,'Marie','Robertson','MarieRobertson@gmail.com','RobertsonMarie');
INSERT INTO Students VALUES (620064932,'UNDERGRAD','01-01-2020');
INSERT INTO Enrolled (u_id,courseCode) VALUES (620064932,'INFO3419'),(620064932,'BIOC1104'),(620064932,'MATH3222'),(620064932,'INFO2716'),(620064932,'COMP3849'),(620064932,'INFO1145');
INSERT INTO Users VALUES (620064933,'Jessie','Mitchell','JessieMitchell@gmail.com','MitchellJessie');
INSERT INTO Students VALUES (620064933,'UNDERGRAD','01-01-2020');
INSERT INTO Enrolled (u_id,courseCode) VALUES (620064933,'INFO2811'),(620064933,'COMP1184'),(620064933,'CHEM2066');
INSERT INTO Users VALUES (620064934,'Juan','King','JuanKing@gmail.com','KingJuan');
INSERT INTO Students VALUES (620064934,'UNDERGRAD','01-01-2020');
INSERT INTO Enrolled (u_id,courseCode) VALUES (620064934,'MATH3179'),(620064934,'BIOC1052'),(620064934,'CHEM3747'),(620064934,'ECON3004'),(620064934,'CHEM1340');
INSERT INTO Users VALUES (620064935,'Evelyn','Long','EvelynLong@gmail.com','LongEvelyn');
INSERT INTO Students VALUES (620064935,'UNDERGRAD','01-01-2020');
INSERT INTO Enrolled (u_id,courseCode) VALUES (620064935,'PHYS2229'),(620064935,'PHYS2977'),(620064935,'MATH2717'),(620064935,'ECON1170');
INSERT INTO Users VALUES (620064936,'Greg','Shields','GregShields@gmail.com','ShieldsGreg');
INSERT INTO Students VALUES (620064936,'UNDERGRAD','01-01-2020');
INSERT INTO Enrolled (u_id,courseCode) VALUES (620064936,'ECON1098'),(620064936,'COMP3697'),(620064936,'INFO2559');
INSERT INTO Users VALUES (620064937,'Arthur','Armstead','ArthurArmstead@gmail.com','ArmsteadArthur');
INSERT INTO Students VALUES (620064937,'UNDERGRAD','01-01-2020');
INSERT INTO Enrolled (u_id,courseCode) VALUES (620064937,'PHYS1140'),(620064937,'BIOC1725'),(620064937,'BIOC3457');
INSERT INTO Users VALUES (620064938,'Randall','Petersen','RandallPetersen@gmail.com','PetersenRandall');
INSERT INTO Students VALUES (620064938,'UNDERGRAD','01-01-2020');
INSERT INTO Enrolled (u_id,courseCode) VALUES (620064938,'INFO1833'),(620064938,'COMP3685'),(620064938,'ECON3523'),(620064938,'ECON3737');
INSERT INTO Users VALUES (620064939,'Colin','Gillis','ColinGillis@gmail.com','GillisColin');
INSERT INTO Students VALUES (620064939,'UNDERGRAD','01-01-2020');
INSERT INTO Enrolled (u_id,courseCode) VALUES (620064939,'COMP2651'),(620064939,'COMP3639'),(620064939,'MATH3544'),(620064939,'PHYS1979'),(620064939,'BIOC1485'),(620064939,'MATH3688');
INSERT INTO Users VALUES (620064940,'Ashley','Vanwyck','AshleyVanwyck@gmail.com','VanwyckAshley');
INSERT INTO Students VALUES (620064940,'UNDERGRAD','01-01-2020');
INSERT INTO Enrolled (u_id,courseCode) VALUES (620064940,'BIOC1052'),(620064940,'COMP3047'),(620064940,'COMP2651'),(620064940,'ECON1645'),(620064940,'INFO1833');
INSERT INTO Users VALUES (620064941,'Bethany','Noggle','BethanyNoggle@gmail.com','NoggleBethany');
INSERT INTO Students VALUES (620064941,'UNDERGRAD','01-01-2020');
INSERT INTO Enrolled (u_id,courseCode) VALUES (620064941,'COMP2077'),(620064941,'PHYS1993'),(620064941,'COMP3084'),(620064941,'ECON3737'),(620064941,'CHEM1807'),(620064941,'MATH2957');
INSERT INTO Users VALUES (620064942,'Justin','Shattuck','JustinShattuck@gmail.com','ShattuckJustin');
INSERT INTO Students VALUES (620064942,'UNDERGRAD','01-01-2020');
INSERT INTO Enrolled (u_id,courseCode) VALUES (620064942,'INFO3868'),(620064942,'PHYS1993'),(620064942,'ECON1230'),(620064942,'CHEM3747'),(620064942,'INFO2811');
INSERT INTO Users VALUES (620064943,'Jennifer','Armstead','JenniferArmstead@gmail.com','ArmsteadJennifer');
INSERT INTO Students VALUES (620064943,'UNDERGRAD','01-01-2020');
INSERT INTO Enrolled (u_id,courseCode) VALUES (620064943,'PHYS3729'),(620064943,'COMP3084'),(620064943,'PHYS2229'),(620064943,'BIOC1439');
INSERT INTO Users VALUES (620064944,'Willie','Mance','WillieMance@gmail.com','ManceWillie');
INSERT INTO Students VALUES (620064944,'UNDERGRAD','01-01-2020');
INSERT INTO Enrolled (u_id,courseCode) VALUES (620064944,'ECON3288'),(620064944,'ECON3311'),(620064944,'MATH3029'),(620064944,'INFO2811');
INSERT INTO Users VALUES (620064945,'Dorothy','Golden','DorothyGolden@gmail.com','GoldenDorothy');
INSERT INTO Students VALUES (620064945,'UNDERGRAD','01-01-2020');
INSERT INTO Enrolled (u_id,courseCode) VALUES (620064945,'ECON2722'),(620064945,'ECON3228'),(620064945,'COMP3167'),(620064945,'PHYS3686'),(620064945,'CHEM2065'),(620064945,'BIOC1104');
INSERT INTO Users VALUES (620064946,'Young','Walker','YoungWalker@gmail.com','WalkerYoung');
INSERT INTO Students VALUES (620064946,'UNDERGRAD','01-01-2020');
INSERT INTO Enrolled (u_id,courseCode) VALUES (620064946,'INFO1447'),(620064946,'BIOC3721'),(620064946,'CHEM1340'),(620064946,'MATH1309'),(620064946,'BIOC2550');
INSERT INTO Users VALUES (620064947,'Bernard','Lindstrom','BernardLindstrom@gmail.com','LindstromBernard');
INSERT INTO Students VALUES (620064947,'UNDERGRAD','01-01-2020');
INSERT INTO Enrolled (u_id,courseCode) VALUES (620064947,'CHEM3614'),(620064947,'COMP2080'),(620064947,'CHEM1340'),(620064947,'COMP1543'),(620064947,'BIOC1986');
INSERT INTO Users VALUES (620064948,'Joseph','Congdon','JosephCongdon@gmail.com','CongdonJoseph');
INSERT INTO Students VALUES (620064948,'UNDERGRAD','01-01-2020');
INSERT INTO Enrolled (u_id,courseCode) VALUES (620064948,'BIOC3721'),(620064948,'CHEM3617'),(620064948,'COMP3047');
INSERT INTO Users VALUES (620064949,'Brenda','Christinsen','BrendaChristinsen@gmail.com','ChristinsenBrenda');
INSERT INTO Students VALUES (620064949,'UNDERGRAD','01-01-2020');
INSERT INTO Enrolled (u_id,courseCode) VALUES (620064949,'COMP3418'),(620064949,'PHYS1140'),(620064949,'ECON3550'),(620064949,'MATH2555'),(620064949,'BIOC1794');
INSERT INTO Users VALUES (620064950,'Lorenza','Rankin','LorenzaRankin@gmail.com','RankinLorenza');
INSERT INTO Students VALUES (620064950,'UNDERGRAD','01-01-2020');
INSERT INTO Enrolled (u_id,courseCode) VALUES (620064950,'BIOC1485'),(620064950,'INFO1990'),(620064950,'INFO1833');
INSERT INTO Users VALUES (620064951,'Ruby','Macpartland','RubyMacpartland@gmail.com','MacpartlandRuby');
INSERT INTO Students VALUES (620064951,'UNDERGRAD','01-01-2020');
INSERT INTO Enrolled (u_id,courseCode) VALUES (620064951,'BIOC2054'),(620064951,'INFO2636'),(620064951,'CHEM2031'),(620064951,'COMP2400');
INSERT INTO Users VALUES (620064952,'Paul','Walley','PaulWalley@gmail.com','WalleyPaul');
INSERT INTO Students VALUES (620064952,'UNDERGRAD','01-01-2020');
INSERT INTO Enrolled (u_id,courseCode) VALUES (620064952,'ECON1996'),(620064952,'CHEM2177'),(620064952,'INFO3636'),(620064952,'BIOC1104');
INSERT INTO Users VALUES (620064953,'Vanessa','Gillman','VanessaGillman@gmail.com','GillmanVanessa');
INSERT INTO Students VALUES (620064953,'UNDERGRAD','01-01-2020');
INSERT INTO Enrolled (u_id,courseCode) VALUES (620064953,'BIOC3191'),(620064953,'MATH1972'),(620064953,'ECON3288'),(620064953,'CHEM2005'),(620064953,'COMP2361');
INSERT INTO Users VALUES (620064954,'Elwood','Amberg','ElwoodAmberg@gmail.com','AmbergElwood');
INSERT INTO Students VALUES (620064954,'UNDERGRAD','01-01-2020');
INSERT INTO Enrolled (u_id,courseCode) VALUES (620064954,'INFO2559'),(620064954,'BIOC1744'),(620064954,'BIOC2054'),(620064954,'COMP1357');
INSERT INTO Users VALUES (620064955,'Bernard','Golden','BernardGolden@gmail.com','GoldenBernard');
INSERT INTO Students VALUES (620064955,'UNDERGRAD','01-01-2020');
INSERT INTO Enrolled (u_id,courseCode) VALUES (620064955,'BIOC1439'),(620064955,'COMP1573'),(620064955,'ECON1645'),(620064955,'PHYS2238'),(620064955,'BIOC1986');
INSERT INTO Users VALUES (620064956,'Terri','Mattingly','TerriMattingly@gmail.com','MattinglyTerri');
INSERT INTO Students VALUES (620064956,'UNDERGRAD','01-01-2020');
INSERT INTO Enrolled (u_id,courseCode) VALUES (620064956,'MATH2550'),(620064956,'MATH2957'),(620064956,'INFO1990');
INSERT INTO Users VALUES (620064957,'Bernie','Meisner','BernieMeisner@gmail.com','MeisnerBernie');
INSERT INTO Students VALUES (620064957,'UNDERGRAD','01-01-2020');
INSERT INTO Enrolled (u_id,courseCode) VALUES (620064957,'PHYS2117'),(620064957,'CHEM2065'),(620064957,'COMP2077'),(620064957,'ECON2387');
INSERT INTO Users VALUES (620064958,'Eric','Waugh','EricWaugh@gmail.com','WaughEric');
INSERT INTO Students VALUES (620064958,'UNDERGRAD','01-01-2020');
INSERT INTO Enrolled (u_id,courseCode) VALUES (620064958,'COMP2361'),(620064958,'MATH1148'),(620064958,'BIOC1986');
INSERT INTO Users VALUES (620064959,'Ethel','Pedersen','EthelPedersen@gmail.com','PedersenEthel');
INSERT INTO Students VALUES (620064959,'UNDERGRAD','01-01-2020');
INSERT INTO Enrolled (u_id,courseCode) VALUES (620064959,'COMP3173'),(620064959,'ECON3020'),(620064959,'INFO1833'),(620064959,'BIOC1986'),(620064959,'CHEM2177');
INSERT INTO Users VALUES (620064960,'Magdalen','Calvert','MagdalenCalvert@gmail.com','CalvertMagdalen');
INSERT INTO Students VALUES (620064960,'UNDERGRAD','01-01-2020');
INSERT INTO Enrolled (u_id,courseCode) VALUES (620064960,'COMP3697'),(620064960,'CHEM1340'),(620064960,'ECON3004'),(620064960,'COMP2965'),(620064960,'CHEM2626'),(620064960,'CHEM2727');
INSERT INTO Users VALUES (620064961,'Cristina','Hodge','CristinaHodge@gmail.com','HodgeCristina');
INSERT INTO Students VALUES (620064961,'UNDERGRAD','01-01-2020');
INSERT INTO Enrolled (u_id,courseCode) VALUES (620064961,'MATH1735'),(620064961,'COMP3084'),(620064961,'ECON1996');
INSERT INTO Users VALUES (620064962,'Bobby','Hoyer','BobbyHoyer@gmail.com','HoyerBobby');
INSERT INTO Students VALUES (620064962,'UNDERGRAD','01-01-2020');
INSERT INTO Enrolled (u_id,courseCode) VALUES (620064962,'CHEM2867'),(620064962,'ECON1098'),(620064962,'COMP2717'),(620064962,'ECON1170'),(620064962,'INFO1447');
INSERT INTO Users VALUES (620064963,'Jose','Wilson','JoseWilson@gmail.com','WilsonJose');
INSERT INTO Students VALUES (620064963,'UNDERGRAD','01-01-2020');
INSERT INTO Enrolled (u_id,courseCode) VALUES (620064963,'ECON1996'),(620064963,'INFO1648'),(620064963,'INFO3419'),(620064963,'ECON3989'),(620064963,'MATH2188'),(620064963,'CHEM3054');
INSERT INTO Users VALUES (620064964,'Colin','Mcclenon','ColinMcclenon@gmail.com','McclenonColin');
INSERT INTO Students VALUES (620064964,'UNDERGRAD','01-01-2020');
INSERT INTO Enrolled (u_id,courseCode) VALUES (620064964,'PHYS2113'),(620064964,'CHEM3054'),(620064964,'COMP3849'),(620064964,'MATH2188'),(620064964,'COMP2080'),(620064964,'INFO2559');
INSERT INTO Users VALUES (620064965,'Dominick','Jensen','DominickJensen@gmail.com','JensenDominick');
INSERT INTO Students VALUES (620064965,'UNDERGRAD','01-01-2020');
INSERT INTO Enrolled (u_id,courseCode) VALUES (620064965,'INFO1014'),(620064965,'PHYS2113'),(620064965,'ECON1170'),(620064965,'COMP1460'),(620064965,'INFO2213');
INSERT INTO Users VALUES (620064966,'Vickie','Rios','VickieRios@gmail.com','RiosVickie');
INSERT INTO Students VALUES (620064966,'UNDERGRAD','01-01-2020');
INSERT INTO Enrolled (u_id,courseCode) VALUES (620064966,'INFO1833'),(620064966,'PHYS1930'),(620064966,'CHEM1613'),(620064966,'ECON3311'),(620064966,'MATH1648'),(620064966,'COMP2080');
INSERT INTO Users VALUES (620064967,'Sandra','Duffie','SandraDuffie@gmail.com','DuffieSandra');
INSERT INTO Students VALUES (620064967,'UNDERGRAD','01-01-2020');
INSERT INTO Enrolled (u_id,courseCode) VALUES (620064967,'CHEM1613'),(620064967,'INFO3603'),(620064967,'ECON3020'),(620064967,'COMP1460'),(620064967,'BIOC1448'),(620064967,'COMP2651');
INSERT INTO Users VALUES (620064968,'Stacy','Halford','StacyHalford@gmail.com','HalfordStacy');
INSERT INTO Students VALUES (620064968,'UNDERGRAD','01-01-2020');
INSERT INTO Enrolled (u_id,courseCode) VALUES (620064968,'MATH3844'),(620064968,'INFO3419'),(620064968,'INFO3636'),(620064968,'CHEM3347'),(620064968,'BIOC1910');
INSERT INTO Users VALUES (620064969,'Kirk','Letchworth','KirkLetchworth@gmail.com','LetchworthKirk');
INSERT INTO Students VALUES (620064969,'UNDERGRAD','01-01-2020');
INSERT INTO Enrolled (u_id,courseCode) VALUES (620064969,'BIOC1534'),(620064969,'CHEM2727'),(620064969,'ECON3523'),(620064969,'PHYS1399'),(620064969,'MATH2873'),(620064969,'BIOC3604');
INSERT INTO Users VALUES (620064970,'Charles','Nelson','CharlesNelson@gmail.com','NelsonCharles');
INSERT INTO Students VALUES (620064970,'UNDERGRAD','01-01-2020');
INSERT INTO Enrolled (u_id,courseCode) VALUES (620064970,'BIOC1534'),(620064970,'ECON2345'),(620064970,'BIOC1448'),(620064970,'COMP2651');
INSERT INTO Users VALUES (620064971,'Daisy','Early','DaisyEarly@gmail.com','EarlyDaisy');
INSERT INTO Students VALUES (620064971,'UNDERGRAD','01-01-2020');
INSERT INTO Enrolled (u_id,courseCode) VALUES (620064971,'MATH1454'),(620064971,'BIOC1439'),(620064971,'CHEM2066'),(620064971,'MATH2550');
INSERT INTO Users VALUES (620064972,'Georgie','Pere','GeorgiePere@gmail.com','PereGeorgie');
INSERT INTO Students VALUES (620064972,'UNDERGRAD','01-01-2020');
INSERT INTO Enrolled (u_id,courseCode) VALUES (620064972,'BIOC3604'),(620064972,'ECON1645'),(620064972,'BIOC2983'),(620064972,'MATH3544'),(620064972,'BIOC1164'),(620064972,'INFO3868');
INSERT INTO Users VALUES (620064973,'Denise','Mcclain','DeniseMcclain@gmail.com','McclainDenise');
INSERT INTO Students VALUES (620064973,'UNDERGRAD','01-01-2020');
INSERT INTO Enrolled (u_id,courseCode) VALUES (620064973,'COMP3506'),(620064973,'COMP3746'),(620064973,'ECON3004');
INSERT INTO Users VALUES (620064974,'Daniel','Hernandez','DanielHernandez@gmail.com','HernandezDaniel');
INSERT INTO Students VALUES (620064974,'UNDERGRAD','01-01-2020');
INSERT INTO Enrolled (u_id,courseCode) VALUES (620064974,'INFO2860'),(620064974,'MATH1972'),(620064974,'PHYS3464'),(620064974,'COMP3084'),(620064974,'ECON1098'),(620064974,'INFO1145');
INSERT INTO Users VALUES (620064975,'Carlos','Steinbach','CarlosSteinbach@gmail.com','SteinbachCarlos');
INSERT INTO Students VALUES (620064975,'UNDERGRAD','01-01-2020');
INSERT INTO Enrolled (u_id,courseCode) VALUES (620064975,'ECON2722'),(620064975,'ECON2814'),(620064975,'PHYS1993');
INSERT INTO Users VALUES (620064976,'George','Macpartland','GeorgeMacpartland@gmail.com','MacpartlandGeorge');
INSERT INTO Students VALUES (620064976,'UNDERGRAD','01-01-2020');
INSERT INTO Enrolled (u_id,courseCode) VALUES (620064976,'MATH1262'),(620064976,'PHYS1979'),(620064976,'INFO1833'),(620064976,'PHYS2451'),(620064976,'INFO1447'),(620064976,'ECON3276');
INSERT INTO Users VALUES (620064977,'Steven','Bordelon','StevenBordelon@gmail.com','BordelonSteven');
INSERT INTO Students VALUES (620064977,'UNDERGRAD','01-01-2020');
INSERT INTO Enrolled (u_id,courseCode) VALUES (620064977,'PHYS2448'),(620064977,'MATH1972'),(620064977,'CHEM2220');
INSERT INTO Users VALUES (620064978,'Bernard','Christinsen','BernardChristinsen@gmail.com','ChristinsenBernard');
INSERT INTO Students VALUES (620064978,'UNDERGRAD','01-01-2020');
INSERT INTO Enrolled (u_id,courseCode) VALUES (620064978,'COMP3536'),(620064978,'COMP2717'),(620064978,'BIOC1052'),(620064978,'MATH2801'),(620064978,'INFO1648'),(620064978,'MATH3544');
INSERT INTO Users VALUES (620064979,'Kurt','Hunt','KurtHunt@gmail.com','HuntKurt');
INSERT INTO Students VALUES (620064979,'UNDERGRAD','01-01-2020');
INSERT INTO Enrolled (u_id,courseCode) VALUES (620064979,'BIOC2671'),(620064979,'COMP3639'),(620064979,'INFO2716'),(620064979,'CHEM1340');
INSERT INTO Users VALUES (620064980,'Rene','Comley','ReneComley@gmail.com','ComleyRene');
INSERT INTO Students VALUES (620064980,'UNDERGRAD','01-01-2020');
INSERT INTO Enrolled (u_id,courseCode) VALUES (620064980,'CHEM3747'),(620064980,'CHEM2697'),(620064980,'INFO1242'),(620064980,'CHEM2481'),(620064980,'ECON1561');
INSERT INTO Users VALUES (620064981,'Ethel','Rivera','EthelRivera@gmail.com','RiveraEthel');
INSERT INTO Students VALUES (620064981,'UNDERGRAD','01-01-2020');
INSERT INTO Enrolled (u_id,courseCode) VALUES (620064981,'ECON1561'),(620064981,'PHYS2113'),(620064981,'MATH2550'),(620064981,'PHYS3659'),(620064981,'PHYS2448'),(620064981,'ECON1098');
INSERT INTO Users VALUES (620064982,'Carrie','Pantoja','CarriePantoja@gmail.com','PantojaCarrie');
INSERT INTO Students VALUES (620064982,'UNDERGRAD','01-01-2020');
INSERT INTO Enrolled (u_id,courseCode) VALUES (620064982,'COMP2077'),(620064982,'BIOC2550'),(620064982,'COMP3167'),(620064982,'BIOC1744');
INSERT INTO Users VALUES (620064983,'Beverly','Carrillo','BeverlyCarrillo@gmail.com','CarrilloBeverly');
INSERT INTO Students VALUES (620064983,'UNDERGRAD','01-01-2020');
INSERT INTO Enrolled (u_id,courseCode) VALUES (620064983,'MATH3029'),(620064983,'MATH2717'),(620064983,'MATH1454'),(620064983,'CHEM2220'),(620064983,'MATH3222');
INSERT INTO Users VALUES (620064984,'Cynthia','Wilbanks','CynthiaWilbanks@gmail.com','WilbanksCynthia');
INSERT INTO Students VALUES (620064984,'UNDERGRAD','01-01-2020');
INSERT INTO Enrolled (u_id,courseCode) VALUES (620064984,'BIOC1744'),(620064984,'BIOC2054'),(620064984,'ECON2703'),(620064984,'PHYS1979'),(620064984,'INFO1014'),(620064984,'MATH2501');
INSERT INTO Users VALUES (620064985,'Greg','Heckstall','GregHeckstall@gmail.com','HeckstallGreg');
INSERT INTO Students VALUES (620064985,'UNDERGRAD','01-01-2020');
INSERT INTO Enrolled (u_id,courseCode) VALUES (620064985,'MATH3857'),(620064985,'CHEM2177'),(620064985,'BIOC2236');
INSERT INTO Users VALUES (620064986,'Nicole','Vanhamlin','NicoleVanhamlin@gmail.com','VanhamlinNicole');
INSERT INTO Students VALUES (620064986,'UNDERGRAD','01-01-2020');
INSERT INTO Enrolled (u_id,courseCode) VALUES (620064986,'INFO2811'),(620064986,'MATH2957'),(620064986,'ECON3085');
INSERT INTO Users VALUES (620064987,'Kathy','Danker','KathyDanker@gmail.com','DankerKathy');
INSERT INTO Students VALUES (620064987,'UNDERGRAD','01-01-2020');
INSERT INTO Enrolled (u_id,courseCode) VALUES (620064987,'ECON3281'),(620064987,'CHEM2066'),(620064987,'CHEM3054'),(620064987,'ECON3288'),(620064987,'MATH2501'),(620064987,'INFO1833');
INSERT INTO Users VALUES (620064988,'Marcus','Scarbrough','MarcusScarbrough@gmail.com','ScarbroughMarcus');
INSERT INTO Students VALUES (620064988,'UNDERGRAD','01-01-2020');
INSERT INTO Enrolled (u_id,courseCode) VALUES (620064988,'COMP1184'),(620064988,'PHYS3659'),(620064988,'BIOC1534'),(620064988,'INFO2636'),(620064988,'MATH1638');
INSERT INTO Users VALUES (620064989,'Harold','Velasquez','HaroldVelasquez@gmail.com','VelasquezHarold');
INSERT INTO Students VALUES (620064989,'UNDERGRAD','01-01-2020');
INSERT INTO Enrolled (u_id,courseCode) VALUES (620064989,'CHEM2066'),(620064989,'BIOC1534'),(620064989,'PHYS1140');
INSERT INTO Users VALUES (620064990,'Dwayne','Gaffney','DwayneGaffney@gmail.com','GaffneyDwayne');
INSERT INTO Students VALUES (620064990,'UNDERGRAD','01-01-2020');
INSERT INTO Enrolled (u_id,courseCode) VALUES (620064990,'BIOC1910'),(620064990,'ECON2703'),(620064990,'BIOC2550'),(620064990,'INFO1145'),(620064990,'INFO2716'),(620064990,'PHYS2306');
INSERT INTO Users VALUES (620064991,'Sarah','Mattingly','SarahMattingly@gmail.com','MattinglySarah');
INSERT INTO Students VALUES (620064991,'UNDERGRAD','01-01-2020');
INSERT INTO Enrolled (u_id,courseCode) VALUES (620064991,'MATH1148'),(620064991,'COMP2361'),(620064991,'CHEM3617'),(620064991,'INFO1447'),(620064991,'COMP3697');
INSERT INTO Users VALUES (620064992,'Dwayne','Garcia','DwayneGarcia@gmail.com','GarciaDwayne');
INSERT INTO Students VALUES (620064992,'UNDERGRAD','01-01-2020');
INSERT INTO Enrolled (u_id,courseCode) VALUES (620064992,'INFO2636'),(620064992,'BIOC1534'),(620064992,'ECON2814'),(620064992,'INFO3935');
INSERT INTO Users VALUES (620064993,'Linda','Pulley','LindaPulley@gmail.com','PulleyLinda');
INSERT INTO Students VALUES (620064993,'UNDERGRAD','01-01-2020');
INSERT INTO Enrolled (u_id,courseCode) VALUES (620064993,'ECON1783'),(620064993,'MATH1148'),(620064993,'BIOC3604'),(620064993,'MATH2550');
INSERT INTO Users VALUES (620064994,'Nancy','Morey','NancyMorey@gmail.com','MoreyNancy');
INSERT INTO Students VALUES (620064994,'UNDERGRAD','01-01-2020');
INSERT INTO Enrolled (u_id,courseCode) VALUES (620064994,'COMP1460'),(620064994,'MATH3857'),(620064994,'BIOC1104'),(620064994,'INFO2337'),(620064994,'ECON3085');
INSERT INTO Users VALUES (620064995,'Tiara','Mcalister','TiaraMcalister@gmail.com','McalisterTiara');
INSERT INTO Students VALUES (620064995,'UNDERGRAD','01-01-2020');
INSERT INTO Enrolled (u_id,courseCode) VALUES (620064995,'BIOC1104'),(620064995,'ECON3063'),(620064995,'MATH2550'),(620064995,'MATH2957');
INSERT INTO Users VALUES (620064996,'Nathan','Hawkins','NathanHawkins@gmail.com','HawkinsNathan');
INSERT INTO Students VALUES (620064996,'UNDERGRAD','01-01-2020');
INSERT INTO Enrolled (u_id,courseCode) VALUES (620064996,'MATH3544'),(620064996,'INFO2716'),(620064996,'MATH3688'),(620064996,'BIOC1744'),(620064996,'BIOC2983'),(620064996,'COMP3639');
INSERT INTO Users VALUES (620064997,'Demetrice','Gondek','DemetriceGondek@gmail.com','GondekDemetrice');
INSERT INTO Students VALUES (620064997,'UNDERGRAD','01-01-2020');
INSERT INTO Enrolled (u_id,courseCode) VALUES (620064997,'INFO3868'),(620064997,'PHYS3354'),(620064997,'INFO2337'),(620064997,'ECON1645');
INSERT INTO Users VALUES (620064998,'Milton','Scarbrough','MiltonScarbrough@gmail.com','ScarbroughMilton');
INSERT INTO Students VALUES (620064998,'UNDERGRAD','01-01-2020');
INSERT INTO Enrolled (u_id,courseCode) VALUES (620064998,'ECON3276'),(620064998,'COMP2080'),(620064998,'PHYS2451');
INSERT INTO Users VALUES (620064999,'Howard','Merna','HowardMerna@gmail.com','MernaHoward');
INSERT INTO Students VALUES (620064999,'UNDERGRAD','01-01-2020');
INSERT INTO Enrolled (u_id,courseCode) VALUES (620064999,'COMP1357'),(620064999,'ECON2722'),(620064999,'MATH1148'),(620064999,'PHYS2563'),(620064999,'ECON1996'),(620064999,'INFO2950');
INSERT INTO Users VALUES (620065000,'Keith','Waugh','KeithWaugh@gmail.com','WaughKeith');
INSERT INTO Students VALUES (620065000,'UNDERGRAD','01-01-2020');
INSERT INTO Enrolled (u_id,courseCode) VALUES (620065000,'BIOC2981'),(620065000,'CHEM2604'),(620065000,'BIOC1439'),(620065000,'PHYS2338'),(620065000,'INFO2270');
INSERT INTO Users VALUES (620065001,'Mildred','Lamar','MildredLamar@gmail.com','LamarMildred');
INSERT INTO Students VALUES (620065001,'UNDERGRAD','01-01-2020');
INSERT INTO Enrolled (u_id,courseCode) VALUES (620065001,'PHYS2117'),(620065001,'ECON3281'),(620065001,'INFO2716'),(620065001,'PHYS2667'),(620065001,'ECON2345'),(620065001,'MATH1648');
INSERT INTO Users VALUES (620065002,'Trina','Laramee','TrinaLaramee@gmail.com','LarameeTrina');
INSERT INTO Students VALUES (620065002,'UNDERGRAD','01-01-2020');
INSERT INTO Enrolled (u_id,courseCode) VALUES (620065002,'ECON1170'),(620065002,'INFO2797'),(620065002,'MATH2501');
INSERT INTO Users VALUES (620065003,'Kathy','Estrada','KathyEstrada@gmail.com','EstradaKathy');
INSERT INTO Students VALUES (620065003,'UNDERGRAD','01-01-2020');
INSERT INTO Enrolled (u_id,courseCode) VALUES (620065003,'BIOC2589'),(620065003,'PHYS3354'),(620065003,'CHEM2604');
INSERT INTO Users VALUES (620065004,'Ashley','Kaupp','AshleyKaupp@gmail.com','KauppAshley');
INSERT INTO Students VALUES (620065004,'UNDERGRAD','01-01-2020');
INSERT INTO Enrolled (u_id,courseCode) VALUES (620065004,'BIOC2589'),(620065004,'MATH2550'),(620065004,'BIOC3341'),(620065004,'CHEM1613'),(620065004,'INFO2559'),(620065004,'MATH1454');
INSERT INTO Users VALUES (620065005,'Evelyn','Moore','EvelynMoore@gmail.com','MooreEvelyn');
INSERT INTO Students VALUES (620065005,'UNDERGRAD','01-01-2020');
INSERT INTO Enrolled (u_id,courseCode) VALUES (620065005,'ECON3737'),(620065005,'ECON1230'),(620065005,'INFO2270');
INSERT INTO Users VALUES (620065006,'Douglas','Prince','DouglasPrince@gmail.com','PrinceDouglas');
INSERT INTO Students VALUES (620065006,'UNDERGRAD','01-01-2020');
INSERT INTO Enrolled (u_id,courseCode) VALUES (620065006,'COMP3418'),(620065006,'INFO1648'),(620065006,'COMP2361'),(620065006,'COMP3173'),(620065006,'INFO2337'),(620065006,'ECON1996');
INSERT INTO Users VALUES (620065007,'Dennis','Steinbach','DennisSteinbach@gmail.com','SteinbachDennis');
INSERT INTO Students VALUES (620065007,'UNDERGRAD','01-01-2020');
INSERT INTO Enrolled (u_id,courseCode) VALUES (620065007,'BIOC2054'),(620065007,'INFO2213'),(620065007,'ECON3989');
INSERT INTO Users VALUES (620065008,'Roberto','Best','RobertoBest@gmail.com','BestRoberto');
INSERT INTO Students VALUES (620065008,'UNDERGRAD','01-01-2020');
INSERT INTO Enrolled (u_id,courseCode) VALUES (620065008,'BIOC1534'),(620065008,'BIOC1485'),(620065008,'CHEM3409'),(620065008,'CHEM2066');
INSERT INTO Users VALUES (620065009,'Betty','Lauritsen','BettyLauritsen@gmail.com','LauritsenBetty');
INSERT INTO Students VALUES (620065009,'UNDERGRAD','01-01-2020');
INSERT INTO Enrolled (u_id,courseCode) VALUES (620065009,'PHYS2238'),(620065009,'MATH1972'),(620065009,'INFO2860');
INSERT INTO Users VALUES (620065010,'Celia','Flowers','CeliaFlowers@gmail.com','FlowersCelia');
INSERT INTO Students VALUES (620065010,'UNDERGRAD','01-01-2020');
INSERT INTO Enrolled (u_id,courseCode) VALUES (620065010,'ECON3288'),(620065010,'MATH3222'),(620065010,'ECON3737'),(620065010,'INFO1145'),(620065010,'CHEM2446'),(620065010,'PHYS1173');
INSERT INTO Users VALUES (620065011,'Derek','Vanwyck','DerekVanwyck@gmail.com','VanwyckDerek');
INSERT INTO Students VALUES (620065011,'UNDERGRAD','01-01-2020');
INSERT INTO Enrolled (u_id,courseCode) VALUES (620065011,'PHYS2977'),(620065011,'INFO2521'),(620065011,'BIOC2981'),(620065011,'ECON2814'),(620065011,'INFO2797');
INSERT INTO Users VALUES (620065012,'Howard','White','HowardWhite@gmail.com','WhiteHoward');
INSERT INTO Students VALUES (620065012,'UNDERGRAD','01-01-2020');
INSERT INTO Enrolled (u_id,courseCode) VALUES (620065012,'MATH1262'),(620065012,'CHEM3747'),(620065012,'MATH1638'),(620065012,'COMP3697'),(620065012,'BIOC1439');
INSERT INTO Users VALUES (620065013,'Antwan','Swan','AntwanSwan@gmail.com','SwanAntwan');
INSERT INTO Students VALUES (620065013,'UNDERGRAD','01-01-2020');
INSERT INTO Enrolled (u_id,courseCode) VALUES (620065013,'INFO3419'),(620065013,'PHYS1173'),(620065013,'BIOC2236'),(620065013,'MATH2873'),(620065013,'MATH3209');
INSERT INTO Users VALUES (620065014,'Peggy','Gillis','PeggyGillis@gmail.com','GillisPeggy');
INSERT INTO Students VALUES (620065014,'UNDERGRAD','01-01-2020');
INSERT INTO Enrolled (u_id,courseCode) VALUES (620065014,'BIOC1986'),(620065014,'ECON3281'),(620065014,'PHYS1930'),(620065014,'CHEM2867'),(620065014,'MATH3222');
INSERT INTO Users VALUES (620065015,'Vanessa','Halford','VanessaHalford@gmail.com','HalfordVanessa');
INSERT INTO Students VALUES (620065015,'UNDERGRAD','01-01-2020');
INSERT INTO Enrolled (u_id,courseCode) VALUES (620065015,'INFO1648'),(620065015,'PHYS3729'),(620065015,'INFO2636'),(620065015,'ECON3372'),(620065015,'PHYS2113');
INSERT INTO Users VALUES (620065016,'Sam','Sultzer','SamSultzer@gmail.com','SultzerSam');
INSERT INTO Students VALUES (620065016,'UNDERGRAD','01-01-2020');
INSERT INTO Enrolled (u_id,courseCode) VALUES (620065016,'PHYS3339'),(620065016,'CHEM2220'),(620065016,'BIOC1986');
INSERT INTO Users VALUES (620065017,'Krista','Porter','KristaPorter@gmail.com','PorterKrista');
INSERT INTO Students VALUES (620065017,'UNDERGRAD','01-01-2020');
INSERT INTO Enrolled (u_id,courseCode) VALUES (620065017,'CHEM2177'),(620065017,'COMP3506'),(620065017,'COMP2541'),(620065017,'BIOC3721'),(620065017,'MATH1638'),(620065017,'ECON3228');
INSERT INTO Users VALUES (620065018,'Joan','Winner','JoanWinner@gmail.com','WinnerJoan');
INSERT INTO Students VALUES (620065018,'UNDERGRAD','01-01-2020');
INSERT INTO Enrolled (u_id,courseCode) VALUES (620065018,'BIOC3230'),(620065018,'ECON3228'),(620065018,'MATH3688'),(620065018,'BIOC1910'),(620065018,'INFO3603'),(620065018,'ECON1458');
INSERT INTO Users VALUES (620065019,'Rodney','Petersen','RodneyPetersen@gmail.com','PetersenRodney');
INSERT INTO Students VALUES (620065019,'UNDERGRAD','01-01-2020');
INSERT INTO Enrolled (u_id,courseCode) VALUES (620065019,'BIOC2236'),(620065019,'COMP1357'),(620065019,'INFO2337'),(620065019,'ECON3020');
INSERT INTO Users VALUES (620065020,'Tia','Saunders','TiaSaunders@gmail.com','SaundersTia');
INSERT INTO Students VALUES (620065020,'UNDERGRAD','01-01-2020');
INSERT INTO Enrolled (u_id,courseCode) VALUES (620065020,'CHEM2727'),(620065020,'INFO2270'),(620065020,'CHEM2697'),(620065020,'CHEM2066');
INSERT INTO Users VALUES (620065021,'Gary','Garrett','GaryGarrett@gmail.com','GarrettGary');
INSERT INTO Students VALUES (620065021,'UNDERGRAD','01-01-2020');
INSERT INTO Enrolled (u_id,courseCode) VALUES (620065021,'BIOC1104'),(620065021,'ECON1645'),(620065021,'PHYS1173'),(620065021,'PHYS3354'),(620065021,'INFO2811'),(620065021,'CHEM3054');
INSERT INTO Users VALUES (620065022,'Miguel','Joaquin','MiguelJoaquin@gmail.com','JoaquinMiguel');
INSERT INTO Students VALUES (620065022,'UNDERGRAD','01-01-2020');
INSERT INTO Enrolled (u_id,courseCode) VALUES (620065022,'CHEM2220'),(620065022,'BIOC2054'),(620065022,'MATH1250'),(620065022,'ECON1230'),(620065022,'MATH3844');
INSERT INTO Users VALUES (620065023,'Edna','Dumas','EdnaDumas@gmail.com','DumasEdna');
INSERT INTO Students VALUES (620065023,'UNDERGRAD','01-01-2020');
INSERT INTO Enrolled (u_id,courseCode) VALUES (620065023,'INFO1825'),(620065023,'MATH1262'),(620065023,'PHYS2977'),(620065023,'COMP1460'),(620065023,'INFO1648'),(620065023,'CHEM2066');
INSERT INTO Users VALUES (620065024,'Cherise','Alexander','CheriseAlexander@gmail.com','AlexanderCherise');
INSERT INTO Students VALUES (620065024,'UNDERGRAD','01-01-2020');
INSERT INTO Enrolled (u_id,courseCode) VALUES (620065024,'COMP1867'),(620065024,'PHYS3464'),(620065024,'MATH3544'),(620065024,'PHYS3354');
INSERT INTO Users VALUES (620065025,'Ernesto','Russ','ErnestoRuss@gmail.com','RussErnesto');
INSERT INTO Students VALUES (620065025,'UNDERGRAD','01-01-2020');
INSERT INTO Enrolled (u_id,courseCode) VALUES (620065025,'MATH2957'),(620065025,'BIOC1052'),(620065025,'BIOC1794'),(620065025,'CHEM2220');
INSERT INTO Users VALUES (620065026,'Stephanie','Garcia','StephanieGarcia@gmail.com','GarciaStephanie');
INSERT INTO Students VALUES (620065026,'UNDERGRAD','01-01-2020');
INSERT INTO Enrolled (u_id,courseCode) VALUES (620065026,'MATH2188'),(620065026,'PHYS2667'),(620065026,'ECON3288'),(620065026,'CHEM2604'),(620065026,'MATH3688'),(620065026,'PHYS1930');
INSERT INTO Users VALUES (620065027,'Tia','Boyer','TiaBoyer@gmail.com','BoyerTia');
INSERT INTO Students VALUES (620065027,'UNDERGRAD','01-01-2020');
INSERT INTO Enrolled (u_id,courseCode) VALUES (620065027,'INFO2636'),(620065027,'BIOC1164'),(620065027,'CHEM2177'),(620065027,'INFO2337'),(620065027,'INFO2860'),(620065027,'BIOC1794');
INSERT INTO Users VALUES (620065028,'Donald','Sandlin','DonaldSandlin@gmail.com','SandlinDonald');
INSERT INTO Students VALUES (620065028,'UNDERGRAD','01-01-2020');
INSERT INTO Enrolled (u_id,courseCode) VALUES (620065028,'PHYS1979'),(620065028,'PHYS3339'),(620065028,'ECON3004');
INSERT INTO Users VALUES (620065029,'Sara','Burch','SaraBurch@gmail.com','BurchSara');
INSERT INTO Students VALUES (620065029,'UNDERGRAD','01-01-2020');
INSERT INTO Enrolled (u_id,courseCode) VALUES (620065029,'ECON1170'),(620065029,'ECON3989'),(620065029,'MATH1262'),(620065029,'PHYS3876'),(620065029,'COMP3167'),(620065029,'BIOC1986');
INSERT INTO Users VALUES (620065030,'Tanya','Miles','TanyaMiles@gmail.com','MilesTanya');
INSERT INTO Students VALUES (620065030,'UNDERGRAD','01-01-2020');
INSERT INTO Enrolled (u_id,courseCode) VALUES (620065030,'ECON1012'),(620065030,'BIOC1104'),(620065030,'BIOC1485'),(620065030,'MATH2550'),(620065030,'ECON3281');
INSERT INTO Users VALUES (620065031,'Dorothy','Hunter','DorothyHunter@gmail.com','HunterDorothy');
INSERT INTO Students VALUES (620065031,'UNDERGRAD','01-01-2020');
INSERT INTO Enrolled (u_id,courseCode) VALUES (620065031,'BIOC2550'),(620065031,'ECON3020'),(620065031,'MATH3179'),(620065031,'PHYS3339'),(620065031,'INFO2559');
INSERT INTO Users VALUES (620065032,'Gina','Withrow','GinaWithrow@gmail.com','WithrowGina');
INSERT INTO Students VALUES (620065032,'UNDERGRAD','01-01-2020');
INSERT INTO Enrolled (u_id,courseCode) VALUES (620065032,'ECON1996'),(620065032,'INFO1242'),(620065032,'CHEM3614'),(620065032,'MATH2801'),(620065032,'ECON3737'),(620065032,'BIOC1744');
INSERT INTO Users VALUES (620065033,'Nathan','Baptiste','NathanBaptiste@gmail.com','BaptisteNathan');
INSERT INTO Students VALUES (620065033,'UNDERGRAD','01-01-2020');
INSERT INTO Enrolled (u_id,courseCode) VALUES (620065033,'PHYS1993'),(620065033,'MATH3173'),(620065033,'BIOC2671'),(620065033,'CHEM2220');
INSERT INTO Users VALUES (620065034,'Dale','Caudill','DaleCaudill@gmail.com','CaudillDale');
INSERT INTO Students VALUES (620065034,'UNDERGRAD','01-01-2020');
INSERT INTO Enrolled (u_id,courseCode) VALUES (620065034,'COMP2965'),(620065034,'BIOC2589'),(620065034,'PHYS2338'),(620065034,'INFO2813'),(620065034,'COMP2077');
INSERT INTO Users VALUES (620065035,'Andrew','Shields','AndrewShields@gmail.com','ShieldsAndrew');
INSERT INTO Students VALUES (620065035,'UNDERGRAD','01-01-2020');
INSERT INTO Enrolled (u_id,courseCode) VALUES (620065035,'BIOC2981'),(620065035,'COMP3167'),(620065035,'COMP2361'),(620065035,'MATH1250');
INSERT INTO Users VALUES (620065036,'Chris','Hudson','ChrisHudson@gmail.com','HudsonChris');
INSERT INTO Students VALUES (620065036,'UNDERGRAD','01-01-2020');
INSERT INTO Enrolled (u_id,courseCode) VALUES (620065036,'INFO2950'),(620065036,'INFO2813'),(620065036,'ECON3020'),(620065036,'PHYS2451'),(620065036,'MATH3059'),(620065036,'INFO1990');
INSERT INTO Users VALUES (620065037,'Brenda','Griffitts','BrendaGriffitts@gmail.com','GriffittsBrenda');
INSERT INTO Students VALUES (620065037,'UNDERGRAD','01-01-2020');
INSERT INTO Enrolled (u_id,courseCode) VALUES (620065037,'CHEM2797'),(620065037,'BIOC1725'),(620065037,'CHEM1613'),(620065037,'PHYS3290'),(620065037,'COMP3047'),(620065037,'BIOC1534');
INSERT INTO Users VALUES (620065038,'Reggie','Swan','ReggieSwan@gmail.com','SwanReggie');
INSERT INTO Students VALUES (620065038,'UNDERGRAD','01-01-2020');
INSERT INTO Enrolled (u_id,courseCode) VALUES (620065038,'INFO2147'),(620065038,'BIOC1485'),(620065038,'MATH1148'),(620065038,'ECON2345'),(620065038,'INFO3935'),(620065038,'MATH1972');
INSERT INTO Users VALUES (620065039,'Tiara','Porter','TiaraPorter@gmail.com','PorterTiara');
INSERT INTO Students VALUES (620065039,'UNDERGRAD','01-01-2020');
INSERT INTO Enrolled (u_id,courseCode) VALUES (620065039,'PHYS3787'),(620065039,'COMP2077'),(620065039,'PHYS3686'),(620065039,'COMP2080');
INSERT INTO Users VALUES (620065040,'Tim','Williamson','TimWilliamson@gmail.com','WilliamsonTim');
INSERT INTO Students VALUES (620065040,'UNDERGRAD','01-01-2020');
INSERT INTO Enrolled (u_id,courseCode) VALUES (620065040,'COMP1543'),(620065040,'MATH3844'),(620065040,'INFO2147');
INSERT INTO Users VALUES (620065041,'Esmeralda','Jefferson','EsmeraldaJefferson@gmail.com','JeffersonEsmeralda');
INSERT INTO Students VALUES (620065041,'UNDERGRAD','01-01-2020');
INSERT INTO Enrolled (u_id,courseCode) VALUES (620065041,'ECON3020'),(620065041,'PHYS2448'),(620065041,'ECON1498'),(620065041,'CHEM2065'),(620065041,'MATH1972');
INSERT INTO Users VALUES (620065042,'Jesus','Pearson','JesusPearson@gmail.com','PearsonJesus');
INSERT INTO Students VALUES (620065042,'UNDERGRAD','01-01-2020');
INSERT INTO Enrolled (u_id,courseCode) VALUES (620065042,'PHYS2238'),(620065042,'COMP3849'),(620065042,'PHYS3686'),(620065042,'ECON1098');
INSERT INTO Users VALUES (620065043,'Dennis','Vargas','DennisVargas@gmail.com','VargasDennis');
INSERT INTO Students VALUES (620065043,'UNDERGRAD','01-01-2020');
INSERT INTO Enrolled (u_id,courseCode) VALUES (620065043,'MATH2801'),(620065043,'ECON1589'),(620065043,'MATH1262');
INSERT INTO Users VALUES (620065044,'Alvin','Meisner','AlvinMeisner@gmail.com','MeisnerAlvin');
INSERT INTO Students VALUES (620065044,'UNDERGRAD','01-01-2020');
INSERT INTO Enrolled (u_id,courseCode) VALUES (620065044,'COMP3536'),(620065044,'COMP3173'),(620065044,'MATH2873'),(620065044,'INFO3419'),(620065044,'CHEM2481');
INSERT INTO Users VALUES (620065045,'James','Bras','JamesBras@gmail.com','BrasJames');
INSERT INTO Students VALUES (620065045,'UNDERGRAD','01-01-2020');
INSERT INTO Enrolled (u_id,courseCode) VALUES (620065045,'BIOC1986'),(620065045,'INFO1242'),(620065045,'MATH1578');
INSERT INTO Users VALUES (620065046,'Nicole','Flemming','NicoleFlemming@gmail.com','FlemmingNicole');
INSERT INTO Students VALUES (620065046,'UNDERGRAD','01-01-2020');
INSERT INTO Enrolled (u_id,courseCode) VALUES (620065046,'MATH1578'),(620065046,'COMP3639'),(620065046,'CHEM1494');
INSERT INTO Users VALUES (620065047,'Carrie','Porter','CarriePorter@gmail.com','PorterCarrie');
INSERT INTO Students VALUES (620065047,'UNDERGRAD','01-01-2020');
INSERT INTO Enrolled (u_id,courseCode) VALUES (620065047,'CHEM1807'),(620065047,'INFO1242'),(620065047,'ECON3063'),(620065047,'COMP1573');
INSERT INTO Users VALUES (620065048,'Kimberly','Oswalt','KimberlyOswalt@gmail.com','OswaltKimberly');
INSERT INTO Students VALUES (620065048,'UNDERGRAD','01-01-2020');
INSERT INTO Enrolled (u_id,courseCode) VALUES (620065048,'COMP3506'),(620065048,'COMP2080'),(620065048,'ECON1561'),(620065048,'MATH2501'),(620065048,'BIOC3457'),(620065048,'CHEM3327');
INSERT INTO Users VALUES (620065049,'Jonathan','Lowrey','JonathanLowrey@gmail.com','LowreyJonathan');
INSERT INTO Students VALUES (620065049,'UNDERGRAD','01-01-2020');
INSERT INTO Enrolled (u_id,courseCode) VALUES (620065049,'ECON2387'),(620065049,'MATH2188'),(620065049,'CHEM3054'),(620065049,'PHYS3729'),(620065049,'ECON3311'),(620065049,'ECON1783');
INSERT INTO Users VALUES (620065050,'Lilla','Brown','LillaBrown@gmail.com','BrownLilla');
INSERT INTO Students VALUES (620065050,'UNDERGRAD','01-01-2020');
INSERT INTO Enrolled (u_id,courseCode) VALUES (620065050,'PHYS3464'),(620065050,'MATH3688'),(620065050,'ECON3447');
INSERT INTO Users VALUES (620065051,'Adelle','Sandlin','AdelleSandlin@gmail.com','SandlinAdelle');
INSERT INTO Students VALUES (620065051,'UNDERGRAD','01-01-2020');
INSERT INTO Enrolled (u_id,courseCode) VALUES (620065051,'INFO1648'),(620065051,'ECON3085'),(620065051,'BIOC1534'),(620065051,'ECON1458');
INSERT INTO Users VALUES (620065052,'Casey','Waugh','CaseyWaugh@gmail.com','WaughCasey');
INSERT INTO Students VALUES (620065052,'UNDERGRAD','01-01-2020');
INSERT INTO Enrolled (u_id,courseCode) VALUES (620065052,'PHYS3659'),(620065052,'CHEM3409'),(620065052,'MATH2957'),(620065052,'COMP1867');
INSERT INTO Users VALUES (620065053,'Aaron','Velasquez','AaronVelasquez@gmail.com','VelasquezAaron');
INSERT INTO Students VALUES (620065053,'UNDERGRAD','01-01-2020');
INSERT INTO Enrolled (u_id,courseCode) VALUES (620065053,'PHYS2306'),(620065053,'CHEM3347'),(620065053,'BIOC1534'),(620065053,'MATH1735');
INSERT INTO Users VALUES (620065054,'Lisa','Deen','LisaDeen@gmail.com','DeenLisa');
INSERT INTO Students VALUES (620065054,'UNDERGRAD','01-01-2020');
INSERT INTO Enrolled (u_id,courseCode) VALUES (620065054,'CHEM3409'),(620065054,'CHEM2604'),(620065054,'INFO2147'),(620065054,'MATH1309'),(620065054,'BIOC2550'),(620065054,'ECON1170');
INSERT INTO Users VALUES (620065055,'Kathy','Ryan','KathyRyan@gmail.com','RyanKathy');
INSERT INTO Students VALUES (620065055,'UNDERGRAD','01-01-2020');
INSERT INTO Enrolled (u_id,courseCode) VALUES (620065055,'BIOC1725'),(620065055,'BIOC2981'),(620065055,'INFO3935'),(620065055,'PHYS3290'),(620065055,'PHYS1993'),(620065055,'MATH3688');
INSERT INTO Users VALUES (620065056,'Larry','Eaton','LarryEaton@gmail.com','EatonLarry');
INSERT INTO Students VALUES (620065056,'UNDERGRAD','01-01-2020');
INSERT INTO Enrolled (u_id,courseCode) VALUES (620065056,'ECON3276'),(620065056,'PHYS2563'),(620065056,'INFO1990'),(620065056,'MATH2555');
INSERT INTO Users VALUES (620065057,'Geoffrey','Miller','GeoffreyMiller@gmail.com','MillerGeoffrey');
INSERT INTO Students VALUES (620065057,'UNDERGRAD','01-01-2020');
INSERT INTO Enrolled (u_id,courseCode) VALUES (620065057,'ECON1458'),(620065057,'COMP1867'),(620065057,'BIOC1986'),(620065057,'ECON3020'),(620065057,'ECON3311');
INSERT INTO Users VALUES (620065058,'Warren','Jensen','WarrenJensen@gmail.com','JensenWarren');
INSERT INTO Students VALUES (620065058,'UNDERGRAD','01-01-2020');
INSERT INTO Enrolled (u_id,courseCode) VALUES (620065058,'PHYS2229'),(620065058,'BIOC2236'),(620065058,'PHYS2977'),(620065058,'INFO2811');
INSERT INTO Users VALUES (620065059,'Bethany','Cummins','BethanyCummins@gmail.com','CumminsBethany');
INSERT INTO Students VALUES (620065059,'UNDERGRAD','01-01-2020');
INSERT INTO Enrolled (u_id,courseCode) VALUES (620065059,'INFO1825'),(620065059,'ECON1098'),(620065059,'ECON1561'),(620065059,'PHYS2238');
INSERT INTO Users VALUES (620065060,'Jonathan','Crawford','JonathanCrawford@gmail.com','CrawfordJonathan');
INSERT INTO Students VALUES (620065060,'UNDERGRAD','01-01-2020');
INSERT INTO Enrolled (u_id,courseCode) VALUES (620065060,'MATH2188'),(620065060,'BIOC2236'),(620065060,'ECON1012'),(620065060,'PHYS3290'),(620065060,'ECON3288'),(620065060,'ECON3989');
INSERT INTO Users VALUES (620065061,'Melanie','Collins','MelanieCollins@gmail.com','CollinsMelanie');
INSERT INTO Students VALUES (620065061,'UNDERGRAD','01-01-2020');
INSERT INTO Enrolled (u_id,courseCode) VALUES (620065061,'COMP2965'),(620065061,'INFO2270'),(620065061,'MATH1250');
INSERT INTO Users VALUES (620065062,'Julius','Halford','JuliusHalford@gmail.com','HalfordJulius');
INSERT INTO Students VALUES (620065062,'UNDERGRAD','01-01-2020');
INSERT INTO Enrolled (u_id,courseCode) VALUES (620065062,'MATH2873'),(620065062,'COMP2541'),(620065062,'INFO2811'),(620065062,'COMP3849'),(620065062,'CHEM2867');
INSERT INTO Users VALUES (620065063,'Sean','Wright','SeanWright@gmail.com','WrightSean');
INSERT INTO Students VALUES (620065063,'UNDERGRAD','01-01-2020');
INSERT INTO Enrolled (u_id,courseCode) VALUES (620065063,'ECON1230'),(620065063,'ECON1561'),(620065063,'PHYS2238'),(620065063,'ECON3989'),(620065063,'INFO2521'),(620065063,'ECON1170');
INSERT INTO Users VALUES (620065064,'Larry','Vargas','LarryVargas@gmail.com','VargasLarry');
INSERT INTO Students VALUES (620065064,'UNDERGRAD','01-01-2020');
INSERT INTO Enrolled (u_id,courseCode) VALUES (620065064,'COMP2077'),(620065064,'COMP1460'),(620065064,'BIOC2054');
INSERT INTO Users VALUES (620065065,'Eugene','Rodriguez','EugeneRodriguez@gmail.com','RodriguezEugene');
INSERT INTO Students VALUES (620065065,'UNDERGRAD','01-01-2020');
INSERT INTO Enrolled (u_id,courseCode) VALUES (620065065,'CHEM3793'),(620065065,'COMP1573'),(620065065,'ECON3085');
INSERT INTO Users VALUES (620065066,'Kimberly','Mertens','KimberlyMertens@gmail.com','MertensKimberly');
INSERT INTO Students VALUES (620065066,'UNDERGRAD','01-01-2020');
INSERT INTO Enrolled (u_id,courseCode) VALUES (620065066,'MATH3059'),(620065066,'INFO3645'),(620065066,'COMP2080'),(620065066,'CHEM3793');
INSERT INTO Users VALUES (620065067,'Ashleigh','King','AshleighKing@gmail.com','KingAshleigh');
INSERT INTO Students VALUES (620065067,'UNDERGRAD','01-01-2020');
INSERT INTO Enrolled (u_id,courseCode) VALUES (620065067,'CHEM2220'),(620065067,'ECON3063'),(620065067,'INFO2811'),(620065067,'PHYS2117'),(620065067,'CHEM2867');
INSERT INTO Users VALUES (620065068,'Sandra','Washinski','SandraWashinski@gmail.com','WashinskiSandra');
INSERT INTO Students VALUES (620065068,'UNDERGRAD','01-01-2020');
INSERT INTO Enrolled (u_id,courseCode) VALUES (620065068,'MATH3173'),(620065068,'COMP3536'),(620065068,'INFO2860');
INSERT INTO Users VALUES (620065069,'Diane','Saunders','DianeSaunders@gmail.com','SaundersDiane');
INSERT INTO Students VALUES (620065069,'UNDERGRAD','01-01-2020');
INSERT INTO Enrolled (u_id,courseCode) VALUES (620065069,'BIOC1794'),(620065069,'ECON3281'),(620065069,'CHEM2697'),(620065069,'COMP2077'),(620065069,'COMP3639');
INSERT INTO Users VALUES (620065070,'Roger','Tallent','RogerTallent@gmail.com','TallentRoger');
INSERT INTO Students VALUES (620065070,'UNDERGRAD','01-01-2020');
INSERT INTO Enrolled (u_id,courseCode) VALUES (620065070,'ECON3288'),(620065070,'CHEM3793'),(620065070,'INFO3935'),(620065070,'COMP2080');
INSERT INTO Users VALUES (620065071,'Philip','Gray','PhilipGray@gmail.com','GrayPhilip');
INSERT INTO Students VALUES (620065071,'UNDERGRAD','01-01-2020');
INSERT INTO Enrolled (u_id,courseCode) VALUES (620065071,'MATH3222'),(620065071,'MATH3857'),(620065071,'BIOC1598'),(620065071,'COMP3746');
INSERT INTO Users VALUES (620065072,'Jason','Rice','JasonRice@gmail.com','RiceJason');
INSERT INTO Students VALUES (620065072,'UNDERGRAD','01-01-2020');
INSERT INTO Enrolled (u_id,courseCode) VALUES (620065072,'INFO3645'),(620065072,'ECON2345'),(620065072,'INFO1288'),(620065072,'PHYS2113'),(620065072,'PHYS3659'),(620065072,'BIOC3230');
INSERT INTO Users VALUES (620065073,'Jeffrey','Cardona','JeffreyCardona@gmail.com','CardonaJeffrey');
INSERT INTO Students VALUES (620065073,'UNDERGRAD','01-01-2020');
INSERT INTO Enrolled (u_id,courseCode) VALUES (620065073,'COMP3238'),(620065073,'BIOC2054'),(620065073,'MATH1250');
INSERT INTO Users VALUES (620065074,'Nina','Truong','NinaTruong@gmail.com','TruongNina');
INSERT INTO Students VALUES (620065074,'UNDERGRAD','01-01-2020');
INSERT INTO Enrolled (u_id,courseCode) VALUES (620065074,'BIOC3230'),(620065074,'CHEM2065'),(620065074,'MATH2801'),(620065074,'PHYS3729'),(620065074,'PHYS1979');
INSERT INTO Users VALUES (620065075,'Earl','Hayes','EarlHayes@gmail.com','HayesEarl');
INSERT INTO Students VALUES (620065075,'UNDERGRAD','01-01-2020');
INSERT INTO Enrolled (u_id,courseCode) VALUES (620065075,'ECON1996'),(620065075,'PHYS2451'),(620065075,'CHEM3617'),(620065075,'INFO1145'),(620065075,'BIOC1794'),(620065075,'INFO3636');
INSERT INTO Users VALUES (620065076,'Demetrice','Calloway','DemetriceCalloway@gmail.com','CallowayDemetrice');
INSERT INTO Students VALUES (620065076,'UNDERGRAD','01-01-2020');
INSERT INTO Enrolled (u_id,courseCode) VALUES (620065076,'BIOC1534'),(620065076,'ECON3020'),(620065076,'MATH1648');
INSERT INTO Users VALUES (620065077,'Ruth','Pedersen','RuthPedersen@gmail.com','PedersenRuth');
INSERT INTO Students VALUES (620065077,'UNDERGRAD','01-01-2020');
INSERT INTO Enrolled (u_id,courseCode) VALUES (620065077,'ECON3063'),(620065077,'MATH2717'),(620065077,'PHYS3290'),(620065077,'BIOC1104');
INSERT INTO Users VALUES (620065078,'Maria','Calvert','MariaCalvert@gmail.com','CalvertMaria');
INSERT INTO Students VALUES (620065078,'UNDERGRAD','01-01-2020');
INSERT INTO Enrolled (u_id,courseCode) VALUES (620065078,'ECON3085'),(620065078,'PHYS2306'),(620065078,'CHEM2005'),(620065078,'MATH2957');
INSERT INTO Users VALUES (620065079,'Ben','Mcneill','BenMcneill@gmail.com','McneillBen');
INSERT INTO Students VALUES (620065079,'UNDERGRAD','01-01-2020');
INSERT INTO Enrolled (u_id,courseCode) VALUES (620065079,'BIOC2981'),(620065079,'ECON2814'),(620065079,'INFO1825');
INSERT INTO Users VALUES (620065080,'Orlando','Tallent','OrlandoTallent@gmail.com','TallentOrlando');
INSERT INTO Students VALUES (620065080,'UNDERGRAD','01-01-2020');
INSERT INTO Enrolled (u_id,courseCode) VALUES (620065080,'INFO2270'),(620065080,'INFO2147'),(620065080,'ECON3737'),(620065080,'COMP1543'),(620065080,'INFO1990');
INSERT INTO Users VALUES (620065081,'Josh','Daniels','JoshDaniels@gmail.com','DanielsJosh');
INSERT INTO Students VALUES (620065081,'UNDERGRAD','01-01-2020');
INSERT INTO Enrolled (u_id,courseCode) VALUES (620065081,'INFO1242'),(620065081,'CHEM2149'),(620065081,'INFO1288');
INSERT INTO Users VALUES (620065082,'Francis','Lindstrom','FrancisLindstrom@gmail.com','LindstromFrancis');
INSERT INTO Students VALUES (620065082,'UNDERGRAD','01-01-2020');
INSERT INTO Enrolled (u_id,courseCode) VALUES (620065082,'COMP1867'),(620065082,'INFO2950'),(620065082,'COMP3639'),(620065082,'BIOC2589');
INSERT INTO Users VALUES (620065083,'Tiara','Noonan','TiaraNoonan@gmail.com','NoonanTiara');
INSERT INTO Students VALUES (620065083,'UNDERGRAD','01-01-2020');
INSERT INTO Enrolled (u_id,courseCode) VALUES (620065083,'CHEM3614'),(620065083,'PHYS1993'),(620065083,'INFO2521');
INSERT INTO Users VALUES (620065084,'Gloria','Coleman','GloriaColeman@gmail.com','ColemanGloria');
INSERT INTO Students VALUES (620065084,'UNDERGRAD','01-01-2020');
INSERT INTO Enrolled (u_id,courseCode) VALUES (620065084,'CHEM2031'),(620065084,'CHEM2005'),(620065084,'CHEM2604'),(620065084,'COMP1184'),(620065084,'INFO2270'),(620065084,'MATH2188');
INSERT INTO Users VALUES (620065085,'Sean','Boyer','SeanBoyer@gmail.com','BoyerSean');
INSERT INTO Students VALUES (620065085,'UNDERGRAD','01-01-2020');
INSERT INTO Enrolled (u_id,courseCode) VALUES (620065085,'PHYS3876'),(620065085,'PHYS3787'),(620065085,'COMP2361'),(620065085,'ECON1561');
INSERT INTO Users VALUES (620065086,'Miss','Danker','MissDanker@gmail.com','DankerMiss');
INSERT INTO Students VALUES (620065086,'UNDERGRAD','01-01-2020');
INSERT INTO Enrolled (u_id,courseCode) VALUES (620065086,'MATH2957'),(620065086,'MATH2550'),(620065086,'ECON1589'),(620065086,'ECON3228'),(620065086,'INFO2797'),(620065086,'MATH2501');
INSERT INTO Users VALUES (620065087,'Eugene','Early','EugeneEarly@gmail.com','EarlyEugene');
INSERT INTO Students VALUES (620065087,'UNDERGRAD','01-01-2020');
INSERT INTO Enrolled (u_id,courseCode) VALUES (620065087,'INFO2950'),(620065087,'COMP3167'),(620065087,'ECON1170'),(620065087,'BIOC1485');
INSERT INTO Users VALUES (620065088,'Flora','Stovall','FloraStovall@gmail.com','StovallFlora');
INSERT INTO Students VALUES (620065088,'UNDERGRAD','01-01-2020');
INSERT INTO Enrolled (u_id,courseCode) VALUES (620065088,'ECON3020'),(620065088,'COMP3173'),(620065088,'COMP3697'),(620065088,'BIOC3457'),(620065088,'BIOC1725');
INSERT INTO Users VALUES (620065089,'Alice','Hanks','AliceHanks@gmail.com','HanksAlice');
INSERT INTO Students VALUES (620065089,'UNDERGRAD','01-01-2020');
INSERT INTO Enrolled (u_id,courseCode) VALUES (620065089,'COMP3849'),(620065089,'MATH3209'),(620065089,'ECON1589');
INSERT INTO Users VALUES (620065090,'Tia','Lowrey','TiaLowrey@gmail.com','LowreyTia');
INSERT INTO Students VALUES (620065090,'UNDERGRAD','01-01-2020');
INSERT INTO Enrolled (u_id,courseCode) VALUES (620065090,'ECON1012'),(620065090,'PHYS3876'),(620065090,'BIOC1439');
INSERT INTO Users VALUES (620065091,'Kelly','Coleman','KellyColeman@gmail.com','ColemanKelly');
INSERT INTO Students VALUES (620065091,'UNDERGRAD','01-01-2020');
INSERT INTO Enrolled (u_id,courseCode) VALUES (620065091,'MATH1578'),(620065091,'INFO3935'),(620065091,'CHEM1340');
INSERT INTO Users VALUES (620065092,'Lori','Briggs','LoriBriggs@gmail.com','BriggsLori');
INSERT INTO Students VALUES (620065092,'UNDERGRAD','01-01-2020');
INSERT INTO Enrolled (u_id,courseCode) VALUES (620065092,'BIOC2671'),(620065092,'CHEM2177'),(620065092,'COMP2361'),(620065092,'CHEM3793'),(620065092,'ECON1589'),(620065092,'ECON3447');
INSERT INTO Users VALUES (620065093,'Toby','Oswalt','TobyOswalt@gmail.com','OswaltToby');
INSERT INTO Students VALUES (620065093,'UNDERGRAD','01-01-2020');
INSERT INTO Enrolled (u_id,courseCode) VALUES (620065093,'BIOC1534'),(620065093,'CHEM3747'),(620065093,'BIOC3457');
INSERT INTO Users VALUES (620065094,'Joseph','Wood','JosephWood@gmail.com','WoodJoseph');
INSERT INTO Students VALUES (620065094,'UNDERGRAD','01-01-2020');
INSERT INTO Enrolled (u_id,courseCode) VALUES (620065094,'INFO2860'),(620065094,'ECON3288'),(620065094,'BIOC2981');
INSERT INTO Users VALUES (620065095,'Anderson','Granado','AndersonGranado@gmail.com','GranadoAnderson');
INSERT INTO Students VALUES (620065095,'UNDERGRAD','01-01-2020');
INSERT INTO Enrolled (u_id,courseCode) VALUES (620065095,'MATH1309'),(620065095,'PHYS2229'),(620065095,'ECON1561'),(620065095,'ECON3550');
INSERT INTO Users VALUES (620065096,'Tia','Carrington','TiaCarrington@gmail.com','CarringtonTia');
INSERT INTO Students VALUES (620065096,'UNDERGRAD','01-01-2020');
INSERT INTO Enrolled (u_id,courseCode) VALUES (620065096,'MATH1735'),(620065096,'BIOC1986'),(620065096,'ECON3020'),(620065096,'ECON1230'),(620065096,'COMP3536'),(620065096,'INFO2147');
INSERT INTO Users VALUES (620065097,'Dwayne','Coleman','DwayneColeman@gmail.com','ColemanDwayne');
INSERT INTO Students VALUES (620065097,'UNDERGRAD','01-01-2020');
INSERT INTO Enrolled (u_id,courseCode) VALUES (620065097,'MATH3059'),(620065097,'INFO2213'),(620065097,'MATH2555');
INSERT INTO Users VALUES (620065098,'Roy','Alvarez','RoyAlvarez@gmail.com','AlvarezRoy');
INSERT INTO Students VALUES (620065098,'UNDERGRAD','01-01-2020');
INSERT INTO Enrolled (u_id,courseCode) VALUES (620065098,'ECON3004'),(620065098,'CHEM2867'),(620065098,'PHYS2117'),(620065098,'COMP3418'),(620065098,'INFO3868'),(620065098,'CHEM2797');
INSERT INTO Users VALUES (620065099,'Juanita','Briggs','JuanitaBriggs@gmail.com','BriggsJuanita');
INSERT INTO Students VALUES (620065099,'UNDERGRAD','01-01-2020');
INSERT INTO Enrolled (u_id,courseCode) VALUES (620065099,'COMP2361'),(620065099,'MATH2717'),(620065099,'PHYS1173'),(620065099,'MATH1648'),(620065099,'MATH3029'),(620065099,'ECON1996');
INSERT INTO Users VALUES (620065100,'Kenneth','Garcia','KennethGarcia@gmail.com','GarciaKenneth');
INSERT INTO Students VALUES (620065100,'UNDERGRAD','01-01-2020');
INSERT INTO Enrolled (u_id,courseCode) VALUES (620065100,'CHEM2797'),(620065100,'INFO2559'),(620065100,'PHYS1140');
INSERT INTO Users VALUES (620065101,'Vivian','Stallings','VivianStallings@gmail.com','StallingsVivian');
INSERT INTO Students VALUES (620065101,'UNDERGRAD','01-01-2020');
INSERT INTO Enrolled (u_id,courseCode) VALUES (620065101,'BIOC1986'),(620065101,'ECON1561'),(620065101,'BIOC1104'),(620065101,'MATH2873'),(620065101,'BIOC1598');
INSERT INTO Users VALUES (620065102,'Bryon','Colley','BryonColley@gmail.com','ColleyBryon');
INSERT INTO Students VALUES (620065102,'UNDERGRAD','01-01-2020');
INSERT INTO Enrolled (u_id,courseCode) VALUES (620065102,'COMP2080'),(620065102,'MATH1972'),(620065102,'INFO1145'),(620065102,'COMP3506');
INSERT INTO Users VALUES (620065103,'Anderson','Walley','AndersonWalley@gmail.com','WalleyAnderson');
INSERT INTO Students VALUES (620065103,'UNDERGRAD','01-01-2020');
INSERT INTO Enrolled (u_id,courseCode) VALUES (620065103,'CHEM1613'),(620065103,'BIOC1164'),(620065103,'COMP1460');
INSERT INTO Users VALUES (620065104,'Esmeralda','Sandlin','EsmeraldaSandlin@gmail.com','SandlinEsmeralda');
INSERT INTO Students VALUES (620065104,'UNDERGRAD','01-01-2020');
INSERT INTO Enrolled (u_id,courseCode) VALUES (620065104,'MATH1578'),(620065104,'MATH2067'),(620065104,'BIOC2983'),(620065104,'COMP2541'),(620065104,'PHYS1993'),(620065104,'PHYS2451');
INSERT INTO Users VALUES (620065105,'Jeremy','Citizen','JeremyCitizen@gmail.com','CitizenJeremy');
INSERT INTO Students VALUES (620065105,'UNDERGRAD','01-01-2020');
INSERT INTO Enrolled (u_id,courseCode) VALUES (620065105,'BIOC2054'),(620065105,'MATH1638'),(620065105,'INFO3868'),(620065105,'CHEM2065'),(620065105,'INFO2213'),(620065105,'BIOC1164');
INSERT INTO Users VALUES (620065106,'Neal','Shani','NealShani@gmail.com','ShaniNeal');
INSERT INTO Students VALUES (620065106,'UNDERGRAD','01-01-2020');
INSERT INTO Enrolled (u_id,courseCode) VALUES (620065106,'CHEM2867'),(620065106,'COMP2541'),(620065106,'BIOC1725'),(620065106,'PHYS1173'),(620065106,'ECON2345'),(620065106,'BIOC3230');
INSERT INTO Users VALUES (620065107,'Terri','Kaupp','TerriKaupp@gmail.com','KauppTerri');
INSERT INTO Students VALUES (620065107,'UNDERGRAD','01-01-2020');
INSERT INTO Enrolled (u_id,courseCode) VALUES (620065107,'CHEM2065'),(620065107,'COMP3849'),(620065107,'MATH2550'),(620065107,'PHYS3659'),(620065107,'PHYS3729');
INSERT INTO Users VALUES (620065108,'Christina','Felipe','ChristinaFelipe@gmail.com','FelipeChristina');
INSERT INTO Students VALUES (620065108,'UNDERGRAD','01-01-2020');
INSERT INTO Enrolled (u_id,courseCode) VALUES (620065108,'BIOC3191'),(620065108,'COMP3418'),(620065108,'MATH2873'),(620065108,'BIOC2236'),(620065108,'PHYS2563'),(620065108,'MATH1735');
INSERT INTO Users VALUES (620065109,'Janet','Shields','JanetShields@gmail.com','ShieldsJanet');
INSERT INTO Students VALUES (620065109,'UNDERGRAD','01-01-2020');
INSERT INTO Enrolled (u_id,courseCode) VALUES (620065109,'ECON3063'),(620065109,'BIOC2983'),(620065109,'CHEM2481');
INSERT INTO Users VALUES (620065110,'Julius','Wengerd','JuliusWengerd@gmail.com','WengerdJulius');
INSERT INTO Students VALUES (620065110,'UNDERGRAD','01-01-2020');
INSERT INTO Enrolled (u_id,courseCode) VALUES (620065110,'CHEM2031'),(620065110,'CHEM3793'),(620065110,'MATH2555');
INSERT INTO Users VALUES (620065111,'Edwin','Cardona','EdwinCardona@gmail.com','CardonaEdwin');
INSERT INTO Students VALUES (620065111,'UNDERGRAD','01-01-2020');
INSERT INTO Enrolled (u_id,courseCode) VALUES (620065111,'COMP3418'),(620065111,'ECON3311'),(620065111,'COMP3697'),(620065111,'COMP2717'),(620065111,'COMP1573');
INSERT INTO Users VALUES (620065112,'Edwin','Letchworth','EdwinLetchworth@gmail.com','LetchworthEdwin');
INSERT INTO Students VALUES (620065112,'UNDERGRAD','01-01-2020');
INSERT INTO Enrolled (u_id,courseCode) VALUES (620065112,'CHEM2797'),(620065112,'ECON1230'),(620065112,'MATH1578');
INSERT INTO Users VALUES (620065113,'Diane','Waugh','DianeWaugh@gmail.com','WaughDiane');
INSERT INTO Students VALUES (620065113,'UNDERGRAD','01-01-2020');
INSERT INTO Enrolled (u_id,courseCode) VALUES (620065113,'MATH3688'),(620065113,'CHEM2481'),(620065113,'CHEM1494'),(620065113,'BIOC1598'),(620065113,'INFO3636');
INSERT INTO Users VALUES (620065114,'Jesus','Carlyle','JesusCarlyle@gmail.com','CarlyleJesus');
INSERT INTO Students VALUES (620065114,'UNDERGRAD','01-01-2020');
INSERT INTO Enrolled (u_id,courseCode) VALUES (620065114,'INFO3636'),(620065114,'MATH3857'),(620065114,'ECON1996'),(620065114,'INFO3645'),(620065114,'COMP1543');
INSERT INTO Users VALUES (620065115,'Walter','Nerbonne','WalterNerbonne@gmail.com','NerbonneWalter');
INSERT INTO Students VALUES (620065115,'UNDERGRAD','01-01-2020');
INSERT INTO Enrolled (u_id,courseCode) VALUES (620065115,'ECON3020'),(620065115,'MATH1578'),(620065115,'COMP3167'),(620065115,'INFO1990'),(620065115,'COMP1573'),(620065115,'MATH3029');
INSERT INTO Users VALUES (620065116,'Don','Miles','DonMiles@gmail.com','MilesDon');
INSERT INTO Students VALUES (620065116,'UNDERGRAD','01-01-2020');
INSERT INTO Enrolled (u_id,courseCode) VALUES (620065116,'INFO1825'),(620065116,'COMP1460'),(620065116,'MATH3844');
INSERT INTO Users VALUES (620065117,'Janice','Mattingly','JaniceMattingly@gmail.com','MattinglyJanice');
INSERT INTO Students VALUES (620065117,'UNDERGRAD','01-01-2020');
INSERT INTO Enrolled (u_id,courseCode) VALUES (620065117,'INFO2813'),(620065117,'COMP1184'),(620065117,'BIOC1164'),(620065117,'CHEM2604'),(620065117,'ECON2387');
INSERT INTO Users VALUES (620065118,'Philip','Allen','PhilipAllen@gmail.com','AllenPhilip');
INSERT INTO Students VALUES (620065118,'UNDERGRAD','01-01-2020');
INSERT INTO Enrolled (u_id,courseCode) VALUES (620065118,'BIOC3341'),(620065118,'INFO2559'),(620065118,'INFO2636'),(620065118,'CHEM2727'),(620065118,'CHEM2149'),(620065118,'PHYS2338');
INSERT INTO Users VALUES (620065119,'Geraldine','Mcclain','GeraldineMcclain@gmail.com','McclainGeraldine');
INSERT INTO Students VALUES (620065119,'UNDERGRAD','01-01-2020');
INSERT INTO Enrolled (u_id,courseCode) VALUES (620065119,'COMP2965'),(620065119,'PHYS3659'),(620065119,'ECON2814'),(620065119,'CHEM2797'),(620065119,'CHEM3747'),(620065119,'BIOC3604');
INSERT INTO Users VALUES (620065120,'Neal','Letchworth','NealLetchworth@gmail.com','LetchworthNeal');
INSERT INTO Students VALUES (620065120,'UNDERGRAD','01-01-2020');
INSERT INTO Enrolled (u_id,courseCode) VALUES (620065120,'COMP3639'),(620065120,'COMP1184'),(620065120,'PHYS3464'),(620065120,'INFO2860');
INSERT INTO Users VALUES (620065121,'Debbie','Cannon','DebbieCannon@gmail.com','CannonDebbie');
INSERT INTO Students VALUES (620065121,'UNDERGRAD','01-01-2020');
INSERT INTO Enrolled (u_id,courseCode) VALUES (620065121,'BIOC1104'),(620065121,'CHEM2697'),(620065121,'COMP3173'),(620065121,'BIOC1794'),(620065121,'MATH3688'),(620065121,'MATH1262');
INSERT INTO Users VALUES (620065122,'Reggie','Diggs','ReggieDiggs@gmail.com','DiggsReggie');
INSERT INTO Students VALUES (620065122,'UNDERGRAD','01-01-2020');
INSERT INTO Enrolled (u_id,courseCode) VALUES (620065122,'ECON3550'),(620065122,'INFO3868'),(620065122,'CHEM3793'),(620065122,'BIOC3604'),(620065122,'MATH1648');
INSERT INTO Users VALUES (620065123,'Lilla','Aybar','LillaAybar@gmail.com','AybarLilla');
INSERT INTO Students VALUES (620065123,'UNDERGRAD','01-01-2020');
INSERT INTO Enrolled (u_id,courseCode) VALUES (620065123,'PHYS2238'),(620065123,'INFO2213'),(620065123,'INFO2521'),(620065123,'CHEM1807'),(620065123,'BIOC1910'),(620065123,'COMP3238');
INSERT INTO Users VALUES (620065124,'Jennifer','Brock','JenniferBrock@gmail.com','BrockJennifer');
INSERT INTO Students VALUES (620065124,'UNDERGRAD','01-01-2020');
INSERT INTO Enrolled (u_id,courseCode) VALUES (620065124,'ECON1170'),(620065124,'INFO2636'),(620065124,'PHYS3339'),(620065124,'ECON3989');
INSERT INTO Users VALUES (620065125,'Stephanie','Coleman','StephanieColeman@gmail.com','ColemanStephanie');
INSERT INTO Students VALUES (620065125,'UNDERGRAD','01-01-2020');
INSERT INTO Enrolled (u_id,courseCode) VALUES (620065125,'BIOC1534'),(620065125,'ECON1498'),(620065125,'MATH3613'),(620065125,'INFO2521'),(620065125,'BIOC2236');
INSERT INTO Users VALUES (620065126,'Flora','Nighman','FloraNighman@gmail.com','NighmanFlora');
INSERT INTO Students VALUES (620065126,'UNDERGRAD','01-01-2020');
INSERT INTO Enrolled (u_id,courseCode) VALUES (620065126,'MATH3209'),(620065126,'ECON3281'),(620065126,'PHYS3729'),(620065126,'BIOC1534');
INSERT INTO Users VALUES (620065127,'Justin','Hudson','JustinHudson@gmail.com','HudsonJustin');
INSERT INTO Students VALUES (620065127,'UNDERGRAD','01-01-2020');
INSERT INTO Enrolled (u_id,courseCode) VALUES (620065127,'BIOC1866'),(620065127,'COMP1051'),(620065127,'COMP3697'),(620065127,'INFO1825');
INSERT INTO Users VALUES (620065128,'Miss','Mcclanahan','MissMcclanahan@gmail.com','McclanahanMiss');
INSERT INTO Students VALUES (620065128,'UNDERGRAD','01-01-2020');
INSERT INTO Enrolled (u_id,courseCode) VALUES (620065128,'CHEM2031'),(620065128,'PHYS2306'),(620065128,'COMP1573'),(620065128,'INFO3419'),(620065128,'INFO2636'),(620065128,'ECON3020');
INSERT INTO Users VALUES (620065129,'Esmeralda','Lauritsen','EsmeraldaLauritsen@gmail.com','LauritsenEsmeralda');
INSERT INTO Students VALUES (620065129,'UNDERGRAD','01-01-2020');
INSERT INTO Enrolled (u_id,courseCode) VALUES (620065129,'PHYS3290'),(620065129,'MATH3857'),(620065129,'CHEM3409'),(620065129,'INFO3868'),(620065129,'ECON2387'),(620065129,'BIOC1744');
INSERT INTO Users VALUES (620065130,'Christina','Jensen','ChristinaJensen@gmail.com','JensenChristina');
INSERT INTO Students VALUES (620065130,'UNDERGRAD','01-01-2020');
INSERT INTO Enrolled (u_id,courseCode) VALUES (620065130,'ECON3311'),(620065130,'INFO3636'),(620065130,'INFO1648'),(620065130,'PHYS3339'),(620065130,'CHEM2867');
INSERT INTO Users VALUES (620065131,'Joyce','Best','JoyceBest@gmail.com','BestJoyce');
INSERT INTO Students VALUES (620065131,'UNDERGRAD','01-01-2020');
INSERT INTO Enrolled (u_id,courseCode) VALUES (620065131,'COMP1543'),(620065131,'PHYS1173'),(620065131,'CHEM2626'),(620065131,'INFO3636'),(620065131,'MATH1972');
INSERT INTO Users VALUES (620065132,'Brian','Coleman','BrianColeman@gmail.com','ColemanBrian');
INSERT INTO Students VALUES (620065132,'UNDERGRAD','01-01-2020');
INSERT INTO Enrolled (u_id,courseCode) VALUES (620065132,'ECON1783'),(620065132,'PHYS3354'),(620065132,'BIOC1534'),(620065132,'CHEM2065'),(620065132,'PHYS3052');
INSERT INTO Users VALUES (620065133,'Charles','Rios','CharlesRios@gmail.com','RiosCharles');
INSERT INTO Students VALUES (620065133,'UNDERGRAD','01-01-2020');
INSERT INTO Enrolled (u_id,courseCode) VALUES (620065133,'BIOC3604'),(620065133,'MATH1454'),(620065133,'INFO1145'),(620065133,'MATH1638');
INSERT INTO Users VALUES (620065134,'Iris','Ferretti','IrisFerretti@gmail.com','FerrettiIris');
INSERT INTO Students VALUES (620065134,'UNDERGRAD','01-01-2020');
INSERT INTO Enrolled (u_id,courseCode) VALUES (620065134,'COMP3639'),(620065134,'BIOC1485'),(620065134,'INFO3935'),(620065134,'ECON2387'),(620065134,'INFO3419'),(620065134,'COMP3047');
INSERT INTO Users VALUES (620065135,'Katie','Krause','KatieKrause@gmail.com','KrauseKatie');
INSERT INTO Students VALUES (620065135,'UNDERGRAD','01-01-2020');
INSERT INTO Enrolled (u_id,courseCode) VALUES (620065135,'COMP3047'),(620065135,'ECON3989'),(620065135,'INFO2636');
INSERT INTO Users VALUES (620065136,'Alice','Daniels','AliceDaniels@gmail.com','DanielsAlice');
INSERT INTO Students VALUES (620065136,'UNDERGRAD','01-01-2020');
INSERT INTO Enrolled (u_id,courseCode) VALUES (620065136,'ECON1458'),(620065136,'CHEM2031'),(620065136,'BIOC1104');
INSERT INTO Users VALUES (620065137,'Demetrice','Laramee','DemetriceLaramee@gmail.com','LarameeDemetrice');
INSERT INTO Students VALUES (620065137,'UNDERGRAD','01-01-2020');
INSERT INTO Enrolled (u_id,courseCode) VALUES (620065137,'INFO1014'),(620065137,'ECON1098'),(620065137,'ECON1012'),(620065137,'COMP3697'),(620065137,'BIOC2550');
INSERT INTO Users VALUES (620065138,'Nicole','Hanks','NicoleHanks@gmail.com','HanksNicole');
INSERT INTO Students VALUES (620065138,'UNDERGRAD','01-01-2020');
INSERT INTO Enrolled (u_id,courseCode) VALUES (620065138,'COMP3173'),(620065138,'PHYS2306'),(620065138,'BIOC1485');
INSERT INTO Users VALUES (620065139,'Lori','Rice','LoriRice@gmail.com','RiceLori');
INSERT INTO Students VALUES (620065139,'UNDERGRAD','01-01-2020');
INSERT INTO Enrolled (u_id,courseCode) VALUES (620065139,'MATH2873'),(620065139,'MATH2717'),(620065139,'COMP3849'),(620065139,'INFO3935');
INSERT INTO Users VALUES (620065140,'Sarah','Souza','SarahSouza@gmail.com','SouzaSarah');
INSERT INTO Students VALUES (620065140,'UNDERGRAD','01-01-2020');
INSERT INTO Enrolled (u_id,courseCode) VALUES (620065140,'PHYS3659'),(620065140,'CHEM2697'),(620065140,'COMP3418'),(620065140,'INFO1288'),(620065140,'PHYS2977'),(620065140,'BIOC3457');
INSERT INTO Users VALUES (620065141,'Wendell','Jackson','WendellJackson@gmail.com','JacksonWendell');
INSERT INTO Students VALUES (620065141,'UNDERGRAD','01-01-2020');
INSERT INTO Enrolled (u_id,courseCode) VALUES (620065141,'BIOC2671'),(620065141,'BIOC1744'),(620065141,'MATH3059'),(620065141,'INFO2213'),(620065141,'COMP3418');
INSERT INTO Users VALUES (620065142,'Edwin','Walker','EdwinWalker@gmail.com','WalkerEdwin');
INSERT INTO Students VALUES (620065142,'UNDERGRAD','01-01-2020');
INSERT INTO Enrolled (u_id,courseCode) VALUES (620065142,'COMP3047'),(620065142,'ECON1098'),(620065142,'ECON3085'),(620065142,'MATH3613');
INSERT INTO Users VALUES (620065143,'Jewell','Wurdeman','JewellWurdeman@gmail.com','WurdemanJewell');
INSERT INTO Students VALUES (620065143,'UNDERGRAD','01-01-2020');
INSERT INTO Enrolled (u_id,courseCode) VALUES (620065143,'ECON1498'),(620065143,'COMP1460'),(620065143,'MATH3209'),(620065143,'MATH1250'),(620065143,'MATH2957');
INSERT INTO Users VALUES (620065144,'Jewell','Withrow','JewellWithrow@gmail.com','WithrowJewell');
INSERT INTO Students VALUES (620065144,'UNDERGRAD','01-01-2020');
INSERT INTO Enrolled (u_id,courseCode) VALUES (620065144,'BIOC1485'),(620065144,'BIOC1104'),(620065144,'INFO2147'),(620065144,'PHYS3876');
INSERT INTO Users VALUES (620065145,'Eunice','Saunders','EuniceSaunders@gmail.com','SaundersEunice');
INSERT INTO Students VALUES (620065145,'UNDERGRAD','01-01-2020');
INSERT INTO Enrolled (u_id,courseCode) VALUES (620065145,'BIOC3230'),(620065145,'MATH1309'),(620065145,'COMP1184'),(620065145,'MATH1735'),(620065145,'ECON1561'),(620065145,'ECON3989');
INSERT INTO Users VALUES (620065146,'Nicholas','Scarbrough','NicholasScarbrough@gmail.com','ScarbroughNicholas');
INSERT INTO Students VALUES (620065146,'UNDERGRAD','01-01-2020');
INSERT INTO Enrolled (u_id,courseCode) VALUES (620065146,'INFO1242'),(620065146,'PHYS2238'),(620065146,'PHYS3659');
INSERT INTO Users VALUES (620065147,'Tia','Phinney','TiaPhinney@gmail.com','PhinneyTia');
INSERT INTO Students VALUES (620065147,'UNDERGRAD','01-01-2020');
INSERT INTO Enrolled (u_id,courseCode) VALUES (620065147,'INFO3636'),(620065147,'COMP3418'),(620065147,'BIOC1866'),(620065147,'ECON1561');
INSERT INTO Users VALUES (620065148,'Richard','Oconnell','RichardOconnell@gmail.com','OconnellRichard');
INSERT INTO Students VALUES (620065148,'UNDERGRAD','01-01-2020');
INSERT INTO Enrolled (u_id,courseCode) VALUES (620065148,'INFO1014'),(620065148,'PHYS3290'),(620065148,'BIOC2550');
INSERT INTO Users VALUES (620065149,'Cheryl','Horth','CherylHorth@gmail.com','HorthCheryl');
INSERT INTO Students VALUES (620065149,'UNDERGRAD','01-01-2020');
INSERT INTO Enrolled (u_id,courseCode) VALUES (620065149,'COMP2541'),(620065149,'ECON2703'),(620065149,'COMP3639'),(620065149,'BIOC2981'),(620065149,'CHEM3054'),(620065149,'CHEM3327');
INSERT INTO Users VALUES (620065150,'Shirley','Butcher','ShirleyButcher@gmail.com','ButcherShirley');
INSERT INTO Students VALUES (620065150,'UNDERGRAD','01-01-2020');
INSERT INTO Enrolled (u_id,courseCode) VALUES (620065150,'ECON3288'),(620065150,'INFO1833'),(620065150,'PHYS1979'),(620065150,'ECON2387');
INSERT INTO Users VALUES (620065151,'Gary','Busse','GaryBusse@gmail.com','BusseGary');
INSERT INTO Students VALUES (620065151,'UNDERGRAD','01-01-2020');
INSERT INTO Enrolled (u_id,courseCode) VALUES (620065151,'ECON1012'),(620065151,'BIOC3604'),(620065151,'PHYS2117'),(620065151,'BIOC2981');
INSERT INTO Users VALUES (620065152,'Joe','Gondek','JoeGondek@gmail.com','GondekJoe');
INSERT INTO Students VALUES (620065152,'UNDERGRAD','01-01-2020');
INSERT INTO Enrolled (u_id,courseCode) VALUES (620065152,'CHEM2149'),(620065152,'ECON3004'),(620065152,'PHYS3290'),(620065152,'PHYS2338'),(620065152,'MATH1309');
INSERT INTO Users VALUES (620065153,'Deanne','Mejias','DeanneMejias@gmail.com','MejiasDeanne');
INSERT INTO Students VALUES (620065153,'UNDERGRAD','01-01-2020');
INSERT INTO Enrolled (u_id,courseCode) VALUES (620065153,'MATH3059'),(620065153,'MATH3179'),(620065153,'PHYS3052'),(620065153,'ECON3372'),(620065153,'CHEM1494');
INSERT INTO Users VALUES (620065154,'Louis','Ratterman','LouisRatterman@gmail.com','RattermanLouis');
INSERT INTO Students VALUES (620065154,'UNDERGRAD','01-01-2020');
INSERT INTO Enrolled (u_id,courseCode) VALUES (620065154,'COMP2965'),(620065154,'ECON3288'),(620065154,'PHYS2113'),(620065154,'PHYS1140');
INSERT INTO Users VALUES (620065155,'Esmeralda','Macpartland','EsmeraldaMacpartland@gmail.com','MacpartlandEsmeralda');
INSERT INTO Students VALUES (620065155,'UNDERGRAD','01-01-2020');
INSERT INTO Enrolled (u_id,courseCode) VALUES (620065155,'ECON3020'),(620065155,'INFO2811'),(620065155,'ECON3276');
INSERT INTO Users VALUES (620065156,'Margaret','Rankin','MargaretRankin@gmail.com','RankinMargaret');
INSERT INTO Students VALUES (620065156,'UNDERGRAD','01-01-2020');
INSERT INTO Enrolled (u_id,courseCode) VALUES (620065156,'ECON3372'),(620065156,'INFO1288'),(620065156,'ECON1645'),(620065156,'BIOC1052'),(620065156,'MATH1250'),(620065156,'ECON3063');
INSERT INTO Users VALUES (620065157,'Rick','Nunn','RickNunn@gmail.com','NunnRick');
INSERT INTO Students VALUES (620065157,'UNDERGRAD','01-01-2020');
INSERT INTO Enrolled (u_id,courseCode) VALUES (620065157,'COMP2717'),(620065157,'INFO2213'),(620065157,'BIOC1104'),(620065157,'ECON1458');
INSERT INTO Users VALUES (620065158,'Freddie','Knaub','FreddieKnaub@gmail.com','KnaubFreddie');
INSERT INTO Students VALUES (620065158,'UNDERGRAD','01-01-2020');
INSERT INTO Enrolled (u_id,courseCode) VALUES (620065158,'BIOC1744'),(620065158,'CHEM2065'),(620065158,'PHYS3787'),(620065158,'CHEM3793');
INSERT INTO Users VALUES (620065159,'Traci','Mcclain','TraciMcclain@gmail.com','McclainTraci');
INSERT INTO Students VALUES (620065159,'UNDERGRAD','01-01-2020');
INSERT INTO Enrolled (u_id,courseCode) VALUES (620065159,'INFO3935'),(620065159,'ECON3281'),(620065159,'INFO2811'),(620065159,'COMP2717'),(620065159,'BIOC1052'),(620065159,'ECON2387');
INSERT INTO Users VALUES (620065160,'Bryan','Koehn','BryanKoehn@gmail.com','KoehnBryan');
INSERT INTO Students VALUES (620065160,'UNDERGRAD','01-01-2020');
INSERT INTO Enrolled (u_id,courseCode) VALUES (620065160,'BIOC1866'),(620065160,'CHEM2626'),(620065160,'COMP3685');
INSERT INTO Users VALUES (620065161,'Tony','Shattuck','TonyShattuck@gmail.com','ShattuckTony');
INSERT INTO Students VALUES (620065161,'UNDERGRAD','01-01-2020');
INSERT INTO Enrolled (u_id,courseCode) VALUES (620065161,'MATH1454'),(620065161,'ECON2703'),(620065161,'ECON1783');
INSERT INTO Users VALUES (620065162,'Dennis','Knaub','DennisKnaub@gmail.com','KnaubDennis');
INSERT INTO Students VALUES (620065162,'UNDERGRAD','01-01-2020');
INSERT INTO Enrolled (u_id,courseCode) VALUES (620065162,'CHEM2005'),(620065162,'MATH2550'),(620065162,'PHYS2451'),(620065162,'INFO3636'),(620065162,'PHYS1140'),(620065162,'INFO3645');
INSERT INTO Users VALUES (620065163,'Shayne','Alvarez','ShayneAlvarez@gmail.com','AlvarezShayne');
INSERT INTO Students VALUES (620065163,'UNDERGRAD','01-01-2020');
INSERT INTO Enrolled (u_id,courseCode) VALUES (620065163,'COMP2400'),(620065163,'COMP2080'),(620065163,'ECON2345'),(620065163,'CHEM2177'),(620065163,'MATH3857');
INSERT INTO Users VALUES (620065164,'Bernard','Mertens','BernardMertens@gmail.com','MertensBernard');
INSERT INTO Students VALUES (620065164,'UNDERGRAD','01-01-2020');
INSERT INTO Enrolled (u_id,courseCode) VALUES (620065164,'CHEM3793'),(620065164,'ECON3550'),(620065164,'COMP3173');
INSERT INTO Users VALUES (620065165,'Ladawn','Boyer','LadawnBoyer@gmail.com','BoyerLadawn');
INSERT INTO Students VALUES (620065165,'UNDERGRAD','01-01-2020');
INSERT INTO Enrolled (u_id,courseCode) VALUES (620065165,'COMP2651'),(620065165,'MATH3857'),(620065165,'COMP3506');
INSERT INTO Users VALUES (620065166,'Marilyn','Mattingly','MarilynMattingly@gmail.com','MattinglyMarilyn');
INSERT INTO Students VALUES (620065166,'UNDERGRAD','01-01-2020');
INSERT INTO Enrolled (u_id,courseCode) VALUES (620065166,'ECON3228'),(620065166,'MATH3544'),(620065166,'INFO3419'),(620065166,'MATH3173');
INSERT INTO Users VALUES (620065167,'Dwight','Caudill','DwightCaudill@gmail.com','CaudillDwight');
INSERT INTO Students VALUES (620065167,'UNDERGRAD','01-01-2020');
INSERT INTO Enrolled (u_id,courseCode) VALUES (620065167,'BIOC3721'),(620065167,'CHEM3888'),(620065167,'COMP3685'),(620065167,'PHYS2113'),(620065167,'PHYS3052');
INSERT INTO Users VALUES (620065168,'Mathew','Huffman','MathewHuffman@gmail.com','HuffmanMathew');
INSERT INTO Students VALUES (620065168,'UNDERGRAD','01-01-2020');
INSERT INTO Enrolled (u_id,courseCode) VALUES (620065168,'MATH2555'),(620065168,'MATH3209'),(620065168,'PHYS1140'),(620065168,'MATH1454'),(620065168,'CHEM3793'),(620065168,'MATH1735');
INSERT INTO Users VALUES (620065169,'Reggie','Jaworski','ReggieJaworski@gmail.com','JaworskiReggie');
INSERT INTO Students VALUES (620065169,'UNDERGRAD','01-01-2020');
INSERT INTO Enrolled (u_id,courseCode) VALUES (620065169,'COMP2080'),(620065169,'ECON3228'),(620065169,'MATH3688'),(620065169,'COMP3173'),(620065169,'PHYS2563'),(620065169,'COMP2400');
INSERT INTO Users VALUES (620065170,'Christine','Macpartland','ChristineMacpartland@gmail.com','MacpartlandChristine');
INSERT INTO Students VALUES (620065170,'UNDERGRAD','01-01-2020');
INSERT INTO Enrolled (u_id,courseCode) VALUES (620065170,'PHYS1930'),(620065170,'PHYS2977'),(620065170,'ECON3276'),(620065170,'BIOC1439');
INSERT INTO Users VALUES (620065171,'Philip','Shields','PhilipShields@gmail.com','ShieldsPhilip');
INSERT INTO Students VALUES (620065171,'UNDERGRAD','01-01-2020');
INSERT INTO Enrolled (u_id,courseCode) VALUES (620065171,'ECON3372'),(620065171,'BIOC1986'),(620065171,'COMP1460');
INSERT INTO Users VALUES (620065172,'Joan','Deen','JoanDeen@gmail.com','DeenJoan');
INSERT INTO Students VALUES (620065172,'UNDERGRAD','01-01-2020');
INSERT INTO Enrolled (u_id,courseCode) VALUES (620065172,'BIOC3457'),(620065172,'BIOC2589'),(620065172,'MATH2067'),(620065172,'BIOC1744'),(620065172,'BIOC2671'),(620065172,'COMP3685');
INSERT INTO Users VALUES (620065173,'Kirk','Calloway','KirkCalloway@gmail.com','CallowayKirk');
INSERT INTO Students VALUES (620065173,'UNDERGRAD','01-01-2020');
INSERT INTO Enrolled (u_id,courseCode) VALUES (620065173,'MATH1309'),(620065173,'INFO2860'),(620065173,'PHYS3876'),(620065173,'CHEM1613'),(620065173,'BIOC1866'),(620065173,'COMP1543');
INSERT INTO Users VALUES (620065174,'Marie','Evans','MarieEvans@gmail.com','EvansMarie');
INSERT INTO Students VALUES (620065174,'UNDERGRAD','01-01-2020');
INSERT INTO Enrolled (u_id,courseCode) VALUES (620065174,'INFO2716'),(620065174,'PHYS2113'),(620065174,'ECON3228'),(620065174,'INFO2147'),(620065174,'ECON3004'),(620065174,'MATH1148');
INSERT INTO Users VALUES (620065175,'Katherine','Imoto','KatherineImoto@gmail.com','ImotoKatherine');
INSERT INTO Students VALUES (620065175,'UNDERGRAD','01-01-2020');
INSERT INTO Enrolled (u_id,courseCode) VALUES (620065175,'ECON2722'),(620065175,'BIOC1439'),(620065175,'BIOC3721'),(620065175,'BIOC3230');
INSERT INTO Users VALUES (620065176,'Rick','Lyford','RickLyford@gmail.com','LyfordRick');
INSERT INTO Students VALUES (620065176,'UNDERGRAD','01-01-2020');
INSERT INTO Enrolled (u_id,courseCode) VALUES (620065176,'ECON3447'),(620065176,'INFO2811'),(620065176,'COMP2965'),(620065176,'BIOC3191'),(620065176,'PHYS2306');
INSERT INTO Users VALUES (620065177,'Randy','Robinson','RandyRobinson@gmail.com','RobinsonRandy');
INSERT INTO Students VALUES (620065177,'UNDERGRAD','01-01-2020');
INSERT INTO Enrolled (u_id,courseCode) VALUES (620065177,'ECON1458'),(620065177,'COMP3746'),(620065177,'PHYS2448');
INSERT INTO Users VALUES (620065178,'Dora','Velasquez','DoraVelasquez@gmail.com','VelasquezDora');
INSERT INTO Students VALUES (620065178,'UNDERGRAD','01-01-2020');
INSERT INTO Enrolled (u_id,courseCode) VALUES (620065178,'BIOC3721'),(620065178,'MATH2067'),(620065178,'MATH3857'),(620065178,'MATH1148'),(620065178,'ECON2722');
INSERT INTO Users VALUES (620065179,'Magdalen','Colley','MagdalenColley@gmail.com','ColleyMagdalen');
INSERT INTO Students VALUES (620065179,'UNDERGRAD','01-01-2020');
INSERT INTO Enrolled (u_id,courseCode) VALUES (620065179,'INFO1014'),(620065179,'ECON3550'),(620065179,'ECON3020'),(620065179,'INFO1648');
INSERT INTO Users VALUES (620065180,'Debbie','Armstead','DebbieArmstead@gmail.com','ArmsteadDebbie');
INSERT INTO Students VALUES (620065180,'UNDERGRAD','01-01-2020');
INSERT INTO Enrolled (u_id,courseCode) VALUES (620065180,'CHEM3614'),(620065180,'INFO3645'),(620065180,'BIOC1448'),(620065180,'CHEM2031');
INSERT INTO Users VALUES (620065181,'Deborah','Shattuck','DeborahShattuck@gmail.com','ShattuckDeborah');
INSERT INTO Students VALUES (620065181,'UNDERGRAD','01-01-2020');
INSERT INTO Enrolled (u_id,courseCode) VALUES (620065181,'INFO1145'),(620065181,'COMP3084'),(620065181,'INFO1990'),(620065181,'COMP3418');
INSERT INTO Users VALUES (620065182,'Leticia','Turkus','LeticiaTurkus@gmail.com','TurkusLeticia');
INSERT INTO Students VALUES (620065182,'UNDERGRAD','01-01-2020');
INSERT INTO Enrolled (u_id,courseCode) VALUES (620065182,'ECON3311'),(620065182,'CHEM2867'),(620065182,'MATH3222'),(620065182,'MATH2555'),(620065182,'MATH2501'),(620065182,'BIOC2589');
INSERT INTO Users VALUES (620065183,'Alfred','Oconnell','AlfredOconnell@gmail.com','OconnellAlfred');
INSERT INTO Students VALUES (620065183,'UNDERGRAD','01-01-2020');
INSERT INTO Enrolled (u_id,courseCode) VALUES (620065183,'BIOC1052'),(620065183,'MATH2801'),(620065183,'PHYS1140'),(620065183,'INFO2950');
INSERT INTO Users VALUES (620065184,'Kurt','Danker','KurtDanker@gmail.com','DankerKurt');
INSERT INTO Students VALUES (620065184,'UNDERGRAD','01-01-2020');
INSERT INTO Enrolled (u_id,courseCode) VALUES (620065184,'BIOC2236'),(620065184,'ECON3737'),(620065184,'INFO3603'),(620065184,'INFO2797'),(620065184,'PHYS2563'),(620065184,'PHYS2113');
INSERT INTO Users VALUES (620065185,'Stanley','Finkenbinder','StanleyFinkenbinder@gmail.com','FinkenbinderStanley');
INSERT INTO Students VALUES (620065185,'UNDERGRAD','01-01-2020');
INSERT INTO Enrolled (u_id,courseCode) VALUES (620065185,'BIOC2550'),(620065185,'COMP1051'),(620065185,'CHEM2797'),(620065185,'PHYS3659');
INSERT INTO Users VALUES (620065186,'Jacqueline','Calloway','JacquelineCalloway@gmail.com','CallowayJacqueline');
INSERT INTO Students VALUES (620065186,'UNDERGRAD','01-01-2020');
INSERT INTO Enrolled (u_id,courseCode) VALUES (620065186,'ECON3020'),(620065186,'ECON1098'),(620065186,'MATH1648'),(620065186,'CHEM1494');
INSERT INTO Users VALUES (620065187,'Ed','Hernandez','EdHernandez@gmail.com','HernandezEd');
INSERT INTO Students VALUES (620065187,'UNDERGRAD','01-01-2020');
INSERT INTO Enrolled (u_id,courseCode) VALUES (620065187,'CHEM3409'),(620065187,'CHEM2065'),(620065187,'COMP3639');
INSERT INTO Users VALUES (620065188,'Juan','Sandlin','JuanSandlin@gmail.com','SandlinJuan');
INSERT INTO Students VALUES (620065188,'UNDERGRAD','01-01-2020');
INSERT INTO Enrolled (u_id,courseCode) VALUES (620065188,'CHEM2446'),(620065188,'CHEM1807'),(620065188,'ECON1458'),(620065188,'COMP3084'),(620065188,'COMP2541'),(620065188,'ECON2722');
INSERT INTO Users VALUES (620065189,'Matthew','Siple','MatthewSiple@gmail.com','SipleMatthew');
INSERT INTO Students VALUES (620065189,'UNDERGRAD','01-01-2020');
INSERT INTO Enrolled (u_id,courseCode) VALUES (620065189,'INFO2716'),(620065189,'COMP1573'),(620065189,'PHYS3876'),(620065189,'INFO3935'),(620065189,'ECON3276');
INSERT INTO Users VALUES (620065190,'Edwin','Robles','EdwinRobles@gmail.com','RoblesEdwin');
INSERT INTO Students VALUES (620065190,'UNDERGRAD','01-01-2020');
INSERT INTO Enrolled (u_id,courseCode) VALUES (620065190,'INFO1648'),(620065190,'MATH2957'),(620065190,'INFO3603'),(620065190,'COMP1543');
INSERT INTO Users VALUES (620065191,'Timothy','Pelletier','TimothyPelletier@gmail.com','PelletierTimothy');
INSERT INTO Students VALUES (620065191,'UNDERGRAD','01-01-2020');
INSERT INTO Enrolled (u_id,courseCode) VALUES (620065191,'MATH2188'),(620065191,'COMP3639'),(620065191,'PHYS2667'),(620065191,'INFO1447');
INSERT INTO Users VALUES (620065192,'Milton','Cummings','MiltonCummings@gmail.com','CummingsMilton');
INSERT INTO Students VALUES (620065192,'UNDERGRAD','01-01-2020');
INSERT INTO Enrolled (u_id,courseCode) VALUES (620065192,'COMP3697'),(620065192,'COMP2400'),(620065192,'PHYS1930'),(620065192,'BIOC1485'),(620065192,'PHYS2117');
INSERT INTO Users VALUES (620065193,'Lilla','Scales','LillaScales@gmail.com','ScalesLilla');
INSERT INTO Students VALUES (620065193,'UNDERGRAD','01-01-2020');
INSERT INTO Enrolled (u_id,courseCode) VALUES (620065193,'INFO1990'),(620065193,'COMP1051'),(620065193,'CHEM2867'),(620065193,'CHEM1494'),(620065193,'MATH2957'),(620065193,'MATH2067');
INSERT INTO Users VALUES (620065194,'Edward','Sullivan','EdwardSullivan@gmail.com','SullivanEdward');
INSERT INTO Students VALUES (620065194,'UNDERGRAD','01-01-2020');
INSERT INTO Enrolled (u_id,courseCode) VALUES (620065194,'PHYS1173'),(620065194,'ECON1589'),(620065194,'BIOC3191'),(620065194,'MATH3857');
INSERT INTO Users VALUES (620065195,'Chad','Jefferson','ChadJefferson@gmail.com','JeffersonChad');
INSERT INTO Students VALUES (620065195,'UNDERGRAD','01-01-2020');
INSERT INTO Enrolled (u_id,courseCode) VALUES (620065195,'CHEM2727'),(620065195,'INFO2559'),(620065195,'ECON1996'),(620065195,'COMP1867'),(620065195,'MATH3613');
INSERT INTO Users VALUES (620065196,'Robert','Horth','RobertHorth@gmail.com','HorthRobert');
INSERT INTO Students VALUES (620065196,'UNDERGRAD','01-01-2020');
INSERT INTO Enrolled (u_id,courseCode) VALUES (620065196,'INFO1145'),(620065196,'COMP3697'),(620065196,'ECON3311');
INSERT INTO Users VALUES (620065197,'Tony','Crites','TonyCrites@gmail.com','CritesTony');
INSERT INTO Students VALUES (620065197,'UNDERGRAD','01-01-2020');
INSERT INTO Enrolled (u_id,courseCode) VALUES (620065197,'MATH1309'),(620065197,'ECON2703'),(620065197,'INFO1648'),(620065197,'INFO1825'),(620065197,'ECON3737');
INSERT INTO Users VALUES (620065198,'Vivian','Heckstall','VivianHeckstall@gmail.com','HeckstallVivian');
INSERT INTO Students VALUES (620065198,'UNDERGRAD','01-01-2020');
INSERT INTO Enrolled (u_id,courseCode) VALUES (620065198,'CHEM3054'),(620065198,'COMP3173'),(620065198,'ECON3004'),(620065198,'CHEM3617');
INSERT INTO Users VALUES (620065199,'Sara','Mitchell','SaraMitchell@gmail.com','MitchellSara');
INSERT INTO Students VALUES (620065199,'UNDERGRAD','01-01-2020');
INSERT INTO Enrolled (u_id,courseCode) VALUES (620065199,'MATH3029'),(620065199,'ECON3311'),(620065199,'INFO2813'),(620065199,'PHYS2238');
INSERT INTO Users VALUES (620065200,'Dora','Henderson','DoraHenderson@gmail.com','HendersonDora');
INSERT INTO Students VALUES (620065200,'UNDERGRAD','01-01-2020');
INSERT INTO Enrolled (u_id,courseCode) VALUES (620065200,'COMP3047'),(620065200,'COMP1357'),(620065200,'CHEM2797'),(620065200,'INFO2860');
INSERT INTO Users VALUES (620065201,'Ben','Givens','BenGivens@gmail.com','GivensBen');
INSERT INTO Students VALUES (620065201,'UNDERGRAD','01-01-2020');
INSERT INTO Enrolled (u_id,courseCode) VALUES (620065201,'CHEM2481'),(620065201,'MATH3029'),(620065201,'ECON1561'),(620065201,'ECON3085');
INSERT INTO Users VALUES (620065202,'Angie','Lowrey','AngieLowrey@gmail.com','LowreyAngie');
INSERT INTO Students VALUES (620065202,'UNDERGRAD','01-01-2020');
INSERT INTO Enrolled (u_id,courseCode) VALUES (620065202,'BIOC2983'),(620065202,'INFO1648'),(620065202,'BIOC2589'),(620065202,'CHEM1485'),(620065202,'CHEM2220'),(620065202,'CHEM2066');
INSERT INTO Users VALUES (620065203,'Jimmy','Lowry','JimmyLowry@gmail.com','LowryJimmy');
INSERT INTO Students VALUES (620065203,'UNDERGRAD','01-01-2020');
INSERT INTO Enrolled (u_id,courseCode) VALUES (620065203,'BIOC2983'),(620065203,'MATH3209'),(620065203,'PHYS3290'),(620065203,'PHYS3686'),(620065203,'INFO1288');
INSERT INTO Users VALUES (620065204,'Judith','Johnson','JudithJohnson@gmail.com','JohnsonJudith');
INSERT INTO Students VALUES (620065204,'UNDERGRAD','01-01-2020');
INSERT INTO Enrolled (u_id,courseCode) VALUES (620065204,'CHEM2177'),(620065204,'CHEM2220'),(620065204,'BIOC3230'),(620065204,'MATH1250');
INSERT INTO Users VALUES (620065205,'Greg','Fuller','GregFuller@gmail.com','FullerGreg');
INSERT INTO Students VALUES (620065205,'UNDERGRAD','01-01-2020');
INSERT INTO Enrolled (u_id,courseCode) VALUES (620065205,'ECON1498'),(620065205,'PHYS3787'),(620065205,'BIOC3721'),(620065205,'COMP3047'),(620065205,'ECON2387');
INSERT INTO Users VALUES (620065206,'Lorenza','Watson','LorenzaWatson@gmail.com','WatsonLorenza');
INSERT INTO Students VALUES (620065206,'UNDERGRAD','01-01-2020');
INSERT INTO Enrolled (u_id,courseCode) VALUES (620065206,'CHEM3614'),(620065206,'BIOC1744'),(620065206,'PHYS3464');
INSERT INTO Users VALUES (620065207,'Ethel','Charland','EthelCharland@gmail.com','CharlandEthel');
INSERT INTO Students VALUES (620065207,'UNDERGRAD','01-01-2020');
INSERT INTO Enrolled (u_id,courseCode) VALUES (620065207,'PHYS3354'),(620065207,'ECON1996'),(620065207,'COMP2717'),(620065207,'CHEM2065');
INSERT INTO Users VALUES (620065208,'Marshall','Huffman','MarshallHuffman@gmail.com','HuffmanMarshall');
INSERT INTO Students VALUES (620065208,'UNDERGRAD','01-01-2020');
INSERT INTO Enrolled (u_id,courseCode) VALUES (620065208,'ECON2345'),(620065208,'BIOC3341'),(620065208,'COMP3238'),(620065208,'PHYS1930'),(620065208,'PHYS3290');
INSERT INTO Users VALUES (620065209,'Peggy','Letchworth','PeggyLetchworth@gmail.com','LetchworthPeggy');
INSERT INTO Students VALUES (620065209,'UNDERGRAD','01-01-2020');
INSERT INTO Enrolled (u_id,courseCode) VALUES (620065209,'BIOC1485'),(620065209,'MATH1638'),(620065209,'ECON1012'),(620065209,'BIOC1164'),(620065209,'BIOC1598');
INSERT INTO Users VALUES (620065210,'Warren','Luper','WarrenLuper@gmail.com','LuperWarren');
INSERT INTO Students VALUES (620065210,'UNDERGRAD','01-01-2020');
INSERT INTO Enrolled (u_id,courseCode) VALUES (620065210,'MATH1972'),(620065210,'COMP1543'),(620065210,'COMP3697'),(620065210,'INFO3636'),(620065210,'INFO3868');
INSERT INTO Users VALUES (620065211,'Orlando','Dillis','OrlandoDillis@gmail.com','DillisOrlando');
INSERT INTO Students VALUES (620065211,'UNDERGRAD','01-01-2020');
INSERT INTO Enrolled (u_id,courseCode) VALUES (620065211,'BIOC3230'),(620065211,'COMP3418'),(620065211,'BIOC1725');
INSERT INTO Users VALUES (620065212,'Louise','Macpartland','LouiseMacpartland@gmail.com','MacpartlandLouise');
INSERT INTO Students VALUES (620065212,'UNDERGRAD','01-01-2020');
INSERT INTO Enrolled (u_id,courseCode) VALUES (620065212,'INFO1648'),(620065212,'BIOC3604'),(620065212,'BIOC2054'),(620065212,'ECON1458'),(620065212,'CHEM2697'),(620065212,'COMP1543');
INSERT INTO Users VALUES (620065213,'Donald','Finkenbinder','DonaldFinkenbinder@gmail.com','FinkenbinderDonald');
INSERT INTO Students VALUES (620065213,'UNDERGRAD','01-01-2020');
INSERT INTO Enrolled (u_id,courseCode) VALUES (620065213,'COMP3697'),(620065213,'PHYS2563'),(620065213,'ECON1012'),(620065213,'COMP1184');
INSERT INTO Users VALUES (620065214,'Rosa','Turner','RosaTurner@gmail.com','TurnerRosa');
INSERT INTO Students VALUES (620065214,'UNDERGRAD','01-01-2020');
INSERT INTO Enrolled (u_id,courseCode) VALUES (620065214,'INFO3935'),(620065214,'CHEM3347'),(620065214,'COMP3047');
INSERT INTO Users VALUES (620065215,'Lindsey','Cummings','LindseyCummings@gmail.com','CummingsLindsey');
INSERT INTO Students VALUES (620065215,'UNDERGRAD','01-01-2020');
INSERT INTO Enrolled (u_id,courseCode) VALUES (620065215,'INFO3603'),(620065215,'CHEM1494'),(620065215,'BIOC1534'),(620065215,'BIOC1986'),(620065215,'MATH3209');
INSERT INTO Users VALUES (620065216,'Milton','Steere','MiltonSteere@gmail.com','SteereMilton');
INSERT INTO Students VALUES (620065216,'UNDERGRAD','01-01-2020');
INSERT INTO Enrolled (u_id,courseCode) VALUES (620065216,'INFO3419'),(620065216,'MATH3544'),(620065216,'BIOC2054'),(620065216,'ECON3737'),(620065216,'BIOC2671'),(620065216,'BIOC2983');
INSERT INTO Users VALUES (620065217,'Roberto','Washinski','RobertoWashinski@gmail.com','WashinskiRoberto');
INSERT INTO Students VALUES (620065217,'UNDERGRAD','01-01-2020');
INSERT INTO Enrolled (u_id,courseCode) VALUES (620065217,'COMP1460'),(620065217,'MATH3857'),(620065217,'PHYS3659'),(620065217,'BIOC2671');
INSERT INTO Users VALUES (620065218,'Delia','Crespo','DeliaCrespo@gmail.com','CrespoDelia');
INSERT INTO Students VALUES (620065218,'UNDERGRAD','01-01-2020');
INSERT INTO Enrolled (u_id,courseCode) VALUES (620065218,'CHEM2626'),(620065218,'INFO1014'),(620065218,'INFO2636'),(620065218,'PHYS2448');
INSERT INTO Users VALUES (620065219,'Harold','Waugh','HaroldWaugh@gmail.com','WaughHarold');
INSERT INTO Students VALUES (620065219,'UNDERGRAD','01-01-2020');
INSERT INTO Enrolled (u_id,courseCode) VALUES (620065219,'ECON3550'),(620065219,'PHYS3290'),(620065219,'INFO2270'),(620065219,'INFO2521');
INSERT INTO Users VALUES (620065220,'Amee','Withrow','AmeeWithrow@gmail.com','WithrowAmee');
INSERT INTO Students VALUES (620065220,'UNDERGRAD','01-01-2020');
INSERT INTO Enrolled (u_id,courseCode) VALUES (620065220,'INFO3645'),(620065220,'PHYS1140'),(620065220,'ECON3737'),(620065220,'CHEM3347'),(620065220,'MATH1262'),(620065220,'BIOC3230');
INSERT INTO Users VALUES (620065221,'Dale','Barrett','DaleBarrett@gmail.com','BarrettDale');
INSERT INTO Students VALUES (620065221,'UNDERGRAD','01-01-2020');
INSERT INTO Enrolled (u_id,courseCode) VALUES (620065221,'ECON3276'),(620065221,'BIOC3457'),(620065221,'MATH1578'),(620065221,'CHEM3409'),(620065221,'CHEM3793'),(620065221,'MATH2550');
INSERT INTO Users VALUES (620065222,'Demetrice','Braun','DemetriceBraun@gmail.com','BraunDemetrice');
INSERT INTO Students VALUES (620065222,'UNDERGRAD','01-01-2020');
INSERT INTO Enrolled (u_id,courseCode) VALUES (620065222,'ECON3523'),(620065222,'INFO2950'),(620065222,'INFO3645'),(620065222,'CHEM2867'),(620065222,'PHYS1979'),(620065222,'MATH2873');
INSERT INTO Users VALUES (620065223,'Bryan','Richardson','BryanRichardson@gmail.com','RichardsonBryan');
INSERT INTO Students VALUES (620065223,'UNDERGRAD','01-01-2020');
INSERT INTO Enrolled (u_id,courseCode) VALUES (620065223,'MATH3029'),(620065223,'CHEM2220'),(620065223,'PHYS2977'),(620065223,'BIOC1744'),(620065223,'INFO1990'),(620065223,'PHYS3052');
INSERT INTO Users VALUES (620065224,'Sandra','Congdon','SandraCongdon@gmail.com','CongdonSandra');
INSERT INTO Students VALUES (620065224,'UNDERGRAD','01-01-2020');
INSERT INTO Enrolled (u_id,courseCode) VALUES (620065224,'ECON3989'),(620065224,'ECON1996'),(620065224,'MATH3173'),(620065224,'COMP3173'),(620065224,'INFO1014');
INSERT INTO Users VALUES (620065225,'Kendra','Ebbs','KendraEbbs@gmail.com','EbbsKendra');
INSERT INTO Students VALUES (620065225,'UNDERGRAD','01-01-2020');
INSERT INTO Enrolled (u_id,courseCode) VALUES (620065225,'BIOC1164'),(620065225,'MATH1454'),(620065225,'INFO3636'),(620065225,'ECON2703'),(620065225,'COMP2361');
INSERT INTO Users VALUES (620065226,'Wayne','Vanhamlin','WayneVanhamlin@gmail.com','VanhamlinWayne');
INSERT INTO Students VALUES (620065226,'UNDERGRAD','01-01-2020');
INSERT INTO Enrolled (u_id,courseCode) VALUES (620065226,'CHEM2797'),(620065226,'PHYS2117'),(620065226,'CHEM2065'),(620065226,'INFO1833'),(620065226,'BIOC2981');
INSERT INTO Users VALUES (620065227,'Christine','Richardson','ChristineRichardson@gmail.com','RichardsonChristine');
INSERT INTO Students VALUES (620065227,'UNDERGRAD','01-01-2020');
INSERT INTO Enrolled (u_id,courseCode) VALUES (620065227,'COMP2965'),(620065227,'MATH2555'),(620065227,'COMP3746');
INSERT INTO Users VALUES (620065228,'Earl','Armstead','EarlArmstead@gmail.com','ArmsteadEarl');
INSERT INTO Students VALUES (620065228,'UNDERGRAD','01-01-2020');
INSERT INTO Enrolled (u_id,courseCode) VALUES (620065228,'COMP2400'),(620065228,'ECON1012'),(620065228,'ECON3063');
INSERT INTO Users VALUES (620065229,'Tony','Steinbach','TonySteinbach@gmail.com','SteinbachTony');
INSERT INTO Students VALUES (620065229,'UNDERGRAD','01-01-2020');
INSERT INTO Enrolled (u_id,courseCode) VALUES (620065229,'INFO2950'),(620065229,'INFO2521'),(620065229,'ECON1458');
INSERT INTO Users VALUES (620065230,'Gordon','Jackson','GordonJackson@gmail.com','JacksonGordon');
INSERT INTO Students VALUES (620065230,'UNDERGRAD','01-01-2020');
INSERT INTO Enrolled (u_id,courseCode) VALUES (620065230,'MATH1148'),(620065230,'INFO2716'),(620065230,'ECON3447'),(620065230,'MATH2717');
INSERT INTO Users VALUES (620065231,'Suzanne','Christinsen','SuzanneChristinsen@gmail.com','ChristinsenSuzanne');
INSERT INTO Students VALUES (620065231,'UNDERGRAD','01-01-2020');
INSERT INTO Enrolled (u_id,courseCode) VALUES (620065231,'CHEM1807'),(620065231,'INFO3935'),(620065231,'PHYS1173'),(620065231,'PHYS2977');
INSERT INTO Users VALUES (620065232,'Willard','Rice','WillardRice@gmail.com','RiceWillard');
INSERT INTO Students VALUES (620065232,'UNDERGRAD','01-01-2020');
INSERT INTO Enrolled (u_id,courseCode) VALUES (620065232,'INFO3636'),(620065232,'PHYS3052'),(620065232,'COMP2400'),(620065232,'BIOC2236'),(620065232,'CHEM2065');
INSERT INTO Users VALUES (620065233,'Eunice','Aybar','EuniceAybar@gmail.com','AybarEunice');
INSERT INTO Students VALUES (620065233,'UNDERGRAD','01-01-2020');
INSERT INTO Enrolled (u_id,courseCode) VALUES (620065233,'INFO1648'),(620065233,'COMP2651'),(620065233,'BIOC3191');
INSERT INTO Users VALUES (620065234,'Joan','Sharp','JoanSharp@gmail.com','SharpJoan');
INSERT INTO Students VALUES (620065234,'UNDERGRAD','01-01-2020');
INSERT INTO Enrolled (u_id,courseCode) VALUES (620065234,'BIOC2236'),(620065234,'ECON3447'),(620065234,'BIOC1534'),(620065234,'BIOC2981'),(620065234,'PHYS1173'),(620065234,'INFO1833');
INSERT INTO Users VALUES (620065235,'Mark','Laudat','MarkLaudat@gmail.com','LaudatMark');
INSERT INTO Students VALUES (620065235,'UNDERGRAD','01-01-2020');
INSERT INTO Enrolled (u_id,courseCode) VALUES (620065235,'INFO1990'),(620065235,'MATH1735'),(620065235,'CHEM2867');
INSERT INTO Users VALUES (620065236,'Cherise','Banks','CheriseBanks@gmail.com','BanksCherise');
INSERT INTO Students VALUES (620065236,'UNDERGRAD','01-01-2020');
INSERT INTO Enrolled (u_id,courseCode) VALUES (620065236,'ECON2703'),(620065236,'MATH3209'),(620065236,'PHYS1173'),(620065236,'PHYS1930'),(620065236,'MATH1262');
INSERT INTO Users VALUES (620065237,'Agnes','Finkenbinder','AgnesFinkenbinder@gmail.com','FinkenbinderAgnes');
INSERT INTO Students VALUES (620065237,'UNDERGRAD','01-01-2020');
INSERT INTO Enrolled (u_id,courseCode) VALUES (620065237,'PHYS2306'),(620065237,'INFO2716'),(620065237,'CHEM2727');
INSERT INTO Users VALUES (620065238,'Suzanne','Madsen','SuzanneMadsen@gmail.com','MadsenSuzanne');
INSERT INTO Students VALUES (620065238,'UNDERGRAD','01-01-2020');
INSERT INTO Enrolled (u_id,courseCode) VALUES (620065238,'COMP2077'),(620065238,'INFO2270'),(620065238,'CHEM2031'),(620065238,'ECON1498');
INSERT INTO Users VALUES (620065239,'Anderson','Horth','AndersonHorth@gmail.com','HorthAnderson');
INSERT INTO Students VALUES (620065239,'UNDERGRAD','01-01-2020');
INSERT INTO Enrolled (u_id,courseCode) VALUES (620065239,'ECON3004'),(620065239,'ECON3989'),(620065239,'BIOC1725'),(620065239,'BIOC2981'),(620065239,'MATH1454');
INSERT INTO Users VALUES (620065240,'Carol','Ekberg','CarolEkberg@gmail.com','EkbergCarol');
INSERT INTO Students VALUES (620065240,'UNDERGRAD','01-01-2020');
INSERT INTO Enrolled (u_id,courseCode) VALUES (620065240,'PHYS2338'),(620065240,'MATH3857'),(620065240,'PHYS2448'),(620065240,'CHEM1613'),(620065240,'MATH3059');
INSERT INTO Users VALUES (620065241,'Daisy','Aybar','DaisyAybar@gmail.com','AybarDaisy');
INSERT INTO Students VALUES (620065241,'UNDERGRAD','01-01-2020');
INSERT INTO Enrolled (u_id,courseCode) VALUES (620065241,'INFO3636'),(620065241,'INFO1014'),(620065241,'BIOC1534'),(620065241,'INFO1447'),(620065241,'MATH1648');
INSERT INTO Users VALUES (620065242,'Ruby','Hinojosa','RubyHinojosa@gmail.com','HinojosaRuby');
INSERT INTO Students VALUES (620065242,'UNDERGRAD','01-01-2020');
INSERT INTO Enrolled (u_id,courseCode) VALUES (620065242,'PHYS3290'),(620065242,'ECON3989'),(620065242,'CHEM2066'),(620065242,'MATH1648'),(620065242,'INFO3636'),(620065242,'COMP3685');
INSERT INTO Users VALUES (620065243,'Walter','Ryan','WalterRyan@gmail.com','RyanWalter');
INSERT INTO Students VALUES (620065243,'UNDERGRAD','01-01-2020');
INSERT INTO Enrolled (u_id,courseCode) VALUES (620065243,'INFO2813'),(620065243,'BIOC1866'),(620065243,'COMP2651'),(620065243,'CHEM1494'),(620065243,'CHEM2727'),(620065243,'BIOC3604');
INSERT INTO Users VALUES (620065244,'Jake','Early','JakeEarly@gmail.com','EarlyJake');
INSERT INTO Students VALUES (620065244,'UNDERGRAD','01-01-2020');
INSERT INTO Enrolled (u_id,courseCode) VALUES (620065244,'BIOC1052'),(620065244,'ECON2345'),(620065244,'PHYS3464'),(620065244,'PHYS1173'),(620065244,'ECON1230'),(620065244,'INFO2813');
INSERT INTO Users VALUES (620065245,'Mark','Martin','MarkMartin@gmail.com','MartinMark');
INSERT INTO Students VALUES (620065245,'UNDERGRAD','01-01-2020');
INSERT INTO Enrolled (u_id,courseCode) VALUES (620065245,'COMP3849'),(620065245,'ECON2345'),(620065245,'MATH1578');
INSERT INTO Users VALUES (620065246,'Marie','Barnett','MarieBarnett@gmail.com','BarnettMarie');
INSERT INTO Students VALUES (620065246,'UNDERGRAD','01-01-2020');
INSERT INTO Enrolled (u_id,courseCode) VALUES (620065246,'MATH1262'),(620065246,'BIOC1910'),(620065246,'ECON3737');
INSERT INTO Users VALUES (620065247,'Linda','Maione','LindaMaione@gmail.com','MaioneLinda');
INSERT INTO Students VALUES (620065247,'UNDERGRAD','01-01-2020');
INSERT INTO Enrolled (u_id,courseCode) VALUES (620065247,'ECON1783'),(620065247,'BIOC3721'),(620065247,'ECON1458'),(620065247,'CHEM3347');
INSERT INTO Users VALUES (620065248,'Luella','Mauk','LuellaMauk@gmail.com','MaukLuella');
INSERT INTO Students VALUES (620065248,'UNDERGRAD','01-01-2020');
INSERT INTO Enrolled (u_id,courseCode) VALUES (620065248,'MATH2555'),(620065248,'MATH2188'),(620065248,'MATH1148');
INSERT INTO Users VALUES (620065249,'Marjorie','Marshall','MarjorieMarshall@gmail.com','MarshallMarjorie');
INSERT INTO Students VALUES (620065249,'UNDERGRAD','01-01-2020');
INSERT INTO Enrolled (u_id,courseCode) VALUES (620065249,'COMP1460'),(620065249,'COMP2361'),(620065249,'MATH3844'),(620065249,'BIOC3341');
INSERT INTO Users VALUES (620065250,'Miguel','Mcclanahan','MiguelMcclanahan@gmail.com','McclanahanMiguel');
INSERT INTO Students VALUES (620065250,'UNDERGRAD','01-01-2020');
INSERT INTO Enrolled (u_id,courseCode) VALUES (620065250,'CHEM2481'),(620065250,'BIOC1986'),(620065250,'MATH3179'),(620065250,'CHEM3054');
INSERT INTO Users VALUES (620065251,'Walter','Howe','WalterHowe@gmail.com','HoweWalter');
INSERT INTO Students VALUES (620065251,'UNDERGRAD','01-01-2020');
INSERT INTO Enrolled (u_id,courseCode) VALUES (620065251,'BIOC1052'),(620065251,'CHEM2867'),(620065251,'ECON1230'),(620065251,'COMP1357'),(620065251,'ECON3989'),(620065251,'PHYS3290');
INSERT INTO Users VALUES (620065252,'Demetrice','Carlyle','DemetriceCarlyle@gmail.com','CarlyleDemetrice');
INSERT INTO Students VALUES (620065252,'UNDERGRAD','01-01-2020');
INSERT INTO Enrolled (u_id,courseCode) VALUES (620065252,'INFO1833'),(620065252,'MATH2957'),(620065252,'MATH1250'),(620065252,'INFO3603'),(620065252,'MATH3209');
INSERT INTO Users VALUES (620065253,'Derek','Nighman','DerekNighman@gmail.com','NighmanDerek');
INSERT INTO Students VALUES (620065253,'UNDERGRAD','01-01-2020');
INSERT INTO Enrolled (u_id,courseCode) VALUES (620065253,'CHEM3054'),(620065253,'MATH2555'),(620065253,'ECON3228');
INSERT INTO Users VALUES (620065254,'Bernie','Brown','BernieBrown@gmail.com','BrownBernie');
INSERT INTO Students VALUES (620065254,'UNDERGRAD','01-01-2020');
INSERT INTO Enrolled (u_id,courseCode) VALUES (620065254,'MATH2555'),(620065254,'BIOC3604'),(620065254,'INFO2337');
INSERT INTO Users VALUES (620065255,'Harold','Petty','HaroldPetty@gmail.com','PettyHarold');
INSERT INTO Students VALUES (620065255,'UNDERGRAD','01-01-2020');
INSERT INTO Enrolled (u_id,courseCode) VALUES (620065255,'INFO2797'),(620065255,'ECON2345'),(620065255,'MATH3029'),(620065255,'CHEM2727'),(620065255,'BIOC1866'),(620065255,'PHYS1930');
INSERT INTO Users VALUES (620065256,'Nan','Gaffney','NanGaffney@gmail.com','GaffneyNan');
INSERT INTO Students VALUES (620065256,'UNDERGRAD','01-01-2020');
INSERT INTO Enrolled (u_id,courseCode) VALUES (620065256,'PHYS2338'),(620065256,'CHEM2697'),(620065256,'CHEM2005');
INSERT INTO Users VALUES (620065257,'Randall','Brock','RandallBrock@gmail.com','BrockRandall');
INSERT INTO Students VALUES (620065257,'UNDERGRAD','01-01-2020');
INSERT INTO Enrolled (u_id,courseCode) VALUES (620065257,'MATH3029'),(620065257,'MATH2067'),(620065257,'COMP1573'),(620065257,'ECON3737');
INSERT INTO Users VALUES (620065258,'Melvin','Velasquez','MelvinVelasquez@gmail.com','VelasquezMelvin');
INSERT INTO Students VALUES (620065258,'UNDERGRAD','01-01-2020');
INSERT INTO Enrolled (u_id,courseCode) VALUES (620065258,'CHEM2005'),(620065258,'BIOC2550'),(620065258,'INFO3935'),(620065258,'BIOC1866');
INSERT INTO Users VALUES (620065259,'Dale','Davis','DaleDavis@gmail.com','DavisDale');
INSERT INTO Students VALUES (620065259,'UNDERGRAD','01-01-2020');
INSERT INTO Enrolled (u_id,courseCode) VALUES (620065259,'MATH2555'),(620065259,'PHYS3876'),(620065259,'BIOC1866'),(620065259,'INFO1990');
INSERT INTO Users VALUES (620065260,'Dwight','Alvarez','DwightAlvarez@gmail.com','AlvarezDwight');
INSERT INTO Students VALUES (620065260,'UNDERGRAD','01-01-2020');
INSERT INTO Enrolled (u_id,courseCode) VALUES (620065260,'COMP3685'),(620065260,'PHYS1399'),(620065260,'COMP3639'),(620065260,'COMP3418');
INSERT INTO Users VALUES (620065261,'Wilbur','Ekberg','WilburEkberg@gmail.com','EkbergWilbur');
INSERT INTO Students VALUES (620065261,'UNDERGRAD','01-01-2020');
INSERT INTO Enrolled (u_id,courseCode) VALUES (620065261,'BIOC1534'),(620065261,'ECON1012'),(620065261,'PHYS2451'),(620065261,'CHEM1340'),(620065261,'BIOC2671');
INSERT INTO Users VALUES (620065262,'Ladawn','Culpepper','LadawnCulpepper@gmail.com','CulpepperLadawn');
INSERT INTO Students VALUES (620065262,'UNDERGRAD','01-01-2020');
INSERT INTO Enrolled (u_id,courseCode) VALUES (620065262,'CHEM3747'),(620065262,'MATH3059'),(620065262,'ECON3020'),(620065262,'COMP3746'),(620065262,'BIOC1439'),(620065262,'PHYS3729');
INSERT INTO Users VALUES (620065263,'Nicholas','Baptiste','NicholasBaptiste@gmail.com','BaptisteNicholas');
INSERT INTO Students VALUES (620065263,'UNDERGRAD','01-01-2020');
INSERT INTO Enrolled (u_id,courseCode) VALUES (620065263,'BIOC1448'),(620065263,'COMP3746'),(620065263,'BIOC1794'),(620065263,'COMP3685'),(620065263,'COMP1051');
INSERT INTO Users VALUES (620065264,'Carolyn','Woomer','CarolynWoomer@gmail.com','WoomerCarolyn');
INSERT INTO Students VALUES (620065264,'UNDERGRAD','01-01-2020');
INSERT INTO Enrolled (u_id,courseCode) VALUES (620065264,'CHEM2220'),(620065264,'BIOC1866'),(620065264,'INFO1648'),(620065264,'COMP2717'),(620065264,'ECON1996'),(620065264,'CHEM1485');
INSERT INTO Users VALUES (620065265,'Milton','Watson','MiltonWatson@gmail.com','WatsonMilton');
INSERT INTO Students VALUES (620065265,'UNDERGRAD','01-01-2020');
INSERT INTO Enrolled (u_id,courseCode) VALUES (620065265,'ECON3447'),(620065265,'BIOC1744'),(620065265,'MATH3209'),(620065265,'ECON2387'),(620065265,'ECON3989');
INSERT INTO Users VALUES (620065266,'Miss','Johnson','MissJohnson@gmail.com','JohnsonMiss');
INSERT INTO Students VALUES (620065266,'UNDERGRAD','01-01-2020');
INSERT INTO Enrolled (u_id,courseCode) VALUES (620065266,'COMP2717'),(620065266,'MATH1309'),(620065266,'CHEM2149');
INSERT INTO Users VALUES (620065267,'Francis','Barrett','FrancisBarrett@gmail.com','BarrettFrancis');
INSERT INTO Students VALUES (620065267,'UNDERGRAD','01-01-2020');
INSERT INTO Enrolled (u_id,courseCode) VALUES (620065267,'INFO1447'),(620065267,'ECON2814'),(620065267,'MATH2801'),(620065267,'BIOC3721'),(620065267,'INFO1990'),(620065267,'PHYS2977');
INSERT INTO Users VALUES (620065268,'Lindsey','Lockwood','LindseyLockwood@gmail.com','LockwoodLindsey');
INSERT INTO Students VALUES (620065268,'UNDERGRAD','01-01-2020');
INSERT INTO Enrolled (u_id,courseCode) VALUES (620065268,'ECON3276'),(620065268,'ECON2814'),(620065268,'COMP1357'),(620065268,'ECON3004'),(620065268,'ECON2703');
INSERT INTO Users VALUES (620065269,'Steven','Comley','StevenComley@gmail.com','ComleySteven');
INSERT INTO Students VALUES (620065269,'UNDERGRAD','01-01-2020');
INSERT INTO Enrolled (u_id,courseCode) VALUES (620065269,'ECON2814'),(620065269,'MATH3209'),(620065269,'CHEM2031'),(620065269,'ECON1645'),(620065269,'COMP3047');
INSERT INTO Users VALUES (620065270,'Sadie','Dillis','SadieDillis@gmail.com','DillisSadie');
INSERT INTO Students VALUES (620065270,'UNDERGRAD','01-01-2020');
INSERT INTO Enrolled (u_id,courseCode) VALUES (620065270,'CHEM2031'),(620065270,'INFO1648'),(620065270,'MATH2188'),(620065270,'ECON3004'),(620065270,'CHEM2177');
INSERT INTO Users VALUES (620065271,'Lilla','Hayes','LillaHayes@gmail.com','HayesLilla');
INSERT INTO Students VALUES (620065271,'UNDERGRAD','01-01-2020');
INSERT INTO Enrolled (u_id,courseCode) VALUES (620065271,'CHEM3617'),(620065271,'CHEM1613'),(620065271,'CHEM2005'),(620065271,'BIOC1439'),(620065271,'INFO2521');
INSERT INTO Users VALUES (620065272,'Cheryl','English','CherylEnglish@gmail.com','EnglishCheryl');
INSERT INTO Students VALUES (620065272,'UNDERGRAD','01-01-2020');
INSERT INTO Enrolled (u_id,courseCode) VALUES (620065272,'BIOC1448'),(620065272,'MATH1454'),(620065272,'BIOC2550'),(620065272,'CHEM1807');
INSERT INTO Users VALUES (620065273,'Antionette','Kenney','AntionetteKenney@gmail.com','KenneyAntionette');
INSERT INTO Students VALUES (620065273,'UNDERGRAD','01-01-2020');
INSERT INTO Enrolled (u_id,courseCode) VALUES (620065273,'BIOC2671'),(620065273,'ECON1498'),(620065273,'CHEM2066'),(620065273,'MATH1638'),(620065273,'COMP3746');
INSERT INTO Users VALUES (620065274,'Rick','Woomer','RickWoomer@gmail.com','WoomerRick');
INSERT INTO Students VALUES (620065274,'UNDERGRAD','01-01-2020');
INSERT INTO Enrolled (u_id,courseCode) VALUES (620065274,'BIOC2671'),(620065274,'INFO1288'),(620065274,'PHYS3464'),(620065274,'ECON1561'),(620065274,'COMP3639');
INSERT INTO Users VALUES (620065275,'William','Miller','WilliamMiller@gmail.com','MillerWilliam');
INSERT INTO Students VALUES (620065275,'UNDERGRAD','01-01-2020');
INSERT INTO Enrolled (u_id,courseCode) VALUES (620065275,'MATH1638'),(620065275,'COMP1184'),(620065275,'MATH3209'),(620065275,'PHYS2451');
INSERT INTO Users VALUES (620065276,'Stephen','Cochran','StephenCochran@gmail.com','CochranStephen');
INSERT INTO Students VALUES (620065276,'UNDERGRAD','01-01-2020');
INSERT INTO Enrolled (u_id,courseCode) VALUES (620065276,'CHEM1613'),(620065276,'BIOC3457'),(620065276,'ECON3063'),(620065276,'MATH2555');
INSERT INTO Users VALUES (620065277,'Chad','Laudat','ChadLaudat@gmail.com','LaudatChad');
INSERT INTO Students VALUES (620065277,'UNDERGRAD','01-01-2020');
INSERT INTO Enrolled (u_id,courseCode) VALUES (620065277,'COMP1573'),(620065277,'ECON1645'),(620065277,'PHYS1399'),(620065277,'INFO1145'),(620065277,'BIOC3341'),(620065277,'ECON1561');
INSERT INTO Users VALUES (620065278,'Esmeralda','Meraz','EsmeraldaMeraz@gmail.com','MerazEsmeralda');
INSERT INTO Students VALUES (620065278,'UNDERGRAD','01-01-2020');
INSERT INTO Enrolled (u_id,courseCode) VALUES (620065278,'ECON1012'),(620065278,'COMP3167'),(620065278,'BIOC2550'),(620065278,'COMP2400'),(620065278,'MATH2957');
INSERT INTO Users VALUES (620065279,'Joyce','Garcia','JoyceGarcia@gmail.com','GarciaJoyce');
INSERT INTO Students VALUES (620065279,'UNDERGRAD','01-01-2020');
INSERT INTO Enrolled (u_id,courseCode) VALUES (620065279,'INFO1990'),(620065279,'COMP3506'),(620065279,'COMP3173');
INSERT INTO Users VALUES (620065280,'Rick','Alexander','RickAlexander@gmail.com','AlexanderRick');
INSERT INTO Students VALUES (620065280,'UNDERGRAD','01-01-2020');
INSERT INTO Enrolled (u_id,courseCode) VALUES (620065280,'BIOC1794'),(620065280,'CHEM3347'),(620065280,'MATH2188'),(620065280,'ECON1589');
INSERT INTO Users VALUES (620065281,'Celia','Evans','CeliaEvans@gmail.com','EvansCelia');
INSERT INTO Students VALUES (620065281,'UNDERGRAD','01-01-2020');
INSERT INTO Enrolled (u_id,courseCode) VALUES (620065281,'BIOC1866'),(620065281,'PHYS2338'),(620065281,'COMP1573'),(620065281,'CHEM3747'),(620065281,'COMP3849');
INSERT INTO Users VALUES (620065282,'Nancy','Stallings','NancyStallings@gmail.com','StallingsNancy');
INSERT INTO Students VALUES (620065282,'UNDERGRAD','01-01-2020');
INSERT INTO Enrolled (u_id,courseCode) VALUES (620065282,'PHYS3729'),(620065282,'BIOC2671'),(620065282,'COMP1867'),(620065282,'ECON3063'),(620065282,'BIOC1598');
INSERT INTO Users VALUES (620065283,'Maria','Granado','MariaGranado@gmail.com','GranadoMaria');
INSERT INTO Students VALUES (620065283,'UNDERGRAD','01-01-2020');
INSERT INTO Enrolled (u_id,courseCode) VALUES (620065283,'MATH2550'),(620065283,'BIOC1439'),(620065283,'CHEM2797');
INSERT INTO Users VALUES (620065284,'Ashley','Winner','AshleyWinner@gmail.com','WinnerAshley');
INSERT INTO Students VALUES (620065284,'UNDERGRAD','01-01-2020');
INSERT INTO Enrolled (u_id,courseCode) VALUES (620065284,'BIOC2983'),(620065284,'PHYS1930'),(620065284,'BIOC2236'),(620065284,'COMP3167'),(620065284,'CHEM2005');
INSERT INTO Users VALUES (620065285,'Shalanda','Johnson','ShalandaJohnson@gmail.com','JohnsonShalanda');
INSERT INTO Students VALUES (620065285,'UNDERGRAD','01-01-2020');
INSERT INTO Enrolled (u_id,courseCode) VALUES (620065285,'BIOC1164'),(620065285,'CHEM2220'),(620065285,'CHEM2481'),(620065285,'CHEM2867'),(620065285,'MATH3059');
INSERT INTO Users VALUES (620065286,'Celia','Marshall','CeliaMarshall@gmail.com','MarshallCelia');
INSERT INTO Students VALUES (620065286,'UNDERGRAD','01-01-2020');
INSERT INTO Enrolled (u_id,courseCode) VALUES (620065286,'ECON1561'),(620065286,'BIOC1598'),(620065286,'CHEM2727'),(620065286,'MATH2188');
INSERT INTO Users VALUES (620065287,'Lorenza','Campbell','LorenzaCampbell@gmail.com','CampbellLorenza');
INSERT INTO Students VALUES (620065287,'UNDERGRAD','01-01-2020');
INSERT INTO Enrolled (u_id,courseCode) VALUES (620065287,'MATH1648'),(620065287,'BIOC3604'),(620065287,'CHEM2177'),(620065287,'INFO2559');
INSERT INTO Users VALUES (620065288,'Nathan','May','NathanMay@gmail.com','MayNathan');
INSERT INTO Students VALUES (620065288,'UNDERGRAD','01-01-2020');
INSERT INTO Enrolled (u_id,courseCode) VALUES (620065288,'COMP3084'),(620065288,'BIOC1104'),(620065288,'PHYS1979'),(620065288,'BIOC2550');
INSERT INTO Users VALUES (620065289,'Ralph','Bras','RalphBras@gmail.com','BrasRalph');
INSERT INTO Students VALUES (620065289,'UNDERGRAD','01-01-2020');
INSERT INTO Enrolled (u_id,courseCode) VALUES (620065289,'PHYS2451'),(620065289,'MATH3173'),(620065289,'BIOC1598'),(620065289,'ECON3311'),(620065289,'ECON1458'),(620065289,'MATH2067');
INSERT INTO Users VALUES (620065290,'Juan','Eaton','JuanEaton@gmail.com','EatonJuan');
INSERT INTO Students VALUES (620065290,'UNDERGRAD','01-01-2020');
INSERT INTO Enrolled (u_id,courseCode) VALUES (620065290,'MATH1309'),(620065290,'INFO2797'),(620065290,'INFO2337'),(620065290,'BIOC1598'),(620065290,'ECON3004'),(620065290,'PHYS2306');
INSERT INTO Users VALUES (620065291,'Michelle','Duffy','MichelleDuffy@gmail.com','DuffyMichelle');
INSERT INTO Students VALUES (620065291,'UNDERGRAD','01-01-2020');
INSERT INTO Enrolled (u_id,courseCode) VALUES (620065291,'PHYS3464'),(620065291,'INFO1145'),(620065291,'CHEM2797'),(620065291,'CHEM2604');
INSERT INTO Users VALUES (620065292,'Elmer','Garrett','ElmerGarrett@gmail.com','GarrettElmer');
INSERT INTO Students VALUES (620065292,'UNDERGRAD','01-01-2020');
INSERT INTO Enrolled (u_id,courseCode) VALUES (620065292,'INFO1145'),(620065292,'INFO2950'),(620065292,'COMP2080'),(620065292,'BIOC3191'),(620065292,'COMP3746'),(620065292,'BIOC2981');
INSERT INTO Users VALUES (620065293,'Greg','Campbell','GregCampbell@gmail.com','CampbellGreg');
INSERT INTO Students VALUES (620065293,'UNDERGRAD','01-01-2020');
INSERT INTO Enrolled (u_id,courseCode) VALUES (620065293,'CHEM3888'),(620065293,'PHYS2238'),(620065293,'MATH2717'),(620065293,'MATH3209'),(620065293,'CHEM2031'),(620065293,'INFO2811');
INSERT INTO Users VALUES (620065294,'Don','Gaffney','DonGaffney@gmail.com','GaffneyDon');
INSERT INTO Students VALUES (620065294,'UNDERGRAD','01-01-2020');
INSERT INTO Enrolled (u_id,courseCode) VALUES (620065294,'COMP2080'),(620065294,'PHYS1930'),(620065294,'INFO2860'),(620065294,'CHEM2066');
INSERT INTO Users VALUES (620065295,'Maria','Lorenz','MariaLorenz@gmail.com','LorenzMaria');
INSERT INTO Students VALUES (620065295,'UNDERGRAD','01-01-2020');
INSERT INTO Enrolled (u_id,courseCode) VALUES (620065295,'BIOC2589'),(620065295,'ECON1996'),(620065295,'PHYS3354');
INSERT INTO Users VALUES (620065296,'Bryan','Swan','BryanSwan@gmail.com','SwanBryan');
INSERT INTO Students VALUES (620065296,'UNDERGRAD','01-01-2020');
INSERT INTO Enrolled (u_id,courseCode) VALUES (620065296,'MATH1578'),(620065296,'PHYS2338'),(620065296,'COMP2400'),(620065296,'COMP3506');
INSERT INTO Users VALUES (620065297,'Jeffrey','Rankin','JeffreyRankin@gmail.com','RankinJeffrey');
INSERT INTO Students VALUES (620065297,'UNDERGRAD','01-01-2020');
INSERT INTO Enrolled (u_id,courseCode) VALUES (620065297,'PHYS2977'),(620065297,'PHYS1993'),(620065297,'ECON3281'),(620065297,'CHEM3409'),(620065297,'PHYS2338');
INSERT INTO Users VALUES (620065298,'Christina','Hamilton','ChristinaHamilton@gmail.com','HamiltonChristina');
INSERT INTO Students VALUES (620065298,'UNDERGRAD','01-01-2020');
INSERT INTO Enrolled (u_id,courseCode) VALUES (620065298,'BIOC1439'),(620065298,'CHEM3617'),(620065298,'PHYS3464'),(620065298,'BIOC1052'),(620065298,'MATH3059');
INSERT INTO Users VALUES (620065299,'Deanna','Lemieux','DeannaLemieux@gmail.com','LemieuxDeanna');
INSERT INTO Students VALUES (620065299,'UNDERGRAD','01-01-2020');
INSERT INTO Enrolled (u_id,courseCode) VALUES (620065299,'INFO3419'),(620065299,'INFO2559'),(620065299,'CHEM3327'),(620065299,'CHEM1485');
INSERT INTO Users VALUES (620065300,'Harold','Sharp','HaroldSharp@gmail.com','SharpHarold');
INSERT INTO Students VALUES (620065300,'UNDERGRAD','01-01-2020');
INSERT INTO Enrolled (u_id,courseCode) VALUES (620065300,'MATH2550'),(620065300,'CHEM2604'),(620065300,'MATH3222'),(620065300,'INFO1447');
INSERT INTO Users VALUES (620065301,'Randy','Horth','RandyHorth@gmail.com','HorthRandy');
INSERT INTO Students VALUES (620065301,'UNDERGRAD','01-01-2020');
INSERT INTO Enrolled (u_id,courseCode) VALUES (620065301,'ECON1012'),(620065301,'CHEM2066'),(620065301,'MATH3857'),(620065301,'CHEM3888'),(620065301,'COMP1867'),(620065301,'COMP3746');
INSERT INTO Users VALUES (620065302,'Kenneth','Lowrey','KennethLowrey@gmail.com','LowreyKenneth');
INSERT INTO Students VALUES (620065302,'UNDERGRAD','01-01-2020');
INSERT INTO Enrolled (u_id,courseCode) VALUES (620065302,'CHEM2220'),(620065302,'MATH2067'),(620065302,'MATH3844'),(620065302,'INFO2147'),(620065302,'CHEM3888');
INSERT INTO Users VALUES (620065303,'Antionette','Rankin','AntionetteRankin@gmail.com','RankinAntionette');
INSERT INTO Students VALUES (620065303,'UNDERGRAD','01-01-2020');
INSERT INTO Enrolled (u_id,courseCode) VALUES (620065303,'CHEM3888'),(620065303,'CHEM2604'),(620065303,'ECON3004');
INSERT INTO Users VALUES (620065304,'Rodney','Harrington','RodneyHarrington@gmail.com','HarringtonRodney');
INSERT INTO Students VALUES (620065304,'UNDERGRAD','01-01-2020');
INSERT INTO Enrolled (u_id,courseCode) VALUES (620065304,'PHYS1173'),(620065304,'MATH1262'),(620065304,'BIOC1164'),(620065304,'BIOC1744'),(620065304,'ECON3989');
INSERT INTO Users VALUES (620065305,'Marshall','Bras','MarshallBras@gmail.com','BrasMarshall');
INSERT INTO Students VALUES (620065305,'UNDERGRAD','01-01-2020');
INSERT INTO Enrolled (u_id,courseCode) VALUES (620065305,'BIOC1744'),(620065305,'ECON1561'),(620065305,'PHYS1979'),(620065305,'BIOC1052'),(620065305,'CHEM3747');
INSERT INTO Users VALUES (620065306,'Bernie','Lindstrom','BernieLindstrom@gmail.com','LindstromBernie');
INSERT INTO Students VALUES (620065306,'UNDERGRAD','01-01-2020');
INSERT INTO Enrolled (u_id,courseCode) VALUES (620065306,'BIOC1794'),(620065306,'MATH3209'),(620065306,'ECON3737'),(620065306,'CHEM2697');
INSERT INTO Users VALUES (620065307,'Orlando','Hayes','OrlandoHayes@gmail.com','HayesOrlando');
INSERT INTO Students VALUES (620065307,'UNDERGRAD','01-01-2020');
INSERT INTO Enrolled (u_id,courseCode) VALUES (620065307,'ECON3989'),(620065307,'COMP2077'),(620065307,'COMP2400');
INSERT INTO Users VALUES (620065308,'Eugene','Avery','EugeneAvery@gmail.com','AveryEugene');
INSERT INTO Students VALUES (620065308,'UNDERGRAD','01-01-2020');
INSERT INTO Enrolled (u_id,courseCode) VALUES (620065308,'ECON3085'),(620065308,'MATH2501'),(620065308,'MATH1454');
INSERT INTO Users VALUES (620065309,'Clifford','Christenberry','CliffordChristenberry@gmail.com','ChristenberryClifford');
INSERT INTO Students VALUES (620065309,'UNDERGRAD','01-01-2020');
INSERT INTO Enrolled (u_id,courseCode) VALUES (620065309,'INFO3645'),(620065309,'CHEM3409'),(620065309,'MATH1972'),(620065309,'INFO2813'),(620065309,'ECON3372');
INSERT INTO Users VALUES (620065310,'Edwin','Saunders','EdwinSaunders@gmail.com','SaundersEdwin');
INSERT INTO Students VALUES (620065310,'UNDERGRAD','01-01-2020');
INSERT INTO Enrolled (u_id,courseCode) VALUES (620065310,'PHYS2977'),(620065310,'COMP2651'),(620065310,'PHYS2451'),(620065310,'PHYS3659');
INSERT INTO Users VALUES (620065311,'Scott','Danker','ScottDanker@gmail.com','DankerScott');
INSERT INTO Students VALUES (620065311,'UNDERGRAD','01-01-2020');
INSERT INTO Enrolled (u_id,courseCode) VALUES (620065311,'CHEM2697'),(620065311,'BIOC3604'),(620065311,'BIOC1052'),(620065311,'INFO1288');
INSERT INTO Users VALUES (620065312,'Patsy','Butcher','PatsyButcher@gmail.com','ButcherPatsy');
INSERT INTO Students VALUES (620065312,'UNDERGRAD','01-01-2020');
INSERT INTO Enrolled (u_id,courseCode) VALUES (620065312,'ECON2703'),(620065312,'INFO2636'),(620065312,'INFO2950'),(620065312,'ECON3737'),(620065312,'BIOC1744');
INSERT INTO Users VALUES (620065313,'Katie','Ekberg','KatieEkberg@gmail.com','EkbergKatie');
INSERT INTO Students VALUES (620065313,'UNDERGRAD','01-01-2020');
INSERT INTO Enrolled (u_id,courseCode) VALUES (620065313,'ECON1498'),(620065313,'PHYS2229'),(620065313,'COMP3639'),(620065313,'INFO2559'),(620065313,'ECON3288'),(620065313,'BIOC2236');
INSERT INTO Users VALUES (620065314,'Jennifer','Souza','JenniferSouza@gmail.com','SouzaJennifer');
INSERT INTO Students VALUES (620065314,'UNDERGRAD','01-01-2020');
INSERT INTO Enrolled (u_id,courseCode) VALUES (620065314,'PHYS2338'),(620065314,'CHEM2727'),(620065314,'PHYS1930'),(620065314,'MATH3613'),(620065314,'COMP3697');
INSERT INTO Users VALUES (620065315,'Taylor','Mcalister','TaylorMcalister@gmail.com','McalisterTaylor');
INSERT INTO Students VALUES (620065315,'UNDERGRAD','01-01-2020');
INSERT INTO Enrolled (u_id,courseCode) VALUES (620065315,'MATH1648'),(620065315,'ECON1561'),(620065315,'MATH2067'),(620065315,'CHEM2066'),(620065315,'BIOC3341');
INSERT INTO Users VALUES (620065316,'Daisy','Kaupp','DaisyKaupp@gmail.com','KauppDaisy');
INSERT INTO Students VALUES (620065316,'UNDERGRAD','01-01-2020');
INSERT INTO Enrolled (u_id,courseCode) VALUES (620065316,'INFO2213'),(620065316,'MATH3173'),(620065316,'CHEM2727'),(620065316,'BIOC3604');
INSERT INTO Users VALUES (620065317,'Louis','Velasquez','LouisVelasquez@gmail.com','VelasquezLouis');
INSERT INTO Students VALUES (620065317,'UNDERGRAD','01-01-2020');
INSERT INTO Enrolled (u_id,courseCode) VALUES (620065317,'MATH1648'),(620065317,'PHYS2977'),(620065317,'ECON1170'),(620065317,'CHEM2066'),(620065317,'PHYS3659');
INSERT INTO Users VALUES (620065318,'Jesus','Santos','JesusSantos@gmail.com','SantosJesus');
INSERT INTO Students VALUES (620065318,'UNDERGRAD','01-01-2020');
INSERT INTO Enrolled (u_id,courseCode) VALUES (620065318,'BIOC2671'),(620065318,'ECON3276'),(620065318,'MATH2873'),(620065318,'BIOC1986');
INSERT INTO Users VALUES (620065319,'Charlotte','Meisner','CharlotteMeisner@gmail.com','MeisnerCharlotte');
INSERT INTO Students VALUES (620065319,'UNDERGRAD','01-01-2020');
INSERT INTO Enrolled (u_id,courseCode) VALUES (620065319,'INFO1825'),(620065319,'ECON1561'),(620065319,'MATH3173'),(620065319,'ECON3004');
INSERT INTO Users VALUES (620065320,'Melvin','Mccarthy','MelvinMccarthy@gmail.com','MccarthyMelvin');
INSERT INTO Students VALUES (620065320,'UNDERGRAD','01-01-2020');
INSERT INTO Enrolled (u_id,courseCode) VALUES (620065320,'COMP3238'),(620065320,'ECON2703'),(620065320,'PHYS1399');
INSERT INTO Users VALUES (620065321,'Juan','Reyes','JuanReyes@gmail.com','ReyesJuan');
INSERT INTO Students VALUES (620065321,'UNDERGRAD','01-01-2020');
INSERT INTO Enrolled (u_id,courseCode) VALUES (620065321,'CHEM3793'),(620065321,'PHYS1399'),(620065321,'ECON1498');
INSERT INTO Users VALUES (620065322,'Beverly','Amberg','BeverlyAmberg@gmail.com','AmbergBeverly');
INSERT INTO Students VALUES (620065322,'UNDERGRAD','01-01-2020');
INSERT INTO Enrolled (u_id,courseCode) VALUES (620065322,'COMP3506'),(620065322,'PHYS3354'),(620065322,'PHYS1930'),(620065322,'MATH3059'),(620065322,'COMP2077');
INSERT INTO Users VALUES (620065323,'Shayne','Robertson','ShayneRobertson@gmail.com','RobertsonShayne');
INSERT INTO Students VALUES (620065323,'UNDERGRAD','01-01-2020');
INSERT INTO Enrolled (u_id,courseCode) VALUES (620065323,'PHYS3052'),(620065323,'COMP3167'),(620065323,'PHYS3686'),(620065323,'CHEM2031'),(620065323,'COMP3506'),(620065323,'PHYS1140');
INSERT INTO Users VALUES (620065324,'Evelyn','Evans','EvelynEvans@gmail.com','EvansEvelyn');
INSERT INTO Students VALUES (620065324,'UNDERGRAD','01-01-2020');
INSERT INTO Enrolled (u_id,courseCode) VALUES (620065324,'PHYS1140'),(620065324,'ECON2345'),(620065324,'MATH2873'),(620065324,'INFO2860'),(620065324,'CHEM2066'),(620065324,'CHEM2177');
INSERT INTO Users VALUES (620065325,'Mary','Laramee','MaryLaramee@gmail.com','LarameeMary');
INSERT INTO Students VALUES (620065325,'UNDERGRAD','01-01-2020');
INSERT INTO Enrolled (u_id,courseCode) VALUES (620065325,'PHYS1930'),(620065325,'BIOC3604'),(620065325,'ECON3063'),(620065325,'COMP3238'),(620065325,'CHEM1494'),(620065325,'COMP2400');
INSERT INTO Users VALUES (620065326,'Gloria','Long','GloriaLong@gmail.com','LongGloria');
INSERT INTO Students VALUES (620065326,'UNDERGRAD','01-01-2020');
INSERT INTO Enrolled (u_id,courseCode) VALUES (620065326,'BIOC1534'),(620065326,'CHEM3888'),(620065326,'MATH2957'),(620065326,'COMP3639'),(620065326,'COMP2965'),(620065326,'CHEM2220');
INSERT INTO Users VALUES (620065327,'Patsy','Mitchell','PatsyMitchell@gmail.com','MitchellPatsy');
INSERT INTO Students VALUES (620065327,'UNDERGRAD','01-01-2020');
INSERT INTO Enrolled (u_id,courseCode) VALUES (620065327,'PHYS3686'),(620065327,'CHEM3614'),(620065327,'MATH1648'),(620065327,'ECON3276'),(620065327,'MATH3029');
INSERT INTO Users VALUES (620065328,'Carrie','Richardson','CarrieRichardson@gmail.com','RichardsonCarrie');
INSERT INTO Students VALUES (620065328,'UNDERGRAD','01-01-2020');
INSERT INTO Enrolled (u_id,courseCode) VALUES (620065328,'ECON3989'),(620065328,'INFO2147'),(620065328,'PHYS2448'),(620065328,'PHYS3876'),(620065328,'PHYS3290'),(620065328,'PHYS1993');
INSERT INTO Users VALUES (620065329,'Nathan','Krout','NathanKrout@gmail.com','KroutNathan');
INSERT INTO Students VALUES (620065329,'UNDERGRAD','01-01-2020');
INSERT INTO Enrolled (u_id,courseCode) VALUES (620065329,'ECON1098'),(620065329,'PHYS2117'),(620065329,'COMP3849');
INSERT INTO Users VALUES (620065330,'Roy','Robertson','RoyRobertson@gmail.com','RobertsonRoy');
INSERT INTO Students VALUES (620065330,'UNDERGRAD','01-01-2020');
INSERT INTO Enrolled (u_id,courseCode) VALUES (620065330,'PHYS1930'),(620065330,'ECON1589'),(620065330,'PHYS3787'),(620065330,'MATH1648');
INSERT INTO Users VALUES (620065331,'Aaron','Duffie','AaronDuffie@gmail.com','DuffieAaron');
INSERT INTO Students VALUES (620065331,'UNDERGRAD','01-01-2020');
INSERT INTO Enrolled (u_id,courseCode) VALUES (620065331,'COMP1543'),(620065331,'ECON3085'),(620065331,'PHYS3339'),(620065331,'ECON1170');
INSERT INTO Users VALUES (620065332,'Taylor','Vargas','TaylorVargas@gmail.com','VargasTaylor');
INSERT INTO Students VALUES (620065332,'UNDERGRAD','01-01-2020');
INSERT INTO Enrolled (u_id,courseCode) VALUES (620065332,'INFO3603'),(620065332,'BIOC1164'),(620065332,'COMP1460'),(620065332,'CHEM3054'),(620065332,'MATH3059');
INSERT INTO Users VALUES (620065333,'Marshall','Velasquez','MarshallVelasquez@gmail.com','VelasquezMarshall');
INSERT INTO Students VALUES (620065333,'UNDERGRAD','01-01-2020');
INSERT INTO Enrolled (u_id,courseCode) VALUES (620065333,'INFO2860'),(620065333,'COMP3173'),(620065333,'PHYS2451'),(620065333,'ECON3063');
INSERT INTO Users VALUES (620065334,'Francis','Parker','FrancisParker@gmail.com','ParkerFrancis');
INSERT INTO Students VALUES (620065334,'UNDERGRAD','01-01-2020');
INSERT INTO Enrolled (u_id,courseCode) VALUES (620065334,'MATH1578'),(620065334,'COMP3849'),(620065334,'ECON3281');
INSERT INTO Users VALUES (620065335,'Derek','Mchenry','DerekMchenry@gmail.com','MchenryDerek');
INSERT INTO Students VALUES (620065335,'UNDERGRAD','01-01-2020');
INSERT INTO Enrolled (u_id,courseCode) VALUES (620065335,'PHYS2117'),(620065335,'ECON1012'),(620065335,'MATH3059'),(620065335,'PHYS3659'),(620065335,'CHEM2220');
INSERT INTO Users VALUES (620065336,'Howard','Ratterman','HowardRatterman@gmail.com','RattermanHoward');
INSERT INTO Students VALUES (620065336,'UNDERGRAD','01-01-2020');
INSERT INTO Enrolled (u_id,courseCode) VALUES (620065336,'INFO2559'),(620065336,'MATH3173'),(620065336,'MATH2717'),(620065336,'BIOC2236'),(620065336,'ECON3281');
INSERT INTO Users VALUES (620065337,'Geoffrey','Lowrey','GeoffreyLowrey@gmail.com','LowreyGeoffrey');
INSERT INTO Students VALUES (620065337,'UNDERGRAD','01-01-2020');
INSERT INTO Enrolled (u_id,courseCode) VALUES (620065337,'CHEM3409'),(620065337,'PHYS3290'),(620065337,'CHEM1613'),(620065337,'INFO3645');
INSERT INTO Users VALUES (620065338,'Dwayne','Bennett','DwayneBennett@gmail.com','BennettDwayne');
INSERT INTO Students VALUES (620065338,'UNDERGRAD','01-01-2020');
INSERT INTO Enrolled (u_id,courseCode) VALUES (620065338,'COMP2717'),(620065338,'CHEM2005'),(620065338,'COMP2400'),(620065338,'PHYS3876');
INSERT INTO Users VALUES (620065339,'Walter','Kimbrell','WalterKimbrell@gmail.com','KimbrellWalter');
INSERT INTO Students VALUES (620065339,'UNDERGRAD','01-01-2020');
INSERT INTO Enrolled (u_id,courseCode) VALUES (620065339,'BIOC1104'),(620065339,'PHYS3354'),(620065339,'CHEM2149'),(620065339,'INFO2636'),(620065339,'PHYS2306'),(620065339,'INFO3645');
INSERT INTO Users VALUES (620065340,'George','Atkins','GeorgeAtkins@gmail.com','AtkinsGeorge');
INSERT INTO Students VALUES (620065340,'UNDERGRAD','01-01-2020');
INSERT INTO Enrolled (u_id,courseCode) VALUES (620065340,'COMP3418'),(620065340,'ECON1996'),(620065340,'BIOC3457');
INSERT INTO Users VALUES (620065341,'Vernon','Caudill','VernonCaudill@gmail.com','CaudillVernon');
INSERT INTO Students VALUES (620065341,'UNDERGRAD','01-01-2020');
INSERT INTO Enrolled (u_id,courseCode) VALUES (620065341,'CHEM2066'),(620065341,'INFO2147'),(620065341,'CHEM2446'),(620065341,'INFO3645'),(620065341,'ECON3372'),(620065341,'MATH1578');
INSERT INTO Users VALUES (620065342,'Richard','Vanwyck','RichardVanwyck@gmail.com','VanwyckRichard');
INSERT INTO Students VALUES (620065342,'UNDERGRAD','01-01-2020');
INSERT INTO Enrolled (u_id,courseCode) VALUES (620065342,'COMP3173'),(620065342,'ECON2814'),(620065342,'MATH3844');
INSERT INTO Users VALUES (620065343,'Bryan','Joaquin','BryanJoaquin@gmail.com','JoaquinBryan');
INSERT INTO Students VALUES (620065343,'UNDERGRAD','01-01-2020');
INSERT INTO Enrolled (u_id,courseCode) VALUES (620065343,'PHYS3787'),(620065343,'MATH1148'),(620065343,'INFO2337'),(620065343,'INFO3645'),(620065343,'BIOC1534');
INSERT INTO Users VALUES (620065344,'Vivian','Fields','VivianFields@gmail.com','FieldsVivian');
INSERT INTO Students VALUES (620065344,'UNDERGRAD','01-01-2020');
INSERT INTO Enrolled (u_id,courseCode) VALUES (620065344,'INFO2521'),(620065344,'CHEM3054'),(620065344,'BIOC3457'),(620065344,'BIOC1794');
INSERT INTO Users VALUES (620065345,'Gordon','Laudat','GordonLaudat@gmail.com','LaudatGordon');
INSERT INTO Students VALUES (620065345,'UNDERGRAD','01-01-2020');
INSERT INTO Enrolled (u_id,courseCode) VALUES (620065345,'CHEM2604'),(620065345,'CHEM1613'),(620065345,'MATH1454'),(620065345,'PHYS3052'),(620065345,'ECON3372'),(620065345,'INFO2860');
INSERT INTO Users VALUES (620065346,'Wilbur','Finkenbinder','WilburFinkenbinder@gmail.com','FinkenbinderWilbur');
INSERT INTO Students VALUES (620065346,'UNDERGRAD','01-01-2020');
INSERT INTO Enrolled (u_id,courseCode) VALUES (620065346,'MATH3857'),(620065346,'PHYS3659'),(620065346,'ECON1012'),(620065346,'MATH1638'),(620065346,'COMP3536'),(620065346,'MATH1250');
INSERT INTO Users VALUES (620065347,'Frankie','Atkins','FrankieAtkins@gmail.com','AtkinsFrankie');
INSERT INTO Students VALUES (620065347,'UNDERGRAD','01-01-2020');
INSERT INTO Enrolled (u_id,courseCode) VALUES (620065347,'INFO1825'),(620065347,'ECON3737'),(620065347,'BIOC1439'),(620065347,'PHYS3354');
INSERT INTO Users VALUES (620065348,'Shalanda','Gilmore','ShalandaGilmore@gmail.com','GilmoreShalanda');
INSERT INTO Students VALUES (620065348,'UNDERGRAD','01-01-2020');
INSERT INTO Enrolled (u_id,courseCode) VALUES (620065348,'COMP2080'),(620065348,'ECON1458'),(620065348,'MATH2188');
INSERT INTO Users VALUES (620065349,'Miss','Stovall','MissStovall@gmail.com','StovallMiss');
INSERT INTO Students VALUES (620065349,'UNDERGRAD','01-01-2020');
INSERT INTO Enrolled (u_id,courseCode) VALUES (620065349,'ECON2703'),(620065349,'ECON3523'),(620065349,'MATH3029'),(620065349,'ECON1098'),(620065349,'MATH3844'),(620065349,'COMP2361');
INSERT INTO Users VALUES (620065350,'Timothy','Morey','TimothyMorey@gmail.com','MoreyTimothy');
INSERT INTO Students VALUES (620065350,'UNDERGRAD','01-01-2020');
INSERT INTO Enrolled (u_id,courseCode) VALUES (620065350,'COMP2361'),(620065350,'INFO2636'),(620065350,'ECON3372'),(620065350,'MATH3222'),(620065350,'BIOC1744');
INSERT INTO Users VALUES (620065351,'Eric','Campbell','EricCampbell@gmail.com','CampbellEric');
INSERT INTO Students VALUES (620065351,'UNDERGRAD','01-01-2020');
INSERT INTO Enrolled (u_id,courseCode) VALUES (620065351,'ECON3004'),(620065351,'CHEM1613'),(620065351,'INFO2636'),(620065351,'COMP2080'),(620065351,'ECON3523');
INSERT INTO Users VALUES (620065352,'Jesus','Fields','JesusFields@gmail.com','FieldsJesus');
INSERT INTO Students VALUES (620065352,'UNDERGRAD','01-01-2020');
INSERT INTO Enrolled (u_id,courseCode) VALUES (620065352,'PHYS2117'),(620065352,'CHEM3747'),(620065352,'INFO2636'),(620065352,'PHYS2563'),(620065352,'COMP2541');
INSERT INTO Users VALUES (620065353,'Douglas','Harrington','DouglasHarrington@gmail.com','HarringtonDouglas');
INSERT INTO Students VALUES (620065353,'UNDERGRAD','01-01-2020');
INSERT INTO Enrolled (u_id,courseCode) VALUES (620065353,'MATH1454'),(620065353,'BIOC2983'),(620065353,'INFO1648'),(620065353,'INFO1288'),(620065353,'PHYS2667'),(620065353,'PHYS3354');
INSERT INTO Users VALUES (620065354,'Joseph','Calloway','JosephCalloway@gmail.com','CallowayJoseph');
INSERT INTO Students VALUES (620065354,'UNDERGRAD','01-01-2020');
INSERT INTO Enrolled (u_id,courseCode) VALUES (620065354,'PHYS3052'),(620065354,'MATH1250'),(620065354,'BIOC1448'),(620065354,'INFO2147');
INSERT INTO Users VALUES (620065355,'Kendra','Braun','KendraBraun@gmail.com','BraunKendra');
INSERT INTO Students VALUES (620065355,'UNDERGRAD','01-01-2020');
INSERT INTO Enrolled (u_id,courseCode) VALUES (620065355,'BIOC3604'),(620065355,'INFO2811'),(620065355,'CHEM1494'),(620065355,'CHEM1340'),(620065355,'INFO2797'),(620065355,'COMP3047');
INSERT INTO Users VALUES (620065356,'Peter','Finkenbinder','PeterFinkenbinder@gmail.com','FinkenbinderPeter');
INSERT INTO Students VALUES (620065356,'UNDERGRAD','01-01-2020');
INSERT INTO Enrolled (u_id,courseCode) VALUES (620065356,'COMP2541'),(620065356,'ECON3311'),(620065356,'PHYS3876'),(620065356,'BIOC2983');
INSERT INTO Users VALUES (620065357,'Rachel','Sharp','RachelSharp@gmail.com','SharpRachel');
INSERT INTO Students VALUES (620065357,'UNDERGRAD','01-01-2020');
INSERT INTO Enrolled (u_id,courseCode) VALUES (620065357,'MATH1972'),(620065357,'BIOC3457'),(620065357,'BIOC1910'),(620065357,'BIOC1052');
INSERT INTO Users VALUES (620065358,'Joan','Avery','JoanAvery@gmail.com','AveryJoan');
INSERT INTO Students VALUES (620065358,'UNDERGRAD','01-01-2020');
INSERT INTO Enrolled (u_id,courseCode) VALUES (620065358,'PHYS2451'),(620065358,'COMP2361'),(620065358,'PHYS1930');
INSERT INTO Users VALUES (620065359,'Shane','Caudill','ShaneCaudill@gmail.com','CaudillShane');
INSERT INTO Students VALUES (620065359,'UNDERGRAD','01-01-2020');
INSERT INTO Enrolled (u_id,courseCode) VALUES (620065359,'CHEM3347'),(620065359,'INFO2147'),(620065359,'ECON3288'),(620065359,'CHEM1340');
INSERT INTO Users VALUES (620065360,'Justin','Krout','JustinKrout@gmail.com','KroutJustin');
INSERT INTO Students VALUES (620065360,'UNDERGRAD','01-01-2020');
INSERT INTO Enrolled (u_id,courseCode) VALUES (620065360,'MATH1648'),(620065360,'BIOC2236'),(620065360,'BIOC1794'),(620065360,'BIOC2550');
INSERT INTO Users VALUES (620065361,'Isreal','Swan','IsrealSwan@gmail.com','SwanIsreal');
INSERT INTO Students VALUES (620065361,'UNDERGRAD','01-01-2020');
INSERT INTO Enrolled (u_id,courseCode) VALUES (620065361,'COMP2651'),(620065361,'CHEM1485'),(620065361,'BIOC3604');
INSERT INTO Users VALUES (620065362,'Tony','Robles','TonyRobles@gmail.com','RoblesTony');
INSERT INTO Students VALUES (620065362,'UNDERGRAD','01-01-2020');
INSERT INTO Enrolled (u_id,courseCode) VALUES (620065362,'MATH1638'),(620065362,'PHYS2113'),(620065362,'BIOC2054'),(620065362,'INFO1833');
INSERT INTO Users VALUES (620065363,'Tanya','Dunn','TanyaDunn@gmail.com','DunnTanya');
INSERT INTO Students VALUES (620065363,'UNDERGRAD','01-01-2020');
INSERT INTO Enrolled (u_id,courseCode) VALUES (620065363,'COMP2651'),(620065363,'MATH3179'),(620065363,'INFO2716'),(620065363,'MATH2188'),(620065363,'CHEM3409'),(620065363,'ECON1230');
INSERT INTO Users VALUES (620065364,'Edward','Decker','EdwardDecker@gmail.com','DeckerEdward');
INSERT INTO Students VALUES (620065364,'UNDERGRAD','01-01-2020');
INSERT INTO Enrolled (u_id,courseCode) VALUES (620065364,'CHEM2066'),(620065364,'BIOC1910'),(620065364,'MATH1250'),(620065364,'COMP1573'),(620065364,'ECON3085'),(620065364,'PHYS3052');
INSERT INTO Users VALUES (620065365,'Isreal','Decker','IsrealDecker@gmail.com','DeckerIsreal');
INSERT INTO Students VALUES (620065365,'UNDERGRAD','01-01-2020');
INSERT INTO Enrolled (u_id,courseCode) VALUES (620065365,'COMP2361'),(620065365,'PHYS2238'),(620065365,'CHEM3793'),(620065365,'PHYS2229'),(620065365,'MATH1250'),(620065365,'ECON3311');
INSERT INTO Users VALUES (620065366,'Larry','Mance','LarryMance@gmail.com','ManceLarry');
INSERT INTO Students VALUES (620065366,'UNDERGRAD','01-01-2020');
INSERT INTO Enrolled (u_id,courseCode) VALUES (620065366,'PHYS1930'),(620065366,'CHEM3747'),(620065366,'ECON1230'),(620065366,'COMP2361'),(620065366,'ECON1498'),(620065366,'PHYS1140');
INSERT INTO Users VALUES (620065367,'Lois','Caudill','LoisCaudill@gmail.com','CaudillLois');
INSERT INTO Students VALUES (620065367,'UNDERGRAD','01-01-2020');
INSERT INTO Enrolled (u_id,courseCode) VALUES (620065367,'CHEM1340'),(620065367,'MATH2501'),(620065367,'MATH2717'),(620065367,'INFO2147');
INSERT INTO Users VALUES (620065368,'Eric','Sullivan','EricSullivan@gmail.com','SullivanEric');
INSERT INTO Students VALUES (620065368,'UNDERGRAD','01-01-2020');
INSERT INTO Enrolled (u_id,courseCode) VALUES (620065368,'ECON2345'),(620065368,'CHEM1807'),(620065368,'CHEM3888'),(620065368,'MATH2188'),(620065368,'MATH2067');
INSERT INTO Users VALUES (620065369,'Hazel','James','HazelJames@gmail.com','JamesHazel');
INSERT INTO Students VALUES (620065369,'UNDERGRAD','01-01-2020');
INSERT INTO Enrolled (u_id,courseCode) VALUES (620065369,'INFO2147'),(620065369,'COMP3418'),(620065369,'ECON3447'),(620065369,'MATH1262'),(620065369,'PHYS3659');
INSERT INTO Users VALUES (620065370,'Diane','Caudill','DianeCaudill@gmail.com','CaudillDiane');
INSERT INTO Students VALUES (620065370,'UNDERGRAD','01-01-2020');
INSERT INTO Enrolled (u_id,courseCode) VALUES (620065370,'ECON1098'),(620065370,'MATH2873'),(620065370,'COMP3697'),(620065370,'BIOC1910'),(620065370,'BIOC1052');
INSERT INTO Users VALUES (620065371,'Francis','Hauser','FrancisHauser@gmail.com','HauserFrancis');
INSERT INTO Students VALUES (620065371,'UNDERGRAD','01-01-2020');
INSERT INTO Enrolled (u_id,courseCode) VALUES (620065371,'MATH3209'),(620065371,'BIOC1485'),(620065371,'CHEM2697'),(620065371,'PHYS1993');
INSERT INTO Users VALUES (620065372,'Manuel','Turner','ManuelTurner@gmail.com','TurnerManuel');
INSERT INTO Students VALUES (620065372,'UNDERGRAD','01-01-2020');
INSERT INTO Enrolled (u_id,courseCode) VALUES (620065372,'PHYS2563'),(620065372,'COMP2651'),(620065372,'MATH3857'),(620065372,'BIOC2981'),(620065372,'PHYS1140');
INSERT INTO Users VALUES (620065373,'Vivian','Hoyer','VivianHoyer@gmail.com','HoyerVivian');
INSERT INTO Students VALUES (620065373,'UNDERGRAD','01-01-2020');
INSERT INTO Enrolled (u_id,courseCode) VALUES (620065373,'ECON1645'),(620065373,'PHYS3464'),(620065373,'CHEM3327'),(620065373,'PHYS2117'),(620065373,'PHYS2229'),(620065373,'ECON1498');
INSERT INTO Users VALUES (620065374,'Tiara','Pantoja','TiaraPantoja@gmail.com','PantojaTiara');
INSERT INTO Students VALUES (620065374,'UNDERGRAD','01-01-2020');
INSERT INTO Enrolled (u_id,courseCode) VALUES (620065374,'CHEM2697'),(620065374,'CHEM2177'),(620065374,'PHYS2448'),(620065374,'COMP1184'),(620065374,'INFO1648'),(620065374,'CHEM3409');
INSERT INTO Users VALUES (620065375,'Marshall','Hoffman','MarshallHoffman@gmail.com','HoffmanMarshall');
INSERT INTO Students VALUES (620065375,'UNDERGRAD','01-01-2020');
INSERT INTO Enrolled (u_id,courseCode) VALUES (620065375,'PHYS2117'),(620065375,'MATH3222'),(620065375,'BIOC3604'),(620065375,'COMP2651'),(620065375,'CHEM1613');
INSERT INTO Users VALUES (620065376,'Jimmy','Sullivan','JimmySullivan@gmail.com','SullivanJimmy');
INSERT INTO Students VALUES (620065376,'UNDERGRAD','01-01-2020');
INSERT INTO Enrolled (u_id,courseCode) VALUES (620065376,'PHYS2977'),(620065376,'BIOC3191'),(620065376,'CHEM3617'),(620065376,'PHYS2306'),(620065376,'MATH2717'),(620065376,'COMP3697');
INSERT INTO Users VALUES (620065377,'Kasey','James','KaseyJames@gmail.com','JamesKasey');
INSERT INTO Students VALUES (620065377,'UNDERGRAD','01-01-2020');
INSERT INTO Enrolled (u_id,courseCode) VALUES (620065377,'COMP2077'),(620065377,'ECON2345'),(620065377,'MATH3029'),(620065377,'COMP3849'),(620065377,'INFO2636'),(620065377,'ECON1230');
INSERT INTO Users VALUES (620065378,'Delmar','Aybar','DelmarAybar@gmail.com','AybarDelmar');
INSERT INTO Students VALUES (620065378,'UNDERGRAD','01-01-2020');
INSERT INTO Enrolled (u_id,courseCode) VALUES (620065378,'PHYS2338'),(620065378,'BIOC1534'),(620065378,'BIOC2671');
INSERT INTO Users VALUES (620065379,'Marie','Nelson','MarieNelson@gmail.com','NelsonMarie');
INSERT INTO Students VALUES (620065379,'UNDERGRAD','01-01-2020');
INSERT INTO Enrolled (u_id,courseCode) VALUES (620065379,'ECON1098'),(620065379,'CHEM3347'),(620065379,'INFO3419');
INSERT INTO Users VALUES (620065380,'Julius','Richardson','JuliusRichardson@gmail.com','RichardsonJulius');
INSERT INTO Students VALUES (620065380,'UNDERGRAD','01-01-2020');
INSERT INTO Enrolled (u_id,courseCode) VALUES (620065380,'COMP3849'),(620065380,'BIOC1164'),(620065380,'ECON3372'),(620065380,'MATH2873'),(620065380,'PHYS3052');
INSERT INTO Users VALUES (620065381,'Jake','Wood','JakeWood@gmail.com','WoodJake');
INSERT INTO Students VALUES (620065381,'UNDERGRAD','01-01-2020');
INSERT INTO Enrolled (u_id,courseCode) VALUES (620065381,'COMP2717'),(620065381,'PHYS1979'),(620065381,'MATH1735'),(620065381,'PHYS2229');
INSERT INTO Users VALUES (620065382,'Lauren','Hunter','LaurenHunter@gmail.com','HunterLauren');
INSERT INTO Students VALUES (620065382,'UNDERGRAD','01-01-2020');
INSERT INTO Enrolled (u_id,courseCode) VALUES (620065382,'INFO2813'),(620065382,'PHYS1979'),(620065382,'PHYS1993'),(620065382,'PHYS3290'),(620065382,'ECON1012');
INSERT INTO Users VALUES (620065383,'Linda','Garrett','LindaGarrett@gmail.com','GarrettLinda');
INSERT INTO Students VALUES (620065383,'UNDERGRAD','01-01-2020');
INSERT INTO Enrolled (u_id,courseCode) VALUES (620065383,'CHEM2177'),(620065383,'CHEM2066'),(620065383,'COMP3685');
INSERT INTO Users VALUES (620065384,'Madaline','Duffie','MadalineDuffie@gmail.com','DuffieMadaline');
INSERT INTO Students VALUES (620065384,'UNDERGRAD','01-01-2020');
INSERT INTO Enrolled (u_id,courseCode) VALUES (620065384,'COMP3506'),(620065384,'INFO2950'),(620065384,'INFO2521');
INSERT INTO Users VALUES (620065385,'Kasey','Calvert','KaseyCalvert@gmail.com','CalvertKasey');
INSERT INTO Students VALUES (620065385,'UNDERGRAD','01-01-2020');
INSERT INTO Enrolled (u_id,courseCode) VALUES (620065385,'BIOC1534'),(620065385,'PHYS2451'),(620065385,'COMP1460'),(620065385,'COMP2651'),(620065385,'ECON2345'),(620065385,'PHYS2448');
INSERT INTO Users VALUES (620065386,'Ronald','Orchard','RonaldOrchard@gmail.com','OrchardRonald');
INSERT INTO Students VALUES (620065386,'UNDERGRAD','01-01-2020');
INSERT INTO Enrolled (u_id,courseCode) VALUES (620065386,'INFO2337'),(620065386,'COMP3506'),(620065386,'COMP1184'),(620065386,'ECON1783'),(620065386,'PHYS2117');
INSERT INTO Users VALUES (620065387,'Samuel','Alexander','SamuelAlexander@gmail.com','AlexanderSamuel');
INSERT INTO Students VALUES (620065387,'UNDERGRAD','01-01-2020');
INSERT INTO Enrolled (u_id,courseCode) VALUES (620065387,'BIOC2236'),(620065387,'ECON1645'),(620065387,'ECON3311'),(620065387,'MATH2550');
INSERT INTO Users VALUES (620065388,'Marcus','Davis','MarcusDavis@gmail.com','DavisMarcus');
INSERT INTO Students VALUES (620065388,'UNDERGRAD','01-01-2020');
INSERT INTO Enrolled (u_id,courseCode) VALUES (620065388,'COMP1357'),(620065388,'COMP3639'),(620065388,'BIOC2671'),(620065388,'COMP3536'),(620065388,'BIOC1910'),(620065388,'COMP3167');
INSERT INTO Users VALUES (620065389,'Eunice','Danker','EuniceDanker@gmail.com','DankerEunice');
INSERT INTO Students VALUES (620065389,'UNDERGRAD','01-01-2020');
INSERT INTO Enrolled (u_id,courseCode) VALUES (620065389,'PHYS3052'),(620065389,'INFO3868'),(620065389,'BIOC2983'),(620065389,'ECON1589'),(620065389,'COMP3418'),(620065389,'COMP3697');
INSERT INTO Users VALUES (620065390,'Timothy','Carrington','TimothyCarrington@gmail.com','CarringtonTimothy');
INSERT INTO Students VALUES (620065390,'UNDERGRAD','01-01-2020');
INSERT INTO Enrolled (u_id,courseCode) VALUES (620065390,'INFO1990'),(620065390,'CHEM3347'),(620065390,'ECON1589'),(620065390,'ECON3004'),(620065390,'CHEM2626');
INSERT INTO Users VALUES (620065391,'Diane','Colley','DianeColley@gmail.com','ColleyDiane');
INSERT INTO Students VALUES (620065391,'UNDERGRAD','01-01-2020');
INSERT INTO Enrolled (u_id,courseCode) VALUES (620065391,'BIOC1448'),(620065391,'ECON3281'),(620065391,'COMP3418');
INSERT INTO Users VALUES (620065392,'Dwayne','Jackson','DwayneJackson@gmail.com','JacksonDwayne');
INSERT INTO Students VALUES (620065392,'UNDERGRAD','01-01-2020');
INSERT INTO Enrolled (u_id,courseCode) VALUES (620065392,'PHYS3339'),(620065392,'CHEM1485'),(620065392,'INFO1288'),(620065392,'MATH3222'),(620065392,'MATH2957'),(620065392,'PHYS2113');
INSERT INTO Users VALUES (620065393,'Kathy','Blackwell','KathyBlackwell@gmail.com','BlackwellKathy');
INSERT INTO Students VALUES (620065393,'UNDERGRAD','01-01-2020');
INSERT INTO Enrolled (u_id,courseCode) VALUES (620065393,'ECON3004'),(620065393,'CHEM3409'),(620065393,'PHYS1979'),(620065393,'BIOC2983'),(620065393,'MATH2067'),(620065393,'INFO2813');
INSERT INTO Users VALUES (620065394,'Rosa','Gray','RosaGray@gmail.com','GrayRosa');
INSERT INTO Students VALUES (620065394,'UNDERGRAD','01-01-2020');
INSERT INTO Enrolled (u_id,courseCode) VALUES (620065394,'BIOC3604'),(620065394,'BIOC3230'),(620065394,'COMP3238'),(620065394,'INFO1447'),(620065394,'COMP2651'),(620065394,'INFO1145');
INSERT INTO Users VALUES (620065395,'Adelle','Souza','AdelleSouza@gmail.com','SouzaAdelle');
INSERT INTO Students VALUES (620065395,'UNDERGRAD','01-01-2020');
INSERT INTO Enrolled (u_id,courseCode) VALUES (620065395,'INFO1648'),(620065395,'INFO2559'),(620065395,'INFO2811'),(620065395,'PHYS3339');
INSERT INTO Users VALUES (620065396,'Freddie','Oconnell','FreddieOconnell@gmail.com','OconnellFreddie');
INSERT INTO Students VALUES (620065396,'UNDERGRAD','01-01-2020');
INSERT INTO Enrolled (u_id,courseCode) VALUES (620065396,'BIOC3457'),(620065396,'PHYS2229'),(620065396,'INFO1990'),(620065396,'PHYS1173'),(620065396,'CHEM3054');
INSERT INTO Users VALUES (620065397,'Mack','Noonan','MackNoonan@gmail.com','NoonanMack');
INSERT INTO Students VALUES (620065397,'UNDERGRAD','01-01-2020');
INSERT INTO Enrolled (u_id,courseCode) VALUES (620065397,'PHYS2667'),(620065397,'INFO2213'),(620065397,'PHYS2238');
INSERT INTO Users VALUES (620065398,'Shalanda','Daniels','ShalandaDaniels@gmail.com','DanielsShalanda');
INSERT INTO Students VALUES (620065398,'UNDERGRAD','01-01-2020');
INSERT INTO Enrolled (u_id,courseCode) VALUES (620065398,'BIOC2981'),(620065398,'ECON2722'),(620065398,'COMP3238');
INSERT INTO Users VALUES (620065399,'Trina','Thomas','TrinaThomas@gmail.com','ThomasTrina');
INSERT INTO Students VALUES (620065399,'UNDERGRAD','01-01-2020');
INSERT INTO Enrolled (u_id,courseCode) VALUES (620065399,'MATH2957'),(620065399,'INFO1014'),(620065399,'BIOC2054'),(620065399,'ECON1561'),(620065399,'PHYS3464');
INSERT INTO Users VALUES (620065400,'Walter','Hoffman','WalterHoffman@gmail.com','HoffmanWalter');
INSERT INTO Students VALUES (620065400,'UNDERGRAD','01-01-2020');
INSERT INTO Enrolled (u_id,courseCode) VALUES (620065400,'PHYS2451'),(620065400,'COMP3047'),(620065400,'MATH3857'),(620065400,'INFO2147');
INSERT INTO Users VALUES (620065401,'Judith','Jensen','JudithJensen@gmail.com','JensenJudith');
INSERT INTO Students VALUES (620065401,'UNDERGRAD','01-01-2020');
INSERT INTO Enrolled (u_id,courseCode) VALUES (620065401,'CHEM2867'),(620065401,'MATH1454'),(620065401,'BIOC1439');
INSERT INTO Users VALUES (620065402,'Scott','Knaub','ScottKnaub@gmail.com','KnaubScott');
INSERT INTO Students VALUES (620065402,'UNDERGRAD','01-01-2020');
INSERT INTO Enrolled (u_id,courseCode) VALUES (620065402,'COMP1573'),(620065402,'MATH2717'),(620065402,'CHEM2626'),(620065402,'CHEM3888'),(620065402,'MATH1250'),(620065402,'COMP3173');
INSERT INTO Users VALUES (620065403,'Lauren','Wilson','LaurenWilson@gmail.com','WilsonLauren');
INSERT INTO Students VALUES (620065403,'UNDERGRAD','01-01-2020');
INSERT INTO Enrolled (u_id,courseCode) VALUES (620065403,'PHYS2563'),(620065403,'CHEM1340'),(620065403,'BIOC1448'),(620065403,'INFO2797'),(620065403,'PHYS2117');
INSERT INTO Users VALUES (620065404,'Cristina','Noggle','CristinaNoggle@gmail.com','NoggleCristina');
INSERT INTO Students VALUES (620065404,'UNDERGRAD','01-01-2020');
INSERT INTO Enrolled (u_id,courseCode) VALUES (620065404,'INFO2559'),(620065404,'COMP2717'),(620065404,'MATH2067'),(620065404,'MATH3544'),(620065404,'ECON3085');
INSERT INTO Users VALUES (620065405,'Wendell','Felipe','WendellFelipe@gmail.com','FelipeWendell');
INSERT INTO Students VALUES (620065405,'UNDERGRAD','01-01-2020');
INSERT INTO Enrolled (u_id,courseCode) VALUES (620065405,'CHEM3409'),(620065405,'MATH1309'),(620065405,'BIOC1448'),(620065405,'BIOC2981'),(620065405,'INFO2213');
INSERT INTO Users VALUES (620065406,'Larry','Hunter','LarryHunter@gmail.com','HunterLarry');
INSERT INTO Students VALUES (620065406,'UNDERGRAD','01-01-2020');
INSERT INTO Enrolled (u_id,courseCode) VALUES (620065406,'ECON1589'),(620065406,'INFO1145'),(620065406,'MATH3857'),(620065406,'CHEM3888'),(620065406,'CHEM1494'),(620065406,'COMP2717');
INSERT INTO Users VALUES (620065407,'Bethany','Jaworski','BethanyJaworski@gmail.com','JaworskiBethany');
INSERT INTO Students VALUES (620065407,'UNDERGRAD','01-01-2020');
INSERT INTO Enrolled (u_id,courseCode) VALUES (620065407,'COMP1867'),(620065407,'ECON1012'),(620065407,'MATH1309');
INSERT INTO Users VALUES (620065408,'Brenda','Watson','BrendaWatson@gmail.com','WatsonBrenda');
INSERT INTO Students VALUES (620065408,'UNDERGRAD','01-01-2020');
INSERT INTO Enrolled (u_id,courseCode) VALUES (620065408,'CHEM3793'),(620065408,'ECON1098'),(620065408,'CHEM3888'),(620065408,'MATH2717');
INSERT INTO Users VALUES (620065409,'Jimmy','Ramlall','JimmyRamlall@gmail.com','RamlallJimmy');
INSERT INTO Students VALUES (620065409,'UNDERGRAD','01-01-2020');
INSERT INTO Enrolled (u_id,courseCode) VALUES (620065409,'CHEM2177'),(620065409,'ECON3020'),(620065409,'INFO2270'),(620065409,'INFO2559'),(620065409,'COMP3849'),(620065409,'COMP1573');
INSERT INTO Users VALUES (620065410,'Kenneth','Knaub','KennethKnaub@gmail.com','KnaubKenneth');
INSERT INTO Students VALUES (620065410,'UNDERGRAD','01-01-2020');
INSERT INTO Enrolled (u_id,courseCode) VALUES (620065410,'MATH1638'),(620065410,'CHEM3054'),(620065410,'BIOC1598'),(620065410,'INFO2636');
INSERT INTO Users VALUES (620065411,'Rene','Scales','ReneScales@gmail.com','ScalesRene');
INSERT INTO Students VALUES (620065411,'UNDERGRAD','01-01-2020');
INSERT INTO Enrolled (u_id,courseCode) VALUES (620065411,'COMP3238'),(620065411,'CHEM3409'),(620065411,'INFO2270'),(620065411,'MATH2555'),(620065411,'CHEM1807'),(620065411,'MATH2550');
INSERT INTO Users VALUES (620065412,'Milton','Krause','MiltonKrause@gmail.com','KrauseMilton');
INSERT INTO Students VALUES (620065412,'UNDERGRAD','01-01-2020');
INSERT INTO Enrolled (u_id,courseCode) VALUES (620065412,'ECON3523'),(620065412,'BIOC1725'),(620065412,'CHEM2066'),(620065412,'BIOC1910');
INSERT INTO Users VALUES (620065413,'Francis','Walker','FrancisWalker@gmail.com','WalkerFrancis');
INSERT INTO Students VALUES (620065413,'UNDERGRAD','01-01-2020');
INSERT INTO Enrolled (u_id,courseCode) VALUES (620065413,'PHYS2977'),(620065413,'ECON3020'),(620065413,'MATH3857'),(620065413,'MATH1148'),(620065413,'ECON3737');
INSERT INTO Users VALUES (620065414,'Vivian','Wood','VivianWood@gmail.com','WoodVivian');
INSERT INTO Students VALUES (620065414,'UNDERGRAD','01-01-2020');
INSERT INTO Enrolled (u_id,courseCode) VALUES (620065414,'INFO2270'),(620065414,'COMP3173'),(620065414,'INFO1014');
INSERT INTO Users VALUES (620065415,'Doris','Scarbrough','DorisScarbrough@gmail.com','ScarbroughDoris');
INSERT INTO Students VALUES (620065415,'UNDERGRAD','01-01-2020');
INSERT INTO Enrolled (u_id,courseCode) VALUES (620065415,'INFO1990'),(620065415,'CHEM2727'),(620065415,'COMP2077'),(620065415,'BIOC1598');
INSERT INTO Users VALUES (620065416,'Carlos','Dohse','CarlosDohse@gmail.com','DohseCarlos');
INSERT INTO Students VALUES (620065416,'UNDERGRAD','01-01-2020');
INSERT INTO Enrolled (u_id,courseCode) VALUES (620065416,'PHYS2977'),(620065416,'ECON1645'),(620065416,'CHEM3617'),(620065416,'ECON1230'),(620065416,'COMP3849');
INSERT INTO Users VALUES (620065417,'Adelia','Calvert','AdeliaCalvert@gmail.com','CalvertAdelia');
INSERT INTO Students VALUES (620065417,'UNDERGRAD','01-01-2020');
INSERT INTO Enrolled (u_id,courseCode) VALUES (620065417,'MATH1578'),(620065417,'ECON1561'),(620065417,'ECON3550'),(620065417,'ECON3288'),(620065417,'ECON2722'),(620065417,'PHYS3729');
INSERT INTO Users VALUES (620065418,'Ruth','Avery','RuthAvery@gmail.com','AveryRuth');
INSERT INTO Students VALUES (620065418,'UNDERGRAD','01-01-2020');
INSERT INTO Enrolled (u_id,courseCode) VALUES (620065418,'ECON3372'),(620065418,'COMP3173'),(620065418,'COMP3536'),(620065418,'COMP3084'),(620065418,'BIOC2236'),(620065418,'BIOC1052');
INSERT INTO Users VALUES (620065419,'Howard','Saunders','HowardSaunders@gmail.com','SaundersHoward');
INSERT INTO Students VALUES (620065419,'UNDERGRAD','01-01-2020');
INSERT INTO Enrolled (u_id,courseCode) VALUES (620065419,'INFO3935'),(620065419,'PHYS3354'),(620065419,'INFO1242'),(620065419,'ECON1012');
INSERT INTO Users VALUES (620065420,'Tia','Huffman','TiaHuffman@gmail.com','HuffmanTia');
INSERT INTO Students VALUES (620065420,'UNDERGRAD','01-01-2020');
INSERT INTO Enrolled (u_id,courseCode) VALUES (620065420,'COMP3685'),(620065420,'COMP3047'),(620065420,'COMP2651');
INSERT INTO Users VALUES (620065421,'Craig','Klein','CraigKlein@gmail.com','KleinCraig');
INSERT INTO Students VALUES (620065421,'UNDERGRAD','01-01-2020');
INSERT INTO Enrolled (u_id,courseCode) VALUES (620065421,'COMP1357'),(620065421,'MATH2873'),(620065421,'INFO2147'),(620065421,'CHEM2867');
INSERT INTO Users VALUES (620065422,'Esmeralda','Carlson','EsmeraldaCarlson@gmail.com','CarlsonEsmeralda');
INSERT INTO Students VALUES (620065422,'UNDERGRAD','01-01-2020');
INSERT INTO Enrolled (u_id,courseCode) VALUES (620065422,'INFO1242'),(620065422,'COMP3746'),(620065422,'PHYS3290'),(620065422,'COMP2965'),(620065422,'CHEM1340'),(620065422,'ECON1498');
INSERT INTO Users VALUES (620065423,'Jason','Lorenz','JasonLorenz@gmail.com','LorenzJason');
INSERT INTO Students VALUES (620065423,'UNDERGRAD','01-01-2020');
INSERT INTO Enrolled (u_id,courseCode) VALUES (620065423,'ECON1783'),(620065423,'PHYS3659'),(620065423,'COMP3639'),(620065423,'CHEM1340');
INSERT INTO Users VALUES (620065424,'Marie','Luper','MarieLuper@gmail.com','LuperMarie');
INSERT INTO Students VALUES (620065424,'UNDERGRAD','01-01-2020');
INSERT INTO Enrolled (u_id,courseCode) VALUES (620065424,'BIOC2589'),(620065424,'CHEM2220'),(620065424,'INFO1825'),(620065424,'BIOC1448');
INSERT INTO Users VALUES (620065425,'Erin','Quintero','ErinQuintero@gmail.com','QuinteroErin');
INSERT INTO Students VALUES (620065425,'UNDERGRAD','01-01-2020');
INSERT INTO Enrolled (u_id,courseCode) VALUES (620065425,'MATH3544'),(620065425,'PHYS3339'),(620065425,'COMP1543'),(620065425,'PHYS2117');
INSERT INTO Users VALUES (620065426,'Eunice','Wood','EuniceWood@gmail.com','WoodEunice');
INSERT INTO Students VALUES (620065426,'UNDERGRAD','01-01-2020');
INSERT INTO Enrolled (u_id,courseCode) VALUES (620065426,'COMP2077'),(620065426,'INFO3636'),(620065426,'PHYS2563');
INSERT INTO Users VALUES (620065427,'Sarah','Eubank','SarahEubank@gmail.com','EubankSarah');
INSERT INTO Students VALUES (620065427,'UNDERGRAD','01-01-2020');
INSERT INTO Enrolled (u_id,courseCode) VALUES (620065427,'INFO2813'),(620065427,'MATH2801'),(620065427,'COMP2077'),(620065427,'CHEM3327'),(620065427,'COMP2965'),(620065427,'ECON3372');
INSERT INTO Users VALUES (620065428,'Manuel','May','ManuelMay@gmail.com','MayManuel');
INSERT INTO Students VALUES (620065428,'UNDERGRAD','01-01-2020');
INSERT INTO Enrolled (u_id,courseCode) VALUES (620065428,'INFO1014'),(620065428,'BIOC2671'),(620065428,'MATH2067'),(620065428,'MATH3059');
INSERT INTO Users VALUES (620065429,'Frances','Cochran','FrancesCochran@gmail.com','CochranFrances');
INSERT INTO Students VALUES (620065429,'UNDERGRAD','01-01-2020');
INSERT INTO Enrolled (u_id,courseCode) VALUES (620065429,'PHYS3686'),(620065429,'PHYS2238'),(620065429,'ECON1645'),(620065429,'PHYS1399'),(620065429,'CHEM3054');
INSERT INTO Users VALUES (620065430,'Vernon','Nunn','VernonNunn@gmail.com','NunnVernon');
INSERT INTO Students VALUES (620065430,'UNDERGRAD','01-01-2020');
INSERT INTO Enrolled (u_id,courseCode) VALUES (620065430,'PHYS3686'),(620065430,'BIOC1485'),(620065430,'MATH1638');
INSERT INTO Users VALUES (620065431,'Neal','Reyes','NealReyes@gmail.com','ReyesNeal');
INSERT INTO Students VALUES (620065431,'UNDERGRAD','01-01-2020');
INSERT INTO Enrolled (u_id,courseCode) VALUES (620065431,'PHYS3354'),(620065431,'COMP2541'),(620065431,'COMP1357'),(620065431,'CHEM1485'),(620065431,'ECON2703');
INSERT INTO Users VALUES (620065432,'Carlos','Pedersen','CarlosPedersen@gmail.com','PedersenCarlos');
INSERT INTO Students VALUES (620065432,'UNDERGRAD','01-01-2020');
INSERT INTO Enrolled (u_id,courseCode) VALUES (620065432,'PHYS1993'),(620065432,'ECON3276'),(620065432,'BIOC2054'),(620065432,'BIOC3604'),(620065432,'PHYS1930');
INSERT INTO Users VALUES (620065433,'Jeremy','Gillman','JeremyGillman@gmail.com','GillmanJeremy');
INSERT INTO Students VALUES (620065433,'UNDERGRAD','01-01-2020');
INSERT INTO Enrolled (u_id,courseCode) VALUES (620065433,'ECON3276'),(620065433,'INFO3645'),(620065433,'MATH3544'),(620065433,'BIOC1725');
INSERT INTO Users VALUES (620065434,'Sarah','Eaton','SarahEaton@gmail.com','EatonSarah');
INSERT INTO Students VALUES (620065434,'UNDERGRAD','01-01-2020');
INSERT INTO Enrolled (u_id,courseCode) VALUES (620065434,'BIOC3230'),(620065434,'ECON1098'),(620065434,'ECON1996'),(620065434,'MATH2550'),(620065434,'INFO2521'),(620065434,'MATH3179');
INSERT INTO Users VALUES (620065435,'Mathew','Lindstrom','MathewLindstrom@gmail.com','LindstromMathew');
INSERT INTO Students VALUES (620065435,'UNDERGRAD','01-01-2020');
INSERT INTO Enrolled (u_id,courseCode) VALUES (620065435,'PHYS3464'),(620065435,'COMP3697'),(620065435,'PHYS2113');
INSERT INTO Users VALUES (620065436,'Shayne','Scully','ShayneScully@gmail.com','ScullyShayne');
INSERT INTO Students VALUES (620065436,'UNDERGRAD','01-01-2020');
INSERT INTO Enrolled (u_id,courseCode) VALUES (620065436,'ECON3311'),(620065436,'COMP1460'),(620065436,'CHEM1807');
INSERT INTO Users VALUES (620065437,'Iris','Kaupp','IrisKaupp@gmail.com','KauppIris');
INSERT INTO Students VALUES (620065437,'UNDERGRAD','01-01-2020');
INSERT INTO Enrolled (u_id,courseCode) VALUES (620065437,'INFO2813'),(620065437,'ECON3523'),(620065437,'MATH1638'),(620065437,'ECON1783'),(620065437,'MATH3857'),(620065437,'MATH2717');
INSERT INTO Users VALUES (620065438,'Roberto','Taylor','RobertoTaylor@gmail.com','TaylorRoberto');
INSERT INTO Students VALUES (620065438,'UNDERGRAD','01-01-2020');
INSERT INTO Enrolled (u_id,courseCode) VALUES (620065438,'COMP1573'),(620065438,'COMP1543'),(620065438,'MATH2501'),(620065438,'MATH2550'),(620065438,'ECON1498');
INSERT INTO Users VALUES (620065439,'Clyde','Daniels','ClydeDaniels@gmail.com','DanielsClyde');
INSERT INTO Students VALUES (620065439,'UNDERGRAD','01-01-2020');
INSERT INTO Enrolled (u_id,courseCode) VALUES (620065439,'BIOC3191'),(620065439,'ECON1230'),(620065439,'COMP1357'),(620065439,'COMP2400'),(620065439,'CHEM2697'),(620065439,'COMP1543');
INSERT INTO Users VALUES (620065440,'Sandra','Pedersen','SandraPedersen@gmail.com','PedersenSandra');
INSERT INTO Students VALUES (620065440,'UNDERGRAD','01-01-2020');
INSERT INTO Enrolled (u_id,courseCode) VALUES (620065440,'BIOC1485'),(620065440,'MATH3857'),(620065440,'ECON3228'),(620065440,'ECON1098');
INSERT INTO Users VALUES (620065441,'Angie','Blackwell','AngieBlackwell@gmail.com','BlackwellAngie');
INSERT INTO Students VALUES (620065441,'UNDERGRAD','01-01-2020');
INSERT INTO Enrolled (u_id,courseCode) VALUES (620065441,'MATH1735'),(620065441,'COMP3685'),(620065441,'INFO1648');
INSERT INTO Users VALUES (620065442,'Sheila','Macpartland','SheilaMacpartland@gmail.com','MacpartlandSheila');
INSERT INTO Students VALUES (620065442,'UNDERGRAD','01-01-2020');
INSERT INTO Enrolled (u_id,courseCode) VALUES (620065442,'BIOC1986'),(620065442,'MATH2873'),(620065442,'ECON3063'),(620065442,'COMP2717'),(620065442,'ECON3228'),(620065442,'INFO1990');
INSERT INTO Users VALUES (620065443,'Rodney','Caudill','RodneyCaudill@gmail.com','CaudillRodney');
INSERT INTO Students VALUES (620065443,'UNDERGRAD','01-01-2020');
INSERT INTO Enrolled (u_id,courseCode) VALUES (620065443,'BIOC1598'),(620065443,'ECON2387'),(620065443,'CHEM2867'),(620065443,'MATH3544');
INSERT INTO Users VALUES (620065444,'Harold','Larry','HaroldLarry@gmail.com','LarryHarold');
INSERT INTO Students VALUES (620065444,'UNDERGRAD','01-01-2020');
INSERT INTO Enrolled (u_id,courseCode) VALUES (620065444,'INFO2636'),(620065444,'MATH3209'),(620065444,'ECON1170');
INSERT INTO Users VALUES (620065445,'Kasey','Grinstead','KaseyGrinstead@gmail.com','GrinsteadKasey');
INSERT INTO Students VALUES (620065445,'UNDERGRAD','01-01-2020');
INSERT INTO Enrolled (u_id,courseCode) VALUES (620065445,'INFO2147'),(620065445,'BIOC3191'),(620065445,'ECON1230'),(620065445,'PHYS3729');
INSERT INTO Users VALUES (620065446,'Kathleen','Mitchell','KathleenMitchell@gmail.com','MitchellKathleen');
INSERT INTO Students VALUES (620065446,'UNDERGRAD','01-01-2020');
INSERT INTO Enrolled (u_id,courseCode) VALUES (620065446,'PHYS1930'),(620065446,'CHEM3793'),(620065446,'ECON3447'),(620065446,'ECON1458');
INSERT INTO Users VALUES (620065447,'Eunice','Mejias','EuniceMejias@gmail.com','MejiasEunice');
INSERT INTO Students VALUES (620065447,'UNDERGRAD','01-01-2020');
INSERT INTO Enrolled (u_id,courseCode) VALUES (620065447,'ECON1561'),(620065447,'ECON3004'),(620065447,'COMP3746'),(620065447,'CHEM1494'),(620065447,'ECON3372'),(620065447,'MATH3173');
INSERT INTO Users VALUES (620065448,'Cheryl','Stovall','CherylStovall@gmail.com','StovallCheryl');
INSERT INTO Students VALUES (620065448,'UNDERGRAD','01-01-2020');
INSERT INTO Enrolled (u_id,courseCode) VALUES (620065448,'ECON1996'),(620065448,'INFO3419'),(620065448,'ECON1589'),(620065448,'MATH1309'),(620065448,'ECON1458');
INSERT INTO Users VALUES (620065449,'Sergio','Sudduth','SergioSudduth@gmail.com','SudduthSergio');
INSERT INTO Students VALUES (620065449,'UNDERGRAD','01-01-2020');
INSERT INTO Enrolled (u_id,courseCode) VALUES (620065449,'BIOC3721'),(620065449,'MATH3613'),(620065449,'COMP3173');
INSERT INTO Users VALUES (620065450,'Sam','Jones','SamJones@gmail.com','JonesSam');
INSERT INTO Students VALUES (620065450,'UNDERGRAD','01-01-2020');
INSERT INTO Enrolled (u_id,courseCode) VALUES (620065450,'COMP2717'),(620065450,'COMP3418'),(620065450,'MATH2717'),(620065450,'CHEM2867');
INSERT INTO Users VALUES (620065451,'Ashleigh','Eubank','AshleighEubank@gmail.com','EubankAshleigh');
INSERT INTO Students VALUES (620065451,'UNDERGRAD','01-01-2020');
INSERT INTO Enrolled (u_id,courseCode) VALUES (620065451,'COMP1184'),(620065451,'PHYS3464'),(620065451,'PHYS3787'),(620065451,'PHYS1140'),(620065451,'COMP3418');
INSERT INTO Users VALUES (620065452,'Francisca','Maione','FranciscaMaione@gmail.com','MaioneFrancisca');
INSERT INTO Students VALUES (620065452,'UNDERGRAD','01-01-2020');
INSERT INTO Enrolled (u_id,courseCode) VALUES (620065452,'INFO1145'),(620065452,'INFO1242'),(620065452,'PHYS3339'),(620065452,'CHEM1340'),(620065452,'MATH1648');
INSERT INTO Users VALUES (620065453,'Jessie','Russ','JessieRuss@gmail.com','RussJessie');
INSERT INTO Students VALUES (620065453,'UNDERGRAD','01-01-2020');
INSERT INTO Enrolled (u_id,courseCode) VALUES (620065453,'ECON1996'),(620065453,'CHEM2697'),(620065453,'MATH1972');
INSERT INTO Users VALUES (620065454,'Mathew','Granado','MathewGranado@gmail.com','GranadoMathew');
INSERT INTO Students VALUES (620065454,'UNDERGRAD','01-01-2020');
INSERT INTO Enrolled (u_id,courseCode) VALUES (620065454,'BIOC2671'),(620065454,'INFO1145'),(620065454,'CHEM2697'),(620065454,'CHEM2065'),(620065454,'CHEM1613');
INSERT INTO Users VALUES (620065455,'Don','Lowry','DonLowry@gmail.com','LowryDon');
INSERT INTO Students VALUES (620065455,'UNDERGRAD','01-01-2020');
INSERT INTO Enrolled (u_id,courseCode) VALUES (620065455,'MATH1972'),(620065455,'BIOC2550'),(620065455,'BIOC2589');
INSERT INTO Users VALUES (620065456,'Orlando','Wesley','OrlandoWesley@gmail.com','WesleyOrlando');
INSERT INTO Students VALUES (620065456,'UNDERGRAD','01-01-2020');
INSERT INTO Enrolled (u_id,courseCode) VALUES (620065456,'COMP1051'),(620065456,'CHEM3617'),(620065456,'PHYS3354'),(620065456,'MATH1648'),(620065456,'BIOC3457'),(620065456,'ECON1012');
INSERT INTO Users VALUES (620065457,'Kasey','Givens','KaseyGivens@gmail.com','GivensKasey');
INSERT INTO Students VALUES (620065457,'UNDERGRAD','01-01-2020');
INSERT INTO Enrolled (u_id,courseCode) VALUES (620065457,'COMP2965'),(620065457,'ECON1996'),(620065457,'CHEM2697'),(620065457,'ECON2345');
INSERT INTO Users VALUES (620065458,'Eunice','Rodriguez','EuniceRodriguez@gmail.com','RodriguezEunice');
INSERT INTO Students VALUES (620065458,'UNDERGRAD','01-01-2020');
INSERT INTO Enrolled (u_id,courseCode) VALUES (620065458,'ECON3447'),(620065458,'COMP3639'),(620065458,'INFO2270');
INSERT INTO Users VALUES (620065459,'Frankie','Prince','FrankiePrince@gmail.com','PrinceFrankie');
INSERT INTO Students VALUES (620065459,'UNDERGRAD','01-01-2020');
INSERT INTO Enrolled (u_id,courseCode) VALUES (620065459,'BIOC1598'),(620065459,'CHEM3409'),(620065459,'INFO2559'),(620065459,'BIOC3604');
INSERT INTO Users VALUES (620065460,'Matthew','Souza','MatthewSouza@gmail.com','SouzaMatthew');
INSERT INTO Students VALUES (620065460,'UNDERGRAD','01-01-2020');
INSERT INTO Enrolled (u_id,courseCode) VALUES (620065460,'CHEM2220'),(620065460,'CHEM2797'),(620065460,'CHEM1485'),(620065460,'PHYS1930');
INSERT INTO Users VALUES (620065461,'Nancy','Rivera','NancyRivera@gmail.com','RiveraNancy');
INSERT INTO Students VALUES (620065461,'UNDERGRAD','01-01-2020');
INSERT INTO Enrolled (u_id,courseCode) VALUES (620065461,'CHEM3614'),(620065461,'ECON3311'),(620065461,'CHEM1340'),(620065461,'COMP2541'),(620065461,'BIOC3230'),(620065461,'CHEM3747');
INSERT INTO Users VALUES (620065462,'Randy','Fuller','RandyFuller@gmail.com','FullerRandy');
INSERT INTO Students VALUES (620065462,'UNDERGRAD','01-01-2020');
INSERT INTO Enrolled (u_id,courseCode) VALUES (620065462,'INFO2860'),(620065462,'CHEM1494'),(620065462,'COMP1184');
INSERT INTO Users VALUES (620065463,'Wendell','Evans','WendellEvans@gmail.com','EvansWendell');
INSERT INTO Students VALUES (620065463,'UNDERGRAD','01-01-2020');
INSERT INTO Enrolled (u_id,courseCode) VALUES (620065463,'COMP2361'),(620065463,'ECON2814'),(620065463,'PHYS1173'),(620065463,'CHEM2065'),(620065463,'ECON1783'),(620065463,'INFO1825');
INSERT INTO Users VALUES (620065464,'Ben','Banks','BenBanks@gmail.com','BanksBen');
INSERT INTO Students VALUES (620065464,'UNDERGRAD','01-01-2020');
INSERT INTO Enrolled (u_id,courseCode) VALUES (620065464,'INFO2716'),(620065464,'INFO1990'),(620065464,'COMP3685'),(620065464,'COMP1573'),(620065464,'INFO2860'),(620065464,'ECON3004');
INSERT INTO Users VALUES (620065465,'Edwin','Hunt','EdwinHunt@gmail.com','HuntEdwin');
INSERT INTO Students VALUES (620065465,'UNDERGRAD','01-01-2020');
INSERT INTO Enrolled (u_id,courseCode) VALUES (620065465,'ECON3281'),(620065465,'PHYS3464'),(620065465,'CHEM2626'),(620065465,'ECON1589');
INSERT INTO Users VALUES (620065466,'Sharon','English','SharonEnglish@gmail.com','EnglishSharon');
INSERT INTO Students VALUES (620065466,'UNDERGRAD','01-01-2020');
INSERT INTO Enrolled (u_id,courseCode) VALUES (620065466,'BIOC1598'),(620065466,'INFO3935'),(620065466,'CHEM3747');
INSERT INTO Users VALUES (620065467,'Reginald','Mertens','ReginaldMertens@gmail.com','MertensReginald');
INSERT INTO Students VALUES (620065467,'UNDERGRAD','01-01-2020');
INSERT INTO Enrolled (u_id,courseCode) VALUES (620065467,'INFO3603'),(620065467,'CHEM2797'),(620065467,'MATH3059');
INSERT INTO Users VALUES (620065468,'Rodney','Robinson','RodneyRobinson@gmail.com','RobinsonRodney');
INSERT INTO Students VALUES (620065468,'UNDERGRAD','01-01-2020');
INSERT INTO Enrolled (u_id,courseCode) VALUES (620065468,'ECON2722'),(620065468,'PHYS3686'),(620065468,'MATH3688'),(620065468,'INFO2811'),(620065468,'BIOC2671');
INSERT INTO Users VALUES (620065469,'Mason','Kaupp','MasonKaupp@gmail.com','KauppMason');
INSERT INTO Students VALUES (620065469,'UNDERGRAD','01-01-2020');
INSERT INTO Enrolled (u_id,courseCode) VALUES (620065469,'MATH2067'),(620065469,'ECON1012'),(620065469,'CHEM3617'),(620065469,'CHEM2446');
INSERT INTO Users VALUES (620065470,'Marilyn','Hawkins','MarilynHawkins@gmail.com','HawkinsMarilyn');
INSERT INTO Students VALUES (620065470,'UNDERGRAD','01-01-2020');
INSERT INTO Enrolled (u_id,courseCode) VALUES (620065470,'INFO1242'),(620065470,'PHYS2229'),(620065470,'BIOC1164'),(620065470,'BIOC1104'),(620065470,'COMP3238'),(620065470,'ECON1098');
INSERT INTO Users VALUES (620065471,'Jeanna','Williams','JeannaWilliams@gmail.com','WilliamsJeanna');
INSERT INTO Students VALUES (620065471,'UNDERGRAD','01-01-2020');
INSERT INTO Enrolled (u_id,courseCode) VALUES (620065471,'CHEM2066'),(620065471,'CHEM3409'),(620065471,'CHEM3747'),(620065471,'BIOC2981'),(620065471,'BIOC3457'),(620065471,'MATH1972');
INSERT INTO Users VALUES (620065472,'Mark','Taylor','MarkTaylor@gmail.com','TaylorMark');
INSERT INTO Students VALUES (620065472,'UNDERGRAD','01-01-2020');
INSERT INTO Enrolled (u_id,courseCode) VALUES (620065472,'BIOC1598'),(620065472,'PHYS3052'),(620065472,'BIOC1744'),(620065472,'COMP2717'),(620065472,'INFO2270'),(620065472,'ECON3085');
INSERT INTO Users VALUES (620065473,'Donald','Butcher','DonaldButcher@gmail.com','ButcherDonald');
INSERT INTO Students VALUES (620065473,'UNDERGRAD','01-01-2020');
INSERT INTO Enrolled (u_id,courseCode) VALUES (620065473,'MATH1454'),(620065473,'BIOC2589'),(620065473,'CHEM2031'),(620065473,'PHYS3787'),(620065473,'MATH1638'),(620065473,'ECON3288');
INSERT INTO Users VALUES (620065474,'Bethany','Martin','BethanyMartin@gmail.com','MartinBethany');
INSERT INTO Students VALUES (620065474,'UNDERGRAD','01-01-2020');
INSERT INTO Enrolled (u_id,courseCode) VALUES (620065474,'BIOC1439'),(620065474,'MATH1648'),(620065474,'COMP3167'),(620065474,'ECON3737'),(620065474,'COMP2541'),(620065474,'PHYS2113');
INSERT INTO Users VALUES (620065475,'Charles','Wesley','CharlesWesley@gmail.com','WesleyCharles');
INSERT INTO Students VALUES (620065475,'UNDERGRAD','01-01-2020');
INSERT INTO Enrolled (u_id,courseCode) VALUES (620065475,'COMP2717'),(620065475,'INFO2860'),(620065475,'PHYS2113');
INSERT INTO Users VALUES (620065476,'Cassie','Hart','CassieHart@gmail.com','HartCassie');
INSERT INTO Students VALUES (620065476,'UNDERGRAD','01-01-2020');
INSERT INTO Enrolled (u_id,courseCode) VALUES (620065476,'CHEM2220'),(620065476,'BIOC3191'),(620065476,'PHYS2448'),(620065476,'INFO2270');
INSERT INTO Users VALUES (620065477,'Rebecca','English','RebeccaEnglish@gmail.com','EnglishRebecca');
INSERT INTO Students VALUES (620065477,'UNDERGRAD','01-01-2020');
INSERT INTO Enrolled (u_id,courseCode) VALUES (620065477,'ECON1098'),(620065477,'BIOC1744'),(620065477,'COMP3746'),(620065477,'PHYS1173'),(620065477,'COMP1460');
INSERT INTO Users VALUES (620065478,'Marie','Starks','MarieStarks@gmail.com','StarksMarie');
INSERT INTO Students VALUES (620065478,'UNDERGRAD','01-01-2020');
INSERT INTO Enrolled (u_id,courseCode) VALUES (620065478,'COMP2077'),(620065478,'BIOC1534'),(620065478,'MATH1454'),(620065478,'PHYS2338'),(620065478,'CHEM3888'),(620065478,'ECON2345');
INSERT INTO Users VALUES (620065479,'Derek','Culpepper','DerekCulpepper@gmail.com','CulpepperDerek');
INSERT INTO Students VALUES (620065479,'UNDERGRAD','01-01-2020');
INSERT INTO Enrolled (u_id,courseCode) VALUES (620065479,'ECON1170'),(620065479,'CHEM2177'),(620065479,'COMP2080'),(620065479,'CHEM3617'),(620065479,'CHEM2149'),(620065479,'MATH3179');
INSERT INTO Users VALUES (620065480,'Dorothy','Mcneill','DorothyMcneill@gmail.com','McneillDorothy');
INSERT INTO Students VALUES (620065480,'UNDERGRAD','01-01-2020');
INSERT INTO Enrolled (u_id,courseCode) VALUES (620065480,'BIOC1439'),(620065480,'BIOC2236'),(620065480,'ECON1170'),(620065480,'COMP1460');
INSERT INTO Users VALUES (620065481,'Luella','Lorenz','LuellaLorenz@gmail.com','LorenzLuella');
INSERT INTO Students VALUES (620065481,'UNDERGRAD','01-01-2020');
INSERT INTO Enrolled (u_id,courseCode) VALUES (620065481,'BIOC2236'),(620065481,'BIOC2054'),(620065481,'ECON3063'),(620065481,'INFO2813'),(620065481,'CHEM3327'),(620065481,'ECON1458');
INSERT INTO Users VALUES (620065482,'Gary','Dunn','GaryDunn@gmail.com','DunnGary');
INSERT INTO Students VALUES (620065482,'UNDERGRAD','01-01-2020');
INSERT INTO Enrolled (u_id,courseCode) VALUES (620065482,'CHEM3054'),(620065482,'ECON1561'),(620065482,'PHYS2113');
INSERT INTO Users VALUES (620065483,'Jonathan','Estrada','JonathanEstrada@gmail.com','EstradaJonathan');
INSERT INTO Students VALUES (620065483,'UNDERGRAD','01-01-2020');
INSERT INTO Enrolled (u_id,courseCode) VALUES (620065483,'MATH3173'),(620065483,'BIOC1485'),(620065483,'CHEM2149'),(620065483,'CHEM1494');
INSERT INTO Users VALUES (620065484,'Adam','Vario','AdamVario@gmail.com','VarioAdam');
INSERT INTO Students VALUES (620065484,'UNDERGRAD','01-01-2020');
INSERT INTO Enrolled (u_id,courseCode) VALUES (620065484,'ECON1783'),(620065484,'INFO2797'),(620065484,'MATH1454');
INSERT INTO Users VALUES (620065485,'Betsy','Bourgoin','BetsyBourgoin@gmail.com','BourgoinBetsy');
INSERT INTO Students VALUES (620065485,'UNDERGRAD','01-01-2020');
INSERT INTO Enrolled (u_id,courseCode) VALUES (620065485,'MATH2555'),(620065485,'BIOC2236'),(620065485,'ECON3004');
INSERT INTO Users VALUES (620065486,'Kirk','Wright','KirkWright@gmail.com','WrightKirk');
INSERT INTO Students VALUES (620065486,'UNDERGRAD','01-01-2020');
INSERT INTO Enrolled (u_id,courseCode) VALUES (620065486,'COMP3536'),(620065486,'MATH3222'),(620065486,'CHEM2626');
INSERT INTO Users VALUES (620065487,'Jamison','Harrington','JamisonHarrington@gmail.com','HarringtonJamison');
INSERT INTO Students VALUES (620065487,'UNDERGRAD','01-01-2020');
INSERT INTO Enrolled (u_id,courseCode) VALUES (620065487,'MATH3059'),(620065487,'ECON2345'),(620065487,'CHEM2626'),(620065487,'MATH3688'),(620065487,'MATH1735');
INSERT INTO Users VALUES (620065488,'Dora','Estrada','DoraEstrada@gmail.com','EstradaDora');
INSERT INTO Students VALUES (620065488,'UNDERGRAD','01-01-2020');
INSERT INTO Enrolled (u_id,courseCode) VALUES (620065488,'ECON3228'),(620065488,'COMP1543'),(620065488,'CHEM3347'),(620065488,'CHEM3793');
INSERT INTO Users VALUES (620065489,'Katie','Moore','KatieMoore@gmail.com','MooreKatie');
INSERT INTO Students VALUES (620065489,'UNDERGRAD','01-01-2020');
INSERT INTO Enrolled (u_id,courseCode) VALUES (620065489,'MATH1454'),(620065489,'ECON1230'),(620065489,'COMP3047'),(620065489,'CHEM2149');
INSERT INTO Users VALUES (620065490,'Edwin','Lorenz','EdwinLorenz@gmail.com','LorenzEdwin');
INSERT INTO Students VALUES (620065490,'UNDERGRAD','01-01-2020');
INSERT INTO Enrolled (u_id,courseCode) VALUES (620065490,'CHEM3614'),(620065490,'MATH3688'),(620065490,'CHEM2604'),(620065490,'MATH3844'),(620065490,'COMP2080');
INSERT INTO Users VALUES (620065491,'Kirk','Eddins','KirkEddins@gmail.com','EddinsKirk');
INSERT INTO Students VALUES (620065491,'UNDERGRAD','01-01-2020');
INSERT INTO Enrolled (u_id,courseCode) VALUES (620065491,'INFO1242'),(620065491,'COMP3849'),(620065491,'INFO3419'),(620065491,'MATH2873'),(620065491,'PHYS1930');
INSERT INTO Users VALUES (620065492,'Sam','Meraz','SamMeraz@gmail.com','MerazSam');
INSERT INTO Students VALUES (620065492,'UNDERGRAD','01-01-2020');
INSERT INTO Enrolled (u_id,courseCode) VALUES (620065492,'INFO2860'),(620065492,'COMP1573'),(620065492,'BIOC1910'),(620065492,'ECON3372'),(620065492,'BIOC1794');
INSERT INTO Users VALUES (620065493,'Blake','Laramee','BlakeLaramee@gmail.com','LarameeBlake');
INSERT INTO Students VALUES (620065493,'UNDERGRAD','01-01-2020');
INSERT INTO Enrolled (u_id,courseCode) VALUES (620065493,'COMP2717'),(620065493,'INFO1145'),(620065493,'COMP3238'),(620065493,'BIOC2236'),(620065493,'ECON2722'),(620065493,'MATH3613');
INSERT INTO Users VALUES (620065494,'Margaret','Braun','MargaretBraun@gmail.com','BraunMargaret');
INSERT INTO Students VALUES (620065494,'UNDERGRAD','01-01-2020');
INSERT INTO Enrolled (u_id,courseCode) VALUES (620065494,'INFO2147'),(620065494,'MATH3222'),(620065494,'PHYS2977');
INSERT INTO Users VALUES (620065495,'Sergio','Bowerman','SergioBowerman@gmail.com','BowermanSergio');
INSERT INTO Students VALUES (620065495,'UNDERGRAD','01-01-2020');
INSERT INTO Enrolled (u_id,courseCode) VALUES (620065495,'INFO2950'),(620065495,'PHYS3052'),(620065495,'INFO1242'),(620065495,'BIOC1164');
INSERT INTO Users VALUES (620065496,'Janet','Larry','JanetLarry@gmail.com','LarryJanet');
INSERT INTO Students VALUES (620065496,'UNDERGRAD','01-01-2020');
INSERT INTO Enrolled (u_id,courseCode) VALUES (620065496,'BIOC2550'),(620065496,'INFO2950'),(620065496,'INFO1014'),(620065496,'PHYS3729');
INSERT INTO Users VALUES (620065497,'Randall','Halford','RandallHalford@gmail.com','HalfordRandall');
INSERT INTO Students VALUES (620065497,'UNDERGRAD','01-01-2020');
INSERT INTO Enrolled (u_id,courseCode) VALUES (620065497,'CHEM1494'),(620065497,'ECON3020'),(620065497,'PHYS3659'),(620065497,'INFO2950'),(620065497,'COMP2541'),(620065497,'ECON3550');
INSERT INTO Users VALUES (620065498,'Shayne','Carrillo','ShayneCarrillo@gmail.com','CarrilloShayne');
INSERT INTO Students VALUES (620065498,'UNDERGRAD','01-01-2020');
INSERT INTO Enrolled (u_id,courseCode) VALUES (620065498,'INFO2213'),(620065498,'ECON3550'),(620065498,'PHYS2117'),(620065498,'CHEM1340'),(620065498,'COMP2965');
INSERT INTO Users VALUES (620065499,'Young','Cash','YoungCash@gmail.com','CashYoung');
INSERT INTO Students VALUES (620065499,'UNDERGRAD','01-01-2020');
INSERT INTO Enrolled (u_id,courseCode) VALUES (620065499,'CHEM2005'),(620065499,'COMP1051'),(620065499,'INFO3868'),(620065499,'PHYS2113');
INSERT INTO Users VALUES (620065500,'Jeffrey','Duffie','JeffreyDuffie@gmail.com','DuffieJeffrey');
INSERT INTO Students VALUES (620065500,'UNDERGRAD','01-01-2020');
INSERT INTO Enrolled (u_id,courseCode) VALUES (620065500,'PHYS2117'),(620065500,'ECON1561'),(620065500,'INFO1288'),(620065500,'BIOC2981');
INSERT INTO Users VALUES (620065501,'Vernon','Sudduth','VernonSudduth@gmail.com','SudduthVernon');
INSERT INTO Students VALUES (620065501,'UNDERGRAD','01-01-2020');
INSERT INTO Enrolled (u_id,courseCode) VALUES (620065501,'ECON3288'),(620065501,'MATH1735'),(620065501,'INFO2559'),(620065501,'CHEM1340'),(620065501,'BIOC1052'),(620065501,'PHYS1173');
INSERT INTO Users VALUES (620065502,'Craig','Nelson','CraigNelson@gmail.com','NelsonCraig');
INSERT INTO Students VALUES (620065502,'UNDERGRAD','01-01-2020');
INSERT INTO Enrolled (u_id,courseCode) VALUES (620065502,'BIOC2236'),(620065502,'CHEM1485'),(620065502,'ECON3276');
INSERT INTO Users VALUES (620065503,'David','Dohse','DavidDohse@gmail.com','DohseDavid');
INSERT INTO Students VALUES (620065503,'UNDERGRAD','01-01-2020');
INSERT INTO Enrolled (u_id,courseCode) VALUES (620065503,'PHYS2238'),(620065503,'BIOC1439'),(620065503,'BIOC1448'),(620065503,'ECON2703');
INSERT INTO Users VALUES (620065504,'Gordon','Rankin','GordonRankin@gmail.com','RankinGordon');
INSERT INTO Students VALUES (620065504,'UNDERGRAD','01-01-2020');
INSERT INTO Enrolled (u_id,courseCode) VALUES (620065504,'MATH3179'),(620065504,'INFO1833'),(620065504,'MATH3059'),(620065504,'ECON1996'),(620065504,'INFO1447');
INSERT INTO Users VALUES (620065505,'Francisca','James','FranciscaJames@gmail.com','JamesFrancisca');
INSERT INTO Students VALUES (620065505,'UNDERGRAD','01-01-2020');
INSERT INTO Enrolled (u_id,courseCode) VALUES (620065505,'MATH1250'),(620065505,'PHYS2338'),(620065505,'INFO3603'),(620065505,'MATH3209');
INSERT INTO Users VALUES (620065506,'Martin','Pedersen','MartinPedersen@gmail.com','PedersenMartin');
INSERT INTO Students VALUES (620065506,'UNDERGRAD','01-01-2020');
INSERT INTO Enrolled (u_id,courseCode) VALUES (620065506,'INFO2213'),(620065506,'INFO3636'),(620065506,'INFO2797'),(620065506,'COMP3084');
INSERT INTO Users VALUES (620065507,'Deanne','Burch','DeanneBurch@gmail.com','BurchDeanne');
INSERT INTO Students VALUES (620065507,'UNDERGRAD','01-01-2020');
INSERT INTO Enrolled (u_id,courseCode) VALUES (620065507,'BIOC2981'),(620065507,'ECON3276'),(620065507,'ECON3228');
INSERT INTO Users VALUES (620065508,'Greg','Letchworth','GregLetchworth@gmail.com','LetchworthGreg');
INSERT INTO Students VALUES (620065508,'UNDERGRAD','01-01-2020');
INSERT INTO Enrolled (u_id,courseCode) VALUES (620065508,'INFO2337'),(620065508,'ECON3063'),(620065508,'PHYS3052');
INSERT INTO Users VALUES (620065509,'Manuel','Grinstead','ManuelGrinstead@gmail.com','GrinsteadManuel');
INSERT INTO Students VALUES (620065509,'UNDERGRAD','01-01-2020');
INSERT INTO Enrolled (u_id,courseCode) VALUES (620065509,'PHYS1979'),(620065509,'ECON1098'),(620065509,'PHYS2977');
INSERT INTO Users VALUES (620065510,'Grace','Bras','GraceBras@gmail.com','BrasGrace');
INSERT INTO Students VALUES (620065510,'UNDERGRAD','01-01-2020');
INSERT INTO Enrolled (u_id,courseCode) VALUES (620065510,'MATH2501'),(620065510,'BIOC1448'),(620065510,'MATH3613'),(620065510,'PHYS3354'),(620065510,'COMP3639'),(620065510,'ECON3276');
INSERT INTO Users VALUES (620065511,'Glenda','Brock','GlendaBrock@gmail.com','BrockGlenda');
INSERT INTO Students VALUES (620065511,'UNDERGRAD','01-01-2020');
INSERT INTO Enrolled (u_id,courseCode) VALUES (620065511,'BIOC1485'),(620065511,'INFO1447'),(620065511,'BIOC1725'),(620065511,'CHEM3747'),(620065511,'PHYS3354');
INSERT INTO Users VALUES (620065512,'Gary','Howe','GaryHowe@gmail.com','HoweGary');
INSERT INTO Students VALUES (620065512,'UNDERGRAD','01-01-2020');
INSERT INTO Enrolled (u_id,courseCode) VALUES (620065512,'CHEM3888'),(620065512,'COMP3238'),(620065512,'ECON3372'),(620065512,'ECON1996'),(620065512,'COMP3685');
INSERT INTO Users VALUES (620065513,'Jeremy','Wilbanks','JeremyWilbanks@gmail.com','WilbanksJeremy');
INSERT INTO Students VALUES (620065513,'UNDERGRAD','01-01-2020');
INSERT INTO Enrolled (u_id,courseCode) VALUES (620065513,'BIOC3191'),(620065513,'PHYS1993'),(620065513,'BIOC1104'),(620065513,'ECON3737'),(620065513,'CHEM3347'),(620065513,'ECON1012');
INSERT INTO Users VALUES (620065514,'Charles','Hunt','CharlesHunt@gmail.com','HuntCharles');
INSERT INTO Students VALUES (620065514,'UNDERGRAD','01-01-2020');
INSERT INTO Enrolled (u_id,courseCode) VALUES (620065514,'ECON1645'),(620065514,'BIOC2983'),(620065514,'COMP3697');
INSERT INTO Users VALUES (620065515,'Richard','Shattuck','RichardShattuck@gmail.com','ShattuckRichard');
INSERT INTO Students VALUES (620065515,'UNDERGRAD','01-01-2020');
INSERT INTO Enrolled (u_id,courseCode) VALUES (620065515,'ECON1996'),(620065515,'CHEM2065'),(620065515,'BIOC3721'),(620065515,'ECON1561');
INSERT INTO Users VALUES (620065516,'Kim','Collins','KimCollins@gmail.com','CollinsKim');
INSERT INTO Students VALUES (620065516,'UNDERGRAD','01-01-2020');
INSERT INTO Enrolled (u_id,courseCode) VALUES (620065516,'BIOC1448'),(620065516,'COMP3697'),(620065516,'COMP3685'),(620065516,'PHYS3354'),(620065516,'PHYS1979');
INSERT INTO Users VALUES (620065517,'Patsy','Turner','PatsyTurner@gmail.com','TurnerPatsy');
INSERT INTO Students VALUES (620065517,'UNDERGRAD','01-01-2020');
INSERT INTO Enrolled (u_id,courseCode) VALUES (620065517,'ECON1645'),(620065517,'CHEM2626'),(620065517,'MATH1735'),(620065517,'COMP2965'),(620065517,'COMP1460'),(620065517,'ECON2703');
INSERT INTO Users VALUES (620065518,'Stephen','Crespo','StephenCrespo@gmail.com','CrespoStephen');
INSERT INTO Students VALUES (620065518,'UNDERGRAD','01-01-2020');
INSERT INTO Enrolled (u_id,courseCode) VALUES (620065518,'PHYS1930'),(620065518,'BIOC1866'),(620065518,'CHEM3747'),(620065518,'PHYS2338');
INSERT INTO Users VALUES (620065519,'Tanya','Hayes','TanyaHayes@gmail.com','HayesTanya');
INSERT INTO Students VALUES (620065519,'UNDERGRAD','01-01-2020');
INSERT INTO Enrolled (u_id,courseCode) VALUES (620065519,'COMP3047'),(620065519,'MATH2957'),(620065519,'PHYS1399'),(620065519,'CHEM3793'),(620065519,'CHEM2727');
INSERT INTO Users VALUES (620065520,'Jeanna','Cummins','JeannaCummins@gmail.com','CumminsJeanna');
INSERT INTO Students VALUES (620065520,'UNDERGRAD','01-01-2020');
INSERT INTO Enrolled (u_id,courseCode) VALUES (620065520,'INFO2716'),(620065520,'BIOC1725'),(620065520,'BIOC1104'),(620065520,'MATH1735');
INSERT INTO Users VALUES (620065521,'Juanita','Alexander','JuanitaAlexander@gmail.com','AlexanderJuanita');
INSERT INTO Students VALUES (620065521,'UNDERGRAD','01-01-2020');
INSERT INTO Enrolled (u_id,courseCode) VALUES (620065521,'CHEM2066'),(620065521,'INFO2716'),(620065521,'ECON1783'),(620065521,'MATH1250'),(620065521,'ECON3447'),(620065521,'PHYS3876');
INSERT INTO Users VALUES (620065522,'Guillermo','Vineyard','GuillermoVineyard@gmail.com','VineyardGuillermo');
INSERT INTO Students VALUES (620065522,'UNDERGRAD','01-01-2020');
INSERT INTO Enrolled (u_id,courseCode) VALUES (620065522,'CHEM1494'),(620065522,'MATH3688'),(620065522,'CHEM2727');
INSERT INTO Users VALUES (620065523,'Shirley','Nunn','ShirleyNunn@gmail.com','NunnShirley');
INSERT INTO Students VALUES (620065523,'UNDERGRAD','01-01-2020');
INSERT INTO Enrolled (u_id,courseCode) VALUES (620065523,'ECON1783'),(620065523,'BIOC1164'),(620065523,'PHYS1993'),(620065523,'ECON3228');
INSERT INTO Users VALUES (620065524,'Joy','Blevins','JoyBlevins@gmail.com','BlevinsJoy');
INSERT INTO Students VALUES (620065524,'UNDERGRAD','01-01-2020');
INSERT INTO Enrolled (u_id,courseCode) VALUES (620065524,'CHEM1494'),(620065524,'PHYS3729'),(620065524,'MATH1309'),(620065524,'BIOC3230'),(620065524,'MATH2801');
INSERT INTO Users VALUES (620065525,'Shawn','Mcclanahan','ShawnMcclanahan@gmail.com','McclanahanShawn');
INSERT INTO Students VALUES (620065525,'UNDERGRAD','01-01-2020');
INSERT INTO Enrolled (u_id,courseCode) VALUES (620065525,'BIOC1164'),(620065525,'INFO2213'),(620065525,'MATH3179'),(620065525,'PHYS1173');
INSERT INTO Users VALUES (620065526,'Margaret','Hoffman','MargaretHoffman@gmail.com','HoffmanMargaret');
INSERT INTO Students VALUES (620065526,'UNDERGRAD','01-01-2020');
INSERT INTO Enrolled (u_id,courseCode) VALUES (620065526,'CHEM3054'),(620065526,'INFO3603'),(620065526,'COMP3536'),(620065526,'BIOC2589'),(620065526,'PHYS2306'),(620065526,'PHYS2113');
INSERT INTO Users VALUES (620065527,'Geoffrey','Scales','GeoffreyScales@gmail.com','ScalesGeoffrey');
INSERT INTO Students VALUES (620065527,'UNDERGRAD','01-01-2020');
INSERT INTO Enrolled (u_id,courseCode) VALUES (620065527,'CHEM2604'),(620065527,'BIOC3457'),(620065527,'COMP3685'),(620065527,'CHEM2697'),(620065527,'CHEM3327'),(620065527,'CHEM3617');
INSERT INTO Users VALUES (620065528,'Peter','Estrada','PeterEstrada@gmail.com','EstradaPeter');
INSERT INTO Students VALUES (620065528,'UNDERGRAD','01-01-2020');
INSERT INTO Enrolled (u_id,courseCode) VALUES (620065528,'ECON2703'),(620065528,'CHEM2626'),(620065528,'ECON1098'),(620065528,'ECON3550'),(620065528,'INFO2559'),(620065528,'PHYS3787');
INSERT INTO Users VALUES (620065529,'Cheryl','Hunt','CherylHunt@gmail.com','HuntCheryl');
INSERT INTO Students VALUES (620065529,'UNDERGRAD','01-01-2020');
INSERT INTO Enrolled (u_id,courseCode) VALUES (620065529,'INFO3868'),(620065529,'ECON3550'),(620065529,'BIOC1164'),(620065529,'ECON3737');
INSERT INTO Users VALUES (620065530,'Isreal','Meraz','IsrealMeraz@gmail.com','MerazIsreal');
INSERT INTO Students VALUES (620065530,'UNDERGRAD','01-01-2020');
INSERT INTO Enrolled (u_id,courseCode) VALUES (620065530,'ECON3288'),(620065530,'BIOC1485'),(620065530,'CHEM3793'),(620065530,'INFO3603'),(620065530,'CHEM1494');
INSERT INTO Users VALUES (620065531,'Michael','Lauritsen','MichaelLauritsen@gmail.com','LauritsenMichael');
INSERT INTO Students VALUES (620065531,'UNDERGRAD','01-01-2020');
INSERT INTO Enrolled (u_id,courseCode) VALUES (620065531,'CHEM3747'),(620065531,'INFO2797'),(620065531,'PHYS2229'),(620065531,'ECON3063'),(620065531,'BIOC1534');
INSERT INTO Users VALUES (620065532,'Carol','Huffman','CarolHuffman@gmail.com','HuffmanCarol');
INSERT INTO Students VALUES (620065532,'UNDERGRAD','01-01-2020');
INSERT INTO Enrolled (u_id,courseCode) VALUES (620065532,'MATH3688'),(620065532,'INFO2950'),(620065532,'INFO2811');
INSERT INTO Users VALUES (620065533,'Willie','Grinstead','WillieGrinstead@gmail.com','GrinsteadWillie');
INSERT INTO Students VALUES (620065533,'UNDERGRAD','01-01-2020');
INSERT INTO Enrolled (u_id,courseCode) VALUES (620065533,'PHYS2667'),(620065533,'COMP2361'),(620065533,'ECON3737'),(620065533,'BIOC1534'),(620065533,'COMP1573');
INSERT INTO Users VALUES (620065534,'Peter','Gaffney','PeterGaffney@gmail.com','GaffneyPeter');
INSERT INTO Students VALUES (620065534,'UNDERGRAD','01-01-2020');
INSERT INTO Enrolled (u_id,courseCode) VALUES (620065534,'MATH2957'),(620065534,'BIOC1534'),(620065534,'PHYS1979'),(620065534,'PHYS1399'),(620065534,'INFO1447');
INSERT INTO Users VALUES (620065535,'Tiara','Mejias','TiaraMejias@gmail.com','MejiasTiara');
INSERT INTO Students VALUES (620065535,'UNDERGRAD','01-01-2020');
INSERT INTO Enrolled (u_id,courseCode) VALUES (620065535,'COMP3047'),(620065535,'PHYS1399'),(620065535,'BIOC1485'),(620065535,'MATH3613');
INSERT INTO Users VALUES (620065536,'Frances','Banks','FrancesBanks@gmail.com','BanksFrances');
INSERT INTO Students VALUES (620065536,'UNDERGRAD','01-01-2020');
INSERT INTO Enrolled (u_id,courseCode) VALUES (620065536,'ECON3004'),(620065536,'MATH3059'),(620065536,'CHEM2149'),(620065536,'CHEM2066'),(620065536,'CHEM3614'),(620065536,'PHYS1399');
INSERT INTO Users VALUES (620065537,'Melodie','Cardona','MelodieCardona@gmail.com','CardonaMelodie');
INSERT INTO Students VALUES (620065537,'UNDERGRAD','01-01-2020');
INSERT INTO Enrolled (u_id,courseCode) VALUES (620065537,'CHEM2481'),(620065537,'MATH1638'),(620065537,'BIOC1744');
INSERT INTO Users VALUES (620065538,'Nan','Oswalt','NanOswalt@gmail.com','OswaltNan');
INSERT INTO Students VALUES (620065538,'UNDERGRAD','01-01-2020');
INSERT INTO Enrolled (u_id,courseCode) VALUES (620065538,'MATH1638'),(620065538,'ECON2345'),(620065538,'COMP3849');
INSERT INTO Users VALUES (620065539,'Ernesto','Ekberg','ErnestoEkberg@gmail.com','EkbergErnesto');
INSERT INTO Students VALUES (620065539,'UNDERGRAD','01-01-2020');
INSERT INTO Enrolled (u_id,courseCode) VALUES (620065539,'INFO2521'),(620065539,'CHEM2797'),(620065539,'CHEM1485'),(620065539,'ECON3276');
INSERT INTO Users VALUES (620065540,'Daisy','Hernandez','DaisyHernandez@gmail.com','HernandezDaisy');
INSERT INTO Students VALUES (620065540,'UNDERGRAD','01-01-2020');
INSERT INTO Enrolled (u_id,courseCode) VALUES (620065540,'INFO3603'),(620065540,'INFO2147'),(620065540,'INFO3935'),(620065540,'PHYS3290'),(620065540,'BIOC1448');
INSERT INTO Users VALUES (620065541,'Christopher','Lemieux','ChristopherLemieux@gmail.com','LemieuxChristopher');
INSERT INTO Students VALUES (620065541,'UNDERGRAD','01-01-2020');
INSERT INTO Enrolled (u_id,courseCode) VALUES (620065541,'CHEM2220'),(620065541,'CHEM2149'),(620065541,'MATH1148'),(620065541,'MATH1578');
INSERT INTO Users VALUES (620065542,'Lori','Best','LoriBest@gmail.com','BestLori');
INSERT INTO Students VALUES (620065542,'UNDERGRAD','01-01-2020');
INSERT INTO Enrolled (u_id,courseCode) VALUES (620065542,'INFO3419'),(620065542,'COMP1184'),(620065542,'PHYS2448'),(620065542,'MATH1638'),(620065542,'COMP3418'),(620065542,'MATH3029');
INSERT INTO Users VALUES (620065543,'Reggie','Eddins','ReggieEddins@gmail.com','EddinsReggie');
INSERT INTO Students VALUES (620065543,'UNDERGRAD','01-01-2020');
INSERT INTO Enrolled (u_id,courseCode) VALUES (620065543,'COMP3047'),(620065543,'CHEM3614'),(620065543,'PHYS2448');
INSERT INTO Users VALUES (620065544,'Lilla','Citizen','LillaCitizen@gmail.com','CitizenLilla');
INSERT INTO Students VALUES (620065544,'UNDERGRAD','01-01-2020');
INSERT INTO Enrolled (u_id,courseCode) VALUES (620065544,'ECON2703'),(620065544,'BIOC1910'),(620065544,'PHYS2117'),(620065544,'CHEM1613'),(620065544,'CHEM3054');
INSERT INTO Users VALUES (620065545,'Mark','Hunter','MarkHunter@gmail.com','HunterMark');
INSERT INTO Students VALUES (620065545,'UNDERGRAD','01-01-2020');
INSERT INTO Enrolled (u_id,courseCode) VALUES (620065545,'PHYS1399'),(620065545,'MATH1638'),(620065545,'BIOC1534'),(620065545,'BIOC1485'),(620065545,'INFO2559');
INSERT INTO Users VALUES (620065546,'Adelia','Golden','AdeliaGolden@gmail.com','GoldenAdelia');
INSERT INTO Students VALUES (620065546,'UNDERGRAD','01-01-2020');
INSERT INTO Enrolled (u_id,courseCode) VALUES (620065546,'PHYS3290'),(620065546,'CHEM2066'),(620065546,'INFO2213'),(620065546,'CHEM3409'),(620065546,'BIOC1794');
INSERT INTO Users VALUES (620065547,'Traci','Moore','TraciMoore@gmail.com','MooreTraci');
INSERT INTO Students VALUES (620065547,'UNDERGRAD','01-01-2020');
INSERT INTO Enrolled (u_id,courseCode) VALUES (620065547,'INFO2811'),(620065547,'BIOC1485'),(620065547,'ECON1458');
INSERT INTO Users VALUES (620065548,'Sheila','Long','SheilaLong@gmail.com','LongSheila');
INSERT INTO Students VALUES (620065548,'UNDERGRAD','01-01-2020');
INSERT INTO Enrolled (u_id,courseCode) VALUES (620065548,'INFO3645'),(620065548,'MATH3209'),(620065548,'PHYS3464'),(620065548,'ECON1098'),(620065548,'COMP3084'),(620065548,'INFO2270');
INSERT INTO Users VALUES (620065549,'Hector','Best','HectorBest@gmail.com','BestHector');
INSERT INTO Students VALUES (620065549,'UNDERGRAD','01-01-2020');
INSERT INTO Enrolled (u_id,courseCode) VALUES (620065549,'MATH3173'),(620065549,'ECON3311'),(620065549,'MATH1648'),(620065549,'COMP3173'),(620065549,'PHYS3290'),(620065549,'CHEM3614');
INSERT INTO Users VALUES (620065550,'Cheryl','Hernandez','CherylHernandez@gmail.com','HernandezCheryl');
INSERT INTO Students VALUES (620065550,'UNDERGRAD','01-01-2020');
INSERT INTO Enrolled (u_id,courseCode) VALUES (620065550,'INFO2811'),(620065550,'COMP3849'),(620065550,'ECON1561'),(620065550,'COMP2077'),(620065550,'BIOC1448');
INSERT INTO Users VALUES (620065551,'Danielle','Walden','DanielleWalden@gmail.com','WaldenDanielle');
INSERT INTO Students VALUES (620065551,'UNDERGRAD','01-01-2020');
INSERT INTO Enrolled (u_id,courseCode) VALUES (620065551,'BIOC1104'),(620065551,'ECON1589'),(620065551,'BIOC1794');
INSERT INTO Users VALUES (620065552,'Magdalen','Miles','MagdalenMiles@gmail.com','MilesMagdalen');
INSERT INTO Students VALUES (620065552,'UNDERGRAD','01-01-2020');
INSERT INTO Enrolled (u_id,courseCode) VALUES (620065552,'PHYS2113'),(620065552,'COMP3167'),(620065552,'MATH3222'),(620065552,'PHYS1173'),(620065552,'MATH1648'),(620065552,'ECON3288');
INSERT INTO Users VALUES (620065553,'Charles','Pedersen','CharlesPedersen@gmail.com','PedersenCharles');
INSERT INTO Students VALUES (620065553,'UNDERGRAD','01-01-2020');
INSERT INTO Enrolled (u_id,courseCode) VALUES (620065553,'INFO2337'),(620065553,'ECON2814'),(620065553,'CHEM1485'),(620065553,'INFO2860'),(620065553,'BIOC3341'),(620065553,'COMP1460');
INSERT INTO Users VALUES (620065554,'Lois','Garcia','LoisGarcia@gmail.com','GarciaLois');
INSERT INTO Students VALUES (620065554,'UNDERGRAD','01-01-2020');
INSERT INTO Enrolled (u_id,courseCode) VALUES (620065554,'CHEM2066'),(620065554,'ECON3276'),(620065554,'MATH1250'),(620065554,'COMP2361'),(620065554,'MATH1735');
INSERT INTO Users VALUES (620065555,'Randall','Myrick','RandallMyrick@gmail.com','MyrickRandall');
INSERT INTO Students VALUES (620065555,'UNDERGRAD','01-01-2020');
INSERT INTO Enrolled (u_id,courseCode) VALUES (620065555,'ECON1170'),(620065555,'INFO2213'),(620065555,'MATH2067');
INSERT INTO Users VALUES (620065556,'Maria','Alexander','MariaAlexander@gmail.com','AlexanderMaria');
INSERT INTO Students VALUES (620065556,'UNDERGRAD','01-01-2020');
INSERT INTO Enrolled (u_id,courseCode) VALUES (620065556,'MATH2555'),(620065556,'CHEM2797'),(620065556,'CHEM1613');
INSERT INTO Users VALUES (620065557,'Lindsey','Colley','LindseyColley@gmail.com','ColleyLindsey');
INSERT INTO Students VALUES (620065557,'UNDERGRAD','01-01-2020');
INSERT INTO Enrolled (u_id,courseCode) VALUES (620065557,'BIOC2236'),(620065557,'BIOC3721'),(620065557,'ECON1012'),(620065557,'ECON2703');
INSERT INTO Users VALUES (620065558,'Sadie','Siple','SadieSiple@gmail.com','SipleSadie');
INSERT INTO Students VALUES (620065558,'UNDERGRAD','01-01-2020');
INSERT INTO Enrolled (u_id,courseCode) VALUES (620065558,'CHEM3409'),(620065558,'MATH3209'),(620065558,'ECON1589');
INSERT INTO Users VALUES (620065559,'Stephanie','Burney','StephanieBurney@gmail.com','BurneyStephanie');
INSERT INTO Students VALUES (620065559,'UNDERGRAD','01-01-2020');
INSERT INTO Enrolled (u_id,courseCode) VALUES (620065559,'INFO2797'),(620065559,'ECON2345'),(620065559,'BIOC1744');
INSERT INTO Users VALUES (620065560,'Angie','Duffy','AngieDuffy@gmail.com','DuffyAngie');
INSERT INTO Students VALUES (620065560,'UNDERGRAD','01-01-2020');
INSERT INTO Enrolled (u_id,courseCode) VALUES (620065560,'COMP1543'),(620065560,'PHYS3052'),(620065560,'ECON1589'),(620065560,'BIOC3341'),(620065560,'COMP3173');
INSERT INTO Users VALUES (620065561,'Iris','Johnson','IrisJohnson@gmail.com','JohnsonIris');
INSERT INTO Students VALUES (620065561,'UNDERGRAD','01-01-2020');
INSERT INTO Enrolled (u_id,courseCode) VALUES (620065561,'CHEM3793'),(620065561,'INFO2950'),(620065561,'INFO2213'),(620065561,'MATH3029');
INSERT INTO Users VALUES (620065562,'Edna','Jefferson','EdnaJefferson@gmail.com','JeffersonEdna');
INSERT INTO Students VALUES (620065562,'UNDERGRAD','01-01-2020');
INSERT INTO Enrolled (u_id,courseCode) VALUES (620065562,'ECON1230'),(620065562,'INFO2270'),(620065562,'MATH3209'),(620065562,'ECON3281'),(620065562,'BIOC1866');
INSERT INTO Users VALUES (620065563,'Jesus','Mejias','JesusMejias@gmail.com','MejiasJesus');
INSERT INTO Students VALUES (620065563,'UNDERGRAD','01-01-2020');
INSERT INTO Enrolled (u_id,courseCode) VALUES (620065563,'CHEM1494'),(620065563,'PHYS3686'),(620065563,'BIOC3604'),(620065563,'INFO2337');
INSERT INTO Users VALUES (620065564,'Frances','Mcclenon','FrancesMcclenon@gmail.com','McclenonFrances');
INSERT INTO Students VALUES (620065564,'UNDERGRAD','01-01-2020');
INSERT INTO Enrolled (u_id,courseCode) VALUES (620065564,'PHYS3876'),(620065564,'PHYS3354'),(620065564,'PHYS2117');
INSERT INTO Users VALUES (620065565,'Colin','Lauritsen','ColinLauritsen@gmail.com','LauritsenColin');
INSERT INTO Students VALUES (620065565,'UNDERGRAD','01-01-2020');
INSERT INTO Enrolled (u_id,courseCode) VALUES (620065565,'MATH3544'),(620065565,'CHEM3888'),(620065565,'COMP2541');
INSERT INTO Users VALUES (620065566,'Michelle','Jeanbaptiste','MichelleJeanbaptiste@gmail.com','JeanbaptisteMichelle');
INSERT INTO Students VALUES (620065566,'UNDERGRAD','01-01-2020');
INSERT INTO Enrolled (u_id,courseCode) VALUES (620065566,'ECON2814'),(620065566,'BIOC3721'),(620065566,'PHYS3052'),(620065566,'CHEM2604'),(620065566,'ECON2345');
INSERT INTO Users VALUES (620065567,'Gordon','Horth','GordonHorth@gmail.com','HorthGordon');
INSERT INTO Students VALUES (620065567,'UNDERGRAD','01-01-2020');
INSERT INTO Enrolled (u_id,courseCode) VALUES (620065567,'CHEM3409'),(620065567,'CHEM2697'),(620065567,'MATH3613'),(620065567,'PHYS2667'),(620065567,'BIOC1794');
INSERT INTO Users VALUES (620065568,'Michelle','Chappell','MichelleChappell@gmail.com','ChappellMichelle');
INSERT INTO Students VALUES (620065568,'UNDERGRAD','01-01-2020');
INSERT INTO Enrolled (u_id,courseCode) VALUES (620065568,'COMP3639'),(620065568,'COMP1184'),(620065568,'MATH2717'),(620065568,'BIOC3191'),(620065568,'BIOC2983'),(620065568,'INFO2270');
INSERT INTO Users VALUES (620065569,'Jeffrey','Mcclain','JeffreyMcclain@gmail.com','McclainJeffrey');
INSERT INTO Students VALUES (620065569,'UNDERGRAD','01-01-2020');
INSERT INTO Enrolled (u_id,courseCode) VALUES (620065569,'ECON2345'),(620065569,'ECON3085'),(620065569,'CHEM3409'),(620065569,'BIOC3457'),(620065569,'ECON2703');
INSERT INTO Users VALUES (620065570,'Angie','Crites','AngieCrites@gmail.com','CritesAngie');
INSERT INTO Students VALUES (620065570,'UNDERGRAD','01-01-2020');
INSERT INTO Enrolled (u_id,courseCode) VALUES (620065570,'ECON3550'),(620065570,'ECON3288'),(620065570,'COMP1573'),(620065570,'MATH1309'),(620065570,'COMP2541');
INSERT INTO Users VALUES (620065571,'Homer','Thompson','HomerThompson@gmail.com','ThompsonHomer');
INSERT INTO Students VALUES (620065571,'UNDERGRAD','01-01-2020');
INSERT INTO Enrolled (u_id,courseCode) VALUES (620065571,'BIOC1598'),(620065571,'MATH3179'),(620065571,'INFO1145');
INSERT INTO Users VALUES (620065572,'Miguel','Steinberger','MiguelSteinberger@gmail.com','SteinbergerMiguel');
INSERT INTO Students VALUES (620065572,'UNDERGRAD','01-01-2020');
INSERT INTO Enrolled (u_id,courseCode) VALUES (620065572,'MATH2501'),(620065572,'BIOC1744'),(620065572,'BIOC3341'),(620065572,'INFO1145');
INSERT INTO Users VALUES (620065573,'Kim','Klein','KimKlein@gmail.com','KleinKim');
INSERT INTO Students VALUES (620065573,'UNDERGRAD','01-01-2020');
INSERT INTO Enrolled (u_id,courseCode) VALUES (620065573,'BIOC3341'),(620065573,'ECON1012'),(620065573,'CHEM2867'),(620065573,'INFO3645'),(620065573,'CHEM2066'),(620065573,'MATH3059');
INSERT INTO Users VALUES (620065574,'Cassie','Ferretti','CassieFerretti@gmail.com','FerrettiCassie');
INSERT INTO Students VALUES (620065574,'UNDERGRAD','01-01-2020');
INSERT INTO Enrolled (u_id,courseCode) VALUES (620065574,'CHEM2867'),(620065574,'MATH1454'),(620065574,'INFO2813');
INSERT INTO Users VALUES (620065575,'Lois','Huffman','LoisHuffman@gmail.com','HuffmanLois');
INSERT INTO Students VALUES (620065575,'UNDERGRAD','01-01-2020');
INSERT INTO Enrolled (u_id,courseCode) VALUES (620065575,'INFO2270'),(620065575,'CHEM1613'),(620065575,'COMP3536'),(620065575,'ECON1170'),(620065575,'CHEM2626');
INSERT INTO Users VALUES (620065576,'Rebecca','Pelletier','RebeccaPelletier@gmail.com','PelletierRebecca');
INSERT INTO Students VALUES (620065576,'UNDERGRAD','01-01-2020');
INSERT INTO Enrolled (u_id,courseCode) VALUES (620065576,'BIOC1534'),(620065576,'COMP3238'),(620065576,'MATH3179');
INSERT INTO Users VALUES (620065577,'Wilbur','Waugh','WilburWaugh@gmail.com','WaughWilbur');
INSERT INTO Students VALUES (620065577,'UNDERGRAD','01-01-2020');
INSERT INTO Enrolled (u_id,courseCode) VALUES (620065577,'ECON3085'),(620065577,'PHYS3354'),(620065577,'CHEM1494'),(620065577,'ECON3523');
INSERT INTO Users VALUES (620065578,'Kathy','Garnes','KathyGarnes@gmail.com','GarnesKathy');
INSERT INTO Students VALUES (620065578,'UNDERGRAD','01-01-2020');
INSERT INTO Enrolled (u_id,courseCode) VALUES (620065578,'PHYS2117'),(620065578,'CHEM2031'),(620065578,'CHEM2446'),(620065578,'PHYS1399'),(620065578,'COMP3697');
INSERT INTO Users VALUES (620065579,'Kenneth','Noonan','KennethNoonan@gmail.com','NoonanKenneth');
INSERT INTO Students VALUES (620065579,'UNDERGRAD','01-01-2020');
INSERT INTO Enrolled (u_id,courseCode) VALUES (620065579,'CHEM1485'),(620065579,'CHEM2481'),(620065579,'PHYS3787'),(620065579,'MATH2957');
INSERT INTO Users VALUES (620065580,'Adam','Jesse','AdamJesse@gmail.com','JesseAdam');
INSERT INTO Students VALUES (620065580,'UNDERGRAD','01-01-2020');
INSERT INTO Enrolled (u_id,courseCode) VALUES (620065580,'PHYS3686'),(620065580,'COMP2077'),(620065580,'CHEM2005'),(620065580,'ECON3281');
INSERT INTO Users VALUES (620065581,'Juanita','Brown','JuanitaBrown@gmail.com','BrownJuanita');
INSERT INTO Students VALUES (620065581,'UNDERGRAD','01-01-2020');
INSERT INTO Enrolled (u_id,courseCode) VALUES (620065581,'MATH2501'),(620065581,'COMP3418'),(620065581,'COMP3536');
INSERT INTO Users VALUES (620065582,'Grace','Carlos','GraceCarlos@gmail.com','CarlosGrace');
INSERT INTO Students VALUES (620065582,'UNDERGRAD','01-01-2020');
INSERT INTO Enrolled (u_id,courseCode) VALUES (620065582,'CHEM2177'),(620065582,'CHEM2604'),(620065582,'PHYS1993'),(620065582,'MATH3029'),(620065582,'CHEM1485'),(620065582,'COMP3506');
INSERT INTO Users VALUES (620065583,'Glenda','Mcclain','GlendaMcclain@gmail.com','McclainGlenda');
INSERT INTO Students VALUES (620065583,'UNDERGRAD','01-01-2020');
INSERT INTO Enrolled (u_id,courseCode) VALUES (620065583,'CHEM3409'),(620065583,'CHEM2031'),(620065583,'MATH2501'),(620065583,'MATH2801'),(620065583,'COMP3849');
INSERT INTO Users VALUES (620065584,'Bethany','Winner','BethanyWinner@gmail.com','WinnerBethany');
INSERT INTO Students VALUES (620065584,'UNDERGRAD','01-01-2020');
INSERT INTO Enrolled (u_id,courseCode) VALUES (620065584,'PHYS3787'),(620065584,'PHYS2977'),(620065584,'CHEM2867'),(620065584,'BIOC2589');
INSERT INTO Users VALUES (620065585,'Joan','Lowrey','JoanLowrey@gmail.com','LowreyJoan');
INSERT INTO Students VALUES (620065585,'UNDERGRAD','01-01-2020');
INSERT INTO Enrolled (u_id,courseCode) VALUES (620065585,'INFO2716'),(620065585,'MATH2501'),(620065585,'INFO3935'),(620065585,'BIOC2983');
INSERT INTO Users VALUES (620065586,'Hector','Granado','HectorGranado@gmail.com','GranadoHector');
INSERT INTO Students VALUES (620065586,'UNDERGRAD','01-01-2020');
INSERT INTO Enrolled (u_id,courseCode) VALUES (620065586,'PHYS1140'),(620065586,'MATH1250'),(620065586,'INFO2213'),(620065586,'ECON1783');
INSERT INTO Users VALUES (620065587,'Adelle','Mauk','AdelleMauk@gmail.com','MaukAdelle');
INSERT INTO Students VALUES (620065587,'UNDERGRAD','01-01-2020');
INSERT INTO Enrolled (u_id,courseCode) VALUES (620065587,'COMP3173'),(620065587,'MATH1309'),(620065587,'ECON3288'),(620065587,'INFO2270'),(620065587,'PHYS3339'),(620065587,'BIOC3604');
INSERT INTO Users VALUES (620065588,'Melvin','Mcneill','MelvinMcneill@gmail.com','McneillMelvin');
INSERT INTO Students VALUES (620065588,'UNDERGRAD','01-01-2020');
INSERT INTO Enrolled (u_id,courseCode) VALUES (620065588,'BIOC2550'),(620065588,'COMP3167'),(620065588,'COMP1867'),(620065588,'MATH3544'),(620065588,'ECON1170'),(620065588,'CHEM1613');
INSERT INTO Users VALUES (620065589,'Carol','Wolfe','CarolWolfe@gmail.com','WolfeCarol');
INSERT INTO Students VALUES (620065589,'UNDERGRAD','01-01-2020');
INSERT INTO Enrolled (u_id,courseCode) VALUES (620065589,'CHEM2604'),(620065589,'BIOC1485'),(620065589,'COMP1184'),(620065589,'ECON3085');
INSERT INTO Users VALUES (620065590,'Josh','Vanhamlin','JoshVanhamlin@gmail.com','VanhamlinJosh');
INSERT INTO Students VALUES (620065590,'UNDERGRAD','01-01-2020');
INSERT INTO Enrolled (u_id,courseCode) VALUES (620065590,'COMP2077'),(620065590,'CHEM3747'),(620065590,'ECON3004');
INSERT INTO Users VALUES (620065591,'Sean','Knaub','SeanKnaub@gmail.com','KnaubSean');
INSERT INTO Students VALUES (620065591,'UNDERGRAD','01-01-2020');
INSERT INTO Enrolled (u_id,courseCode) VALUES (620065591,'BIOC1744'),(620065591,'INFO1242'),(620065591,'CHEM1613'),(620065591,'COMP3536');
INSERT INTO Users VALUES (620065592,'Janet','Blackwell','JanetBlackwell@gmail.com','BlackwellJanet');
INSERT INTO Students VALUES (620065592,'UNDERGRAD','01-01-2020');
INSERT INTO Enrolled (u_id,courseCode) VALUES (620065592,'ECON1589'),(620065592,'CHEM1807'),(620065592,'BIOC2983'),(620065592,'INFO2270'),(620065592,'PHYS3354'),(620065592,'PHYS2229');
INSERT INTO Users VALUES (620065593,'Rachel','Blackwell','RachelBlackwell@gmail.com','BlackwellRachel');
INSERT INTO Students VALUES (620065593,'UNDERGRAD','01-01-2020');
INSERT INTO Enrolled (u_id,courseCode) VALUES (620065593,'MATH3857'),(620065593,'MATH3029'),(620065593,'ECON1012');
INSERT INTO Users VALUES (620065594,'Joyce','Cannon','JoyceCannon@gmail.com','CannonJoyce');
INSERT INTO Students VALUES (620065594,'UNDERGRAD','01-01-2020');
INSERT INTO Enrolled (u_id,courseCode) VALUES (620065594,'CHEM1494'),(620065594,'MATH3613'),(620065594,'CHEM2604'),(620065594,'CHEM1807'),(620065594,'CHEM2177'),(620065594,'BIOC1598');
INSERT INTO Users VALUES (620065595,'Barbara','Gondek','BarbaraGondek@gmail.com','GondekBarbara');
INSERT INTO Students VALUES (620065595,'UNDERGRAD','01-01-2020');
INSERT INTO Enrolled (u_id,courseCode) VALUES (620065595,'INFO1447'),(620065595,'CHEM3054'),(620065595,'ECON3004'),(620065595,'PHYS2238');
INSERT INTO Users VALUES (620065596,'Carrie','Ramlall','CarrieRamlall@gmail.com','RamlallCarrie');
INSERT INTO Students VALUES (620065596,'UNDERGRAD','01-01-2020');
INSERT INTO Enrolled (u_id,courseCode) VALUES (620065596,'CHEM2177'),(620065596,'ECON2387'),(620065596,'INFO1990'),(620065596,'BIOC3191'),(620065596,'CHEM2626');
INSERT INTO Users VALUES (620065597,'Jonathan','Deen','JonathanDeen@gmail.com','DeenJonathan');
INSERT INTO Students VALUES (620065597,'UNDERGRAD','01-01-2020');
INSERT INTO Enrolled (u_id,courseCode) VALUES (620065597,'COMP3849'),(620065597,'BIOC2983'),(620065597,'PHYS1399'),(620065597,'BIOC2236');
INSERT INTO Users VALUES (620065598,'Neal','Scarbrough','NealScarbrough@gmail.com','ScarbroughNeal');
INSERT INTO Students VALUES (620065598,'UNDERGRAD','01-01-2020');
INSERT INTO Enrolled (u_id,courseCode) VALUES (620065598,'INFO3645'),(620065598,'CHEM1494'),(620065598,'CHEM2604'),(620065598,'MATH1648'),(620065598,'ECON3372'),(620065598,'BIOC3230');
INSERT INTO Users VALUES (620065599,'Dwight','Jackson','DwightJackson@gmail.com','JacksonDwight');
INSERT INTO Students VALUES (620065599,'UNDERGRAD','01-01-2020');
INSERT INTO Enrolled (u_id,courseCode) VALUES (620065599,'CHEM2177'),(620065599,'MATH1638'),(620065599,'ECON3281'),(620065599,'ECON1012'),(620065599,'CHEM2626');
INSERT INTO Users VALUES (620065600,'Louise','Shattuck','LouiseShattuck@gmail.com','ShattuckLouise');
INSERT INTO Students VALUES (620065600,'UNDERGRAD','01-01-2020');
INSERT INTO Enrolled (u_id,courseCode) VALUES (620065600,'PHYS3659'),(620065600,'ECON2345'),(620065600,'ECON1098'),(620065600,'INFO2337');
INSERT INTO Users VALUES (620065601,'Wendell','Miller','WendellMiller@gmail.com','MillerWendell');
INSERT INTO Students VALUES (620065601,'UNDERGRAD','01-01-2020');
INSERT INTO Enrolled (u_id,courseCode) VALUES (620065601,'CHEM1494'),(620065601,'ECON3523'),(620065601,'INFO1014'),(620065601,'COMP3238'),(620065601,'CHEM3347');
INSERT INTO Users VALUES (620065602,'Mildred','Coleman','MildredColeman@gmail.com','ColemanMildred');
INSERT INTO Students VALUES (620065602,'UNDERGRAD','01-01-2020');
INSERT INTO Enrolled (u_id,courseCode) VALUES (620065602,'MATH2717'),(620065602,'ECON1012'),(620065602,'PHYS1930'),(620065602,'CHEM2031'),(620065602,'ECON3989'),(620065602,'COMP2651');
INSERT INTO Users VALUES (620065603,'Matthew','Davis','MatthewDavis@gmail.com','DavisMatthew');
INSERT INTO Students VALUES (620065603,'UNDERGRAD','01-01-2020');
INSERT INTO Enrolled (u_id,courseCode) VALUES (620065603,'BIOC2550'),(620065603,'ECON3372'),(620065603,'COMP3536'),(620065603,'ECON3737'),(620065603,'CHEM2604');
INSERT INTO Users VALUES (620065604,'Tim','Scarbrough','TimScarbrough@gmail.com','ScarbroughTim');
INSERT INTO Students VALUES (620065604,'UNDERGRAD','01-01-2020');
INSERT INTO Enrolled (u_id,courseCode) VALUES (620065604,'COMP1573'),(620065604,'BIOC1866'),(620065604,'COMP3685'),(620065604,'INFO2270'),(620065604,'BIOC1448');
INSERT INTO Users VALUES (620065605,'Miguel','Wilbanks','MiguelWilbanks@gmail.com','WilbanksMiguel');
INSERT INTO Students VALUES (620065605,'UNDERGRAD','01-01-2020');
INSERT INTO Enrolled (u_id,courseCode) VALUES (620065605,'INFO3636'),(620065605,'PHYS3659'),(620065605,'COMP1460'),(620065605,'COMP3173'),(620065605,'CHEM3614'),(620065605,'ECON3281');
INSERT INTO Users VALUES (620065606,'Glenda','Kaupp','GlendaKaupp@gmail.com','KauppGlenda');
INSERT INTO Students VALUES (620065606,'UNDERGRAD','01-01-2020');
INSERT INTO Enrolled (u_id,courseCode) VALUES (620065606,'COMP3849'),(620065606,'MATH1578'),(620065606,'COMP3746'),(620065606,'ECON3004');
INSERT INTO Users VALUES (620065607,'Brooke','Carlson','BrookeCarlson@gmail.com','CarlsonBrooke');
INSERT INTO Students VALUES (620065607,'UNDERGRAD','01-01-2020');
INSERT INTO Enrolled (u_id,courseCode) VALUES (620065607,'PHYS1140'),(620065607,'MATH2067'),(620065607,'COMP2361');
INSERT INTO Users VALUES (620065608,'Dawn','Gillman','DawnGillman@gmail.com','GillmanDawn');
INSERT INTO Students VALUES (620065608,'UNDERGRAD','01-01-2020');
INSERT INTO Enrolled (u_id,courseCode) VALUES (620065608,'CHEM3888'),(620065608,'MATH3544'),(620065608,'MATH3029');
INSERT INTO Users VALUES (620065609,'Hector','Brickey','HectorBrickey@gmail.com','BrickeyHector');
INSERT INTO Students VALUES (620065609,'UNDERGRAD','01-01-2020');
INSERT INTO Enrolled (u_id,courseCode) VALUES (620065609,'MATH3544'),(620065609,'MATH1262'),(620065609,'BIOC1052'),(620065609,'PHYS3290'),(620065609,'CHEM1340'),(620065609,'INFO1825');
INSERT INTO Users VALUES (620065610,'Taylor','Estrada','TaylorEstrada@gmail.com','EstradaTaylor');
INSERT INTO Students VALUES (620065610,'UNDERGRAD','01-01-2020');
INSERT INTO Enrolled (u_id,courseCode) VALUES (620065610,'MATH1638'),(620065610,'INFO1833'),(620065610,'MATH1250'),(620065610,'COMP3238'),(620065610,'PHYS2306'),(620065610,'INFO3868');
INSERT INTO Users VALUES (620065611,'Melvin','Miraglia','MelvinMiraglia@gmail.com','MiragliaMelvin');
INSERT INTO Students VALUES (620065611,'UNDERGRAD','01-01-2020');
INSERT INTO Enrolled (u_id,courseCode) VALUES (620065611,'INFO1833'),(620065611,'MATH1578'),(620065611,'ECON3737'),(620065611,'COMP3849');
INSERT INTO Users VALUES (620065612,'Ralph','Joeckel','RalphJoeckel@gmail.com','JoeckelRalph');
INSERT INTO Students VALUES (620065612,'UNDERGRAD','01-01-2020');
INSERT INTO Enrolled (u_id,courseCode) VALUES (620065612,'COMP3238'),(620065612,'MATH2801'),(620065612,'INFO1833'),(620065612,'INFO2950');
INSERT INTO Users VALUES (620065613,'Dennis','Mcalister','DennisMcalister@gmail.com','McalisterDennis');
INSERT INTO Students VALUES (620065613,'UNDERGRAD','01-01-2020');
INSERT INTO Enrolled (u_id,courseCode) VALUES (620065613,'BIOC3457'),(620065613,'CHEM3747'),(620065613,'PHYS1399'),(620065613,'INFO2811'),(620065613,'INFO3868');
INSERT INTO Users VALUES (620065614,'Shane','King','ShaneKing@gmail.com','KingShane');
INSERT INTO Students VALUES (620065614,'UNDERGRAD','01-01-2020');
INSERT INTO Enrolled (u_id,courseCode) VALUES (620065614,'ECON3989'),(620065614,'ECON3523'),(620065614,'BIOC1052'),(620065614,'ECON2722'),(620065614,'ECON3372');
INSERT INTO Users VALUES (620065615,'Cheryl','Miller','CherylMiller@gmail.com','MillerCheryl');
INSERT INTO Students VALUES (620065615,'UNDERGRAD','01-01-2020');
INSERT INTO Enrolled (u_id,courseCode) VALUES (620065615,'PHYS1140'),(620065615,'ECON2722'),(620065615,'INFO2860'),(620065615,'PHYS2667'),(620065615,'INFO3636'),(620065615,'PHYS2448');
INSERT INTO Users VALUES (620065616,'Miguel','Pantoja','MiguelPantoja@gmail.com','PantojaMiguel');
INSERT INTO Students VALUES (620065616,'UNDERGRAD','01-01-2020');
INSERT INTO Enrolled (u_id,courseCode) VALUES (620065616,'COMP3238'),(620065616,'COMP3685'),(620065616,'INFO2813'),(620065616,'INFO2270');
INSERT INTO Users VALUES (620065617,'Mary','Decker','MaryDecker@gmail.com','DeckerMary');
INSERT INTO Students VALUES (620065617,'UNDERGRAD','01-01-2020');
INSERT INTO Enrolled (u_id,courseCode) VALUES (620065617,'MATH2957'),(620065617,'ECON1996'),(620065617,'CHEM3793'),(620065617,'ECON3523'),(620065617,'MATH2550');
INSERT INTO Users VALUES (620065618,'Diane','Maione','DianeMaione@gmail.com','MaioneDiane');
INSERT INTO Students VALUES (620065618,'UNDERGRAD','01-01-2020');
INSERT INTO Enrolled (u_id,courseCode) VALUES (620065618,'COMP3418'),(620065618,'ECON1561'),(620065618,'COMP2077');
INSERT INTO Users VALUES (620065619,'Marjorie','Parker','MarjorieParker@gmail.com','ParkerMarjorie');
INSERT INTO Students VALUES (620065619,'UNDERGRAD','01-01-2020');
INSERT INTO Enrolled (u_id,courseCode) VALUES (620065619,'CHEM2149'),(620065619,'PHYS2563'),(620065619,'INFO2147');
INSERT INTO Users VALUES (620065620,'Magdalen','Santos','MagdalenSantos@gmail.com','SantosMagdalen');
INSERT INTO Students VALUES (620065620,'UNDERGRAD','01-01-2020');
INSERT INTO Enrolled (u_id,courseCode) VALUES (620065620,'INFO2337'),(620065620,'BIOC1744'),(620065620,'BIOC1910');
INSERT INTO Users VALUES (620065621,'Philip','Crawford','PhilipCrawford@gmail.com','CrawfordPhilip');
INSERT INTO Students VALUES (620065621,'UNDERGRAD','01-01-2020');
INSERT INTO Enrolled (u_id,courseCode) VALUES (620065621,'ECON2722'),(620065621,'ECON3523'),(620065621,'COMP2541'),(620065621,'BIOC2236');
INSERT INTO Users VALUES (620065622,'Demetrice','Hauser','DemetriceHauser@gmail.com','HauserDemetrice');
INSERT INTO Students VALUES (620065622,'UNDERGRAD','01-01-2020');
INSERT INTO Enrolled (u_id,courseCode) VALUES (620065622,'MATH2801'),(620065622,'COMP3849'),(620065622,'MATH3029'),(620065622,'CHEM1807'),(620065622,'COMP3639');
INSERT INTO Users VALUES (620065623,'Harold','Miraglia','HaroldMiraglia@gmail.com','MiragliaHarold');
INSERT INTO Students VALUES (620065623,'UNDERGRAD','01-01-2020');
INSERT INTO Enrolled (u_id,courseCode) VALUES (620065623,'BIOC1448'),(620065623,'INFO1648'),(620065623,'CHEM3747'),(620065623,'MATH1972'),(620065623,'MATH3844');
INSERT INTO Users VALUES (620065624,'Sean','Lyford','SeanLyford@gmail.com','LyfordSean');
INSERT INTO Students VALUES (620065624,'UNDERGRAD','01-01-2020');
INSERT INTO Enrolled (u_id,courseCode) VALUES (620065624,'PHYS2117'),(620065624,'CHEM1340'),(620065624,'CHEM2727'),(620065624,'MATH1454');
INSERT INTO Users VALUES (620065625,'Charlotte','Givens','CharlotteGivens@gmail.com','GivensCharlotte');
INSERT INTO Students VALUES (620065625,'UNDERGRAD','01-01-2020');
INSERT INTO Enrolled (u_id,courseCode) VALUES (620065625,'COMP1184'),(620065625,'CHEM1494'),(620065625,'CHEM2604'),(620065625,'MATH1309'),(620065625,'ECON3085'),(620065625,'CHEM2177');
INSERT INTO Users VALUES (620065626,'Casey','Cardona','CaseyCardona@gmail.com','CardonaCasey');
INSERT INTO Students VALUES (620065626,'UNDERGRAD','01-01-2020');
INSERT INTO Enrolled (u_id,courseCode) VALUES (620065626,'BIOC1485'),(620065626,'ECON1589'),(620065626,'COMP3084');
INSERT INTO Users VALUES (620065627,'Justin','Bennett','JustinBennett@gmail.com','BennettJustin');
INSERT INTO Students VALUES (620065627,'UNDERGRAD','01-01-2020');
INSERT INTO Enrolled (u_id,courseCode) VALUES (620065627,'PHYS3052'),(620065627,'CHEM3409'),(620065627,'COMP1867'),(620065627,'CHEM2626');
INSERT INTO Users VALUES (620065628,'Mathew','Flemming','MathewFlemming@gmail.com','FlemmingMathew');
INSERT INTO Students VALUES (620065628,'UNDERGRAD','01-01-2020');
INSERT INTO Enrolled (u_id,courseCode) VALUES (620065628,'ECON1589'),(620065628,'CHEM3614'),(620065628,'ECON3288'),(620065628,'MATH2873'),(620065628,'COMP3418'),(620065628,'COMP3746');
INSERT INTO Users VALUES (620065629,'Harold','Mertens','HaroldMertens@gmail.com','MertensHarold');
INSERT INTO Students VALUES (620065629,'UNDERGRAD','01-01-2020');
INSERT INTO Enrolled (u_id,courseCode) VALUES (620065629,'MATH3059'),(620065629,'PHYS3290'),(620065629,'ECON1589'),(620065629,'INFO1288'),(620065629,'INFO2147'),(620065629,'CHEM2481');
INSERT INTO Users VALUES (620065630,'Rene','Amberg','ReneAmberg@gmail.com','AmbergRene');
INSERT INTO Students VALUES (620065630,'UNDERGRAD','01-01-2020');
INSERT INTO Enrolled (u_id,courseCode) VALUES (620065630,'COMP1051'),(620065630,'BIOC1725'),(620065630,'MATH1148'),(620065630,'BIOC1439'),(620065630,'PHYS2667');
INSERT INTO Users VALUES (620065631,'Nan','Calvert','NanCalvert@gmail.com','CalvertNan');
INSERT INTO Students VALUES (620065631,'UNDERGRAD','01-01-2020');
INSERT INTO Enrolled (u_id,courseCode) VALUES (620065631,'ECON2387'),(620065631,'BIOC3721'),(620065631,'MATH1309'),(620065631,'BIOC1104'),(620065631,'BIOC3604');
INSERT INTO Users VALUES (620065632,'Francis','Gilmore','FrancisGilmore@gmail.com','GilmoreFrancis');
INSERT INTO Students VALUES (620065632,'UNDERGRAD','01-01-2020');
INSERT INTO Enrolled (u_id,courseCode) VALUES (620065632,'MATH3613'),(620065632,'INFO1288'),(620065632,'COMP2077');
INSERT INTO Users VALUES (620065633,'Daisy','Pero','DaisyPero@gmail.com','PeroDaisy');
INSERT INTO Students VALUES (620065633,'UNDERGRAD','01-01-2020');
INSERT INTO Enrolled (u_id,courseCode) VALUES (620065633,'BIOC2236'),(620065633,'COMP1543'),(620065633,'BIOC3721');
INSERT INTO Users VALUES (620065634,'Lisa','Ramlall','LisaRamlall@gmail.com','RamlallLisa');
INSERT INTO Students VALUES (620065634,'UNDERGRAD','01-01-2020');
INSERT INTO Enrolled (u_id,courseCode) VALUES (620065634,'PHYS1979'),(620065634,'MATH2957'),(620065634,'INFO1825'),(620065634,'COMP3746'),(620065634,'INFO3645'),(620065634,'MATH2873');
INSERT INTO Users VALUES (620065635,'Holly','Spohn','HollySpohn@gmail.com','SpohnHolly');
INSERT INTO Students VALUES (620065635,'UNDERGRAD','01-01-2020');
INSERT INTO Enrolled (u_id,courseCode) VALUES (620065635,'COMP1184'),(620065635,'BIOC2983'),(620065635,'ECON3020');
INSERT INTO Users VALUES (620065636,'Daisy','Parker','DaisyParker@gmail.com','ParkerDaisy');
INSERT INTO Students VALUES (620065636,'UNDERGRAD','01-01-2020');
INSERT INTO Enrolled (u_id,courseCode) VALUES (620065636,'CHEM2697'),(620065636,'INFO1825'),(620065636,'BIOC1910');
INSERT INTO Users VALUES (620065637,'Jason','Chappell','JasonChappell@gmail.com','ChappellJason');
INSERT INTO Students VALUES (620065637,'UNDERGRAD','01-01-2020');
INSERT INTO Enrolled (u_id,courseCode) VALUES (620065637,'CHEM2149'),(620065637,'ECON1645'),(620065637,'MATH3209'),(620065637,'PHYS3787');
INSERT INTO Users VALUES (620065638,'Angie','Oconnell','AngieOconnell@gmail.com','OconnellAngie');
INSERT INTO Students VALUES (620065638,'UNDERGRAD','01-01-2020');
INSERT INTO Enrolled (u_id,courseCode) VALUES (620065638,'MATH2717'),(620065638,'COMP3697'),(620065638,'ECON1012');
INSERT INTO Users VALUES (620065639,'Dawn','Garrett','DawnGarrett@gmail.com','GarrettDawn');
INSERT INTO Students VALUES (620065639,'UNDERGRAD','01-01-2020');
INSERT INTO Enrolled (u_id,courseCode) VALUES (620065639,'ECON1996'),(620065639,'MATH2873'),(620065639,'PHYS3354'),(620065639,'PHYS3729'),(620065639,'MATH2717'),(620065639,'INFO1014');
INSERT INTO Users VALUES (620065640,'Francis','Howe','FrancisHowe@gmail.com','HoweFrancis');
INSERT INTO Students VALUES (620065640,'UNDERGRAD','01-01-2020');
INSERT INTO Enrolled (u_id,courseCode) VALUES (620065640,'ECON1012'),(620065640,'MATH3209'),(620065640,'PHYS1993');
INSERT INTO Users VALUES (620065641,'Paul','Finkenbinder','PaulFinkenbinder@gmail.com','FinkenbinderPaul');
INSERT INTO Students VALUES (620065641,'UNDERGRAD','01-01-2020');
INSERT INTO Enrolled (u_id,courseCode) VALUES (620065641,'ECON1645'),(620065641,'PHYS3686'),(620065641,'INFO2147'),(620065641,'MATH3613'),(620065641,'CHEM2031'),(620065641,'ECON1170');
INSERT INTO Users VALUES (620065642,'Kelly','Campbell','KellyCampbell@gmail.com','CampbellKelly');
INSERT INTO Students VALUES (620065642,'UNDERGRAD','01-01-2020');
INSERT INTO Enrolled (u_id,courseCode) VALUES (620065642,'CHEM1340'),(620065642,'MATH3544'),(620065642,'BIOC1986'),(620065642,'INFO1990'),(620065642,'CHEM3614'),(620065642,'ECON3063');
INSERT INTO Users VALUES (620065643,'Clyde','Prince','ClydePrince@gmail.com','PrinceClyde');
INSERT INTO Students VALUES (620065643,'UNDERGRAD','01-01-2020');
INSERT INTO Enrolled (u_id,courseCode) VALUES (620065643,'ECON3281'),(620065643,'MATH3688'),(620065643,'INFO3935');
INSERT INTO Users VALUES (620065644,'Tia','Congdon','TiaCongdon@gmail.com','CongdonTia');
INSERT INTO Students VALUES (620065644,'UNDERGRAD','01-01-2020');
INSERT INTO Enrolled (u_id,courseCode) VALUES (620065644,'MATH2801'),(620065644,'COMP1184'),(620065644,'MATH3222'),(620065644,'ECON3004'),(620065644,'INFO2716'),(620065644,'ECON1230');
INSERT INTO Users VALUES (620065645,'Harold','Bower','HaroldBower@gmail.com','BowerHarold');
INSERT INTO Students VALUES (620065645,'UNDERGRAD','01-01-2020');
INSERT INTO Enrolled (u_id,courseCode) VALUES (620065645,'BIOC1794'),(620065645,'PHYS2229'),(620065645,'MATH1454'),(620065645,'COMP1184'),(620065645,'CHEM2697');
INSERT INTO Users VALUES (620065646,'Michelle','Hoffman','MichelleHoffman@gmail.com','HoffmanMichelle');
INSERT INTO Students VALUES (620065646,'UNDERGRAD','01-01-2020');
INSERT INTO Enrolled (u_id,courseCode) VALUES (620065646,'COMP3639'),(620065646,'PHYS1979'),(620065646,'COMP2541'),(620065646,'CHEM2604'),(620065646,'CHEM1485');
INSERT INTO Users VALUES (620065647,'Rodney','Letchworth','RodneyLetchworth@gmail.com','LetchworthRodney');
INSERT INTO Students VALUES (620065647,'UNDERGRAD','01-01-2020');
INSERT INTO Enrolled (u_id,courseCode) VALUES (620065647,'ECON3020'),(620065647,'ECON1170'),(620065647,'COMP3084'),(620065647,'ECON3281'),(620065647,'PHYS2451');
INSERT INTO Users VALUES (620065648,'Hazel','Marshall','HazelMarshall@gmail.com','MarshallHazel');
INSERT INTO Students VALUES (620065648,'UNDERGRAD','01-01-2020');
INSERT INTO Enrolled (u_id,courseCode) VALUES (620065648,'BIOC1439'),(620065648,'BIOC1485'),(620065648,'CHEM3327');
INSERT INTO Users VALUES (620065649,'Guillermo','Flowers','GuillermoFlowers@gmail.com','FlowersGuillermo');
INSERT INTO Students VALUES (620065649,'UNDERGRAD','01-01-2020');
INSERT INTO Enrolled (u_id,courseCode) VALUES (620065649,'PHYS3052'),(620065649,'PHYS2238'),(620065649,'CHEM3347'),(620065649,'INFO2337');
INSERT INTO Users VALUES (620065650,'Willie','Carlson','WillieCarlson@gmail.com','CarlsonWillie');
INSERT INTO Students VALUES (620065650,'UNDERGRAD','01-01-2020');
INSERT INTO Enrolled (u_id,courseCode) VALUES (620065650,'COMP2541'),(620065650,'BIOC2981'),(620065650,'INFO1825'),(620065650,'CHEM2065'),(620065650,'ECON2703'),(620065650,'ECON3288');
INSERT INTO Users VALUES (620065651,'Christine','Nunn','ChristineNunn@gmail.com','NunnChristine');
INSERT INTO Students VALUES (620065651,'UNDERGRAD','01-01-2020');
INSERT INTO Enrolled (u_id,courseCode) VALUES (620065651,'BIOC1439'),(620065651,'ECON1498'),(620065651,'INFO2813'),(620065651,'ECON1098'),(620065651,'MATH2067'),(620065651,'BIOC3457');
INSERT INTO Users VALUES (620065652,'Cliff','Hoffman','CliffHoffman@gmail.com','HoffmanCliff');
INSERT INTO Students VALUES (620065652,'UNDERGRAD','01-01-2020');
INSERT INTO Enrolled (u_id,courseCode) VALUES (620065652,'BIOC1866'),(620065652,'MATH3029'),(620065652,'PHYS2338'),(620065652,'COMP3418'),(620065652,'PHYS2113'),(620065652,'PHYS1930');
INSERT INTO Users VALUES (620065653,'Dominick','Braun','DominickBraun@gmail.com','BraunDominick');
INSERT INTO Students VALUES (620065653,'UNDERGRAD','01-01-2020');
INSERT INTO Enrolled (u_id,courseCode) VALUES (620065653,'ECON1230'),(620065653,'PHYS1979'),(620065653,'MATH3844');
INSERT INTO Users VALUES (620065654,'Bryan','Jaworski','BryanJaworski@gmail.com','JaworskiBryan');
INSERT INTO Students VALUES (620065654,'UNDERGRAD','01-01-2020');
INSERT INTO Enrolled (u_id,courseCode) VALUES (620065654,'MATH3613'),(620065654,'MATH3173'),(620065654,'COMP3047'),(620065654,'CHEM2065'),(620065654,'CHEM3747');
INSERT INTO Users VALUES (620065655,'Edna','Baccus','EdnaBaccus@gmail.com','BaccusEdna');
INSERT INTO Students VALUES (620065655,'UNDERGRAD','01-01-2020');
INSERT INTO Enrolled (u_id,courseCode) VALUES (620065655,'ECON3085'),(620065655,'PHYS2238'),(620065655,'PHYS2667'),(620065655,'INFO3868'),(620065655,'INFO2950'),(620065655,'BIOC1910');
INSERT INTO Users VALUES (620065656,'Gina','White','GinaWhite@gmail.com','WhiteGina');
INSERT INTO Students VALUES (620065656,'UNDERGRAD','01-01-2020');
INSERT INTO Enrolled (u_id,courseCode) VALUES (620065656,'COMP1184'),(620065656,'ECON1589'),(620065656,'MATH3179'),(620065656,'BIOC1485');
INSERT INTO Users VALUES (620065657,'Antionette','Nichols','AntionetteNichols@gmail.com','NicholsAntionette');
INSERT INTO Students VALUES (620065657,'UNDERGRAD','01-01-2020');
INSERT INTO Enrolled (u_id,courseCode) VALUES (620065657,'COMP1184'),(620065657,'INFO2147'),(620065657,'BIOC1794'),(620065657,'ECON1783'),(620065657,'CHEM2031');
INSERT INTO Users VALUES (620065658,'Janice','Oswalt','JaniceOswalt@gmail.com','OswaltJanice');
INSERT INTO Students VALUES (620065658,'UNDERGRAD','01-01-2020');
INSERT INTO Enrolled (u_id,courseCode) VALUES (620065658,'ECON1561'),(620065658,'BIOC2671'),(620065658,'ECON3063'),(620065658,'INFO1288'),(620065658,'PHYS2117');
INSERT INTO Users VALUES (620065659,'Elwood','Hoyer','ElwoodHoyer@gmail.com','HoyerElwood');
INSERT INTO Students VALUES (620065659,'UNDERGRAD','01-01-2020');
INSERT INTO Enrolled (u_id,courseCode) VALUES (620065659,'INFO3868'),(620065659,'COMP3238'),(620065659,'ECON1230'),(620065659,'PHYS2113'),(620065659,'MATH2550'),(620065659,'INFO2797');
INSERT INTO Users VALUES (620065660,'Tracy','Ekberg','TracyEkberg@gmail.com','EkbergTracy');
INSERT INTO Students VALUES (620065660,'UNDERGRAD','01-01-2020');
INSERT INTO Enrolled (u_id,courseCode) VALUES (620065660,'ECON3020'),(620065660,'BIOC1986'),(620065660,'COMP3685'),(620065660,'COMP2080'),(620065660,'MATH3613'),(620065660,'INFO2860');
INSERT INTO Users VALUES (620065661,'Catherine','Myrick','CatherineMyrick@gmail.com','MyrickCatherine');
INSERT INTO Students VALUES (620065661,'UNDERGRAD','01-01-2020');
INSERT INTO Enrolled (u_id,courseCode) VALUES (620065661,'PHYS1930'),(620065661,'ECON2345'),(620065661,'INFO2716'),(620065661,'MATH1972');
INSERT INTO Users VALUES (620065662,'Aaron','Vineyard','AaronVineyard@gmail.com','VineyardAaron');
INSERT INTO Students VALUES (620065662,'UNDERGRAD','01-01-2020');
INSERT INTO Enrolled (u_id,courseCode) VALUES (620065662,'PHYS1140'),(620065662,'ECON1589'),(620065662,'PHYS3729'),(620065662,'ECON1561'),(620065662,'CHEM3327');
INSERT INTO Users VALUES (620065663,'Krista','Martin','KristaMartin@gmail.com','MartinKrista');
INSERT INTO Students VALUES (620065663,'UNDERGRAD','01-01-2020');
INSERT INTO Enrolled (u_id,courseCode) VALUES (620065663,'CHEM2177'),(620065663,'CHEM2446'),(620065663,'CHEM2149'),(620065663,'BIOC1052'),(620065663,'PHYS3052');
INSERT INTO Users VALUES (620065664,'Rebecca','Bradford','RebeccaBradford@gmail.com','BradfordRebecca');
INSERT INTO Students VALUES (620065664,'UNDERGRAD','01-01-2020');
INSERT INTO Enrolled (u_id,courseCode) VALUES (620065664,'ECON3281'),(620065664,'COMP2080'),(620065664,'CHEM2220'),(620065664,'MATH3857'),(620065664,'COMP3173'),(620065664,'INFO2716');
INSERT INTO Users VALUES (620065665,'Kurt','Eubank','KurtEubank@gmail.com','EubankKurt');
INSERT INTO Students VALUES (620065665,'UNDERGRAD','01-01-2020');
INSERT INTO Enrolled (u_id,courseCode) VALUES (620065665,'MATH3688'),(620065665,'INFO3636'),(620065665,'INFO1242'),(620065665,'MATH3222'),(620065665,'BIOC3191');
INSERT INTO Users VALUES (620065666,'Lindsey','Scully','LindseyScully@gmail.com','ScullyLindsey');
INSERT INTO Students VALUES (620065666,'UNDERGRAD','01-01-2020');
INSERT INTO Enrolled (u_id,courseCode) VALUES (620065666,'ECON3004'),(620065666,'MATH2501'),(620065666,'PHYS3659');
INSERT INTO Users VALUES (620065667,'Diane','Merna','DianeMerna@gmail.com','MernaDiane');
INSERT INTO Students VALUES (620065667,'UNDERGRAD','01-01-2020');
INSERT INTO Enrolled (u_id,courseCode) VALUES (620065667,'INFO1014'),(620065667,'INFO1648'),(620065667,'PHYS3052'),(620065667,'CHEM2005'),(620065667,'CHEM1340'),(620065667,'MATH2501');
INSERT INTO Users VALUES (620065668,'Keith','Estrada','KeithEstrada@gmail.com','EstradaKeith');
INSERT INTO Students VALUES (620065668,'UNDERGRAD','01-01-2020');
INSERT INTO Enrolled (u_id,courseCode) VALUES (620065668,'BIOC2054'),(620065668,'COMP3167'),(620065668,'INFO1833');
INSERT INTO Users VALUES (620065669,'Jeffrey','Gondek','JeffreyGondek@gmail.com','GondekJeffrey');
INSERT INTO Students VALUES (620065669,'UNDERGRAD','01-01-2020');
INSERT INTO Enrolled (u_id,courseCode) VALUES (620065669,'CHEM3793'),(620065669,'CHEM3327'),(620065669,'ECON3228'),(620065669,'CHEM3617');
INSERT INTO Users VALUES (620065670,'Curtis','Carlyle','CurtisCarlyle@gmail.com','CarlyleCurtis');
INSERT INTO Students VALUES (620065670,'UNDERGRAD','01-01-2020');
INSERT INTO Enrolled (u_id,courseCode) VALUES (620065670,'ECON3085'),(620065670,'COMP3084'),(620065670,'INFO1288'),(620065670,'PHYS3354');
INSERT INTO Users VALUES (620065671,'Mary','Granado','MaryGranado@gmail.com','GranadoMary');
INSERT INTO Students VALUES (620065671,'UNDERGRAD','01-01-2020');
INSERT INTO Enrolled (u_id,courseCode) VALUES (620065671,'PHYS3686'),(620065671,'CHEM1340'),(620065671,'BIOC1534'),(620065671,'INFO3636'),(620065671,'MATH3029');
INSERT INTO Users VALUES (620065672,'Vanessa','Huffman','VanessaHuffman@gmail.com','HuffmanVanessa');
INSERT INTO Students VALUES (620065672,'UNDERGRAD','01-01-2020');
INSERT INTO Enrolled (u_id,courseCode) VALUES (620065672,'INFO1990'),(620065672,'PHYS1399'),(620065672,'COMP1460');
INSERT INTO Users VALUES (620065673,'George','Carrington','GeorgeCarrington@gmail.com','CarringtonGeorge');
INSERT INTO Students VALUES (620065673,'UNDERGRAD','01-01-2020');
INSERT INTO Enrolled (u_id,courseCode) VALUES (620065673,'ECON1098'),(620065673,'CHEM1485'),(620065673,'CHEM3888'),(620065673,'PHYS3659');
INSERT INTO Users VALUES (620065674,'Benjamin','Stallings','BenjaminStallings@gmail.com','StallingsBenjamin');
INSERT INTO Students VALUES (620065674,'UNDERGRAD','01-01-2020');
INSERT INTO Enrolled (u_id,courseCode) VALUES (620065674,'BIOC2981'),(620065674,'ECON3276'),(620065674,'MATH3059'),(620065674,'MATH1648'),(620065674,'ECON2722');
INSERT INTO Users VALUES (620065675,'Harold','Vario','HaroldVario@gmail.com','VarioHarold');
INSERT INTO Students VALUES (620065675,'UNDERGRAD','01-01-2020');
INSERT INTO Enrolled (u_id,courseCode) VALUES (620065675,'COMP2361'),(620065675,'ECON3550'),(620065675,'CHEM2481'),(620065675,'CHEM2065'),(620065675,'INFO3636'),(620065675,'PHYS1399');
INSERT INTO Users VALUES (620065676,'Adelle','Ott','AdelleOtt@gmail.com','OttAdelle');
INSERT INTO Students VALUES (620065676,'UNDERGRAD','01-01-2020');
INSERT INTO Enrolled (u_id,courseCode) VALUES (620065676,'PHYS3290'),(620065676,'COMP2080'),(620065676,'COMP1543'),(620065676,'MATH3029'),(620065676,'CHEM3747'),(620065676,'CHEM3409');
INSERT INTO Users VALUES (620065677,'Kasey','Pearson','KaseyPearson@gmail.com','PearsonKasey');
INSERT INTO Students VALUES (620065677,'UNDERGRAD','01-01-2020');
INSERT INTO Enrolled (u_id,courseCode) VALUES (620065677,'MATH3857'),(620065677,'MATH2873'),(620065677,'CHEM3409'),(620065677,'PHYS1993'),(620065677,'BIOC1448'),(620065677,'CHEM2005');
INSERT INTO Users VALUES (620065678,'Edna','Wilson','EdnaWilson@gmail.com','WilsonEdna');
INSERT INTO Students VALUES (620065678,'UNDERGRAD','01-01-2020');
INSERT INTO Enrolled (u_id,courseCode) VALUES (620065678,'INFO2860'),(620065678,'CHEM3614'),(620065678,'CHEM2446');
INSERT INTO Users VALUES (620065679,'Janet','Carrillo','JanetCarrillo@gmail.com','CarrilloJanet');
INSERT INTO Students VALUES (620065679,'UNDERGRAD','01-01-2020');
INSERT INTO Enrolled (u_id,courseCode) VALUES (620065679,'INFO2147'),(620065679,'PHYS1930'),(620065679,'MATH2555');
INSERT INTO Users VALUES (620065680,'Jeremy','Duffy','JeremyDuffy@gmail.com','DuffyJeremy');
INSERT INTO Students VALUES (620065680,'UNDERGRAD','01-01-2020');
INSERT INTO Enrolled (u_id,courseCode) VALUES (620065680,'MATH2873'),(620065680,'CHEM2005'),(620065680,'MATH3222'),(620065680,'PHYS3339'),(620065680,'ECON3989'),(620065680,'ECON3447');
INSERT INTO Users VALUES (620065681,'Jesus','Calloway','JesusCalloway@gmail.com','CallowayJesus');
INSERT INTO Students VALUES (620065681,'UNDERGRAD','01-01-2020');
INSERT INTO Enrolled (u_id,courseCode) VALUES (620065681,'MATH1648'),(620065681,'MATH1262'),(620065681,'ECON3085'),(620065681,'ECON2345'),(620065681,'CHEM1807');
INSERT INTO Users VALUES (620065682,'Chris','White','ChrisWhite@gmail.com','WhiteChris');
INSERT INTO Students VALUES (620065682,'UNDERGRAD','01-01-2020');
INSERT INTO Enrolled (u_id,courseCode) VALUES (620065682,'COMP3173'),(620065682,'CHEM2626'),(620065682,'MATH1972');
INSERT INTO Users VALUES (620065683,'Elmer','Winner','ElmerWinner@gmail.com','WinnerElmer');
INSERT INTO Students VALUES (620065683,'UNDERGRAD','01-01-2020');
INSERT INTO Enrolled (u_id,courseCode) VALUES (620065683,'INFO2147'),(620065683,'MATH2067'),(620065683,'INFO3419'),(620065683,'BIOC3341');
INSERT INTO Users VALUES (620065684,'Georgie','Vargas','GeorgieVargas@gmail.com','VargasGeorgie');
INSERT INTO Students VALUES (620065684,'UNDERGRAD','01-01-2020');
INSERT INTO Enrolled (u_id,courseCode) VALUES (620065684,'ECON3737'),(620065684,'INFO2270'),(620065684,'ECON3020'),(620065684,'COMP1460'),(620065684,'CHEM2220');
INSERT INTO Users VALUES (620065685,'Melodie','Deen','MelodieDeen@gmail.com','DeenMelodie');
INSERT INTO Students VALUES (620065685,'UNDERGRAD','01-01-2020');
INSERT INTO Enrolled (u_id,courseCode) VALUES (620065685,'MATH2067'),(620065685,'COMP1573'),(620065685,'PHYS1993'),(620065685,'MATH1309'),(620065685,'PHYS3052');
INSERT INTO Users VALUES (620065686,'Weldon','Hanks','WeldonHanks@gmail.com','HanksWeldon');
INSERT INTO Students VALUES (620065686,'UNDERGRAD','01-01-2020');
INSERT INTO Enrolled (u_id,courseCode) VALUES (620065686,'PHYS3729'),(620065686,'BIOC2983'),(620065686,'PHYS3686');
INSERT INTO Users VALUES (620065687,'Robert','Jeanbaptiste','RobertJeanbaptiste@gmail.com','JeanbaptisteRobert');
INSERT INTO Students VALUES (620065687,'UNDERGRAD','01-01-2020');
INSERT INTO Enrolled (u_id,courseCode) VALUES (620065687,'ECON3276'),(620065687,'CHEM2005'),(620065687,'ECON1996'),(620065687,'PHYS2238'),(620065687,'INFO1145'),(620065687,'PHYS2448');
INSERT INTO Users VALUES (620065688,'Magdalen','Allen','MagdalenAllen@gmail.com','AllenMagdalen');
INSERT INTO Students VALUES (620065688,'UNDERGRAD','01-01-2020');
INSERT INTO Enrolled (u_id,courseCode) VALUES (620065688,'ECON1783'),(620065688,'BIOC2589'),(620065688,'ECON3523'),(620065688,'INFO1648'),(620065688,'CHEM3793');
INSERT INTO Users VALUES (620065689,'Shawn','Lemieux','ShawnLemieux@gmail.com','LemieuxShawn');
INSERT INTO Students VALUES (620065689,'UNDERGRAD','01-01-2020');
INSERT INTO Enrolled (u_id,courseCode) VALUES (620065689,'CHEM3793'),(620065689,'ECON3004'),(620065689,'PHYS1140'),(620065689,'INFO3636');
INSERT INTO Users VALUES (620065690,'Keith','Mitchell','KeithMitchell@gmail.com','MitchellKeith');
INSERT INTO Students VALUES (620065690,'UNDERGRAD','01-01-2020');
INSERT INTO Enrolled (u_id,courseCode) VALUES (620065690,'INFO1447'),(620065690,'MATH1250'),(620065690,'PHYS2229'),(620065690,'CHEM1613'),(620065690,'CHEM2604'),(620065690,'ECON2703');
INSERT INTO Users VALUES (620065691,'Kimberly','Sudduth','KimberlySudduth@gmail.com','SudduthKimberly');
INSERT INTO Students VALUES (620065691,'UNDERGRAD','01-01-2020');
INSERT INTO Enrolled (u_id,courseCode) VALUES (620065691,'ECON3737'),(620065691,'INFO3868'),(620065691,'BIOC2983');
INSERT INTO Users VALUES (620065692,'Hector','Felipe','HectorFelipe@gmail.com','FelipeHector');
INSERT INTO Students VALUES (620065692,'UNDERGRAD','01-01-2020');
INSERT INTO Enrolled (u_id,courseCode) VALUES (620065692,'COMP1867'),(620065692,'CHEM1340'),(620065692,'MATH1454'),(620065692,'CHEM3793'),(620065692,'PHYS2667');
INSERT INTO Users VALUES (620065693,'Marilyn','Robles','MarilynRobles@gmail.com','RoblesMarilyn');
INSERT INTO Students VALUES (620065693,'UNDERGRAD','01-01-2020');
INSERT INTO Enrolled (u_id,courseCode) VALUES (620065693,'MATH2550'),(620065693,'PHYS2448'),(620065693,'COMP1184');
INSERT INTO Users VALUES (620065694,'Nan','Souza','NanSouza@gmail.com','SouzaNan');
INSERT INTO Students VALUES (620065694,'UNDERGRAD','01-01-2020');
INSERT INTO Enrolled (u_id,courseCode) VALUES (620065694,'CHEM2867'),(620065694,'CHEM3617'),(620065694,'PHYS3354'),(620065694,'ECON1783'),(620065694,'CHEM3409'),(620065694,'BIOC1448');
INSERT INTO Users VALUES (620065695,'Anderson','Butcher','AndersonButcher@gmail.com','ButcherAnderson');
INSERT INTO Students VALUES (620065695,'UNDERGRAD','01-01-2020');
INSERT INTO Enrolled (u_id,courseCode) VALUES (620065695,'INFO1648'),(620065695,'INFO3419'),(620065695,'PHYS2306'),(620065695,'BIOC1485'),(620065695,'PHYS2229');
INSERT INTO Users VALUES (620065696,'Ed','Dillis','EdDillis@gmail.com','DillisEd');
INSERT INTO Students VALUES (620065696,'UNDERGRAD','01-01-2020');
INSERT INTO Enrolled (u_id,courseCode) VALUES (620065696,'CHEM3409'),(620065696,'INFO3419'),(620065696,'INFO2213');
INSERT INTO Users VALUES (620065697,'Deanna','Hoffman','DeannaHoffman@gmail.com','HoffmanDeanna');
INSERT INTO Students VALUES (620065697,'UNDERGRAD','01-01-2020');
INSERT INTO Enrolled (u_id,courseCode) VALUES (620065697,'BIOC3230'),(620065697,'CHEM2220'),(620065697,'PHYS3354');
INSERT INTO Users VALUES (620065698,'Rodney','Lyford','RodneyLyford@gmail.com','LyfordRodney');
INSERT INTO Students VALUES (620065698,'UNDERGRAD','01-01-2020');
INSERT INTO Enrolled (u_id,courseCode) VALUES (620065698,'CHEM3888'),(620065698,'MATH2067'),(620065698,'CHEM3617'),(620065698,'MATH1648');
INSERT INTO Users VALUES (620065699,'Adrienne','Fields','AdrienneFields@gmail.com','FieldsAdrienne');
INSERT INTO Students VALUES (620065699,'UNDERGRAD','01-01-2020');
INSERT INTO Enrolled (u_id,courseCode) VALUES (620065699,'PHYS3339'),(620065699,'ECON3523'),(620065699,'INFO2147'),(620065699,'CHEM1613');
INSERT INTO Users VALUES (620065700,'Ethel','Truitt','EthelTruitt@gmail.com','TruittEthel');
INSERT INTO Students VALUES (620065700,'UNDERGRAD','01-01-2020');
INSERT INTO Enrolled (u_id,courseCode) VALUES (620065700,'BIOC1448'),(620065700,'INFO3645'),(620065700,'COMP3685'),(620065700,'CHEM2177');
INSERT INTO Users VALUES (620065701,'Danielle','Figueroa','DanielleFigueroa@gmail.com','FigueroaDanielle');
INSERT INTO Students VALUES (620065701,'UNDERGRAD','01-01-2020');
INSERT INTO Enrolled (u_id,courseCode) VALUES (620065701,'INFO2716'),(620065701,'COMP3084'),(620065701,'PHYS1993');
INSERT INTO Users VALUES (620065702,'Earl','Daniels','EarlDaniels@gmail.com','DanielsEarl');
INSERT INTO Students VALUES (620065702,'UNDERGRAD','01-01-2020');
INSERT INTO Enrolled (u_id,courseCode) VALUES (620065702,'PHYS1173'),(620065702,'CHEM3327'),(620065702,'PHYS3464');
INSERT INTO Users VALUES (620065703,'Vernon','Porter','VernonPorter@gmail.com','PorterVernon');
INSERT INTO Students VALUES (620065703,'UNDERGRAD','01-01-2020');
INSERT INTO Enrolled (u_id,courseCode) VALUES (620065703,'BIOC1910'),(620065703,'MATH2801'),(620065703,'CHEM2066'),(620065703,'ECON3550');
INSERT INTO Users VALUES (620065704,'Randall','Oconnell','RandallOconnell@gmail.com','OconnellRandall');
INSERT INTO Students VALUES (620065704,'UNDERGRAD','01-01-2020');
INSERT INTO Enrolled (u_id,courseCode) VALUES (620065704,'BIOC1439'),(620065704,'MATH1309'),(620065704,'INFO2213'),(620065704,'CHEM1340'),(620065704,'BIOC2589'),(620065704,'MATH1250');
INSERT INTO Users VALUES (620065705,'Clarence','Schilling','ClarenceSchilling@gmail.com','SchillingClarence');
INSERT INTO Students VALUES (620065705,'UNDERGRAD','01-01-2020');
INSERT INTO Enrolled (u_id,courseCode) VALUES (620065705,'PHYS1993'),(620065705,'ECON3989'),(620065705,'INFO3636');
INSERT INTO Users VALUES (620065706,'Cynthia','Williams','CynthiaWilliams@gmail.com','WilliamsCynthia');
INSERT INTO Students VALUES (620065706,'UNDERGRAD','01-01-2020');
INSERT INTO Enrolled (u_id,courseCode) VALUES (620065706,'ECON1498'),(620065706,'ECON2387'),(620065706,'ECON2814'),(620065706,'COMP1184'),(620065706,'ECON3004');
INSERT INTO Users VALUES (620065707,'Kim','Lyford','KimLyford@gmail.com','LyfordKim');
INSERT INTO Students VALUES (620065707,'UNDERGRAD','01-01-2020');
INSERT INTO Enrolled (u_id,courseCode) VALUES (620065707,'INFO1145'),(620065707,'COMP3238'),(620065707,'COMP3084'),(620065707,'PHYS2448');
INSERT INTO Users VALUES (620065708,'Doris','Mcclain','DorisMcclain@gmail.com','McclainDoris');
INSERT INTO Students VALUES (620065708,'UNDERGRAD','01-01-2020');
INSERT INTO Enrolled (u_id,courseCode) VALUES (620065708,'COMP2541'),(620065708,'INFO1145'),(620065708,'INFO1648'),(620065708,'ECON3550'),(620065708,'BIOC1910'),(620065708,'ECON2814');
INSERT INTO Users VALUES (620065709,'Mark','Cannon','MarkCannon@gmail.com','CannonMark');
INSERT INTO Students VALUES (620065709,'UNDERGRAD','01-01-2020');
INSERT INTO Enrolled (u_id,courseCode) VALUES (620065709,'MATH1148'),(620065709,'BIOC2236'),(620065709,'MATH3209');
INSERT INTO Users VALUES (620065710,'Aaron','Gray','AaronGray@gmail.com','GrayAaron');
INSERT INTO Students VALUES (620065710,'UNDERGRAD','01-01-2020');
INSERT INTO Enrolled (u_id,courseCode) VALUES (620065710,'PHYS3876'),(620065710,'INFO1825'),(620065710,'ECON3288'),(620065710,'MATH3688'),(620065710,'MATH2555');
INSERT INTO Users VALUES (620065711,'Tony','Vanwyck','TonyVanwyck@gmail.com','VanwyckTony');
INSERT INTO Students VALUES (620065711,'UNDERGRAD','01-01-2020');
INSERT INTO Enrolled (u_id,courseCode) VALUES (620065711,'COMP3238'),(620065711,'INFO2559'),(620065711,'PHYS2667'),(620065711,'PHYS3464');
INSERT INTO Users VALUES (620065712,'Mary','Wengerd','MaryWengerd@gmail.com','WengerdMary');
INSERT INTO Students VALUES (620065712,'UNDERGRAD','01-01-2020');
INSERT INTO Enrolled (u_id,courseCode) VALUES (620065712,'COMP3506'),(620065712,'PHYS1993'),(620065712,'COMP3418'),(620065712,'ECON3004'),(620065712,'CHEM2031');
INSERT INTO Users VALUES (620065713,'Daisy','Krause','DaisyKrause@gmail.com','KrauseDaisy');
INSERT INTO Students VALUES (620065713,'UNDERGRAD','01-01-2020');
INSERT INTO Enrolled (u_id,courseCode) VALUES (620065713,'MATH1735'),(620065713,'BIOC1052'),(620065713,'CHEM3793');
INSERT INTO Users VALUES (620065714,'Bryon','Tate','BryonTate@gmail.com','TateBryon');
INSERT INTO Students VALUES (620065714,'UNDERGRAD','01-01-2020');
INSERT INTO Enrolled (u_id,courseCode) VALUES (620065714,'PHYS3052'),(620065714,'ECON3989'),(620065714,'INFO3645'),(620065714,'INFO1825'),(620065714,'MATH3222');
INSERT INTO Users VALUES (620065715,'Miguel','Cochran','MiguelCochran@gmail.com','CochranMiguel');
INSERT INTO Students VALUES (620065715,'UNDERGRAD','01-01-2020');
INSERT INTO Enrolled (u_id,courseCode) VALUES (620065715,'CHEM3409'),(620065715,'PHYS3339'),(620065715,'CHEM2867'),(620065715,'PHYS2563'),(620065715,'ECON3228');
INSERT INTO Users VALUES (620065716,'Dennis','Busse','DennisBusse@gmail.com','BusseDennis');
INSERT INTO Students VALUES (620065716,'UNDERGRAD','01-01-2020');
INSERT INTO Enrolled (u_id,courseCode) VALUES (620065716,'ECON1783'),(620065716,'PHYS3052'),(620065716,'BIOC1448');
INSERT INTO Users VALUES (620065717,'Harold','Swan','HaroldSwan@gmail.com','SwanHarold');
INSERT INTO Students VALUES (620065717,'UNDERGRAD','01-01-2020');
INSERT INTO Enrolled (u_id,courseCode) VALUES (620065717,'COMP1573'),(620065717,'MATH2550'),(620065717,'ECON2814'),(620065717,'ECON3737'),(620065717,'BIOC1986'),(620065717,'INFO1242');
INSERT INTO Users VALUES (620065718,'Nathan','Carrington','NathanCarrington@gmail.com','CarringtonNathan');
INSERT INTO Students VALUES (620065718,'UNDERGRAD','01-01-2020');
INSERT INTO Enrolled (u_id,courseCode) VALUES (620065718,'PHYS1140'),(620065718,'ECON3447'),(620065718,'CHEM2797');
INSERT INTO Users VALUES (620065719,'Diane','Imoto','DianeImoto@gmail.com','ImotoDiane');
INSERT INTO Students VALUES (620065719,'UNDERGRAD','01-01-2020');
INSERT INTO Enrolled (u_id,courseCode) VALUES (620065719,'INFO2337'),(620065719,'MATH2550'),(620065719,'INFO2797'),(620065719,'CHEM2065'),(620065719,'COMP3849'),(620065719,'PHYS3659');
INSERT INTO Users VALUES (620065720,'Cleveland','Mitchell','ClevelandMitchell@gmail.com','MitchellCleveland');
INSERT INTO Students VALUES (620065720,'UNDERGRAD','01-01-2020');
INSERT INTO Enrolled (u_id,courseCode) VALUES (620065720,'PHYS3686'),(620065720,'ECON3989'),(620065720,'ECON3085'),(620065720,'BIOC2589'),(620065720,'ECON1645'),(620065720,'CHEM3347');
INSERT INTO Users VALUES (620065721,'Cristina','Mcclanahan','CristinaMcclanahan@gmail.com','McclanahanCristina');
INSERT INTO Students VALUES (620065721,'UNDERGRAD','01-01-2020');
INSERT INTO Enrolled (u_id,courseCode) VALUES (620065721,'CHEM2697'),(620065721,'BIOC1104'),(620065721,'CHEM3327'),(620065721,'PHYS2448'),(620065721,'COMP3418'),(620065721,'INFO2337');
INSERT INTO Users VALUES (620065722,'Gina','Campbell','GinaCampbell@gmail.com','CampbellGina');
INSERT INTO Students VALUES (620065722,'UNDERGRAD','01-01-2020');
INSERT INTO Enrolled (u_id,courseCode) VALUES (620065722,'PHYS2338'),(620065722,'MATH2555'),(620065722,'CHEM3747'),(620065722,'ECON1012'),(620065722,'INFO3636'),(620065722,'MATH2957');
INSERT INTO Users VALUES (620065723,'Francis','Duffy','FrancisDuffy@gmail.com','DuffyFrancis');
INSERT INTO Students VALUES (620065723,'UNDERGRAD','01-01-2020');
INSERT INTO Enrolled (u_id,courseCode) VALUES (620065723,'PHYS2229'),(620065723,'INFO2270'),(620065723,'COMP2965'),(620065723,'PHYS1140');
INSERT INTO Users VALUES (620065724,'Nina','Joaquin','NinaJoaquin@gmail.com','JoaquinNina');
INSERT INTO Students VALUES (620065724,'UNDERGRAD','01-01-2020');
INSERT INTO Enrolled (u_id,courseCode) VALUES (620065724,'BIOC1448'),(620065724,'ECON2387'),(620065724,'INFO3868');
INSERT INTO Users VALUES (620065725,'Kim','Huffman','KimHuffman@gmail.com','HuffmanKim');
INSERT INTO Students VALUES (620065725,'UNDERGRAD','01-01-2020');
INSERT INTO Enrolled (u_id,courseCode) VALUES (620065725,'PHYS3464'),(620065725,'ECON3550'),(620065725,'BIOC3604'),(620065725,'CHEM2867'),(620065725,'COMP2541'),(620065725,'ECON1561');
INSERT INTO Users VALUES (620065726,'Flora','Nelson','FloraNelson@gmail.com','NelsonFlora');
INSERT INTO Students VALUES (620065726,'UNDERGRAD','01-01-2020');
INSERT INTO Enrolled (u_id,courseCode) VALUES (620065726,'BIOC3457'),(620065726,'COMP3697'),(620065726,'INFO2521'),(620065726,'COMP3418'),(620065726,'CHEM1613');
INSERT INTO Users VALUES (620065727,'Steven','Congdon','StevenCongdon@gmail.com','CongdonSteven');
INSERT INTO Students VALUES (620065727,'UNDERGRAD','01-01-2020');
INSERT INTO Enrolled (u_id,courseCode) VALUES (620065727,'PHYS3686'),(620065727,'INFO2950'),(620065727,'COMP2361'),(620065727,'PHYS2306'),(620065727,'CHEM1494');
INSERT INTO Users VALUES (620065728,'Madaline','Macpartland','MadalineMacpartland@gmail.com','MacpartlandMadaline');
INSERT INTO Students VALUES (620065728,'UNDERGRAD','01-01-2020');
INSERT INTO Enrolled (u_id,courseCode) VALUES (620065728,'INFO2860'),(620065728,'PHYS2451'),(620065728,'BIOC1598'),(620065728,'BIOC3457'),(620065728,'BIOC1910');
INSERT INTO Users VALUES (620065729,'Toby','Dillis','TobyDillis@gmail.com','DillisToby');
INSERT INTO Students VALUES (620065729,'UNDERGRAD','01-01-2020');
INSERT INTO Enrolled (u_id,courseCode) VALUES (620065729,'MATH2550'),(620065729,'INFO2147'),(620065729,'CHEM3617'),(620065729,'COMP3639');
INSERT INTO Users VALUES (620065730,'Trina','Amberg','TrinaAmberg@gmail.com','AmbergTrina');
INSERT INTO Students VALUES (620065730,'UNDERGRAD','01-01-2020');
INSERT INTO Enrolled (u_id,courseCode) VALUES (620065730,'ECON1012'),(620065730,'COMP1543'),(620065730,'MATH3173'),(620065730,'ECON3276');
INSERT INTO Users VALUES (620065731,'Patricia','Watson','PatriciaWatson@gmail.com','WatsonPatricia');
INSERT INTO Students VALUES (620065731,'UNDERGRAD','01-01-2020');
INSERT INTO Enrolled (u_id,courseCode) VALUES (620065731,'PHYS2448'),(620065731,'MATH2873'),(620065731,'CHEM2177'),(620065731,'MATH1578'),(620065731,'CHEM1613');
INSERT INTO Users VALUES (620065732,'Deborah','James','DeborahJames@gmail.com','JamesDeborah');
INSERT INTO Students VALUES (620065732,'UNDERGRAD','01-01-2020');
INSERT INTO Enrolled (u_id,courseCode) VALUES (620065732,'MATH3179'),(620065732,'ECON3311'),(620065732,'COMP1357'),(620065732,'PHYS1173');
INSERT INTO Users VALUES (620065733,'Larry','Jesse','LarryJesse@gmail.com','JesseLarry');
INSERT INTO Students VALUES (620065733,'UNDERGRAD','01-01-2020');
INSERT INTO Enrolled (u_id,courseCode) VALUES (620065733,'COMP2541'),(620065733,'COMP3746'),(620065733,'ECON3372'),(620065733,'BIOC2981');
INSERT INTO Users VALUES (620065734,'Janice','Boyer','JaniceBoyer@gmail.com','BoyerJanice');
INSERT INTO Students VALUES (620065734,'UNDERGRAD','01-01-2020');
INSERT INTO Enrolled (u_id,courseCode) VALUES (620065734,'BIOC3341'),(620065734,'CHEM1485'),(620065734,'COMP2717'),(620065734,'CHEM2727'),(620065734,'COMP1867'),(620065734,'COMP3697');
INSERT INTO Users VALUES (620065735,'Julius','Tate','JuliusTate@gmail.com','TateJulius');
INSERT INTO Students VALUES (620065735,'UNDERGRAD','01-01-2020');
INSERT INTO Enrolled (u_id,courseCode) VALUES (620065735,'ECON2345'),(620065735,'INFO3603'),(620065735,'MATH2717'),(620065735,'COMP1460'),(620065735,'COMP2541');
INSERT INTO Users VALUES (620065736,'Stanley','Bras','StanleyBras@gmail.com','BrasStanley');
INSERT INTO Students VALUES (620065736,'UNDERGRAD','01-01-2020');
INSERT INTO Enrolled (u_id,courseCode) VALUES (620065736,'PHYS3729'),(620065736,'COMP3238'),(620065736,'COMP1184'),(620065736,'ECON1589');
INSERT INTO Users VALUES (620065737,'Larry','Griffitts','LarryGriffitts@gmail.com','GriffittsLarry');
INSERT INTO Students VALUES (620065737,'UNDERGRAD','01-01-2020');
INSERT INTO Enrolled (u_id,courseCode) VALUES (620065737,'ECON1589'),(620065737,'ECON3004'),(620065737,'INFO3868'),(620065737,'PHYS3729'),(620065737,'CHEM2626');
INSERT INTO Users VALUES (620065738,'Janet','Carlson','JanetCarlson@gmail.com','CarlsonJanet');
INSERT INTO Students VALUES (620065738,'UNDERGRAD','01-01-2020');
INSERT INTO Enrolled (u_id,courseCode) VALUES (620065738,'ECON2722'),(620065738,'INFO2716'),(620065738,'INFO1648'),(620065738,'PHYS2448'),(620065738,'PHYS2338');
INSERT INTO Users VALUES (620065739,'Catherine','Prince','CatherinePrince@gmail.com','PrinceCatherine');
INSERT INTO Students VALUES (620065739,'UNDERGRAD','01-01-2020');
INSERT INTO Enrolled (u_id,courseCode) VALUES (620065739,'BIOC3604'),(620065739,'ECON1098'),(620065739,'ECON3063'),(620065739,'INFO2559');
INSERT INTO Users VALUES (620065740,'James','Wolfe','JamesWolfe@gmail.com','WolfeJames');
INSERT INTO Students VALUES (620065740,'UNDERGRAD','01-01-2020');
INSERT INTO Enrolled (u_id,courseCode) VALUES (620065740,'ECON1098'),(620065740,'BIOC1485'),(620065740,'COMP2651'),(620065740,'ECON1498');
INSERT INTO Users VALUES (620065741,'Joy','Russ','JoyRuss@gmail.com','RussJoy');
INSERT INTO Students VALUES (620065741,'UNDERGRAD','01-01-2020');
INSERT INTO Enrolled (u_id,courseCode) VALUES (620065741,'MATH1262'),(620065741,'INFO2813'),(620065741,'MATH1578'),(620065741,'PHYS3339'),(620065741,'BIOC1598');
INSERT INTO Users VALUES (620065742,'Joyce','Porter','JoycePorter@gmail.com','PorterJoyce');
INSERT INTO Students VALUES (620065742,'UNDERGRAD','01-01-2020');
INSERT INTO Enrolled (u_id,courseCode) VALUES (620065742,'ECON1783'),(620065742,'ECON3550'),(620065742,'COMP2965'),(620065742,'INFO2797'),(620065742,'INFO2950');
INSERT INTO Users VALUES (620065743,'Casey','Phinney','CaseyPhinney@gmail.com','PhinneyCasey');
INSERT INTO Students VALUES (620065743,'UNDERGRAD','01-01-2020');
INSERT INTO Enrolled (u_id,courseCode) VALUES (620065743,'PHYS1399'),(620065743,'ECON3737'),(620065743,'MATH3173');
INSERT INTO Users VALUES (620065744,'Cliff','Luper','CliffLuper@gmail.com','LuperCliff');
INSERT INTO Students VALUES (620065744,'UNDERGRAD','01-01-2020');
INSERT INTO Enrolled (u_id,courseCode) VALUES (620065744,'MATH1250'),(620065744,'PHYS3876'),(620065744,'BIOC3230');
INSERT INTO Users VALUES (620065745,'Amee','Stovall','AmeeStovall@gmail.com','StovallAmee');
INSERT INTO Students VALUES (620065745,'UNDERGRAD','01-01-2020');
INSERT INTO Enrolled (u_id,courseCode) VALUES (620065745,'MATH3613'),(620065745,'MATH1454'),(620065745,'ECON3004'),(620065745,'COMP2541'),(620065745,'CHEM2220');
INSERT INTO Users VALUES (620065746,'Edward','Bordelon','EdwardBordelon@gmail.com','BordelonEdward');
INSERT INTO Students VALUES (620065746,'UNDERGRAD','01-01-2020');
INSERT INTO Enrolled (u_id,courseCode) VALUES (620065746,'BIOC1534'),(620065746,'CHEM2065'),(620065746,'INFO1242'),(620065746,'BIOC1164'),(620065746,'CHEM2031');
INSERT INTO Users VALUES (620065747,'Lisa','Lemieux','LisaLemieux@gmail.com','LemieuxLisa');
INSERT INTO Students VALUES (620065747,'UNDERGRAD','01-01-2020');
INSERT INTO Enrolled (u_id,courseCode) VALUES (620065747,'PHYS1399'),(620065747,'PHYS1993'),(620065747,'ECON3989'),(620065747,'INFO2813');
INSERT INTO Users VALUES (620065748,'Donald','Tirabassi','DonaldTirabassi@gmail.com','TirabassiDonald');
INSERT INTO Students VALUES (620065748,'UNDERGRAD','01-01-2020');
INSERT INTO Enrolled (u_id,courseCode) VALUES (620065748,'MATH3209'),(620065748,'MATH1972'),(620065748,'CHEM3347');
INSERT INTO Users VALUES (620065749,'Sam','Pulley','SamPulley@gmail.com','PulleySam');
INSERT INTO Students VALUES (620065749,'UNDERGRAD','01-01-2020');
INSERT INTO Enrolled (u_id,courseCode) VALUES (620065749,'CHEM2481'),(620065749,'BIOC2054'),(620065749,'COMP3536'),(620065749,'ECON3281'),(620065749,'INFO2147'),(620065749,'CHEM3347');
INSERT INTO Users VALUES (620065750,'Sharon','Sudduth','SharonSudduth@gmail.com','SudduthSharon');
INSERT INTO Students VALUES (620065750,'UNDERGRAD','01-01-2020');
INSERT INTO Enrolled (u_id,courseCode) VALUES (620065750,'INFO3419'),(620065750,'MATH2957'),(620065750,'ECON3989'),(620065750,'BIOC1485'),(620065750,'CHEM3614'),(620065750,'BIOC1744');
INSERT INTO Users VALUES (620065751,'Glenda','Wolfe','GlendaWolfe@gmail.com','WolfeGlenda');
INSERT INTO Students VALUES (620065751,'UNDERGRAD','01-01-2020');
INSERT INTO Enrolled (u_id,courseCode) VALUES (620065751,'COMP1051'),(620065751,'MATH2501'),(620065751,'ECON1458'),(620065751,'INFO1242'),(620065751,'MATH3544');
INSERT INTO Users VALUES (620065752,'Teresa','Dillis','TeresaDillis@gmail.com','DillisTeresa');
INSERT INTO Students VALUES (620065752,'UNDERGRAD','01-01-2020');
INSERT INTO Enrolled (u_id,courseCode) VALUES (620065752,'MATH3179'),(620065752,'CHEM1494'),(620065752,'BIOC1744'),(620065752,'ECON1012');
INSERT INTO Users VALUES (620065753,'Miguel','Steinbach','MiguelSteinbach@gmail.com','SteinbachMiguel');
INSERT INTO Students VALUES (620065753,'UNDERGRAD','01-01-2020');
INSERT INTO Enrolled (u_id,courseCode) VALUES (620065753,'COMP2541'),(620065753,'ECON3281'),(620065753,'INFO2797'),(620065753,'INFO1242'),(620065753,'COMP3685'),(620065753,'BIOC2981');
INSERT INTO Users VALUES (620065754,'Trina','Calloway','TrinaCalloway@gmail.com','CallowayTrina');
INSERT INTO Students VALUES (620065754,'UNDERGRAD','01-01-2020');
INSERT INTO Enrolled (u_id,courseCode) VALUES (620065754,'CHEM1494'),(620065754,'INFO2521'),(620065754,'CHEM2797');
INSERT INTO Users VALUES (620065755,'Flora','Mcclanahan','FloraMcclanahan@gmail.com','McclanahanFlora');
INSERT INTO Students VALUES (620065755,'UNDERGRAD','01-01-2020');
INSERT INTO Enrolled (u_id,courseCode) VALUES (620065755,'INFO3935'),(620065755,'CHEM3614'),(620065755,'ECON2722');
INSERT INTO Users VALUES (620065756,'Carrie','Rice','CarrieRice@gmail.com','RiceCarrie');
INSERT INTO Students VALUES (620065756,'UNDERGRAD','01-01-2020');
INSERT INTO Enrolled (u_id,courseCode) VALUES (620065756,'INFO2270'),(620065756,'MATH2801'),(620065756,'MATH1648'),(620065756,'MATH2501'),(620065756,'COMP3685'),(620065756,'MATH3029');
INSERT INTO Users VALUES (620065757,'Melanie','Figueroa','MelanieFigueroa@gmail.com','FigueroaMelanie');
INSERT INTO Students VALUES (620065757,'UNDERGRAD','01-01-2020');
INSERT INTO Enrolled (u_id,courseCode) VALUES (620065757,'BIOC1052'),(620065757,'COMP2400'),(620065757,'CHEM2066');
INSERT INTO Users VALUES (620065758,'Adam','Deen','AdamDeen@gmail.com','DeenAdam');
INSERT INTO Students VALUES (620065758,'UNDERGRAD','01-01-2020');
INSERT INTO Enrolled (u_id,courseCode) VALUES (620065758,'ECON3281'),(620065758,'ECON1458'),(620065758,'ECON3550');
INSERT INTO Users VALUES (620065759,'Charles','Parker','CharlesParker@gmail.com','ParkerCharles');
INSERT INTO Students VALUES (620065759,'UNDERGRAD','01-01-2020');
INSERT INTO Enrolled (u_id,courseCode) VALUES (620065759,'BIOC2550'),(620065759,'MATH3209'),(620065759,'ECON3447'),(620065759,'ECON1645'),(620065759,'ECON3020');
INSERT INTO Users VALUES (620065760,'Eugene','Jesse','EugeneJesse@gmail.com','JesseEugene');
INSERT INTO Students VALUES (620065760,'UNDERGRAD','01-01-2020');
INSERT INTO Enrolled (u_id,courseCode) VALUES (620065760,'COMP3173'),(620065760,'PHYS2229'),(620065760,'PHYS1399'),(620065760,'INFO1447'),(620065760,'COMP1543');
INSERT INTO Users VALUES (620065761,'Rebecca','Brock','RebeccaBrock@gmail.com','BrockRebecca');
INSERT INTO Students VALUES (620065761,'UNDERGRAD','01-01-2020');
INSERT INTO Enrolled (u_id,courseCode) VALUES (620065761,'BIOC1725'),(620065761,'INFO1833'),(620065761,'INFO2270'),(620065761,'MATH3222');
INSERT INTO Users VALUES (620065762,'Wayne','Barnett','WayneBarnett@gmail.com','BarnettWayne');
INSERT INTO Students VALUES (620065762,'UNDERGRAD','01-01-2020');
INSERT INTO Enrolled (u_id,courseCode) VALUES (620065762,'ECON3523'),(620065762,'BIOC1164'),(620065762,'CHEM2005'),(620065762,'INFO2559');
INSERT INTO Users VALUES (620065763,'Willard','Charland','WillardCharland@gmail.com','CharlandWillard');
INSERT INTO Students VALUES (620065763,'UNDERGRAD','01-01-2020');
INSERT INTO Enrolled (u_id,courseCode) VALUES (620065763,'BIOC3721'),(620065763,'CHEM2626'),(620065763,'PHYS2113');
INSERT INTO Users VALUES (620065764,'Aaron','Coleman','AaronColeman@gmail.com','ColemanAaron');
INSERT INTO Students VALUES (620065764,'UNDERGRAD','01-01-2020');
INSERT INTO Enrolled (u_id,courseCode) VALUES (620065764,'PHYS3876'),(620065764,'BIOC3230'),(620065764,'ECON1996'),(620065764,'COMP1184'),(620065764,'PHYS3729');
INSERT INTO Users VALUES (620065765,'Bethany','Griffitts','BethanyGriffitts@gmail.com','GriffittsBethany');
INSERT INTO Students VALUES (620065765,'UNDERGRAD','01-01-2020');
INSERT INTO Enrolled (u_id,courseCode) VALUES (620065765,'MATH1309'),(620065765,'ECON1012'),(620065765,'MATH1972'),(620065765,'BIOC1164'),(620065765,'PHYS2306'),(620065765,'CHEM2604');
INSERT INTO Users VALUES (620065766,'Jessie','Porter','JessiePorter@gmail.com','PorterJessie');
INSERT INTO Students VALUES (620065766,'UNDERGRAD','01-01-2020');
INSERT INTO Enrolled (u_id,courseCode) VALUES (620065766,'BIOC1439'),(620065766,'COMP1357'),(620065766,'INFO2811'),(620065766,'BIOC2671'),(620065766,'COMP3506'),(620065766,'CHEM3793');
INSERT INTO Users VALUES (620065767,'Carol','Best','CarolBest@gmail.com','BestCarol');
INSERT INTO Students VALUES (620065767,'UNDERGRAD','01-01-2020');
INSERT INTO Enrolled (u_id,courseCode) VALUES (620065767,'PHYS3729'),(620065767,'BIOC2550'),(620065767,'CHEM2005'),(620065767,'ECON1783'),(620065767,'COMP1867');
INSERT INTO Users VALUES (620065768,'Christopher','Oconnell','ChristopherOconnell@gmail.com','OconnellChristopher');
INSERT INTO Students VALUES (620065768,'UNDERGRAD','01-01-2020');
INSERT INTO Enrolled (u_id,courseCode) VALUES (620065768,'ECON1783'),(620065768,'ECON3063'),(620065768,'COMP1051');
INSERT INTO Users VALUES (620065769,'Samuel','Lundholm','SamuelLundholm@gmail.com','LundholmSamuel');
INSERT INTO Students VALUES (620065769,'UNDERGRAD','01-01-2020');
INSERT INTO Enrolled (u_id,courseCode) VALUES (620065769,'CHEM3409'),(620065769,'INFO2521'),(620065769,'INFO1833'),(620065769,'ECON3276');
INSERT INTO Users VALUES (620065770,'Glenda','Truong','GlendaTruong@gmail.com','TruongGlenda');
INSERT INTO Students VALUES (620065770,'UNDERGRAD','01-01-2020');
INSERT INTO Enrolled (u_id,courseCode) VALUES (620065770,'PHYS3729'),(620065770,'CHEM2604'),(620065770,'BIOC1910'),(620065770,'INFO1145');
INSERT INTO Users VALUES (620065771,'Madaline','Lamar','MadalineLamar@gmail.com','LamarMadaline');
INSERT INTO Students VALUES (620065771,'UNDERGRAD','01-01-2020');
INSERT INTO Enrolled (u_id,courseCode) VALUES (620065771,'MATH1648'),(620065771,'BIOC3341'),(620065771,'COMP1460');
INSERT INTO Users VALUES (620065772,'Lorenza','Sullivan','LorenzaSullivan@gmail.com','SullivanLorenza');
INSERT INTO Students VALUES (620065772,'UNDERGRAD','01-01-2020');
INSERT INTO Enrolled (u_id,courseCode) VALUES (620065772,'CHEM1613'),(620065772,'BIOC1164'),(620065772,'PHYS3052');
INSERT INTO Users VALUES (620065773,'Stacy','Baccus','StacyBaccus@gmail.com','BaccusStacy');
INSERT INTO Students VALUES (620065773,'UNDERGRAD','01-01-2020');
INSERT INTO Enrolled (u_id,courseCode) VALUES (620065773,'COMP3084'),(620065773,'COMP3697'),(620065773,'COMP2541'),(620065773,'ECON1098'),(620065773,'MATH3173');
INSERT INTO Users VALUES (620065774,'Kirk','Vargas','KirkVargas@gmail.com','VargasKirk');
INSERT INTO Students VALUES (620065774,'UNDERGRAD','01-01-2020');
INSERT INTO Enrolled (u_id,courseCode) VALUES (620065774,'BIOC2589'),(620065774,'PHYS3876'),(620065774,'CHEM2065'),(620065774,'CHEM1340');
INSERT INTO Users VALUES (620065775,'Toby','Avery','TobyAvery@gmail.com','AveryToby');
INSERT INTO Students VALUES (620065775,'UNDERGRAD','01-01-2020');
INSERT INTO Enrolled (u_id,courseCode) VALUES (620065775,'MATH1638'),(620065775,'CHEM2697'),(620065775,'COMP2080'),(620065775,'ECON3737');
INSERT INTO Users VALUES (620065776,'Ladawn','Vanwyck','LadawnVanwyck@gmail.com','VanwyckLadawn');
INSERT INTO Students VALUES (620065776,'UNDERGRAD','01-01-2020');
INSERT INTO Enrolled (u_id,courseCode) VALUES (620065776,'ECON1458'),(620065776,'CHEM3617'),(620065776,'BIOC2983'),(620065776,'CHEM3614'),(620065776,'PHYS1993');
INSERT INTO Users VALUES (620065777,'Teresa','Tate','TeresaTate@gmail.com','TateTeresa');
INSERT INTO Students VALUES (620065777,'UNDERGRAD','01-01-2020');
INSERT INTO Enrolled (u_id,courseCode) VALUES (620065777,'BIOC2981'),(620065777,'PHYS3052'),(620065777,'ECON3004'),(620065777,'MATH2501');
INSERT INTO Users VALUES (620065778,'Freddie','Harrington','FreddieHarrington@gmail.com','HarringtonFreddie');
INSERT INTO Students VALUES (620065778,'UNDERGRAD','01-01-2020');
INSERT INTO Enrolled (u_id,courseCode) VALUES (620065778,'MATH2957'),(620065778,'COMP2965'),(620065778,'INFO3636'),(620065778,'COMP2077'),(620065778,'ECON3737');
INSERT INTO Users VALUES (620065779,'Edna','Bras','EdnaBras@gmail.com','BrasEdna');
INSERT INTO Students VALUES (620065779,'UNDERGRAD','01-01-2020');
INSERT INTO Enrolled (u_id,courseCode) VALUES (620065779,'PHYS3052'),(620065779,'PHYS3659'),(620065779,'MATH3179');
INSERT INTO Users VALUES (620065780,'Patricia','Barron','PatriciaBarron@gmail.com','BarronPatricia');
INSERT INTO Students VALUES (620065780,'UNDERGRAD','01-01-2020');
INSERT INTO Enrolled (u_id,courseCode) VALUES (620065780,'COMP3418'),(620065780,'MATH2873'),(620065780,'ECON3372'),(620065780,'INFO1288'),(620065780,'BIOC3604'),(620065780,'PHYS3290');
INSERT INTO Users VALUES (620065781,'Jose','Uribe','JoseUribe@gmail.com','UribeJose');
INSERT INTO Students VALUES (620065781,'UNDERGRAD','01-01-2020');
INSERT INTO Enrolled (u_id,courseCode) VALUES (620065781,'PHYS1399'),(620065781,'ECON3989'),(620065781,'INFO3603'),(620065781,'PHYS1930');
INSERT INTO Users VALUES (620065782,'Shayne','Duffie','ShayneDuffie@gmail.com','DuffieShayne');
INSERT INTO Students VALUES (620065782,'UNDERGRAD','01-01-2020');
INSERT INTO Enrolled (u_id,courseCode) VALUES (620065782,'MATH3059'),(620065782,'ECON1783'),(620065782,'ECON1645'),(620065782,'MATH3173');
INSERT INTO Users VALUES (620065783,'Carrie','Lauritsen','CarrieLauritsen@gmail.com','LauritsenCarrie');
INSERT INTO Students VALUES (620065783,'UNDERGRAD','01-01-2020');
INSERT INTO Enrolled (u_id,courseCode) VALUES (620065783,'INFO2636'),(620065783,'ECON1996'),(620065783,'ECON3276');
INSERT INTO Users VALUES (620065784,'Gordon','Hodge','GordonHodge@gmail.com','HodgeGordon');
INSERT INTO Students VALUES (620065784,'UNDERGRAD','01-01-2020');
INSERT INTO Enrolled (u_id,courseCode) VALUES (620065784,'CHEM2220'),(620065784,'ECON3228'),(620065784,'CHEM1613'),(620065784,'BIOC1725');
INSERT INTO Users VALUES (620065785,'Katie','Steere','KatieSteere@gmail.com','SteereKatie');
INSERT INTO Students VALUES (620065785,'UNDERGRAD','01-01-2020');
INSERT INTO Enrolled (u_id,courseCode) VALUES (620065785,'CHEM2626'),(620065785,'PHYS2306'),(620065785,'PHYS1979'),(620065785,'BIOC3191');
INSERT INTO Users VALUES (620065786,'Mathew','Macpartland','MathewMacpartland@gmail.com','MacpartlandMathew');
INSERT INTO Students VALUES (620065786,'UNDERGRAD','01-01-2020');
INSERT INTO Enrolled (u_id,courseCode) VALUES (620065786,'COMP1543'),(620065786,'MATH3222'),(620065786,'BIOC3191'),(620065786,'CHEM1485'),(620065786,'INFO1833'),(620065786,'INFO2213');
INSERT INTO Users VALUES (620065787,'Gilbert','Ott','GilbertOtt@gmail.com','OttGilbert');
INSERT INTO Students VALUES (620065787,'UNDERGRAD','01-01-2020');
INSERT INTO Enrolled (u_id,courseCode) VALUES (620065787,'BIOC1794'),(620065787,'COMP1867'),(620065787,'COMP3238');
INSERT INTO Users VALUES (620065788,'Dora','Jefferson','DoraJefferson@gmail.com','JeffersonDora');
INSERT INTO Students VALUES (620065788,'UNDERGRAD','01-01-2020');
INSERT INTO Enrolled (u_id,courseCode) VALUES (620065788,'COMP2080'),(620065788,'PHYS2563'),(620065788,'BIOC3721'),(620065788,'CHEM3617'),(620065788,'ECON3085');
INSERT INTO Users VALUES (620065789,'Sam','Thomas','SamThomas@gmail.com','ThomasSam');
INSERT INTO Students VALUES (620065789,'UNDERGRAD','01-01-2020');
INSERT INTO Enrolled (u_id,courseCode) VALUES (620065789,'BIOC2589'),(620065789,'CHEM2149'),(620065789,'INFO2950'),(620065789,'ECON2387');
INSERT INTO Users VALUES (620065790,'Earl','Santos','EarlSantos@gmail.com','SantosEarl');
INSERT INTO Students VALUES (620065790,'UNDERGRAD','01-01-2020');
INSERT INTO Enrolled (u_id,courseCode) VALUES (620065790,'CHEM3327'),(620065790,'ECON3447'),(620065790,'INFO2813'),(620065790,'COMP2965'),(620065790,'PHYS2338');
INSERT INTO Users VALUES (620065791,'Melanie','Daniels','MelanieDaniels@gmail.com','DanielsMelanie');
INSERT INTO Students VALUES (620065791,'UNDERGRAD','01-01-2020');
INSERT INTO Enrolled (u_id,courseCode) VALUES (620065791,'INFO2797'),(620065791,'PHYS2113'),(620065791,'COMP3697'),(620065791,'PHYS2338'),(620065791,'COMP3746'),(620065791,'BIOC3230');
INSERT INTO Users VALUES (620065792,'Dennis','Siple','DennisSiple@gmail.com','SipleDennis');
INSERT INTO Students VALUES (620065792,'UNDERGRAD','01-01-2020');
INSERT INTO Enrolled (u_id,courseCode) VALUES (620065792,'COMP3047'),(620065792,'MATH3179'),(620065792,'COMP3639'),(620065792,'ECON3737'),(620065792,'MATH3613');
INSERT INTO Users VALUES (620065793,'Stanley','Miraglia','StanleyMiraglia@gmail.com','MiragliaStanley');
INSERT INTO Students VALUES (620065793,'UNDERGRAD','01-01-2020');
INSERT INTO Enrolled (u_id,courseCode) VALUES (620065793,'COMP3084'),(620065793,'PHYS1399'),(620065793,'CHEM3327'),(620065793,'BIOC3457'),(620065793,'ECON3989'),(620065793,'ECON2722');
INSERT INTO Users VALUES (620065794,'Keith','Alvarez','KeithAlvarez@gmail.com','AlvarezKeith');
INSERT INTO Students VALUES (620065794,'UNDERGRAD','01-01-2020');
INSERT INTO Enrolled (u_id,courseCode) VALUES (620065794,'PHYS2117'),(620065794,'PHYS2113'),(620065794,'PHYS1140');
INSERT INTO Users VALUES (620065795,'Kim','Moldrem','KimMoldrem@gmail.com','MoldremKim');
INSERT INTO Students VALUES (620065795,'UNDERGRAD','01-01-2020');
INSERT INTO Enrolled (u_id,courseCode) VALUES (620065795,'INFO3935'),(620065795,'INFO2716'),(620065795,'COMP1357');
INSERT INTO Users VALUES (620065796,'Ruth','Davis','RuthDavis@gmail.com','DavisRuth');
INSERT INTO Students VALUES (620065796,'UNDERGRAD','01-01-2020');
INSERT INTO Enrolled (u_id,courseCode) VALUES (620065796,'CHEM3327'),(620065796,'CHEM2797'),(620065796,'PHYS2113');
INSERT INTO Users VALUES (620065797,'Adrienne','Jaworski','AdrienneJaworski@gmail.com','JaworskiAdrienne');
INSERT INTO Students VALUES (620065797,'UNDERGRAD','01-01-2020');
INSERT INTO Enrolled (u_id,courseCode) VALUES (620065797,'CHEM2446'),(620065797,'CHEM3793'),(620065797,'PHYS3686'),(620065797,'COMP3697'),(620065797,'CHEM2177'),(620065797,'BIOC1534');
INSERT INTO Users VALUES (620065798,'Reggie','Turner','ReggieTurner@gmail.com','TurnerReggie');
INSERT INTO Students VALUES (620065798,'UNDERGRAD','01-01-2020');
INSERT INTO Enrolled (u_id,courseCode) VALUES (620065798,'INFO1145'),(620065798,'INFO3645'),(620065798,'BIOC2983'),(620065798,'CHEM2867'),(620065798,'MATH1638'),(620065798,'BIOC2671');
INSERT INTO Users VALUES (620065799,'Krista','Pere','KristaPere@gmail.com','PereKrista');
INSERT INTO Students VALUES (620065799,'UNDERGRAD','01-01-2020');
INSERT INTO Enrolled (u_id,courseCode) VALUES (620065799,'COMP2717'),(620065799,'INFO3935'),(620065799,'BIOC3604'),(620065799,'INFO1990'),(620065799,'MATH3688');
INSERT INTO Users VALUES (620065800,'Juan','Vargas','JuanVargas@gmail.com','VargasJuan');
INSERT INTO Students VALUES (620065800,'UNDERGRAD','01-01-2020');
INSERT INTO Enrolled (u_id,courseCode) VALUES (620065800,'MATH3059'),(620065800,'PHYS2113'),(620065800,'PHYS3729');
INSERT INTO Users VALUES (620065801,'Benjamin','Stovall','BenjaminStovall@gmail.com','StovallBenjamin');
INSERT INTO Students VALUES (620065801,'UNDERGRAD','01-01-2020');
INSERT INTO Enrolled (u_id,courseCode) VALUES (620065801,'ECON1996'),(620065801,'COMP2717'),(620065801,'PHYS1399'),(620065801,'INFO2147'),(620065801,'MATH2501'),(620065801,'PHYS3464');
INSERT INTO Users VALUES (620065802,'Terri','Garrett','TerriGarrett@gmail.com','GarrettTerri');
INSERT INTO Students VALUES (620065802,'UNDERGRAD','01-01-2020');
INSERT INTO Enrolled (u_id,courseCode) VALUES (620065802,'INFO1648'),(620065802,'CHEM2697'),(620065802,'COMP3536'),(620065802,'CHEM3747'),(620065802,'ECON3989'),(620065802,'CHEM3347');
INSERT INTO Users VALUES (620065803,'Tony','Velasquez','TonyVelasquez@gmail.com','VelasquezTony');
INSERT INTO Students VALUES (620065803,'UNDERGRAD','01-01-2020');
INSERT INTO Enrolled (u_id,courseCode) VALUES (620065803,'MATH3179'),(620065803,'PHYS3659'),(620065803,'MATH2067'),(620065803,'CHEM2031'),(620065803,'BIOC2550');
INSERT INTO Users VALUES (620065804,'Clyde','Martin','ClydeMartin@gmail.com','MartinClyde');
INSERT INTO Students VALUES (620065804,'UNDERGRAD','01-01-2020');
INSERT INTO Enrolled (u_id,courseCode) VALUES (620065804,'COMP2717'),(620065804,'INFO1833'),(620065804,'PHYS2306'),(620065804,'INFO3935'),(620065804,'CHEM2220');
INSERT INTO Users VALUES (620065805,'Katherine','Quintero','KatherineQuintero@gmail.com','QuinteroKatherine');
INSERT INTO Students VALUES (620065805,'UNDERGRAD','01-01-2020');
INSERT INTO Enrolled (u_id,courseCode) VALUES (620065805,'ECON3372'),(620065805,'COMP2080'),(620065805,'CHEM2446');
INSERT INTO Users VALUES (620065806,'Jessie','Mcclanahan','JessieMcclanahan@gmail.com','McclanahanJessie');
INSERT INTO Students VALUES (620065806,'UNDERGRAD','01-01-2020');
INSERT INTO Enrolled (u_id,courseCode) VALUES (620065806,'BIOC2054'),(620065806,'BIOC1164'),(620065806,'PHYS1173'),(620065806,'MATH3222');
INSERT INTO Users VALUES (620065807,'Taylor','Gilmore','TaylorGilmore@gmail.com','GilmoreTaylor');
INSERT INTO Students VALUES (620065807,'UNDERGRAD','01-01-2020');
INSERT INTO Enrolled (u_id,courseCode) VALUES (620065807,'MATH1262'),(620065807,'COMP2717'),(620065807,'CHEM3409'),(620065807,'INFO1014');
INSERT INTO Users VALUES (620065808,'Don','Wright','DonWright@gmail.com','WrightDon');
INSERT INTO Students VALUES (620065808,'UNDERGRAD','01-01-2020');
INSERT INTO Enrolled (u_id,courseCode) VALUES (620065808,'ECON3447'),(620065808,'BIOC2236'),(620065808,'CHEM2626'),(620065808,'ECON1996'),(620065808,'ECON3276');
INSERT INTO Users VALUES (620065809,'Young','Bennett','YoungBennett@gmail.com','BennettYoung');
INSERT INTO Students VALUES (620065809,'UNDERGRAD','01-01-2020');
INSERT INTO Enrolled (u_id,courseCode) VALUES (620065809,'ECON3228'),(620065809,'ECON1996'),(620065809,'MATH1309');
INSERT INTO Users VALUES (620065810,'Caroline','Rivera','CarolineRivera@gmail.com','RiveraCaroline');
INSERT INTO Students VALUES (620065810,'UNDERGRAD','01-01-2020');
INSERT INTO Enrolled (u_id,courseCode) VALUES (620065810,'MATH2550'),(620065810,'ECON3372'),(620065810,'PHYS2667'),(620065810,'COMP1460');
INSERT INTO Users VALUES (620065811,'Roberta','Lundholm','RobertaLundholm@gmail.com','LundholmRoberta');
INSERT INTO Students VALUES (620065811,'UNDERGRAD','01-01-2020');
INSERT INTO Enrolled (u_id,courseCode) VALUES (620065811,'MATH3222'),(620065811,'COMP1460'),(620065811,'COMP3238'),(620065811,'MATH1735');
INSERT INTO Users VALUES (620065812,'Cristina','Christenberry','CristinaChristenberry@gmail.com','ChristenberryCristina');
INSERT INTO Students VALUES (620065812,'UNDERGRAD','01-01-2020');
INSERT INTO Enrolled (u_id,courseCode) VALUES (620065812,'PHYS1399'),(620065812,'MATH1454'),(620065812,'BIOC3191'),(620065812,'INFO1014'),(620065812,'MATH1638'),(620065812,'PHYS2563');
INSERT INTO Users VALUES (620065813,'Chad','Thomas','ChadThomas@gmail.com','ThomasChad');
INSERT INTO Students VALUES (620065813,'UNDERGRAD','01-01-2020');
INSERT INTO Enrolled (u_id,courseCode) VALUES (620065813,'MATH2555'),(620065813,'MATH3613'),(620065813,'ECON3063'),(620065813,'MATH2801'),(620065813,'MATH2550'),(620065813,'PHYS2306');
INSERT INTO Users VALUES (620065814,'Stephanie','Grinstead','StephanieGrinstead@gmail.com','GrinsteadStephanie');
INSERT INTO Students VALUES (620065814,'UNDERGRAD','01-01-2020');
INSERT INTO Enrolled (u_id,courseCode) VALUES (620065814,'MATH2550'),(620065814,'CHEM2065'),(620065814,'MATH3029'),(620065814,'ECON3311');
INSERT INTO Users VALUES (620065815,'Derek','Souza','DerekSouza@gmail.com','SouzaDerek');
INSERT INTO Students VALUES (620065815,'UNDERGRAD','01-01-2020');
INSERT INTO Enrolled (u_id,courseCode) VALUES (620065815,'COMP1543'),(620065815,'BIOC2236'),(620065815,'PHYS2451'),(620065815,'CHEM3617');
INSERT INTO Users VALUES (620065816,'Roger','Eddins','RogerEddins@gmail.com','EddinsRoger');
INSERT INTO Students VALUES (620065816,'UNDERGRAD','01-01-2020');
INSERT INTO Enrolled (u_id,courseCode) VALUES (620065816,'COMP2361'),(620065816,'COMP3685'),(620065816,'BIOC1104'),(620065816,'PHYS3052'),(620065816,'CHEM2177'),(620065816,'MATH3688');
INSERT INTO Users VALUES (620065817,'Eugene','Kimbrell','EugeneKimbrell@gmail.com','KimbrellEugene');
INSERT INTO Students VALUES (620065817,'UNDERGRAD','01-01-2020');
INSERT INTO Enrolled (u_id,courseCode) VALUES (620065817,'PHYS2238'),(620065817,'COMP2361'),(620065817,'ECON3550'),(620065817,'BIOC1744'),(620065817,'PHYS1173');
INSERT INTO Users VALUES (620065818,'Tia','Dillis','TiaDillis@gmail.com','DillisTia');
INSERT INTO Students VALUES (620065818,'UNDERGRAD','01-01-2020');
INSERT INTO Enrolled (u_id,courseCode) VALUES (620065818,'COMP1543'),(620065818,'MATH3209'),(620065818,'BIOC3721'),(620065818,'COMP2077');
INSERT INTO Users VALUES (620065819,'Jeffrey','Lindstrom','JeffreyLindstrom@gmail.com','LindstromJeffrey');
INSERT INTO Students VALUES (620065819,'UNDERGRAD','01-01-2020');
INSERT INTO Enrolled (u_id,courseCode) VALUES (620065819,'BIOC2236'),(620065819,'MATH2067'),(620065819,'ECON1230'),(620065819,'MATH3222'),(620065819,'ECON1170');
INSERT INTO Users VALUES (620065820,'Milton','Hanks','MiltonHanks@gmail.com','HanksMilton');
INSERT INTO Students VALUES (620065820,'UNDERGRAD','01-01-2020');
INSERT INTO Enrolled (u_id,courseCode) VALUES (620065820,'CHEM2446'),(620065820,'INFO3935'),(620065820,'COMP3506');
INSERT INTO Users VALUES (620065821,'Michelle','Braun','MichelleBraun@gmail.com','BraunMichelle');
INSERT INTO Students VALUES (620065821,'UNDERGRAD','01-01-2020');
INSERT INTO Enrolled (u_id,courseCode) VALUES (620065821,'ECON3447'),(620065821,'INFO2797'),(620065821,'CHEM2005'),(620065821,'ECON2387'),(620065821,'COMP3697'),(620065821,'BIOC1598');
INSERT INTO Users VALUES (620065822,'Kathy','Moore','KathyMoore@gmail.com','MooreKathy');
INSERT INTO Students VALUES (620065822,'UNDERGRAD','01-01-2020');
INSERT INTO Enrolled (u_id,courseCode) VALUES (620065822,'ECON3085'),(620065822,'INFO1288'),(620065822,'COMP1867'),(620065822,'INFO2147');
INSERT INTO Users VALUES (620065823,'Tony','Bourgoin','TonyBourgoin@gmail.com','BourgoinTony');
INSERT INTO Students VALUES (620065823,'UNDERGRAD','01-01-2020');
INSERT INTO Enrolled (u_id,courseCode) VALUES (620065823,'BIOC3721'),(620065823,'CHEM2065'),(620065823,'CHEM1340');
INSERT INTO Users VALUES (620065824,'David','Blackwell','DavidBlackwell@gmail.com','BlackwellDavid');
INSERT INTO Students VALUES (620065824,'UNDERGRAD','01-01-2020');
INSERT INTO Enrolled (u_id,courseCode) VALUES (620065824,'CHEM2867'),(620065824,'BIOC3341'),(620065824,'COMP3173'),(620065824,'BIOC2981');
INSERT INTO Users VALUES (620065825,'Cherise','Nerbonne','CheriseNerbonne@gmail.com','NerbonneCherise');
INSERT INTO Students VALUES (620065825,'UNDERGRAD','01-01-2020');
INSERT INTO Enrolled (u_id,courseCode) VALUES (620065825,'MATH2801'),(620065825,'COMP3506'),(620065825,'ECON3281');
INSERT INTO Users VALUES (620065826,'Dominick','Rios','DominickRios@gmail.com','RiosDominick');
INSERT INTO Students VALUES (620065826,'UNDERGRAD','01-01-2020');
INSERT INTO Enrolled (u_id,courseCode) VALUES (620065826,'CHEM2604'),(620065826,'BIOC1910'),(620065826,'CHEM3327'),(620065826,'MATH2957'),(620065826,'BIOC3191'),(620065826,'PHYS1930');
INSERT INTO Users VALUES (620065827,'Lauren','Ramlall','LaurenRamlall@gmail.com','RamlallLauren');
INSERT INTO Students VALUES (620065827,'UNDERGRAD','01-01-2020');
INSERT INTO Enrolled (u_id,courseCode) VALUES (620065827,'COMP1543'),(620065827,'CHEM2727'),(620065827,'COMP2717');
INSERT INTO Users VALUES (620065828,'Gloria','Briggs','GloriaBriggs@gmail.com','BriggsGloria');
INSERT INTO Students VALUES (620065828,'UNDERGRAD','01-01-2020');
INSERT INTO Enrolled (u_id,courseCode) VALUES (620065828,'MATH1638'),(620065828,'CHEM2697'),(620065828,'BIOC3604'),(620065828,'ECON3085');
INSERT INTO Users VALUES (620065829,'Dwayne','Hunt','DwayneHunt@gmail.com','HuntDwayne');
INSERT INTO Students VALUES (620065829,'UNDERGRAD','01-01-2020');
INSERT INTO Enrolled (u_id,courseCode) VALUES (620065829,'MATH1250'),(620065829,'ECON3228'),(620065829,'COMP2077'),(620065829,'MATH3029');
INSERT INTO Users VALUES (620065830,'Mark','Huffman','MarkHuffman@gmail.com','HuffmanMark');
INSERT INTO Students VALUES (620065830,'UNDERGRAD','01-01-2020');
INSERT INTO Enrolled (u_id,courseCode) VALUES (620065830,'INFO2270'),(620065830,'MATH3857'),(620065830,'CHEM1485'),(620065830,'INFO3935');
INSERT INTO Users VALUES (620065831,'Mack','Best','MackBest@gmail.com','BestMack');
INSERT INTO Students VALUES (620065831,'UNDERGRAD','01-01-2020');
INSERT INTO Enrolled (u_id,courseCode) VALUES (620065831,'BIOC3341'),(620065831,'COMP2077'),(620065831,'ECON3288');
INSERT INTO Users VALUES (620065832,'Cheryl','Bower','CherylBower@gmail.com','BowerCheryl');
INSERT INTO Students VALUES (620065832,'UNDERGRAD','01-01-2020');
INSERT INTO Enrolled (u_id,courseCode) VALUES (620065832,'CHEM3614'),(620065832,'ECON3989'),(620065832,'MATH3544'),(620065832,'CHEM2220');
INSERT INTO Users VALUES (620065833,'Tracy','Winner','TracyWinner@gmail.com','WinnerTracy');
INSERT INTO Students VALUES (620065833,'UNDERGRAD','01-01-2020');
INSERT INTO Enrolled (u_id,courseCode) VALUES (620065833,'MATH2067'),(620065833,'PHYS3339'),(620065833,'BIOC1744'),(620065833,'INFO2270');
INSERT INTO Users VALUES (620065834,'Elmer','Spohn','ElmerSpohn@gmail.com','SpohnElmer');
INSERT INTO Students VALUES (620065834,'UNDERGRAD','01-01-2020');
INSERT INTO Enrolled (u_id,courseCode) VALUES (620065834,'INFO2337'),(620065834,'MATH2555'),(620065834,'BIOC2671'),(620065834,'CHEM2005'),(620065834,'MATH3222');
INSERT INTO Users VALUES (620065835,'Holly','Granado','HollyGranado@gmail.com','GranadoHolly');
INSERT INTO Students VALUES (620065835,'UNDERGRAD','01-01-2020');
INSERT INTO Enrolled (u_id,courseCode) VALUES (620065835,'MATH2717'),(620065835,'COMP2361'),(620065835,'ECON2814'),(620065835,'COMP2651'),(620065835,'CHEM2604');
INSERT INTO Users VALUES (620065836,'Weldon','Wurdeman','WeldonWurdeman@gmail.com','WurdemanWeldon');
INSERT INTO Students VALUES (620065836,'UNDERGRAD','01-01-2020');
INSERT INTO Enrolled (u_id,courseCode) VALUES (620065836,'ECON3989'),(620065836,'COMP3173'),(620065836,'COMP3639'),(620065836,'INFO1288'),(620065836,'COMP1543'),(620065836,'MATH3222');
INSERT INTO Users VALUES (620065837,'Ruby','Danker','RubyDanker@gmail.com','DankerRuby');
INSERT INTO Students VALUES (620065837,'UNDERGRAD','01-01-2020');
INSERT INTO Enrolled (u_id,courseCode) VALUES (620065837,'CHEM2005'),(620065837,'CHEM2149'),(620065837,'COMP2965'),(620065837,'CHEM2481'),(620065837,'COMP3047');
INSERT INTO Users VALUES (620065838,'Isreal','Coleman','IsrealColeman@gmail.com','ColemanIsreal');
INSERT INTO Students VALUES (620065838,'UNDERGRAD','01-01-2020');
INSERT INTO Enrolled (u_id,courseCode) VALUES (620065838,'ECON3063'),(620065838,'INFO2147'),(620065838,'BIOC2981'),(620065838,'BIOC2983'),(620065838,'BIOC3341');
INSERT INTO Users VALUES (620065839,'Deanne','Lundholm','DeanneLundholm@gmail.com','LundholmDeanne');
INSERT INTO Students VALUES (620065839,'UNDERGRAD','01-01-2020');
INSERT INTO Enrolled (u_id,courseCode) VALUES (620065839,'ECON3447'),(620065839,'COMP3697'),(620065839,'INFO2559'),(620065839,'INFO1288'),(620065839,'ECON2345'),(620065839,'PHYS3787');
INSERT INTO Users VALUES (620065840,'Ralph','Stallings','RalphStallings@gmail.com','StallingsRalph');
INSERT INTO Students VALUES (620065840,'UNDERGRAD','01-01-2020');
INSERT INTO Enrolled (u_id,courseCode) VALUES (620065840,'PHYS3876'),(620065840,'ECON3004'),(620065840,'MATH3059');
INSERT INTO Users VALUES (620065841,'Philip','Calder','PhilipCalder@gmail.com','CalderPhilip');
INSERT INTO Students VALUES (620065841,'UNDERGRAD','01-01-2020');
INSERT INTO Enrolled (u_id,courseCode) VALUES (620065841,'PHYS1140'),(620065841,'MATH3209'),(620065841,'ECON3989');
INSERT INTO Users VALUES (620065842,'Jewell','Kent','JewellKent@gmail.com','KentJewell');
INSERT INTO Students VALUES (620065842,'UNDERGRAD','01-01-2020');
INSERT INTO Enrolled (u_id,courseCode) VALUES (620065842,'COMP1573'),(620065842,'COMP3173'),(620065842,'BIOC2981'),(620065842,'COMP1051'),(620065842,'BIOC3341'),(620065842,'COMP3167');
INSERT INTO Users VALUES (620065843,'Manuel','Krout','ManuelKrout@gmail.com','KroutManuel');
INSERT INTO Students VALUES (620065843,'UNDERGRAD','01-01-2020');
INSERT INTO Enrolled (u_id,courseCode) VALUES (620065843,'PHYS2563'),(620065843,'INFO2147'),(620065843,'BIOC1744'),(620065843,'INFO1833'),(620065843,'INFO1990');
INSERT INTO Users VALUES (620065844,'Thomas','Duffie','ThomasDuffie@gmail.com','DuffieThomas');
INSERT INTO Students VALUES (620065844,'UNDERGRAD','01-01-2020');
INSERT INTO Enrolled (u_id,courseCode) VALUES (620065844,'COMP3418'),(620065844,'INFO2811'),(620065844,'MATH3544'),(620065844,'BIOC2589'),(620065844,'CHEM3409');
INSERT INTO Users VALUES (620065845,'Marshall','Christinsen','MarshallChristinsen@gmail.com','ChristinsenMarshall');
INSERT INTO Students VALUES (620065845,'UNDERGRAD','01-01-2020');
INSERT INTO Enrolled (u_id,courseCode) VALUES (620065845,'COMP3173'),(620065845,'INFO2147'),(620065845,'BIOC3191');
INSERT INTO Users VALUES (620065846,'Isreal','Givens','IsrealGivens@gmail.com','GivensIsreal');
INSERT INTO Students VALUES (620065846,'UNDERGRAD','01-01-2020');
INSERT INTO Enrolled (u_id,courseCode) VALUES (620065846,'MATH3029'),(620065846,'INFO2147'),(620065846,'ECON3372'),(620065846,'MATH1309'),(620065846,'PHYS2977'),(620065846,'PHYS2563');
INSERT INTO Users VALUES (620065847,'Charles','Mcneill','CharlesMcneill@gmail.com','McneillCharles');
INSERT INTO Students VALUES (620065847,'UNDERGRAD','01-01-2020');
INSERT INTO Enrolled (u_id,courseCode) VALUES (620065847,'COMP3685'),(620065847,'BIOC1744'),(620065847,'CHEM2149');
INSERT INTO Users VALUES (620065848,'Sadie','Griffin','SadieGriffin@gmail.com','GriffinSadie');
INSERT INTO Students VALUES (620065848,'UNDERGRAD','01-01-2020');
INSERT INTO Enrolled (u_id,courseCode) VALUES (620065848,'INFO2860'),(620065848,'CHEM3347'),(620065848,'MATH2801');
INSERT INTO Users VALUES (620065849,'Wayne','Amberg','WayneAmberg@gmail.com','AmbergWayne');
INSERT INTO Students VALUES (620065849,'UNDERGRAD','01-01-2020');
INSERT INTO Enrolled (u_id,courseCode) VALUES (620065849,'ECON2345'),(620065849,'BIOC1598'),(620065849,'CHEM1485');
INSERT INTO Users VALUES (620065850,'Francis','Bradford','FrancisBradford@gmail.com','BradfordFrancis');
INSERT INTO Students VALUES (620065850,'UNDERGRAD','01-01-2020');
INSERT INTO Enrolled (u_id,courseCode) VALUES (620065850,'INFO2147'),(620065850,'CHEM3747'),(620065850,'COMP3849'),(620065850,'CHEM3054'),(620065850,'PHYS3787');
INSERT INTO Users VALUES (620065851,'Walter','Miles','WalterMiles@gmail.com','MilesWalter');
INSERT INTO Students VALUES (620065851,'UNDERGRAD','01-01-2020');
INSERT INTO Enrolled (u_id,courseCode) VALUES (620065851,'COMP3238'),(620065851,'MATH3857'),(620065851,'PHYS2667'),(620065851,'MATH3688'),(620065851,'CHEM2797'),(620065851,'INFO2813');
INSERT INTO Users VALUES (620065852,'Lisa','Joeckel','LisaJoeckel@gmail.com','JoeckelLisa');
INSERT INTO Students VALUES (620065852,'UNDERGRAD','01-01-2020');
INSERT INTO Enrolled (u_id,courseCode) VALUES (620065852,'PHYS2229'),(620065852,'CHEM3617'),(620065852,'COMP2717'),(620065852,'PHYS1930'),(620065852,'INFO2636'),(620065852,'BIOC3721');
INSERT INTO Users VALUES (620065853,'Mathew','Sullivan','MathewSullivan@gmail.com','SullivanMathew');
INSERT INTO Students VALUES (620065853,'UNDERGRAD','01-01-2020');
INSERT INTO Enrolled (u_id,courseCode) VALUES (620065853,'CHEM3614'),(620065853,'BIOC1794'),(620065853,'CHEM1613'),(620065853,'ECON2345'),(620065853,'MATH1972'),(620065853,'ECON1170');
INSERT INTO Users VALUES (620065854,'Rhonda','Huffman','RhondaHuffman@gmail.com','HuffmanRhonda');
INSERT INTO Students VALUES (620065854,'UNDERGRAD','01-01-2020');
INSERT INTO Enrolled (u_id,courseCode) VALUES (620065854,'ECON1561'),(620065854,'PHYS2667'),(620065854,'CHEM1807'),(620065854,'MATH3857'),(620065854,'PHYS3659');
INSERT INTO Users VALUES (620065855,'Alice','Eubank','AliceEubank@gmail.com','EubankAlice');
INSERT INTO Students VALUES (620065855,'UNDERGRAD','01-01-2020');
INSERT INTO Enrolled (u_id,courseCode) VALUES (620065855,'PHYS3290'),(620065855,'ECON2722'),(620065855,'PHYS1140');
INSERT INTO Users VALUES (620065856,'Miss','Bennett','MissBennett@gmail.com','BennettMiss');
INSERT INTO Students VALUES (620065856,'UNDERGRAD','01-01-2020');
INSERT INTO Enrolled (u_id,courseCode) VALUES (620065856,'MATH1735'),(620065856,'CHEM2177'),(620065856,'INFO2147');
INSERT INTO Users VALUES (620065857,'Margaret','Morey','MargaretMorey@gmail.com','MoreyMargaret');
INSERT INTO Students VALUES (620065857,'UNDERGRAD','01-01-2020');
INSERT INTO Enrolled (u_id,courseCode) VALUES (620065857,'MATH2717'),(620065857,'COMP2080'),(620065857,'CHEM2220'),(620065857,'CHEM2149');
INSERT INTO Users VALUES (620065858,'Sara','Fields','SaraFields@gmail.com','FieldsSara');
INSERT INTO Students VALUES (620065858,'UNDERGRAD','01-01-2020');
INSERT INTO Enrolled (u_id,courseCode) VALUES (620065858,'CHEM2005'),(620065858,'CHEM3054'),(620065858,'COMP3238'),(620065858,'ECON3085');
INSERT INTO Users VALUES (620065859,'Douglas','Bower','DouglasBower@gmail.com','BowerDouglas');
INSERT INTO Students VALUES (620065859,'UNDERGRAD','01-01-2020');
INSERT INTO Enrolled (u_id,courseCode) VALUES (620065859,'PHYS3787'),(620065859,'COMP3173'),(620065859,'BIOC3341'),(620065859,'CHEM2797'),(620065859,'PHYS2563');
INSERT INTO Users VALUES (620065860,'Thomas','Smith','ThomasSmith@gmail.com','SmithThomas');
INSERT INTO Students VALUES (620065860,'UNDERGRAD','01-01-2020');
INSERT INTO Enrolled (u_id,courseCode) VALUES (620065860,'BIOC1744'),(620065860,'CHEM2727'),(620065860,'CHEM2066'),(620065860,'INFO2636');
INSERT INTO Users VALUES (620065861,'Philip','Hanks','PhilipHanks@gmail.com','HanksPhilip');
INSERT INTO Students VALUES (620065861,'UNDERGRAD','01-01-2020');
INSERT INTO Enrolled (u_id,courseCode) VALUES (620065861,'COMP3536'),(620065861,'PHYS2563'),(620065861,'ECON3989'),(620065861,'COMP1867'),(620065861,'CHEM1340'),(620065861,'COMP2541');
INSERT INTO Users VALUES (620065862,'Cleveland','Mejias','ClevelandMejias@gmail.com','MejiasCleveland');
INSERT INTO Students VALUES (620065862,'UNDERGRAD','01-01-2020');
INSERT INTO Enrolled (u_id,courseCode) VALUES (620065862,'PHYS2229'),(620065862,'INFO2213'),(620065862,'INFO1447'),(620065862,'COMP1357'),(620065862,'MATH3059'),(620065862,'CHEM1613');
INSERT INTO Users VALUES (620065863,'Peggy','Uribe','PeggyUribe@gmail.com','UribePeggy');
INSERT INTO Students VALUES (620065863,'UNDERGRAD','01-01-2020');
INSERT INTO Enrolled (u_id,courseCode) VALUES (620065863,'BIOC3721'),(620065863,'CHEM3747'),(620065863,'PHYS2117');
INSERT INTO Users VALUES (620065864,'Floyd','Robles','FloydRobles@gmail.com','RoblesFloyd');
INSERT INTO Students VALUES (620065864,'UNDERGRAD','01-01-2020');
INSERT INTO Enrolled (u_id,courseCode) VALUES (620065864,'INFO1825'),(620065864,'CHEM3614'),(620065864,'COMP1184'),(620065864,'BIOC2550'),(620065864,'COMP2400'),(620065864,'ECON2345');
INSERT INTO Users VALUES (620065865,'Wendell','Kenney','WendellKenney@gmail.com','KenneyWendell');
INSERT INTO Students VALUES (620065865,'UNDERGRAD','01-01-2020');
INSERT INTO Enrolled (u_id,courseCode) VALUES (620065865,'BIOC3457'),(620065865,'MATH2067'),(620065865,'CHEM3327'),(620065865,'BIOC3341');
INSERT INTO Users VALUES (620065866,'Chris','Baptiste','ChrisBaptiste@gmail.com','BaptisteChris');
INSERT INTO Students VALUES (620065866,'UNDERGRAD','01-01-2020');
INSERT INTO Enrolled (u_id,courseCode) VALUES (620065866,'ECON1012'),(620065866,'PHYS2448'),(620065866,'COMP3639'),(620065866,'BIOC3341');
INSERT INTO Users VALUES (620065867,'Kurt','Carrillo','KurtCarrillo@gmail.com','CarrilloKurt');
INSERT INTO Students VALUES (620065867,'UNDERGRAD','01-01-2020');
INSERT INTO Enrolled (u_id,courseCode) VALUES (620065867,'BIOC3230'),(620065867,'MATH2717'),(620065867,'CHEM2481'),(620065867,'BIOC2550'),(620065867,'BIOC1052');
INSERT INTO Users VALUES (620065868,'Neal','Uribe','NealUribe@gmail.com','UribeNeal');
INSERT INTO Students VALUES (620065868,'UNDERGRAD','01-01-2020');
INSERT INTO Enrolled (u_id,courseCode) VALUES (620065868,'COMP3639'),(620065868,'PHYS3876'),(620065868,'INFO1014'),(620065868,'PHYS2451'),(620065868,'ECON3004'),(620065868,'BIOC1986');
INSERT INTO Users VALUES (620065869,'Jesus','Citizen','JesusCitizen@gmail.com','CitizenJesus');
INSERT INTO Students VALUES (620065869,'UNDERGRAD','01-01-2020');
INSERT INTO Enrolled (u_id,courseCode) VALUES (620065869,'INFO2716'),(620065869,'INFO3935'),(620065869,'COMP2541'),(620065869,'COMP2361'),(620065869,'INFO2337'),(620065869,'PHYS1140');
INSERT INTO Users VALUES (620065870,'Alvin','Jackson','AlvinJackson@gmail.com','JacksonAlvin');
INSERT INTO Students VALUES (620065870,'UNDERGRAD','01-01-2020');
INSERT INTO Enrolled (u_id,courseCode) VALUES (620065870,'COMP3418'),(620065870,'COMP2361'),(620065870,'INFO2716'),(620065870,'ECON1645'),(620065870,'CHEM2031');
INSERT INTO Users VALUES (620065871,'Miss','Schilling','MissSchilling@gmail.com','SchillingMiss');
INSERT INTO Students VALUES (620065871,'UNDERGRAD','01-01-2020');
INSERT INTO Enrolled (u_id,courseCode) VALUES (620065871,'BIOC2983'),(620065871,'MATH2501'),(620065871,'MATH1735'),(620065871,'PHYS3052'),(620065871,'BIOC3721'),(620065871,'MATH3222');
INSERT INTO Users VALUES (620065872,'Cleveland','Hauser','ClevelandHauser@gmail.com','HauserCleveland');
INSERT INTO Students VALUES (620065872,'UNDERGRAD','01-01-2020');
INSERT INTO Enrolled (u_id,courseCode) VALUES (620065872,'COMP2400'),(620065872,'INFO2559'),(620065872,'COMP1543'),(620065872,'PHYS1173');
INSERT INTO Users VALUES (620065873,'Kimberly','Miller','KimberlyMiller@gmail.com','MillerKimberly');
INSERT INTO Students VALUES (620065873,'UNDERGRAD','01-01-2020');
INSERT INTO Enrolled (u_id,courseCode) VALUES (620065873,'INFO2147'),(620065873,'INFO3645'),(620065873,'MATH2801'),(620065873,'INFO3868'),(620065873,'BIOC1164'),(620065873,'CHEM1494');
INSERT INTO Users VALUES (620065874,'Ashley','Dumas','AshleyDumas@gmail.com','DumasAshley');
INSERT INTO Students VALUES (620065874,'UNDERGRAD','01-01-2020');
INSERT INTO Enrolled (u_id,courseCode) VALUES (620065874,'PHYS3659'),(620065874,'MATH2873'),(620065874,'INFO3419'),(620065874,'PHYS1399'),(620065874,'CHEM2177');
INSERT INTO Users VALUES (620065875,'Mildred','Griffitts','MildredGriffitts@gmail.com','GriffittsMildred');
INSERT INTO Students VALUES (620065875,'UNDERGRAD','01-01-2020');
INSERT INTO Enrolled (u_id,courseCode) VALUES (620065875,'CHEM3747'),(620065875,'MATH1735'),(620065875,'INFO2337');
INSERT INTO Users VALUES (620065876,'Randall','Oswalt','RandallOswalt@gmail.com','OswaltRandall');
INSERT INTO Students VALUES (620065876,'UNDERGRAD','01-01-2020');
INSERT INTO Enrolled (u_id,courseCode) VALUES (620065876,'CHEM2604'),(620065876,'MATH1578'),(620065876,'COMP1573'),(620065876,'CHEM2697'),(620065876,'MATH2067'),(620065876,'INFO2716');
INSERT INTO Users VALUES (620065877,'Michelle','Letchworth','MichelleLetchworth@gmail.com','LetchworthMichelle');
INSERT INTO Students VALUES (620065877,'UNDERGRAD','01-01-2020');
INSERT INTO Enrolled (u_id,courseCode) VALUES (620065877,'CHEM2149'),(620065877,'PHYS1173'),(620065877,'ECON3288');
INSERT INTO Users VALUES (620065878,'Delmar','Lyford','DelmarLyford@gmail.com','LyfordDelmar');
INSERT INTO Students VALUES (620065878,'UNDERGRAD','01-01-2020');
INSERT INTO Enrolled (u_id,courseCode) VALUES (620065878,'BIOC3721'),(620065878,'BIOC2236'),(620065878,'COMP1573');
INSERT INTO Users VALUES (620065879,'Marjorie','Bower','MarjorieBower@gmail.com','BowerMarjorie');
INSERT INTO Students VALUES (620065879,'UNDERGRAD','01-01-2020');
INSERT INTO Enrolled (u_id,courseCode) VALUES (620065879,'COMP3746'),(620065879,'MATH2873'),(620065879,'ECON1645');
INSERT INTO Users VALUES (620065880,'Bethany','Christinsen','BethanyChristinsen@gmail.com','ChristinsenBethany');
INSERT INTO Students VALUES (620065880,'UNDERGRAD','01-01-2020');
INSERT INTO Enrolled (u_id,courseCode) VALUES (620065880,'MATH1578'),(620065880,'PHYS2667'),(620065880,'CHEM2446');
INSERT INTO Users VALUES (620065881,'Betsy','Duffy','BetsyDuffy@gmail.com','DuffyBetsy');
INSERT INTO Students VALUES (620065881,'UNDERGRAD','01-01-2020');
INSERT INTO Enrolled (u_id,courseCode) VALUES (620065881,'ECON1996'),(620065881,'CHEM3747'),(620065881,'INFO3636');
INSERT INTO Users VALUES (620065882,'Derek','Pulley','DerekPulley@gmail.com','PulleyDerek');
INSERT INTO Students VALUES (620065882,'UNDERGRAD','01-01-2020');
INSERT INTO Enrolled (u_id,courseCode) VALUES (620065882,'ECON3281'),(620065882,'COMP3084'),(620065882,'BIOC3721'),(620065882,'CHEM2065');
INSERT INTO Users VALUES (620065883,'Mildred','Bower','MildredBower@gmail.com','BowerMildred');
INSERT INTO Students VALUES (620065883,'UNDERGRAD','01-01-2020');
INSERT INTO Enrolled (u_id,courseCode) VALUES (620065883,'BIOC2981'),(620065883,'BIOC1744'),(620065883,'ECON1589'),(620065883,'ECON3737'),(620065883,'COMP2077'),(620065883,'MATH2555');
INSERT INTO Users VALUES (620065884,'Edward','Robles','EdwardRobles@gmail.com','RoblesEdward');
INSERT INTO Students VALUES (620065884,'UNDERGRAD','01-01-2020');
INSERT INTO Enrolled (u_id,courseCode) VALUES (620065884,'MATH3544'),(620065884,'PHYS3290'),(620065884,'CHEM3747');
INSERT INTO Users VALUES (620065885,'Marie','Pantoja','MariePantoja@gmail.com','PantojaMarie');
INSERT INTO Students VALUES (620065885,'UNDERGRAD','01-01-2020');
INSERT INTO Enrolled (u_id,courseCode) VALUES (620065885,'INFO1145'),(620065885,'MATH1262'),(620065885,'INFO1648'),(620065885,'INFO3636'),(620065885,'ECON2814');
INSERT INTO Users VALUES (620065886,'Adrienne','Oswalt','AdrienneOswalt@gmail.com','OswaltAdrienne');
INSERT INTO Students VALUES (620065886,'UNDERGRAD','01-01-2020');
INSERT INTO Enrolled (u_id,courseCode) VALUES (620065886,'ECON3281'),(620065886,'BIOC3721'),(620065886,'COMP1460'),(620065886,'ECON3020'),(620065886,'ECON2722');
INSERT INTO Users VALUES (620065887,'John','Pearson','JohnPearson@gmail.com','PearsonJohn');
INSERT INTO Students VALUES (620065887,'UNDERGRAD','01-01-2020');
INSERT INTO Enrolled (u_id,courseCode) VALUES (620065887,'ECON3085'),(620065887,'INFO1648'),(620065887,'COMP3849'),(620065887,'INFO2337'),(620065887,'MATH2188'),(620065887,'CHEM3054');
INSERT INTO Users VALUES (620065888,'Wayne','Waugh','WayneWaugh@gmail.com','WaughWayne');
INSERT INTO Students VALUES (620065888,'UNDERGRAD','01-01-2020');
INSERT INTO Enrolled (u_id,courseCode) VALUES (620065888,'ECON3447'),(620065888,'CHEM3614'),(620065888,'COMP2717'),(620065888,'ECON3085');
INSERT INTO Users VALUES (620065889,'Eunice','Ferretti','EuniceFerretti@gmail.com','FerrettiEunice');
INSERT INTO Students VALUES (620065889,'UNDERGRAD','01-01-2020');
INSERT INTO Enrolled (u_id,courseCode) VALUES (620065889,'INFO3868'),(620065889,'CHEM2697'),(620065889,'MATH2188');
INSERT INTO Users VALUES (620065890,'Jeanna','Huffman','JeannaHuffman@gmail.com','HuffmanJeanna');
INSERT INTO Students VALUES (620065890,'UNDERGRAD','01-01-2020');
INSERT INTO Enrolled (u_id,courseCode) VALUES (620065890,'COMP3849'),(620065890,'INFO3935'),(620065890,'PHYS3876'),(620065890,'COMP3746');
INSERT INTO Users VALUES (620065891,'Adelle','Sudduth','AdelleSudduth@gmail.com','SudduthAdelle');
INSERT INTO Students VALUES (620065891,'UNDERGRAD','01-01-2020');
INSERT INTO Enrolled (u_id,courseCode) VALUES (620065891,'MATH2550'),(620065891,'ECON1645'),(620065891,'MATH3222'),(620065891,'CHEM3054'),(620065891,'PHYS3686'),(620065891,'CHEM2604');
INSERT INTO Users VALUES (620065892,'Alice','Grinstead','AliceGrinstead@gmail.com','GrinsteadAlice');
INSERT INTO Students VALUES (620065892,'UNDERGRAD','01-01-2020');
INSERT INTO Enrolled (u_id,courseCode) VALUES (620065892,'COMP3685'),(620065892,'PHYS2448'),(620065892,'BIOC1725'),(620065892,'PHYS1399'),(620065892,'MATH1262'),(620065892,'MATH3209');
INSERT INTO Users VALUES (620065893,'Ralph','Gillman','RalphGillman@gmail.com','GillmanRalph');
INSERT INTO Students VALUES (620065893,'UNDERGRAD','01-01-2020');
INSERT INTO Enrolled (u_id,courseCode) VALUES (620065893,'ECON3523'),(620065893,'ECON3276'),(620065893,'COMP3167'),(620065893,'MATH3688'),(620065893,'PHYS2117');
INSERT INTO Users VALUES (620065894,'Caroline','Thomas','CarolineThomas@gmail.com','ThomasCaroline');
INSERT INTO Students VALUES (620065894,'UNDERGRAD','01-01-2020');
INSERT INTO Enrolled (u_id,courseCode) VALUES (620065894,'INFO2797'),(620065894,'MATH1972'),(620065894,'MATH1735'),(620065894,'PHYS3354'),(620065894,'CHEM3617');
INSERT INTO Users VALUES (620065895,'Stanley','Ryan','StanleyRyan@gmail.com','RyanStanley');
INSERT INTO Students VALUES (620065895,'UNDERGRAD','01-01-2020');
INSERT INTO Enrolled (u_id,courseCode) VALUES (620065895,'PHYS2667'),(620065895,'BIOC2671'),(620065895,'COMP3173'),(620065895,'MATH2188'),(620065895,'COMP3849'),(620065895,'BIOC2054');
INSERT INTO Users VALUES (620065896,'Matthew','Morey','MatthewMorey@gmail.com','MoreyMatthew');
INSERT INTO Students VALUES (620065896,'UNDERGRAD','01-01-2020');
INSERT INTO Enrolled (u_id,courseCode) VALUES (620065896,'CHEM2220'),(620065896,'PHYS1173'),(620065896,'MATH3544'),(620065896,'MATH3029');
INSERT INTO Users VALUES (620065897,'Delmar','Baccus','DelmarBaccus@gmail.com','BaccusDelmar');
INSERT INTO Students VALUES (620065897,'UNDERGRAD','01-01-2020');
INSERT INTO Enrolled (u_id,courseCode) VALUES (620065897,'MATH3209'),(620065897,'INFO1288'),(620065897,'MATH2188');
INSERT INTO Users VALUES (620065898,'Dale','Jefferson','DaleJefferson@gmail.com','JeffersonDale');
INSERT INTO Students VALUES (620065898,'UNDERGRAD','01-01-2020');
INSERT INTO Enrolled (u_id,courseCode) VALUES (620065898,'COMP3685'),(620065898,'ECON1170'),(620065898,'COMP1184');
INSERT INTO Users VALUES (620065899,'Byron','Wolfe','ByronWolfe@gmail.com','WolfeByron');
INSERT INTO Students VALUES (620065899,'UNDERGRAD','01-01-2020');
INSERT INTO Enrolled (u_id,courseCode) VALUES (620065899,'BIOC1164'),(620065899,'INFO2797'),(620065899,'MATH3059'),(620065899,'BIOC3191'),(620065899,'CHEM3054'),(620065899,'PHYS3052');
INSERT INTO Users VALUES (620065900,'Alice','Harness','AliceHarness@gmail.com','HarnessAlice');
INSERT INTO Students VALUES (620065900,'UNDERGRAD','01-01-2020');
INSERT INTO Enrolled (u_id,courseCode) VALUES (620065900,'MATH2188'),(620065900,'CHEM1340'),(620065900,'MATH3688'),(620065900,'MATH3179');
INSERT INTO Users VALUES (620065901,'Nathan','Evans','NathanEvans@gmail.com','EvansNathan');
INSERT INTO Students VALUES (620065901,'UNDERGRAD','01-01-2020');
INSERT INTO Enrolled (u_id,courseCode) VALUES (620065901,'ECON3311'),(620065901,'CHEM2066'),(620065901,'COMP1573');
INSERT INTO Users VALUES (620065902,'Geoffrey','Culpepper','GeoffreyCulpepper@gmail.com','CulpepperGeoffrey');
INSERT INTO Students VALUES (620065902,'UNDERGRAD','01-01-2020');
INSERT INTO Enrolled (u_id,courseCode) VALUES (620065902,'PHYS3787'),(620065902,'INFO1014'),(620065902,'MATH2067'),(620065902,'BIOC3341'),(620065902,'INFO2811'),(620065902,'CHEM2697');
INSERT INTO Users VALUES (620065903,'Dwayne','Macpartland','DwayneMacpartland@gmail.com','MacpartlandDwayne');
INSERT INTO Students VALUES (620065903,'UNDERGRAD','01-01-2020');
INSERT INTO Enrolled (u_id,courseCode) VALUES (620065903,'INFO2337'),(620065903,'INFO1288'),(620065903,'CHEM3409'),(620065903,'COMP1573'),(620065903,'ECON3523'),(620065903,'ECON2722');
INSERT INTO Users VALUES (620065904,'Brian','Walden','BrianWalden@gmail.com','WaldenBrian');
INSERT INTO Students VALUES (620065904,'UNDERGRAD','01-01-2020');
INSERT INTO Enrolled (u_id,courseCode) VALUES (620065904,'ECON2387'),(620065904,'BIOC1439'),(620065904,'COMP3506'),(620065904,'ECON1783'),(620065904,'PHYS1140');
INSERT INTO Users VALUES (620065905,'Chad','Campbell','ChadCampbell@gmail.com','CampbellChad');
INSERT INTO Students VALUES (620065905,'UNDERGRAD','01-01-2020');
INSERT INTO Enrolled (u_id,courseCode) VALUES (620065905,'CHEM3888'),(620065905,'BIOC1485'),(620065905,'COMP3084'),(620065905,'INFO3645'),(620065905,'PHYS3290');
INSERT INTO Users VALUES (620065906,'Dominique','Armstead','DominiqueArmstead@gmail.com','ArmsteadDominique');
INSERT INTO Students VALUES (620065906,'UNDERGRAD','01-01-2020');
INSERT INTO Enrolled (u_id,courseCode) VALUES (620065906,'CHEM1613'),(620065906,'COMP3746'),(620065906,'MATH3209'),(620065906,'PHYS1399'),(620065906,'BIOC1910'),(620065906,'MATH1309');
INSERT INTO Users VALUES (620065907,'Blake','Santos','BlakeSantos@gmail.com','SantosBlake');
INSERT INTO Students VALUES (620065907,'UNDERGRAD','01-01-2020');
INSERT INTO Enrolled (u_id,courseCode) VALUES (620065907,'INFO3645'),(620065907,'ECON3523'),(620065907,'INFO2521'),(620065907,'CHEM2066'),(620065907,'CHEM2867'),(620065907,'ECON3550');
INSERT INTO Users VALUES (620065908,'Dwayne','Givens','DwayneGivens@gmail.com','GivensDwayne');
INSERT INTO Students VALUES (620065908,'UNDERGRAD','01-01-2020');
INSERT INTO Enrolled (u_id,courseCode) VALUES (620065908,'BIOC1439'),(620065908,'BIOC3230'),(620065908,'MATH3688');
INSERT INTO Users VALUES (620065909,'Rhonda','Tallent','RhondaTallent@gmail.com','TallentRhonda');
INSERT INTO Students VALUES (620065909,'UNDERGRAD','01-01-2020');
INSERT INTO Enrolled (u_id,courseCode) VALUES (620065909,'COMP2717'),(620065909,'PHYS1979'),(620065909,'INFO2337'),(620065909,'PHYS2448'),(620065909,'INFO1990'),(620065909,'CHEM2220');
INSERT INTO Users VALUES (620065910,'Keith','Miles','KeithMiles@gmail.com','MilesKeith');
INSERT INTO Students VALUES (620065910,'UNDERGRAD','01-01-2020');
INSERT INTO Enrolled (u_id,courseCode) VALUES (620065910,'CHEM2177'),(620065910,'COMP2077'),(620065910,'CHEM1494'),(620065910,'PHYS3787'),(620065910,'ECON2387'),(620065910,'COMP1460');
INSERT INTO Users VALUES (620065911,'Jeremy','Stovall','JeremyStovall@gmail.com','StovallJeremy');
INSERT INTO Students VALUES (620065911,'UNDERGRAD','01-01-2020');
INSERT INTO Enrolled (u_id,courseCode) VALUES (620065911,'PHYS2113'),(620065911,'MATH3059'),(620065911,'ECON1098'),(620065911,'ECON3063'),(620065911,'CHEM1485');
INSERT INTO Users VALUES (620065912,'Magdalen','Felipe','MagdalenFelipe@gmail.com','FelipeMagdalen');
INSERT INTO Students VALUES (620065912,'UNDERGRAD','01-01-2020');
INSERT INTO Enrolled (u_id,courseCode) VALUES (620065912,'PHYS2113'),(620065912,'BIOC3457'),(620065912,'INFO2950');
INSERT INTO Users VALUES (620065913,'Adelle','Pedersen','AdellePedersen@gmail.com','PedersenAdelle');
INSERT INTO Students VALUES (620065913,'UNDERGRAD','01-01-2020');
INSERT INTO Enrolled (u_id,courseCode) VALUES (620065913,'COMP2077'),(620065913,'CHEM1807'),(620065913,'COMP3084'),(620065913,'PHYS1173'),(620065913,'MATH3059'),(620065913,'CHEM3614');
INSERT INTO Users VALUES (620065914,'Vickie','Jones','VickieJones@gmail.com','JonesVickie');
INSERT INTO Students VALUES (620065914,'UNDERGRAD','01-01-2020');
INSERT INTO Enrolled (u_id,courseCode) VALUES (620065914,'CHEM2149'),(620065914,'BIOC1866'),(620065914,'COMP3047'),(620065914,'COMP3084');
INSERT INTO Users VALUES (620065915,'Cristina','Wright','CristinaWright@gmail.com','WrightCristina');
INSERT INTO Students VALUES (620065915,'UNDERGRAD','01-01-2020');
INSERT INTO Enrolled (u_id,courseCode) VALUES (620065915,'BIOC3230'),(620065915,'COMP2400'),(620065915,'COMP1184'),(620065915,'PHYS3339'),(620065915,'CHEM2626');
INSERT INTO Users VALUES (620065916,'Sheila','Calder','SheilaCalder@gmail.com','CalderSheila');
INSERT INTO Students VALUES (620065916,'UNDERGRAD','01-01-2020');
INSERT INTO Enrolled (u_id,courseCode) VALUES (620065916,'COMP3084'),(620065916,'ECON1498'),(620065916,'COMP3849'),(620065916,'PHYS2667'),(620065916,'ECON2814'),(620065916,'ECON3020');
INSERT INTO Users VALUES (620065917,'Lisa','Butcher','LisaButcher@gmail.com','ButcherLisa');
INSERT INTO Students VALUES (620065917,'UNDERGRAD','01-01-2020');
INSERT INTO Enrolled (u_id,courseCode) VALUES (620065917,'BIOC1725'),(620065917,'ECON2722'),(620065917,'CHEM2446'),(620065917,'MATH2801'),(620065917,'ECON1589'),(620065917,'MATH1262');
INSERT INTO Users VALUES (620065918,'Larry','Eubank','LarryEubank@gmail.com','EubankLarry');
INSERT INTO Students VALUES (620065918,'UNDERGRAD','01-01-2020');
INSERT INTO Enrolled (u_id,courseCode) VALUES (620065918,'COMP2077'),(620065918,'MATH3222'),(620065918,'MATH1262');
INSERT INTO Users VALUES (620065919,'Neal','Robinson','NealRobinson@gmail.com','RobinsonNeal');
INSERT INTO Students VALUES (620065919,'UNDERGRAD','01-01-2020');
INSERT INTO Enrolled (u_id,courseCode) VALUES (620065919,'INFO2636'),(620065919,'PHYS1173'),(620065919,'ECON3228'),(620065919,'PHYS3290'),(620065919,'ECON1098');
INSERT INTO Users VALUES (620065920,'Cassie','Laudat','CassieLaudat@gmail.com','LaudatCassie');
INSERT INTO Students VALUES (620065920,'UNDERGRAD','01-01-2020');
INSERT INTO Enrolled (u_id,courseCode) VALUES (620065920,'PHYS2306'),(620065920,'BIOC3191'),(620065920,'COMP3639'),(620065920,'ECON3523'),(620065920,'COMP1184'),(620065920,'PHYS3659');
INSERT INTO Users VALUES (620065921,'Denise','Tate','DeniseTate@gmail.com','TateDenise');
INSERT INTO Students VALUES (620065921,'UNDERGRAD','01-01-2020');
INSERT INTO Enrolled (u_id,courseCode) VALUES (620065921,'INFO1833'),(620065921,'MATH1735'),(620065921,'BIOC2983'),(620065921,'COMP1573'),(620065921,'PHYS2229'),(620065921,'COMP3849');
INSERT INTO Users VALUES (620065922,'Jennifer','Rodriguez','JenniferRodriguez@gmail.com','RodriguezJennifer');
INSERT INTO Students VALUES (620065922,'UNDERGRAD','01-01-2020');
INSERT INTO Enrolled (u_id,courseCode) VALUES (620065922,'MATH2717'),(620065922,'COMP2965'),(620065922,'MATH2067'),(620065922,'PHYS2238'),(620065922,'INFO2147');
INSERT INTO Users VALUES (620065923,'Mason','Guidry','MasonGuidry@gmail.com','GuidryMason');
INSERT INTO Students VALUES (620065923,'UNDERGRAD','01-01-2020');
INSERT INTO Enrolled (u_id,courseCode) VALUES (620065923,'MATH3688'),(620065923,'INFO2860'),(620065923,'COMP2965'),(620065923,'CHEM2066');
INSERT INTO Users VALUES (620065924,'Michael','Heckstall','MichaelHeckstall@gmail.com','HeckstallMichael');
INSERT INTO Students VALUES (620065924,'UNDERGRAD','01-01-2020');
INSERT INTO Enrolled (u_id,courseCode) VALUES (620065924,'COMP3418'),(620065924,'ECON3020'),(620065924,'CHEM2446'),(620065924,'ECON2722');
INSERT INTO Users VALUES (620065925,'Susan','Swan','SusanSwan@gmail.com','SwanSusan');
INSERT INTO Students VALUES (620065925,'UNDERGRAD','01-01-2020');
INSERT INTO Enrolled (u_id,courseCode) VALUES (620065925,'ECON1561'),(620065925,'INFO2813'),(620065925,'CHEM2446'),(620065925,'PHYS3464'),(620065925,'CHEM2005'),(620065925,'ECON1458');
INSERT INTO Users VALUES (620065926,'David','Monte','DavidMonte@gmail.com','MonteDavid');
INSERT INTO Students VALUES (620065926,'UNDERGRAD','01-01-2020');
INSERT INTO Enrolled (u_id,courseCode) VALUES (620065926,'INFO3419'),(620065926,'MATH2555'),(620065926,'PHYS1930'),(620065926,'CHEM2797');
INSERT INTO Users VALUES (620065927,'Roger','Armstead','RogerArmstead@gmail.com','ArmsteadRoger');
INSERT INTO Students VALUES (620065927,'UNDERGRAD','01-01-2020');
INSERT INTO Enrolled (u_id,courseCode) VALUES (620065927,'MATH1972'),(620065927,'COMP1543'),(620065927,'BIOC3191'),(620065927,'COMP3536');
INSERT INTO Users VALUES (620065928,'Martin','Prince','MartinPrince@gmail.com','PrinceMartin');
INSERT INTO Students VALUES (620065928,'UNDERGRAD','01-01-2020');
INSERT INTO Enrolled (u_id,courseCode) VALUES (620065928,'CHEM2697'),(620065928,'ECON1498'),(620065928,'INFO1242'),(620065928,'CHEM2066'),(620065928,'PHYS2563'),(620065928,'MATH1972');
INSERT INTO Users VALUES (620065929,'Mary','Petty','MaryPetty@gmail.com','PettyMary');
INSERT INTO Students VALUES (620065929,'UNDERGRAD','01-01-2020');
INSERT INTO Enrolled (u_id,courseCode) VALUES (620065929,'ECON1098'),(620065929,'CHEM2481'),(620065929,'BIOC1794'),(620065929,'COMP3506');
INSERT INTO Users VALUES (620065930,'Milton','Laudat','MiltonLaudat@gmail.com','LaudatMilton');
INSERT INTO Students VALUES (620065930,'UNDERGRAD','01-01-2020');
INSERT INTO Enrolled (u_id,courseCode) VALUES (620065930,'PHYS3290'),(620065930,'CHEM2149'),(620065930,'PHYS2238'),(620065930,'MATH3688');
INSERT INTO Users VALUES (620065931,'Peter','Baccus','PeterBaccus@gmail.com','BaccusPeter');
INSERT INTO Students VALUES (620065931,'UNDERGRAD','01-01-2020');
INSERT INTO Enrolled (u_id,courseCode) VALUES (620065931,'PHYS3354'),(620065931,'COMP2717'),(620065931,'INFO3636'),(620065931,'MATH1648'),(620065931,'INFO2716');
INSERT INTO Users VALUES (620065932,'Hector','Garrett','HectorGarrett@gmail.com','GarrettHector');
INSERT INTO Students VALUES (620065932,'UNDERGRAD','01-01-2020');
INSERT INTO Enrolled (u_id,courseCode) VALUES (620065932,'CHEM2626'),(620065932,'ECON1589'),(620065932,'MATH1250');
INSERT INTO Users VALUES (620065933,'Sheila','Colley','SheilaColley@gmail.com','ColleySheila');
INSERT INTO Students VALUES (620065933,'UNDERGRAD','01-01-2020');
INSERT INTO Enrolled (u_id,courseCode) VALUES (620065933,'COMP1867'),(620065933,'BIOC1104'),(620065933,'ECON3228'),(620065933,'BIOC3230'),(620065933,'CHEM3347'),(620065933,'MATH3844');
INSERT INTO Users VALUES (620065934,'Joyce','Garrett','JoyceGarrett@gmail.com','GarrettJoyce');
INSERT INTO Students VALUES (620065934,'UNDERGRAD','01-01-2020');
INSERT INTO Enrolled (u_id,courseCode) VALUES (620065934,'COMP3639'),(620065934,'CHEM2220'),(620065934,'INFO1990'),(620065934,'CHEM2697'),(620065934,'INFO2813'),(620065934,'PHYS1140');
INSERT INTO Users VALUES (620065935,'Jeanna','Lauritsen','JeannaLauritsen@gmail.com','LauritsenJeanna');
INSERT INTO Students VALUES (620065935,'UNDERGRAD','01-01-2020');
INSERT INTO Enrolled (u_id,courseCode) VALUES (620065935,'INFO1288'),(620065935,'PHYS2338'),(620065935,'ECON2722'),(620065935,'MATH1262');
INSERT INTO Users VALUES (620065936,'Miguel','Pelletier','MiguelPelletier@gmail.com','PelletierMiguel');
INSERT INTO Students VALUES (620065936,'UNDERGRAD','01-01-2020');
INSERT INTO Enrolled (u_id,courseCode) VALUES (620065936,'PHYS3354'),(620065936,'MATH2717'),(620065936,'INFO3636'),(620065936,'PHYS3729'),(620065936,'MATH1250'),(620065936,'BIOC1439');
INSERT INTO Users VALUES (620065937,'Milton','Velasquez','MiltonVelasquez@gmail.com','VelasquezMilton');
INSERT INTO Students VALUES (620065937,'UNDERGRAD','01-01-2020');
INSERT INTO Enrolled (u_id,courseCode) VALUES (620065937,'INFO1833'),(620065937,'INFO2860'),(620065937,'PHYS3787'),(620065937,'COMP3418'),(620065937,'MATH3179'),(620065937,'ECON1012');
INSERT INTO Users VALUES (620065938,'Adam','Nelson','AdamNelson@gmail.com','NelsonAdam');
INSERT INTO Students VALUES (620065938,'UNDERGRAD','01-01-2020');
INSERT INTO Enrolled (u_id,courseCode) VALUES (620065938,'CHEM1613'),(620065938,'BIOC1866'),(620065938,'BIOC1448');
INSERT INTO Users VALUES (620065939,'Krista','Felipe','KristaFelipe@gmail.com','FelipeKrista');
INSERT INTO Students VALUES (620065939,'UNDERGRAD','01-01-2020');
INSERT INTO Enrolled (u_id,courseCode) VALUES (620065939,'MATH2555'),(620065939,'INFO1825'),(620065939,'BIOC1598'),(620065939,'PHYS1173'),(620065939,'ECON3989'),(620065939,'MATH2801');
INSERT INTO Users VALUES (620065940,'Gary','Sandlin','GarySandlin@gmail.com','SandlinGary');
INSERT INTO Students VALUES (620065940,'UNDERGRAD','01-01-2020');
INSERT INTO Enrolled (u_id,courseCode) VALUES (620065940,'PHYS1930'),(620065940,'MATH3222'),(620065940,'PHYS2977'),(620065940,'CHEM2867');
INSERT INTO Users VALUES (620065941,'Jason','Gilmore','JasonGilmore@gmail.com','GilmoreJason');
INSERT INTO Students VALUES (620065941,'UNDERGRAD','01-01-2020');
INSERT INTO Enrolled (u_id,courseCode) VALUES (620065941,'PHYS1979'),(620065941,'MATH1638'),(620065941,'BIOC1534'),(620065941,'MATH2801'),(620065941,'PHYS3729');
INSERT INTO Users VALUES (620065942,'Jeanna','Bradford','JeannaBradford@gmail.com','BradfordJeanna');
INSERT INTO Students VALUES (620065942,'UNDERGRAD','01-01-2020');
INSERT INTO Enrolled (u_id,courseCode) VALUES (620065942,'MATH3688'),(620065942,'INFO1145'),(620065942,'CHEM3409'),(620065942,'INFO3868'),(620065942,'MATH2957'),(620065942,'CHEM1340');
INSERT INTO Users VALUES (620065943,'Teresa','Miles','TeresaMiles@gmail.com','MilesTeresa');
INSERT INTO Students VALUES (620065943,'UNDERGRAD','01-01-2020');
INSERT INTO Enrolled (u_id,courseCode) VALUES (620065943,'CHEM2727'),(620065943,'INFO1014'),(620065943,'ECON2703'),(620065943,'ECON3004'),(620065943,'BIOC1164');
INSERT INTO Users VALUES (620065944,'Sandra','Woomer','SandraWoomer@gmail.com','WoomerSandra');
INSERT INTO Students VALUES (620065944,'UNDERGRAD','01-01-2020');
INSERT INTO Enrolled (u_id,courseCode) VALUES (620065944,'CHEM3327'),(620065944,'BIOC2981'),(620065944,'BIOC1052'),(620065944,'COMP2717'),(620065944,'MATH3173'),(620065944,'PHYS2113');
INSERT INTO Users VALUES (620065945,'Magdalen','Mcclanahan','MagdalenMcclanahan@gmail.com','McclanahanMagdalen');
INSERT INTO Students VALUES (620065945,'UNDERGRAD','01-01-2020');
INSERT INTO Enrolled (u_id,courseCode) VALUES (620065945,'CHEM3327'),(620065945,'INFO2860'),(620065945,'COMP2651'),(620065945,'COMP2541');
INSERT INTO Users VALUES (620065946,'Kim','Garcia','KimGarcia@gmail.com','GarciaKim');
INSERT INTO Students VALUES (620065946,'UNDERGRAD','01-01-2020');
INSERT INTO Enrolled (u_id,courseCode) VALUES (620065946,'MATH1648'),(620065946,'ECON3311'),(620065946,'BIOC3341'),(620065946,'MATH2501'),(620065946,'BIOC2981'),(620065946,'COMP1573');
INSERT INTO Users VALUES (620065947,'Frances','Tallent','FrancesTallent@gmail.com','TallentFrances');
INSERT INTO Students VALUES (620065947,'UNDERGRAD','01-01-2020');
INSERT INTO Enrolled (u_id,courseCode) VALUES (620065947,'INFO1288'),(620065947,'BIOC1164'),(620065947,'PHYS3354');
INSERT INTO Users VALUES (620065948,'Esmeralda','Carrington','EsmeraldaCarrington@gmail.com','CarringtonEsmeralda');
INSERT INTO Students VALUES (620065948,'UNDERGRAD','01-01-2020');
INSERT INTO Enrolled (u_id,courseCode) VALUES (620065948,'BIOC3604'),(620065948,'PHYS2667'),(620065948,'COMP2080'),(620065948,'MATH3059'),(620065948,'PHYS2229');
INSERT INTO Users VALUES (620065949,'Earl','White','EarlWhite@gmail.com','WhiteEarl');
INSERT INTO Students VALUES (620065949,'UNDERGRAD','01-01-2020');
INSERT INTO Enrolled (u_id,courseCode) VALUES (620065949,'MATH1250'),(620065949,'INFO2147'),(620065949,'ECON1012'),(620065949,'BIOC2054');
INSERT INTO Users VALUES (620065950,'John','Harms','JohnHarms@gmail.com','HarmsJohn');
INSERT INTO Students VALUES (620065950,'UNDERGRAD','01-01-2020');
INSERT INTO Enrolled (u_id,courseCode) VALUES (620065950,'COMP2077'),(620065950,'ECON1098'),(620065950,'MATH1309'),(620065950,'BIOC1598'),(620065950,'CHEM2604');
INSERT INTO Users VALUES (620065951,'Marjorie','Christenberry','MarjorieChristenberry@gmail.com','ChristenberryMarjorie');
INSERT INTO Students VALUES (620065951,'UNDERGRAD','01-01-2020');
INSERT INTO Enrolled (u_id,courseCode) VALUES (620065951,'BIOC3604'),(620065951,'COMP3047'),(620065951,'COMP1460');
INSERT INTO Users VALUES (620065952,'Danielle','Mejias','DanielleMejias@gmail.com','MejiasDanielle');
INSERT INTO Students VALUES (620065952,'UNDERGRAD','01-01-2020');
INSERT INTO Enrolled (u_id,courseCode) VALUES (620065952,'ECON3085'),(620065952,'MATH1735'),(620065952,'COMP1460');
INSERT INTO Users VALUES (620065953,'Eunice','Turner','EuniceTurner@gmail.com','TurnerEunice');
INSERT INTO Students VALUES (620065953,'UNDERGRAD','01-01-2020');
INSERT INTO Enrolled (u_id,courseCode) VALUES (620065953,'COMP2651'),(620065953,'INFO3636'),(620065953,'INFO3603'),(620065953,'COMP2080'),(620065953,'PHYS3686'),(620065953,'INFO1242');
INSERT INTO Users VALUES (620065954,'Greg','Petersen','GregPetersen@gmail.com','PetersenGreg');
INSERT INTO Students VALUES (620065954,'UNDERGRAD','01-01-2020');
INSERT INTO Enrolled (u_id,courseCode) VALUES (620065954,'PHYS1930'),(620065954,'BIOC1725'),(620065954,'COMP2361'),(620065954,'INFO1145'),(620065954,'COMP3746');
INSERT INTO Users VALUES (620065955,'Edward','Boyer','EdwardBoyer@gmail.com','BoyerEdward');
INSERT INTO Students VALUES (620065955,'UNDERGRAD','01-01-2020');
INSERT INTO Enrolled (u_id,courseCode) VALUES (620065955,'MATH1735'),(620065955,'MATH2501'),(620065955,'COMP1460'),(620065955,'CHEM3614'),(620065955,'PHYS2238'),(620065955,'PHYS2563');
INSERT INTO Users VALUES (620065956,'David','Wesley','DavidWesley@gmail.com','WesleyDavid');
INSERT INTO Students VALUES (620065956,'UNDERGRAD','01-01-2020');
INSERT INTO Enrolled (u_id,courseCode) VALUES (620065956,'ECON3004'),(620065956,'ECON3281'),(620065956,'BIOC3604');
INSERT INTO Users VALUES (620065957,'Rosa','Davis','RosaDavis@gmail.com','DavisRosa');
INSERT INTO Students VALUES (620065957,'UNDERGRAD','01-01-2020');
INSERT INTO Enrolled (u_id,courseCode) VALUES (620065957,'COMP3418'),(620065957,'PHYS2448'),(620065957,'CHEM3617'),(620065957,'BIOC1164');
INSERT INTO Users VALUES (620065958,'Kathleen','Christenberry','KathleenChristenberry@gmail.com','ChristenberryKathleen');
INSERT INTO Students VALUES (620065958,'UNDERGRAD','01-01-2020');
INSERT INTO Enrolled (u_id,courseCode) VALUES (620065958,'INFO2813'),(620065958,'CHEM1613'),(620065958,'BIOC1986'),(620065958,'ECON1230'),(620065958,'CHEM3409'),(620065958,'ECON3447');
INSERT INTO Users VALUES (620065959,'Antionette','Oswalt','AntionetteOswalt@gmail.com','OswaltAntionette');
INSERT INTO Students VALUES (620065959,'UNDERGRAD','01-01-2020');
INSERT INTO Enrolled (u_id,courseCode) VALUES (620065959,'BIOC1744'),(620065959,'PHYS1993'),(620065959,'INFO3636'),(620065959,'MATH2957');
INSERT INTO Users VALUES (620065960,'Gregory','Pearson','GregoryPearson@gmail.com','PearsonGregory');
INSERT INTO Students VALUES (620065960,'UNDERGRAD','01-01-2020');
INSERT INTO Enrolled (u_id,courseCode) VALUES (620065960,'BIOC1534'),(620065960,'MATH1638'),(620065960,'ECON3311'),(620065960,'ECON1783'),(620065960,'CHEM2065'),(620065960,'INFO3636');
INSERT INTO Users VALUES (620065961,'Antwan','Hanks','AntwanHanks@gmail.com','HanksAntwan');
INSERT INTO Students VALUES (620065961,'UNDERGRAD','01-01-2020');
INSERT INTO Enrolled (u_id,courseCode) VALUES (620065961,'COMP3506'),(620065961,'INFO1447'),(620065961,'BIOC1794'),(620065961,'CHEM1494'),(620065961,'COMP1460'),(620065961,'INFO3868');
INSERT INTO Users VALUES (620065962,'Kelly','Laudat','KellyLaudat@gmail.com','LaudatKelly');
INSERT INTO Students VALUES (620065962,'UNDERGRAD','01-01-2020');
INSERT INTO Enrolled (u_id,courseCode) VALUES (620065962,'PHYS3787'),(620065962,'BIOC1744'),(620065962,'PHYS1993'),(620065962,'CHEM2177'),(620065962,'ECON1645'),(620065962,'MATH1735');
INSERT INTO Users VALUES (620065963,'Angela','Sharp','AngelaSharp@gmail.com','SharpAngela');
INSERT INTO Students VALUES (620065963,'UNDERGRAD','01-01-2020');
INSERT INTO Enrolled (u_id,courseCode) VALUES (620065963,'MATH2555'),(620065963,'INFO1242'),(620065963,'COMP1051'),(620065963,'ECON1458'),(620065963,'CHEM3327');
INSERT INTO Users VALUES (620065964,'Homer','Spohn','HomerSpohn@gmail.com','SpohnHomer');
INSERT INTO Students VALUES (620065964,'UNDERGRAD','01-01-2020');
INSERT INTO Enrolled (u_id,courseCode) VALUES (620065964,'INFO3419'),(620065964,'ECON3550'),(620065964,'BIOC1986'),(620065964,'BIOC2589'),(620065964,'MATH3613');
INSERT INTO Users VALUES (620065965,'Brooke','Caudill','BrookeCaudill@gmail.com','CaudillBrooke');
INSERT INTO Students VALUES (620065965,'UNDERGRAD','01-01-2020');
INSERT INTO Enrolled (u_id,courseCode) VALUES (620065965,'ECON1170'),(620065965,'COMP1460'),(620065965,'BIOC1866'),(620065965,'BIOC1485'),(620065965,'MATH1309');
INSERT INTO Users VALUES (620065966,'Sarah','Carlyle','SarahCarlyle@gmail.com','CarlyleSarah');
INSERT INTO Students VALUES (620065966,'UNDERGRAD','01-01-2020');
INSERT INTO Enrolled (u_id,courseCode) VALUES (620065966,'INFO2716'),(620065966,'INFO2813'),(620065966,'PHYS2451');
INSERT INTO Users VALUES (620065967,'Nancy','Withrow','NancyWithrow@gmail.com','WithrowNancy');
INSERT INTO Students VALUES (620065967,'UNDERGRAD','01-01-2020');
INSERT INTO Enrolled (u_id,courseCode) VALUES (620065967,'PHYS2117'),(620065967,'CHEM2066'),(620065967,'BIOC1448'),(620065967,'CHEM1494'),(620065967,'CHEM3617');
INSERT INTO Users VALUES (620065968,'Gregory','Briggs','GregoryBriggs@gmail.com','BriggsGregory');
INSERT INTO Students VALUES (620065968,'UNDERGRAD','01-01-2020');
INSERT INTO Enrolled (u_id,courseCode) VALUES (620065968,'INFO3603'),(620065968,'COMP1051'),(620065968,'PHYS1140'),(620065968,'MATH1578'),(620065968,'COMP1573'),(620065968,'ECON3063');
INSERT INTO Users VALUES (620065969,'Judith','Cummings','JudithCummings@gmail.com','CummingsJudith');
INSERT INTO Students VALUES (620065969,'UNDERGRAD','01-01-2020');
INSERT INTO Enrolled (u_id,courseCode) VALUES (620065969,'PHYS2113'),(620065969,'ECON1230'),(620065969,'COMP3506');
INSERT INTO Users VALUES (620065970,'Roberto','Baccus','RobertoBaccus@gmail.com','BaccusRoberto');
INSERT INTO Students VALUES (620065970,'UNDERGRAD','01-01-2020');
INSERT INTO Enrolled (u_id,courseCode) VALUES (620065970,'ECON3063'),(620065970,'CHEM1494'),(620065970,'BIOC1534'),(620065970,'PHYS2338'),(620065970,'MATH2067'),(620065970,'BIOC3721');
INSERT INTO Users VALUES (620065971,'Dwayne','Harrington','DwayneHarrington@gmail.com','HarringtonDwayne');
INSERT INTO Students VALUES (620065971,'UNDERGRAD','01-01-2020');
INSERT INTO Enrolled (u_id,courseCode) VALUES (620065971,'MATH3029'),(620065971,'ECON1783'),(620065971,'PHYS1399'),(620065971,'INFO1145');
INSERT INTO Users VALUES (620065972,'Juan','Hayes','JuanHayes@gmail.com','HayesJuan');
INSERT INTO Students VALUES (620065972,'UNDERGRAD','01-01-2020');
INSERT INTO Enrolled (u_id,courseCode) VALUES (620065972,'PHYS2338'),(620065972,'MATH1309'),(620065972,'ECON3550'),(620065972,'INFO1447'),(620065972,'BIOC1910');
INSERT INTO Users VALUES (620065973,'Joy','Barron','JoyBarron@gmail.com','BarronJoy');
INSERT INTO Students VALUES (620065973,'UNDERGRAD','01-01-2020');
INSERT INTO Enrolled (u_id,courseCode) VALUES (620065973,'COMP3238'),(620065973,'CHEM1807'),(620065973,'ECON3550'),(620065973,'INFO2337');
INSERT INTO Users VALUES (620065974,'Denise','Marshall','DeniseMarshall@gmail.com','MarshallDenise');
INSERT INTO Students VALUES (620065974,'UNDERGRAD','01-01-2020');
INSERT INTO Enrolled (u_id,courseCode) VALUES (620065974,'INFO1833'),(620065974,'BIOC1986'),(620065974,'MATH1735'),(620065974,'PHYS1140'),(620065974,'PHYS2448');
INSERT INTO Users VALUES (620065975,'Bryan','Madsen','BryanMadsen@gmail.com','MadsenBryan');
INSERT INTO Students VALUES (620065975,'UNDERGRAD','01-01-2020');
INSERT INTO Enrolled (u_id,courseCode) VALUES (620065975,'BIOC1794'),(620065975,'COMP2965'),(620065975,'MATH1148'),(620065975,'CHEM2005');
INSERT INTO Users VALUES (620065976,'Antionette','Wood','AntionetteWood@gmail.com','WoodAntionette');
INSERT INTO Students VALUES (620065976,'UNDERGRAD','01-01-2020');
INSERT INTO Enrolled (u_id,courseCode) VALUES (620065976,'CHEM1807'),(620065976,'PHYS3659'),(620065976,'BIOC2054'),(620065976,'COMP1543'),(620065976,'MATH3173');
INSERT INTO Users VALUES (620065977,'Peggy','Woomer','PeggyWoomer@gmail.com','WoomerPeggy');
INSERT INTO Students VALUES (620065977,'UNDERGRAD','01-01-2020');
INSERT INTO Enrolled (u_id,courseCode) VALUES (620065977,'INFO3419'),(620065977,'CHEM2604'),(620065977,'INFO1648'),(620065977,'ECON1230'),(620065977,'INFO1288'),(620065977,'INFO3636');
INSERT INTO Users VALUES (620065978,'Traci','Ott','TraciOtt@gmail.com','OttTraci');
INSERT INTO Students VALUES (620065978,'UNDERGRAD','01-01-2020');
INSERT INTO Enrolled (u_id,courseCode) VALUES (620065978,'INFO1145'),(620065978,'INFO1648'),(620065978,'MATH2801'),(620065978,'INFO2813');
INSERT INTO Users VALUES (620065979,'Adrienne','Kenney','AdrienneKenney@gmail.com','KenneyAdrienne');
INSERT INTO Students VALUES (620065979,'UNDERGRAD','01-01-2020');
INSERT INTO Enrolled (u_id,courseCode) VALUES (620065979,'COMP2651'),(620065979,'MATH3059'),(620065979,'COMP3084');
INSERT INTO Users VALUES (620065980,'Andrew','Pulley','AndrewPulley@gmail.com','PulleyAndrew');
INSERT INTO Students VALUES (620065980,'UNDERGRAD','01-01-2020');
INSERT INTO Enrolled (u_id,courseCode) VALUES (620065980,'BIOC3191'),(620065980,'CHEM2005'),(620065980,'PHYS3052'),(620065980,'MATH1262'),(620065980,'PHYS3787');
INSERT INTO Users VALUES (620065981,'Denise','Flowers','DeniseFlowers@gmail.com','FlowersDenise');
INSERT INTO Students VALUES (620065981,'UNDERGRAD','01-01-2020');
INSERT INTO Enrolled (u_id,courseCode) VALUES (620065981,'CHEM2626'),(620065981,'PHYS3290'),(620065981,'PHYS2113'),(620065981,'COMP3418');
INSERT INTO Users VALUES (620065982,'Daniel','Withrow','DanielWithrow@gmail.com','WithrowDaniel');
INSERT INTO Students VALUES (620065982,'UNDERGRAD','01-01-2020');
INSERT INTO Enrolled (u_id,courseCode) VALUES (620065982,'COMP3849'),(620065982,'BIOC1164'),(620065982,'CHEM3614'),(620065982,'ECON1230');
INSERT INTO Users VALUES (620065983,'Sara','Smith','SaraSmith@gmail.com','SmithSara');
INSERT INTO Students VALUES (620065983,'UNDERGRAD','01-01-2020');
INSERT INTO Enrolled (u_id,courseCode) VALUES (620065983,'BIOC1986'),(620065983,'PHYS3464'),(620065983,'MATH3209'),(620065983,'PHYS3729'),(620065983,'CHEM2177');
INSERT INTO Users VALUES (620065984,'Ethel','Letchworth','EthelLetchworth@gmail.com','LetchworthEthel');
INSERT INTO Students VALUES (620065984,'UNDERGRAD','01-01-2020');
INSERT INTO Enrolled (u_id,courseCode) VALUES (620065984,'ECON3737'),(620065984,'CHEM2149'),(620065984,'COMP3167'),(620065984,'COMP1543');
INSERT INTO Users VALUES (620065985,'Ed','Walker','EdWalker@gmail.com','WalkerEd');
INSERT INTO Students VALUES (620065985,'UNDERGRAD','01-01-2020');
INSERT INTO Enrolled (u_id,courseCode) VALUES (620065985,'ECON1783'),(620065985,'ECON1589'),(620065985,'BIOC1910'),(620065985,'PHYS3787'),(620065985,'ECON2814'),(620065985,'CHEM3793');
INSERT INTO Users VALUES (620065986,'Allison','Dahlheimer','AllisonDahlheimer@gmail.com','DahlheimerAllison');
INSERT INTO Students VALUES (620065986,'UNDERGRAD','01-01-2020');
INSERT INTO Enrolled (u_id,courseCode) VALUES (620065986,'INFO3603'),(620065986,'ECON2814'),(620065986,'BIOC2589'),(620065986,'PHYS2977'),(620065986,'CHEM3409');
INSERT INTO Users VALUES (620065987,'Kirk','Moore','KirkMoore@gmail.com','MooreKirk');
INSERT INTO Students VALUES (620065987,'UNDERGRAD','01-01-2020');
INSERT INTO Enrolled (u_id,courseCode) VALUES (620065987,'CHEM3793'),(620065987,'ECON2722'),(620065987,'PHYS3354'),(620065987,'INFO3603'),(620065987,'PHYS2451');
INSERT INTO Users VALUES (620065988,'Stacy','Garcia','StacyGarcia@gmail.com','GarciaStacy');
INSERT INTO Students VALUES (620065988,'UNDERGRAD','01-01-2020');
INSERT INTO Enrolled (u_id,courseCode) VALUES (620065988,'BIOC3341'),(620065988,'BIOC1794'),(620065988,'ECON2345'),(620065988,'CHEM2065'),(620065988,'COMP2651');
INSERT INTO Users VALUES (620065989,'Craig','Diggs','CraigDiggs@gmail.com','DiggsCraig');
INSERT INTO Students VALUES (620065989,'UNDERGRAD','01-01-2020');
INSERT INTO Enrolled (u_id,courseCode) VALUES (620065989,'MATH2067'),(620065989,'INFO3645'),(620065989,'CHEM3614'),(620065989,'ECON1230'),(620065989,'COMP2077'),(620065989,'ECON3004');
INSERT INTO Users VALUES (620065990,'Edward','Smith','EdwardSmith@gmail.com','SmithEdward');
INSERT INTO Students VALUES (620065990,'UNDERGRAD','01-01-2020');
INSERT INTO Enrolled (u_id,courseCode) VALUES (620065990,'PHYS2338'),(620065990,'ECON1098'),(620065990,'PHYS2451');
INSERT INTO Users VALUES (620065991,'Dwayne','Flemming','DwayneFlemming@gmail.com','FlemmingDwayne');
INSERT INTO Students VALUES (620065991,'UNDERGRAD','01-01-2020');
INSERT INTO Enrolled (u_id,courseCode) VALUES (620065991,'ECON1458'),(620065991,'ECON3372'),(620065991,'PHYS1399'),(620065991,'PHYS3659'),(620065991,'MATH3844');
INSERT INTO Users VALUES (620065992,'Shonda','Williams','ShondaWilliams@gmail.com','WilliamsShonda');
INSERT INTO Students VALUES (620065992,'UNDERGRAD','01-01-2020');
INSERT INTO Enrolled (u_id,courseCode) VALUES (620065992,'INFO1833'),(620065992,'CHEM2149'),(620065992,'COMP1051'),(620065992,'ECON2703'),(620065992,'PHYS3052'),(620065992,'ECON3004');
INSERT INTO Users VALUES (620065993,'Curtis','Eubank','CurtisEubank@gmail.com','EubankCurtis');
INSERT INTO Students VALUES (620065993,'UNDERGRAD','01-01-2020');
INSERT INTO Enrolled (u_id,courseCode) VALUES (620065993,'BIOC1439'),(620065993,'INFO1648'),(620065993,'PHYS2977');
INSERT INTO Users VALUES (620065994,'Adelia','Huffman','AdeliaHuffman@gmail.com','HuffmanAdelia');
INSERT INTO Students VALUES (620065994,'UNDERGRAD','01-01-2020');
INSERT INTO Enrolled (u_id,courseCode) VALUES (620065994,'MATH3179'),(620065994,'INFO2813'),(620065994,'BIOC2550'),(620065994,'ECON3989'),(620065994,'CHEM2867'),(620065994,'CHEM3054');
INSERT INTO Users VALUES (620065995,'Aaron','Shane','AaronShane@gmail.com','ShaneAaron');
INSERT INTO Students VALUES (620065995,'UNDERGRAD','01-01-2020');
INSERT INTO Enrolled (u_id,courseCode) VALUES (620065995,'MATH1638'),(620065995,'PHYS2338'),(620065995,'BIOC1598'),(620065995,'CHEM3327');
INSERT INTO Users VALUES (620065996,'Adrienne','Garcia','AdrienneGarcia@gmail.com','GarciaAdrienne');
INSERT INTO Students VALUES (620065996,'UNDERGRAD','01-01-2020');
INSERT INTO Enrolled (u_id,courseCode) VALUES (620065996,'MATH3179'),(620065996,'CHEM3327'),(620065996,'PHYS2451'),(620065996,'CHEM2697'),(620065996,'BIOC1104');
INSERT INTO Users VALUES (620065997,'Willie','Dumas','WillieDumas@gmail.com','DumasWillie');
INSERT INTO Students VALUES (620065997,'UNDERGRAD','01-01-2020');
INSERT INTO Enrolled (u_id,courseCode) VALUES (620065997,'CHEM3617'),(620065997,'BIOC1439'),(620065997,'COMP1184'),(620065997,'BIOC1052');
INSERT INTO Users VALUES (620065998,'Deanne','Brown','DeanneBrown@gmail.com','BrownDeanne');
INSERT INTO Students VALUES (620065998,'UNDERGRAD','01-01-2020');
INSERT INTO Enrolled (u_id,courseCode) VALUES (620065998,'PHYS1930'),(620065998,'ECON1561'),(620065998,'MATH1972');
INSERT INTO Users VALUES (620065999,'Danielle','Siple','DanielleSiple@gmail.com','SipleDanielle');
INSERT INTO Students VALUES (620065999,'UNDERGRAD','01-01-2020');
INSERT INTO Enrolled (u_id,courseCode) VALUES (620065999,'MATH3029'),(620065999,'COMP2361'),(620065999,'MATH3857');
INSERT INTO Users VALUES (620066000,'Mark','Walden','MarkWalden@gmail.com','WaldenMark');
INSERT INTO Students VALUES (620066000,'UNDERGRAD','01-01-2020');
INSERT INTO Enrolled (u_id,courseCode) VALUES (620066000,'BIOC1598'),(620066000,'PHYS3686'),(620066000,'BIOC2983');
INSERT INTO Users VALUES (620066001,'Anderson','Eddins','AndersonEddins@gmail.com','EddinsAnderson');
INSERT INTO Students VALUES (620066001,'UNDERGRAD','01-01-2020');
INSERT INTO Enrolled (u_id,courseCode) VALUES (620066001,'MATH1578'),(620066001,'COMP3238'),(620066001,'MATH2717');
INSERT INTO Users VALUES (620066002,'Stephen','Aybar','StephenAybar@gmail.com','AybarStephen');
INSERT INTO Students VALUES (620066002,'UNDERGRAD','01-01-2020');
INSERT INTO Enrolled (u_id,courseCode) VALUES (620066002,'BIOC1534'),(620066002,'COMP1184'),(620066002,'BIOC2550'),(620066002,'COMP3697'),(620066002,'ECON3737');
INSERT INTO Users VALUES (620066003,'Frances','Pantoja','FrancesPantoja@gmail.com','PantojaFrances');
INSERT INTO Students VALUES (620066003,'UNDERGRAD','01-01-2020');
INSERT INTO Enrolled (u_id,courseCode) VALUES (620066003,'CHEM2867'),(620066003,'ECON3737'),(620066003,'CHEM2727'),(620066003,'MATH1250');
INSERT INTO Users VALUES (620066004,'Gloria','Cardona','GloriaCardona@gmail.com','CardonaGloria');
INSERT INTO Students VALUES (620066004,'UNDERGRAD','01-01-2020');
INSERT INTO Enrolled (u_id,courseCode) VALUES (620066004,'CHEM3747'),(620066004,'COMP3173'),(620066004,'INFO2950'),(620066004,'ECON1012'),(620066004,'COMP2400'),(620066004,'INFO1990');
INSERT INTO Users VALUES (620066005,'Stephanie','Moore','StephanieMoore@gmail.com','MooreStephanie');
INSERT INTO Students VALUES (620066005,'UNDERGRAD','01-01-2020');
INSERT INTO Enrolled (u_id,courseCode) VALUES (620066005,'INFO3645'),(620066005,'ECON1170'),(620066005,'CHEM2867'),(620066005,'COMP2965');
INSERT INTO Users VALUES (620066006,'Jewell','Mcclanahan','JewellMcclanahan@gmail.com','McclanahanJewell');
INSERT INTO Students VALUES (620066006,'UNDERGRAD','01-01-2020');
INSERT INTO Enrolled (u_id,courseCode) VALUES (620066006,'COMP1573'),(620066006,'ECON3447'),(620066006,'BIOC1986'),(620066006,'MATH2067');
INSERT INTO Users VALUES (620066007,'Gordon','Diggs','GordonDiggs@gmail.com','DiggsGordon');
INSERT INTO Students VALUES (620066007,'UNDERGRAD','01-01-2020');
INSERT INTO Enrolled (u_id,courseCode) VALUES (620066007,'INFO1145'),(620066007,'PHYS3876'),(620066007,'CHEM2149');
INSERT INTO Users VALUES (620066008,'Kirk','May','KirkMay@gmail.com','MayKirk');
INSERT INTO Students VALUES (620066008,'UNDERGRAD','01-01-2020');
INSERT INTO Enrolled (u_id,courseCode) VALUES (620066008,'MATH2501'),(620066008,'MATH3857'),(620066008,'PHYS2563'),(620066008,'INFO1648'),(620066008,'PHYS2238'),(620066008,'BIOC1986');
INSERT INTO Users VALUES (620066009,'Kim','Koehn','KimKoehn@gmail.com','KoehnKim');
INSERT INTO Students VALUES (620066009,'UNDERGRAD','01-01-2020');
INSERT INTO Enrolled (u_id,courseCode) VALUES (620066009,'ECON3063'),(620066009,'COMP2077'),(620066009,'CHEM2697'),(620066009,'MATH3059');
INSERT INTO Users VALUES (620066010,'Danielle','Bradford','DanielleBradford@gmail.com','BradfordDanielle');
INSERT INTO Students VALUES (620066010,'UNDERGRAD','01-01-2020');
INSERT INTO Enrolled (u_id,courseCode) VALUES (620066010,'CHEM2697'),(620066010,'BIOC1744'),(620066010,'PHYS2117'),(620066010,'MATH3179');
INSERT INTO Users VALUES (620066011,'Cliff','Christinsen','CliffChristinsen@gmail.com','ChristinsenCliff');
INSERT INTO Students VALUES (620066011,'UNDERGRAD','01-01-2020');
INSERT INTO Enrolled (u_id,courseCode) VALUES (620066011,'COMP3697'),(620066011,'CHEM3793'),(620066011,'ECON3004'),(620066011,'INFO2147'),(620066011,'INFO1145'),(620066011,'INFO1242');
INSERT INTO Users VALUES (620066012,'Earl','Mccarthy','EarlMccarthy@gmail.com','MccarthyEarl');
INSERT INTO Students VALUES (620066012,'UNDERGRAD','01-01-2020');
INSERT INTO Enrolled (u_id,courseCode) VALUES (620066012,'BIOC1439'),(620066012,'ECON2722'),(620066012,'CHEM3054'),(620066012,'MATH1454'),(620066012,'COMP1573'),(620066012,'BIOC2671');
INSERT INTO Users VALUES (620066013,'Cliff','Woomer','CliffWoomer@gmail.com','WoomerCliff');
INSERT INTO Students VALUES (620066013,'UNDERGRAD','01-01-2020');
INSERT INTO Enrolled (u_id,courseCode) VALUES (620066013,'BIOC3721'),(620066013,'COMP2965'),(620066013,'CHEM2031'),(620066013,'MATH3029'),(620066013,'PHYS1140');
INSERT INTO Users VALUES (620066014,'Teresa','Dohse','TeresaDohse@gmail.com','DohseTeresa');
INSERT INTO Students VALUES (620066014,'UNDERGRAD','01-01-2020');
INSERT INTO Enrolled (u_id,courseCode) VALUES (620066014,'COMP2541'),(620066014,'ECON1996'),(620066014,'MATH1454'),(620066014,'ECON3281'),(620066014,'ECON3020');
INSERT INTO Users VALUES (620066015,'Tanya','Long','TanyaLong@gmail.com','LongTanya');
INSERT INTO Students VALUES (620066015,'UNDERGRAD','01-01-2020');
INSERT INTO Enrolled (u_id,courseCode) VALUES (620066015,'ECON1783'),(620066015,'BIOC1910'),(620066015,'MATH1735'),(620066015,'MATH1578'),(620066015,'ECON2703'),(620066015,'PHYS2667');
INSERT INTO Users VALUES (620066016,'Erin','Granado','ErinGranado@gmail.com','GranadoErin');
INSERT INTO Students VALUES (620066016,'UNDERGRAD','01-01-2020');
INSERT INTO Enrolled (u_id,courseCode) VALUES (620066016,'CHEM2797'),(620066016,'BIOC2983'),(620066016,'ECON3311');
INSERT INTO Users VALUES (620066017,'Sergio','Carlos','SergioCarlos@gmail.com','CarlosSergio');
INSERT INTO Students VALUES (620066017,'UNDERGRAD','01-01-2020');
INSERT INTO Enrolled (u_id,courseCode) VALUES (620066017,'PHYS1173'),(620066017,'INFO2950'),(620066017,'ECON1996');
INSERT INTO Users VALUES (620066018,'Richard','Barrett','RichardBarrett@gmail.com','BarrettRichard');
INSERT INTO Students VALUES (620066018,'UNDERGRAD','01-01-2020');
INSERT INTO Enrolled (u_id,courseCode) VALUES (620066018,'MATH1972'),(620066018,'BIOC1910'),(620066018,'ECON3281'),(620066018,'PHYS3729');
INSERT INTO Users VALUES (620066019,'Gilbert','Richardson','GilbertRichardson@gmail.com','RichardsonGilbert');
INSERT INTO Students VALUES (620066019,'UNDERGRAD','01-01-2020');
INSERT INTO Enrolled (u_id,courseCode) VALUES (620066019,'MATH1262'),(620066019,'MATH3544'),(620066019,'MATH3857'),(620066019,'ECON3276'),(620066019,'CHEM1494'),(620066019,'CHEM2604');
INSERT INTO Users VALUES (620066020,'Ralph','Burney','RalphBurney@gmail.com','BurneyRalph');
INSERT INTO Students VALUES (620066020,'UNDERGRAD','01-01-2020');
INSERT INTO Enrolled (u_id,courseCode) VALUES (620066020,'ECON3228'),(620066020,'BIOC2054'),(620066020,'MATH3179');
INSERT INTO Users VALUES (620066021,'Rodney','Barnett','RodneyBarnett@gmail.com','BarnettRodney');
INSERT INTO Students VALUES (620066021,'UNDERGRAD','01-01-2020');
INSERT INTO Enrolled (u_id,courseCode) VALUES (620066021,'PHYS2451'),(620066021,'BIOC1448'),(620066021,'COMP3173'),(620066021,'MATH1454'),(620066021,'INFO1447'),(620066021,'ECON3063');
INSERT INTO Users VALUES (620066022,'Joy','Flowers','JoyFlowers@gmail.com','FlowersJoy');
INSERT INTO Students VALUES (620066022,'UNDERGRAD','01-01-2020');
INSERT INTO Enrolled (u_id,courseCode) VALUES (620066022,'PHYS3876'),(620066022,'BIOC1104'),(620066022,'MATH2801'),(620066022,'INFO1288');
INSERT INTO Users VALUES (620066023,'Josh','Mcalister','JoshMcalister@gmail.com','McalisterJosh');
INSERT INTO Students VALUES (620066023,'UNDERGRAD','01-01-2020');
INSERT INTO Enrolled (u_id,courseCode) VALUES (620066023,'CHEM2149'),(620066023,'COMP3639'),(620066023,'BIOC3457'),(620066023,'ECON3523'),(620066023,'ECON1996');
INSERT INTO Users VALUES (620066024,'Bernie','Taylor','BernieTaylor@gmail.com','TaylorBernie');
INSERT INTO Students VALUES (620066024,'UNDERGRAD','01-01-2020');
INSERT INTO Enrolled (u_id,courseCode) VALUES (620066024,'COMP2965'),(620066024,'INFO1833'),(620066024,'COMP3047'),(620066024,'BIOC1052'),(620066024,'BIOC2550');
INSERT INTO Users VALUES (620066025,'Rachel','Nelson','RachelNelson@gmail.com','NelsonRachel');
INSERT INTO Students VALUES (620066025,'UNDERGRAD','01-01-2020');
INSERT INTO Enrolled (u_id,courseCode) VALUES (620066025,'ECON2814'),(620066025,'COMP3238'),(620066025,'CHEM3054'),(620066025,'ECON3085'),(620066025,'INFO2147');
INSERT INTO Users VALUES (620066026,'Amee','Meraz','AmeeMeraz@gmail.com','MerazAmee');
INSERT INTO Students VALUES (620066026,'UNDERGRAD','01-01-2020');
INSERT INTO Enrolled (u_id,courseCode) VALUES (620066026,'PHYS3052'),(620066026,'PHYS3876'),(620066026,'BIOC2054'),(620066026,'PHYS2338'),(620066026,'COMP3639');
INSERT INTO Users VALUES (620066027,'Elmer','Noonan','ElmerNoonan@gmail.com','NoonanElmer');
INSERT INTO Students VALUES (620066027,'UNDERGRAD','01-01-2020');
INSERT INTO Enrolled (u_id,courseCode) VALUES (620066027,'CHEM2604'),(620066027,'MATH2717'),(620066027,'INFO2797'),(620066027,'PHYS3464'),(620066027,'ECON3004');
INSERT INTO Users VALUES (620066028,'Agnes','Gondek','AgnesGondek@gmail.com','GondekAgnes');
INSERT INTO Students VALUES (620066028,'UNDERGRAD','01-01-2020');
INSERT INTO Enrolled (u_id,courseCode) VALUES (620066028,'INFO1145'),(620066028,'ECON3523'),(620066028,'COMP2541'),(620066028,'COMP1573'),(620066028,'ECON3372');
INSERT INTO Users VALUES (620066029,'Kirk','Withrow','KirkWithrow@gmail.com','WithrowKirk');
INSERT INTO Students VALUES (620066029,'UNDERGRAD','01-01-2020');
INSERT INTO Enrolled (u_id,courseCode) VALUES (620066029,'BIOC3191'),(620066029,'BIOC3341'),(620066029,'INFO1825'),(620066029,'MATH1454'),(620066029,'PHYS1140');
INSERT INTO Users VALUES (620066030,'Larry','Bower','LarryBower@gmail.com','BowerLarry');
INSERT INTO Students VALUES (620066030,'UNDERGRAD','01-01-2020');
INSERT INTO Enrolled (u_id,courseCode) VALUES (620066030,'MATH2188'),(620066030,'ECON3085'),(620066030,'CHEM2481');
INSERT INTO Users VALUES (620066031,'Katherine','Lorenz','KatherineLorenz@gmail.com','LorenzKatherine');
INSERT INTO Students VALUES (620066031,'UNDERGRAD','01-01-2020');
INSERT INTO Enrolled (u_id,courseCode) VALUES (620066031,'MATH2801'),(620066031,'MATH1309'),(620066031,'PHYS1979'),(620066031,'COMP2361');
INSERT INTO Users VALUES (620066032,'Lisa','Gillis','LisaGillis@gmail.com','GillisLisa');
INSERT INTO Students VALUES (620066032,'UNDERGRAD','01-01-2020');
INSERT INTO Enrolled (u_id,courseCode) VALUES (620066032,'COMP1460'),(620066032,'COMP3849'),(620066032,'ECON1996'),(620066032,'INFO1825'),(620066032,'COMP1357'),(620066032,'MATH3209');
INSERT INTO Users VALUES (620066033,'Shawn','Walden','ShawnWalden@gmail.com','WaldenShawn');
INSERT INTO Students VALUES (620066033,'UNDERGRAD','01-01-2020');
INSERT INTO Enrolled (u_id,courseCode) VALUES (620066033,'CHEM1807'),(620066033,'MATH1648'),(620066033,'MATH1578'),(620066033,'MATH1454');
INSERT INTO Users VALUES (620066034,'Flora','Atkins','FloraAtkins@gmail.com','AtkinsFlora');
INSERT INTO Students VALUES (620066034,'UNDERGRAD','01-01-2020');
INSERT INTO Enrolled (u_id,courseCode) VALUES (620066034,'ECON3020'),(620066034,'CHEM1613'),(620066034,'COMP3238'),(620066034,'INFO1014'),(620066034,'CHEM3793'),(620066034,'INFO2337');
INSERT INTO Users VALUES (620066035,'Allison','Lowry','AllisonLowry@gmail.com','LowryAllison');
INSERT INTO Students VALUES (620066035,'UNDERGRAD','01-01-2020');
INSERT INTO Enrolled (u_id,courseCode) VALUES (620066035,'CHEM2481'),(620066035,'INFO2147'),(620066035,'PHYS2117');
INSERT INTO Users VALUES (620066036,'Sergio','Christinsen','SergioChristinsen@gmail.com','ChristinsenSergio');
INSERT INTO Students VALUES (620066036,'UNDERGRAD','01-01-2020');
INSERT INTO Enrolled (u_id,courseCode) VALUES (620066036,'INFO2636'),(620066036,'COMP1867'),(620066036,'CHEM2149');
INSERT INTO Users VALUES (620066037,'Robert','Moore','RobertMoore@gmail.com','MooreRobert');
INSERT INTO Students VALUES (620066037,'UNDERGRAD','01-01-2020');
INSERT INTO Enrolled (u_id,courseCode) VALUES (620066037,'PHYS1173'),(620066037,'PHYS2977'),(620066037,'INFO1825');
INSERT INTO Users VALUES (620066038,'Demetrice','Noggle','DemetriceNoggle@gmail.com','NoggleDemetrice');
INSERT INTO Students VALUES (620066038,'UNDERGRAD','01-01-2020');
INSERT INTO Enrolled (u_id,courseCode) VALUES (620066038,'ECON2345'),(620066038,'BIOC2981'),(620066038,'PHYS3787'),(620066038,'COMP2717'),(620066038,'ECON2387'),(620066038,'BIOC3604');
INSERT INTO Users VALUES (620066039,'Charles','Christenberry','CharlesChristenberry@gmail.com','ChristenberryCharles');
INSERT INTO Students VALUES (620066039,'UNDERGRAD','01-01-2020');
INSERT INTO Enrolled (u_id,courseCode) VALUES (620066039,'MATH1148'),(620066039,'BIOC3457'),(620066039,'PHYS2306'),(620066039,'MATH3209'),(620066039,'MATH3059');
INSERT INTO Users VALUES (620066040,'Roy','Turner','RoyTurner@gmail.com','TurnerRoy');
INSERT INTO Students VALUES (620066040,'UNDERGRAD','01-01-2020');
INSERT INTO Enrolled (u_id,courseCode) VALUES (620066040,'COMP1867'),(620066040,'CHEM3327'),(620066040,'PHYS1930');
INSERT INTO Users VALUES (620066041,'Blake','Braun','BlakeBraun@gmail.com','BraunBlake');
INSERT INTO Students VALUES (620066041,'UNDERGRAD','01-01-2020');
INSERT INTO Enrolled (u_id,courseCode) VALUES (620066041,'PHYS3686'),(620066041,'CHEM1494'),(620066041,'COMP3047'),(620066041,'COMP3418'),(620066041,'MATH3844');
INSERT INTO Users VALUES (620066042,'Mary','Pere','MaryPere@gmail.com','PereMary');
INSERT INTO Students VALUES (620066042,'UNDERGRAD','01-01-2020');
INSERT INTO Enrolled (u_id,courseCode) VALUES (620066042,'MATH2067'),(620066042,'CHEM1485'),(620066042,'PHYS2338'),(620066042,'BIOC2550'),(620066042,'INFO2636'),(620066042,'COMP2361');
INSERT INTO Users VALUES (620066043,'Jeffrey','Nighman','JeffreyNighman@gmail.com','NighmanJeffrey');
INSERT INTO Students VALUES (620066043,'UNDERGRAD','01-01-2020');
INSERT INTO Enrolled (u_id,courseCode) VALUES (620066043,'INFO1825'),(620066043,'CHEM2867'),(620066043,'MATH1735'),(620066043,'ECON3447'),(620066043,'PHYS2117');
INSERT INTO Users VALUES (620066044,'Floyd','Reyes','FloydReyes@gmail.com','ReyesFloyd');
INSERT INTO Students VALUES (620066044,'UNDERGRAD','01-01-2020');
INSERT INTO Enrolled (u_id,courseCode) VALUES (620066044,'ECON3311'),(620066044,'MATH2801'),(620066044,'MATH1309'),(620066044,'BIOC1598'),(620066044,'PHYS3686');
INSERT INTO Users VALUES (620066045,'Angie','Krause','AngieKrause@gmail.com','KrauseAngie');
INSERT INTO Students VALUES (620066045,'UNDERGRAD','01-01-2020');
INSERT INTO Enrolled (u_id,courseCode) VALUES (620066045,'MATH2501'),(620066045,'MATH2067'),(620066045,'ECON3288'),(620066045,'COMP1460');
INSERT INTO Users VALUES (620066046,'David','Harrington','DavidHarrington@gmail.com','HarringtonDavid');
INSERT INTO Students VALUES (620066046,'UNDERGRAD','01-01-2020');
INSERT INTO Enrolled (u_id,courseCode) VALUES (620066046,'PHYS3339'),(620066046,'PHYS2113'),(620066046,'CHEM1340'),(620066046,'COMP2717'),(620066046,'CHEM3793');
INSERT INTO Users VALUES (620066047,'Madaline','Briggs','MadalineBriggs@gmail.com','BriggsMadaline');
INSERT INTO Students VALUES (620066047,'UNDERGRAD','01-01-2020');
INSERT INTO Enrolled (u_id,courseCode) VALUES (620066047,'COMP2080'),(620066047,'ECON1098'),(620066047,'BIOC1725');
INSERT INTO Users VALUES (620066048,'Homer','Coleman','HomerColeman@gmail.com','ColemanHomer');
INSERT INTO Students VALUES (620066048,'UNDERGRAD','01-01-2020');
INSERT INTO Enrolled (u_id,courseCode) VALUES (620066048,'BIOC1725'),(620066048,'PHYS2117'),(620066048,'CHEM2797');
INSERT INTO Users VALUES (620066049,'Brian','Hayes','BrianHayes@gmail.com','HayesBrian');
INSERT INTO Students VALUES (620066049,'UNDERGRAD','01-01-2020');
INSERT INTO Enrolled (u_id,courseCode) VALUES (620066049,'PHYS1173'),(620066049,'CHEM2149'),(620066049,'BIOC1448'),(620066049,'PHYS3686');
INSERT INTO Users VALUES (620066050,'Robert','Eddins','RobertEddins@gmail.com','EddinsRobert');
INSERT INTO Students VALUES (620066050,'UNDERGRAD','01-01-2020');
INSERT INTO Enrolled (u_id,courseCode) VALUES (620066050,'MATH3857'),(620066050,'ECON1645'),(620066050,'PHYS2338'),(620066050,'COMP1573'),(620066050,'INFO2337'),(620066050,'CHEM2031');
INSERT INTO Users VALUES (620066051,'Brenda','Pelletier','BrendaPelletier@gmail.com','PelletierBrenda');
INSERT INTO Students VALUES (620066051,'UNDERGRAD','01-01-2020');
INSERT INTO Enrolled (u_id,courseCode) VALUES (620066051,'PHYS2667'),(620066051,'INFO2270'),(620066051,'PHYS2448'),(620066051,'INFO2147'),(620066051,'ECON3004');
INSERT INTO Users VALUES (620066052,'Bernie','King','BernieKing@gmail.com','KingBernie');
INSERT INTO Students VALUES (620066052,'UNDERGRAD','01-01-2020');
INSERT INTO Enrolled (u_id,courseCode) VALUES (620066052,'INFO1145'),(620066052,'PHYS3339'),(620066052,'COMP2717');
INSERT INTO Users VALUES (620066053,'Debbie','Gray','DebbieGray@gmail.com','GrayDebbie');
INSERT INTO Students VALUES (620066053,'UNDERGRAD','01-01-2020');
INSERT INTO Enrolled (u_id,courseCode) VALUES (620066053,'ECON1170'),(620066053,'PHYS3729'),(620066053,'ECON3447');
INSERT INTO Users VALUES (620066054,'Cynthia','Reyes','CynthiaReyes@gmail.com','ReyesCynthia');
INSERT INTO Students VALUES (620066054,'UNDERGRAD','01-01-2020');
INSERT INTO Enrolled (u_id,courseCode) VALUES (620066054,'BIOC2550'),(620066054,'ECON3063'),(620066054,'INFO2860');
INSERT INTO Users VALUES (620066055,'Francis','Monte','FrancisMonte@gmail.com','MonteFrancis');
INSERT INTO Students VALUES (620066055,'UNDERGRAD','01-01-2020');
INSERT INTO Enrolled (u_id,courseCode) VALUES (620066055,'PHYS2563'),(620066055,'CHEM2604'),(620066055,'PHYS3686');
INSERT INTO Users VALUES (620066056,'Georgie','Myrick','GeorgieMyrick@gmail.com','MyrickGeorgie');
INSERT INTO Students VALUES (620066056,'UNDERGRAD','01-01-2020');
INSERT INTO Enrolled (u_id,courseCode) VALUES (620066056,'COMP3685'),(620066056,'INFO1833'),(620066056,'CHEM3327'),(620066056,'BIOC2671');
INSERT INTO Users VALUES (620066057,'Debbie','Velasquez','DebbieVelasquez@gmail.com','VelasquezDebbie');
INSERT INTO Students VALUES (620066057,'UNDERGRAD','01-01-2020');
INSERT INTO Enrolled (u_id,courseCode) VALUES (620066057,'MATH3179'),(620066057,'COMP1357'),(620066057,'COMP3418');
INSERT INTO Users VALUES (620066058,'Bernard','Dohse','BernardDohse@gmail.com','DohseBernard');
INSERT INTO Students VALUES (620066058,'UNDERGRAD','01-01-2020');
INSERT INTO Enrolled (u_id,courseCode) VALUES (620066058,'INFO1825'),(620066058,'ECON3989'),(620066058,'COMP3536'),(620066058,'CHEM3747'),(620066058,'MATH1250');
INSERT INTO Users VALUES (620066059,'Homer','Meraz','HomerMeraz@gmail.com','MerazHomer');
INSERT INTO Students VALUES (620066059,'UNDERGRAD','01-01-2020');
INSERT INTO Enrolled (u_id,courseCode) VALUES (620066059,'BIOC3341'),(620066059,'MATH2801'),(620066059,'MATH1578');
INSERT INTO Users VALUES (620066060,'Clifford','Collins','CliffordCollins@gmail.com','CollinsClifford');
INSERT INTO Students VALUES (620066060,'UNDERGRAD','01-01-2020');
INSERT INTO Enrolled (u_id,courseCode) VALUES (620066060,'MATH3173'),(620066060,'ECON1170'),(620066060,'INFO1288'),(620066060,'INFO2950');
INSERT INTO Users VALUES (620066061,'Magdalen','Brock','MagdalenBrock@gmail.com','BrockMagdalen');
INSERT INTO Students VALUES (620066061,'UNDERGRAD','01-01-2020');
INSERT INTO Enrolled (u_id,courseCode) VALUES (620066061,'CHEM2066'),(620066061,'CHEM1807'),(620066061,'CHEM2867'),(620066061,'PHYS3729'),(620066061,'CHEM2177');
INSERT INTO Users VALUES (620066062,'Jimmy','Kaupp','JimmyKaupp@gmail.com','KauppJimmy');
INSERT INTO Students VALUES (620066062,'UNDERGRAD','01-01-2020');
INSERT INTO Enrolled (u_id,courseCode) VALUES (620066062,'ECON1098'),(620066062,'COMP3238'),(620066062,'CHEM2727'),(620066062,'MATH1648'),(620066062,'PHYS3659');
INSERT INTO Users VALUES (620066063,'Jeremy','Braun','JeremyBraun@gmail.com','BraunJeremy');
INSERT INTO Students VALUES (620066063,'UNDERGRAD','01-01-2020');
INSERT INTO Enrolled (u_id,courseCode) VALUES (620066063,'MATH3844'),(620066063,'COMP3697'),(620066063,'MATH1250'),(620066063,'INFO2860'),(620066063,'BIOC1448'),(620066063,'MATH3688');
INSERT INTO Users VALUES (620066064,'Greg','Henderson','GregHenderson@gmail.com','HendersonGreg');
INSERT INTO Students VALUES (620066064,'UNDERGRAD','01-01-2020');
INSERT INTO Enrolled (u_id,courseCode) VALUES (620066064,'INFO1145'),(620066064,'COMP2077'),(620066064,'PHYS2451'),(620066064,'BIOC2983');
INSERT INTO Users VALUES (620066065,'Agnes','Mcalister','AgnesMcalister@gmail.com','McalisterAgnes');
INSERT INTO Students VALUES (620066065,'UNDERGRAD','01-01-2020');
INSERT INTO Enrolled (u_id,courseCode) VALUES (620066065,'COMP2717'),(620066065,'BIOC2671'),(620066065,'BIOC3604');
INSERT INTO Users VALUES (620066066,'Juanita','Wengerd','JuanitaWengerd@gmail.com','WengerdJuanita');
INSERT INTO Students VALUES (620066066,'UNDERGRAD','01-01-2020');
INSERT INTO Enrolled (u_id,courseCode) VALUES (620066066,'BIOC1052'),(620066066,'CHEM2867'),(620066066,'MATH3059'),(620066066,'BIOC1744');
INSERT INTO Users VALUES (620066067,'Joe','Gray','JoeGray@gmail.com','GrayJoe');
INSERT INTO Students VALUES (620066067,'UNDERGRAD','01-01-2020');
INSERT INTO Enrolled (u_id,courseCode) VALUES (620066067,'CHEM2626'),(620066067,'PHYS2451'),(620066067,'INFO3935');
INSERT INTO Users VALUES (620066068,'Wanda','Rios','WandaRios@gmail.com','RiosWanda');
INSERT INTO Students VALUES (620066068,'UNDERGRAD','01-01-2020');
INSERT INTO Enrolled (u_id,courseCode) VALUES (620066068,'CHEM1494'),(620066068,'MATH2717'),(620066068,'CHEM2727'),(620066068,'INFO1833');
INSERT INTO Users VALUES (620066069,'Justin','Early','JustinEarly@gmail.com','EarlyJustin');
INSERT INTO Students VALUES (620066069,'UNDERGRAD','01-01-2020');
INSERT INTO Enrolled (u_id,courseCode) VALUES (620066069,'INFO1648'),(620066069,'PHYS1140'),(620066069,'INFO2716'),(620066069,'INFO1242'),(620066069,'MATH3844'),(620066069,'INFO2337');
INSERT INTO Users VALUES (620066070,'Sergio','Finkenbinder','SergioFinkenbinder@gmail.com','FinkenbinderSergio');
INSERT INTO Students VALUES (620066070,'UNDERGRAD','01-01-2020');
INSERT INTO Enrolled (u_id,courseCode) VALUES (620066070,'CHEM2149'),(620066070,'COMP3238'),(620066070,'ECON3281');
INSERT INTO Users VALUES (620066071,'Ashley','Jaworski','AshleyJaworski@gmail.com','JaworskiAshley');
INSERT INTO Students VALUES (620066071,'UNDERGRAD','01-01-2020');
INSERT INTO Enrolled (u_id,courseCode) VALUES (620066071,'CHEM3747'),(620066071,'COMP3047'),(620066071,'ECON3447'),(620066071,'BIOC3457'),(620066071,'COMP1573');
INSERT INTO Users VALUES (620066072,'Betsy','Calloway','BetsyCalloway@gmail.com','CallowayBetsy');
INSERT INTO Students VALUES (620066072,'UNDERGRAD','01-01-2020');
INSERT INTO Enrolled (u_id,courseCode) VALUES (620066072,'ECON1498'),(620066072,'CHEM2066'),(620066072,'COMP3639'),(620066072,'INFO1242'),(620066072,'ECON1170');
INSERT INTO Users VALUES (620066073,'Joe','Mcclenon','JoeMcclenon@gmail.com','McclenonJoe');
INSERT INTO Students VALUES (620066073,'UNDERGRAD','01-01-2020');
INSERT INTO Enrolled (u_id,courseCode) VALUES (620066073,'PHYS2667'),(620066073,'BIOC3230'),(620066073,'ECON3523');
INSERT INTO Users VALUES (620066074,'Vernon','Bras','VernonBras@gmail.com','BrasVernon');
INSERT INTO Students VALUES (620066074,'UNDERGRAD','01-01-2020');
INSERT INTO Enrolled (u_id,courseCode) VALUES (620066074,'BIOC2550'),(620066074,'ECON1458'),(620066074,'CHEM2031'),(620066074,'BIOC3721');
INSERT INTO Users VALUES (620066075,'Bernard','Chatcho','BernardChatcho@gmail.com','ChatchoBernard');
INSERT INTO Students VALUES (620066075,'UNDERGRAD','01-01-2020');
INSERT INTO Enrolled (u_id,courseCode) VALUES (620066075,'PHYS2667'),(620066075,'COMP3639'),(620066075,'MATH3844'),(620066075,'BIOC1598');
INSERT INTO Users VALUES (620066076,'Katherine','Walden','KatherineWalden@gmail.com','WaldenKatherine');
INSERT INTO Students VALUES (620066076,'UNDERGRAD','01-01-2020');
INSERT INTO Enrolled (u_id,courseCode) VALUES (620066076,'MATH3179'),(620066076,'PHYS3686'),(620066076,'ECON1012');
INSERT INTO Users VALUES (620066077,'Greg','Wright','GregWright@gmail.com','WrightGreg');
INSERT INTO Students VALUES (620066077,'UNDERGRAD','01-01-2020');
INSERT INTO Enrolled (u_id,courseCode) VALUES (620066077,'COMP1357'),(620066077,'MATH2873'),(620066077,'BIOC1986'),(620066077,'BIOC1448'),(620066077,'INFO3868'),(620066077,'MATH3544');
INSERT INTO Users VALUES (620066078,'Carol','Santos','CarolSantos@gmail.com','SantosCarol');
INSERT INTO Students VALUES (620066078,'UNDERGRAD','01-01-2020');
INSERT INTO Enrolled (u_id,courseCode) VALUES (620066078,'BIOC1725'),(620066078,'INFO3935'),(620066078,'PHYS2306');
INSERT INTO Users VALUES (620066079,'Lori','Kent','LoriKent@gmail.com','KentLori');
INSERT INTO Students VALUES (620066079,'UNDERGRAD','01-01-2020');
INSERT INTO Enrolled (u_id,courseCode) VALUES (620066079,'MATH3179'),(620066079,'INFO1242'),(620066079,'ECON1230'),(620066079,'MATH1648'),(620066079,'CHEM2697'),(620066079,'BIOC1725');
INSERT INTO Users VALUES (620066080,'Ladawn','Schilling','LadawnSchilling@gmail.com','SchillingLadawn');
INSERT INTO Students VALUES (620066080,'UNDERGRAD','01-01-2020');
INSERT INTO Enrolled (u_id,courseCode) VALUES (620066080,'BIOC3721'),(620066080,'COMP2717'),(620066080,'ECON1498'),(620066080,'CHEM2446');
INSERT INTO Users VALUES (620066081,'Tanya','Allen','TanyaAllen@gmail.com','AllenTanya');
INSERT INTO Students VALUES (620066081,'UNDERGRAD','01-01-2020');
INSERT INTO Enrolled (u_id,courseCode) VALUES (620066081,'CHEM2697'),(620066081,'INFO2716'),(620066081,'BIOC1744'),(620066081,'BIOC1104'),(620066081,'COMP2651'),(620066081,'MATH3544');
INSERT INTO Users VALUES (620066082,'Agnes','Gillis','AgnesGillis@gmail.com','GillisAgnes');
INSERT INTO Students VALUES (620066082,'UNDERGRAD','01-01-2020');
INSERT INTO Enrolled (u_id,courseCode) VALUES (620066082,'ECON3004'),(620066082,'BIOC1910'),(620066082,'BIOC1534');
INSERT INTO Users VALUES (620066083,'Delmar','Sandlin','DelmarSandlin@gmail.com','SandlinDelmar');
INSERT INTO Students VALUES (620066083,'UNDERGRAD','01-01-2020');
INSERT INTO Enrolled (u_id,courseCode) VALUES (620066083,'MATH2501'),(620066083,'COMP3685'),(620066083,'MATH2801'),(620066083,'PHYS1979'),(620066083,'PHYS3464'),(620066083,'PHYS3339');
INSERT INTO Users VALUES (620066084,'Charles','Macpartland','CharlesMacpartland@gmail.com','MacpartlandCharles');
INSERT INTO Students VALUES (620066084,'UNDERGRAD','01-01-2020');
INSERT INTO Enrolled (u_id,courseCode) VALUES (620066084,'MATH2501'),(620066084,'INFO2950'),(620066084,'CHEM2626'),(620066084,'ECON3550'),(620066084,'COMP1184');
INSERT INTO Users VALUES (620066085,'Scott','Meraz','ScottMeraz@gmail.com','MerazScott');
INSERT INTO Students VALUES (620066085,'UNDERGRAD','01-01-2020');
INSERT INTO Enrolled (u_id,courseCode) VALUES (620066085,'PHYS3729'),(620066085,'PHYS2306'),(620066085,'INFO2636');
INSERT INTO Users VALUES (620066086,'Peggy','Turner','PeggyTurner@gmail.com','TurnerPeggy');
INSERT INTO Students VALUES (620066086,'UNDERGRAD','01-01-2020');
INSERT INTO Enrolled (u_id,courseCode) VALUES (620066086,'BIOC1052'),(620066086,'PHYS1399'),(620066086,'COMP3685'),(620066086,'PHYS3052');
INSERT INTO Users VALUES (620066087,'Jeanna','Mchenry','JeannaMchenry@gmail.com','MchenryJeanna');
INSERT INTO Students VALUES (620066087,'UNDERGRAD','01-01-2020');
INSERT INTO Enrolled (u_id,courseCode) VALUES (620066087,'ECON1783'),(620066087,'BIOC1052'),(620066087,'BIOC2236'),(620066087,'BIOC1534'),(620066087,'COMP1357');
INSERT INTO Users VALUES (620066088,'Leticia','Porter','LeticiaPorter@gmail.com','PorterLeticia');
INSERT INTO Students VALUES (620066088,'UNDERGRAD','01-01-2020');
INSERT INTO Enrolled (u_id,courseCode) VALUES (620066088,'BIOC3230'),(620066088,'MATH2188'),(620066088,'PHYS2229');
INSERT INTO Users VALUES (620066089,'Lindsey','Miles','LindseyMiles@gmail.com','MilesLindsey');
INSERT INTO Students VALUES (620066089,'UNDERGRAD','01-01-2020');
INSERT INTO Enrolled (u_id,courseCode) VALUES (620066089,'MATH3173'),(620066089,'PHYS2451'),(620066089,'MATH3688'),(620066089,'MATH1148');
INSERT INTO Users VALUES (620066090,'Ashley','Gondek','AshleyGondek@gmail.com','GondekAshley');
INSERT INTO Students VALUES (620066090,'UNDERGRAD','01-01-2020');
INSERT INTO Enrolled (u_id,courseCode) VALUES (620066090,'CHEM3347'),(620066090,'INFO1447'),(620066090,'ECON2703');
INSERT INTO Users VALUES (620066091,'Scott','Santos','ScottSantos@gmail.com','SantosScott');
INSERT INTO Students VALUES (620066091,'UNDERGRAD','01-01-2020');
INSERT INTO Enrolled (u_id,courseCode) VALUES (620066091,'BIOC2236'),(620066091,'COMP1543'),(620066091,'PHYS3052'),(620066091,'INFO2813'),(620066091,'MATH2067'),(620066091,'COMP1184');
INSERT INTO Users VALUES (620066092,'Dwight','Eubank','DwightEubank@gmail.com','EubankDwight');
INSERT INTO Students VALUES (620066092,'UNDERGRAD','01-01-2020');
INSERT INTO Enrolled (u_id,courseCode) VALUES (620066092,'ECON3020'),(620066092,'ECON1783'),(620066092,'MATH3173'),(620066092,'ECON1098'),(620066092,'PHYS2229'),(620066092,'CHEM2066');
INSERT INTO Users VALUES (620066093,'Tony','Gilman','TonyGilman@gmail.com','GilmanTony');
INSERT INTO Students VALUES (620066093,'UNDERGRAD','01-01-2020');
INSERT INTO Enrolled (u_id,courseCode) VALUES (620066093,'CHEM2697'),(620066093,'CHEM3888'),(620066093,'MATH2555'),(620066093,'PHYS2117');
INSERT INTO Users VALUES (620066094,'Stephanie','Felipe','StephanieFelipe@gmail.com','FelipeStephanie');
INSERT INTO Students VALUES (620066094,'UNDERGRAD','01-01-2020');
INSERT INTO Enrolled (u_id,courseCode) VALUES (620066094,'INFO1242'),(620066094,'INFO1014'),(620066094,'COMP3849'),(620066094,'COMP3167');
INSERT INTO Users VALUES (620066095,'Mildred','Hayes','MildredHayes@gmail.com','HayesMildred');
INSERT INTO Students VALUES (620066095,'UNDERGRAD','01-01-2020');
INSERT INTO Enrolled (u_id,courseCode) VALUES (620066095,'MATH2067'),(620066095,'CHEM3327'),(620066095,'ECON1458'),(620066095,'BIOC1986');
INSERT INTO Users VALUES (620066096,'Gordon','Hinojosa','GordonHinojosa@gmail.com','HinojosaGordon');
INSERT INTO Students VALUES (620066096,'UNDERGRAD','01-01-2020');
INSERT INTO Enrolled (u_id,courseCode) VALUES (620066096,'ECON2703'),(620066096,'MATH2188'),(620066096,'MATH3688'),(620066096,'ECON3311'),(620066096,'INFO3935'),(620066096,'PHYS3686');
INSERT INTO Users VALUES (620066097,'Dwayne','Kenney','DwayneKenney@gmail.com','KenneyDwayne');
INSERT INTO Students VALUES (620066097,'UNDERGRAD','01-01-2020');
INSERT INTO Enrolled (u_id,courseCode) VALUES (620066097,'INFO3868'),(620066097,'INFO1833'),(620066097,'BIOC1052'),(620066097,'ECON3523'),(620066097,'ECON1458');
INSERT INTO Users VALUES (620066098,'Cynthia','Joeckel','CynthiaJoeckel@gmail.com','JoeckelCynthia');
INSERT INTO Students VALUES (620066098,'UNDERGRAD','01-01-2020');
INSERT INTO Enrolled (u_id,courseCode) VALUES (620066098,'PHYS2667'),(620066098,'CHEM3617'),(620066098,'BIOC1485'),(620066098,'CHEM2066'),(620066098,'ECON3447');
INSERT INTO Users VALUES (620066099,'Ronald','Banks','RonaldBanks@gmail.com','BanksRonald');
INSERT INTO Students VALUES (620066099,'UNDERGRAD','01-01-2020');
INSERT INTO Enrolled (u_id,courseCode) VALUES (620066099,'MATH1972'),(620066099,'ECON1561'),(620066099,'COMP2400'),(620066099,'INFO1288');
INSERT INTO Users VALUES (620066100,'Dominick','Gondek','DominickGondek@gmail.com','GondekDominick');
INSERT INTO Students VALUES (620066100,'UNDERGRAD','01-01-2020');
INSERT INTO Enrolled (u_id,courseCode) VALUES (620066100,'MATH3544'),(620066100,'BIOC1534'),(620066100,'ECON2814'),(620066100,'CHEM2867'),(620066100,'CHEM3054'),(620066100,'MATH2555');
INSERT INTO Users VALUES (620066101,'Rodney','Kaupp','RodneyKaupp@gmail.com','KauppRodney');
INSERT INTO Students VALUES (620066101,'UNDERGRAD','01-01-2020');
INSERT INTO Enrolled (u_id,courseCode) VALUES (620066101,'COMP2080'),(620066101,'MATH2501'),(620066101,'INFO2813'),(620066101,'BIOC2671'),(620066101,'INFO2147'),(620066101,'ECON2387');
INSERT INTO Users VALUES (620066102,'Miss','Banks','MissBanks@gmail.com','BanksMiss');
INSERT INTO Students VALUES (620066102,'UNDERGRAD','01-01-2020');
INSERT INTO Enrolled (u_id,courseCode) VALUES (620066102,'BIOC2589'),(620066102,'MATH3173'),(620066102,'INFO2213');
INSERT INTO Users VALUES (620066103,'Mary','Butler','MaryButler@gmail.com','ButlerMary');
INSERT INTO Students VALUES (620066103,'UNDERGRAD','01-01-2020');
INSERT INTO Enrolled (u_id,courseCode) VALUES (620066103,'PHYS2113'),(620066103,'ECON2722'),(620066103,'COMP3047');
INSERT INTO Users VALUES (620066104,'Kimberly','Jones','KimberlyJones@gmail.com','JonesKimberly');
INSERT INTO Students VALUES (620066104,'UNDERGRAD','01-01-2020');
INSERT INTO Enrolled (u_id,courseCode) VALUES (620066104,'INFO2860'),(620066104,'ECON3063'),(620066104,'BIOC2550'),(620066104,'COMP1357'),(620066104,'BIOC1104');
INSERT INTO Users VALUES (620066105,'Janice','Burch','JaniceBurch@gmail.com','BurchJanice');
INSERT INTO Students VALUES (620066105,'UNDERGRAD','01-01-2020');
INSERT INTO Enrolled (u_id,courseCode) VALUES (620066105,'MATH3059'),(620066105,'MATH1648'),(620066105,'MATH1250'),(620066105,'PHYS2238'),(620066105,'ECON3281');
INSERT INTO Users VALUES (620066106,'Delmar','Winner','DelmarWinner@gmail.com','WinnerDelmar');
INSERT INTO Students VALUES (620066106,'UNDERGRAD','01-01-2020');
INSERT INTO Enrolled (u_id,courseCode) VALUES (620066106,'PHYS2338'),(620066106,'PHYS2448'),(620066106,'CHEM2066'),(620066106,'ECON3372');
INSERT INTO Users VALUES (620066107,'Steven','Granado','StevenGranado@gmail.com','GranadoSteven');
INSERT INTO Students VALUES (620066107,'UNDERGRAD','01-01-2020');
INSERT INTO Enrolled (u_id,courseCode) VALUES (620066107,'PHYS3686'),(620066107,'MATH3173'),(620066107,'MATH1735'),(620066107,'MATH3222');
INSERT INTO Users VALUES (620066108,'Patsy','Walker','PatsyWalker@gmail.com','WalkerPatsy');
INSERT INTO Students VALUES (620066108,'UNDERGRAD','01-01-2020');
INSERT INTO Enrolled (u_id,courseCode) VALUES (620066108,'ECON3288'),(620066108,'PHYS2238'),(620066108,'CHEM2697'),(620066108,'INFO3603'),(620066108,'PHYS1930'),(620066108,'ECON3737');
INSERT INTO Users VALUES (620066109,'Joyce','Cash','JoyceCash@gmail.com','CashJoyce');
INSERT INTO Students VALUES (620066109,'UNDERGRAD','01-01-2020');
INSERT INTO Enrolled (u_id,courseCode) VALUES (620066109,'MATH3209'),(620066109,'INFO1825'),(620066109,'BIOC1866'),(620066109,'CHEM2031');
INSERT INTO Users VALUES (620066110,'Leo','Allen','LeoAllen@gmail.com','AllenLeo');
INSERT INTO Students VALUES (620066110,'UNDERGRAD','01-01-2020');
INSERT INTO Enrolled (u_id,courseCode) VALUES (620066110,'PHYS3876'),(620066110,'CHEM2797'),(620066110,'MATH1735');
INSERT INTO Users VALUES (620066111,'Holly','Eddins','HollyEddins@gmail.com','EddinsHolly');
INSERT INTO Students VALUES (620066111,'UNDERGRAD','01-01-2020');
INSERT INTO Enrolled (u_id,courseCode) VALUES (620066111,'BIOC2054'),(620066111,'CHEM2065'),(620066111,'ECON2814'),(620066111,'INFO2811');
INSERT INTO Users VALUES (620066112,'Ed','Blackwell','EdBlackwell@gmail.com','BlackwellEd');
INSERT INTO Students VALUES (620066112,'UNDERGRAD','01-01-2020');
INSERT INTO Enrolled (u_id,courseCode) VALUES (620066112,'MATH1735'),(620066112,'ECON1645'),(620066112,'BIOC1866'),(620066112,'PHYS2229'),(620066112,'PHYS2563');
INSERT INTO Users VALUES (620066113,'Adrienne','Crites','AdrienneCrites@gmail.com','CritesAdrienne');
INSERT INTO Students VALUES (620066113,'UNDERGRAD','01-01-2020');
INSERT INTO Enrolled (u_id,courseCode) VALUES (620066113,'INFO2337'),(620066113,'MATH3222'),(620066113,'MATH2188'),(620066113,'INFO3868'),(620066113,'BIOC1910'),(620066113,'MATH2801');
INSERT INTO Users VALUES (620066114,'Stacy','Rankin','StacyRankin@gmail.com','RankinStacy');
INSERT INTO Students VALUES (620066114,'UNDERGRAD','01-01-2020');
INSERT INTO Enrolled (u_id,courseCode) VALUES (620066114,'INFO2521'),(620066114,'BIOC1794'),(620066114,'PHYS2238'),(620066114,'INFO3935'),(620066114,'BIOC3604');
INSERT INTO Users VALUES (620066115,'Kenneth','Krout','KennethKrout@gmail.com','KroutKenneth');
INSERT INTO Students VALUES (620066115,'UNDERGRAD','01-01-2020');
INSERT INTO Enrolled (u_id,courseCode) VALUES (620066115,'MATH2957'),(620066115,'CHEM2066'),(620066115,'COMP3849');
INSERT INTO Users VALUES (620066116,'Gabriel','Crites','GabrielCrites@gmail.com','CritesGabriel');
INSERT INTO Students VALUES (620066116,'UNDERGRAD','01-01-2020');
INSERT INTO Enrolled (u_id,courseCode) VALUES (620066116,'COMP2717'),(620066116,'BIOC1485'),(620066116,'COMP1184'),(620066116,'MATH1148'),(620066116,'COMP3639');
INSERT INTO Users VALUES (620066117,'Allison','Phinney','AllisonPhinney@gmail.com','PhinneyAllison');
INSERT INTO Students VALUES (620066117,'UNDERGRAD','01-01-2020');
INSERT INTO Enrolled (u_id,courseCode) VALUES (620066117,'MATH3857'),(620066117,'INFO1648'),(620066117,'ECON3523'),(620066117,'MATH2067');
INSERT INTO Users VALUES (620066118,'Ben','Mejias','BenMejias@gmail.com','MejiasBen');
INSERT INTO Students VALUES (620066118,'UNDERGRAD','01-01-2020');
INSERT INTO Enrolled (u_id,courseCode) VALUES (620066118,'PHYS3354'),(620066118,'ECON3063'),(620066118,'PHYS1993');
INSERT INTO Users VALUES (620066119,'Maria','Pearson','MariaPearson@gmail.com','PearsonMaria');
INSERT INTO Students VALUES (620066119,'UNDERGRAD','01-01-2020');
INSERT INTO Enrolled (u_id,courseCode) VALUES (620066119,'PHYS3339'),(620066119,'INFO2811'),(620066119,'COMP3536'),(620066119,'CHEM2867'),(620066119,'COMP3238');
INSERT INTO Users VALUES (620066120,'Ernesto','Casteel','ErnestoCasteel@gmail.com','CasteelErnesto');
INSERT INTO Students VALUES (620066120,'UNDERGRAD','01-01-2020');
INSERT INTO Enrolled (u_id,courseCode) VALUES (620066120,'PHYS2563'),(620066120,'MATH3688'),(620066120,'PHYS3876');
INSERT INTO Users VALUES (620066121,'Cheryl','Terry','CherylTerry@gmail.com','TerryCheryl');
INSERT INTO Students VALUES (620066121,'UNDERGRAD','01-01-2020');
INSERT INTO Enrolled (u_id,courseCode) VALUES (620066121,'BIOC1910'),(620066121,'ECON3228'),(620066121,'INFO1990'),(620066121,'PHYS3052');
INSERT INTO Users VALUES (620066122,'Hector','Chappell','HectorChappell@gmail.com','ChappellHector');
INSERT INTO Students VALUES (620066122,'UNDERGRAD','01-01-2020');
INSERT INTO Enrolled (u_id,courseCode) VALUES (620066122,'CHEM1613'),(620066122,'CHEM3888'),(620066122,'MATH1454'),(620066122,'INFO2337'),(620066122,'PHYS3354'),(620066122,'MATH1148');
INSERT INTO Users VALUES (620066123,'Caroline','Prince','CarolinePrince@gmail.com','PrinceCaroline');
INSERT INTO Students VALUES (620066123,'UNDERGRAD','01-01-2020');
INSERT INTO Enrolled (u_id,courseCode) VALUES (620066123,'CHEM3054'),(620066123,'INFO2636'),(620066123,'MATH2555');
INSERT INTO Users VALUES (620066124,'Derek','Vario','DerekVario@gmail.com','VarioDerek');
INSERT INTO Students VALUES (620066124,'UNDERGRAD','01-01-2020');
INSERT INTO Enrolled (u_id,courseCode) VALUES (620066124,'MATH2957'),(620066124,'CHEM1340'),(620066124,'ECON3281'),(620066124,'CHEM2604'),(620066124,'ECON3737'),(620066124,'CHEM2065');
INSERT INTO Users VALUES (620066125,'Ruby','Wengerd','RubyWengerd@gmail.com','WengerdRuby');
INSERT INTO Students VALUES (620066125,'UNDERGRAD','01-01-2020');
INSERT INTO Enrolled (u_id,courseCode) VALUES (620066125,'MATH3544'),(620066125,'INFO2860'),(620066125,'ECON1589'),(620066125,'INFO1990');
INSERT INTO Users VALUES (620066126,'Christopher','Alvarez','ChristopherAlvarez@gmail.com','AlvarezChristopher');
INSERT INTO Students VALUES (620066126,'UNDERGRAD','01-01-2020');
INSERT INTO Enrolled (u_id,courseCode) VALUES (620066126,'PHYS2229'),(620066126,'PHYS2667'),(620066126,'CHEM2797');
INSERT INTO Users VALUES (620066127,'Elmer','Kimbrell','ElmerKimbrell@gmail.com','KimbrellElmer');
INSERT INTO Students VALUES (620066127,'UNDERGRAD','01-01-2020');
INSERT INTO Enrolled (u_id,courseCode) VALUES (620066127,'CHEM3617'),(620066127,'CHEM2797'),(620066127,'COMP3418'),(620066127,'COMP3238'),(620066127,'COMP3536');
INSERT INTO Users VALUES (620066128,'Elwood','Truitt','ElwoodTruitt@gmail.com','TruittElwood');
INSERT INTO Students VALUES (620066128,'UNDERGRAD','01-01-2020');
INSERT INTO Enrolled (u_id,courseCode) VALUES (620066128,'MATH2873'),(620066128,'ECON3372'),(620066128,'INFO1825');
INSERT INTO Users VALUES (620066129,'Steven','Griffitts','StevenGriffitts@gmail.com','GriffittsSteven');
INSERT INTO Students VALUES (620066129,'UNDERGRAD','01-01-2020');
INSERT INTO Enrolled (u_id,courseCode) VALUES (620066129,'CHEM2066'),(620066129,'ECON1230'),(620066129,'COMP1867'),(620066129,'PHYS1140'),(620066129,'BIOC1866');
INSERT INTO Users VALUES (620066130,'Warren','Gaffney','WarrenGaffney@gmail.com','GaffneyWarren');
INSERT INTO Students VALUES (620066130,'UNDERGRAD','01-01-2020');
INSERT INTO Enrolled (u_id,courseCode) VALUES (620066130,'INFO1242'),(620066130,'COMP1573'),(620066130,'CHEM3793');
INSERT INTO Users VALUES (620066131,'Angie','Vineyard','AngieVineyard@gmail.com','VineyardAngie');
INSERT INTO Students VALUES (620066131,'UNDERGRAD','01-01-2020');
INSERT INTO Enrolled (u_id,courseCode) VALUES (620066131,'CHEM2867'),(620066131,'CHEM3054'),(620066131,'INFO2337'),(620066131,'BIOC1910'),(620066131,'COMP3697'),(620066131,'COMP1357');
INSERT INTO Users VALUES (620066132,'Christine','Dahlheimer','ChristineDahlheimer@gmail.com','DahlheimerChristine');
INSERT INTO Students VALUES (620066132,'UNDERGRAD','01-01-2020');
INSERT INTO Enrolled (u_id,courseCode) VALUES (620066132,'PHYS1173'),(620066132,'BIOC1052'),(620066132,'MATH2801');
INSERT INTO Users VALUES (620066133,'Cliff','Citizen','CliffCitizen@gmail.com','CitizenCliff');
INSERT INTO Students VALUES (620066133,'UNDERGRAD','01-01-2020');
INSERT INTO Enrolled (u_id,courseCode) VALUES (620066133,'BIOC2236'),(620066133,'CHEM3327'),(620066133,'ECON3085');
INSERT INTO Users VALUES (620066134,'Warren','Marshall','WarrenMarshall@gmail.com','MarshallWarren');
INSERT INTO Students VALUES (620066134,'UNDERGRAD','01-01-2020');
INSERT INTO Enrolled (u_id,courseCode) VALUES (620066134,'COMP3047'),(620066134,'ECON3372'),(620066134,'BIOC2236'),(620066134,'COMP1357'),(620066134,'BIOC1986');
INSERT INTO Users VALUES (620066135,'Vanessa','Barnett','VanessaBarnett@gmail.com','BarnettVanessa');
INSERT INTO Students VALUES (620066135,'UNDERGRAD','01-01-2020');
INSERT INTO Enrolled (u_id,courseCode) VALUES (620066135,'PHYS1173'),(620066135,'MATH3222'),(620066135,'ECON2722'),(620066135,'BIOC2236');
INSERT INTO Users VALUES (620066136,'Rhoda','Wolfe','RhodaWolfe@gmail.com','WolfeRhoda');
INSERT INTO Students VALUES (620066136,'UNDERGRAD','01-01-2020');
INSERT INTO Enrolled (u_id,courseCode) VALUES (620066136,'COMP3084'),(620066136,'MATH3209'),(620066136,'INFO2797'),(620066136,'MATH2501'),(620066136,'INFO3935'),(620066136,'MATH1454');
INSERT INTO Users VALUES (620066137,'Ernesto','Vanhamlin','ErnestoVanhamlin@gmail.com','VanhamlinErnesto');
INSERT INTO Students VALUES (620066137,'UNDERGRAD','01-01-2020');
INSERT INTO Enrolled (u_id,courseCode) VALUES (620066137,'INFO3935'),(620066137,'ECON2345'),(620066137,'ECON2722'),(620066137,'MATH1250');
INSERT INTO Users VALUES (620066138,'Dean','Vineyard','DeanVineyard@gmail.com','VineyardDean');
INSERT INTO Students VALUES (620066138,'UNDERGRAD','01-01-2020');
INSERT INTO Enrolled (u_id,courseCode) VALUES (620066138,'COMP3084'),(620066138,'ECON2814'),(620066138,'INFO2797');
INSERT INTO Users VALUES (620066139,'Katie','Allen','KatieAllen@gmail.com','AllenKatie');
INSERT INTO Students VALUES (620066139,'UNDERGRAD','01-01-2020');
INSERT INTO Enrolled (u_id,courseCode) VALUES (620066139,'COMP3849'),(620066139,'CHEM1485'),(620066139,'CHEM2066'),(620066139,'COMP3167');
INSERT INTO Users VALUES (620066140,'Nathan','Watson','NathanWatson@gmail.com','WatsonNathan');
INSERT INTO Students VALUES (620066140,'UNDERGRAD','01-01-2020');
INSERT INTO Enrolled (u_id,courseCode) VALUES (620066140,'BIOC1794'),(620066140,'INFO2636'),(620066140,'INFO2860'),(620066140,'BIOC3457');
INSERT INTO Users VALUES (620066141,'Betty','Rice','BettyRice@gmail.com','RiceBetty');
INSERT INTO Students VALUES (620066141,'UNDERGRAD','01-01-2020');
INSERT INTO Enrolled (u_id,courseCode) VALUES (620066141,'BIOC2550'),(620066141,'MATH2067'),(620066141,'ECON1783');
INSERT INTO Users VALUES (620066142,'Richard','Orchard','RichardOrchard@gmail.com','OrchardRichard');
INSERT INTO Students VALUES (620066142,'UNDERGRAD','01-01-2020');
INSERT INTO Enrolled (u_id,courseCode) VALUES (620066142,'INFO1242'),(620066142,'BIOC1866'),(620066142,'INFO2213');
INSERT INTO Users VALUES (620066143,'Walter','Long','WalterLong@gmail.com','LongWalter');
INSERT INTO Students VALUES (620066143,'UNDERGRAD','01-01-2020');
INSERT INTO Enrolled (u_id,courseCode) VALUES (620066143,'MATH3844'),(620066143,'COMP3047'),(620066143,'COMP1184'),(620066143,'INFO1145'),(620066143,'COMP1543'),(620066143,'COMP3697');
INSERT INTO Users VALUES (620066144,'Joyce','Ekberg','JoyceEkberg@gmail.com','EkbergJoyce');
INSERT INTO Students VALUES (620066144,'UNDERGRAD','01-01-2020');
INSERT INTO Enrolled (u_id,courseCode) VALUES (620066144,'BIOC3230'),(620066144,'INFO1833'),(620066144,'PHYS2977'),(620066144,'BIOC1439'),(620066144,'ECON3447');
INSERT INTO Users VALUES (620066145,'Kurt','Knox','KurtKnox@gmail.com','KnoxKurt');
INSERT INTO Students VALUES (620066145,'UNDERGRAD','01-01-2020');
INSERT INTO Enrolled (u_id,courseCode) VALUES (620066145,'MATH1735'),(620066145,'COMP2080'),(620066145,'CHEM2797'),(620066145,'CHEM3054'),(620066145,'INFO2213'),(620066145,'ECON3989');
INSERT INTO Users VALUES (620066146,'Alvin','Avery','AlvinAvery@gmail.com','AveryAlvin');
INSERT INTO Students VALUES (620066146,'UNDERGRAD','01-01-2020');
INSERT INTO Enrolled (u_id,courseCode) VALUES (620066146,'COMP2080'),(620066146,'MATH1648'),(620066146,'INFO1242'),(620066146,'CHEM3888');
INSERT INTO Users VALUES (620066147,'Janice','Lemieux','JaniceLemieux@gmail.com','LemieuxJanice');
INSERT INTO Students VALUES (620066147,'UNDERGRAD','01-01-2020');
INSERT INTO Enrolled (u_id,courseCode) VALUES (620066147,'MATH2555'),(620066147,'INFO1447'),(620066147,'MATH2717'),(620066147,'INFO3868'),(620066147,'MATH2188');
INSERT INTO Users VALUES (620066148,'Lisa','Stovall','LisaStovall@gmail.com','StovallLisa');
INSERT INTO Students VALUES (620066148,'UNDERGRAD','01-01-2020');
INSERT INTO Enrolled (u_id,courseCode) VALUES (620066148,'BIOC1744'),(620066148,'BIOC2981'),(620066148,'PHYS2306'),(620066148,'PHYS2113'),(620066148,'INFO2811');
INSERT INTO Users VALUES (620066149,'Iris','Dunn','IrisDunn@gmail.com','DunnIris');
INSERT INTO Students VALUES (620066149,'UNDERGRAD','01-01-2020');
INSERT INTO Enrolled (u_id,courseCode) VALUES (620066149,'BIOC1598'),(620066149,'BIOC3230'),(620066149,'COMP3746'),(620066149,'INFO1825');
INSERT INTO Users VALUES (620066150,'Trina','Rivera','TrinaRivera@gmail.com','RiveraTrina');
INSERT INTO Students VALUES (620066150,'UNDERGRAD','01-01-2020');
INSERT INTO Enrolled (u_id,courseCode) VALUES (620066150,'COMP1051'),(620066150,'CHEM1613'),(620066150,'ECON3989'),(620066150,'PHYS3876');
INSERT INTO Users VALUES (620066151,'Ethel','Swan','EthelSwan@gmail.com','SwanEthel');
INSERT INTO Students VALUES (620066151,'UNDERGRAD','01-01-2020');
INSERT INTO Enrolled (u_id,courseCode) VALUES (620066151,'MATH1309'),(620066151,'ECON3737'),(620066151,'BIOC1448'),(620066151,'ECON2722');
INSERT INTO Users VALUES (620066152,'Kendra','Carlos','KendraCarlos@gmail.com','CarlosKendra');
INSERT INTO Students VALUES (620066152,'UNDERGRAD','01-01-2020');
INSERT INTO Enrolled (u_id,courseCode) VALUES (620066152,'ECON3276'),(620066152,'COMP2361'),(620066152,'PHYS2667'),(620066152,'BIOC1744');
INSERT INTO Users VALUES (620066153,'Dora','Mattingly','DoraMattingly@gmail.com','MattinglyDora');
INSERT INTO Students VALUES (620066153,'UNDERGRAD','01-01-2020');
INSERT INTO Enrolled (u_id,courseCode) VALUES (620066153,'ECON2722'),(620066153,'COMP3084'),(620066153,'ECON1098');
INSERT INTO Users VALUES (620066154,'Sergio','Cummins','SergioCummins@gmail.com','CumminsSergio');
INSERT INTO Students VALUES (620066154,'UNDERGRAD','01-01-2020');
INSERT INTO Enrolled (u_id,courseCode) VALUES (620066154,'COMP1460'),(620066154,'BIOC2983'),(620066154,'PHYS3787'),(620066154,'CHEM3054'),(620066154,'MATH3179');
INSERT INTO Users VALUES (620066155,'Taylor','Lyford','TaylorLyford@gmail.com','LyfordTaylor');
INSERT INTO Students VALUES (620066155,'UNDERGRAD','01-01-2020');
INSERT INTO Enrolled (u_id,courseCode) VALUES (620066155,'BIOC1439'),(620066155,'BIOC3230'),(620066155,'COMP1460'),(620066155,'BIOC1598');
INSERT INTO Users VALUES (620066156,'Ben','Griffin','BenGriffin@gmail.com','GriffinBen');
INSERT INTO Students VALUES (620066156,'UNDERGRAD','01-01-2020');
INSERT INTO Enrolled (u_id,courseCode) VALUES (620066156,'ECON3447'),(620066156,'PHYS2667'),(620066156,'MATH2067');
INSERT INTO Users VALUES (620066157,'Jonathan','Guidry','JonathanGuidry@gmail.com','GuidryJonathan');
INSERT INTO Students VALUES (620066157,'UNDERGRAD','01-01-2020');
INSERT INTO Enrolled (u_id,courseCode) VALUES (620066157,'ECON1458'),(620066157,'CHEM2031'),(620066157,'COMP3685');
INSERT INTO Users VALUES (620066158,'Arthur','Crespo','ArthurCrespo@gmail.com','CrespoArthur');
INSERT INTO Students VALUES (620066158,'UNDERGRAD','01-01-2020');
INSERT INTO Enrolled (u_id,courseCode) VALUES (620066158,'COMP3506'),(620066158,'INFO1145'),(620066158,'INFO2813');
INSERT INTO Users VALUES (620066159,'Geraldine','Gilman','GeraldineGilman@gmail.com','GilmanGeraldine');
INSERT INTO Students VALUES (620066159,'UNDERGRAD','01-01-2020');
INSERT INTO Enrolled (u_id,courseCode) VALUES (620066159,'ECON1561'),(620066159,'PHYS3787'),(620066159,'CHEM3747'),(620066159,'MATH2188');
INSERT INTO Users VALUES (620066160,'Bobby','Scales','BobbyScales@gmail.com','ScalesBobby');
INSERT INTO Students VALUES (620066160,'UNDERGRAD','01-01-2020');
INSERT INTO Enrolled (u_id,courseCode) VALUES (620066160,'MATH3209'),(620066160,'BIOC2236'),(620066160,'CHEM2867');
INSERT INTO Users VALUES (620066161,'Walter','Charland','WalterCharland@gmail.com','CharlandWalter');
INSERT INTO Students VALUES (620066161,'UNDERGRAD','01-01-2020');
INSERT INTO Enrolled (u_id,courseCode) VALUES (620066161,'ECON3447'),(620066161,'BIOC2589'),(620066161,'BIOC3721');
INSERT INTO Users VALUES (620066162,'Peggy','Finkenbinder','PeggyFinkenbinder@gmail.com','FinkenbinderPeggy');
INSERT INTO Students VALUES (620066162,'UNDERGRAD','01-01-2020');
INSERT INTO Enrolled (u_id,courseCode) VALUES (620066162,'COMP3536'),(620066162,'COMP3639'),(620066162,'CHEM2005'),(620066162,'COMP1460'),(620066162,'INFO1990');
INSERT INTO Users VALUES (620066163,'Peter','Ferretti','PeterFerretti@gmail.com','FerrettiPeter');
INSERT INTO Students VALUES (620066163,'UNDERGRAD','01-01-2020');
INSERT INTO Enrolled (u_id,courseCode) VALUES (620066163,'MATH3857'),(620066163,'COMP3047'),(620066163,'INFO2147'),(620066163,'COMP1867'),(620066163,'CHEM1613');
INSERT INTO Users VALUES (620066164,'Jesus','Culpepper','JesusCulpepper@gmail.com','CulpepperJesus');
INSERT INTO Students VALUES (620066164,'UNDERGRAD','01-01-2020');
INSERT INTO Enrolled (u_id,courseCode) VALUES (620066164,'ECON3228'),(620066164,'CHEM2149'),(620066164,'INFO1447'),(620066164,'MATH2957'),(620066164,'CHEM2727'),(620066164,'INFO2811');
INSERT INTO Users VALUES (620066165,'Cristina','Henderson','CristinaHenderson@gmail.com','HendersonCristina');
INSERT INTO Students VALUES (620066165,'UNDERGRAD','01-01-2020');
INSERT INTO Enrolled (u_id,courseCode) VALUES (620066165,'CHEM2727'),(620066165,'INFO2716'),(620066165,'BIOC1986'),(620066165,'PHYS3787'),(620066165,'ECON1458'),(620066165,'COMP1357');
INSERT INTO Users VALUES (620066166,'Samuel','Citizen','SamuelCitizen@gmail.com','CitizenSamuel');
INSERT INTO Students VALUES (620066166,'UNDERGRAD','01-01-2020');
INSERT INTO Enrolled (u_id,courseCode) VALUES (620066166,'PHYS2563'),(620066166,'PHYS1173'),(620066166,'MATH1454'),(620066166,'BIOC2054');
INSERT INTO Users VALUES (620066167,'Angie','Mchenry','AngieMchenry@gmail.com','MchenryAngie');
INSERT INTO Students VALUES (620066167,'UNDERGRAD','01-01-2020');
INSERT INTO Enrolled (u_id,courseCode) VALUES (620066167,'COMP2361'),(620066167,'CHEM2065'),(620066167,'COMP3084'),(620066167,'BIOC1910'),(620066167,'INFO1990'),(620066167,'INFO2147');
INSERT INTO Users VALUES (620066168,'Edward','Gondek','EdwardGondek@gmail.com','GondekEdward');
INSERT INTO Students VALUES (620066168,'UNDERGRAD','01-01-2020');
INSERT INTO Enrolled (u_id,courseCode) VALUES (620066168,'PHYS1930'),(620066168,'MATH1648'),(620066168,'INFO1648'),(620066168,'COMP3536'),(620066168,'CHEM2604'),(620066168,'BIOC2981');
INSERT INTO Users VALUES (620066169,'Benjamin','Reyes','BenjaminReyes@gmail.com','ReyesBenjamin');
INSERT INTO Students VALUES (620066169,'UNDERGRAD','01-01-2020');
INSERT INTO Enrolled (u_id,courseCode) VALUES (620066169,'MATH2957'),(620066169,'CHEM2867'),(620066169,'MATH3688'),(620066169,'COMP3084');
INSERT INTO Users VALUES (620066170,'Dwight','Eaton','DwightEaton@gmail.com','EatonDwight');
INSERT INTO Students VALUES (620066170,'UNDERGRAD','01-01-2020');
INSERT INTO Enrolled (u_id,courseCode) VALUES (620066170,'PHYS2229'),(620066170,'INFO1648'),(620066170,'COMP2080'),(620066170,'BIOC1744'),(620066170,'BIOC2671');
INSERT INTO Users VALUES (620066171,'Dorcas','Steinbach','DorcasSteinbach@gmail.com','SteinbachDorcas');
INSERT INTO Students VALUES (620066171,'UNDERGRAD','01-01-2020');
INSERT INTO Enrolled (u_id,courseCode) VALUES (620066171,'ECON3989'),(620066171,'MATH2717'),(620066171,'ECON3063'),(620066171,'CHEM3347');
INSERT INTO Users VALUES (620066172,'Mathew','Meisner','MathewMeisner@gmail.com','MeisnerMathew');
INSERT INTO Students VALUES (620066172,'UNDERGRAD','01-01-2020');
INSERT INTO Enrolled (u_id,courseCode) VALUES (620066172,'COMP3746'),(620066172,'COMP1357'),(620066172,'PHYS1979');
INSERT INTO Users VALUES (620066173,'Cynthia','Maione','CynthiaMaione@gmail.com','MaioneCynthia');
INSERT INTO Students VALUES (620066173,'UNDERGRAD','01-01-2020');
INSERT INTO Enrolled (u_id,courseCode) VALUES (620066173,'ECON2814'),(620066173,'MATH3857'),(620066173,'MATH2550'),(620066173,'MATH2717'),(620066173,'CHEM1340'),(620066173,'MATH3029');
INSERT INTO Users VALUES (620066174,'Keith','Eubank','KeithEubank@gmail.com','EubankKeith');
INSERT INTO Students VALUES (620066174,'UNDERGRAD','01-01-2020');
INSERT INTO Enrolled (u_id,courseCode) VALUES (620066174,'MATH1309'),(620066174,'INFO1990'),(620066174,'CHEM3617'),(620066174,'CHEM3614');
INSERT INTO Users VALUES (620066175,'Edwin','Griffitts','EdwinGriffitts@gmail.com','GriffittsEdwin');
INSERT INTO Students VALUES (620066175,'UNDERGRAD','01-01-2020');
INSERT INTO Enrolled (u_id,courseCode) VALUES (620066175,'ECON3004'),(620066175,'INFO2950'),(620066175,'PHYS2451'),(620066175,'INFO1242'),(620066175,'INFO2337');
INSERT INTO Users VALUES (620066176,'Edwin','Hardman','EdwinHardman@gmail.com','HardmanEdwin');
INSERT INTO Students VALUES (620066176,'UNDERGRAD','01-01-2020');
INSERT INTO Enrolled (u_id,courseCode) VALUES (620066176,'COMP1357'),(620066176,'MATH3844'),(620066176,'CHEM2149'),(620066176,'MATH3179'),(620066176,'MATH3857');
INSERT INTO Users VALUES (620066177,'Stacy','Horth','StacyHorth@gmail.com','HorthStacy');
INSERT INTO Students VALUES (620066177,'UNDERGRAD','01-01-2020');
INSERT INTO Enrolled (u_id,courseCode) VALUES (620066177,'ECON1561'),(620066177,'INFO1833'),(620066177,'INFO2636'),(620066177,'CHEM1807');
INSERT INTO Users VALUES (620066178,'Charlotte','Evans','CharlotteEvans@gmail.com','EvansCharlotte');
INSERT INTO Students VALUES (620066178,'UNDERGRAD','01-01-2020');
INSERT INTO Enrolled (u_id,courseCode) VALUES (620066178,'PHYS1993'),(620066178,'MATH1309'),(620066178,'PHYS2306'),(620066178,'INFO2559'),(620066178,'COMP3849');
INSERT INTO Users VALUES (620066179,'Betty','Jackson','BettyJackson@gmail.com','JacksonBetty');
INSERT INTO Students VALUES (620066179,'UNDERGRAD','01-01-2020');
INSERT INTO Enrolled (u_id,courseCode) VALUES (620066179,'PHYS2563'),(620066179,'INFO3636'),(620066179,'PHYS2238'),(620066179,'COMP3238'),(620066179,'BIOC1598'),(620066179,'BIOC3341');
INSERT INTO Users VALUES (620066180,'Karen','Hunter','KarenHunter@gmail.com','HunterKaren');
INSERT INTO Students VALUES (620066180,'UNDERGRAD','01-01-2020');
INSERT INTO Enrolled (u_id,courseCode) VALUES (620066180,'COMP2080'),(620066180,'INFO1833'),(620066180,'COMP3746'),(620066180,'ECON3288'),(620066180,'ECON3281');
INSERT INTO Users VALUES (620066181,'Bobby','Busse','BobbyBusse@gmail.com','BusseBobby');
INSERT INTO Students VALUES (620066181,'UNDERGRAD','01-01-2020');
INSERT INTO Enrolled (u_id,courseCode) VALUES (620066181,'MATH2555'),(620066181,'ECON1498'),(620066181,'ECON3550'),(620066181,'CHEM2727'),(620066181,'COMP2077'),(620066181,'BIOC1052');
INSERT INTO Users VALUES (620066182,'Deanne','Burney','DeanneBurney@gmail.com','BurneyDeanne');
INSERT INTO Students VALUES (620066182,'UNDERGRAD','01-01-2020');
INSERT INTO Enrolled (u_id,courseCode) VALUES (620066182,'MATH3544'),(620066182,'INFO2521'),(620066182,'INFO3603'),(620066182,'INFO2147'),(620066182,'ECON1783'),(620066182,'BIOC1986');
INSERT INTO Users VALUES (620066183,'Derek','Knaub','DerekKnaub@gmail.com','KnaubDerek');
INSERT INTO Students VALUES (620066183,'UNDERGRAD','01-01-2020');
INSERT INTO Enrolled (u_id,courseCode) VALUES (620066183,'COMP1867'),(620066183,'MATH3059'),(620066183,'COMP1573'),(620066183,'MATH3179');
INSERT INTO Users VALUES (620066184,'Jamison','Boyer','JamisonBoyer@gmail.com','BoyerJamison');
INSERT INTO Students VALUES (620066184,'UNDERGRAD','01-01-2020');
INSERT INTO Enrolled (u_id,courseCode) VALUES (620066184,'INFO2716'),(620066184,'INFO2797'),(620066184,'CHEM2031'),(620066184,'INFO3636'),(620066184,'PHYS3876'),(620066184,'COMP2651');
INSERT INTO Users VALUES (620066185,'Greg','Miraglia','GregMiraglia@gmail.com','MiragliaGreg');
INSERT INTO Students VALUES (620066185,'UNDERGRAD','01-01-2020');
INSERT INTO Enrolled (u_id,courseCode) VALUES (620066185,'BIOC1744'),(620066185,'ECON3004'),(620066185,'COMP3536'),(620066185,'ECON3020');
INSERT INTO Users VALUES (620066186,'Leticia','Noggle','LeticiaNoggle@gmail.com','NoggleLeticia');
INSERT INTO Students VALUES (620066186,'UNDERGRAD','01-01-2020');
INSERT INTO Enrolled (u_id,courseCode) VALUES (620066186,'MATH3857'),(620066186,'CHEM3793'),(620066186,'INFO2147'),(620066186,'CHEM1485');
INSERT INTO Users VALUES (620066187,'Bethany','Lamar','BethanyLamar@gmail.com','LamarBethany');
INSERT INTO Students VALUES (620066187,'UNDERGRAD','01-01-2020');
INSERT INTO Enrolled (u_id,courseCode) VALUES (620066187,'BIOC1439'),(620066187,'CHEM1613'),(620066187,'PHYS3339');
INSERT INTO Users VALUES (620066188,'Keith','Culpepper','KeithCulpepper@gmail.com','CulpepperKeith');
INSERT INTO Students VALUES (620066188,'UNDERGRAD','01-01-2020');
INSERT INTO Enrolled (u_id,courseCode) VALUES (620066188,'BIOC3457'),(620066188,'CHEM1613'),(620066188,'MATH3222'),(620066188,'COMP2400'),(620066188,'COMP3238'),(620066188,'INFO3868');
INSERT INTO Users VALUES (620066189,'Edward','Martin','EdwardMartin@gmail.com','MartinEdward');
INSERT INTO Students VALUES (620066189,'UNDERGRAD','01-01-2020');
INSERT INTO Enrolled (u_id,courseCode) VALUES (620066189,'COMP3047'),(620066189,'ECON1098'),(620066189,'PHYS1140');
INSERT INTO Users VALUES (620066190,'Kathleen','Rodriguez','KathleenRodriguez@gmail.com','RodriguezKathleen');
INSERT INTO Students VALUES (620066190,'UNDERGRAD','01-01-2020');
INSERT INTO Enrolled (u_id,courseCode) VALUES (620066190,'ECON3447'),(620066190,'MATH1648'),(620066190,'MATH2555'),(620066190,'BIOC1794'),(620066190,'MATH1735'),(620066190,'BIOC3604');
INSERT INTO Users VALUES (620066191,'Marilyn','Crites','MarilynCrites@gmail.com','CritesMarilyn');
INSERT INTO Students VALUES (620066191,'UNDERGRAD','01-01-2020');
INSERT INTO Enrolled (u_id,courseCode) VALUES (620066191,'MATH3059'),(620066191,'BIOC1866'),(620066191,'BIOC2983'),(620066191,'BIOC1164'),(620066191,'ECON3020'),(620066191,'INFO2337');
INSERT INTO Users VALUES (620066192,'Miss','Bras','MissBras@gmail.com','BrasMiss');
INSERT INTO Students VALUES (620066192,'UNDERGRAD','01-01-2020');
INSERT INTO Enrolled (u_id,courseCode) VALUES (620066192,'COMP2651'),(620066192,'CHEM2797'),(620066192,'INFO1014'),(620066192,'ECON1012'),(620066192,'ECON2722');
INSERT INTO Users VALUES (620066193,'Gina','Collins','GinaCollins@gmail.com','CollinsGina');
INSERT INTO Students VALUES (620066193,'UNDERGRAD','01-01-2020');
INSERT INTO Enrolled (u_id,courseCode) VALUES (620066193,'CHEM3054'),(620066193,'ECON2345'),(620066193,'MATH1648'),(620066193,'PHYS2563'),(620066193,'CHEM2177');
INSERT INTO Users VALUES (620066194,'Jacqueline','Hoyer','JacquelineHoyer@gmail.com','HoyerJacqueline');
INSERT INTO Students VALUES (620066194,'UNDERGRAD','01-01-2020');
INSERT INTO Enrolled (u_id,courseCode) VALUES (620066194,'BIOC3191'),(620066194,'MATH2957'),(620066194,'ECON3004'),(620066194,'INFO1014'),(620066194,'INFO2559'),(620066194,'MATH3179');
INSERT INTO Users VALUES (620066195,'Randall','Eddins','RandallEddins@gmail.com','EddinsRandall');
INSERT INTO Students VALUES (620066195,'UNDERGRAD','01-01-2020');
INSERT INTO Enrolled (u_id,courseCode) VALUES (620066195,'CHEM1494'),(620066195,'ECON2345'),(620066195,'COMP3238'),(620066195,'BIOC3604'),(620066195,'MATH3059'),(620066195,'MATH1309');
INSERT INTO Users VALUES (620066196,'Clarence','Griffitts','ClarenceGriffitts@gmail.com','GriffittsClarence');
INSERT INTO Students VALUES (620066196,'UNDERGRAD','01-01-2020');
INSERT INTO Enrolled (u_id,courseCode) VALUES (620066196,'CHEM3793'),(620066196,'INFO3935'),(620066196,'MATH2717'),(620066196,'INFO3868'),(620066196,'PHYS1140');
INSERT INTO Users VALUES (620066197,'Traci','Figueroa','TraciFigueroa@gmail.com','FigueroaTraci');
INSERT INTO Students VALUES (620066197,'UNDERGRAD','01-01-2020');
INSERT INTO Enrolled (u_id,courseCode) VALUES (620066197,'COMP2541'),(620066197,'COMP3536'),(620066197,'CHEM3614'),(620066197,'BIOC2236');
INSERT INTO Users VALUES (620066198,'Elmer','Briggs','ElmerBriggs@gmail.com','BriggsElmer');
INSERT INTO Students VALUES (620066198,'UNDERGRAD','01-01-2020');
INSERT INTO Enrolled (u_id,courseCode) VALUES (620066198,'CHEM1340'),(620066198,'CHEM2149'),(620066198,'ECON3228'),(620066198,'BIOC1485');
INSERT INTO Users VALUES (620066199,'Dwight','Calloway','DwightCalloway@gmail.com','CallowayDwight');
INSERT INTO Students VALUES (620066199,'UNDERGRAD','01-01-2020');
INSERT INTO Enrolled (u_id,courseCode) VALUES (620066199,'INFO3935'),(620066199,'CHEM2797'),(620066199,'MATH1735'),(620066199,'INFO1648'),(620066199,'PHYS2977');
INSERT INTO Users VALUES (620066200,'Dora','Gillman','DoraGillman@gmail.com','GillmanDora');
INSERT INTO Students VALUES (620066200,'UNDERGRAD','01-01-2020');
INSERT INTO Enrolled (u_id,courseCode) VALUES (620066200,'ECON1561'),(620066200,'COMP2400'),(620066200,'BIOC2054');
INSERT INTO Users VALUES (620066201,'Teresa','Smith','TeresaSmith@gmail.com','SmithTeresa');
INSERT INTO Students VALUES (620066201,'UNDERGRAD','01-01-2020');
INSERT INTO Enrolled (u_id,courseCode) VALUES (620066201,'COMP1184'),(620066201,'CHEM2727'),(620066201,'CHEM2066'),(620066201,'BIOC1866'),(620066201,'COMP2361');
INSERT INTO Users VALUES (620066202,'Lindsey','Mcalister','LindseyMcalister@gmail.com','McalisterLindsey');
INSERT INTO Students VALUES (620066202,'UNDERGRAD','01-01-2020');
INSERT INTO Enrolled (u_id,courseCode) VALUES (620066202,'MATH2501'),(620066202,'INFO3935'),(620066202,'INFO1242'),(620066202,'MATH2067');
INSERT INTO Users VALUES (620066203,'Jacqueline','Pantoja','JacquelinePantoja@gmail.com','PantojaJacqueline');
INSERT INTO Students VALUES (620066203,'UNDERGRAD','01-01-2020');
INSERT INTO Enrolled (u_id,courseCode) VALUES (620066203,'BIOC3721'),(620066203,'MATH3179'),(620066203,'MATH1262'),(620066203,'ECON2703'),(620066203,'BIOC1744');
INSERT INTO Users VALUES (620066204,'Freddie','Wesley','FreddieWesley@gmail.com','WesleyFreddie');
INSERT INTO Students VALUES (620066204,'UNDERGRAD','01-01-2020');
INSERT INTO Enrolled (u_id,courseCode) VALUES (620066204,'INFO2147'),(620066204,'CHEM1613'),(620066204,'INFO2716'),(620066204,'ECON3523'),(620066204,'BIOC3191');
INSERT INTO Users VALUES (620066205,'Catherine','Baccus','CatherineBaccus@gmail.com','BaccusCatherine');
INSERT INTO Students VALUES (620066205,'UNDERGRAD','01-01-2020');
INSERT INTO Enrolled (u_id,courseCode) VALUES (620066205,'INFO3636'),(620066205,'CHEM1613'),(620066205,'INFO3935'),(620066205,'MATH1309'),(620066205,'MATH3688');
INSERT INTO Users VALUES (620066206,'Manuel','Shattuck','ManuelShattuck@gmail.com','ShattuckManuel');
INSERT INTO Students VALUES (620066206,'UNDERGRAD','01-01-2020');
INSERT INTO Enrolled (u_id,courseCode) VALUES (620066206,'BIOC3341'),(620066206,'COMP3849'),(620066206,'INFO3603');
INSERT INTO Users VALUES (620066207,'Angie','Koehn','AngieKoehn@gmail.com','KoehnAngie');
INSERT INTO Students VALUES (620066207,'UNDERGRAD','01-01-2020');
INSERT INTO Enrolled (u_id,courseCode) VALUES (620066207,'MATH2801'),(620066207,'MATH1148'),(620066207,'PHYS2113'),(620066207,'PHYS1993');
INSERT INTO Users VALUES (620066208,'Kenneth','Mcclanahan','KennethMcclanahan@gmail.com','McclanahanKenneth');
INSERT INTO Students VALUES (620066208,'UNDERGRAD','01-01-2020');
INSERT INTO Enrolled (u_id,courseCode) VALUES (620066208,'PHYS2563'),(620066208,'INFO1833'),(620066208,'BIOC3230'),(620066208,'ECON3989'),(620066208,'CHEM3327');
INSERT INTO Users VALUES (620066209,'Vivian','Allen','VivianAllen@gmail.com','AllenVivian');
INSERT INTO Students VALUES (620066209,'UNDERGRAD','01-01-2020');
INSERT INTO Enrolled (u_id,courseCode) VALUES (620066209,'MATH2801'),(620066209,'COMP1543'),(620066209,'ECON1589');
INSERT INTO Users VALUES (620066210,'Latoya','Guidry','LatoyaGuidry@gmail.com','GuidryLatoya');
INSERT INTO Students VALUES (620066210,'UNDERGRAD','01-01-2020');
INSERT INTO Enrolled (u_id,courseCode) VALUES (620066210,'BIOC2671'),(620066210,'PHYS2113'),(620066210,'MATH1735'),(620066210,'BIOC3457');
INSERT INTO Users VALUES (620066211,'Bobby','Macpartland','BobbyMacpartland@gmail.com','MacpartlandBobby');
INSERT INTO Students VALUES (620066211,'UNDERGRAD','01-01-2020');
INSERT INTO Enrolled (u_id,courseCode) VALUES (620066211,'BIOC1485'),(620066211,'BIOC3230'),(620066211,'PHYS1399'),(620066211,'INFO1145'),(620066211,'ECON3288');
INSERT INTO Users VALUES (620066212,'Gabriel','Johnson','GabrielJohnson@gmail.com','JohnsonGabriel');
INSERT INTO Students VALUES (620066212,'UNDERGRAD','01-01-2020');
INSERT INTO Enrolled (u_id,courseCode) VALUES (620066212,'CHEM2626'),(620066212,'INFO2270'),(620066212,'CHEM3327'),(620066212,'COMP3173'),(620066212,'MATH2957'),(620066212,'COMP3418');
INSERT INTO Users VALUES (620066213,'Deanna','Danker','DeannaDanker@gmail.com','DankerDeanna');
INSERT INTO Students VALUES (620066213,'UNDERGRAD','01-01-2020');
INSERT INTO Enrolled (u_id,courseCode) VALUES (620066213,'ECON2387'),(620066213,'BIOC1485'),(620066213,'COMP3418'),(620066213,'COMP3506'),(620066213,'CHEM3409');
INSERT INTO Users VALUES (620066214,'Shawn','Williamson','ShawnWilliamson@gmail.com','WilliamsonShawn');
INSERT INTO Students VALUES (620066214,'UNDERGRAD','01-01-2020');
INSERT INTO Enrolled (u_id,courseCode) VALUES (620066214,'CHEM2149'),(620066214,'ECON1012'),(620066214,'PHYS2238'),(620066214,'CHEM3347');
INSERT INTO Users VALUES (620066215,'Marcus','Rankin','MarcusRankin@gmail.com','RankinMarcus');
INSERT INTO Students VALUES (620066215,'UNDERGRAD','01-01-2020');
INSERT INTO Enrolled (u_id,courseCode) VALUES (620066215,'MATH1454'),(620066215,'PHYS3354'),(620066215,'INFO2147'),(620066215,'COMP3173');
INSERT INTO Users VALUES (620066216,'Harold','Ebbs','HaroldEbbs@gmail.com','EbbsHarold');
INSERT INTO Students VALUES (620066216,'UNDERGRAD','01-01-2020');
INSERT INTO Enrolled (u_id,courseCode) VALUES (620066216,'PHYS2229'),(620066216,'PHYS3354'),(620066216,'COMP3084'),(620066216,'CHEM2626');
INSERT INTO Users VALUES (620066217,'Debbie','Henderson','DebbieHenderson@gmail.com','HendersonDebbie');
INSERT INTO Students VALUES (620066217,'UNDERGRAD','01-01-2020');
INSERT INTO Enrolled (u_id,courseCode) VALUES (620066217,'BIOC2236'),(620066217,'CHEM2066'),(620066217,'CHEM2220');
INSERT INTO Users VALUES (620066218,'Kathy','Starks','KathyStarks@gmail.com','StarksKathy');
INSERT INTO Students VALUES (620066218,'UNDERGRAD','01-01-2020');
INSERT INTO Enrolled (u_id,courseCode) VALUES (620066218,'MATH2957'),(620066218,'MATH2067'),(620066218,'ECON1498');
INSERT INTO Users VALUES (620066219,'Flora','Williamson','FloraWilliamson@gmail.com','WilliamsonFlora');
INSERT INTO Students VALUES (620066219,'UNDERGRAD','01-01-2020');
INSERT INTO Enrolled (u_id,courseCode) VALUES (620066219,'INFO1825'),(620066219,'CHEM3347'),(620066219,'MATH3544'),(620066219,'BIOC3457'),(620066219,'PHYS1399');
INSERT INTO Users VALUES (620066220,'Alfred','Granado','AlfredGranado@gmail.com','GranadoAlfred');
INSERT INTO Students VALUES (620066220,'UNDERGRAD','01-01-2020');
INSERT INTO Enrolled (u_id,courseCode) VALUES (620066220,'CHEM3327'),(620066220,'PHYS1993'),(620066220,'CHEM2867'),(620066220,'BIOC2981'),(620066220,'MATH1309'),(620066220,'INFO2213');
INSERT INTO Users VALUES (620066221,'Miss','Huffman','MissHuffman@gmail.com','HuffmanMiss');
INSERT INTO Students VALUES (620066221,'UNDERGRAD','01-01-2020');
INSERT INTO Enrolled (u_id,courseCode) VALUES (620066221,'CHEM2177'),(620066221,'COMP2361'),(620066221,'PHYS2238'),(620066221,'MATH2957'),(620066221,'BIOC1104'),(620066221,'MATH3544');
INSERT INTO Users VALUES (620066222,'Antionette','Fuller','AntionetteFuller@gmail.com','FullerAntionette');
INSERT INTO Students VALUES (620066222,'UNDERGRAD','01-01-2020');
INSERT INTO Enrolled (u_id,courseCode) VALUES (620066222,'MATH3844'),(620066222,'BIOC1439'),(620066222,'BIOC3191'),(620066222,'ECON3447'),(620066222,'COMP3047'),(620066222,'CHEM2867');
INSERT INTO Users VALUES (620066223,'Donald','Vargas','DonaldVargas@gmail.com','VargasDonald');
INSERT INTO Students VALUES (620066223,'UNDERGRAD','01-01-2020');
INSERT INTO Enrolled (u_id,courseCode) VALUES (620066223,'PHYS3686'),(620066223,'CHEM1494'),(620066223,'ECON2345'),(620066223,'PHYS2667');
INSERT INTO Users VALUES (620066224,'Katherine','Fuller','KatherineFuller@gmail.com','FullerKatherine');
INSERT INTO Students VALUES (620066224,'UNDERGRAD','01-01-2020');
INSERT INTO Enrolled (u_id,courseCode) VALUES (620066224,'MATH2717'),(620066224,'BIOC2550'),(620066224,'ECON1783'),(620066224,'CHEM2867'),(620066224,'CHEM3614'),(620066224,'BIOC1910');
INSERT INTO Users VALUES (620066225,'Doris','Givens','DorisGivens@gmail.com','GivensDoris');
INSERT INTO Students VALUES (620066225,'UNDERGRAD','01-01-2020');
INSERT INTO Enrolled (u_id,courseCode) VALUES (620066225,'INFO3603'),(620066225,'MATH1250'),(620066225,'ECON2814'),(620066225,'CHEM1613'),(620066225,'INFO2860'),(620066225,'PHYS2306');
INSERT INTO Users VALUES (620066226,'Brian','Lyford','BrianLyford@gmail.com','LyfordBrian');
INSERT INTO Students VALUES (620066226,'UNDERGRAD','01-01-2020');
INSERT INTO Enrolled (u_id,courseCode) VALUES (620066226,'PHYS2977'),(620066226,'CHEM1807'),(620066226,'MATH2873'),(620066226,'CHEM2797'),(620066226,'CHEM2066'),(620066226,'CHEM1340');
INSERT INTO Users VALUES (620066227,'Kim','Early','KimEarly@gmail.com','EarlyKim');
INSERT INTO Students VALUES (620066227,'UNDERGRAD','01-01-2020');
INSERT INTO Enrolled (u_id,courseCode) VALUES (620066227,'MATH2067'),(620066227,'COMP2965'),(620066227,'INFO1833'),(620066227,'INFO2521'),(620066227,'INFO1990');
INSERT INTO Users VALUES (620066228,'Derek','Hardman','DerekHardman@gmail.com','HardmanDerek');
INSERT INTO Students VALUES (620066228,'UNDERGRAD','01-01-2020');
INSERT INTO Enrolled (u_id,courseCode) VALUES (620066228,'CHEM2867'),(620066228,'COMP3173'),(620066228,'BIOC1598'),(620066228,'PHYS3052'),(620066228,'INFO1145'),(620066228,'MATH2801');
INSERT INTO Users VALUES (620066229,'Clarence','Nerbonne','ClarenceNerbonne@gmail.com','NerbonneClarence');
INSERT INTO Students VALUES (620066229,'UNDERGRAD','01-01-2020');
INSERT INTO Enrolled (u_id,courseCode) VALUES (620066229,'COMP3418'),(620066229,'CHEM2867'),(620066229,'PHYS1173'),(620066229,'CHEM2065'),(620066229,'INFO3645');
INSERT INTO Users VALUES (620066230,'George','Barnett','GeorgeBarnett@gmail.com','BarnettGeorge');
INSERT INTO Students VALUES (620066230,'UNDERGRAD','01-01-2020');
INSERT INTO Enrolled (u_id,courseCode) VALUES (620066230,'MATH2188'),(620066230,'CHEM3614'),(620066230,'ECON3281'),(620066230,'INFO2270'),(620066230,'MATH1309');
INSERT INTO Users VALUES (620066231,'Taylor','Pero','TaylorPero@gmail.com','PeroTaylor');
INSERT INTO Students VALUES (620066231,'UNDERGRAD','01-01-2020');
INSERT INTO Enrolled (u_id,courseCode) VALUES (620066231,'PHYS1173'),(620066231,'COMP3746'),(620066231,'PHYS1979'),(620066231,'INFO3636'),(620066231,'BIOC2671');
INSERT INTO Users VALUES (620066232,'Teresa','Jensen','TeresaJensen@gmail.com','JensenTeresa');
INSERT INTO Students VALUES (620066232,'UNDERGRAD','01-01-2020');
INSERT INTO Enrolled (u_id,courseCode) VALUES (620066232,'ECON3737'),(620066232,'MATH3209'),(620066232,'COMP3536');
INSERT INTO Users VALUES (620066233,'Teresa','Valenzuela','TeresaValenzuela@gmail.com','ValenzuelaTeresa');
INSERT INTO Students VALUES (620066233,'UNDERGRAD','01-01-2020');
INSERT INTO Enrolled (u_id,courseCode) VALUES (620066233,'PHYS3290'),(620066233,'BIOC3191'),(620066233,'PHYS2563'),(620066233,'INFO1242'),(620066233,'CHEM3054'),(620066233,'COMP2717');
INSERT INTO Users VALUES (620066234,'Deanne','Duffie','DeanneDuffie@gmail.com','DuffieDeanne');
INSERT INTO Students VALUES (620066234,'UNDERGRAD','01-01-2020');
INSERT INTO Enrolled (u_id,courseCode) VALUES (620066234,'PHYS1399'),(620066234,'CHEM1613'),(620066234,'INFO1447'),(620066234,'COMP1184');
INSERT INTO Users VALUES (620066235,'Larry','Miles','LarryMiles@gmail.com','MilesLarry');
INSERT INTO Students VALUES (620066235,'UNDERGRAD','01-01-2020');
INSERT INTO Enrolled (u_id,courseCode) VALUES (620066235,'MATH1735'),(620066235,'ECON1458'),(620066235,'MATH1250'),(620066235,'MATH3613');
INSERT INTO Users VALUES (620066236,'Bryan','Hoyer','BryanHoyer@gmail.com','HoyerBryan');
INSERT INTO Students VALUES (620066236,'UNDERGRAD','01-01-2020');
INSERT INTO Enrolled (u_id,courseCode) VALUES (620066236,'BIOC3230'),(620066236,'INFO2813'),(620066236,'COMP3084'),(620066236,'MATH1638'),(620066236,'CHEM1807');
INSERT INTO Users VALUES (620066237,'George','Lindstrom','GeorgeLindstrom@gmail.com','LindstromGeorge');
INSERT INTO Students VALUES (620066237,'UNDERGRAD','01-01-2020');
INSERT INTO Enrolled (u_id,courseCode) VALUES (620066237,'ECON3311'),(620066237,'BIOC3604'),(620066237,'INFO1833'),(620066237,'ECON3523'),(620066237,'PHYS3339');
INSERT INTO Users VALUES (620066238,'Sharon','Noonan','SharonNoonan@gmail.com','NoonanSharon');
INSERT INTO Students VALUES (620066238,'UNDERGRAD','01-01-2020');
INSERT INTO Enrolled (u_id,courseCode) VALUES (620066238,'MATH1638'),(620066238,'ECON2387'),(620066238,'BIOC1534'),(620066238,'MATH1648'),(620066238,'BIOC1104'),(620066238,'CHEM1613');
INSERT INTO Users VALUES (620066239,'Byron','Barrett','ByronBarrett@gmail.com','BarrettByron');
INSERT INTO Students VALUES (620066239,'UNDERGRAD','01-01-2020');
INSERT INTO Enrolled (u_id,courseCode) VALUES (620066239,'MATH1262'),(620066239,'ECON2387'),(620066239,'PHYS3052'),(620066239,'CHEM2727'),(620066239,'CHEM3617'),(620066239,'MATH2188');
INSERT INTO Users VALUES (620066240,'Denise','Lowrey','DeniseLowrey@gmail.com','LowreyDenise');
INSERT INTO Students VALUES (620066240,'UNDERGRAD','01-01-2020');
INSERT INTO Enrolled (u_id,courseCode) VALUES (620066240,'INFO1242'),(620066240,'COMP3697'),(620066240,'ECON3989'),(620066240,'BIOC1866'),(620066240,'INFO3645'),(620066240,'CHEM2481');
INSERT INTO Users VALUES (620066241,'Homer','Scales','HomerScales@gmail.com','ScalesHomer');
INSERT INTO Students VALUES (620066241,'UNDERGRAD','01-01-2020');
INSERT INTO Enrolled (u_id,courseCode) VALUES (620066241,'COMP2361'),(620066241,'COMP3639'),(620066241,'BIOC1794');
INSERT INTO Users VALUES (620066242,'Beverly','Nerbonne','BeverlyNerbonne@gmail.com','NerbonneBeverly');
INSERT INTO Students VALUES (620066242,'UNDERGRAD','01-01-2020');
INSERT INTO Enrolled (u_id,courseCode) VALUES (620066242,'MATH1250'),(620066242,'INFO3603'),(620066242,'MATH3857'),(620066242,'PHYS2113'),(620066242,'ECON1996');
INSERT INTO Users VALUES (620066243,'Christopher','Scales','ChristopherScales@gmail.com','ScalesChristopher');
INSERT INTO Students VALUES (620066243,'UNDERGRAD','01-01-2020');
INSERT INTO Enrolled (u_id,courseCode) VALUES (620066243,'INFO1288'),(620066243,'PHYS2113'),(620066243,'PHYS3290'),(620066243,'INFO2337');
INSERT INTO Users VALUES (620066244,'Richard','Eddins','RichardEddins@gmail.com','EddinsRichard');
INSERT INTO Students VALUES (620066244,'UNDERGRAD','01-01-2020');
INSERT INTO Enrolled (u_id,courseCode) VALUES (620066244,'BIOC1052'),(620066244,'MATH1262'),(620066244,'COMP2651'),(620066244,'PHYS2238'),(620066244,'ECON3737');
INSERT INTO Users VALUES (620066245,'Floyd','Tirabassi','FloydTirabassi@gmail.com','TirabassiFloyd');
INSERT INTO Students VALUES (620066245,'UNDERGRAD','01-01-2020');
INSERT INTO Enrolled (u_id,courseCode) VALUES (620066245,'COMP1051'),(620066245,'MATH1148'),(620066245,'BIOC3721'),(620066245,'INFO1648'),(620066245,'INFO2950');
INSERT INTO Users VALUES (620066246,'Marshall','Wilson','MarshallWilson@gmail.com','WilsonMarshall');
INSERT INTO Students VALUES (620066246,'UNDERGRAD','01-01-2020');
INSERT INTO Enrolled (u_id,courseCode) VALUES (620066246,'INFO2797'),(620066246,'COMP1867'),(620066246,'COMP2361');
INSERT INTO Users VALUES (620066247,'Rachel','Steinbach','RachelSteinbach@gmail.com','SteinbachRachel');
INSERT INTO Students VALUES (620066247,'UNDERGRAD','01-01-2020');
INSERT INTO Enrolled (u_id,courseCode) VALUES (620066247,'COMP3536'),(620066247,'COMP2965'),(620066247,'COMP2361'),(620066247,'INFO1833'),(620066247,'CHEM3888');
INSERT INTO Users VALUES (620066248,'Samuel','Chan','SamuelChan@gmail.com','ChanSamuel');
INSERT INTO Students VALUES (620066248,'UNDERGRAD','01-01-2020');
INSERT INTO Enrolled (u_id,courseCode) VALUES (620066248,'CHEM2177'),(620066248,'BIOC3457'),(620066248,'COMP3639'),(620066248,'MATH2188');
INSERT INTO Users VALUES (620066249,'Georgie','Quintero','GeorgieQuintero@gmail.com','QuinteroGeorgie');
INSERT INTO Students VALUES (620066249,'UNDERGRAD','01-01-2020');
INSERT INTO Enrolled (u_id,courseCode) VALUES (620066249,'CHEM3617'),(620066249,'CHEM2727'),(620066249,'COMP1051'),(620066249,'INFO1242'),(620066249,'BIOC1986'),(620066249,'ECON2387');
INSERT INTO Users VALUES (620066250,'Vanessa','Long','VanessaLong@gmail.com','LongVanessa');
INSERT INTO Students VALUES (620066250,'UNDERGRAD','01-01-2020');
INSERT INTO Enrolled (u_id,courseCode) VALUES (620066250,'ECON3281'),(620066250,'BIOC1104'),(620066250,'PHYS2667'),(620066250,'MATH3544'),(620066250,'MATH1250');
INSERT INTO Users VALUES (620066251,'Edwin','Rodriguez','EdwinRodriguez@gmail.com','RodriguezEdwin');
INSERT INTO Students VALUES (620066251,'UNDERGRAD','01-01-2020');
INSERT INTO Enrolled (u_id,courseCode) VALUES (620066251,'INFO3603'),(620066251,'INFO3419'),(620066251,'MATH1972'),(620066251,'ECON3523');
INSERT INTO Users VALUES (620066252,'Kimberly','Kenney','KimberlyKenney@gmail.com','KenneyKimberly');
INSERT INTO Students VALUES (620066252,'UNDERGRAD','01-01-2020');
INSERT INTO Enrolled (u_id,courseCode) VALUES (620066252,'MATH1454'),(620066252,'COMP2400'),(620066252,'MATH2188'),(620066252,'BIOC2236'),(620066252,'COMP2361'),(620066252,'PHYS2117');
INSERT INTO Users VALUES (620066253,'Elmer','Starks','ElmerStarks@gmail.com','StarksElmer');
INSERT INTO Students VALUES (620066253,'UNDERGRAD','01-01-2020');
INSERT INTO Enrolled (u_id,courseCode) VALUES (620066253,'ECON1230'),(620066253,'INFO1990'),(620066253,'INFO2521');
INSERT INTO Users VALUES (620066254,'Marilyn','English','MarilynEnglish@gmail.com','EnglishMarilyn');
INSERT INTO Students VALUES (620066254,'UNDERGRAD','01-01-2020');
INSERT INTO Enrolled (u_id,courseCode) VALUES (620066254,'CHEM2005'),(620066254,'COMP3047'),(620066254,'BIOC1448'),(620066254,'INFO2860'),(620066254,'CHEM3347'),(620066254,'BIOC3457');
INSERT INTO Users VALUES (620066255,'Toby','Ryan','TobyRyan@gmail.com','RyanToby');
INSERT INTO Students VALUES (620066255,'UNDERGRAD','01-01-2020');
INSERT INTO Enrolled (u_id,courseCode) VALUES (620066255,'COMP3418'),(620066255,'BIOC1986'),(620066255,'PHYS1399'),(620066255,'PHYS3787');
INSERT INTO Users VALUES (620066256,'Elmer','Shattuck','ElmerShattuck@gmail.com','ShattuckElmer');
INSERT INTO Students VALUES (620066256,'UNDERGRAD','01-01-2020');
INSERT INTO Enrolled (u_id,courseCode) VALUES (620066256,'MATH3059'),(620066256,'MATH3179'),(620066256,'COMP3849'),(620066256,'INFO1833');
INSERT INTO Users VALUES (620066257,'Hector','Steinberger','HectorSteinberger@gmail.com','SteinbergerHector');
INSERT INTO Students VALUES (620066257,'UNDERGRAD','01-01-2020');
INSERT INTO Enrolled (u_id,courseCode) VALUES (620066257,'BIOC1794'),(620066257,'ECON2814'),(620066257,'MATH2550'),(620066257,'CHEM2220'),(620066257,'ECON3447');
INSERT INTO Users VALUES (620066258,'Melvin','Sandlin','MelvinSandlin@gmail.com','SandlinMelvin');
INSERT INTO Students VALUES (620066258,'UNDERGRAD','01-01-2020');
INSERT INTO Enrolled (u_id,courseCode) VALUES (620066258,'ECON3311'),(620066258,'ECON2345'),(620066258,'PHYS1930');
INSERT INTO Users VALUES (620066259,'Ashleigh','Madsen','AshleighMadsen@gmail.com','MadsenAshleigh');
INSERT INTO Students VALUES (620066259,'UNDERGRAD','01-01-2020');
INSERT INTO Enrolled (u_id,courseCode) VALUES (620066259,'INFO1242'),(620066259,'MATH1648'),(620066259,'CHEM3347'),(620066259,'MATH3059'),(620066259,'MATH3173'),(620066259,'CHEM2867');
INSERT INTO Users VALUES (620066260,'Reggie','Walley','ReggieWalley@gmail.com','WalleyReggie');
INSERT INTO Students VALUES (620066260,'UNDERGRAD','01-01-2020');
INSERT INTO Enrolled (u_id,courseCode) VALUES (620066260,'COMP3639'),(620066260,'MATH2067'),(620066260,'CHEM1807'),(620066260,'CHEM3347');
INSERT INTO Users VALUES (620066261,'Janice','Kimbrell','JaniceKimbrell@gmail.com','KimbrellJanice');
INSERT INTO Students VALUES (620066261,'UNDERGRAD','01-01-2020');
INSERT INTO Enrolled (u_id,courseCode) VALUES (620066261,'ECON3737'),(620066261,'INFO2860'),(620066261,'ECON3085'),(620066261,'PHYS2667'),(620066261,'BIOC3230'),(620066261,'CHEM3409');
INSERT INTO Users VALUES (620066262,'Gina','Lyford','GinaLyford@gmail.com','LyfordGina');
INSERT INTO Students VALUES (620066262,'UNDERGRAD','01-01-2020');
INSERT INTO Enrolled (u_id,courseCode) VALUES (620066262,'INFO3935'),(620066262,'COMP3084'),(620066262,'PHYS2306'),(620066262,'BIOC1744'),(620066262,'CHEM1613'),(620066262,'CHEM2005');
INSERT INTO Users VALUES (620066263,'Howard','Atkins','HowardAtkins@gmail.com','AtkinsHoward');
INSERT INTO Students VALUES (620066263,'UNDERGRAD','01-01-2020');
INSERT INTO Enrolled (u_id,courseCode) VALUES (620066263,'INFO2270'),(620066263,'INFO2559'),(620066263,'PHYS3729');
INSERT INTO Users VALUES (620066264,'Vanessa','Shani','VanessaShani@gmail.com','ShaniVanessa');
INSERT INTO Students VALUES (620066264,'UNDERGRAD','01-01-2020');
INSERT INTO Enrolled (u_id,courseCode) VALUES (620066264,'MATH2873'),(620066264,'MATH3688'),(620066264,'ECON3737'),(620066264,'COMP1543'),(620066264,'PHYS2977');
INSERT INTO Users VALUES (620066265,'Earl','Letchworth','EarlLetchworth@gmail.com','LetchworthEarl');
INSERT INTO Students VALUES (620066265,'UNDERGRAD','01-01-2020');
INSERT INTO Enrolled (u_id,courseCode) VALUES (620066265,'PHYS2338'),(620066265,'CHEM3888'),(620066265,'BIOC2236'),(620066265,'MATH1309'),(620066265,'ECON1170'),(620066265,'CHEM2481');
INSERT INTO Users VALUES (620066266,'Shannon','Brock','ShannonBrock@gmail.com','BrockShannon');
INSERT INTO Students VALUES (620066266,'UNDERGRAD','01-01-2020');
INSERT INTO Enrolled (u_id,courseCode) VALUES (620066266,'ECON2722'),(620066266,'CHEM2727'),(620066266,'ECON3550'),(620066266,'ECON2703'),(620066266,'BIOC1448');
INSERT INTO Users VALUES (620066267,'Roy','Mitchell','RoyMitchell@gmail.com','MitchellRoy');
INSERT INTO Students VALUES (620066267,'UNDERGRAD','01-01-2020');
INSERT INTO Enrolled (u_id,courseCode) VALUES (620066267,'MATH3059'),(620066267,'BIOC3604'),(620066267,'PHYS1979'),(620066267,'COMP2400'),(620066267,'COMP2080'),(620066267,'PHYS1399');
INSERT INTO Users VALUES (620066268,'Brenda','Mcclanahan','BrendaMcclanahan@gmail.com','McclanahanBrenda');
INSERT INTO Students VALUES (620066268,'UNDERGRAD','01-01-2020');
INSERT INTO Enrolled (u_id,courseCode) VALUES (620066268,'ECON3523'),(620066268,'COMP3685'),(620066268,'MATH1735'),(620066268,'ECON3063'),(620066268,'MATH3844');
INSERT INTO Users VALUES (620066269,'Randy','Vanwyck','RandyVanwyck@gmail.com','VanwyckRandy');
INSERT INTO Students VALUES (620066269,'UNDERGRAD','01-01-2020');
INSERT INTO Enrolled (u_id,courseCode) VALUES (620066269,'CHEM3054'),(620066269,'BIOC1598'),(620066269,'INFO1990'),(620066269,'CHEM1807'),(620066269,'ECON1230');
INSERT INTO Users VALUES (620066270,'William','Chatcho','WilliamChatcho@gmail.com','ChatchoWilliam');
INSERT INTO Students VALUES (620066270,'UNDERGRAD','01-01-2020');
INSERT INTO Enrolled (u_id,courseCode) VALUES (620066270,'INFO2213'),(620066270,'MATH3222'),(620066270,'ECON3447'),(620066270,'PHYS1399'),(620066270,'PHYS3052');
INSERT INTO Users VALUES (620066271,'Brian','Garcia','BrianGarcia@gmail.com','GarciaBrian');
INSERT INTO Students VALUES (620066271,'UNDERGRAD','01-01-2020');
INSERT INTO Enrolled (u_id,courseCode) VALUES (620066271,'COMP1867'),(620066271,'ECON1645'),(620066271,'PHYS3354');
INSERT INTO Users VALUES (620066272,'Randy','Truong','RandyTruong@gmail.com','TruongRandy');
INSERT INTO Students VALUES (620066272,'UNDERGRAD','01-01-2020');
INSERT INTO Enrolled (u_id,courseCode) VALUES (620066272,'CHEM1494'),(620066272,'PHYS3876'),(620066272,'COMP2361'),(620066272,'PHYS2977'),(620066272,'MATH3857');
INSERT INTO Users VALUES (620066273,'Larry','Swan','LarrySwan@gmail.com','SwanLarry');
INSERT INTO Students VALUES (620066273,'UNDERGRAD','01-01-2020');
INSERT INTO Enrolled (u_id,courseCode) VALUES (620066273,'COMP2080'),(620066273,'CHEM2797'),(620066273,'ECON1230'),(620066273,'BIOC3604'),(620066273,'PHYS3686');
INSERT INTO Users VALUES (620066274,'Donald','Sniezek','DonaldSniezek@gmail.com','SniezekDonald');
INSERT INTO Students VALUES (620066274,'UNDERGRAD','01-01-2020');
INSERT INTO Enrolled (u_id,courseCode) VALUES (620066274,'CHEM2604'),(620066274,'INFO2337'),(620066274,'COMP3685');
INSERT INTO Users VALUES (620066275,'Vernon','Nelson','VernonNelson@gmail.com','NelsonVernon');
INSERT INTO Students VALUES (620066275,'UNDERGRAD','01-01-2020');
INSERT INTO Enrolled (u_id,courseCode) VALUES (620066275,'PHYS3052'),(620066275,'MATH1648'),(620066275,'PHYS2451'),(620066275,'MATH2957');
INSERT INTO Users VALUES (620066276,'Clifford','Gaffney','CliffordGaffney@gmail.com','GaffneyClifford');
INSERT INTO Students VALUES (620066276,'UNDERGRAD','01-01-2020');
INSERT INTO Enrolled (u_id,courseCode) VALUES (620066276,'MATH2801'),(620066276,'BIOC2236'),(620066276,'MATH2067');
INSERT INTO Users VALUES (620066277,'Maria','Marshall','MariaMarshall@gmail.com','MarshallMaria');
INSERT INTO Students VALUES (620066277,'UNDERGRAD','01-01-2020');
INSERT INTO Enrolled (u_id,courseCode) VALUES (620066277,'MATH1578'),(620066277,'COMP3697'),(620066277,'MATH3844');
INSERT INTO Users VALUES (620066278,'Shayne','Bourgoin','ShayneBourgoin@gmail.com','BourgoinShayne');
INSERT INTO Students VALUES (620066278,'UNDERGRAD','01-01-2020');
INSERT INTO Enrolled (u_id,courseCode) VALUES (620066278,'PHYS3659'),(620066278,'BIOC2983'),(620066278,'PHYS3464'),(620066278,'INFO1648'),(620066278,'COMP3536'),(620066278,'CHEM2031');
INSERT INTO Users VALUES (620066279,'Sara','Santos','SaraSantos@gmail.com','SantosSara');
INSERT INTO Students VALUES (620066279,'UNDERGRAD','01-01-2020');
INSERT INTO Enrolled (u_id,courseCode) VALUES (620066279,'PHYS2451'),(620066279,'CHEM2867'),(620066279,'INFO2860'),(620066279,'MATH3059'),(620066279,'CHEM3614'),(620066279,'INFO3645');
INSERT INTO Users VALUES (620066280,'Ashley','Briggs','AshleyBriggs@gmail.com','BriggsAshley');
INSERT INTO Students VALUES (620066280,'UNDERGRAD','01-01-2020');
INSERT INTO Enrolled (u_id,courseCode) VALUES (620066280,'PHYS3339'),(620066280,'INFO2811'),(620066280,'COMP2717'),(620066280,'COMP3536'),(620066280,'INFO2559');
INSERT INTO Users VALUES (620066281,'Beverly','Jesse','BeverlyJesse@gmail.com','JesseBeverly');
INSERT INTO Students VALUES (620066281,'UNDERGRAD','01-01-2020');
INSERT INTO Enrolled (u_id,courseCode) VALUES (620066281,'PHYS1930'),(620066281,'ECON3288'),(620066281,'BIOC1439'),(620066281,'ECON3447');
INSERT INTO Users VALUES (620066282,'Brooke','Krause','BrookeKrause@gmail.com','KrauseBrooke');
INSERT INTO Students VALUES (620066282,'UNDERGRAD','01-01-2020');
INSERT INTO Enrolled (u_id,courseCode) VALUES (620066282,'COMP1543'),(620066282,'PHYS1993'),(620066282,'INFO3419');
INSERT INTO Users VALUES (620066283,'Steven','Kimbrell','StevenKimbrell@gmail.com','KimbrellSteven');
INSERT INTO Students VALUES (620066283,'UNDERGRAD','01-01-2020');
INSERT INTO Enrolled (u_id,courseCode) VALUES (620066283,'CHEM2446'),(620066283,'BIOC1448'),(620066283,'INFO2860'),(620066283,'BIOC1598');
INSERT INTO Users VALUES (620066284,'Judith','Colley','JudithColley@gmail.com','ColleyJudith');
INSERT INTO Students VALUES (620066284,'UNDERGRAD','01-01-2020');
INSERT INTO Enrolled (u_id,courseCode) VALUES (620066284,'PHYS2238'),(620066284,'MATH1578'),(620066284,'BIOC1598'),(620066284,'COMP3746');
INSERT INTO Users VALUES (620066285,'Jacqueline','Watson','JacquelineWatson@gmail.com','WatsonJacqueline');
INSERT INTO Students VALUES (620066285,'UNDERGRAD','01-01-2020');
INSERT INTO Enrolled (u_id,courseCode) VALUES (620066285,'CHEM3617'),(620066285,'COMP2080'),(620066285,'MATH3059'),(620066285,'COMP3536');
INSERT INTO Users VALUES (620066286,'Nicholas','Danker','NicholasDanker@gmail.com','DankerNicholas');
INSERT INTO Students VALUES (620066286,'UNDERGRAD','01-01-2020');
INSERT INTO Enrolled (u_id,courseCode) VALUES (620066286,'CHEM2604'),(620066286,'PHYS1930'),(620066286,'PHYS2238'),(620066286,'INFO2636'),(620066286,'ECON3281'),(620066286,'BIOC1534');
INSERT INTO Users VALUES (620066287,'Ashley','Lowry','AshleyLowry@gmail.com','LowryAshley');
INSERT INTO Students VALUES (620066287,'UNDERGRAD','01-01-2020');
INSERT INTO Enrolled (u_id,courseCode) VALUES (620066287,'CHEM3327'),(620066287,'MATH3222'),(620066287,'MATH1309'),(620066287,'BIOC1725'),(620066287,'CHEM2065');
INSERT INTO Users VALUES (620066288,'Wayne','Rice','WayneRice@gmail.com','RiceWayne');
INSERT INTO Students VALUES (620066288,'UNDERGRAD','01-01-2020');
INSERT INTO Enrolled (u_id,courseCode) VALUES (620066288,'PHYS3290'),(620066288,'MATH1648'),(620066288,'CHEM2220'),(620066288,'COMP2651');
INSERT INTO Users VALUES (620066289,'Edward','Culpepper','EdwardCulpepper@gmail.com','CulpepperEdward');
INSERT INTO Students VALUES (620066289,'UNDERGRAD','01-01-2020');
INSERT INTO Enrolled (u_id,courseCode) VALUES (620066289,'COMP2361'),(620066289,'ECON1996'),(620066289,'PHYS2451'),(620066289,'COMP3849'),(620066289,'BIOC3341'),(620066289,'BIOC1439');
INSERT INTO Users VALUES (620066290,'Rene','Wengerd','ReneWengerd@gmail.com','WengerdRene');
INSERT INTO Students VALUES (620066290,'UNDERGRAD','01-01-2020');
INSERT INTO Enrolled (u_id,courseCode) VALUES (620066290,'CHEM3617'),(620066290,'ECON1783'),(620066290,'MATH3844'),(620066290,'PHYS2451');
INSERT INTO Users VALUES (620066291,'Karen','Luper','KarenLuper@gmail.com','LuperKaren');
INSERT INTO Students VALUES (620066291,'UNDERGRAD','01-01-2020');
INSERT INTO Enrolled (u_id,courseCode) VALUES (620066291,'BIOC2550'),(620066291,'COMP2541'),(620066291,'PHYS2117'),(620066291,'BIOC3604');
INSERT INTO Users VALUES (620066292,'Delia','Alexander','DeliaAlexander@gmail.com','AlexanderDelia');
INSERT INTO Students VALUES (620066292,'UNDERGRAD','01-01-2020');
INSERT INTO Enrolled (u_id,courseCode) VALUES (620066292,'CHEM2177'),(620066292,'INFO2813'),(620066292,'MATH3059');
INSERT INTO Users VALUES (620066293,'Ronald','Eubank','RonaldEubank@gmail.com','EubankRonald');
INSERT INTO Students VALUES (620066293,'UNDERGRAD','01-01-2020');
INSERT INTO Enrolled (u_id,courseCode) VALUES (620066293,'BIOC3604'),(620066293,'BIOC3230'),(620066293,'MATH2501'),(620066293,'CHEM2697');
INSERT INTO Users VALUES (620066294,'Ernesto','Butcher','ErnestoButcher@gmail.com','ButcherErnesto');
INSERT INTO Students VALUES (620066294,'UNDERGRAD','01-01-2020');
INSERT INTO Enrolled (u_id,courseCode) VALUES (620066294,'CHEM2727'),(620066294,'ECON3020'),(620066294,'MATH3688'),(620066294,'COMP3849');
INSERT INTO Users VALUES (620066295,'Antionette','Terry','AntionetteTerry@gmail.com','TerryAntionette');
INSERT INTO Students VALUES (620066295,'UNDERGRAD','01-01-2020');
INSERT INTO Enrolled (u_id,courseCode) VALUES (620066295,'INFO3868'),(620066295,'COMP3173'),(620066295,'INFO3419'),(620066295,'MATH2067');
INSERT INTO Users VALUES (620066296,'Antwan','Souza','AntwanSouza@gmail.com','SouzaAntwan');
INSERT INTO Students VALUES (620066296,'UNDERGRAD','01-01-2020');
INSERT INTO Enrolled (u_id,courseCode) VALUES (620066296,'PHYS1399'),(620066296,'ECON1230'),(620066296,'ECON3523'),(620066296,'MATH1578'),(620066296,'INFO2213');
INSERT INTO Users VALUES (620066297,'Latoya','Grinstead','LatoyaGrinstead@gmail.com','GrinsteadLatoya');
INSERT INTO Students VALUES (620066297,'UNDERGRAD','01-01-2020');
INSERT INTO Enrolled (u_id,courseCode) VALUES (620066297,'PHYS3659'),(620066297,'BIOC2550'),(620066297,'BIOC1052'),(620066297,'BIOC1439');
INSERT INTO Users VALUES (620066298,'Leo','English','LeoEnglish@gmail.com','EnglishLeo');
INSERT INTO Students VALUES (620066298,'UNDERGRAD','01-01-2020');
INSERT INTO Enrolled (u_id,courseCode) VALUES (620066298,'ECON3281'),(620066298,'CHEM1494'),(620066298,'BIOC2589'),(620066298,'CHEM3054'),(620066298,'CHEM3347');
INSERT INTO Users VALUES (620066299,'Suzanne','Richardson','SuzanneRichardson@gmail.com','RichardsonSuzanne');
INSERT INTO Students VALUES (620066299,'UNDERGRAD','01-01-2020');
INSERT INTO Enrolled (u_id,courseCode) VALUES (620066299,'INFO3868'),(620066299,'PHYS2977'),(620066299,'MATH1648'),(620066299,'MATH1735'),(620066299,'COMP2077'),(620066299,'MATH2067');
INSERT INTO Users VALUES (620066300,'Flora','Bordelon','FloraBordelon@gmail.com','BordelonFlora');
INSERT INTO Students VALUES (620066300,'UNDERGRAD','01-01-2020');
INSERT INTO Enrolled (u_id,courseCode) VALUES (620066300,'COMP2077'),(620066300,'INFO1145'),(620066300,'COMP3047');
INSERT INTO Users VALUES (620066301,'Manuel','Cummings','ManuelCummings@gmail.com','CummingsManuel');
INSERT INTO Students VALUES (620066301,'UNDERGRAD','01-01-2020');
INSERT INTO Enrolled (u_id,courseCode) VALUES (620066301,'PHYS2563'),(620066301,'CHEM2446'),(620066301,'MATH1735'),(620066301,'CHEM3614');
INSERT INTO Users VALUES (620066302,'Mary','Allen','MaryAllen@gmail.com','AllenMary');
INSERT INTO Students VALUES (620066302,'UNDERGRAD','01-01-2020');
INSERT INTO Enrolled (u_id,courseCode) VALUES (620066302,'INFO3419'),(620066302,'BIOC2550'),(620066302,'COMP3173'),(620066302,'INFO2813');
INSERT INTO Users VALUES (620066303,'Traci','Noonan','TraciNoonan@gmail.com','NoonanTraci');
INSERT INTO Students VALUES (620066303,'UNDERGRAD','01-01-2020');
INSERT INTO Enrolled (u_id,courseCode) VALUES (620066303,'COMP1184'),(620066303,'ECON2345'),(620066303,'ECON2387');
INSERT INTO Users VALUES (620066304,'Justin','Kaupp','JustinKaupp@gmail.com','KauppJustin');
INSERT INTO Students VALUES (620066304,'UNDERGRAD','01-01-2020');
INSERT INTO Enrolled (u_id,courseCode) VALUES (620066304,'ECON1783'),(620066304,'CHEM3747'),(620066304,'MATH1735'),(620066304,'INFO2636'),(620066304,'INFO2813'),(620066304,'PHYS3686');
INSERT INTO Users VALUES (620066305,'Margaret','Fuller','MargaretFuller@gmail.com','FullerMargaret');
INSERT INTO Students VALUES (620066305,'UNDERGRAD','01-01-2020');
INSERT INTO Enrolled (u_id,courseCode) VALUES (620066305,'CHEM2177'),(620066305,'MATH3613'),(620066305,'PHYS2117'),(620066305,'ECON1589'),(620066305,'ECON1170'),(620066305,'BIOC1534');
INSERT INTO Users VALUES (620066306,'Linda','Boyer','LindaBoyer@gmail.com','BoyerLinda');
INSERT INTO Students VALUES (620066306,'UNDERGRAD','01-01-2020');
INSERT INTO Enrolled (u_id,courseCode) VALUES (620066306,'MATH1578'),(620066306,'MATH1148'),(620066306,'ECON2814');
INSERT INTO Users VALUES (620066307,'Charles','Moldrem','CharlesMoldrem@gmail.com','MoldremCharles');
INSERT INTO Students VALUES (620066307,'UNDERGRAD','01-01-2020');
INSERT INTO Enrolled (u_id,courseCode) VALUES (620066307,'CHEM2005'),(620066307,'ECON3550'),(620066307,'COMP3639'),(620066307,'MATH3209');
INSERT INTO Users VALUES (620066308,'Reginald','Lundholm','ReginaldLundholm@gmail.com','LundholmReginald');
INSERT INTO Students VALUES (620066308,'UNDERGRAD','01-01-2020');
INSERT INTO Enrolled (u_id,courseCode) VALUES (620066308,'ECON1645'),(620066308,'COMP3697'),(620066308,'BIOC1485'),(620066308,'ECON3550'),(620066308,'COMP1184');
INSERT INTO Users VALUES (620066309,'Ashley','Rice','AshleyRice@gmail.com','RiceAshley');
INSERT INTO Students VALUES (620066309,'UNDERGRAD','01-01-2020');
INSERT INTO Enrolled (u_id,courseCode) VALUES (620066309,'ECON1783'),(620066309,'ECON3288'),(620066309,'ECON2814'),(620066309,'CHEM2031'),(620066309,'CHEM1485');
INSERT INTO Users VALUES (620066310,'Rhoda','Knox','RhodaKnox@gmail.com','KnoxRhoda');
INSERT INTO Students VALUES (620066310,'UNDERGRAD','01-01-2020');
INSERT INTO Enrolled (u_id,courseCode) VALUES (620066310,'PHYS2238'),(620066310,'CHEM1807'),(620066310,'CHEM2697');
INSERT INTO Users VALUES (620066311,'Alvin','Miles','AlvinMiles@gmail.com','MilesAlvin');
INSERT INTO Students VALUES (620066311,'UNDERGRAD','01-01-2020');
INSERT INTO Enrolled (u_id,courseCode) VALUES (620066311,'BIOC1164'),(620066311,'ECON1996'),(620066311,'MATH3209'),(620066311,'ECON3085');
INSERT INTO Users VALUES (620066312,'Suzanne','Lundholm','SuzanneLundholm@gmail.com','LundholmSuzanne');
INSERT INTO Students VALUES (620066312,'UNDERGRAD','01-01-2020');
INSERT INTO Enrolled (u_id,courseCode) VALUES (620066312,'CHEM3747'),(620066312,'MATH1309'),(620066312,'COMP2651'),(620066312,'MATH1454');
INSERT INTO Users VALUES (620066313,'Marjorie','Crespo','MarjorieCrespo@gmail.com','CrespoMarjorie');
INSERT INTO Students VALUES (620066313,'UNDERGRAD','01-01-2020');
INSERT INTO Enrolled (u_id,courseCode) VALUES (620066313,'MATH3613'),(620066313,'CHEM1485'),(620066313,'COMP2541'),(620066313,'BIOC1910'),(620066313,'INFO1648'),(620066313,'ECON3020');
INSERT INTO Users VALUES (620066314,'Danielle','Lavoy','DanielleLavoy@gmail.com','LavoyDanielle');
INSERT INTO Students VALUES (620066314,'UNDERGRAD','01-01-2020');
INSERT INTO Enrolled (u_id,courseCode) VALUES (620066314,'INFO1447'),(620066314,'COMP1357'),(620066314,'MATH1262');
INSERT INTO Users VALUES (620066315,'Miss','Santos','MissSantos@gmail.com','SantosMiss');
INSERT INTO Students VALUES (620066315,'UNDERGRAD','01-01-2020');
INSERT INTO Enrolled (u_id,courseCode) VALUES (620066315,'CHEM2005'),(620066315,'PHYS1993'),(620066315,'COMP1543'),(620066315,'CHEM2177');
INSERT INTO Users VALUES (620066316,'Steven','Eddins','StevenEddins@gmail.com','EddinsSteven');
INSERT INTO Students VALUES (620066316,'UNDERGRAD','01-01-2020');
INSERT INTO Enrolled (u_id,courseCode) VALUES (620066316,'COMP3167'),(620066316,'INFO2559'),(620066316,'COMP2361'),(620066316,'BIOC2550');
INSERT INTO Users VALUES (620066317,'Justin','Turner','JustinTurner@gmail.com','TurnerJustin');
INSERT INTO Students VALUES (620066317,'UNDERGRAD','01-01-2020');
INSERT INTO Enrolled (u_id,courseCode) VALUES (620066317,'PHYS2667'),(620066317,'ECON2722'),(620066317,'INFO2213'),(620066317,'PHYS1140');
INSERT INTO Users VALUES (620066318,'Craig','Eubank','CraigEubank@gmail.com','EubankCraig');
INSERT INTO Students VALUES (620066318,'UNDERGRAD','01-01-2020');
INSERT INTO Enrolled (u_id,courseCode) VALUES (620066318,'PHYS2338'),(620066318,'ECON1498'),(620066318,'MATH3029');
INSERT INTO Users VALUES (620066319,'Gloria','Gondek','GloriaGondek@gmail.com','GondekGloria');
INSERT INTO Students VALUES (620066319,'UNDERGRAD','01-01-2020');
INSERT INTO Enrolled (u_id,courseCode) VALUES (620066319,'BIOC1794'),(620066319,'COMP1867'),(620066319,'COMP1184'),(620066319,'MATH3613'),(620066319,'COMP3849');
INSERT INTO Users VALUES (620066320,'Ashley','Hudson','AshleyHudson@gmail.com','HudsonAshley');
INSERT INTO Students VALUES (620066320,'UNDERGRAD','01-01-2020');
INSERT INTO Enrolled (u_id,courseCode) VALUES (620066320,'PHYS3729'),(620066320,'ECON1098'),(620066320,'BIOC2054');
INSERT INTO Users VALUES (620066321,'Catherine','Horth','CatherineHorth@gmail.com','HorthCatherine');
INSERT INTO Students VALUES (620066321,'UNDERGRAD','01-01-2020');
INSERT INTO Enrolled (u_id,courseCode) VALUES (620066321,'PHYS2451'),(620066321,'CHEM3614'),(620066321,'BIOC1534'),(620066321,'BIOC1598'),(620066321,'COMP3238');
INSERT INTO Users VALUES (620066322,'Sandra','Robles','SandraRobles@gmail.com','RoblesSandra');
INSERT INTO Students VALUES (620066322,'UNDERGRAD','01-01-2020');
INSERT INTO Enrolled (u_id,courseCode) VALUES (620066322,'BIOC3721'),(620066322,'INFO3603'),(620066322,'COMP1051'),(620066322,'MATH3179'),(620066322,'ECON2387'),(620066322,'CHEM2867');
INSERT INTO Users VALUES (620066323,'Chad','Harrington','ChadHarrington@gmail.com','HarringtonChad');
INSERT INTO Students VALUES (620066323,'UNDERGRAD','01-01-2020');
INSERT INTO Enrolled (u_id,courseCode) VALUES (620066323,'INFO2797'),(620066323,'COMP3639'),(620066323,'COMP1460'),(620066323,'MATH1638');
INSERT INTO Users VALUES (620066324,'George','Sullivan','GeorgeSullivan@gmail.com','SullivanGeorge');
INSERT INTO Students VALUES (620066324,'UNDERGRAD','01-01-2020');
INSERT INTO Enrolled (u_id,courseCode) VALUES (620066324,'PHYS3339'),(620066324,'ECON3004'),(620066324,'COMP3685');
INSERT INTO Users VALUES (620066325,'Shayne','Taylor','ShayneTaylor@gmail.com','TaylorShayne');
INSERT INTO Students VALUES (620066325,'UNDERGRAD','01-01-2020');
INSERT INTO Enrolled (u_id,courseCode) VALUES (620066325,'BIOC2236'),(620066325,'PHYS3686'),(620066325,'CHEM3617'),(620066325,'BIOC1439');
INSERT INTO Users VALUES (620066326,'Jason','Miller','JasonMiller@gmail.com','MillerJason');
INSERT INTO Students VALUES (620066326,'UNDERGRAD','01-01-2020');
INSERT INTO Enrolled (u_id,courseCode) VALUES (620066326,'PHYS3659'),(620066326,'ECON3276'),(620066326,'INFO1990'),(620066326,'BIOC2671');
INSERT INTO Users VALUES (620066327,'Krista','Harms','KristaHarms@gmail.com','HarmsKrista');
INSERT INTO Students VALUES (620066327,'UNDERGRAD','01-01-2020');
INSERT INTO Enrolled (u_id,courseCode) VALUES (620066327,'ECON1458'),(620066327,'COMP1867'),(620066327,'MATH3222'),(620066327,'PHYS2448');
INSERT INTO Users VALUES (620066328,'Reggie','Figueroa','ReggieFigueroa@gmail.com','FigueroaReggie');
INSERT INTO Students VALUES (620066328,'UNDERGRAD','01-01-2020');
INSERT INTO Enrolled (u_id,courseCode) VALUES (620066328,'PHYS2977'),(620066328,'PHYS3464'),(620066328,'COMP3536'),(620066328,'MATH3857'),(620066328,'MATH3179');
INSERT INTO Users VALUES (620066329,'James','Walker','JamesWalker@gmail.com','WalkerJames');
INSERT INTO Students VALUES (620066329,'UNDERGRAD','01-01-2020');
INSERT INTO Enrolled (u_id,courseCode) VALUES (620066329,'COMP2077'),(620066329,'CHEM1494'),(620066329,'CHEM2446');
INSERT INTO Users VALUES (620066330,'Joe','Shattuck','JoeShattuck@gmail.com','ShattuckJoe');
INSERT INTO Students VALUES (620066330,'UNDERGRAD','01-01-2020');
INSERT INTO Enrolled (u_id,courseCode) VALUES (620066330,'COMP1867'),(620066330,'COMP1573'),(620066330,'ECON2703'),(620066330,'MATH3544'),(620066330,'COMP1051'),(620066330,'MATH1309');
INSERT INTO Users VALUES (620066331,'Frances','Calder','FrancesCalder@gmail.com','CalderFrances');
INSERT INTO Students VALUES (620066331,'UNDERGRAD','01-01-2020');
INSERT INTO Enrolled (u_id,courseCode) VALUES (620066331,'BIOC1534'),(620066331,'MATH2550'),(620066331,'ECON3372'),(620066331,'COMP3418');
INSERT INTO Users VALUES (620066332,'Iris','Steere','IrisSteere@gmail.com','SteereIris');
INSERT INTO Students VALUES (620066332,'UNDERGRAD','01-01-2020');
INSERT INTO Enrolled (u_id,courseCode) VALUES (620066332,'PHYS3354'),(620066332,'COMP3167'),(620066332,'BIOC3604'),(620066332,'PHYS3876');
INSERT INTO Users VALUES (620066333,'Homer','Fuller','HomerFuller@gmail.com','FullerHomer');
INSERT INTO Students VALUES (620066333,'UNDERGRAD','01-01-2020');
INSERT INTO Enrolled (u_id,courseCode) VALUES (620066333,'INFO1288'),(620066333,'INFO3636'),(620066333,'MATH2555');
INSERT INTO Users VALUES (620066334,'Richard','Walden','RichardWalden@gmail.com','WaldenRichard');
INSERT INTO Students VALUES (620066334,'UNDERGRAD','01-01-2020');
INSERT INTO Enrolled (u_id,courseCode) VALUES (620066334,'ECON2703'),(620066334,'MATH2188'),(620066334,'CHEM1340');
INSERT INTO Users VALUES (620066335,'Willie','Rice','WillieRice@gmail.com','RiceWillie');
INSERT INTO Students VALUES (620066335,'UNDERGRAD','01-01-2020');
INSERT INTO Enrolled (u_id,courseCode) VALUES (620066335,'ECON2722'),(620066335,'COMP1543'),(620066335,'CHEM1485'),(620066335,'BIOC2236'),(620066335,'INFO2521');
INSERT INTO Users VALUES (620066336,'Dawn','Butcher','DawnButcher@gmail.com','ButcherDawn');
INSERT INTO Students VALUES (620066336,'UNDERGRAD','01-01-2020');
INSERT INTO Enrolled (u_id,courseCode) VALUES (620066336,'INFO1990'),(620066336,'MATH2873'),(620066336,'COMP1184'),(620066336,'ECON1498'),(620066336,'INFO2521'),(620066336,'MATH3173');
INSERT INTO Users VALUES (620066337,'Magdalen','Rice','MagdalenRice@gmail.com','RiceMagdalen');
INSERT INTO Students VALUES (620066337,'UNDERGRAD','01-01-2020');
INSERT INTO Enrolled (u_id,courseCode) VALUES (620066337,'COMP3173'),(620066337,'INFO3645'),(620066337,'MATH3209'),(620066337,'BIOC3604'),(620066337,'CHEM1494'),(620066337,'MATH1250');
INSERT INTO Users VALUES (620066338,'Teresa','Bowerman','TeresaBowerman@gmail.com','BowermanTeresa');
INSERT INTO Students VALUES (620066338,'UNDERGRAD','01-01-2020');
INSERT INTO Enrolled (u_id,courseCode) VALUES (620066338,'CHEM2220'),(620066338,'INFO1242'),(620066338,'MATH1972'),(620066338,'INFO2716'),(620066338,'MATH2501'),(620066338,'PHYS3464');
INSERT INTO Users VALUES (620066339,'Frances','Hoyer','FrancesHoyer@gmail.com','HoyerFrances');
INSERT INTO Students VALUES (620066339,'UNDERGRAD','01-01-2020');
INSERT INTO Enrolled (u_id,courseCode) VALUES (620066339,'CHEM1613'),(620066339,'ECON3020'),(620066339,'BIOC2983'),(620066339,'PHYS1173');
INSERT INTO Users VALUES (620066340,'Lindsey','Armstead','LindseyArmstead@gmail.com','ArmsteadLindsey');
INSERT INTO Students VALUES (620066340,'UNDERGRAD','01-01-2020');
INSERT INTO Enrolled (u_id,courseCode) VALUES (620066340,'BIOC3457'),(620066340,'INFO1014'),(620066340,'PHYS1399');
INSERT INTO Users VALUES (620066341,'Maria','Long','MariaLong@gmail.com','LongMaria');
INSERT INTO Students VALUES (620066341,'UNDERGRAD','01-01-2020');
INSERT INTO Enrolled (u_id,courseCode) VALUES (620066341,'PHYS1930'),(620066341,'COMP2717'),(620066341,'ECON2345'),(620066341,'CHEM2626');
INSERT INTO Users VALUES (620066342,'Manuel','Joeckel','ManuelJoeckel@gmail.com','JoeckelManuel');
INSERT INTO Students VALUES (620066342,'UNDERGRAD','01-01-2020');
INSERT INTO Enrolled (u_id,courseCode) VALUES (620066342,'ECON1996'),(620066342,'BIOC1104'),(620066342,'ECON2387'),(620066342,'INFO1825');
INSERT INTO Users VALUES (620066343,'Wilbur','Eaton','WilburEaton@gmail.com','EatonWilbur');
INSERT INTO Students VALUES (620066343,'UNDERGRAD','01-01-2020');
INSERT INTO Enrolled (u_id,courseCode) VALUES (620066343,'CHEM2481'),(620066343,'ECON3989'),(620066343,'MATH2550'),(620066343,'INFO3636');
INSERT INTO Users VALUES (620066344,'Cheryl','Maione','CherylMaione@gmail.com','MaioneCheryl');
INSERT INTO Students VALUES (620066344,'UNDERGRAD','01-01-2020');
INSERT INTO Enrolled (u_id,courseCode) VALUES (620066344,'INFO3419'),(620066344,'CHEM3347'),(620066344,'ECON3523'),(620066344,'ECON3288'),(620066344,'PHYS2448'),(620066344,'CHEM2446');
INSERT INTO Users VALUES (620066345,'Cheryl','Carlson','CherylCarlson@gmail.com','CarlsonCheryl');
INSERT INTO Students VALUES (620066345,'UNDERGRAD','01-01-2020');
INSERT INTO Enrolled (u_id,courseCode) VALUES (620066345,'ECON1561'),(620066345,'CHEM2065'),(620066345,'COMP2077');
INSERT INTO Users VALUES (620066346,'Bobby','Alexander','BobbyAlexander@gmail.com','AlexanderBobby');
INSERT INTO Students VALUES (620066346,'UNDERGRAD','01-01-2020');
INSERT INTO Enrolled (u_id,courseCode) VALUES (620066346,'MATH1262'),(620066346,'ECON3447'),(620066346,'MATH3059');
INSERT INTO Users VALUES (620066347,'Mack','Kimbrell','MackKimbrell@gmail.com','KimbrellMack');
INSERT INTO Students VALUES (620066347,'UNDERGRAD','01-01-2020');
INSERT INTO Enrolled (u_id,courseCode) VALUES (620066347,'ECON3276'),(620066347,'MATH1309'),(620066347,'PHYS1399'),(620066347,'CHEM2149');
INSERT INTO Users VALUES (620066348,'Tiara','Wood','TiaraWood@gmail.com','WoodTiara');
INSERT INTO Students VALUES (620066348,'UNDERGRAD','01-01-2020');
INSERT INTO Enrolled (u_id,courseCode) VALUES (620066348,'COMP2717'),(620066348,'COMP1051'),(620066348,'INFO3868'),(620066348,'PHYS2338'),(620066348,'ECON3523'),(620066348,'MATH1309');
INSERT INTO Users VALUES (620066349,'Janice','Rodriguez','JaniceRodriguez@gmail.com','RodriguezJanice');
INSERT INTO Students VALUES (620066349,'UNDERGRAD','01-01-2020');
INSERT INTO Enrolled (u_id,courseCode) VALUES (620066349,'PHYS3876'),(620066349,'BIOC1052'),(620066349,'CHEM3614'),(620066349,'COMP1573'),(620066349,'ECON2345'),(620066349,'INFO3645');
INSERT INTO Users VALUES (620066350,'Mildred','Davis','MildredDavis@gmail.com','DavisMildred');
INSERT INTO Students VALUES (620066350,'UNDERGRAD','01-01-2020');
INSERT INTO Enrolled (u_id,courseCode) VALUES (620066350,'CHEM3793'),(620066350,'BIOC1598'),(620066350,'CHEM1340'),(620066350,'ECON2703'),(620066350,'CHEM2066');
INSERT INTO Users VALUES (620066351,'Gary','Dohse','GaryDohse@gmail.com','DohseGary');
INSERT INTO Students VALUES (620066351,'UNDERGRAD','01-01-2020');
INSERT INTO Enrolled (u_id,courseCode) VALUES (620066351,'BIOC2589'),(620066351,'INFO1145'),(620066351,'PHYS3290'),(620066351,'PHYS1979'),(620066351,'ECON3737'),(620066351,'ECON3020');
INSERT INTO Users VALUES (620066352,'Eric','Chan','EricChan@gmail.com','ChanEric');
INSERT INTO Students VALUES (620066352,'UNDERGRAD','01-01-2020');
INSERT INTO Enrolled (u_id,courseCode) VALUES (620066352,'MATH1578'),(620066352,'CHEM2031'),(620066352,'INFO3935'),(620066352,'ECON3276');
INSERT INTO Users VALUES (620066353,'Jason','Amberg','JasonAmberg@gmail.com','AmbergJason');
INSERT INTO Students VALUES (620066353,'UNDERGRAD','01-01-2020');
INSERT INTO Enrolled (u_id,courseCode) VALUES (620066353,'PHYS2667'),(620066353,'COMP1051'),(620066353,'BIOC1052'),(620066353,'COMP1184'),(620066353,'ECON2345'),(620066353,'INFO1648');
INSERT INTO Users VALUES (620066354,'Sean','Sniezek','SeanSniezek@gmail.com','SniezekSean');
INSERT INTO Students VALUES (620066354,'UNDERGRAD','01-01-2020');
INSERT INTO Enrolled (u_id,courseCode) VALUES (620066354,'MATH3222'),(620066354,'MATH3173'),(620066354,'COMP3238');
INSERT INTO Users VALUES (620066355,'Rhoda','Bennett','RhodaBennett@gmail.com','BennettRhoda');
INSERT INTO Students VALUES (620066355,'UNDERGRAD','01-01-2020');
INSERT INTO Enrolled (u_id,courseCode) VALUES (620066355,'PHYS2117'),(620066355,'MATH1262'),(620066355,'ECON1012'),(620066355,'MATH3173');
INSERT INTO Users VALUES (620066356,'Jacqueline','Blackwell','JacquelineBlackwell@gmail.com','BlackwellJacqueline');
INSERT INTO Students VALUES (620066356,'UNDERGRAD','01-01-2020');
INSERT INTO Enrolled (u_id,courseCode) VALUES (620066356,'CHEM3327'),(620066356,'BIOC1725'),(620066356,'MATH2873');
INSERT INTO Users VALUES (620066357,'Charlotte','Vario','CharlotteVario@gmail.com','VarioCharlotte');
INSERT INTO Students VALUES (620066357,'UNDERGRAD','01-01-2020');
INSERT INTO Enrolled (u_id,courseCode) VALUES (620066357,'PHYS3290'),(620066357,'COMP3685'),(620066357,'CHEM1613'),(620066357,'ECON1645'),(620066357,'MATH2188'),(620066357,'PHYS2238');
INSERT INTO Users VALUES (620066358,'Aaron','Burney','AaronBurney@gmail.com','BurneyAaron');
INSERT INTO Students VALUES (620066358,'UNDERGRAD','01-01-2020');
INSERT INTO Enrolled (u_id,courseCode) VALUES (620066358,'CHEM1807'),(620066358,'CHEM1613'),(620066358,'ECON3372');
INSERT INTO Users VALUES (620066359,'Stanley','Larry','StanleyLarry@gmail.com','LarryStanley');
INSERT INTO Students VALUES (620066359,'UNDERGRAD','01-01-2020');
INSERT INTO Enrolled (u_id,courseCode) VALUES (620066359,'PHYS3729'),(620066359,'ECON3276'),(620066359,'CHEM3888'),(620066359,'ECON1589'),(620066359,'BIOC2054'),(620066359,'MATH3222');
INSERT INTO Users VALUES (620066360,'Toby','Hernandez','TobyHernandez@gmail.com','HernandezToby');
INSERT INTO Students VALUES (620066360,'UNDERGRAD','01-01-2020');
INSERT INTO Enrolled (u_id,courseCode) VALUES (620066360,'ECON3288'),(620066360,'ECON2345'),(620066360,'INFO2716'),(620066360,'MATH3222');
INSERT INTO Users VALUES (620066361,'Elwood','Crespo','ElwoodCrespo@gmail.com','CrespoElwood');
INSERT INTO Students VALUES (620066361,'UNDERGRAD','01-01-2020');
INSERT INTO Enrolled (u_id,courseCode) VALUES (620066361,'CHEM2697'),(620066361,'ECON3372'),(620066361,'INFO2337'),(620066361,'CHEM2604');
INSERT INTO Users VALUES (620066362,'Reginald','Vanhamlin','ReginaldVanhamlin@gmail.com','VanhamlinReginald');
INSERT INTO Students VALUES (620066362,'UNDERGRAD','01-01-2020');
INSERT INTO Enrolled (u_id,courseCode) VALUES (620066362,'CHEM3617'),(620066362,'BIOC3457'),(620066362,'CHEM2220');
INSERT INTO Users VALUES (620066363,'Randall','Valenzuela','RandallValenzuela@gmail.com','ValenzuelaRandall');
INSERT INTO Students VALUES (620066363,'UNDERGRAD','01-01-2020');
INSERT INTO Enrolled (u_id,courseCode) VALUES (620066363,'MATH1454'),(620066363,'MATH2555'),(620066363,'ECON1561'),(620066363,'INFO2521');
INSERT INTO Users VALUES (620066364,'Jeremy','Shattuck','JeremyShattuck@gmail.com','ShattuckJeremy');
INSERT INTO Students VALUES (620066364,'UNDERGRAD','01-01-2020');
INSERT INTO Enrolled (u_id,courseCode) VALUES (620066364,'ECON2345'),(620066364,'ECON1498'),(620066364,'COMP2077'),(620066364,'COMP3746'),(620066364,'INFO2270');
INSERT INTO Users VALUES (620066365,'Gloria','Parker','GloriaParker@gmail.com','ParkerGloria');
INSERT INTO Students VALUES (620066365,'UNDERGRAD','01-01-2020');
INSERT INTO Enrolled (u_id,courseCode) VALUES (620066365,'CHEM3409'),(620066365,'PHYS1993'),(620066365,'COMP1460');
INSERT INTO Users VALUES (620066366,'Beverly','Pearson','BeverlyPearson@gmail.com','PearsonBeverly');
INSERT INTO Students VALUES (620066366,'UNDERGRAD','01-01-2020');
INSERT INTO Enrolled (u_id,courseCode) VALUES (620066366,'ECON3063'),(620066366,'ECON1170'),(620066366,'INFO2950'),(620066366,'COMP1573'),(620066366,'PHYS2113');
INSERT INTO Users VALUES (620066367,'Deanna','Early','DeannaEarly@gmail.com','EarlyDeanna');
INSERT INTO Students VALUES (620066367,'UNDERGRAD','01-01-2020');
INSERT INTO Enrolled (u_id,courseCode) VALUES (620066367,'ECON3281'),(620066367,'CHEM2626'),(620066367,'PHYS2451'),(620066367,'COMP3697'),(620066367,'CHEM1807'),(620066367,'MATH3222');
INSERT INTO Users VALUES (620066368,'Kenneth','Kenney','KennethKenney@gmail.com','KenneyKenneth');
INSERT INTO Students VALUES (620066368,'UNDERGRAD','01-01-2020');
INSERT INTO Enrolled (u_id,courseCode) VALUES (620066368,'CHEM3327'),(620066368,'ECON1589'),(620066368,'PHYS1979');
INSERT INTO Users VALUES (620066369,'Melvin','Krause','MelvinKrause@gmail.com','KrauseMelvin');
INSERT INTO Students VALUES (620066369,'UNDERGRAD','01-01-2020');
INSERT INTO Enrolled (u_id,courseCode) VALUES (620066369,'PHYS2977'),(620066369,'CHEM1807'),(620066369,'ECON2814');
INSERT INTO Users VALUES (620066370,'Shalanda','Krout','ShalandaKrout@gmail.com','KroutShalanda');
INSERT INTO Students VALUES (620066370,'UNDERGRAD','01-01-2020');
INSERT INTO Enrolled (u_id,courseCode) VALUES (620066370,'COMP3685'),(620066370,'MATH1648'),(620066370,'COMP3167');
INSERT INTO Users VALUES (620066371,'Marjorie','Halford','MarjorieHalford@gmail.com','HalfordMarjorie');
INSERT INTO Students VALUES (620066371,'UNDERGRAD','01-01-2020');
INSERT INTO Enrolled (u_id,courseCode) VALUES (620066371,'ECON3281'),(620066371,'MATH2801'),(620066371,'ECON1012'),(620066371,'MATH3179'),(620066371,'CHEM2066');
INSERT INTO Users VALUES (620066372,'Keith','Eddins','KeithEddins@gmail.com','EddinsKeith');
INSERT INTO Students VALUES (620066372,'UNDERGRAD','01-01-2020');
INSERT INTO Enrolled (u_id,courseCode) VALUES (620066372,'INFO2813'),(620066372,'COMP1543'),(620066372,'MATH3688');
INSERT INTO Users VALUES (620066373,'Cassie','Starks','CassieStarks@gmail.com','StarksCassie');
INSERT INTO Students VALUES (620066373,'UNDERGRAD','01-01-2020');
INSERT INTO Enrolled (u_id,courseCode) VALUES (620066373,'CHEM3347'),(620066373,'PHYS2448'),(620066373,'COMP3536'),(620066373,'ECON1098'),(620066373,'MATH1262');
INSERT INTO Users VALUES (620066374,'Kathleen','Miller','KathleenMiller@gmail.com','MillerKathleen');
INSERT INTO Students VALUES (620066374,'UNDERGRAD','01-01-2020');
INSERT INTO Enrolled (u_id,courseCode) VALUES (620066374,'COMP2965'),(620066374,'PHYS3464'),(620066374,'INFO3645'),(620066374,'CHEM2727'),(620066374,'COMP3536'),(620066374,'BIOC3604');
INSERT INTO Users VALUES (620066375,'Christopher','Ebbs','ChristopherEbbs@gmail.com','EbbsChristopher');
INSERT INTO Students VALUES (620066375,'UNDERGRAD','01-01-2020');
INSERT INTO Enrolled (u_id,courseCode) VALUES (620066375,'CHEM3747'),(620066375,'CHEM2149'),(620066375,'COMP3685');
INSERT INTO Users VALUES (620066376,'Jennifer','Prince','JenniferPrince@gmail.com','PrinceJennifer');
INSERT INTO Students VALUES (620066376,'UNDERGRAD','01-01-2020');
INSERT INTO Enrolled (u_id,courseCode) VALUES (620066376,'MATH3844'),(620066376,'CHEM3327'),(620066376,'MATH3857'),(620066376,'ECON1012'),(620066376,'INFO2813'),(620066376,'ECON3228');
INSERT INTO Users VALUES (620066377,'Charlotte','Chatcho','CharlotteChatcho@gmail.com','ChatchoCharlotte');
INSERT INTO Students VALUES (620066377,'UNDERGRAD','01-01-2020');
INSERT INTO Enrolled (u_id,courseCode) VALUES (620066377,'ECON2387'),(620066377,'MATH3173'),(620066377,'INFO2813'),(620066377,'COMP3536');
INSERT INTO Users VALUES (620066378,'Ernesto','Cannon','ErnestoCannon@gmail.com','CannonErnesto');
INSERT INTO Students VALUES (620066378,'UNDERGRAD','01-01-2020');
INSERT INTO Enrolled (u_id,courseCode) VALUES (620066378,'MATH2873'),(620066378,'INFO3868'),(620066378,'INFO2337'),(620066378,'COMP2965'),(620066378,'ECON1561'),(620066378,'BIOC1104');
INSERT INTO Users VALUES (620066379,'Cynthia','Davis','CynthiaDavis@gmail.com','DavisCynthia');
INSERT INTO Students VALUES (620066379,'UNDERGRAD','01-01-2020');
INSERT INTO Enrolled (u_id,courseCode) VALUES (620066379,'MATH1638'),(620066379,'CHEM3614'),(620066379,'PHYS3290'),(620066379,'MATH3209'),(620066379,'PHYS2977'),(620066379,'ECON3737');
INSERT INTO Users VALUES (620066380,'Hector','Diggs','HectorDiggs@gmail.com','DiggsHector');
INSERT INTO Students VALUES (620066380,'UNDERGRAD','01-01-2020');
INSERT INTO Enrolled (u_id,courseCode) VALUES (620066380,'INFO3636'),(620066380,'CHEM2031'),(620066380,'BIOC1866'),(620066380,'MATH1578');
INSERT INTO Users VALUES (620066381,'Hector','Carrillo','HectorCarrillo@gmail.com','CarrilloHector');
INSERT INTO Students VALUES (620066381,'UNDERGRAD','01-01-2020');
INSERT INTO Enrolled (u_id,courseCode) VALUES (620066381,'MATH2717'),(620066381,'INFO3868'),(620066381,'INFO1833');
INSERT INTO Users VALUES (620066382,'Cynthia','Lowrey','CynthiaLowrey@gmail.com','LowreyCynthia');
INSERT INTO Students VALUES (620066382,'UNDERGRAD','01-01-2020');
INSERT INTO Enrolled (u_id,courseCode) VALUES (620066382,'ECON3737'),(620066382,'PHYS2229'),(620066382,'ECON3447'),(620066382,'INFO2213'),(620066382,'INFO2860'),(620066382,'CHEM2149');
INSERT INTO Users VALUES (620066383,'Carol','Congdon','CarolCongdon@gmail.com','CongdonCarol');
INSERT INTO Students VALUES (620066383,'UNDERGRAD','01-01-2020');
INSERT INTO Enrolled (u_id,courseCode) VALUES (620066383,'CHEM3888'),(620066383,'CHEM2604'),(620066383,'CHEM3327'),(620066383,'COMP2400'),(620066383,'BIOC1164'),(620066383,'BIOC3604');
INSERT INTO Users VALUES (620066384,'Marilyn','Wolfe','MarilynWolfe@gmail.com','WolfeMarilyn');
INSERT INTO Students VALUES (620066384,'UNDERGRAD','01-01-2020');
INSERT INTO Enrolled (u_id,courseCode) VALUES (620066384,'ECON3311'),(620066384,'COMP3173'),(620066384,'COMP1460');
INSERT INTO Users VALUES (620066385,'Tia','Steinbach','TiaSteinbach@gmail.com','SteinbachTia');
INSERT INTO Students VALUES (620066385,'UNDERGRAD','01-01-2020');
INSERT INTO Enrolled (u_id,courseCode) VALUES (620066385,'ECON3063'),(620066385,'CHEM2005'),(620066385,'COMP3639');
INSERT INTO Users VALUES (620066386,'Gregory','Pedersen','GregoryPedersen@gmail.com','PedersenGregory');
INSERT INTO Students VALUES (620066386,'UNDERGRAD','01-01-2020');
INSERT INTO Enrolled (u_id,courseCode) VALUES (620066386,'CHEM2220'),(620066386,'BIOC3341'),(620066386,'INFO3868'),(620066386,'COMP3746'),(620066386,'PHYS3659'),(620066386,'INFO2811');
INSERT INTO Users VALUES (620066387,'Kathy','Thomas','KathyThomas@gmail.com','ThomasKathy');
INSERT INTO Students VALUES (620066387,'UNDERGRAD','01-01-2020');
INSERT INTO Enrolled (u_id,courseCode) VALUES (620066387,'INFO1447'),(620066387,'INFO2811'),(620066387,'ECON2814'),(620066387,'COMP1051');
INSERT INTO Users VALUES (620066388,'Tracy','Barron','TracyBarron@gmail.com','BarronTracy');
INSERT INTO Students VALUES (620066388,'UNDERGRAD','01-01-2020');
INSERT INTO Enrolled (u_id,courseCode) VALUES (620066388,'BIOC3230'),(620066388,'CHEM2066'),(620066388,'ECON2387');
INSERT INTO Users VALUES (620066389,'Roy','Mauk','RoyMauk@gmail.com','MaukRoy');
INSERT INTO Students VALUES (620066389,'UNDERGRAD','01-01-2020');
INSERT INTO Enrolled (u_id,courseCode) VALUES (620066389,'BIOC2983'),(620066389,'BIOC2981'),(620066389,'PHYS1993'),(620066389,'PHYS2229'),(620066389,'MATH1454'),(620066389,'CHEM2481');
INSERT INTO Users VALUES (620066390,'Patsy','Hart','PatsyHart@gmail.com','HartPatsy');
INSERT INTO Students VALUES (620066390,'UNDERGRAD','01-01-2020');
INSERT INTO Enrolled (u_id,courseCode) VALUES (620066390,'BIOC2236'),(620066390,'COMP2651'),(620066390,'INFO2811'),(620066390,'ECON3276'),(620066390,'BIOC1052');
INSERT INTO Users VALUES (620066391,'James','Horth','JamesHorth@gmail.com','HorthJames');
INSERT INTO Students VALUES (620066391,'UNDERGRAD','01-01-2020');
INSERT INTO Enrolled (u_id,courseCode) VALUES (620066391,'MATH3613'),(620066391,'COMP3167'),(620066391,'MATH3029'),(620066391,'COMP3173');
INSERT INTO Users VALUES (620066392,'Marcus','Harness','MarcusHarness@gmail.com','HarnessMarcus');
INSERT INTO Students VALUES (620066392,'UNDERGRAD','01-01-2020');
INSERT INTO Enrolled (u_id,courseCode) VALUES (620066392,'ECON3311'),(620066392,'CHEM3614'),(620066392,'COMP3506');
INSERT INTO Users VALUES (620066393,'Alice','Carlson','AliceCarlson@gmail.com','CarlsonAlice');
INSERT INTO Students VALUES (620066393,'UNDERGRAD','01-01-2020');
INSERT INTO Enrolled (u_id,courseCode) VALUES (620066393,'COMP2361'),(620066393,'ECON3447'),(620066393,'INFO2147'),(620066393,'INFO2270'),(620066393,'INFO2860');
INSERT INTO Users VALUES (620066394,'Miguel','Bras','MiguelBras@gmail.com','BrasMiguel');
INSERT INTO Students VALUES (620066394,'UNDERGRAD','01-01-2020');
INSERT INTO Enrolled (u_id,courseCode) VALUES (620066394,'BIOC1744'),(620066394,'MATH2873'),(620066394,'BIOC1448'),(620066394,'MATH2957'),(620066394,'INFO1145'),(620066394,'BIOC1439');
INSERT INTO Users VALUES (620066395,'Shannon','Letchworth','ShannonLetchworth@gmail.com','LetchworthShannon');
INSERT INTO Students VALUES (620066395,'UNDERGRAD','01-01-2020');
INSERT INTO Enrolled (u_id,courseCode) VALUES (620066395,'CHEM2446'),(620066395,'BIOC2054'),(620066395,'CHEM2066'),(620066395,'CHEM2177'),(620066395,'ECON2722'),(620066395,'COMP3685');
INSERT INTO Users VALUES (620066396,'Carol','Danker','CarolDanker@gmail.com','DankerCarol');
INSERT INTO Students VALUES (620066396,'UNDERGRAD','01-01-2020');
INSERT INTO Enrolled (u_id,courseCode) VALUES (620066396,'BIOC1439'),(620066396,'CHEM1807'),(620066396,'BIOC1104');
INSERT INTO Users VALUES (620066397,'Ed','Kimbrell','EdKimbrell@gmail.com','KimbrellEd');
INSERT INTO Students VALUES (620066397,'UNDERGRAD','01-01-2020');
INSERT INTO Enrolled (u_id,courseCode) VALUES (620066397,'PHYS3787'),(620066397,'PHYS3686'),(620066397,'INFO1447'),(620066397,'PHYS2117'),(620066397,'PHYS1399');
INSERT INTO Users VALUES (620066398,'Manuel','Cash','ManuelCash@gmail.com','CashManuel');
INSERT INTO Students VALUES (620066398,'UNDERGRAD','01-01-2020');
INSERT INTO Enrolled (u_id,courseCode) VALUES (620066398,'CHEM1494'),(620066398,'ECON2387'),(620066398,'PHYS3659'),(620066398,'PHYS2451');
INSERT INTO Users VALUES (620066399,'Weldon','Rivera','WeldonRivera@gmail.com','RiveraWeldon');
INSERT INTO Students VALUES (620066399,'UNDERGRAD','01-01-2020');
INSERT INTO Enrolled (u_id,courseCode) VALUES (620066399,'PHYS2229'),(620066399,'COMP2717'),(620066399,'INFO3868');
INSERT INTO Users VALUES (620066400,'Brenda','Carlyle','BrendaCarlyle@gmail.com','CarlyleBrenda');
INSERT INTO Students VALUES (620066400,'UNDERGRAD','01-01-2020');
INSERT INTO Enrolled (u_id,courseCode) VALUES (620066400,'PHYS2117'),(620066400,'MATH2555'),(620066400,'MATH2873'),(620066400,'INFO1014'),(620066400,'PHYS2977');
INSERT INTO Users VALUES (620066401,'Rhonda','Caudill','RhondaCaudill@gmail.com','CaudillRhonda');
INSERT INTO Students VALUES (620066401,'UNDERGRAD','01-01-2020');
INSERT INTO Enrolled (u_id,courseCode) VALUES (620066401,'CHEM2446'),(620066401,'BIOC1439'),(620066401,'INFO3935'),(620066401,'PHYS2113'),(620066401,'PHYS3659'),(620066401,'INFO1145');
INSERT INTO Users VALUES (620066402,'Shalanda','Starks','ShalandaStarks@gmail.com','StarksShalanda');
INSERT INTO Students VALUES (620066402,'UNDERGRAD','01-01-2020');
INSERT INTO Enrolled (u_id,courseCode) VALUES (620066402,'COMP2541'),(620066402,'BIOC1744'),(620066402,'MATH2957'),(620066402,'INFO3419'),(620066402,'COMP3238');
INSERT INTO Users VALUES (620066403,'Miguel','Reyes','MiguelReyes@gmail.com','ReyesMiguel');
INSERT INTO Students VALUES (620066403,'UNDERGRAD','01-01-2020');
INSERT INTO Enrolled (u_id,courseCode) VALUES (620066403,'ECON1012'),(620066403,'ECON2722'),(620066403,'PHYS3787'),(620066403,'COMP2541');
INSERT INTO Users VALUES (620066404,'Elwood','Sniezek','ElwoodSniezek@gmail.com','SniezekElwood');
INSERT INTO Students VALUES (620066404,'UNDERGRAD','01-01-2020');
INSERT INTO Enrolled (u_id,courseCode) VALUES (620066404,'MATH3613'),(620066404,'INFO1990'),(620066404,'CHEM1494'),(620066404,'COMP1357');
INSERT INTO Users VALUES (620066405,'Douglas','Armstead','DouglasArmstead@gmail.com','ArmsteadDouglas');
INSERT INTO Students VALUES (620066405,'UNDERGRAD','01-01-2020');
INSERT INTO Enrolled (u_id,courseCode) VALUES (620066405,'INFO3645'),(620066405,'CHEM2177'),(620066405,'PHYS2977');
INSERT INTO Users VALUES (620066406,'Holly','Charland','HollyCharland@gmail.com','CharlandHolly');
INSERT INTO Students VALUES (620066406,'UNDERGRAD','01-01-2020');
INSERT INTO Enrolled (u_id,courseCode) VALUES (620066406,'PHYS2338'),(620066406,'ECON1645'),(620066406,'COMP1573'),(620066406,'PHYS2238');
INSERT INTO Users VALUES (620066407,'Chris','Uribe','ChrisUribe@gmail.com','UribeChris');
INSERT INTO Students VALUES (620066407,'UNDERGRAD','01-01-2020');
INSERT INTO Enrolled (u_id,courseCode) VALUES (620066407,'BIOC3191'),(620066407,'ECON1561'),(620066407,'MATH1454'),(620066407,'ECON3004'),(620066407,'ECON3085'),(620066407,'CHEM2626');
INSERT INTO Users VALUES (620066408,'Martin','Dahlheimer','MartinDahlheimer@gmail.com','DahlheimerMartin');
INSERT INTO Students VALUES (620066408,'UNDERGRAD','01-01-2020');
INSERT INTO Enrolled (u_id,courseCode) VALUES (620066408,'COMP1543'),(620066408,'PHYS2338'),(620066408,'CHEM3888');
INSERT INTO Users VALUES (620066409,'Stanley','Hamilton','StanleyHamilton@gmail.com','HamiltonStanley');
INSERT INTO Students VALUES (620066409,'UNDERGRAD','01-01-2020');
INSERT INTO Enrolled (u_id,courseCode) VALUES (620066409,'MATH3613'),(620066409,'INFO2860'),(620066409,'PHYS2448'),(620066409,'CHEM3347'),(620066409,'BIOC1534'),(620066409,'BIOC2983');
INSERT INTO Users VALUES (620066410,'Josh','Crawford','JoshCrawford@gmail.com','CrawfordJosh');
INSERT INTO Students VALUES (620066410,'UNDERGRAD','01-01-2020');
INSERT INTO Enrolled (u_id,courseCode) VALUES (620066410,'MATH2555'),(620066410,'INFO3645'),(620066410,'ECON3281'),(620066410,'COMP1357'),(620066410,'MATH1250'),(620066410,'BIOC2054');
INSERT INTO Users VALUES (620066411,'Stacy','Deen','StacyDeen@gmail.com','DeenStacy');
INSERT INTO Students VALUES (620066411,'UNDERGRAD','01-01-2020');
INSERT INTO Enrolled (u_id,courseCode) VALUES (620066411,'COMP1184'),(620066411,'COMP2965'),(620066411,'CHEM2220');
INSERT INTO Users VALUES (620066412,'Ruth','Flowers','RuthFlowers@gmail.com','FlowersRuth');
INSERT INTO Students VALUES (620066412,'UNDERGRAD','01-01-2020');
INSERT INTO Enrolled (u_id,courseCode) VALUES (620066412,'ECON3063'),(620066412,'MATH2501'),(620066412,'INFO2950'),(620066412,'COMP1867'),(620066412,'CHEM3617'),(620066412,'CHEM2066');
INSERT INTO Users VALUES (620066413,'Marcus','May','MarcusMay@gmail.com','MayMarcus');
INSERT INTO Students VALUES (620066413,'UNDERGRAD','01-01-2020');
INSERT INTO Enrolled (u_id,courseCode) VALUES (620066413,'CHEM2481'),(620066413,'PHYS3787'),(620066413,'CHEM3793'),(620066413,'BIOC3721'),(620066413,'ECON3447'),(620066413,'PHYS3339');
INSERT INTO Users VALUES (620066414,'Betty','Lowry','BettyLowry@gmail.com','LowryBetty');
INSERT INTO Students VALUES (620066414,'UNDERGRAD','01-01-2020');
INSERT INTO Enrolled (u_id,courseCode) VALUES (620066414,'COMP2541'),(620066414,'INFO3935'),(620066414,'MATH2501'),(620066414,'ECON1098'),(620066414,'BIOC3604');
INSERT INTO Users VALUES (620066415,'Douglas','Garcia','DouglasGarcia@gmail.com','GarciaDouglas');
INSERT INTO Students VALUES (620066415,'UNDERGRAD','01-01-2020');
INSERT INTO Enrolled (u_id,courseCode) VALUES (620066415,'PHYS3729'),(620066415,'CHEM2481'),(620066415,'PHYS1979'),(620066415,'BIOC2589'),(620066415,'PHYS2306');
INSERT INTO Users VALUES (620066416,'Willie','Mauk','WillieMauk@gmail.com','MaukWillie');
INSERT INTO Students VALUES (620066416,'UNDERGRAD','01-01-2020');
INSERT INTO Enrolled (u_id,courseCode) VALUES (620066416,'PHYS1930'),(620066416,'MATH1148'),(620066416,'ECON3372'),(620066416,'MATH3179'),(620066416,'BIOC3341'),(620066416,'MATH1648');
INSERT INTO Users VALUES (620066417,'Douglas','Oswalt','DouglasOswalt@gmail.com','OswaltDouglas');
INSERT INTO Students VALUES (620066417,'UNDERGRAD','01-01-2020');
INSERT INTO Enrolled (u_id,courseCode) VALUES (620066417,'PHYS2977'),(620066417,'INFO3603'),(620066417,'PHYS3876'),(620066417,'CHEM3347'),(620066417,'MATH3179');
INSERT INTO Users VALUES (620066418,'Gloria','Carlyle','GloriaCarlyle@gmail.com','CarlyleGloria');
INSERT INTO Students VALUES (620066418,'UNDERGRAD','01-01-2020');
INSERT INTO Enrolled (u_id,courseCode) VALUES (620066418,'MATH3544'),(620066418,'ECON1498'),(620066418,'BIOC2981'),(620066418,'BIOC1744'),(620066418,'MATH1454'),(620066418,'CHEM1485');
INSERT INTO Users VALUES (620066419,'Colin','Carlyle','ColinCarlyle@gmail.com','CarlyleColin');
INSERT INTO Students VALUES (620066419,'UNDERGRAD','01-01-2020');
INSERT INTO Enrolled (u_id,courseCode) VALUES (620066419,'PHYS2306'),(620066419,'CHEM2797'),(620066419,'ECON2387'),(620066419,'PHYS2448'),(620066419,'PHYS1930'),(620066419,'ECON1098');
INSERT INTO Users VALUES (620066420,'Lauren','Lockwood','LaurenLockwood@gmail.com','LockwoodLauren');
INSERT INTO Students VALUES (620066420,'UNDERGRAD','01-01-2020');
INSERT INTO Enrolled (u_id,courseCode) VALUES (620066420,'MATH3209'),(620066420,'ECON3281'),(620066420,'PHYS3290'),(620066420,'PHYS3729'),(620066420,'MATH3179'),(620066420,'INFO1447');
INSERT INTO Users VALUES (620066421,'Dorothy','Shani','DorothyShani@gmail.com','ShaniDorothy');
INSERT INTO Students VALUES (620066421,'UNDERGRAD','01-01-2020');
INSERT INTO Enrolled (u_id,courseCode) VALUES (620066421,'BIOC1052'),(620066421,'INFO2521'),(620066421,'ECON3550');
INSERT INTO Users VALUES (620066422,'Rhonda','Chan','RhondaChan@gmail.com','ChanRhonda');
INSERT INTO Students VALUES (620066422,'UNDERGRAD','01-01-2020');
INSERT INTO Enrolled (u_id,courseCode) VALUES (620066422,'ECON2387'),(620066422,'INFO1990'),(620066422,'COMP3238'),(620066422,'MATH3029'),(620066422,'COMP2361');
INSERT INTO Users VALUES (620066423,'Mason','Blevins','MasonBlevins@gmail.com','BlevinsMason');
INSERT INTO Students VALUES (620066423,'UNDERGRAD','01-01-2020');
INSERT INTO Enrolled (u_id,courseCode) VALUES (620066423,'BIOC2981'),(620066423,'PHYS1979'),(620066423,'PHYS3729');
INSERT INTO Users VALUES (620066424,'Warren','Valenzuela','WarrenValenzuela@gmail.com','ValenzuelaWarren');
INSERT INTO Students VALUES (620066424,'UNDERGRAD','01-01-2020');
INSERT INTO Enrolled (u_id,courseCode) VALUES (620066424,'BIOC1794'),(620066424,'CHEM2005'),(620066424,'MATH3222'),(620066424,'MATH3209'),(620066424,'BIOC1866'),(620066424,'CHEM3347');
INSERT INTO Users VALUES (620066425,'Diane','Collins','DianeCollins@gmail.com','CollinsDiane');
INSERT INTO Students VALUES (620066425,'UNDERGRAD','01-01-2020');
INSERT INTO Enrolled (u_id,courseCode) VALUES (620066425,'ECON3281'),(620066425,'MATH3857'),(620066425,'MATH3544'),(620066425,'BIOC3230'),(620066425,'PHYS1930'),(620066425,'CHEM2149');
INSERT INTO Users VALUES (620066426,'Magdalen','Klein','MagdalenKlein@gmail.com','KleinMagdalen');
INSERT INTO Students VALUES (620066426,'UNDERGRAD','01-01-2020');
INSERT INTO Enrolled (u_id,courseCode) VALUES (620066426,'BIOC1439'),(620066426,'PHYS1140'),(620066426,'MATH2188');
INSERT INTO Users VALUES (620066427,'Marilyn','Bennett','MarilynBennett@gmail.com','BennettMarilyn');
INSERT INTO Students VALUES (620066427,'UNDERGRAD','01-01-2020');
INSERT INTO Enrolled (u_id,courseCode) VALUES (620066427,'MATH3173'),(620066427,'CHEM3327'),(620066427,'COMP1867'),(620066427,'COMP3849');
INSERT INTO Users VALUES (620066428,'Clyde','Turner','ClydeTurner@gmail.com','TurnerClyde');
INSERT INTO Students VALUES (620066428,'UNDERGRAD','01-01-2020');
INSERT INTO Enrolled (u_id,courseCode) VALUES (620066428,'PHYS2238'),(620066428,'COMP3238'),(620066428,'BIOC1448'),(620066428,'CHEM3888'),(620066428,'ECON3020');
INSERT INTO Users VALUES (620066429,'Diane','Scarbrough','DianeScarbrough@gmail.com','ScarbroughDiane');
INSERT INTO Students VALUES (620066429,'UNDERGRAD','01-01-2020');
INSERT INTO Enrolled (u_id,courseCode) VALUES (620066429,'PHYS3290'),(620066429,'BIOC3457'),(620066429,'BIOC2236'),(620066429,'CHEM3409'),(620066429,'PHYS3052'),(620066429,'MATH2188');
INSERT INTO Users VALUES (620066430,'Alvin','Krause','AlvinKrause@gmail.com','KrauseAlvin');
INSERT INTO Students VALUES (620066430,'UNDERGRAD','01-01-2020');
INSERT INTO Enrolled (u_id,courseCode) VALUES (620066430,'ECON3372'),(620066430,'ECON1098'),(620066430,'MATH3857');
INSERT INTO Users VALUES (620066431,'Francisca','Sullivan','FranciscaSullivan@gmail.com','SullivanFrancisca');
INSERT INTO Students VALUES (620066431,'UNDERGRAD','01-01-2020');
INSERT INTO Enrolled (u_id,courseCode) VALUES (620066431,'MATH3613'),(620066431,'MATH2555'),(620066431,'INFO3645'),(620066431,'CHEM2867');
INSERT INTO Users VALUES (620066432,'Thomas','Walden','ThomasWalden@gmail.com','WaldenThomas');
INSERT INTO Students VALUES (620066432,'UNDERGRAD','01-01-2020');
INSERT INTO Enrolled (u_id,courseCode) VALUES (620066432,'BIOC3191'),(620066432,'MATH1454'),(620066432,'MATH1309');
INSERT INTO Users VALUES (620066433,'Donald','Williamson','DonaldWilliamson@gmail.com','WilliamsonDonald');
INSERT INTO Students VALUES (620066433,'UNDERGRAD','01-01-2020');
INSERT INTO Enrolled (u_id,courseCode) VALUES (620066433,'COMP3639'),(620066433,'INFO2270'),(620066433,'BIOC1439'),(620066433,'MATH2957'),(620066433,'PHYS3729'),(620066433,'ECON1645');
INSERT INTO Users VALUES (620066434,'Vivian','Christinsen','VivianChristinsen@gmail.com','ChristinsenVivian');
INSERT INTO Students VALUES (620066434,'UNDERGRAD','01-01-2020');
INSERT INTO Enrolled (u_id,courseCode) VALUES (620066434,'ECON3288'),(620066434,'ECON1996'),(620066434,'COMP3084');
INSERT INTO Users VALUES (620066435,'Glenda','Griffin','GlendaGriffin@gmail.com','GriffinGlenda');
INSERT INTO Students VALUES (620066435,'UNDERGRAD','01-01-2020');
INSERT INTO Enrolled (u_id,courseCode) VALUES (620066435,'COMP1051'),(620066435,'BIOC2550'),(620066435,'ECON2814'),(620066435,'CHEM2604'),(620066435,'ECON1012'),(620066435,'CHEM2867');
INSERT INTO Users VALUES (620066436,'Brooke','Mcalister','BrookeMcalister@gmail.com','McalisterBrooke');
INSERT INTO Students VALUES (620066436,'UNDERGRAD','01-01-2020');
INSERT INTO Enrolled (u_id,courseCode) VALUES (620066436,'PHYS2238'),(620066436,'ECON3550'),(620066436,'PHYS1140'),(620066436,'CHEM2220');
INSERT INTO Users VALUES (620066437,'Susan','Oswalt','SusanOswalt@gmail.com','OswaltSusan');
INSERT INTO Students VALUES (620066437,'UNDERGRAD','01-01-2020');
INSERT INTO Enrolled (u_id,courseCode) VALUES (620066437,'ECON1498'),(620066437,'COMP2077'),(620066437,'CHEM2220');
INSERT INTO Users VALUES (620066438,'Mack','Wilson','MackWilson@gmail.com','WilsonMack');
INSERT INTO Students VALUES (620066438,'UNDERGRAD','01-01-2020');
INSERT INTO Enrolled (u_id,courseCode) VALUES (620066438,'ECON1561'),(620066438,'PHYS2563'),(620066438,'BIOC2981'),(620066438,'MATH2957'),(620066438,'ECON1170');
INSERT INTO Users VALUES (620066439,'Clyde','Luper','ClydeLuper@gmail.com','LuperClyde');
INSERT INTO Students VALUES (620066439,'UNDERGRAD','01-01-2020');
INSERT INTO Enrolled (u_id,courseCode) VALUES (620066439,'BIOC1744'),(620066439,'BIOC1910'),(620066439,'INFO1833');
INSERT INTO Users VALUES (620066440,'Ashleigh','Brock','AshleighBrock@gmail.com','BrockAshleigh');
INSERT INTO Students VALUES (620066440,'UNDERGRAD','01-01-2020');
INSERT INTO Enrolled (u_id,courseCode) VALUES (620066440,'INFO2860'),(620066440,'ECON3737'),(620066440,'CHEM3617'),(620066440,'CHEM3347'),(620066440,'COMP2541'),(620066440,'CHEM2149');
INSERT INTO Users VALUES (620066441,'Sarah','Jesse','SarahJesse@gmail.com','JesseSarah');
INSERT INTO Students VALUES (620066441,'UNDERGRAD','01-01-2020');
INSERT INTO Enrolled (u_id,courseCode) VALUES (620066441,'MATH3844'),(620066441,'ECON2345'),(620066441,'PHYS3876'),(620066441,'CHEM1613'),(620066441,'ECON3085'),(620066441,'CHEM2005');
INSERT INTO Users VALUES (620066442,'Lois','Martin','LoisMartin@gmail.com','MartinLois');
INSERT INTO Students VALUES (620066442,'UNDERGRAD','01-01-2020');
INSERT INTO Enrolled (u_id,courseCode) VALUES (620066442,'BIOC3230'),(620066442,'ECON2814'),(620066442,'PHYS3876'),(620066442,'PHYS2238');
INSERT INTO Users VALUES (620066443,'Karen','Flemming','KarenFlemming@gmail.com','FlemmingKaren');
INSERT INTO Students VALUES (620066443,'UNDERGRAD','01-01-2020');
INSERT INTO Enrolled (u_id,courseCode) VALUES (620066443,'INFO2797'),(620066443,'PHYS1979'),(620066443,'PHYS2117');
INSERT INTO Users VALUES (620066444,'Daniel','Steinbach','DanielSteinbach@gmail.com','SteinbachDaniel');
INSERT INTO Students VALUES (620066444,'UNDERGRAD','01-01-2020');
INSERT INTO Enrolled (u_id,courseCode) VALUES (620066444,'ECON3550'),(620066444,'BIOC3230'),(620066444,'INFO1145');
INSERT INTO Users VALUES (620066445,'Glenda','Williamson','GlendaWilliamson@gmail.com','WilliamsonGlenda');
INSERT INTO Students VALUES (620066445,'UNDERGRAD','01-01-2020');
INSERT INTO Enrolled (u_id,courseCode) VALUES (620066445,'CHEM2149'),(620066445,'COMP3746'),(620066445,'COMP3849'),(620066445,'BIOC3457');
INSERT INTO Users VALUES (620066446,'Francis','Truitt','FrancisTruitt@gmail.com','TruittFrancis');
INSERT INTO Students VALUES (620066446,'UNDERGRAD','01-01-2020');
INSERT INTO Enrolled (u_id,courseCode) VALUES (620066446,'COMP2541'),(620066446,'COMP3697'),(620066446,'ECON1645'),(620066446,'CHEM2797'),(620066446,'PHYS3052'),(620066446,'COMP3167');
INSERT INTO Users VALUES (620066447,'Suzanne','Shani','SuzanneShani@gmail.com','ShaniSuzanne');
INSERT INTO Students VALUES (620066447,'UNDERGRAD','01-01-2020');
INSERT INTO Enrolled (u_id,courseCode) VALUES (620066447,'CHEM3409'),(620066447,'INFO3868'),(620066447,'ECON3004'),(620066447,'COMP3639');
INSERT INTO Users VALUES (620066448,'Freddie','Butler','FreddieButler@gmail.com','ButlerFreddie');
INSERT INTO Students VALUES (620066448,'UNDERGRAD','01-01-2020');
INSERT INTO Enrolled (u_id,courseCode) VALUES (620066448,'CHEM3617'),(620066448,'BIOC3191'),(620066448,'MATH3222');
INSERT INTO Users VALUES (620066449,'Roy','Hoyer','RoyHoyer@gmail.com','HoyerRoy');
INSERT INTO Students VALUES (620066449,'UNDERGRAD','01-01-2020');
INSERT INTO Enrolled (u_id,courseCode) VALUES (620066449,'PHYS2229'),(620066449,'ECON1561'),(620066449,'MATH3613');
INSERT INTO Users VALUES (620066450,'Angie','Jackson','AngieJackson@gmail.com','JacksonAngie');
INSERT INTO Students VALUES (620066450,'UNDERGRAD','01-01-2020');
INSERT INTO Enrolled (u_id,courseCode) VALUES (620066450,'ECON3737'),(620066450,'PHYS3052'),(620066450,'CHEM2066'),(620066450,'CHEM3617');
INSERT INTO Users VALUES (620066451,'Ed','Thomas','EdThomas@gmail.com','ThomasEd');
INSERT INTO Students VALUES (620066451,'UNDERGRAD','01-01-2020');
INSERT INTO Enrolled (u_id,courseCode) VALUES (620066451,'MATH1309'),(620066451,'BIOC3721'),(620066451,'MATH2957'),(620066451,'ECON3281'),(620066451,'CHEM3409'),(620066451,'INFO2147');
INSERT INTO Users VALUES (620066452,'Isreal','Sultzer','IsrealSultzer@gmail.com','SultzerIsreal');
INSERT INTO Students VALUES (620066452,'UNDERGRAD','01-01-2020');
INSERT INTO Enrolled (u_id,courseCode) VALUES (620066452,'MATH3844'),(620066452,'ECON3288'),(620066452,'PHYS3729'),(620066452,'INFO1242'),(620066452,'CHEM2481');
INSERT INTO Users VALUES (620066453,'Brooke','Robertson','BrookeRobertson@gmail.com','RobertsonBrooke');
INSERT INTO Students VALUES (620066453,'UNDERGRAD','01-01-2020');
INSERT INTO Enrolled (u_id,courseCode) VALUES (620066453,'ECON2814'),(620066453,'MATH1638'),(620066453,'INFO2797');
INSERT INTO Users VALUES (620066454,'Deborah','Carrillo','DeborahCarrillo@gmail.com','CarrilloDeborah');
INSERT INTO Students VALUES (620066454,'UNDERGRAD','01-01-2020');
INSERT INTO Enrolled (u_id,courseCode) VALUES (620066454,'PHYS2306'),(620066454,'COMP1051'),(620066454,'CHEM3409'),(620066454,'CHEM3793');
INSERT INTO Users VALUES (620066455,'Gregory','Boyer','GregoryBoyer@gmail.com','BoyerGregory');
INSERT INTO Students VALUES (620066455,'UNDERGRAD','01-01-2020');
INSERT INTO Enrolled (u_id,courseCode) VALUES (620066455,'COMP2400'),(620066455,'INFO2337'),(620066455,'CHEM2066');
INSERT INTO Users VALUES (620066456,'Nina','Figueroa','NinaFigueroa@gmail.com','FigueroaNina');
INSERT INTO Students VALUES (620066456,'UNDERGRAD','01-01-2020');
INSERT INTO Enrolled (u_id,courseCode) VALUES (620066456,'MATH1735'),(620066456,'COMP3746'),(620066456,'ECON3276'),(620066456,'MATH1648'),(620066456,'BIOC1744');
INSERT INTO Users VALUES (620066457,'Delmar','Fields','DelmarFields@gmail.com','FieldsDelmar');
INSERT INTO Students VALUES (620066457,'UNDERGRAD','01-01-2020');
INSERT INTO Enrolled (u_id,courseCode) VALUES (620066457,'BIOC3230'),(620066457,'COMP3167'),(620066457,'INFO3645'),(620066457,'INFO2811'),(620066457,'PHYS3876');
INSERT INTO Users VALUES (620066458,'Earl','Steere','EarlSteere@gmail.com','SteereEarl');
INSERT INTO Students VALUES (620066458,'UNDERGRAD','01-01-2020');
INSERT INTO Enrolled (u_id,courseCode) VALUES (620066458,'INFO1990'),(620066458,'BIOC3457'),(620066458,'CHEM2481'),(620066458,'MATH1578');
INSERT INTO Users VALUES (620066459,'Bryon','Lowry','BryonLowry@gmail.com','LowryBryon');
INSERT INTO Students VALUES (620066459,'UNDERGRAD','01-01-2020');
INSERT INTO Enrolled (u_id,courseCode) VALUES (620066459,'PHYS2338'),(620066459,'ECON2722'),(620066459,'CHEM2604');
INSERT INTO Users VALUES (620066460,'Gloria','Lavoy','GloriaLavoy@gmail.com','LavoyGloria');
INSERT INTO Students VALUES (620066460,'UNDERGRAD','01-01-2020');
INSERT INTO Enrolled (u_id,courseCode) VALUES (620066460,'BIOC1744'),(620066460,'BIOC1910'),(620066460,'PHYS1930'),(620066460,'ECON3276'),(620066460,'CHEM3347'),(620066460,'PHYS3052');
INSERT INTO Users VALUES (620066461,'Curtis','Jones','CurtisJones@gmail.com','JonesCurtis');
INSERT INTO Students VALUES (620066461,'UNDERGRAD','01-01-2020');
INSERT INTO Enrolled (u_id,courseCode) VALUES (620066461,'PHYS2448'),(620066461,'COMP3047'),(620066461,'ECON2345'),(620066461,'COMP3084'),(620066461,'INFO2213');
INSERT INTO Users VALUES (620066462,'Diane','Thomas','DianeThomas@gmail.com','ThomasDiane');
INSERT INTO Students VALUES (620066462,'UNDERGRAD','01-01-2020');
INSERT INTO Enrolled (u_id,courseCode) VALUES (620066462,'MATH3844'),(620066462,'COMP3639'),(620066462,'CHEM2727'),(620066462,'PHYS3290'),(620066462,'MATH1454');
INSERT INTO Users VALUES (620066463,'Elmer','Fields','ElmerFields@gmail.com','FieldsElmer');
INSERT INTO Students VALUES (620066463,'UNDERGRAD','01-01-2020');
INSERT INTO Enrolled (u_id,courseCode) VALUES (620066463,'CHEM1807'),(620066463,'MATH2501'),(620066463,'CHEM2604'),(620066463,'PHYS2229'),(620066463,'COMP2651');
INSERT INTO Users VALUES (620066464,'Linda','Blevins','LindaBlevins@gmail.com','BlevinsLinda');
INSERT INTO Students VALUES (620066464,'UNDERGRAD','01-01-2020');
INSERT INTO Enrolled (u_id,courseCode) VALUES (620066464,'ECON3020'),(620066464,'INFO3636'),(620066464,'CHEM2626'),(620066464,'ECON3447');
INSERT INTO Users VALUES (620066465,'Deanne','Amberg','DeanneAmberg@gmail.com','AmbergDeanne');
INSERT INTO Students VALUES (620066465,'UNDERGRAD','01-01-2020');
INSERT INTO Enrolled (u_id,courseCode) VALUES (620066465,'CHEM2867'),(620066465,'BIOC1104'),(620066465,'ECON1230'),(620066465,'PHYS2977'),(620066465,'CHEM2446');
INSERT INTO Users VALUES (620066466,'Madaline','Duffy','MadalineDuffy@gmail.com','DuffyMadaline');
INSERT INTO Students VALUES (620066466,'UNDERGRAD','01-01-2020');
INSERT INTO Enrolled (u_id,courseCode) VALUES (620066466,'COMP2361'),(620066466,'COMP1460'),(620066466,'CHEM1613');
INSERT INTO Users VALUES (620066467,'Jessie','Nighman','JessieNighman@gmail.com','NighmanJessie');
INSERT INTO Students VALUES (620066467,'UNDERGRAD','01-01-2020');
INSERT INTO Enrolled (u_id,courseCode) VALUES (620066467,'CHEM2005'),(620066467,'BIOC2236'),(620066467,'CHEM2177'),(620066467,'INFO2213');
INSERT INTO Users VALUES (620066468,'Ed','Ferretti','EdFerretti@gmail.com','FerrettiEd');
INSERT INTO Students VALUES (620066468,'UNDERGRAD','01-01-2020');
INSERT INTO Enrolled (u_id,courseCode) VALUES (620066468,'COMP2077'),(620066468,'INFO3935'),(620066468,'CHEM3888'),(620066468,'BIOC1104'),(620066468,'PHYS2306'),(620066468,'ECON1498');
INSERT INTO Users VALUES (620066469,'Ben','Schilling','BenSchilling@gmail.com','SchillingBen');
INSERT INTO Students VALUES (620066469,'UNDERGRAD','01-01-2020');
INSERT INTO Enrolled (u_id,courseCode) VALUES (620066469,'BIOC2589'),(620066469,'ECON1645'),(620066469,'BIOC3191');
INSERT INTO Users VALUES (620066470,'Scott','Morey','ScottMorey@gmail.com','MoreyScott');
INSERT INTO Students VALUES (620066470,'UNDERGRAD','01-01-2020');
INSERT INTO Enrolled (u_id,courseCode) VALUES (620066470,'CHEM2066'),(620066470,'MATH1309'),(620066470,'CHEM2220');
INSERT INTO Users VALUES (620066471,'Casey','Alvarez','CaseyAlvarez@gmail.com','AlvarezCasey');
INSERT INTO Students VALUES (620066471,'UNDERGRAD','01-01-2020');
INSERT INTO Enrolled (u_id,courseCode) VALUES (620066471,'INFO2213'),(620066471,'BIOC1534'),(620066471,'ECON3085'),(620066471,'ECON2814'),(620066471,'INFO1833');
INSERT INTO Users VALUES (620066472,'Carlos','Mattingly','CarlosMattingly@gmail.com','MattinglyCarlos');
INSERT INTO Students VALUES (620066472,'UNDERGRAD','01-01-2020');
INSERT INTO Enrolled (u_id,courseCode) VALUES (620066472,'BIOC3191'),(620066472,'INFO2337'),(620066472,'PHYS1399'),(620066472,'PHYS3052'),(620066472,'ECON3550'),(620066472,'INFO3603');
INSERT INTO Users VALUES (620066473,'Sara','Diggs','SaraDiggs@gmail.com','DiggsSara');
INSERT INTO Students VALUES (620066473,'UNDERGRAD','01-01-2020');
INSERT INTO Enrolled (u_id,courseCode) VALUES (620066473,'BIOC2236'),(620066473,'COMP3685'),(620066473,'MATH2555'),(620066473,'BIOC2550'),(620066473,'COMP2400');
INSERT INTO Users VALUES (620066474,'Arthur','Luper','ArthurLuper@gmail.com','LuperArthur');
INSERT INTO Students VALUES (620066474,'UNDERGRAD','01-01-2020');
INSERT INTO Enrolled (u_id,courseCode) VALUES (620066474,'BIOC2981'),(620066474,'ECON3281'),(620066474,'CHEM2066'),(620066474,'PHYS2448'),(620066474,'INFO2811'),(620066474,'COMP1460');
INSERT INTO Users VALUES (620066475,'Dean','Mance','DeanMance@gmail.com','ManceDean');
INSERT INTO Students VALUES (620066475,'UNDERGRAD','01-01-2020');
INSERT INTO Enrolled (u_id,courseCode) VALUES (620066475,'CHEM2727'),(620066475,'CHEM3347'),(620066475,'MATH1648'),(620066475,'ECON3085'),(620066475,'BIOC2550'),(620066475,'ECON3004');
INSERT INTO Users VALUES (620066476,'Bernie','White','BernieWhite@gmail.com','WhiteBernie');
INSERT INTO Students VALUES (620066476,'UNDERGRAD','01-01-2020');
INSERT INTO Enrolled (u_id,courseCode) VALUES (620066476,'MATH2957'),(620066476,'CHEM3747'),(620066476,'CHEM2481');
INSERT INTO Users VALUES (620066477,'Terri','King','TerriKing@gmail.com','KingTerri');
INSERT INTO Students VALUES (620066477,'UNDERGRAD','01-01-2020');
INSERT INTO Enrolled (u_id,courseCode) VALUES (620066477,'MATH1648'),(620066477,'CHEM1485'),(620066477,'ECON1230'),(620066477,'COMP2361');
INSERT INTO Users VALUES (620066478,'Shane','Cummins','ShaneCummins@gmail.com','CumminsShane');
INSERT INTO Students VALUES (620066478,'UNDERGRAD','01-01-2020');
INSERT INTO Enrolled (u_id,courseCode) VALUES (620066478,'INFO2559'),(620066478,'INFO1648'),(620066478,'PHYS1173'),(620066478,'PHYS1930');
INSERT INTO Users VALUES (620066479,'Sean','Nunn','SeanNunn@gmail.com','NunnSean');
INSERT INTO Students VALUES (620066479,'UNDERGRAD','01-01-2020');
INSERT INTO Enrolled (u_id,courseCode) VALUES (620066479,'PHYS2229'),(620066479,'CHEM1340'),(620066479,'CHEM2626'),(620066479,'COMP2080'),(620066479,'BIOC2671'),(620066479,'INFO3645');
INSERT INTO Users VALUES (620066480,'Don','Butler','DonButler@gmail.com','ButlerDon');
INSERT INTO Students VALUES (620066480,'UNDERGRAD','01-01-2020');
INSERT INTO Enrolled (u_id,courseCode) VALUES (620066480,'ECON3063'),(620066480,'PHYS2563'),(620066480,'MATH1638'),(620066480,'INFO1447'),(620066480,'ECON1458'),(620066480,'MATH1309');
INSERT INTO Users VALUES (620066481,'Erin','Lorenz','ErinLorenz@gmail.com','LorenzErin');
INSERT INTO Students VALUES (620066481,'UNDERGRAD','01-01-2020');
INSERT INTO Enrolled (u_id,courseCode) VALUES (620066481,'INFO1447'),(620066481,'PHYS2238'),(620066481,'BIOC2236');
INSERT INTO Users VALUES (620066482,'Edward','Lorenz','EdwardLorenz@gmail.com','LorenzEdward');
INSERT INTO Students VALUES (620066482,'UNDERGRAD','01-01-2020');
INSERT INTO Enrolled (u_id,courseCode) VALUES (620066482,'INFO1447'),(620066482,'ECON3281'),(620066482,'ECON1012'),(620066482,'CHEM3614'),(620066482,'BIOC1534'),(620066482,'PHYS2448');
INSERT INTO Users VALUES (620066483,'Rick','Tallent','RickTallent@gmail.com','TallentRick');
INSERT INTO Students VALUES (620066483,'UNDERGRAD','01-01-2020');
INSERT INTO Enrolled (u_id,courseCode) VALUES (620066483,'COMP3238'),(620066483,'PHYS3290'),(620066483,'PHYS3659'),(620066483,'INFO2147');
INSERT INTO Users VALUES (620066484,'Melvin','Maione','MelvinMaione@gmail.com','MaioneMelvin');
INSERT INTO Students VALUES (620066484,'UNDERGRAD','01-01-2020');
INSERT INTO Enrolled (u_id,courseCode) VALUES (620066484,'INFO1145'),(620066484,'BIOC1439'),(620066484,'COMP2541'),(620066484,'COMP1357');
INSERT INTO Users VALUES (620066485,'Agnes','Calder','AgnesCalder@gmail.com','CalderAgnes');
INSERT INTO Students VALUES (620066485,'UNDERGRAD','01-01-2020');
INSERT INTO Enrolled (u_id,courseCode) VALUES (620066485,'MATH3857'),(620066485,'MATH1454'),(620066485,'BIOC2236'),(620066485,'CHEM1494'),(620066485,'MATH1250');
INSERT INTO Users VALUES (620066486,'Eric','Pero','EricPero@gmail.com','PeroEric');
INSERT INTO Students VALUES (620066486,'UNDERGRAD','01-01-2020');
INSERT INTO Enrolled (u_id,courseCode) VALUES (620066486,'BIOC3457'),(620066486,'INFO1288'),(620066486,'MATH3179');
INSERT INTO Users VALUES (620066487,'Rene','Hoffman','ReneHoffman@gmail.com','HoffmanRene');
INSERT INTO Students VALUES (620066487,'UNDERGRAD','01-01-2020');
INSERT INTO Enrolled (u_id,courseCode) VALUES (620066487,'PHYS2451'),(620066487,'COMP3697'),(620066487,'ECON3004'),(620066487,'ECON1458');
INSERT INTO Users VALUES (620066488,'Marshall','Lopez','MarshallLopez@gmail.com','LopezMarshall');
INSERT INTO Students VALUES (620066488,'UNDERGRAD','01-01-2020');
INSERT INTO Enrolled (u_id,courseCode) VALUES (620066488,'MATH1250'),(620066488,'ECON1783'),(620066488,'CHEM3617'),(620066488,'MATH3857'),(620066488,'COMP3536'),(620066488,'CHEM3614');
INSERT INTO Users VALUES (620066489,'Chris','Dumas','ChrisDumas@gmail.com','DumasChris');
INSERT INTO Students VALUES (620066489,'UNDERGRAD','01-01-2020');
INSERT INTO Enrolled (u_id,courseCode) VALUES (620066489,'ECON1589'),(620066489,'MATH2550'),(620066489,'COMP3639'),(620066489,'INFO2636'),(620066489,'CHEM3054'),(620066489,'PHYS2229');
INSERT INTO Users VALUES (620066490,'Orlando','Heckstall','OrlandoHeckstall@gmail.com','HeckstallOrlando');
INSERT INTO Students VALUES (620066490,'UNDERGRAD','01-01-2020');
INSERT INTO Enrolled (u_id,courseCode) VALUES (620066490,'CHEM2177'),(620066490,'MATH3688'),(620066490,'ECON1589'),(620066490,'PHYS1140'),(620066490,'ECON3228'),(620066490,'BIOC1794');
INSERT INTO Users VALUES (620066491,'Sheila','Evans','SheilaEvans@gmail.com','EvansSheila');
INSERT INTO Students VALUES (620066491,'UNDERGRAD','01-01-2020');
INSERT INTO Enrolled (u_id,courseCode) VALUES (620066491,'MATH1148'),(620066491,'CHEM3793'),(620066491,'BIOC2589'),(620066491,'ECON2722'),(620066491,'ECON1783');
INSERT INTO Users VALUES (620066492,'Catherine','James','CatherineJames@gmail.com','JamesCatherine');
INSERT INTO Students VALUES (620066492,'UNDERGRAD','01-01-2020');
INSERT INTO Enrolled (u_id,courseCode) VALUES (620066492,'INFO2559'),(620066492,'CHEM3614'),(620066492,'COMP1357');
INSERT INTO Users VALUES (620066493,'Elmer','Lopez','ElmerLopez@gmail.com','LopezElmer');
INSERT INTO Students VALUES (620066493,'UNDERGRAD','01-01-2020');
INSERT INTO Enrolled (u_id,courseCode) VALUES (620066493,'COMP3639'),(620066493,'INFO3645'),(620066493,'CHEM2604'),(620066493,'BIOC3721'),(620066493,'MATH3179');
INSERT INTO Users VALUES (620066494,'Christina','Miles','ChristinaMiles@gmail.com','MilesChristina');
INSERT INTO Students VALUES (620066494,'UNDERGRAD','01-01-2020');
INSERT INTO Enrolled (u_id,courseCode) VALUES (620066494,'PHYS1399'),(620066494,'BIOC1725'),(620066494,'ECON2814'),(620066494,'INFO1447'),(620066494,'MATH3059');
INSERT INTO Users VALUES (620066495,'Benjamin','Velasquez','BenjaminVelasquez@gmail.com','VelasquezBenjamin');
INSERT INTO Students VALUES (620066495,'UNDERGRAD','01-01-2020');
INSERT INTO Enrolled (u_id,courseCode) VALUES (620066495,'INFO2213'),(620066495,'BIOC1534'),(620066495,'BIOC1910'),(620066495,'PHYS3464'),(620066495,'PHYS2306'),(620066495,'ECON3372');
INSERT INTO Users VALUES (620066496,'Tia','Lemieux','TiaLemieux@gmail.com','LemieuxTia');
INSERT INTO Students VALUES (620066496,'UNDERGRAD','01-01-2020');
INSERT INTO Enrolled (u_id,courseCode) VALUES (620066496,'COMP3639'),(620066496,'INFO1447'),(620066496,'PHYS3876');
INSERT INTO Users VALUES (620066497,'Sean','Madsen','SeanMadsen@gmail.com','MadsenSean');
INSERT INTO Students VALUES (620066497,'UNDERGRAD','01-01-2020');
INSERT INTO Enrolled (u_id,courseCode) VALUES (620066497,'MATH1454'),(620066497,'INFO1447'),(620066497,'CHEM2031'),(620066497,'CHEM3409');
INSERT INTO Users VALUES (620066498,'Carlos','Aybar','CarlosAybar@gmail.com','AybarCarlos');
INSERT INTO Students VALUES (620066498,'UNDERGRAD','01-01-2020');
INSERT INTO Enrolled (u_id,courseCode) VALUES (620066498,'CHEM3747'),(620066498,'INFO2270'),(620066498,'BIOC1534'),(620066498,'BIOC2236');
INSERT INTO Users VALUES (620066499,'Joe','Shane','JoeShane@gmail.com','ShaneJoe');
INSERT INTO Students VALUES (620066499,'UNDERGRAD','01-01-2020');
INSERT INTO Enrolled (u_id,courseCode) VALUES (620066499,'COMP3697'),(620066499,'MATH3222'),(620066499,'BIOC1052'),(620066499,'PHYS1173'),(620066499,'COMP3685'),(620066499,'ECON3020');
INSERT INTO Users VALUES (620066500,'Mildred','Briggs','MildredBriggs@gmail.com','BriggsMildred');
INSERT INTO Students VALUES (620066500,'UNDERGRAD','01-01-2020');
INSERT INTO Enrolled (u_id,courseCode) VALUES (620066500,'ECON1589'),(620066500,'INFO2636'),(620066500,'MATH2873');
INSERT INTO Users VALUES (620066501,'Sarah','Mertens','SarahMertens@gmail.com','MertensSarah');
INSERT INTO Students VALUES (620066501,'UNDERGRAD','01-01-2020');
INSERT INTO Enrolled (u_id,courseCode) VALUES (620066501,'BIOC2589'),(620066501,'ECON1589'),(620066501,'COMP2965');
INSERT INTO Users VALUES (620066502,'Curtis','Diggs','CurtisDiggs@gmail.com','DiggsCurtis');
INSERT INTO Students VALUES (620066502,'UNDERGRAD','01-01-2020');
INSERT INTO Enrolled (u_id,courseCode) VALUES (620066502,'ECON3311'),(620066502,'BIOC3604'),(620066502,'PHYS2451');
INSERT INTO Users VALUES (620066503,'Allison','Caudill','AllisonCaudill@gmail.com','CaudillAllison');
INSERT INTO Students VALUES (620066503,'UNDERGRAD','01-01-2020');
INSERT INTO Enrolled (u_id,courseCode) VALUES (620066503,'BIOC1986'),(620066503,'MATH3179'),(620066503,'CHEM3347'),(620066503,'ECON3523'),(620066503,'ECON3085'),(620066503,'COMP3685');
INSERT INTO Users VALUES (620066504,'Wanda','Mcclenon','WandaMcclenon@gmail.com','McclenonWanda');
INSERT INTO Students VALUES (620066504,'UNDERGRAD','01-01-2020');
INSERT INTO Enrolled (u_id,courseCode) VALUES (620066504,'ECON3004'),(620066504,'PHYS3290'),(620066504,'CHEM2867'),(620066504,'CHEM1485'),(620066504,'BIOC2671'),(620066504,'ECON1230');
INSERT INTO Users VALUES (620066505,'Patsy','Calloway','PatsyCalloway@gmail.com','CallowayPatsy');
INSERT INTO Students VALUES (620066505,'UNDERGRAD','01-01-2020');
INSERT INTO Enrolled (u_id,courseCode) VALUES (620066505,'MATH2188'),(620066505,'COMP3849'),(620066505,'MATH3209'),(620066505,'COMP2717'),(620066505,'MATH2717'),(620066505,'COMP3746');
INSERT INTO Users VALUES (620066506,'Greg','Lavoy','GregLavoy@gmail.com','LavoyGreg');
INSERT INTO Students VALUES (620066506,'UNDERGRAD','01-01-2020');
INSERT INTO Enrolled (u_id,courseCode) VALUES (620066506,'PHYS1140'),(620066506,'COMP3746'),(620066506,'MATH3059'),(620066506,'PHYS2563');
INSERT INTO Users VALUES (620066507,'Lauren','Lopez','LaurenLopez@gmail.com','LopezLauren');
INSERT INTO Students VALUES (620066507,'UNDERGRAD','01-01-2020');
INSERT INTO Enrolled (u_id,courseCode) VALUES (620066507,'CHEM1613'),(620066507,'MATH1735'),(620066507,'MATH2067'),(620066507,'ECON3372'),(620066507,'COMP1357');
INSERT INTO Users VALUES (620066508,'Don','Caudill','DonCaudill@gmail.com','CaudillDon');
INSERT INTO Students VALUES (620066508,'UNDERGRAD','01-01-2020');
INSERT INTO Enrolled (u_id,courseCode) VALUES (620066508,'COMP2400'),(620066508,'COMP3639'),(620066508,'ECON3288');
INSERT INTO Users VALUES (620066509,'Orlando','Maze','OrlandoMaze@gmail.com','MazeOrlando');
INSERT INTO Students VALUES (620066509,'UNDERGRAD','01-01-2020');
INSERT INTO Enrolled (u_id,courseCode) VALUES (620066509,'INFO3868'),(620066509,'PHYS3686'),(620066509,'CHEM2604');
INSERT INTO Users VALUES (620066510,'Jennifer','Jesse','JenniferJesse@gmail.com','JesseJennifer');
INSERT INTO Students VALUES (620066510,'UNDERGRAD','01-01-2020');
INSERT INTO Enrolled (u_id,courseCode) VALUES (620066510,'BIOC2054'),(620066510,'ECON3311'),(620066510,'MATH3222');
INSERT INTO Users VALUES (620066511,'Martin','Comley','MartinComley@gmail.com','ComleyMartin');
INSERT INTO Students VALUES (620066511,'UNDERGRAD','01-01-2020');
INSERT INTO Enrolled (u_id,courseCode) VALUES (620066511,'MATH3222'),(620066511,'MATH1148'),(620066511,'INFO1648'),(620066511,'CHEM3614'),(620066511,'INFO1447'),(620066511,'MATH3544');
INSERT INTO Users VALUES (620066512,'Jonathan','Kaupp','JonathanKaupp@gmail.com','KauppJonathan');
INSERT INTO Students VALUES (620066512,'UNDERGRAD','01-01-2020');
INSERT INTO Enrolled (u_id,courseCode) VALUES (620066512,'CHEM2626'),(620066512,'COMP3536'),(620066512,'ECON2814'),(620066512,'CHEM1485');
INSERT INTO Users VALUES (620066513,'Marjorie','Grinstead','MarjorieGrinstead@gmail.com','GrinsteadMarjorie');
INSERT INTO Students VALUES (620066513,'UNDERGRAD','01-01-2020');
INSERT INTO Enrolled (u_id,courseCode) VALUES (620066513,'INFO2213'),(620066513,'CHEM2727'),(620066513,'ECON3989'),(620066513,'PHYS2448'),(620066513,'INFO2337');
INSERT INTO Users VALUES (620066514,'Jimmy','Crites','JimmyCrites@gmail.com','CritesJimmy');
INSERT INTO Students VALUES (620066514,'UNDERGRAD','01-01-2020');
INSERT INTO Enrolled (u_id,courseCode) VALUES (620066514,'INFO3935'),(620066514,'COMP2965'),(620066514,'INFO3868'),(620066514,'INFO2270'),(620066514,'COMP1867');
INSERT INTO Users VALUES (620066515,'Harold','Truong','HaroldTruong@gmail.com','TruongHarold');
INSERT INTO Students VALUES (620066515,'UNDERGRAD','01-01-2020');
INSERT INTO Enrolled (u_id,courseCode) VALUES (620066515,'PHYS3659'),(620066515,'INFO3868'),(620066515,'MATH1972'),(620066515,'COMP3849'),(620066515,'PHYS1173'),(620066515,'CHEM2065');
INSERT INTO Users VALUES (620066516,'Cynthia','Laramee','CynthiaLaramee@gmail.com','LarameeCynthia');
INSERT INTO Students VALUES (620066516,'UNDERGRAD','01-01-2020');
INSERT INTO Enrolled (u_id,courseCode) VALUES (620066516,'INFO2559'),(620066516,'PHYS3464'),(620066516,'COMP3506'),(620066516,'INFO1825'),(620066516,'COMP2717'),(620066516,'ECON3085');
INSERT INTO Users VALUES (620066517,'Dean','Casteel','DeanCasteel@gmail.com','CasteelDean');
INSERT INTO Students VALUES (620066517,'UNDERGRAD','01-01-2020');
INSERT INTO Enrolled (u_id,courseCode) VALUES (620066517,'COMP3685'),(620066517,'MATH3029'),(620066517,'INFO1014'),(620066517,'COMP1573'),(620066517,'CHEM1485');
INSERT INTO Users VALUES (620066518,'Teresa','Mejias','TeresaMejias@gmail.com','MejiasTeresa');
INSERT INTO Students VALUES (620066518,'UNDERGRAD','01-01-2020');
INSERT INTO Enrolled (u_id,courseCode) VALUES (620066518,'BIOC1104'),(620066518,'BIOC3191'),(620066518,'BIOC3604'),(620066518,'ECON3989');
INSERT INTO Users VALUES (620066519,'Diane','Withrow','DianeWithrow@gmail.com','WithrowDiane');
INSERT INTO Students VALUES (620066519,'UNDERGRAD','01-01-2020');
INSERT INTO Enrolled (u_id,courseCode) VALUES (620066519,'INFO2337'),(620066519,'BIOC1986'),(620066519,'BIOC1052');
INSERT INTO Users VALUES (620066520,'Warren','Mauk','WarrenMauk@gmail.com','MaukWarren');
INSERT INTO Students VALUES (620066520,'UNDERGRAD','01-01-2020');
INSERT INTO Enrolled (u_id,courseCode) VALUES (620066520,'ECON1458'),(620066520,'ECON3276'),(620066520,'INFO2147'),(620066520,'BIOC1052');
INSERT INTO Users VALUES (620066521,'Daisy','Bradford','DaisyBradford@gmail.com','BradfordDaisy');
INSERT INTO Students VALUES (620066521,'UNDERGRAD','01-01-2020');
INSERT INTO Enrolled (u_id,courseCode) VALUES (620066521,'BIOC1986'),(620066521,'ECON1098'),(620066521,'COMP2400'),(620066521,'PHYS2448'),(620066521,'MATH2717');
INSERT INTO Users VALUES (620066522,'Gina','Winner','GinaWinner@gmail.com','WinnerGina');
INSERT INTO Students VALUES (620066522,'UNDERGRAD','01-01-2020');
INSERT INTO Enrolled (u_id,courseCode) VALUES (620066522,'PHYS2977'),(620066522,'INFO1990'),(620066522,'INFO1447'),(620066522,'COMP2541'),(620066522,'COMP2651');
INSERT INTO Users VALUES (620066523,'Clyde','Mattingly','ClydeMattingly@gmail.com','MattinglyClyde');
INSERT INTO Students VALUES (620066523,'UNDERGRAD','01-01-2020');
INSERT INTO Enrolled (u_id,courseCode) VALUES (620066523,'CHEM1485'),(620066523,'CHEM3327'),(620066523,'ECON1458');
INSERT INTO Users VALUES (620066524,'Tony','Steere','TonySteere@gmail.com','SteereTony');
INSERT INTO Students VALUES (620066524,'UNDERGRAD','01-01-2020');
INSERT INTO Enrolled (u_id,courseCode) VALUES (620066524,'COMP1867'),(620066524,'PHYS2448'),(620066524,'MATH3844'),(620066524,'PHYS2306'),(620066524,'INFO2797'),(620066524,'CHEM3327');
INSERT INTO Users VALUES (620066525,'Jessie','Letchworth','JessieLetchworth@gmail.com','LetchworthJessie');
INSERT INTO Students VALUES (620066525,'UNDERGRAD','01-01-2020');
INSERT INTO Enrolled (u_id,courseCode) VALUES (620066525,'PHYS1930'),(620066525,'PHYS3339'),(620066525,'PHYS2667'),(620066525,'BIOC1744'),(620066525,'INFO3935');
INSERT INTO Users VALUES (620066526,'Young','Baptiste','YoungBaptiste@gmail.com','BaptisteYoung');
INSERT INTO Students VALUES (620066526,'UNDERGRAD','01-01-2020');
INSERT INTO Enrolled (u_id,courseCode) VALUES (620066526,'PHYS1140'),(620066526,'CHEM3617'),(620066526,'MATH1638'),(620066526,'PHYS2448');
INSERT INTO Users VALUES (620066527,'Gloria','Ott','GloriaOtt@gmail.com','OttGloria');
INSERT INTO Students VALUES (620066527,'UNDERGRAD','01-01-2020');
INSERT INTO Enrolled (u_id,courseCode) VALUES (620066527,'ECON2703'),(620066527,'INFO1825'),(620066527,'ECON1012'),(620066527,'ECON1561'),(620066527,'PHYS2451'),(620066527,'INFO2813');
INSERT INTO Users VALUES (620066528,'Esmeralda','Pulley','EsmeraldaPulley@gmail.com','PulleyEsmeralda');
INSERT INTO Students VALUES (620066528,'UNDERGRAD','01-01-2020');
INSERT INTO Enrolled (u_id,courseCode) VALUES (620066528,'COMP2080'),(620066528,'ECON3737'),(620066528,'BIOC3191'),(620066528,'BIOC1448'),(620066528,'CHEM2867'),(620066528,'BIOC3457');
INSERT INTO Users VALUES (620066529,'Dorothy','Bowerman','DorothyBowerman@gmail.com','BowermanDorothy');
INSERT INTO Students VALUES (620066529,'UNDERGRAD','01-01-2020');
INSERT INTO Enrolled (u_id,courseCode) VALUES (620066529,'PHYS2338'),(620066529,'MATH1735'),(620066529,'INFO2270'),(620066529,'CHEM3327'),(620066529,'ECON2814');
INSERT INTO Users VALUES (620066530,'Melanie','Dunn','MelanieDunn@gmail.com','DunnMelanie');
INSERT INTO Students VALUES (620066530,'UNDERGRAD','01-01-2020');
INSERT INTO Enrolled (u_id,courseCode) VALUES (620066530,'ECON1012'),(620066530,'MATH1454'),(620066530,'MATH2501'),(620066530,'PHYS2667'),(620066530,'BIOC3230');
INSERT INTO Users VALUES (620066531,'Evelyn','Woomer','EvelynWoomer@gmail.com','WoomerEvelyn');
INSERT INTO Students VALUES (620066531,'UNDERGRAD','01-01-2020');
INSERT INTO Enrolled (u_id,courseCode) VALUES (620066531,'BIOC3721'),(620066531,'MATH3857'),(620066531,'CHEM2005'),(620066531,'CHEM3617'),(620066531,'BIOC2671'),(620066531,'CHEM1494');
INSERT INTO Users VALUES (620066532,'Miguel','Mcalister','MiguelMcalister@gmail.com','McalisterMiguel');
INSERT INTO Students VALUES (620066532,'UNDERGRAD','01-01-2020');
INSERT INTO Enrolled (u_id,courseCode) VALUES (620066532,'CHEM1494'),(620066532,'BIOC1725'),(620066532,'MATH3544'),(620066532,'CHEM3793');
INSERT INTO Users VALUES (620066533,'Ralph','Sniezek','RalphSniezek@gmail.com','SniezekRalph');
INSERT INTO Students VALUES (620066533,'UNDERGRAD','01-01-2020');
INSERT INTO Enrolled (u_id,courseCode) VALUES (620066533,'CHEM2066'),(620066533,'ECON3020'),(620066533,'MATH2188'),(620066533,'INFO3935'),(620066533,'BIOC1485'),(620066533,'INFO2860');
INSERT INTO Users VALUES (620066534,'Jeffrey','Garnes','JeffreyGarnes@gmail.com','GarnesJeffrey');
INSERT INTO Students VALUES (620066534,'UNDERGRAD','01-01-2020');
INSERT INTO Enrolled (u_id,courseCode) VALUES (620066534,'ECON2345'),(620066534,'MATH3613'),(620066534,'CHEM2797'),(620066534,'PHYS3464');
INSERT INTO Users VALUES (620066535,'Peggy','Barnett','PeggyBarnett@gmail.com','BarnettPeggy');
INSERT INTO Students VALUES (620066535,'UNDERGRAD','01-01-2020');
INSERT INTO Enrolled (u_id,courseCode) VALUES (620066535,'PHYS1399'),(620066535,'INFO2950'),(620066535,'ECON3063'),(620066535,'PHYS3464'),(620066535,'CHEM2797');
INSERT INTO Users VALUES (620066536,'Marilyn','Richardson','MarilynRichardson@gmail.com','RichardsonMarilyn');
INSERT INTO Students VALUES (620066536,'UNDERGRAD','01-01-2020');
INSERT INTO Enrolled (u_id,courseCode) VALUES (620066536,'MATH3222'),(620066536,'ECON1458'),(620066536,'PHYS1930'),(620066536,'BIOC1485'),(620066536,'CHEM3054'),(620066536,'CHEM3347');
INSERT INTO Users VALUES (620066537,'Roy','Rice','RoyRice@gmail.com','RiceRoy');
INSERT INTO Students VALUES (620066537,'UNDERGRAD','01-01-2020');
INSERT INTO Enrolled (u_id,courseCode) VALUES (620066537,'BIOC3721'),(620066537,'INFO1825'),(620066537,'BIOC2983');
INSERT INTO Users VALUES (620066538,'Marcus','Carrington','MarcusCarrington@gmail.com','CarringtonMarcus');
INSERT INTO Students VALUES (620066538,'UNDERGRAD','01-01-2020');
INSERT INTO Enrolled (u_id,courseCode) VALUES (620066538,'INFO3645'),(620066538,'MATH3844'),(620066538,'INFO1242');
INSERT INTO Users VALUES (620066539,'Blake','Blevins','BlakeBlevins@gmail.com','BlevinsBlake');
INSERT INTO Students VALUES (620066539,'UNDERGRAD','01-01-2020');
INSERT INTO Enrolled (u_id,courseCode) VALUES (620066539,'MATH2957'),(620066539,'MATH3222'),(620066539,'ECON1098');
INSERT INTO Users VALUES (620066540,'Tia','Robertson','TiaRobertson@gmail.com','RobertsonTia');
INSERT INTO Students VALUES (620066540,'UNDERGRAD','01-01-2020');
INSERT INTO Enrolled (u_id,courseCode) VALUES (620066540,'CHEM3409'),(620066540,'BIOC2054'),(620066540,'BIOC3457');
INSERT INTO Users VALUES (620066541,'Paul','Caudill','PaulCaudill@gmail.com','CaudillPaul');
INSERT INTO Students VALUES (620066541,'UNDERGRAD','01-01-2020');
INSERT INTO Enrolled (u_id,courseCode) VALUES (620066541,'CHEM2066'),(620066541,'PHYS1173'),(620066541,'MATH1148'),(620066541,'INFO2797'),(620066541,'PHYS2563'),(620066541,'PHYS3787');
INSERT INTO Users VALUES (620066542,'Jose','Jefferson','JoseJefferson@gmail.com','JeffersonJose');
INSERT INTO Students VALUES (620066542,'UNDERGRAD','01-01-2020');
INSERT INTO Enrolled (u_id,courseCode) VALUES (620066542,'COMP2400'),(620066542,'PHYS3659'),(620066542,'ECON2814'),(620066542,'CHEM3327'),(620066542,'COMP2965'),(620066542,'CHEM2727');
INSERT INTO Users VALUES (620066543,'Sara','Hodge','SaraHodge@gmail.com','HodgeSara');
INSERT INTO Students VALUES (620066543,'UNDERGRAD','01-01-2020');
INSERT INTO Enrolled (u_id,courseCode) VALUES (620066543,'INFO2147'),(620066543,'CHEM3793'),(620066543,'PHYS3052');
INSERT INTO Users VALUES (620066544,'Edna','Imoto','EdnaImoto@gmail.com','ImotoEdna');
INSERT INTO Students VALUES (620066544,'UNDERGRAD','01-01-2020');
INSERT INTO Enrolled (u_id,courseCode) VALUES (620066544,'INFO3935'),(620066544,'ECON3063'),(620066544,'COMP3418'),(620066544,'BIOC1744'),(620066544,'COMP3506');
INSERT INTO Users VALUES (620066545,'Justin','Lyford','JustinLyford@gmail.com','LyfordJustin');
INSERT INTO Students VALUES (620066545,'UNDERGRAD','01-01-2020');
INSERT INTO Enrolled (u_id,courseCode) VALUES (620066545,'COMP2361'),(620066545,'INFO2521'),(620066545,'PHYS1979'),(620066545,'INFO1447'),(620066545,'ECON3020'),(620066545,'INFO1288');
INSERT INTO Users VALUES (620066546,'Mildred','Crespo','MildredCrespo@gmail.com','CrespoMildred');
INSERT INTO Students VALUES (620066546,'UNDERGRAD','01-01-2020');
INSERT INTO Enrolled (u_id,courseCode) VALUES (620066546,'BIOC2983'),(620066546,'PHYS2448'),(620066546,'COMP3849'),(620066546,'PHYS3876');
INSERT INTO Users VALUES (620066547,'Mildred','Mccarthy','MildredMccarthy@gmail.com','MccarthyMildred');
INSERT INTO Students VALUES (620066547,'UNDERGRAD','01-01-2020');
INSERT INTO Enrolled (u_id,courseCode) VALUES (620066547,'INFO2147'),(620066547,'COMP2651'),(620066547,'PHYS1140'),(620066547,'ECON3523');
INSERT INTO Users VALUES (620066548,'Tiara','Hanks','TiaraHanks@gmail.com','HanksTiara');
INSERT INTO Students VALUES (620066548,'UNDERGRAD','01-01-2020');
INSERT INTO Enrolled (u_id,courseCode) VALUES (620066548,'MATH1735'),(620066548,'ECON3228'),(620066548,'MATH1454'),(620066548,'ECON3004'),(620066548,'COMP3238'),(620066548,'INFO1825');
INSERT INTO Users VALUES (620066549,'Taylor','Gray','TaylorGray@gmail.com','GrayTaylor');
INSERT INTO Students VALUES (620066549,'UNDERGRAD','01-01-2020');
INSERT INTO Enrolled (u_id,courseCode) VALUES (620066549,'ECON3020'),(620066549,'CHEM2177'),(620066549,'MATH2188'),(620066549,'BIOC1744'),(620066549,'COMP1543');
INSERT INTO Users VALUES (620066550,'Brian','Comley','BrianComley@gmail.com','ComleyBrian');
INSERT INTO Students VALUES (620066550,'UNDERGRAD','01-01-2020');
INSERT INTO Enrolled (u_id,courseCode) VALUES (620066550,'ECON2345'),(620066550,'BIOC1744'),(620066550,'ECON1645'),(620066550,'PHYS1993'),(620066550,'INFO2811');
INSERT INTO Users VALUES (620066551,'Christina','Comley','ChristinaComley@gmail.com','ComleyChristina');
INSERT INTO Students VALUES (620066551,'UNDERGRAD','01-01-2020');
INSERT INTO Enrolled (u_id,courseCode) VALUES (620066551,'COMP1460'),(620066551,'BIOC2981'),(620066551,'CHEM2697');
INSERT INTO Users VALUES (620066552,'Mack','Thompson','MackThompson@gmail.com','ThompsonMack');
INSERT INTO Students VALUES (620066552,'UNDERGRAD','01-01-2020');
INSERT INTO Enrolled (u_id,courseCode) VALUES (620066552,'MATH3688'),(620066552,'MATH3857'),(620066552,'ECON2703');
INSERT INTO Users VALUES (620066553,'Stephanie','Jefferson','StephanieJefferson@gmail.com','JeffersonStephanie');
INSERT INTO Students VALUES (620066553,'UNDERGRAD','01-01-2020');
INSERT INTO Enrolled (u_id,courseCode) VALUES (620066553,'COMP3173'),(620066553,'CHEM2797'),(620066553,'CHEM3327'),(620066553,'INFO2213'),(620066553,'INFO3636'),(620066553,'CHEM2177');
INSERT INTO Users VALUES (620066554,'Peggy','Deen','PeggyDeen@gmail.com','DeenPeggy');
INSERT INTO Students VALUES (620066554,'UNDERGRAD','01-01-2020');
INSERT INTO Enrolled (u_id,courseCode) VALUES (620066554,'CHEM3617'),(620066554,'PHYS2448'),(620066554,'MATH3029');
INSERT INTO Users VALUES (620066555,'Casey','Souza','CaseySouza@gmail.com','SouzaCasey');
INSERT INTO Students VALUES (620066555,'UNDERGRAD','01-01-2020');
INSERT INTO Enrolled (u_id,courseCode) VALUES (620066555,'MATH1735'),(620066555,'PHYS2238'),(620066555,'PHYS3290'),(620066555,'ECON3085'),(620066555,'BIOC1439');
INSERT INTO Users VALUES (620066556,'Freddie','Merna','FreddieMerna@gmail.com','MernaFreddie');
INSERT INTO Students VALUES (620066556,'UNDERGRAD','01-01-2020');
INSERT INTO Enrolled (u_id,courseCode) VALUES (620066556,'ECON3311'),(620066556,'CHEM3327'),(620066556,'CHEM3347'),(620066556,'ECON2703'),(620066556,'INFO1825');
INSERT INTO Users VALUES (620066557,'Cynthia','Robertson','CynthiaRobertson@gmail.com','RobertsonCynthia');
INSERT INTO Students VALUES (620066557,'UNDERGRAD','01-01-2020');
INSERT INTO Enrolled (u_id,courseCode) VALUES (620066557,'CHEM2867'),(620066557,'BIOC1485'),(620066557,'MATH2957'),(620066557,'BIOC2983');
INSERT INTO Users VALUES (620066558,'Christine','Harms','ChristineHarms@gmail.com','HarmsChristine');
INSERT INTO Students VALUES (620066558,'UNDERGRAD','01-01-2020');
INSERT INTO Enrolled (u_id,courseCode) VALUES (620066558,'ECON3085'),(620066558,'CHEM2697'),(620066558,'BIOC1986'),(620066558,'PHYS3876'),(620066558,'CHEM3614'),(620066558,'INFO1825');
INSERT INTO Users VALUES (620066559,'Kim','Shields','KimShields@gmail.com','ShieldsKim');
INSERT INTO Students VALUES (620066559,'UNDERGRAD','01-01-2020');
INSERT INTO Enrolled (u_id,courseCode) VALUES (620066559,'PHYS1993'),(620066559,'PHYS1930'),(620066559,'CHEM2031'),(620066559,'BIOC1164'),(620066559,'PHYS3729');
INSERT INTO Users VALUES (620066560,'Randy','Lorenz','RandyLorenz@gmail.com','LorenzRandy');
INSERT INTO Students VALUES (620066560,'UNDERGRAD','01-01-2020');
INSERT INTO Enrolled (u_id,courseCode) VALUES (620066560,'INFO1990'),(620066560,'ECON3989'),(620066560,'CHEM2697');
INSERT INTO Users VALUES (620066561,'Lauren','Terry','LaurenTerry@gmail.com','TerryLauren');
INSERT INTO Students VALUES (620066561,'UNDERGRAD','01-01-2020');
INSERT INTO Enrolled (u_id,courseCode) VALUES (620066561,'COMP3047'),(620066561,'BIOC3341'),(620066561,'MATH2501');
INSERT INTO Users VALUES (620066562,'Gary','Turkus','GaryTurkus@gmail.com','TurkusGary');
INSERT INTO Students VALUES (620066562,'UNDERGRAD','01-01-2020');
INSERT INTO Enrolled (u_id,courseCode) VALUES (620066562,'INFO3868'),(620066562,'MATH2873'),(620066562,'ECON3085'),(620066562,'BIOC1794'),(620066562,'CHEM2481');
INSERT INTO Users VALUES (620066563,'Latoya','Russ','LatoyaRuss@gmail.com','RussLatoya');
INSERT INTO Students VALUES (620066563,'UNDERGRAD','01-01-2020');
INSERT INTO Enrolled (u_id,courseCode) VALUES (620066563,'BIOC1744'),(620066563,'BIOC1534'),(620066563,'MATH3688'),(620066563,'MATH3857');
INSERT INTO Users VALUES (620066564,'Barbara','Cardona','BarbaraCardona@gmail.com','CardonaBarbara');
INSERT INTO Students VALUES (620066564,'UNDERGRAD','01-01-2020');
INSERT INTO Enrolled (u_id,courseCode) VALUES (620066564,'CHEM2149'),(620066564,'PHYS3339'),(620066564,'MATH3173'),(620066564,'BIOC1164');
INSERT INTO Users VALUES (620066565,'Aaron','Davis','AaronDavis@gmail.com','DavisAaron');
INSERT INTO Students VALUES (620066565,'UNDERGRAD','01-01-2020');
INSERT INTO Enrolled (u_id,courseCode) VALUES (620066565,'ECON3311'),(620066565,'CHEM2220'),(620066565,'BIOC3604'),(620066565,'BIOC1986'),(620066565,'CHEM3747'),(620066565,'MATH2873');
INSERT INTO Users VALUES (620066566,'Eunice','Lindstrom','EuniceLindstrom@gmail.com','LindstromEunice');
INSERT INTO Students VALUES (620066566,'UNDERGRAD','01-01-2020');
INSERT INTO Enrolled (u_id,courseCode) VALUES (620066566,'COMP3167'),(620066566,'MATH2717'),(620066566,'COMP1184'),(620066566,'CHEM3409'),(620066566,'MATH3688');
INSERT INTO Users VALUES (620066567,'Lisa','Tallent','LisaTallent@gmail.com','TallentLisa');
INSERT INTO Students VALUES (620066567,'UNDERGRAD','01-01-2020');
INSERT INTO Enrolled (u_id,courseCode) VALUES (620066567,'PHYS2451'),(620066567,'INFO1447'),(620066567,'PHYS3876');
INSERT INTO Users VALUES (620066568,'Sean','Jaworski','SeanJaworski@gmail.com','JaworskiSean');
INSERT INTO Students VALUES (620066568,'UNDERGRAD','01-01-2020');
INSERT INTO Enrolled (u_id,courseCode) VALUES (620066568,'PHYS2338'),(620066568,'ECON3063'),(620066568,'MATH2188'),(620066568,'COMP1184'),(620066568,'MATH3613');
INSERT INTO Users VALUES (620066569,'Catherine','Merna','CatherineMerna@gmail.com','MernaCatherine');
INSERT INTO Students VALUES (620066569,'UNDERGRAD','01-01-2020');
INSERT INTO Enrolled (u_id,courseCode) VALUES (620066569,'PHYS2238'),(620066569,'CHEM2481'),(620066569,'PHYS3876'),(620066569,'INFO2270');
INSERT INTO Users VALUES (620066570,'Milton','Orchard','MiltonOrchard@gmail.com','OrchardMilton');
INSERT INTO Students VALUES (620066570,'UNDERGRAD','01-01-2020');
INSERT INTO Enrolled (u_id,courseCode) VALUES (620066570,'CHEM2005'),(620066570,'ECON3550'),(620066570,'MATH3209'),(620066570,'COMP1460');
INSERT INTO Users VALUES (620066571,'Jeffrey','Madsen','JeffreyMadsen@gmail.com','MadsenJeffrey');
INSERT INTO Students VALUES (620066571,'UNDERGRAD','01-01-2020');
INSERT INTO Enrolled (u_id,courseCode) VALUES (620066571,'CHEM2604'),(620066571,'ECON3311'),(620066571,'PHYS1399');
INSERT INTO Users VALUES (620066572,'Christina','English','ChristinaEnglish@gmail.com','EnglishChristina');
INSERT INTO Students VALUES (620066572,'UNDERGRAD','01-01-2020');
INSERT INTO Enrolled (u_id,courseCode) VALUES (620066572,'ECON2703'),(620066572,'MATH2188'),(620066572,'MATH3029'),(620066572,'PHYS3464');
INSERT INTO Users VALUES (620066573,'Nathan','Butler','NathanButler@gmail.com','ButlerNathan');
INSERT INTO Students VALUES (620066573,'UNDERGRAD','01-01-2020');
INSERT INTO Enrolled (u_id,courseCode) VALUES (620066573,'BIOC2236'),(620066573,'ECON3281'),(620066573,'MATH3209'),(620066573,'MATH2873'),(620066573,'COMP3746'),(620066573,'COMP1460');
INSERT INTO Users VALUES (620066574,'Dawn','Maione','DawnMaione@gmail.com','MaioneDawn');
INSERT INTO Students VALUES (620066574,'UNDERGRAD','01-01-2020');
INSERT INTO Enrolled (u_id,courseCode) VALUES (620066574,'BIOC2983'),(620066574,'PHYS3354'),(620066574,'CHEM3747'),(620066574,'BIOC1439');
INSERT INTO Users VALUES (620066575,'Ernesto','Vario','ErnestoVario@gmail.com','VarioErnesto');
INSERT INTO Students VALUES (620066575,'UNDERGRAD','01-01-2020');
INSERT INTO Enrolled (u_id,courseCode) VALUES (620066575,'PHYS3659'),(620066575,'MATH2717'),(620066575,'PHYS3290'),(620066575,'ECON2345'),(620066575,'MATH2801'),(620066575,'CHEM3054');
INSERT INTO Users VALUES (620066576,'Roger','Walden','RogerWalden@gmail.com','WaldenRoger');
INSERT INTO Students VALUES (620066576,'UNDERGRAD','01-01-2020');
INSERT INTO Enrolled (u_id,courseCode) VALUES (620066576,'ECON3737'),(620066576,'INFO2559'),(620066576,'MATH3857'),(620066576,'MATH2801'),(620066576,'PHYS3339'),(620066576,'COMP3167');
INSERT INTO Users VALUES (620066577,'Kimberly','Alvarez','KimberlyAlvarez@gmail.com','AlvarezKimberly');
INSERT INTO Students VALUES (620066577,'UNDERGRAD','01-01-2020');
INSERT INTO Enrolled (u_id,courseCode) VALUES (620066577,'ECON1996'),(620066577,'MATH3209'),(620066577,'COMP2965'),(620066577,'PHYS1399'),(620066577,'BIOC2236'),(620066577,'COMP1460');
INSERT INTO Users VALUES (620066578,'Peter','Hawkins','PeterHawkins@gmail.com','HawkinsPeter');
INSERT INTO Students VALUES (620066578,'UNDERGRAD','01-01-2020');
INSERT INTO Enrolled (u_id,courseCode) VALUES (620066578,'PHYS3876'),(620066578,'CHEM3617'),(620066578,'ECON1012');
INSERT INTO Users VALUES (620066579,'Tiara','Jensen','TiaraJensen@gmail.com','JensenTiara');
INSERT INTO Students VALUES (620066579,'UNDERGRAD','01-01-2020');
INSERT INTO Enrolled (u_id,courseCode) VALUES (620066579,'CHEM2446'),(620066579,'PHYS2229'),(620066579,'BIOC1866'),(620066579,'PHYS3729'),(620066579,'COMP3238'),(620066579,'COMP2077');
INSERT INTO Users VALUES (620066580,'Carrie','Meisner','CarrieMeisner@gmail.com','MeisnerCarrie');
INSERT INTO Students VALUES (620066580,'UNDERGRAD','01-01-2020');
INSERT INTO Enrolled (u_id,courseCode) VALUES (620066580,'INFO1288'),(620066580,'INFO1990'),(620066580,'MATH3613'),(620066580,'BIOC1986'),(620066580,'PHYS1930');
INSERT INTO Users VALUES (620066581,'Frances','Morey','FrancesMorey@gmail.com','MoreyFrances');
INSERT INTO Students VALUES (620066581,'UNDERGRAD','01-01-2020');
INSERT INTO Enrolled (u_id,courseCode) VALUES (620066581,'PHYS2977'),(620066581,'MATH2957'),(620066581,'PHYS3729');
INSERT INTO Users VALUES (620066582,'Nathan','Wolfe','NathanWolfe@gmail.com','WolfeNathan');
INSERT INTO Students VALUES (620066582,'UNDERGRAD','01-01-2020');
INSERT INTO Enrolled (u_id,courseCode) VALUES (620066582,'PHYS2113'),(620066582,'ECON3228'),(620066582,'MATH3688'),(620066582,'MATH3029'),(620066582,'COMP3697');
INSERT INTO Users VALUES (620066583,'Brooke','Miller','BrookeMiller@gmail.com','MillerBrooke');
INSERT INTO Students VALUES (620066583,'UNDERGRAD','01-01-2020');
INSERT INTO Enrolled (u_id,courseCode) VALUES (620066583,'ECON3447'),(620066583,'COMP2717'),(620066583,'MATH2188'),(620066583,'ECON1230'),(620066583,'PHYS1993');
INSERT INTO Users VALUES (620066584,'Celia','Gillman','CeliaGillman@gmail.com','GillmanCelia');
INSERT INTO Students VALUES (620066584,'UNDERGRAD','01-01-2020');
INSERT INTO Enrolled (u_id,courseCode) VALUES (620066584,'PHYS1993'),(620066584,'COMP2651'),(620066584,'MATH3059'),(620066584,'MATH2550'),(620066584,'BIOC3457'),(620066584,'CHEM2149');
INSERT INTO Users VALUES (620066585,'Antwan','Truong','AntwanTruong@gmail.com','TruongAntwan');
INSERT INTO Students VALUES (620066585,'UNDERGRAD','01-01-2020');
INSERT INTO Enrolled (u_id,courseCode) VALUES (620066585,'INFO1014'),(620066585,'COMP3238'),(620066585,'COMP3173');
INSERT INTO Users VALUES (620066586,'Eric','Terry','EricTerry@gmail.com','TerryEric');
INSERT INTO Students VALUES (620066586,'UNDERGRAD','01-01-2020');
INSERT INTO Enrolled (u_id,courseCode) VALUES (620066586,'ECON1098'),(620066586,'PHYS3659'),(620066586,'BIOC1104');
INSERT INTO Users VALUES (620066587,'Melodie','Fuller','MelodieFuller@gmail.com','FullerMelodie');
INSERT INTO Students VALUES (620066587,'UNDERGRAD','01-01-2020');
INSERT INTO Enrolled (u_id,courseCode) VALUES (620066587,'COMP1543'),(620066587,'MATH3688'),(620066587,'COMP2361');
INSERT INTO Users VALUES (620066588,'Evelyn','Amberg','EvelynAmberg@gmail.com','AmbergEvelyn');
INSERT INTO Students VALUES (620066588,'UNDERGRAD','01-01-2020');
INSERT INTO Enrolled (u_id,courseCode) VALUES (620066588,'MATH2550'),(620066588,'CHEM1340'),(620066588,'ECON3523');
INSERT INTO Users VALUES (620066589,'Joan','Burney','JoanBurney@gmail.com','BurneyJoan');
INSERT INTO Students VALUES (620066589,'UNDERGRAD','01-01-2020');
INSERT INTO Enrolled (u_id,courseCode) VALUES (620066589,'ECON3372'),(620066589,'BIOC1164'),(620066589,'MATH3209');
INSERT INTO Users VALUES (620066590,'Deborah','Luper','DeborahLuper@gmail.com','LuperDeborah');
INSERT INTO Students VALUES (620066590,'UNDERGRAD','01-01-2020');
INSERT INTO Enrolled (u_id,courseCode) VALUES (620066590,'ECON3288'),(620066590,'PHYS1140'),(620066590,'CHEM3617');
INSERT INTO Users VALUES (620066591,'Robert','Casteel','RobertCasteel@gmail.com','CasteelRobert');
INSERT INTO Students VALUES (620066591,'UNDERGRAD','01-01-2020');
INSERT INTO Enrolled (u_id,courseCode) VALUES (620066591,'ECON1498'),(620066591,'INFO1145'),(620066591,'ECON3372'),(620066591,'BIOC3230'),(620066591,'CHEM2727'),(620066591,'COMP3685');
INSERT INTO Users VALUES (620066592,'Homer','Alexander','HomerAlexander@gmail.com','AlexanderHomer');
INSERT INTO Students VALUES (620066592,'UNDERGRAD','01-01-2020');
INSERT INTO Enrolled (u_id,courseCode) VALUES (620066592,'PHYS1993'),(620066592,'CHEM2481'),(620066592,'CHEM1485'),(620066592,'BIOC2550'),(620066592,'MATH1648');
INSERT INTO Users VALUES (620066593,'Vanessa','Calder','VanessaCalder@gmail.com','CalderVanessa');
INSERT INTO Students VALUES (620066593,'UNDERGRAD','01-01-2020');
INSERT INTO Enrolled (u_id,courseCode) VALUES (620066593,'COMP3685'),(620066593,'COMP2400'),(620066593,'PHYS2306'),(620066593,'INFO2860'),(620066593,'BIOC1725');
INSERT INTO Users VALUES (620066594,'Agnes','Kent','AgnesKent@gmail.com','KentAgnes');
INSERT INTO Students VALUES (620066594,'UNDERGRAD','01-01-2020');
INSERT INTO Enrolled (u_id,courseCode) VALUES (620066594,'INFO2270'),(620066594,'COMP3536'),(620066594,'CHEM3888'),(620066594,'BIOC1794'),(620066594,'BIOC2981'),(620066594,'BIOC2054');
INSERT INTO Users VALUES (620066595,'Earl','Hart','EarlHart@gmail.com','HartEarl');
INSERT INTO Students VALUES (620066595,'UNDERGRAD','01-01-2020');
INSERT INTO Enrolled (u_id,courseCode) VALUES (620066595,'MATH3844'),(620066595,'PHYS2229'),(620066595,'ECON2814'),(620066595,'MATH1578');
INSERT INTO Users VALUES (620066596,'Jake','Bras','JakeBras@gmail.com','BrasJake');
INSERT INTO Students VALUES (620066596,'UNDERGRAD','01-01-2020');
INSERT INTO Enrolled (u_id,courseCode) VALUES (620066596,'BIOC3721'),(620066596,'MATH1638'),(620066596,'BIOC2983'),(620066596,'INFO3603'),(620066596,'INFO1242');
INSERT INTO Users VALUES (620066597,'Gregory','Hunter','GregoryHunter@gmail.com','HunterGregory');
INSERT INTO Students VALUES (620066597,'UNDERGRAD','01-01-2020');
INSERT INTO Enrolled (u_id,courseCode) VALUES (620066597,'MATH1638'),(620066597,'PHYS3052'),(620066597,'MATH3059'),(620066597,'PHYS3686');
INSERT INTO Users VALUES (620066598,'Louise','Myrick','LouiseMyrick@gmail.com','MyrickLouise');
INSERT INTO Students VALUES (620066598,'UNDERGRAD','01-01-2020');
INSERT INTO Enrolled (u_id,courseCode) VALUES (620066598,'BIOC1725'),(620066598,'PHYS2113'),(620066598,'MATH3179'),(620066598,'BIOC1439'),(620066598,'INFO3603');
INSERT INTO Users VALUES (620066599,'Sandra','Garrett','SandraGarrett@gmail.com','GarrettSandra');
INSERT INTO Students VALUES (620066599,'UNDERGRAD','01-01-2020');
INSERT INTO Enrolled (u_id,courseCode) VALUES (620066599,'CHEM2481'),(620066599,'PHYS3339'),(620066599,'ECON2345'),(620066599,'BIOC1104');
INSERT INTO Users VALUES (620066600,'Jewell','Early','JewellEarly@gmail.com','EarlyJewell');
INSERT INTO Students VALUES (620066600,'UNDERGRAD','01-01-2020');
INSERT INTO Enrolled (u_id,courseCode) VALUES (620066600,'ECON1561'),(620066600,'BIOC1439'),(620066600,'MATH2717');
INSERT INTO Users VALUES (620066601,'Kathleen','Lauritsen','KathleenLauritsen@gmail.com','LauritsenKathleen');
INSERT INTO Students VALUES (620066601,'UNDERGRAD','01-01-2020');
INSERT INTO Enrolled (u_id,courseCode) VALUES (620066601,'PHYS3354'),(620066601,'BIOC1725'),(620066601,'PHYS2563'),(620066601,'ECON3020'),(620066601,'PHYS2113'),(620066601,'PHYS1140');
INSERT INTO Users VALUES (620066602,'Dwayne','Ekberg','DwayneEkberg@gmail.com','EkbergDwayne');
INSERT INTO Students VALUES (620066602,'UNDERGRAD','01-01-2020');
INSERT INTO Enrolled (u_id,courseCode) VALUES (620066602,'CHEM2867'),(620066602,'COMP2541'),(620066602,'BIOC1052'),(620066602,'ECON1458');
INSERT INTO Users VALUES (620066603,'Susan','Washinski','SusanWashinski@gmail.com','WashinskiSusan');
INSERT INTO Students VALUES (620066603,'UNDERGRAD','01-01-2020');
INSERT INTO Enrolled (u_id,courseCode) VALUES (620066603,'INFO1825'),(620066603,'ECON3447'),(620066603,'COMP2080'),(620066603,'MATH1454'),(620066603,'BIOC3191'),(620066603,'PHYS3290');
INSERT INTO Users VALUES (620066604,'Harold','Sandlin','HaroldSandlin@gmail.com','SandlinHarold');
INSERT INTO Students VALUES (620066604,'UNDERGRAD','01-01-2020');
INSERT INTO Enrolled (u_id,courseCode) VALUES (620066604,'MATH3173'),(620066604,'MATH3844'),(620066604,'INFO2213'),(620066604,'BIOC2981'),(620066604,'COMP2717');
INSERT INTO Users VALUES (620066605,'Luella','Amberg','LuellaAmberg@gmail.com','AmbergLuella');
INSERT INTO Students VALUES (620066605,'UNDERGRAD','01-01-2020');
INSERT INTO Enrolled (u_id,courseCode) VALUES (620066605,'INFO3636'),(620066605,'CHEM1613'),(620066605,'CHEM2727'),(620066605,'CHEM1494');
INSERT INTO Users VALUES (620066606,'Melanie','Deen','MelanieDeen@gmail.com','DeenMelanie');
INSERT INTO Students VALUES (620066606,'UNDERGRAD','01-01-2020');
INSERT INTO Enrolled (u_id,courseCode) VALUES (620066606,'ECON2387'),(620066606,'PHYS2448'),(620066606,'ECON1230');
INSERT INTO Users VALUES (620066607,'Caroline','Diggs','CarolineDiggs@gmail.com','DiggsCaroline');
INSERT INTO Students VALUES (620066607,'UNDERGRAD','01-01-2020');
INSERT INTO Enrolled (u_id,courseCode) VALUES (620066607,'CHEM2727'),(620066607,'PHYS2117'),(620066607,'INFO3935'),(620066607,'CHEM1340'),(620066607,'ECON3550');
INSERT INTO Users VALUES (620066608,'Rachel','Deen','RachelDeen@gmail.com','DeenRachel');
INSERT INTO Students VALUES (620066608,'UNDERGRAD','01-01-2020');
INSERT INTO Enrolled (u_id,courseCode) VALUES (620066608,'BIOC1534'),(620066608,'PHYS1140'),(620066608,'INFO2797'),(620066608,'INFO2147');
INSERT INTO Users VALUES (620066609,'Tanya','Jesse','TanyaJesse@gmail.com','JesseTanya');
INSERT INTO Students VALUES (620066609,'UNDERGRAD','01-01-2020');
INSERT INTO Enrolled (u_id,courseCode) VALUES (620066609,'INFO2213'),(620066609,'CHEM3327'),(620066609,'PHYS1930'),(620066609,'INFO3636'),(620066609,'COMP3639');
INSERT INTO Users VALUES (620066610,'Tony','Parker','TonyParker@gmail.com','ParkerTony');
INSERT INTO Students VALUES (620066610,'UNDERGRAD','01-01-2020');
INSERT INTO Enrolled (u_id,courseCode) VALUES (620066610,'PHYS1399'),(620066610,'CHEM2867'),(620066610,'ECON3020');
INSERT INTO Users VALUES (620066611,'Alvin','Cochran','AlvinCochran@gmail.com','CochranAlvin');
INSERT INTO Students VALUES (620066611,'UNDERGRAD','01-01-2020');
INSERT INTO Enrolled (u_id,courseCode) VALUES (620066611,'BIOC1598'),(620066611,'PHYS1399'),(620066611,'BIOC2983'),(620066611,'ECON3523');
INSERT INTO Users VALUES (620066612,'Wayne','Eaton','WayneEaton@gmail.com','EatonWayne');
INSERT INTO Students VALUES (620066612,'UNDERGRAD','01-01-2020');
INSERT INTO Enrolled (u_id,courseCode) VALUES (620066612,'CHEM2446'),(620066612,'COMP1357'),(620066612,'MATH3544'),(620066612,'BIOC1448'),(620066612,'BIOC3191'),(620066612,'PHYS2306');
INSERT INTO Users VALUES (620066613,'Vickie','Washinski','VickieWashinski@gmail.com','WashinskiVickie');
INSERT INTO Students VALUES (620066613,'UNDERGRAD','01-01-2020');
INSERT INTO Enrolled (u_id,courseCode) VALUES (620066613,'INFO1145'),(620066613,'COMP1867'),(620066613,'CHEM1494');
INSERT INTO Users VALUES (620066614,'Robert','Flemming','RobertFlemming@gmail.com','FlemmingRobert');
INSERT INTO Students VALUES (620066614,'UNDERGRAD','01-01-2020');
INSERT INTO Enrolled (u_id,courseCode) VALUES (620066614,'COMP1051'),(620066614,'ECON3228'),(620066614,'PHYS1979'),(620066614,'INFO1014'),(620066614,'ECON2722'),(620066614,'COMP3506');
INSERT INTO Users VALUES (620066615,'Trina','Dahlheimer','TrinaDahlheimer@gmail.com','DahlheimerTrina');
INSERT INTO Students VALUES (620066615,'UNDERGRAD','01-01-2020');
INSERT INTO Enrolled (u_id,courseCode) VALUES (620066615,'PHYS2338'),(620066615,'BIOC1910'),(620066615,'ECON2722'),(620066615,'PHYS1979'),(620066615,'COMP3506');
INSERT INTO Users VALUES (620066616,'Sara','Lavoy','SaraLavoy@gmail.com','LavoySara');
INSERT INTO Students VALUES (620066616,'UNDERGRAD','01-01-2020');
INSERT INTO Enrolled (u_id,courseCode) VALUES (620066616,'MATH1735'),(620066616,'BIOC2981'),(620066616,'ECON3447'),(620066616,'PHYS3354'),(620066616,'INFO2716');
INSERT INTO Users VALUES (620066617,'Cheryl','Blackwell','CherylBlackwell@gmail.com','BlackwellCheryl');
INSERT INTO Students VALUES (620066617,'UNDERGRAD','01-01-2020');
INSERT INTO Enrolled (u_id,courseCode) VALUES (620066617,'BIOC2236'),(620066617,'PHYS3659'),(620066617,'INFO1145'),(620066617,'PHYS2113'),(620066617,'MATH2801');
INSERT INTO Users VALUES (620066618,'Walter','Smith','WalterSmith@gmail.com','SmithWalter');
INSERT INTO Students VALUES (620066618,'UNDERGRAD','01-01-2020');
INSERT INTO Enrolled (u_id,courseCode) VALUES (620066618,'CHEM2604'),(620066618,'ECON2814'),(620066618,'CHEM3614'),(620066618,'MATH2188'),(620066618,'INFO3603');
INSERT INTO Users VALUES (620066619,'Lilla','Moore','LillaMoore@gmail.com','MooreLilla');
INSERT INTO Students VALUES (620066619,'UNDERGRAD','01-01-2020');
INSERT INTO Enrolled (u_id,courseCode) VALUES (620066619,'ECON3063'),(620066619,'MATH2501'),(620066619,'INFO2636');
INSERT INTO Users VALUES (620066620,'Teresa','Carlson','TeresaCarlson@gmail.com','CarlsonTeresa');
INSERT INTO Students VALUES (620066620,'UNDERGRAD','01-01-2020');
INSERT INTO Enrolled (u_id,courseCode) VALUES (620066620,'ECON3523'),(620066620,'CHEM2005'),(620066620,'BIOC1910'),(620066620,'PHYS1930'),(620066620,'PHYS3464');
INSERT INTO Users VALUES (620066621,'Jeremy','Meisner','JeremyMeisner@gmail.com','MeisnerJeremy');
INSERT INTO Students VALUES (620066621,'UNDERGRAD','01-01-2020');
INSERT INTO Enrolled (u_id,courseCode) VALUES (620066621,'COMP1573'),(620066621,'ECON1170'),(620066621,'ECON3085');
INSERT INTO Users VALUES (620066622,'Roy','Merna','RoyMerna@gmail.com','MernaRoy');
INSERT INTO Students VALUES (620066622,'UNDERGRAD','01-01-2020');
INSERT INTO Enrolled (u_id,courseCode) VALUES (620066622,'MATH3613'),(620066622,'CHEM2220'),(620066622,'BIOC2981'),(620066622,'BIOC3341'),(620066622,'PHYS3787'),(620066622,'BIOC3191');
INSERT INTO Users VALUES (620066623,'Isreal','Congdon','IsrealCongdon@gmail.com','CongdonIsreal');
INSERT INTO Students VALUES (620066623,'UNDERGRAD','01-01-2020');
INSERT INTO Enrolled (u_id,courseCode) VALUES (620066623,'INFO3603'),(620066623,'CHEM3614'),(620066623,'CHEM1613');
INSERT INTO Users VALUES (620066624,'Mathew','Fuller','MathewFuller@gmail.com','FullerMathew');
INSERT INTO Students VALUES (620066624,'UNDERGRAD','01-01-2020');
INSERT INTO Enrolled (u_id,courseCode) VALUES (620066624,'MATH3059'),(620066624,'ECON2703'),(620066624,'BIOC2983');
INSERT INTO Users VALUES (620066625,'Wilbur','Stovall','WilburStovall@gmail.com','StovallWilbur');
INSERT INTO Students VALUES (620066625,'UNDERGRAD','01-01-2020');
INSERT INTO Enrolled (u_id,courseCode) VALUES (620066625,'MATH2873'),(620066625,'ECON2814'),(620066625,'MATH3222'),(620066625,'CHEM3347'),(620066625,'INFO2337');
INSERT INTO Users VALUES (620066626,'Debbie','Dahlheimer','DebbieDahlheimer@gmail.com','DahlheimerDebbie');
INSERT INTO Students VALUES (620066626,'UNDERGRAD','01-01-2020');
INSERT INTO Enrolled (u_id,courseCode) VALUES (620066626,'BIOC2981'),(620066626,'PHYS3464'),(620066626,'CHEM3747'),(620066626,'CHEM2065');
INSERT INTO Users VALUES (620066627,'Iris','Jesse','IrisJesse@gmail.com','JesseIris');
INSERT INTO Students VALUES (620066627,'UNDERGRAD','01-01-2020');
INSERT INTO Enrolled (u_id,courseCode) VALUES (620066627,'PHYS3464'),(620066627,'MATH2550'),(620066627,'ECON3228'),(620066627,'ECON3063'),(620066627,'PHYS1930'),(620066627,'BIOC3230');
INSERT INTO Users VALUES (620066628,'Jessie','Evans','JessieEvans@gmail.com','EvansJessie');
INSERT INTO Students VALUES (620066628,'UNDERGRAD','01-01-2020');
INSERT INTO Enrolled (u_id,courseCode) VALUES (620066628,'PHYS3729'),(620066628,'CHEM1613'),(620066628,'ECON3085'),(620066628,'PHYS2667'),(620066628,'COMP3849'),(620066628,'ECON3004');
INSERT INTO Users VALUES (620066629,'Helen','Scales','HelenScales@gmail.com','ScalesHelen');
INSERT INTO Students VALUES (620066629,'UNDERGRAD','01-01-2020');
INSERT INTO Enrolled (u_id,courseCode) VALUES (620066629,'INFO2860'),(620066629,'INFO1648'),(620066629,'CHEM2481'),(620066629,'BIOC3341'),(620066629,'COMP3418'),(620066629,'ECON1996');
INSERT INTO Users VALUES (620066630,'Rosa','Griffin','RosaGriffin@gmail.com','GriffinRosa');
INSERT INTO Students VALUES (620066630,'UNDERGRAD','01-01-2020');
INSERT INTO Enrolled (u_id,courseCode) VALUES (620066630,'INFO2270'),(620066630,'MATH3613'),(620066630,'COMP3685'),(620066630,'CHEM3617');
INSERT INTO Users VALUES (620066631,'Ethel','Jensen','EthelJensen@gmail.com','JensenEthel');
INSERT INTO Students VALUES (620066631,'UNDERGRAD','01-01-2020');
INSERT INTO Enrolled (u_id,courseCode) VALUES (620066631,'MATH2555'),(620066631,'ECON3228'),(620066631,'INFO2270'),(620066631,'ECON1458');
INSERT INTO Users VALUES (620066632,'Harold','Vanhamlin','HaroldVanhamlin@gmail.com','VanhamlinHarold');
INSERT INTO Students VALUES (620066632,'UNDERGRAD','01-01-2020');
INSERT INTO Enrolled (u_id,courseCode) VALUES (620066632,'PHYS2117'),(620066632,'BIOC1598'),(620066632,'BIOC1725'),(620066632,'PHYS2338');
INSERT INTO Users VALUES (620066633,'Michael','Tallent','MichaelTallent@gmail.com','TallentMichael');
INSERT INTO Students VALUES (620066633,'UNDERGRAD','01-01-2020');
INSERT INTO Enrolled (u_id,courseCode) VALUES (620066633,'COMP3639'),(620066633,'CHEM2867'),(620066633,'ECON3281'),(620066633,'CHEM3327');
INSERT INTO Users VALUES (620066634,'Brenda','Baptiste','BrendaBaptiste@gmail.com','BaptisteBrenda');
INSERT INTO Students VALUES (620066634,'UNDERGRAD','01-01-2020');
INSERT INTO Enrolled (u_id,courseCode) VALUES (620066634,'INFO2521'),(620066634,'MATH1309'),(620066634,'MATH1454'),(620066634,'MATH2873'),(620066634,'PHYS2448'),(620066634,'BIOC1104');
INSERT INTO Users VALUES (620066635,'Ralph','Robles','RalphRobles@gmail.com','RoblesRalph');
INSERT INTO Students VALUES (620066635,'UNDERGRAD','01-01-2020');
INSERT INTO Enrolled (u_id,courseCode) VALUES (620066635,'MATH1262'),(620066635,'MATH1309'),(620066635,'PHYS3290'),(620066635,'MATH2501');
INSERT INTO Users VALUES (620066636,'Richard','Dumas','RichardDumas@gmail.com','DumasRichard');
INSERT INTO Students VALUES (620066636,'UNDERGRAD','01-01-2020');
INSERT INTO Enrolled (u_id,courseCode) VALUES (620066636,'PHYS2117'),(620066636,'INFO3636'),(620066636,'CHEM2065'),(620066636,'COMP3685'),(620066636,'ECON1589'),(620066636,'MATH2188');
INSERT INTO Users VALUES (620066637,'Taylor','Nichols','TaylorNichols@gmail.com','NicholsTaylor');
INSERT INTO Students VALUES (620066637,'UNDERGRAD','01-01-2020');
INSERT INTO Enrolled (u_id,courseCode) VALUES (620066637,'CHEM2697'),(620066637,'MATH1309'),(620066637,'MATH2873'),(620066637,'INFO1648'),(620066637,'INFO1447');
INSERT INTO Users VALUES (620066638,'Debbie','Carlyle','DebbieCarlyle@gmail.com','CarlyleDebbie');
INSERT INTO Students VALUES (620066638,'UNDERGRAD','01-01-2020');
INSERT INTO Enrolled (u_id,courseCode) VALUES (620066638,'COMP2077'),(620066638,'CHEM3747'),(620066638,'CHEM3617');
INSERT INTO Users VALUES (620066639,'Bernie','Carrillo','BernieCarrillo@gmail.com','CarrilloBernie');
INSERT INTO Students VALUES (620066639,'UNDERGRAD','01-01-2020');
INSERT INTO Enrolled (u_id,courseCode) VALUES (620066639,'INFO3868'),(620066639,'BIOC1485'),(620066639,'PHYS3464'),(620066639,'INFO2559');
INSERT INTO Users VALUES (620066640,'Dale','Marshall','DaleMarshall@gmail.com','MarshallDale');
INSERT INTO Students VALUES (620066640,'UNDERGRAD','01-01-2020');
INSERT INTO Enrolled (u_id,courseCode) VALUES (620066640,'BIOC1866'),(620066640,'ECON2814'),(620066640,'MATH2801'),(620066640,'MATH3179');
INSERT INTO Users VALUES (620066641,'Bernie','Jefferson','BernieJefferson@gmail.com','JeffersonBernie');
INSERT INTO Students VALUES (620066641,'UNDERGRAD','01-01-2020');
INSERT INTO Enrolled (u_id,courseCode) VALUES (620066641,'MATH1648'),(620066641,'BIOC2550'),(620066641,'INFO2636'),(620066641,'CHEM2626'),(620066641,'INFO2860');
INSERT INTO Users VALUES (620066642,'Ruby','Mcclain','RubyMcclain@gmail.com','McclainRuby');
INSERT INTO Students VALUES (620066642,'UNDERGRAD','01-01-2020');
INSERT INTO Enrolled (u_id,courseCode) VALUES (620066642,'ECON3550'),(620066642,'INFO2860'),(620066642,'PHYS2229'),(620066642,'PHYS1140'),(620066642,'MATH2801'),(620066642,'BIOC1794');
INSERT INTO Users VALUES (620066643,'Juanita','Boyer','JuanitaBoyer@gmail.com','BoyerJuanita');
INSERT INTO Students VALUES (620066643,'UNDERGRAD','01-01-2020');
INSERT INTO Enrolled (u_id,courseCode) VALUES (620066643,'PHYS2667'),(620066643,'PHYS1993'),(620066643,'COMP1543'),(620066643,'INFO2521'),(620066643,'INFO1833');
INSERT INTO Users VALUES (620066644,'Randall','Figueroa','RandallFigueroa@gmail.com','FigueroaRandall');
INSERT INTO Students VALUES (620066644,'UNDERGRAD','01-01-2020');
INSERT INTO Enrolled (u_id,courseCode) VALUES (620066644,'PHYS2306'),(620066644,'MATH2873'),(620066644,'COMP3746'),(620066644,'CHEM2626'),(620066644,'INFO2797');
INSERT INTO Users VALUES (620066645,'Flora','Imoto','FloraImoto@gmail.com','ImotoFlora');
INSERT INTO Students VALUES (620066645,'UNDERGRAD','01-01-2020');
INSERT INTO Enrolled (u_id,courseCode) VALUES (620066645,'COMP2361'),(620066645,'MATH2717'),(620066645,'COMP3746'),(620066645,'PHYS3290');
INSERT INTO Users VALUES (620066646,'Latoya','Hayes','LatoyaHayes@gmail.com','HayesLatoya');
INSERT INTO Students VALUES (620066646,'UNDERGRAD','01-01-2020');
INSERT INTO Enrolled (u_id,courseCode) VALUES (620066646,'INFO3935'),(620066646,'COMP1867'),(620066646,'COMP3167'),(620066646,'ECON1098'),(620066646,'CHEM3793');
INSERT INTO Users VALUES (620066647,'Shawn','Amberg','ShawnAmberg@gmail.com','AmbergShawn');
INSERT INTO Students VALUES (620066647,'UNDERGRAD','01-01-2020');
INSERT INTO Enrolled (u_id,courseCode) VALUES (620066647,'PHYS1173'),(620066647,'COMP3173'),(620066647,'BIOC1164'),(620066647,'COMP3238');
INSERT INTO Users VALUES (620066648,'Neal','Deen','NealDeen@gmail.com','DeenNeal');
INSERT INTO Students VALUES (620066648,'UNDERGRAD','01-01-2020');
INSERT INTO Enrolled (u_id,courseCode) VALUES (620066648,'COMP3173'),(620066648,'INFO3419'),(620066648,'MATH2957'),(620066648,'ECON2703'),(620066648,'ECON3281');
INSERT INTO Users VALUES (620066649,'Homer','Hayes','HomerHayes@gmail.com','HayesHomer');
INSERT INTO Students VALUES (620066649,'UNDERGRAD','01-01-2020');
INSERT INTO Enrolled (u_id,courseCode) VALUES (620066649,'INFO3935'),(620066649,'INFO2797'),(620066649,'BIOC3457'),(620066649,'BIOC1485'),(620066649,'MATH2188');
INSERT INTO Users VALUES (620066650,'Bobby','Felipe','BobbyFelipe@gmail.com','FelipeBobby');
INSERT INTO Students VALUES (620066650,'UNDERGRAD','01-01-2020');
INSERT INTO Enrolled (u_id,courseCode) VALUES (620066650,'MATH3059'),(620066650,'BIOC1986'),(620066650,'CHEM3617');
INSERT INTO Users VALUES (620066651,'Barbara','Lorenz','BarbaraLorenz@gmail.com','LorenzBarbara');
INSERT INTO Students VALUES (620066651,'UNDERGRAD','01-01-2020');
INSERT INTO Enrolled (u_id,courseCode) VALUES (620066651,'COMP2361'),(620066651,'PHYS1399'),(620066651,'PHYS3464'),(620066651,'ECON3523');
INSERT INTO Users VALUES (620066652,'Georgie','Pero','GeorgiePero@gmail.com','PeroGeorgie');
INSERT INTO Students VALUES (620066652,'UNDERGRAD','01-01-2020');
INSERT INTO Enrolled (u_id,courseCode) VALUES (620066652,'MATH3688'),(620066652,'MATH2555'),(620066652,'ECON1645'),(620066652,'INFO1288'),(620066652,'PHYS3876');
INSERT INTO Users VALUES (620066653,'Geraldine','Williams','GeraldineWilliams@gmail.com','WilliamsGeraldine');
INSERT INTO Students VALUES (620066653,'UNDERGRAD','01-01-2020');
INSERT INTO Enrolled (u_id,courseCode) VALUES (620066653,'ECON1458'),(620066653,'ECON3020'),(620066653,'INFO1648'),(620066653,'CHEM2604'),(620066653,'BIOC3341');
INSERT INTO Users VALUES (620066654,'Deborah','Ryan','DeborahRyan@gmail.com','RyanDeborah');
INSERT INTO Students VALUES (620066654,'UNDERGRAD','01-01-2020');
INSERT INTO Enrolled (u_id,courseCode) VALUES (620066654,'COMP1543'),(620066654,'INFO2559'),(620066654,'INFO1288'),(620066654,'COMP2717'),(620066654,'CHEM2446'),(620066654,'INFO2797');
INSERT INTO Users VALUES (620066655,'Ashleigh','Jeanbaptiste','AshleighJeanbaptiste@gmail.com','JeanbaptisteAshleigh');
INSERT INTO Students VALUES (620066655,'UNDERGRAD','01-01-2020');
INSERT INTO Enrolled (u_id,courseCode) VALUES (620066655,'INFO2521'),(620066655,'INFO2950'),(620066655,'CHEM3617');
INSERT INTO Users VALUES (620066656,'Vanessa','Eddins','VanessaEddins@gmail.com','EddinsVanessa');
INSERT INTO Students VALUES (620066656,'UNDERGRAD','01-01-2020');
INSERT INTO Enrolled (u_id,courseCode) VALUES (620066656,'ECON3085'),(620066656,'CHEM2867'),(620066656,'CHEM1613'),(620066656,'PHYS3052'),(620066656,'COMP3697'),(620066656,'INFO2950');
INSERT INTO Users VALUES (620066657,'Sarah','Fields','SarahFields@gmail.com','FieldsSarah');
INSERT INTO Students VALUES (620066657,'UNDERGRAD','01-01-2020');
INSERT INTO Enrolled (u_id,courseCode) VALUES (620066657,'CHEM3617'),(620066657,'PHYS2338'),(620066657,'MATH1648'),(620066657,'CHEM2220'),(620066657,'CHEM3793'),(620066657,'INFO1833');
INSERT INTO Users VALUES (620066658,'Dean','Reyes','DeanReyes@gmail.com','ReyesDean');
INSERT INTO Students VALUES (620066658,'UNDERGRAD','01-01-2020');
INSERT INTO Enrolled (u_id,courseCode) VALUES (620066658,'ECON2722'),(620066658,'COMP2400'),(620066658,'ECON3281'),(620066658,'BIOC3341'),(620066658,'CHEM3409'),(620066658,'INFO2559');
INSERT INTO Users VALUES (620066659,'Karen','Dillis','KarenDillis@gmail.com','DillisKaren');
INSERT INTO Students VALUES (620066659,'UNDERGRAD','01-01-2020');
INSERT INTO Enrolled (u_id,courseCode) VALUES (620066659,'MATH1972'),(620066659,'ECON3989'),(620066659,'PHYS1399'),(620066659,'CHEM2065');
INSERT INTO Users VALUES (620066660,'Janet','Calloway','JanetCalloway@gmail.com','CallowayJanet');
INSERT INTO Students VALUES (620066660,'UNDERGRAD','01-01-2020');
INSERT INTO Enrolled (u_id,courseCode) VALUES (620066660,'ECON1098'),(620066660,'INFO3419'),(620066660,'MATH3613');
INSERT INTO Users VALUES (620066661,'Jesus','Petersen','JesusPetersen@gmail.com','PetersenJesus');
INSERT INTO Students VALUES (620066661,'UNDERGRAD','01-01-2020');
INSERT INTO Enrolled (u_id,courseCode) VALUES (620066661,'ECON3550'),(620066661,'ECON2387'),(620066661,'BIOC1448');
INSERT INTO Users VALUES (620066662,'Diane','Hamilton','DianeHamilton@gmail.com','HamiltonDiane');
INSERT INTO Students VALUES (620066662,'UNDERGRAD','01-01-2020');
INSERT INTO Enrolled (u_id,courseCode) VALUES (620066662,'ECON3063'),(620066662,'BIOC1744'),(620066662,'ECON1561'),(620066662,'PHYS1399');
INSERT INTO Users VALUES (620066663,'Kasey','Briggs','KaseyBriggs@gmail.com','BriggsKasey');
INSERT INTO Students VALUES (620066663,'UNDERGRAD','01-01-2020');
INSERT INTO Enrolled (u_id,courseCode) VALUES (620066663,'BIOC1104'),(620066663,'PHYS3290'),(620066663,'ECON3550'),(620066663,'INFO2950');
INSERT INTO Users VALUES (620066664,'Miguel','Fuller','MiguelFuller@gmail.com','FullerMiguel');
INSERT INTO Students VALUES (620066664,'UNDERGRAD','01-01-2020');
INSERT INTO Enrolled (u_id,courseCode) VALUES (620066664,'MATH3179'),(620066664,'CHEM3617'),(620066664,'CHEM3747');
INSERT INTO Users VALUES (620066665,'Eunice','Petty','EunicePetty@gmail.com','PettyEunice');
INSERT INTO Students VALUES (620066665,'UNDERGRAD','01-01-2020');
INSERT INTO Enrolled (u_id,courseCode) VALUES (620066665,'CHEM2797'),(620066665,'PHYS1173'),(620066665,'MATH1972'),(620066665,'ECON1230'),(620066665,'CHEM2626');
INSERT INTO Users VALUES (620066666,'Lorenza','Bower','LorenzaBower@gmail.com','BowerLorenza');
INSERT INTO Students VALUES (620066666,'UNDERGRAD','01-01-2020');
INSERT INTO Enrolled (u_id,courseCode) VALUES (620066666,'CHEM2149'),(620066666,'MATH1648'),(620066666,'CHEM3614'),(620066666,'BIOC3604'),(620066666,'CHEM1485');
INSERT INTO Users VALUES (620066667,'Angela','Shane','AngelaShane@gmail.com','ShaneAngela');
INSERT INTO Students VALUES (620066667,'UNDERGRAD','01-01-2020');
INSERT INTO Enrolled (u_id,courseCode) VALUES (620066667,'ECON1996'),(620066667,'MATH2957'),(620066667,'MATH1638'),(620066667,'PHYS2306'),(620066667,'BIOC1052');
INSERT INTO Users VALUES (620066668,'Frances','Vargas','FrancesVargas@gmail.com','VargasFrances');
INSERT INTO Students VALUES (620066668,'UNDERGRAD','01-01-2020');
INSERT INTO Enrolled (u_id,courseCode) VALUES (620066668,'ECON1170'),(620066668,'BIOC3230'),(620066668,'BIOC1794'),(620066668,'ECON3523'),(620066668,'ECON1458'),(620066668,'CHEM3617');
INSERT INTO Users VALUES (620066669,'Ralph','Pere','RalphPere@gmail.com','PereRalph');
INSERT INTO Students VALUES (620066669,'UNDERGRAD','01-01-2020');
INSERT INTO Enrolled (u_id,courseCode) VALUES (620066669,'ECON3447'),(620066669,'BIOC2236'),(620066669,'BIOC1725');
INSERT INTO Users VALUES (620066670,'Vivian','Petty','VivianPetty@gmail.com','PettyVivian');
INSERT INTO Students VALUES (620066670,'UNDERGRAD','01-01-2020');
INSERT INTO Enrolled (u_id,courseCode) VALUES (620066670,'CHEM2446'),(620066670,'INFO1648'),(620066670,'PHYS2338'),(620066670,'MATH1578'),(620066670,'BIOC1866'),(620066670,'INFO2559');
INSERT INTO Users VALUES (620066671,'Janet','Grinstead','JanetGrinstead@gmail.com','GrinsteadJanet');
INSERT INTO Students VALUES (620066671,'UNDERGRAD','01-01-2020');
INSERT INTO Enrolled (u_id,courseCode) VALUES (620066671,'CHEM2697'),(620066671,'BIOC1598'),(620066671,'CHEM2220'),(620066671,'BIOC3721'),(620066671,'PHYS3729'),(620066671,'COMP3084');
INSERT INTO Users VALUES (620066672,'Suzanne','Hart','SuzanneHart@gmail.com','HartSuzanne');
INSERT INTO Students VALUES (620066672,'UNDERGRAD','01-01-2020');
INSERT INTO Enrolled (u_id,courseCode) VALUES (620066672,'CHEM1485'),(620066672,'BIOC1866'),(620066672,'ECON3004'),(620066672,'CHEM1340');
INSERT INTO Users VALUES (620066673,'Arthur','Sullivan','ArthurSullivan@gmail.com','SullivanArthur');
INSERT INTO Students VALUES (620066673,'UNDERGRAD','01-01-2020');
INSERT INTO Enrolled (u_id,courseCode) VALUES (620066673,'MATH3179'),(620066673,'PHYS3659'),(620066673,'COMP3238');
INSERT INTO Users VALUES (620066674,'Mark','Bordelon','MarkBordelon@gmail.com','BordelonMark');
INSERT INTO Students VALUES (620066674,'UNDERGRAD','01-01-2020');
INSERT INTO Enrolled (u_id,courseCode) VALUES (620066674,'ECON2722'),(620066674,'COMP1460'),(620066674,'INFO3935'),(620066674,'MATH1262'),(620066674,'PHYS1140');
INSERT INTO Users VALUES (620066675,'Kenneth','Scarbrough','KennethScarbrough@gmail.com','ScarbroughKenneth');
INSERT INTO Students VALUES (620066675,'UNDERGRAD','01-01-2020');
INSERT INTO Enrolled (u_id,courseCode) VALUES (620066675,'CHEM2066'),(620066675,'BIOC1986'),(620066675,'INFO2811');
INSERT INTO Users VALUES (620066676,'Ernesto','White','ErnestoWhite@gmail.com','WhiteErnesto');
INSERT INTO Students VALUES (620066676,'UNDERGRAD','01-01-2020');
INSERT INTO Enrolled (u_id,courseCode) VALUES (620066676,'PHYS3052'),(620066676,'COMP1543'),(620066676,'PHYS1399');
INSERT INTO Users VALUES (620066677,'Doris','Nighman','DorisNighman@gmail.com','NighmanDoris');
INSERT INTO Students VALUES (620066677,'UNDERGRAD','01-01-2020');
INSERT INTO Enrolled (u_id,courseCode) VALUES (620066677,'MATH2501'),(620066677,'COMP3047'),(620066677,'INFO2213'),(620066677,'ECON2387');
INSERT INTO Users VALUES (620066678,'Rene','Diggs','ReneDiggs@gmail.com','DiggsRene');
INSERT INTO Students VALUES (620066678,'UNDERGRAD','01-01-2020');
INSERT INTO Enrolled (u_id,courseCode) VALUES (620066678,'INFO3645'),(620066678,'CHEM3888'),(620066678,'MATH1309'),(620066678,'INFO2950');
INSERT INTO Users VALUES (620066679,'Melanie','Mitchell','MelanieMitchell@gmail.com','MitchellMelanie');
INSERT INTO Students VALUES (620066679,'UNDERGRAD','01-01-2020');
INSERT INTO Enrolled (u_id,courseCode) VALUES (620066679,'ECON1230'),(620066679,'INFO2797'),(620066679,'BIOC1986'),(620066679,'MATH1735'),(620066679,'CHEM3617'),(620066679,'BIOC1485');
INSERT INTO Users VALUES (620066680,'Dawn','Imoto','DawnImoto@gmail.com','ImotoDawn');
INSERT INTO Students VALUES (620066680,'UNDERGRAD','01-01-2020');
INSERT INTO Enrolled (u_id,courseCode) VALUES (620066680,'BIOC3604'),(620066680,'CHEM2727'),(620066680,'PHYS3787');
INSERT INTO Users VALUES (620066681,'Deanne','Mcclenon','DeanneMcclenon@gmail.com','McclenonDeanne');
INSERT INTO Students VALUES (620066681,'UNDERGRAD','01-01-2020');
INSERT INTO Enrolled (u_id,courseCode) VALUES (620066681,'MATH3173'),(620066681,'COMP1184'),(620066681,'PHYS3354'),(620066681,'PHYS2306'),(620066681,'ECON2703'),(620066681,'PHYS3787');
INSERT INTO Users VALUES (620066682,'Erin','Calvert','ErinCalvert@gmail.com','CalvertErin');
INSERT INTO Students VALUES (620066682,'UNDERGRAD','01-01-2020');
INSERT INTO Enrolled (u_id,courseCode) VALUES (620066682,'INFO2811'),(620066682,'MATH2067'),(620066682,'INFO3419'),(620066682,'INFO2559');
INSERT INTO Users VALUES (620066683,'Janice','Jefferson','JaniceJefferson@gmail.com','JeffersonJanice');
INSERT INTO Students VALUES (620066683,'UNDERGRAD','01-01-2020');
INSERT INTO Enrolled (u_id,courseCode) VALUES (620066683,'ECON3276'),(620066683,'MATH1148'),(620066683,'MATH1972'),(620066683,'CHEM2697');
INSERT INTO Users VALUES (620066684,'Celia','Krause','CeliaKrause@gmail.com','KrauseCelia');
INSERT INTO Students VALUES (620066684,'UNDERGRAD','01-01-2020');
INSERT INTO Enrolled (u_id,courseCode) VALUES (620066684,'MATH3544'),(620066684,'CHEM3054'),(620066684,'INFO1014'),(620066684,'PHYS2448'),(620066684,'BIOC3457'),(620066684,'PHYS1399');
INSERT INTO Users VALUES (620066685,'Taylor','Gaffney','TaylorGaffney@gmail.com','GaffneyTaylor');
INSERT INTO Students VALUES (620066685,'UNDERGRAD','01-01-2020');
INSERT INTO Enrolled (u_id,courseCode) VALUES (620066685,'PHYS2113'),(620066685,'INFO1990'),(620066685,'INFO3636'),(620066685,'PHYS2563');
INSERT INTO Users VALUES (620066686,'Edna','Heckstall','EdnaHeckstall@gmail.com','HeckstallEdna');
INSERT INTO Students VALUES (620066686,'UNDERGRAD','01-01-2020');
INSERT INTO Enrolled (u_id,courseCode) VALUES (620066686,'CHEM3888'),(620066686,'INFO2147'),(620066686,'COMP2077'),(620066686,'COMP3173'),(620066686,'BIOC3604'),(620066686,'CHEM2626');
INSERT INTO Users VALUES (620066687,'Ralph','Lundholm','RalphLundholm@gmail.com','LundholmRalph');
INSERT INTO Students VALUES (620066687,'UNDERGRAD','01-01-2020');
INSERT INTO Enrolled (u_id,courseCode) VALUES (620066687,'COMP3173'),(620066687,'INFO2950'),(620066687,'ECON1170'),(620066687,'COMP2361'),(620066687,'MATH2188'),(620066687,'ECON1098');
INSERT INTO Users VALUES (620066688,'Freddie','Shields','FreddieShields@gmail.com','ShieldsFreddie');
INSERT INTO Students VALUES (620066688,'UNDERGRAD','01-01-2020');
INSERT INTO Enrolled (u_id,courseCode) VALUES (620066688,'PHYS2117'),(620066688,'PHYS3659'),(620066688,'PHYS1993'),(620066688,'INFO2811'),(620066688,'COMP3418'),(620066688,'COMP1573');
INSERT INTO Users VALUES (620066689,'Holly','Taylor','HollyTaylor@gmail.com','TaylorHolly');
INSERT INTO Students VALUES (620066689,'UNDERGRAD','01-01-2020');
INSERT INTO Enrolled (u_id,courseCode) VALUES (620066689,'CHEM2867'),(620066689,'CHEM3054'),(620066689,'BIOC1986'),(620066689,'INFO2811');
INSERT INTO Users VALUES (620066690,'Georgie','Carrillo','GeorgieCarrillo@gmail.com','CarrilloGeorgie');
INSERT INTO Students VALUES (620066690,'UNDERGRAD','01-01-2020');
INSERT INTO Enrolled (u_id,courseCode) VALUES (620066690,'COMP2965'),(620066690,'COMP2077'),(620066690,'INFO1833'),(620066690,'BIOC1485'),(620066690,'ECON1098');
INSERT INTO Users VALUES (620066691,'Shalanda','Larry','ShalandaLarry@gmail.com','LarryShalanda');
INSERT INTO Students VALUES (620066691,'UNDERGRAD','01-01-2020');
INSERT INTO Enrolled (u_id,courseCode) VALUES (620066691,'INFO3603'),(620066691,'INFO1447'),(620066691,'INFO3868');
INSERT INTO Users VALUES (620066692,'Blake','Vanhamlin','BlakeVanhamlin@gmail.com','VanhamlinBlake');
INSERT INTO Students VALUES (620066692,'UNDERGRAD','01-01-2020');
INSERT INTO Enrolled (u_id,courseCode) VALUES (620066692,'PHYS3052'),(620066692,'COMP2541'),(620066692,'MATH1250'),(620066692,'CHEM3614'),(620066692,'MATH1735');
INSERT INTO Users VALUES (620066693,'Daisy','Citizen','DaisyCitizen@gmail.com','CitizenDaisy');
INSERT INTO Students VALUES (620066693,'UNDERGRAD','01-01-2020');
INSERT INTO Enrolled (u_id,courseCode) VALUES (620066693,'ECON3228'),(620066693,'INFO2813'),(620066693,'CHEM2697'),(620066693,'COMP3746'),(620066693,'BIOC1439'),(620066693,'ECON3288');
INSERT INTO Users VALUES (620066694,'Shonda','Washinski','ShondaWashinski@gmail.com','WashinskiShonda');
INSERT INTO Students VALUES (620066694,'UNDERGRAD','01-01-2020');
INSERT INTO Enrolled (u_id,courseCode) VALUES (620066694,'ECON3447'),(620066694,'COMP3685'),(620066694,'ECON1098'),(620066694,'BIOC2981'),(620066694,'PHYS3876'),(620066694,'CHEM1485');
INSERT INTO Users VALUES (620066695,'Steven','Wurdeman','StevenWurdeman@gmail.com','WurdemanSteven');
INSERT INTO Students VALUES (620066695,'UNDERGRAD','01-01-2020');
INSERT INTO Enrolled (u_id,courseCode) VALUES (620066695,'INFO2270'),(620066695,'BIOC1910'),(620066695,'INFO2716'),(620066695,'PHYS3354'),(620066695,'COMP2651');
INSERT INTO Users VALUES (620066696,'Charles','Winner','CharlesWinner@gmail.com','WinnerCharles');
INSERT INTO Students VALUES (620066696,'UNDERGRAD','01-01-2020');
INSERT INTO Enrolled (u_id,courseCode) VALUES (620066696,'ECON3063'),(620066696,'BIOC2589'),(620066696,'BIOC3457'),(620066696,'PHYS1173'),(620066696,'MATH1250');
INSERT INTO Users VALUES (620066697,'Adelia','Caudill','AdeliaCaudill@gmail.com','CaudillAdelia');
INSERT INTO Students VALUES (620066697,'UNDERGRAD','01-01-2020');
INSERT INTO Enrolled (u_id,courseCode) VALUES (620066697,'PHYS3729'),(620066697,'COMP2400'),(620066697,'INFO1648'),(620066697,'BIOC1485'),(620066697,'ECON3063'),(620066697,'PHYS3876');
INSERT INTO Users VALUES (620066698,'Shannon','Lyford','ShannonLyford@gmail.com','LyfordShannon');
INSERT INTO Students VALUES (620066698,'UNDERGRAD','01-01-2020');
INSERT INTO Enrolled (u_id,courseCode) VALUES (620066698,'MATH2957'),(620066698,'PHYS2113'),(620066698,'INFO2813'),(620066698,'BIOC1534');
INSERT INTO Users VALUES (620066699,'Teresa','Gilman','TeresaGilman@gmail.com','GilmanTeresa');
INSERT INTO Students VALUES (620066699,'UNDERGRAD','01-01-2020');
INSERT INTO Enrolled (u_id,courseCode) VALUES (620066699,'ECON2703'),(620066699,'COMP2965'),(620066699,'INFO1825');
INSERT INTO Users VALUES (620066700,'Ladawn','Noonan','LadawnNoonan@gmail.com','NoonanLadawn');
INSERT INTO Students VALUES (620066700,'UNDERGRAD','01-01-2020');
INSERT INTO Enrolled (u_id,courseCode) VALUES (620066700,'CHEM1485'),(620066700,'INFO2559'),(620066700,'COMP3746'),(620066700,'MATH3173'),(620066700,'COMP3238');
INSERT INTO Users VALUES (620066701,'Dora','Hunter','DoraHunter@gmail.com','HunterDora');
INSERT INTO Students VALUES (620066701,'UNDERGRAD','01-01-2020');
INSERT INTO Enrolled (u_id,courseCode) VALUES (620066701,'PHYS2306'),(620066701,'MATH3844'),(620066701,'BIOC3230'),(620066701,'ECON1783');
INSERT INTO Users VALUES (620066702,'Ruby','Sudduth','RubySudduth@gmail.com','SudduthRuby');
INSERT INTO Students VALUES (620066702,'UNDERGRAD','01-01-2020');
INSERT INTO Enrolled (u_id,courseCode) VALUES (620066702,'PHYS3464'),(620066702,'CHEM2626'),(620066702,'BIOC1052');
INSERT INTO Users VALUES (620066703,'Sean','Crespo','SeanCrespo@gmail.com','CrespoSean');
INSERT INTO Students VALUES (620066703,'UNDERGRAD','01-01-2020');
INSERT INTO Enrolled (u_id,courseCode) VALUES (620066703,'COMP2541'),(620066703,'INFO2213'),(620066703,'COMP1573');
INSERT INTO Users VALUES (620066704,'Stephanie','Vario','StephanieVario@gmail.com','VarioStephanie');
INSERT INTO Students VALUES (620066704,'UNDERGRAD','01-01-2020');
INSERT INTO Enrolled (u_id,courseCode) VALUES (620066704,'COMP3167'),(620066704,'ECON2703'),(620066704,'ECON1783'),(620066704,'MATH2550');
INSERT INTO Users VALUES (620066705,'Suzanne','Finkenbinder','SuzanneFinkenbinder@gmail.com','FinkenbinderSuzanne');
INSERT INTO Students VALUES (620066705,'UNDERGRAD','01-01-2020');
INSERT INTO Enrolled (u_id,courseCode) VALUES (620066705,'INFO1990'),(620066705,'MATH2957'),(620066705,'PHYS2338');
INSERT INTO Users VALUES (620066706,'Angie','Steinbach','AngieSteinbach@gmail.com','SteinbachAngie');
INSERT INTO Students VALUES (620066706,'UNDERGRAD','01-01-2020');
INSERT INTO Enrolled (u_id,courseCode) VALUES (620066706,'INFO2337'),(620066706,'ECON1230'),(620066706,'ECON1170'),(620066706,'INFO3868'),(620066706,'PHYS3659'),(620066706,'ECON3447');
INSERT INTO Users VALUES (620066707,'Angie','White','AngieWhite@gmail.com','WhiteAngie');
INSERT INTO Students VALUES (620066707,'UNDERGRAD','01-01-2020');
INSERT INTO Enrolled (u_id,courseCode) VALUES (620066707,'INFO1833'),(620066707,'MATH2957'),(620066707,'INFO2559'),(620066707,'INFO1288'),(620066707,'COMP3418'),(620066707,'MATH1648');
INSERT INTO Users VALUES (620066708,'Timothy','Brock','TimothyBrock@gmail.com','BrockTimothy');
INSERT INTO Students VALUES (620066708,'UNDERGRAD','01-01-2020');
INSERT INTO Enrolled (u_id,courseCode) VALUES (620066708,'BIOC2589'),(620066708,'ECON3020'),(620066708,'PHYS1930'),(620066708,'PHYS2563'),(620066708,'INFO1447'),(620066708,'MATH3179');
INSERT INTO Users VALUES (620066709,'Rhoda','Stallings','RhodaStallings@gmail.com','StallingsRhoda');
INSERT INTO Students VALUES (620066709,'UNDERGRAD','01-01-2020');
INSERT INTO Enrolled (u_id,courseCode) VALUES (620066709,'BIOC2589'),(620066709,'MATH1972'),(620066709,'INFO1833'),(620066709,'ECON3276'),(620066709,'MATH1578');
INSERT INTO Users VALUES (620066710,'Adrienne','Woomer','AdrienneWoomer@gmail.com','WoomerAdrienne');
INSERT INTO Students VALUES (620066710,'UNDERGRAD','01-01-2020');
INSERT INTO Enrolled (u_id,courseCode) VALUES (620066710,'PHYS2306'),(620066710,'CHEM2220'),(620066710,'INFO2811'),(620066710,'CHEM1485'),(620066710,'CHEM2797'),(620066710,'CHEM2177');
INSERT INTO Users VALUES (620066711,'Ronald','Hanks','RonaldHanks@gmail.com','HanksRonald');
INSERT INTO Students VALUES (620066711,'UNDERGRAD','01-01-2020');
INSERT INTO Enrolled (u_id,courseCode) VALUES (620066711,'CHEM2697'),(620066711,'COMP2077'),(620066711,'ECON3523');
INSERT INTO Users VALUES (620066712,'Gordon','Valenzuela','GordonValenzuela@gmail.com','ValenzuelaGordon');
INSERT INTO Students VALUES (620066712,'UNDERGRAD','01-01-2020');
INSERT INTO Enrolled (u_id,courseCode) VALUES (620066712,'COMP3639'),(620066712,'INFO1145'),(620066712,'ECON2703'),(620066712,'BIOC1744');
INSERT INTO Users VALUES (620066713,'Rachel','Scales','RachelScales@gmail.com','ScalesRachel');
INSERT INTO Students VALUES (620066713,'UNDERGRAD','01-01-2020');
INSERT INTO Enrolled (u_id,courseCode) VALUES (620066713,'MATH3179'),(620066713,'CHEM2031'),(620066713,'CHEM1807'),(620066713,'MATH1148'),(620066713,'CHEM2446');
INSERT INTO Users VALUES (620066714,'Terri','Collins','TerriCollins@gmail.com','CollinsTerri');
INSERT INTO Students VALUES (620066714,'UNDERGRAD','01-01-2020');
INSERT INTO Enrolled (u_id,courseCode) VALUES (620066714,'INFO3935'),(620066714,'MATH2501'),(620066714,'ECON3063'),(620066714,'MATH3857'),(620066714,'COMP3746');
INSERT INTO Users VALUES (620066715,'Nina','Chatcho','NinaChatcho@gmail.com','ChatchoNina');
INSERT INTO Students VALUES (620066715,'UNDERGRAD','01-01-2020');
INSERT INTO Enrolled (u_id,courseCode) VALUES (620066715,'BIOC1164'),(620066715,'PHYS3052'),(620066715,'CHEM3614');
INSERT INTO Users VALUES (620066716,'Sarah','Dillis','SarahDillis@gmail.com','DillisSarah');
INSERT INTO Students VALUES (620066716,'UNDERGRAD','01-01-2020');
INSERT INTO Enrolled (u_id,courseCode) VALUES (620066716,'MATH2067'),(620066716,'MATH3688'),(620066716,'INFO1014');
INSERT INTO Users VALUES (620066717,'Lilla','Ebbs','LillaEbbs@gmail.com','EbbsLilla');
INSERT INTO Students VALUES (620066717,'UNDERGRAD','01-01-2020');
INSERT INTO Enrolled (u_id,courseCode) VALUES (620066717,'ECON3989'),(620066717,'ECON3020'),(620066717,'BIOC3341'),(620066717,'CHEM2066'),(620066717,'COMP1543'),(620066717,'CHEM2481');
INSERT INTO Users VALUES (620066718,'Bryan','Diggs','BryanDiggs@gmail.com','DiggsBryan');
INSERT INTO Students VALUES (620066718,'UNDERGRAD','01-01-2020');
INSERT INTO Enrolled (u_id,courseCode) VALUES (620066718,'ECON2814'),(620066718,'BIOC1448'),(620066718,'INFO3935'),(620066718,'CHEM3888');
INSERT INTO Users VALUES (620066719,'Ethel','Brickey','EthelBrickey@gmail.com','BrickeyEthel');
INSERT INTO Students VALUES (620066719,'UNDERGRAD','01-01-2020');
INSERT INTO Enrolled (u_id,courseCode) VALUES (620066719,'BIOC2981'),(620066719,'MATH1972'),(620066719,'INFO1833');
INSERT INTO Users VALUES (620066720,'Matthew','Wurdeman','MatthewWurdeman@gmail.com','WurdemanMatthew');
INSERT INTO Students VALUES (620066720,'UNDERGRAD','01-01-2020');
INSERT INTO Enrolled (u_id,courseCode) VALUES (620066720,'ECON3737'),(620066720,'CHEM2727'),(620066720,'CHEM2005'),(620066720,'BIOC1744');
INSERT INTO Users VALUES (620066721,'Richard','Baccus','RichardBaccus@gmail.com','BaccusRichard');
INSERT INTO Students VALUES (620066721,'UNDERGRAD','01-01-2020');
INSERT INTO Enrolled (u_id,courseCode) VALUES (620066721,'CHEM3327'),(620066721,'INFO2521'),(620066721,'COMP3536'),(620066721,'ECON3281'),(620066721,'PHYS1979');
INSERT INTO Users VALUES (620066722,'Adam','Krout','AdamKrout@gmail.com','KroutAdam');
INSERT INTO Students VALUES (620066722,'UNDERGRAD','01-01-2020');
INSERT INTO Enrolled (u_id,courseCode) VALUES (620066722,'COMP3084'),(620066722,'PHYS2229'),(620066722,'MATH2555'),(620066722,'CHEM2727'),(620066722,'COMP3685');
INSERT INTO Users VALUES (620066723,'Rodney','Oswalt','RodneyOswalt@gmail.com','OswaltRodney');
INSERT INTO Students VALUES (620066723,'UNDERGRAD','01-01-2020');
INSERT INTO Enrolled (u_id,courseCode) VALUES (620066723,'BIOC1866'),(620066723,'PHYS2338'),(620066723,'CHEM3747'),(620066723,'PHYS3659'),(620066723,'MATH1648'),(620066723,'COMP2541');
INSERT INTO Users VALUES (620066724,'Ralph','Harms','RalphHarms@gmail.com','HarmsRalph');
INSERT INTO Students VALUES (620066724,'UNDERGRAD','01-01-2020');
INSERT INTO Enrolled (u_id,courseCode) VALUES (620066724,'ECON1098'),(620066724,'MATH3179'),(620066724,'BIOC1986'),(620066724,'ECON1230'),(620066724,'MATH1250');
INSERT INTO Users VALUES (620066725,'Jeanna','Pearson','JeannaPearson@gmail.com','PearsonJeanna');
INSERT INTO Students VALUES (620066725,'UNDERGRAD','01-01-2020');
INSERT INTO Enrolled (u_id,courseCode) VALUES (620066725,'ECON1589'),(620066725,'PHYS3876'),(620066725,'ECON1012'),(620066725,'BIOC2054');
INSERT INTO Users VALUES (620066726,'Dale','May','DaleMay@gmail.com','MayDale');
INSERT INTO Students VALUES (620066726,'UNDERGRAD','01-01-2020');
INSERT INTO Enrolled (u_id,courseCode) VALUES (620066726,'COMP3084'),(620066726,'MATH1735'),(620066726,'MATH2717'),(620066726,'CHEM2177');
INSERT INTO Users VALUES (620066727,'Timothy','Lamar','TimothyLamar@gmail.com','LamarTimothy');
INSERT INTO Students VALUES (620066727,'UNDERGRAD','01-01-2020');
INSERT INTO Enrolled (u_id,courseCode) VALUES (620066727,'BIOC1986'),(620066727,'MATH3029'),(620066727,'BIOC2671'),(620066727,'PHYS3729'),(620066727,'CHEM3327');
INSERT INTO Users VALUES (620066728,'Tracy','Pedersen','TracyPedersen@gmail.com','PedersenTracy');
INSERT INTO Students VALUES (620066728,'UNDERGRAD','01-01-2020');
INSERT INTO Enrolled (u_id,courseCode) VALUES (620066728,'INFO1288'),(620066728,'BIOC2054'),(620066728,'COMP3639'),(620066728,'PHYS3686'),(620066728,'COMP2077');
INSERT INTO Users VALUES (620066729,'Nan','Ferretti','NanFerretti@gmail.com','FerrettiNan');
INSERT INTO Students VALUES (620066729,'UNDERGRAD','01-01-2020');
INSERT INTO Enrolled (u_id,courseCode) VALUES (620066729,'INFO1447'),(620066729,'CHEM1613'),(620066729,'INFO1242'),(620066729,'COMP3418'),(620066729,'CHEM2697'),(620066729,'MATH3029');
INSERT INTO Users VALUES (620066730,'Geoffrey','Velasquez','GeoffreyVelasquez@gmail.com','VelasquezGeoffrey');
INSERT INTO Students VALUES (620066730,'UNDERGRAD','01-01-2020');
INSERT INTO Enrolled (u_id,courseCode) VALUES (620066730,'BIOC2054'),(620066730,'MATH2555'),(620066730,'COMP2651');
INSERT INTO Users VALUES (620066731,'Orlando','Martin','OrlandoMartin@gmail.com','MartinOrlando');
INSERT INTO Students VALUES (620066731,'UNDERGRAD','01-01-2020');
INSERT INTO Enrolled (u_id,courseCode) VALUES (620066731,'BIOC1910'),(620066731,'BIOC1164'),(620066731,'MATH3688'),(620066731,'CHEM3793'),(620066731,'COMP2717');
INSERT INTO Users VALUES (620066732,'Guillermo','Truong','GuillermoTruong@gmail.com','TruongGuillermo');
INSERT INTO Students VALUES (620066732,'UNDERGRAD','01-01-2020');
INSERT INTO Enrolled (u_id,courseCode) VALUES (620066732,'INFO3645'),(620066732,'COMP3536'),(620066732,'COMP1357'),(620066732,'ECON3989'),(620066732,'ECON2703'),(620066732,'CHEM2446');
INSERT INTO Users VALUES (620066733,'Deanne','Garnes','DeanneGarnes@gmail.com','GarnesDeanne');
INSERT INTO Students VALUES (620066733,'UNDERGRAD','01-01-2020');
INSERT INTO Enrolled (u_id,courseCode) VALUES (620066733,'COMP3418'),(620066733,'MATH3544'),(620066733,'PHYS3686'),(620066733,'CHEM1494');
INSERT INTO Users VALUES (620066734,'Sarah','Kimbrell','SarahKimbrell@gmail.com','KimbrellSarah');
INSERT INTO Students VALUES (620066734,'UNDERGRAD','01-01-2020');
INSERT INTO Enrolled (u_id,courseCode) VALUES (620066734,'MATH3222'),(620066734,'CHEM3617'),(620066734,'INFO2521'),(620066734,'MATH3179'),(620066734,'COMP1184'),(620066734,'BIOC3230');
INSERT INTO Users VALUES (620066735,'Betty','Carlson','BettyCarlson@gmail.com','CarlsonBetty');
INSERT INTO Students VALUES (620066735,'UNDERGRAD','01-01-2020');
INSERT INTO Enrolled (u_id,courseCode) VALUES (620066735,'ECON1645'),(620066735,'INFO3636'),(620066735,'BIOC2589'),(620066735,'CHEM2727'),(620066735,'BIOC3721');
INSERT INTO Users VALUES (620066736,'Gilbert','Givens','GilbertGivens@gmail.com','GivensGilbert');
INSERT INTO Students VALUES (620066736,'UNDERGRAD','01-01-2020');
INSERT INTO Enrolled (u_id,courseCode) VALUES (620066736,'CHEM2149'),(620066736,'BIOC2589'),(620066736,'CHEM2867');
INSERT INTO Users VALUES (620066737,'Terri','Valenzuela','TerriValenzuela@gmail.com','ValenzuelaTerri');
INSERT INTO Students VALUES (620066737,'UNDERGRAD','01-01-2020');
INSERT INTO Enrolled (u_id,courseCode) VALUES (620066737,'INFO2636'),(620066737,'MATH2717'),(620066737,'PHYS1979'),(620066737,'BIOC1052'),(620066737,'MATH1578');
INSERT INTO Users VALUES (620066738,'Lilla','Steinberger','LillaSteinberger@gmail.com','SteinbergerLilla');
INSERT INTO Students VALUES (620066738,'UNDERGRAD','01-01-2020');
INSERT INTO Enrolled (u_id,courseCode) VALUES (620066738,'INFO1825'),(620066738,'INFO2559'),(620066738,'MATH3857'),(620066738,'CHEM1807'),(620066738,'COMP2080');
INSERT INTO Users VALUES (620066739,'Suzanne','Terry','SuzanneTerry@gmail.com','TerrySuzanne');
INSERT INTO Students VALUES (620066739,'UNDERGRAD','01-01-2020');
INSERT INTO Enrolled (u_id,courseCode) VALUES (620066739,'CHEM3614'),(620066739,'MATH1648'),(620066739,'ECON3020'),(620066739,'ECON2345'),(620066739,'PHYS2563'),(620066739,'ECON1098');
INSERT INTO Users VALUES (620066740,'Ashley','Lindstrom','AshleyLindstrom@gmail.com','LindstromAshley');
INSERT INTO Students VALUES (620066740,'UNDERGRAD','01-01-2020');
INSERT INTO Enrolled (u_id,courseCode) VALUES (620066740,'PHYS2306'),(620066740,'COMP2361'),(620066740,'PHYS1993'),(620066740,'ECON2722'),(620066740,'CHEM3747'),(620066740,'INFO2636');
INSERT INTO Users VALUES (620066741,'Sandra','Jeanbaptiste','SandraJeanbaptiste@gmail.com','JeanbaptisteSandra');
INSERT INTO Students VALUES (620066741,'UNDERGRAD','01-01-2020');
INSERT INTO Enrolled (u_id,courseCode) VALUES (620066741,'COMP3084'),(620066741,'INFO1145'),(620066741,'CHEM3054'),(620066741,'MATH2067'),(620066741,'ECON3281');
INSERT INTO Users VALUES (620066742,'Douglas','Richardson','DouglasRichardson@gmail.com','RichardsonDouglas');
INSERT INTO Students VALUES (620066742,'UNDERGRAD','01-01-2020');
INSERT INTO Enrolled (u_id,courseCode) VALUES (620066742,'MATH1972'),(620066742,'BIOC3341'),(620066742,'COMP2361'),(620066742,'INFO2860'),(620066742,'MATH3222');
INSERT INTO Users VALUES (620066743,'Dwight','Casteel','DwightCasteel@gmail.com','CasteelDwight');
INSERT INTO Students VALUES (620066743,'UNDERGRAD','01-01-2020');
INSERT INTO Enrolled (u_id,courseCode) VALUES (620066743,'CHEM3327'),(620066743,'MATH1972'),(620066743,'MATH2067'),(620066743,'MATH2550');
INSERT INTO Users VALUES (620066744,'Richard','Reyes','RichardReyes@gmail.com','ReyesRichard');
INSERT INTO Students VALUES (620066744,'UNDERGRAD','01-01-2020');
INSERT INTO Enrolled (u_id,courseCode) VALUES (620066744,'INFO1648'),(620066744,'ECON2722'),(620066744,'BIOC3604'),(620066744,'CHEM2149'),(620066744,'COMP2400');
INSERT INTO Users VALUES (620066745,'Suzanne','Turkus','SuzanneTurkus@gmail.com','TurkusSuzanne');
INSERT INTO Students VALUES (620066745,'UNDERGRAD','01-01-2020');
INSERT INTO Enrolled (u_id,courseCode) VALUES (620066745,'BIOC3457'),(620066745,'ECON1783'),(620066745,'COMP2651'),(620066745,'ECON2345'),(620066745,'MATH1148');
INSERT INTO Users VALUES (620066746,'Jake','Kenney','JakeKenney@gmail.com','KenneyJake');
INSERT INTO Students VALUES (620066746,'UNDERGRAD','01-01-2020');
INSERT INTO Enrolled (u_id,courseCode) VALUES (620066746,'INFO2716'),(620066746,'MATH3544'),(620066746,'CHEM3614'),(620066746,'ECON1589'),(620066746,'CHEM3347'),(620066746,'PHYS1993');
INSERT INTO Users VALUES (620066747,'Donald','Stallings','DonaldStallings@gmail.com','StallingsDonald');
INSERT INTO Students VALUES (620066747,'UNDERGRAD','01-01-2020');
INSERT INTO Enrolled (u_id,courseCode) VALUES (620066747,'BIOC2054'),(620066747,'INFO3868'),(620066747,'COMP2541');
INSERT INTO Users VALUES (620066748,'Elwood','Moore','ElwoodMoore@gmail.com','MooreElwood');
INSERT INTO Students VALUES (620066748,'UNDERGRAD','01-01-2020');
INSERT INTO Enrolled (u_id,courseCode) VALUES (620066748,'CHEM2446'),(620066748,'BIOC1910'),(620066748,'COMP3746'),(620066748,'CHEM3614'),(620066748,'COMP3849'),(620066748,'ECON2345');
INSERT INTO Users VALUES (620066749,'Jake','Dumas','JakeDumas@gmail.com','DumasJake');
INSERT INTO Students VALUES (620066749,'UNDERGRAD','01-01-2020');
INSERT INTO Enrolled (u_id,courseCode) VALUES (620066749,'MATH1972'),(620066749,'CHEM3617'),(620066749,'CHEM1807');
INSERT INTO Users VALUES (620066750,'Deanne','Meraz','DeanneMeraz@gmail.com','MerazDeanne');
INSERT INTO Students VALUES (620066750,'UNDERGRAD','01-01-2020');
INSERT INTO Enrolled (u_id,courseCode) VALUES (620066750,'MATH3222'),(620066750,'PHYS1979'),(620066750,'BIOC1534'),(620066750,'ECON2722'),(620066750,'COMP3849'),(620066750,'MATH1309');
INSERT INTO Users VALUES (620066751,'Gloria','Robinson','GloriaRobinson@gmail.com','RobinsonGloria');
INSERT INTO Students VALUES (620066751,'UNDERGRAD','01-01-2020');
INSERT INTO Enrolled (u_id,courseCode) VALUES (620066751,'MATH1148'),(620066751,'COMP1573'),(620066751,'PHYS1993');
INSERT INTO Users VALUES (620066752,'Stephen','Krout','StephenKrout@gmail.com','KroutStephen');
INSERT INTO Students VALUES (620066752,'UNDERGRAD','01-01-2020');
INSERT INTO Enrolled (u_id,courseCode) VALUES (620066752,'COMP2965'),(620066752,'INFO2147'),(620066752,'CHEM3409'),(620066752,'MATH2801'),(620066752,'INFO2213'),(620066752,'ECON3063');
INSERT INTO Users VALUES (620066753,'Brenda','Gray','BrendaGray@gmail.com','GrayBrenda');
INSERT INTO Students VALUES (620066753,'UNDERGRAD','01-01-2020');
INSERT INTO Enrolled (u_id,courseCode) VALUES (620066753,'COMP3167'),(620066753,'COMP1357'),(620066753,'COMP2077');
INSERT INTO Users VALUES (620066754,'Howard','Pantoja','HowardPantoja@gmail.com','PantojaHoward');
INSERT INTO Students VALUES (620066754,'UNDERGRAD','01-01-2020');
INSERT INTO Enrolled (u_id,courseCode) VALUES (620066754,'CHEM2177'),(620066754,'ECON1098'),(620066754,'COMP3238');
INSERT INTO Users VALUES (620066755,'Reginald','Lyford','ReginaldLyford@gmail.com','LyfordReginald');
INSERT INTO Students VALUES (620066755,'UNDERGRAD','01-01-2020');
INSERT INTO Enrolled (u_id,courseCode) VALUES (620066755,'COMP1543'),(620066755,'MATH1262'),(620066755,'MATH3544'),(620066755,'MATH3209');
INSERT INTO Users VALUES (620066756,'Joseph','Lundholm','JosephLundholm@gmail.com','LundholmJoseph');
INSERT INTO Students VALUES (620066756,'UNDERGRAD','01-01-2020');
INSERT INTO Enrolled (u_id,courseCode) VALUES (620066756,'BIOC3721'),(620066756,'CHEM1613'),(620066756,'ECON1458');
INSERT INTO Users VALUES (620066757,'Christopher','Colley','ChristopherColley@gmail.com','ColleyChristopher');
INSERT INTO Students VALUES (620066757,'UNDERGRAD','01-01-2020');
INSERT INTO Enrolled (u_id,courseCode) VALUES (620066757,'ECON1230'),(620066757,'MATH1309'),(620066757,'PHYS3052'),(620066757,'CHEM1613'),(620066757,'ECON1783'),(620066757,'COMP2080');
INSERT INTO Users VALUES (620066758,'Clyde','Golden','ClydeGolden@gmail.com','GoldenClyde');
INSERT INTO Students VALUES (620066758,'UNDERGRAD','01-01-2020');
INSERT INTO Enrolled (u_id,courseCode) VALUES (620066758,'ECON3004'),(620066758,'MATH2555'),(620066758,'BIOC2054'),(620066758,'INFO3636');
INSERT INTO Users VALUES (620066759,'Warren','Lamar','WarrenLamar@gmail.com','LamarWarren');
INSERT INTO Students VALUES (620066759,'UNDERGRAD','01-01-2020');
INSERT INTO Enrolled (u_id,courseCode) VALUES (620066759,'COMP2965'),(620066759,'INFO2860'),(620066759,'MATH2188'),(620066759,'COMP2651'),(620066759,'COMP3506'),(620066759,'BIOC3341');
INSERT INTO Users VALUES (620066760,'Diane','Deen','DianeDeen@gmail.com','DeenDiane');
INSERT INTO Students VALUES (620066760,'UNDERGRAD','01-01-2020');
INSERT INTO Enrolled (u_id,courseCode) VALUES (620066760,'PHYS1979'),(620066760,'PHYS2306'),(620066760,'MATH1148'),(620066760,'CHEM3054'),(620066760,'PHYS3052');
INSERT INTO Users VALUES (620066761,'Adelia','Hawkins','AdeliaHawkins@gmail.com','HawkinsAdelia');
INSERT INTO Students VALUES (620066761,'UNDERGRAD','01-01-2020');
INSERT INTO Enrolled (u_id,courseCode) VALUES (620066761,'ECON2814'),(620066761,'COMP2651'),(620066761,'MATH1454'),(620066761,'CHEM3617');
INSERT INTO Users VALUES (620066762,'Roberta','Early','RobertaEarly@gmail.com','EarlyRoberta');
INSERT INTO Students VALUES (620066762,'UNDERGRAD','01-01-2020');
INSERT INTO Enrolled (u_id,courseCode) VALUES (620066762,'CHEM2149'),(620066762,'ECON3550'),(620066762,'PHYS2448'),(620066762,'COMP2965');
INSERT INTO Users VALUES (620066763,'Aaron','Steere','AaronSteere@gmail.com','SteereAaron');
INSERT INTO Students VALUES (620066763,'UNDERGRAD','01-01-2020');
INSERT INTO Enrolled (u_id,courseCode) VALUES (620066763,'PHYS2448'),(620066763,'ECON1589'),(620066763,'INFO2147');
INSERT INTO Users VALUES (620066764,'Milton','Thomas','MiltonThomas@gmail.com','ThomasMilton');
INSERT INTO Students VALUES (620066764,'UNDERGRAD','01-01-2020');
INSERT INTO Enrolled (u_id,courseCode) VALUES (620066764,'COMP1543'),(620066764,'BIOC3721'),(620066764,'MATH3613');
INSERT INTO Users VALUES (620066765,'Miguel','Ebbs','MiguelEbbs@gmail.com','EbbsMiguel');
INSERT INTO Students VALUES (620066765,'UNDERGRAD','01-01-2020');
INSERT INTO Enrolled (u_id,courseCode) VALUES (620066765,'COMP3173'),(620066765,'CHEM1340'),(620066765,'BIOC2236');
INSERT INTO Users VALUES (620066766,'Cleveland','Walden','ClevelandWalden@gmail.com','WaldenCleveland');
INSERT INTO Students VALUES (620066766,'UNDERGRAD','01-01-2020');
INSERT INTO Enrolled (u_id,courseCode) VALUES (620066766,'COMP1867'),(620066766,'BIOC1534'),(620066766,'BIOC1794'),(620066766,'PHYS2667'),(620066766,'CHEM1494');
INSERT INTO Users VALUES (620066767,'Peggy','Reyes','PeggyReyes@gmail.com','ReyesPeggy');
INSERT INTO Students VALUES (620066767,'UNDERGRAD','01-01-2020');
INSERT INTO Enrolled (u_id,courseCode) VALUES (620066767,'CHEM2149'),(620066767,'BIOC3457'),(620066767,'ECON3085');
INSERT INTO Users VALUES (620066768,'Scott','Lowrey','ScottLowrey@gmail.com','LowreyScott');
INSERT INTO Students VALUES (620066768,'UNDERGRAD','01-01-2020');
INSERT INTO Enrolled (u_id,courseCode) VALUES (620066768,'MATH1250'),(620066768,'CHEM2220'),(620066768,'COMP3849'),(620066768,'COMP3418'),(620066768,'PHYS2229'),(620066768,'INFO3419');
INSERT INTO Users VALUES (620066769,'Traci','Comley','TraciComley@gmail.com','ComleyTraci');
INSERT INTO Students VALUES (620066769,'UNDERGRAD','01-01-2020');
INSERT INTO Enrolled (u_id,courseCode) VALUES (620066769,'CHEM2626'),(620066769,'PHYS1993'),(620066769,'PHYS2667'),(620066769,'COMP2717'),(620066769,'INFO2147');
INSERT INTO Users VALUES (620066770,'Allison','Monte','AllisonMonte@gmail.com','MonteAllison');
INSERT INTO Students VALUES (620066770,'UNDERGRAD','01-01-2020');
INSERT INTO Enrolled (u_id,courseCode) VALUES (620066770,'ECON2387'),(620066770,'BIOC1794'),(620066770,'MATH1148'),(620066770,'ECON3020');
INSERT INTO Users VALUES (620066771,'Bobby','Fields','BobbyFields@gmail.com','FieldsBobby');
INSERT INTO Students VALUES (620066771,'UNDERGRAD','01-01-2020');
INSERT INTO Enrolled (u_id,courseCode) VALUES (620066771,'BIOC1794'),(620066771,'BIOC1725'),(620066771,'COMP2400'),(620066771,'BIOC2983');
INSERT INTO Users VALUES (620066772,'Rosa','Bower','RosaBower@gmail.com','BowerRosa');
INSERT INTO Students VALUES (620066772,'UNDERGRAD','01-01-2020');
INSERT INTO Enrolled (u_id,courseCode) VALUES (620066772,'COMP1867'),(620066772,'INFO3603'),(620066772,'MATH1262'),(620066772,'MATH2555');
INSERT INTO Users VALUES (620066773,'Gregory','Laudat','GregoryLaudat@gmail.com','LaudatGregory');
INSERT INTO Students VALUES (620066773,'UNDERGRAD','01-01-2020');
INSERT INTO Enrolled (u_id,courseCode) VALUES (620066773,'COMP3639'),(620066773,'BIOC1598'),(620066773,'INFO2716'),(620066773,'PHYS3354'),(620066773,'INFO1242');
INSERT INTO Users VALUES (620066774,'Stanley','Chappell','StanleyChappell@gmail.com','ChappellStanley');
INSERT INTO Students VALUES (620066774,'UNDERGRAD','01-01-2020');
INSERT INTO Enrolled (u_id,courseCode) VALUES (620066774,'COMP3536'),(620066774,'COMP2717'),(620066774,'CHEM2867');
INSERT INTO Users VALUES (620066775,'Terri','Larry','TerriLarry@gmail.com','LarryTerri');
INSERT INTO Students VALUES (620066775,'UNDERGRAD','01-01-2020');
INSERT INTO Enrolled (u_id,courseCode) VALUES (620066775,'ECON2722'),(620066775,'ECON3020'),(620066775,'MATH3857'),(620066775,'PHYS1399'),(620066775,'PHYS2306'),(620066775,'COMP1543');
INSERT INTO Users VALUES (620066776,'Leo','Mchenry','LeoMchenry@gmail.com','MchenryLeo');
INSERT INTO Students VALUES (620066776,'UNDERGRAD','01-01-2020');
INSERT INTO Enrolled (u_id,courseCode) VALUES (620066776,'ECON3447'),(620066776,'MATH3844'),(620066776,'PHYS2451'),(620066776,'BIOC2236'),(620066776,'PHYS2977');
INSERT INTO Users VALUES (620066777,'Glenda','Sullivan','GlendaSullivan@gmail.com','SullivanGlenda');
INSERT INTO Students VALUES (620066777,'UNDERGRAD','01-01-2020');
INSERT INTO Enrolled (u_id,courseCode) VALUES (620066777,'ECON3281'),(620066777,'BIOC2589'),(620066777,'CHEM3793'),(620066777,'CHEM2149');
INSERT INTO Users VALUES (620066778,'Carolyn','Wilbanks','CarolynWilbanks@gmail.com','WilbanksCarolyn');
INSERT INTO Students VALUES (620066778,'UNDERGRAD','01-01-2020');
INSERT INTO Enrolled (u_id,courseCode) VALUES (620066778,'COMP3536'),(620066778,'PHYS3686'),(620066778,'MATH3844'),(620066778,'BIOC2981'),(620066778,'MATH3857'),(620066778,'ECON1783');
INSERT INTO Users VALUES (620066779,'Tim','Macpartland','TimMacpartland@gmail.com','MacpartlandTim');
INSERT INTO Students VALUES (620066779,'UNDERGRAD','01-01-2020');
INSERT INTO Enrolled (u_id,courseCode) VALUES (620066779,'CHEM2005'),(620066779,'CHEM1340'),(620066779,'COMP3173'),(620066779,'ECON1589'),(620066779,'PHYS3729'),(620066779,'CHEM3888');
INSERT INTO Users VALUES (620066780,'Beverly','Deen','BeverlyDeen@gmail.com','DeenBeverly');
INSERT INTO Students VALUES (620066780,'UNDERGRAD','01-01-2020');
INSERT INTO Enrolled (u_id,courseCode) VALUES (620066780,'BIOC3604'),(620066780,'INFO3603'),(620066780,'BIOC1986');
INSERT INTO Users VALUES (620066781,'Shonda','Robertson','ShondaRobertson@gmail.com','RobertsonShonda');
INSERT INTO Students VALUES (620066781,'UNDERGRAD','01-01-2020');
INSERT INTO Enrolled (u_id,courseCode) VALUES (620066781,'CHEM2065'),(620066781,'COMP2541'),(620066781,'BIOC3341'),(620066781,'PHYS3686');
INSERT INTO Users VALUES (620066782,'Ronald','Vanwyck','RonaldVanwyck@gmail.com','VanwyckRonald');
INSERT INTO Students VALUES (620066782,'UNDERGRAD','01-01-2020');
INSERT INTO Enrolled (u_id,courseCode) VALUES (620066782,'PHYS3354'),(620066782,'ECON2814'),(620066782,'CHEM3327'),(620066782,'PHYS3659'),(620066782,'ECON1996');
INSERT INTO Users VALUES (620066783,'Wayne','Lowrey','WayneLowrey@gmail.com','LowreyWayne');
INSERT INTO Students VALUES (620066783,'UNDERGRAD','01-01-2020');
INSERT INTO Enrolled (u_id,courseCode) VALUES (620066783,'MATH2957'),(620066783,'ECON3550'),(620066783,'PHYS3290'),(620066783,'PHYS2113');
INSERT INTO Users VALUES (620066784,'Carol','Lowrey','CarolLowrey@gmail.com','LowreyCarol');
INSERT INTO Students VALUES (620066784,'UNDERGRAD','01-01-2020');
INSERT INTO Enrolled (u_id,courseCode) VALUES (620066784,'COMP1051'),(620066784,'INFO2337'),(620066784,'CHEM1494'),(620066784,'MATH3613'),(620066784,'ECON3228');
INSERT INTO Users VALUES (620066785,'Tia','Taylor','TiaTaylor@gmail.com','TaylorTia');
INSERT INTO Students VALUES (620066785,'UNDERGRAD','01-01-2020');
INSERT INTO Enrolled (u_id,courseCode) VALUES (620066785,'ECON1170'),(620066785,'ECON2814'),(620066785,'ECON1498'),(620066785,'INFO2147');
INSERT INTO Users VALUES (620066786,'Jose','Jones','JoseJones@gmail.com','JonesJose');
INSERT INTO Students VALUES (620066786,'UNDERGRAD','01-01-2020');
INSERT INTO Enrolled (u_id,courseCode) VALUES (620066786,'CHEM2797'),(620066786,'MATH1309'),(620066786,'ECON1645');
INSERT INTO Users VALUES (620066787,'Luella','Petersen','LuellaPetersen@gmail.com','PetersenLuella');
INSERT INTO Students VALUES (620066787,'UNDERGRAD','01-01-2020');
INSERT INTO Enrolled (u_id,courseCode) VALUES (620066787,'INFO2716'),(620066787,'CHEM2177'),(620066787,'MATH3688'),(620066787,'BIOC1052');
INSERT INTO Users VALUES (620066788,'Blake','Scales','BlakeScales@gmail.com','ScalesBlake');
INSERT INTO Students VALUES (620066788,'UNDERGRAD','01-01-2020');
INSERT INTO Enrolled (u_id,courseCode) VALUES (620066788,'PHYS2117'),(620066788,'BIOC1052'),(620066788,'BIOC1986'),(620066788,'BIOC1534'),(620066788,'PHYS2977');
INSERT INTO Users VALUES (620066789,'Daniel','Steere','DanielSteere@gmail.com','SteereDaniel');
INSERT INTO Students VALUES (620066789,'UNDERGRAD','01-01-2020');
INSERT INTO Enrolled (u_id,courseCode) VALUES (620066789,'PHYS1993'),(620066789,'ECON1561'),(620066789,'INFO2337'),(620066789,'INFO2559'),(620066789,'COMP2361'),(620066789,'COMP2717');
INSERT INTO Users VALUES (620066790,'Cliff','Walden','CliffWalden@gmail.com','WaldenCliff');
INSERT INTO Students VALUES (620066790,'UNDERGRAD','01-01-2020');
INSERT INTO Enrolled (u_id,courseCode) VALUES (620066790,'INFO2636'),(620066790,'PHYS2113'),(620066790,'ECON3989'),(620066790,'INFO2797');
INSERT INTO Users VALUES (620066791,'Jennifer','Ferretti','JenniferFerretti@gmail.com','FerrettiJennifer');
INSERT INTO Students VALUES (620066791,'UNDERGRAD','01-01-2020');
INSERT INTO Enrolled (u_id,courseCode) VALUES (620066791,'MATH3544'),(620066791,'PHYS3686'),(620066791,'ECON3004'),(620066791,'COMP3639'),(620066791,'PHYS3339'),(620066791,'INFO2559');
INSERT INTO Users VALUES (620066792,'Katie','Davis','KatieDavis@gmail.com','DavisKatie');
INSERT INTO Students VALUES (620066792,'UNDERGRAD','01-01-2020');
INSERT INTO Enrolled (u_id,courseCode) VALUES (620066792,'CHEM3327'),(620066792,'PHYS2338'),(620066792,'CHEM2727'),(620066792,'COMP3173'),(620066792,'CHEM2626');
INSERT INTO Users VALUES (620066793,'Jacqueline','Kent','JacquelineKent@gmail.com','KentJacqueline');
INSERT INTO Students VALUES (620066793,'UNDERGRAD','01-01-2020');
INSERT INTO Enrolled (u_id,courseCode) VALUES (620066793,'MATH3179'),(620066793,'BIOC3604'),(620066793,'INFO2521'),(620066793,'PHYS2451');
INSERT INTO Users VALUES (620066794,'Georgie','Ratterman','GeorgieRatterman@gmail.com','RattermanGeorgie');
INSERT INTO Students VALUES (620066794,'UNDERGRAD','01-01-2020');
INSERT INTO Enrolled (u_id,courseCode) VALUES (620066794,'CHEM2481'),(620066794,'INFO3419'),(620066794,'INFO3636');
INSERT INTO Users VALUES (620066795,'Dennis','Sullivan','DennisSullivan@gmail.com','SullivanDennis');
INSERT INTO Students VALUES (620066795,'UNDERGRAD','01-01-2020');
INSERT INTO Enrolled (u_id,courseCode) VALUES (620066795,'MATH1148'),(620066795,'INFO1014'),(620066795,'MATH2957'),(620066795,'MATH2188');
INSERT INTO Users VALUES (620066796,'Joyce','Meisner','JoyceMeisner@gmail.com','MeisnerJoyce');
INSERT INTO Students VALUES (620066796,'UNDERGRAD','01-01-2020');
INSERT INTO Enrolled (u_id,courseCode) VALUES (620066796,'CHEM3614'),(620066796,'ECON3989'),(620066796,'ECON3737'),(620066796,'COMP3506');
INSERT INTO Users VALUES (620066797,'Catherine','English','CatherineEnglish@gmail.com','EnglishCatherine');
INSERT INTO Students VALUES (620066797,'UNDERGRAD','01-01-2020');
INSERT INTO Enrolled (u_id,courseCode) VALUES (620066797,'PHYS2977'),(620066797,'CHEM2626'),(620066797,'MATH3209'),(620066797,'MATH2717'),(620066797,'MATH1735');
INSERT INTO Users VALUES (620066798,'Walter','Merna','WalterMerna@gmail.com','MernaWalter');
INSERT INTO Students VALUES (620066798,'UNDERGRAD','01-01-2020');
INSERT INTO Enrolled (u_id,courseCode) VALUES (620066798,'CHEM2626'),(620066798,'COMP3639'),(620066798,'MATH1578'),(620066798,'INFO2813'),(620066798,'CHEM3793');
INSERT INTO Users VALUES (620066799,'Orlando','Kent','OrlandoKent@gmail.com','KentOrlando');
INSERT INTO Students VALUES (620066799,'UNDERGRAD','01-01-2020');
INSERT INTO Enrolled (u_id,courseCode) VALUES (620066799,'BIOC1164'),(620066799,'COMP2077'),(620066799,'PHYS2448'),(620066799,'ECON1589');
INSERT INTO Users VALUES (620066800,'Shalanda','Velasquez','ShalandaVelasquez@gmail.com','VelasquezShalanda');
INSERT INTO Students VALUES (620066800,'UNDERGRAD','01-01-2020');
INSERT INTO Enrolled (u_id,courseCode) VALUES (620066800,'MATH2717'),(620066800,'MATH1148'),(620066800,'CHEM2066');
INSERT INTO Users VALUES (620066801,'Celia','Decker','CeliaDecker@gmail.com','DeckerCelia');
INSERT INTO Students VALUES (620066801,'UNDERGRAD','01-01-2020');
INSERT INTO Enrolled (u_id,courseCode) VALUES (620066801,'COMP3536'),(620066801,'BIOC1910'),(620066801,'MATH2550'),(620066801,'PHYS3464');
INSERT INTO Users VALUES (620066802,'Peggy','Gray','PeggyGray@gmail.com','GrayPeggy');
INSERT INTO Students VALUES (620066802,'UNDERGRAD','01-01-2020');
INSERT INTO Enrolled (u_id,courseCode) VALUES (620066802,'BIOC3230'),(620066802,'INFO1288'),(620066802,'MATH2067');
INSERT INTO Users VALUES (620066803,'Christine','May','ChristineMay@gmail.com','MayChristine');
INSERT INTO Students VALUES (620066803,'UNDERGRAD','01-01-2020');
INSERT INTO Enrolled (u_id,courseCode) VALUES (620066803,'BIOC3341'),(620066803,'MATH2957'),(620066803,'CHEM2066');
INSERT INTO Users VALUES (620066804,'Kurt','Schilling','KurtSchilling@gmail.com','SchillingKurt');
INSERT INTO Students VALUES (620066804,'UNDERGRAD','01-01-2020');
INSERT INTO Enrolled (u_id,courseCode) VALUES (620066804,'PHYS2451'),(620066804,'INFO2559'),(620066804,'INFO2950'),(620066804,'CHEM1807'),(620066804,'CHEM2446');
INSERT INTO Users VALUES (620066805,'Brenda','Lindstrom','BrendaLindstrom@gmail.com','LindstromBrenda');
INSERT INTO Students VALUES (620066805,'UNDERGRAD','01-01-2020');
INSERT INTO Enrolled (u_id,courseCode) VALUES (620066805,'INFO2521'),(620066805,'CHEM3327'),(620066805,'ECON2703'),(620066805,'ECON3311');
INSERT INTO Users VALUES (620066806,'Bryan','Lindstrom','BryanLindstrom@gmail.com','LindstromBryan');
INSERT INTO Students VALUES (620066806,'UNDERGRAD','01-01-2020');
INSERT INTO Enrolled (u_id,courseCode) VALUES (620066806,'ECON3085'),(620066806,'ECON1996'),(620066806,'PHYS3354'),(620066806,'PHYS3787'),(620066806,'INFO1447'),(620066806,'INFO1145');
INSERT INTO Users VALUES (620066807,'Delia','Gaffney','DeliaGaffney@gmail.com','GaffneyDelia');
INSERT INTO Students VALUES (620066807,'UNDERGRAD','01-01-2020');
INSERT INTO Enrolled (u_id,courseCode) VALUES (620066807,'ECON1783'),(620066807,'MATH1309'),(620066807,'BIOC3341'),(620066807,'COMP2965'),(620066807,'PHYS2238'),(620066807,'ECON3550');
INSERT INTO Users VALUES (620066808,'Stephen','Sandlin','StephenSandlin@gmail.com','SandlinStephen');
INSERT INTO Students VALUES (620066808,'UNDERGRAD','01-01-2020');
INSERT INTO Enrolled (u_id,courseCode) VALUES (620066808,'COMP3697'),(620066808,'ECON2722'),(620066808,'CHEM1485'),(620066808,'CHEM3793');
INSERT INTO Users VALUES (620066809,'Carolyn','Halford','CarolynHalford@gmail.com','HalfordCarolyn');
INSERT INTO Students VALUES (620066809,'UNDERGRAD','01-01-2020');
INSERT INTO Enrolled (u_id,courseCode) VALUES (620066809,'MATH3059'),(620066809,'MATH3613'),(620066809,'CHEM3747'),(620066809,'COMP3697');
INSERT INTO Users VALUES (620066810,'Andrew','Carrington','AndrewCarrington@gmail.com','CarringtonAndrew');
INSERT INTO Students VALUES (620066810,'UNDERGRAD','01-01-2020');
INSERT INTO Enrolled (u_id,courseCode) VALUES (620066810,'PHYS2238'),(620066810,'MATH1250'),(620066810,'COMP2080');
INSERT INTO Users VALUES (620066811,'Sheila','Barrett','SheilaBarrett@gmail.com','BarrettSheila');
INSERT INTO Students VALUES (620066811,'UNDERGRAD','01-01-2020');
INSERT INTO Enrolled (u_id,courseCode) VALUES (620066811,'COMP3746'),(620066811,'COMP3084'),(620066811,'MATH2501'),(620066811,'BIOC3230'),(620066811,'BIOC3191');
INSERT INTO Users VALUES (620066812,'Allison','Porter','AllisonPorter@gmail.com','PorterAllison');
INSERT INTO Students VALUES (620066812,'UNDERGRAD','01-01-2020');
INSERT INTO Enrolled (u_id,courseCode) VALUES (620066812,'BIOC2236'),(620066812,'INFO1990'),(620066812,'ECON1561');
INSERT INTO Users VALUES (620066813,'Gilbert','Kaupp','GilbertKaupp@gmail.com','KauppGilbert');
INSERT INTO Students VALUES (620066813,'UNDERGRAD','01-01-2020');
INSERT INTO Enrolled (u_id,courseCode) VALUES (620066813,'PHYS2338'),(620066813,'INFO1825'),(620066813,'COMP1573'),(620066813,'CHEM2005'),(620066813,'INFO2270');
INSERT INTO Users VALUES (620066814,'Allison','Williams','AllisonWilliams@gmail.com','WilliamsAllison');
INSERT INTO Students VALUES (620066814,'UNDERGRAD','01-01-2020');
INSERT INTO Enrolled (u_id,courseCode) VALUES (620066814,'PHYS2448'),(620066814,'ECON2722'),(620066814,'PHYS1140'),(620066814,'BIOC1164'),(620066814,'MATH3209'),(620066814,'PHYS1979');
INSERT INTO Users VALUES (620066815,'Grace','Atkins','GraceAtkins@gmail.com','AtkinsGrace');
INSERT INTO Students VALUES (620066815,'UNDERGRAD','01-01-2020');
INSERT INTO Enrolled (u_id,courseCode) VALUES (620066815,'CHEM2005'),(620066815,'COMP2541'),(620066815,'MATH1578'),(620066815,'COMP3639');
INSERT INTO Users VALUES (620066816,'Dennis','Bradford','DennisBradford@gmail.com','BradfordDennis');
INSERT INTO Students VALUES (620066816,'UNDERGRAD','01-01-2020');
INSERT INTO Enrolled (u_id,courseCode) VALUES (620066816,'INFO1825'),(620066816,'PHYS1979'),(620066816,'ECON3447');
INSERT INTO Users VALUES (620066817,'Lois','Reyes','LoisReyes@gmail.com','ReyesLois');
INSERT INTO Students VALUES (620066817,'UNDERGRAD','01-01-2020');
INSERT INTO Enrolled (u_id,courseCode) VALUES (620066817,'ECON3281'),(620066817,'CHEM1340'),(620066817,'INFO2559'),(620066817,'MATH2501');
INSERT INTO Users VALUES (620066818,'Clyde','Miles','ClydeMiles@gmail.com','MilesClyde');
INSERT INTO Students VALUES (620066818,'UNDERGRAD','01-01-2020');
INSERT INTO Enrolled (u_id,courseCode) VALUES (620066818,'BIOC1986'),(620066818,'ECON1170'),(620066818,'BIOC1448'),(620066818,'CHEM2867');
INSERT INTO Users VALUES (620066819,'Betty','Aybar','BettyAybar@gmail.com','AybarBetty');
INSERT INTO Students VALUES (620066819,'UNDERGRAD','01-01-2020');
INSERT INTO Enrolled (u_id,courseCode) VALUES (620066819,'ECON1561'),(620066819,'MATH3613'),(620066819,'INFO2270'),(620066819,'ECON3523'),(620066819,'PHYS3729'),(620066819,'INFO1833');
INSERT INTO Users VALUES (620066820,'Nancy','Wengerd','NancyWengerd@gmail.com','WengerdNancy');
INSERT INTO Students VALUES (620066820,'UNDERGRAD','01-01-2020');
INSERT INTO Enrolled (u_id,courseCode) VALUES (620066820,'INFO2213'),(620066820,'ECON1098'),(620066820,'ECON1561'),(620066820,'COMP2717'),(620066820,'ECON1783'),(620066820,'INFO3868');
INSERT INTO Users VALUES (620066821,'Ashley','Shattuck','AshleyShattuck@gmail.com','ShattuckAshley');
INSERT INTO Students VALUES (620066821,'UNDERGRAD','01-01-2020');
INSERT INTO Enrolled (u_id,courseCode) VALUES (620066821,'COMP1184'),(620066821,'BIOC3721'),(620066821,'ECON2722'),(620066821,'CHEM1613'),(620066821,'PHYS2448'),(620066821,'PHYS2667');
INSERT INTO Users VALUES (620066822,'Melanie','Hanks','MelanieHanks@gmail.com','HanksMelanie');
INSERT INTO Students VALUES (620066822,'UNDERGRAD','01-01-2020');
INSERT INTO Enrolled (u_id,courseCode) VALUES (620066822,'ECON1098'),(620066822,'COMP1867'),(620066822,'INFO3419'),(620066822,'MATH1578'),(620066822,'INFO2813'),(620066822,'COMP2541');
INSERT INTO Users VALUES (620066823,'Arthur','Pantoja','ArthurPantoja@gmail.com','PantojaArthur');
INSERT INTO Students VALUES (620066823,'UNDERGRAD','01-01-2020');
INSERT INTO Enrolled (u_id,courseCode) VALUES (620066823,'PHYS1173'),(620066823,'INFO3419'),(620066823,'INFO2797'),(620066823,'ECON2345'),(620066823,'ECON3447'),(620066823,'CHEM2066');
INSERT INTO Users VALUES (620066824,'Colin','Schilling','ColinSchilling@gmail.com','SchillingColin');
INSERT INTO Students VALUES (620066824,'UNDERGRAD','01-01-2020');
INSERT INTO Enrolled (u_id,courseCode) VALUES (620066824,'PHYS3354'),(620066824,'INFO2270'),(620066824,'MATH1454'),(620066824,'BIOC1448'),(620066824,'ECON3281');
INSERT INTO Users VALUES (620066825,'Joseph','Butcher','JosephButcher@gmail.com','ButcherJoseph');
INSERT INTO Students VALUES (620066825,'UNDERGRAD','01-01-2020');
INSERT INTO Enrolled (u_id,courseCode) VALUES (620066825,'ECON3004'),(620066825,'CHEM1613'),(620066825,'CHEM2727');
INSERT INTO Users VALUES (620066826,'Jose','Figueroa','JoseFigueroa@gmail.com','FigueroaJose');
INSERT INTO Students VALUES (620066826,'UNDERGRAD','01-01-2020');
INSERT INTO Enrolled (u_id,courseCode) VALUES (620066826,'MATH3029'),(620066826,'ECON3004'),(620066826,'ECON2345'),(620066826,'ECON3550'),(620066826,'ECON1498'),(620066826,'COMP3506');
INSERT INTO Users VALUES (620066827,'Greg','Collins','GregCollins@gmail.com','CollinsGreg');
INSERT INTO Students VALUES (620066827,'UNDERGRAD','01-01-2020');
INSERT INTO Enrolled (u_id,courseCode) VALUES (620066827,'ECON1561'),(620066827,'INFO1833'),(620066827,'BIOC2054'),(620066827,'COMP2400'),(620066827,'INFO2813');
INSERT INTO Users VALUES (620066828,'Beverly','Waugh','BeverlyWaugh@gmail.com','WaughBeverly');
INSERT INTO Students VALUES (620066828,'UNDERGRAD','01-01-2020');
INSERT INTO Enrolled (u_id,courseCode) VALUES (620066828,'MATH3844'),(620066828,'PHYS2977'),(620066828,'COMP3639'),(620066828,'PHYS1173'),(620066828,'MATH2501'),(620066828,'BIOC1794');
INSERT INTO Users VALUES (620066829,'Anderson','Orchard','AndersonOrchard@gmail.com','OrchardAnderson');
INSERT INTO Students VALUES (620066829,'UNDERGRAD','01-01-2020');
INSERT INTO Enrolled (u_id,courseCode) VALUES (620066829,'COMP1184'),(620066829,'CHEM1340'),(620066829,'CHEM3614'),(620066829,'INFO1288'),(620066829,'ECON1645'),(620066829,'PHYS3787');
INSERT INTO Users VALUES (620066830,'Warren','Knaub','WarrenKnaub@gmail.com','KnaubWarren');
INSERT INTO Students VALUES (620066830,'UNDERGRAD','01-01-2020');
INSERT INTO Enrolled (u_id,courseCode) VALUES (620066830,'ECON3372'),(620066830,'BIOC1485'),(620066830,'INFO2797'),(620066830,'ECON3085'),(620066830,'INFO1014');
INSERT INTO Users VALUES (620066831,'Dennis','Shani','DennisShani@gmail.com','ShaniDennis');
INSERT INTO Students VALUES (620066831,'UNDERGRAD','01-01-2020');
INSERT INTO Enrolled (u_id,courseCode) VALUES (620066831,'ECON2814'),(620066831,'BIOC3230'),(620066831,'BIOC2981'),(620066831,'PHYS2238');
INSERT INTO Users VALUES (620066832,'Jewell','Cardona','JewellCardona@gmail.com','CardonaJewell');
INSERT INTO Students VALUES (620066832,'UNDERGRAD','01-01-2020');
INSERT INTO Enrolled (u_id,courseCode) VALUES (620066832,'COMP1460'),(620066832,'COMP3418'),(620066832,'PHYS2977'),(620066832,'CHEM3054'),(620066832,'BIOC1439'),(620066832,'PHYS3876');
INSERT INTO Users VALUES (620066833,'Bernard','May','BernardMay@gmail.com','MayBernard');
INSERT INTO Students VALUES (620066833,'UNDERGRAD','01-01-2020');
INSERT INTO Enrolled (u_id,courseCode) VALUES (620066833,'PHYS1930'),(620066833,'MATH1262'),(620066833,'COMP1867'),(620066833,'BIOC2589'),(620066833,'COMP3084');
INSERT INTO Users VALUES (620066834,'Karen','Stallings','KarenStallings@gmail.com','StallingsKaren');
INSERT INTO Students VALUES (620066834,'UNDERGRAD','01-01-2020');
INSERT INTO Enrolled (u_id,courseCode) VALUES (620066834,'COMP3238'),(620066834,'PHYS3290'),(620066834,'COMP2361'),(620066834,'ECON3550'),(620066834,'CHEM2727');
INSERT INTO Users VALUES (620066835,'Richard','Lamar','RichardLamar@gmail.com','LamarRichard');
INSERT INTO Students VALUES (620066835,'UNDERGRAD','01-01-2020');
INSERT INTO Enrolled (u_id,courseCode) VALUES (620066835,'CHEM2727'),(620066835,'MATH2067'),(620066835,'PHYS1173'),(620066835,'MATH3029'),(620066835,'COMP3639');
INSERT INTO Users VALUES (620066836,'Celia','Mcclain','CeliaMcclain@gmail.com','McclainCelia');
INSERT INTO Students VALUES (620066836,'UNDERGRAD','01-01-2020');
INSERT INTO Enrolled (u_id,courseCode) VALUES (620066836,'INFO2860'),(620066836,'COMP3506'),(620066836,'INFO1648'),(620066836,'BIOC1986');
INSERT INTO Users VALUES (620066837,'Tracy','Griffin','TracyGriffin@gmail.com','GriffinTracy');
INSERT INTO Students VALUES (620066837,'UNDERGRAD','01-01-2020');
INSERT INTO Enrolled (u_id,courseCode) VALUES (620066837,'ECON1458'),(620066837,'MATH1262'),(620066837,'ECON3281'),(620066837,'BIOC1725'),(620066837,'COMP1051'),(620066837,'CHEM2149');
INSERT INTO Users VALUES (620066838,'Reggie','Coleman','ReggieColeman@gmail.com','ColemanReggie');
INSERT INTO Students VALUES (620066838,'UNDERGRAD','01-01-2020');
INSERT INTO Enrolled (u_id,courseCode) VALUES (620066838,'BIOC1794'),(620066838,'MATH1648'),(620066838,'MATH2067');
INSERT INTO Users VALUES (620066839,'Derek','Jensen','DerekJensen@gmail.com','JensenDerek');
INSERT INTO Students VALUES (620066839,'UNDERGRAD','01-01-2020');
INSERT INTO Enrolled (u_id,courseCode) VALUES (620066839,'MATH3688'),(620066839,'ECON2703'),(620066839,'MATH1578'),(620066839,'INFO2147');
INSERT INTO Users VALUES (620066840,'Jesus','Mcclenon','JesusMcclenon@gmail.com','McclenonJesus');
INSERT INTO Students VALUES (620066840,'UNDERGRAD','01-01-2020');
INSERT INTO Enrolled (u_id,courseCode) VALUES (620066840,'CHEM1340'),(620066840,'PHYS3290'),(620066840,'MATH1309'),(620066840,'COMP2361');
INSERT INTO Users VALUES (620066841,'Gabriel','Figueroa','GabrielFigueroa@gmail.com','FigueroaGabriel');
INSERT INTO Students VALUES (620066841,'UNDERGRAD','01-01-2020');
INSERT INTO Enrolled (u_id,courseCode) VALUES (620066841,'COMP2717'),(620066841,'INFO2811'),(620066841,'CHEM2481'),(620066841,'COMP1543');
INSERT INTO Users VALUES (620066842,'Dora','Bras','DoraBras@gmail.com','BrasDora');
INSERT INTO Students VALUES (620066842,'UNDERGRAD','01-01-2020');
INSERT INTO Enrolled (u_id,courseCode) VALUES (620066842,'INFO2147'),(620066842,'PHYS3052'),(620066842,'MATH1262'),(620066842,'BIOC2589');
INSERT INTO Users VALUES (620066843,'Willie','Joaquin','WillieJoaquin@gmail.com','JoaquinWillie');
INSERT INTO Students VALUES (620066843,'UNDERGRAD','01-01-2020');
INSERT INTO Enrolled (u_id,courseCode) VALUES (620066843,'CHEM2727'),(620066843,'MATH3688'),(620066843,'CHEM3617'),(620066843,'ECON1098');
INSERT INTO Users VALUES (620066844,'Grace','Wilbanks','GraceWilbanks@gmail.com','WilbanksGrace');
INSERT INTO Students VALUES (620066844,'UNDERGRAD','01-01-2020');
INSERT INTO Enrolled (u_id,courseCode) VALUES (620066844,'ECON3737'),(620066844,'INFO1014'),(620066844,'ECON1098'),(620066844,'ECON3228');
INSERT INTO Users VALUES (620066845,'Shalanda','Blevins','ShalandaBlevins@gmail.com','BlevinsShalanda');
INSERT INTO Students VALUES (620066845,'UNDERGRAD','01-01-2020');
INSERT INTO Enrolled (u_id,courseCode) VALUES (620066845,'BIOC2550'),(620066845,'CHEM2481'),(620066845,'CHEM1807'),(620066845,'ECON1012'),(620066845,'PHYS3787');
INSERT INTO Users VALUES (620066846,'Nina','Terry','NinaTerry@gmail.com','TerryNina');
INSERT INTO Students VALUES (620066846,'UNDERGRAD','01-01-2020');
INSERT INTO Enrolled (u_id,courseCode) VALUES (620066846,'BIOC1986'),(620066846,'BIOC1534'),(620066846,'BIOC1725'),(620066846,'COMP1543'),(620066846,'MATH1309'),(620066846,'INFO1242');
INSERT INTO Users VALUES (620066847,'Kathy','Knox','KathyKnox@gmail.com','KnoxKathy');
INSERT INTO Students VALUES (620066847,'UNDERGRAD','01-01-2020');
INSERT INTO Enrolled (u_id,courseCode) VALUES (620066847,'PHYS2563'),(620066847,'PHYS1140'),(620066847,'ECON3063'),(620066847,'CHEM2005');
INSERT INTO Users VALUES (620066848,'Vernon','Woomer','VernonWoomer@gmail.com','WoomerVernon');
INSERT INTO Students VALUES (620066848,'UNDERGRAD','01-01-2020');
INSERT INTO Enrolled (u_id,courseCode) VALUES (620066848,'CHEM2481'),(620066848,'MATH3222'),(620066848,'INFO2636'),(620066848,'ECON3004'),(620066848,'CHEM1807');
INSERT INTO Users VALUES (620066849,'Ben','Lyford','BenLyford@gmail.com','LyfordBen');
INSERT INTO Students VALUES (620066849,'UNDERGRAD','01-01-2020');
INSERT INTO Enrolled (u_id,courseCode) VALUES (620066849,'CHEM2481'),(620066849,'PHYS1993'),(620066849,'CHEM2604');
INSERT INTO Users VALUES (620066850,'Mack','Mcclain','MackMcclain@gmail.com','McclainMack');
INSERT INTO Students VALUES (620066850,'UNDERGRAD','01-01-2020');
INSERT INTO Enrolled (u_id,courseCode) VALUES (620066850,'ECON3085'),(620066850,'PHYS2338'),(620066850,'COMP2651');
INSERT INTO Users VALUES (620066851,'Vanessa','Mcclenon','VanessaMcclenon@gmail.com','McclenonVanessa');
INSERT INTO Students VALUES (620066851,'UNDERGRAD','01-01-2020');
INSERT INTO Enrolled (u_id,courseCode) VALUES (620066851,'MATH1735'),(620066851,'PHYS3354'),(620066851,'INFO3419'),(620066851,'ECON1996'),(620066851,'MATH3613');
INSERT INTO Users VALUES (620066852,'Jose','Cash','JoseCash@gmail.com','CashJose');
INSERT INTO Students VALUES (620066852,'UNDERGRAD','01-01-2020');
INSERT INTO Enrolled (u_id,courseCode) VALUES (620066852,'COMP3506'),(620066852,'PHYS2306'),(620066852,'MATH2067');
INSERT INTO Users VALUES (620066853,'Janet','Maze','JanetMaze@gmail.com','MazeJanet');
INSERT INTO Students VALUES (620066853,'UNDERGRAD','01-01-2020');
INSERT INTO Enrolled (u_id,courseCode) VALUES (620066853,'COMP1460'),(620066853,'CHEM3793'),(620066853,'COMP1573'),(620066853,'BIOC3457'),(620066853,'PHYS2238');
INSERT INTO Users VALUES (620066854,'Tony','Mcclanahan','TonyMcclanahan@gmail.com','McclanahanTony');
INSERT INTO Students VALUES (620066854,'UNDERGRAD','01-01-2020');
INSERT INTO Enrolled (u_id,courseCode) VALUES (620066854,'INFO3419'),(620066854,'BIOC1439'),(620066854,'CHEM1340');
INSERT INTO Users VALUES (620066855,'Marcus','Wilbanks','MarcusWilbanks@gmail.com','WilbanksMarcus');
INSERT INTO Students VALUES (620066855,'UNDERGRAD','01-01-2020');
INSERT INTO Enrolled (u_id,courseCode) VALUES (620066855,'MATH1648'),(620066855,'ECON3372'),(620066855,'PHYS2448');
INSERT INTO Users VALUES (620066856,'Doris','Steinbach','DorisSteinbach@gmail.com','SteinbachDoris');
INSERT INTO Students VALUES (620066856,'UNDERGRAD','01-01-2020');
INSERT INTO Enrolled (u_id,courseCode) VALUES (620066856,'MATH1972'),(620066856,'INFO2860'),(620066856,'ECON1170'),(620066856,'MATH2067');
INSERT INTO Users VALUES (620066857,'Amee','Colley','AmeeColley@gmail.com','ColleyAmee');
INSERT INTO Students VALUES (620066857,'UNDERGRAD','01-01-2020');
INSERT INTO Enrolled (u_id,courseCode) VALUES (620066857,'INFO2813'),(620066857,'CHEM2177'),(620066857,'INFO2559'),(620066857,'MATH2873'),(620066857,'INFO1014');
INSERT INTO Users VALUES (620066858,'Shirley','Shani','ShirleyShani@gmail.com','ShaniShirley');
INSERT INTO Students VALUES (620066858,'UNDERGRAD','01-01-2020');
INSERT INTO Enrolled (u_id,courseCode) VALUES (620066858,'CHEM2626'),(620066858,'COMP1460'),(620066858,'PHYS1930'),(620066858,'BIOC1598'),(620066858,'CHEM2005'),(620066858,'MATH2550');
INSERT INTO Users VALUES (620066859,'Craig','Wood','CraigWood@gmail.com','WoodCraig');
INSERT INTO Students VALUES (620066859,'UNDERGRAD','01-01-2020');
INSERT INTO Enrolled (u_id,courseCode) VALUES (620066859,'INFO3645'),(620066859,'ECON2814'),(620066859,'COMP3697');
INSERT INTO Users VALUES (620066860,'Jonathan','Swan','JonathanSwan@gmail.com','SwanJonathan');
INSERT INTO Students VALUES (620066860,'UNDERGRAD','01-01-2020');
INSERT INTO Enrolled (u_id,courseCode) VALUES (620066860,'INFO1014'),(620066860,'CHEM3793'),(620066860,'CHEM3347'),(620066860,'CHEM3409'),(620066860,'BIOC3604'),(620066860,'PHYS2229');
INSERT INTO Users VALUES (620066861,'Richard','Blevins','RichardBlevins@gmail.com','BlevinsRichard');
INSERT INTO Students VALUES (620066861,'UNDERGRAD','01-01-2020');
INSERT INTO Enrolled (u_id,courseCode) VALUES (620066861,'CHEM2446'),(620066861,'BIOC2671'),(620066861,'BIOC1910'),(620066861,'COMP2717'),(620066861,'ECON1645');
INSERT INTO Users VALUES (620066862,'Joyce','Lindstrom','JoyceLindstrom@gmail.com','LindstromJoyce');
INSERT INTO Students VALUES (620066862,'UNDERGRAD','01-01-2020');
INSERT INTO Enrolled (u_id,courseCode) VALUES (620066862,'CHEM2797'),(620066862,'INFO2521'),(620066862,'INFO2559'),(620066862,'CHEM2177');
INSERT INTO Users VALUES (620066863,'Luella','Eubank','LuellaEubank@gmail.com','EubankLuella');
INSERT INTO Students VALUES (620066863,'UNDERGRAD','01-01-2020');
INSERT INTO Enrolled (u_id,courseCode) VALUES (620066863,'ECON3447'),(620066863,'MATH2555'),(620066863,'CHEM2446'),(620066863,'COMP3849'),(620066863,'INFO1014');
INSERT INTO Users VALUES (620066864,'Demetrice','Halford','DemetriceHalford@gmail.com','HalfordDemetrice');
INSERT INTO Students VALUES (620066864,'UNDERGRAD','01-01-2020');
INSERT INTO Enrolled (u_id,courseCode) VALUES (620066864,'INFO2636'),(620066864,'BIOC1794'),(620066864,'ECON3550'),(620066864,'PHYS2117'),(620066864,'INFO2147');
INSERT INTO Users VALUES (620066865,'Jacqueline','Mchenry','JacquelineMchenry@gmail.com','MchenryJacqueline');
INSERT INTO Students VALUES (620066865,'UNDERGRAD','01-01-2020');
INSERT INTO Enrolled (u_id,courseCode) VALUES (620066865,'CHEM2220'),(620066865,'BIOC1448'),(620066865,'INFO2636'),(620066865,'BIOC2981'),(620066865,'CHEM2867');
INSERT INTO Users VALUES (620066866,'Amee','Dunn','AmeeDunn@gmail.com','DunnAmee');
INSERT INTO Students VALUES (620066866,'UNDERGRAD','01-01-2020');
INSERT INTO Enrolled (u_id,courseCode) VALUES (620066866,'CHEM2867'),(620066866,'COMP3849'),(620066866,'INFO1648');
INSERT INTO Users VALUES (620066867,'Michael','Cardona','MichaelCardona@gmail.com','CardonaMichael');
INSERT INTO Students VALUES (620066867,'UNDERGRAD','01-01-2020');
INSERT INTO Enrolled (u_id,courseCode) VALUES (620066867,'ECON3447'),(620066867,'COMP3084'),(620066867,'ECON1645'),(620066867,'ECON3085'),(620066867,'INFO3868'),(620066867,'MATH2717');
INSERT INTO Users VALUES (620066868,'Roy','Cummings','RoyCummings@gmail.com','CummingsRoy');
INSERT INTO Students VALUES (620066868,'UNDERGRAD','01-01-2020');
INSERT INTO Enrolled (u_id,courseCode) VALUES (620066868,'CHEM3888'),(620066868,'CHEM2031'),(620066868,'INFO2559');
INSERT INTO Users VALUES (620066869,'Tim','Taylor','TimTaylor@gmail.com','TaylorTim');
INSERT INTO Students VALUES (620066869,'UNDERGRAD','01-01-2020');
INSERT INTO Enrolled (u_id,courseCode) VALUES (620066869,'MATH3613'),(620066869,'MATH3844'),(620066869,'MATH1148'),(620066869,'ECON2722');
INSERT INTO Users VALUES (620066870,'Susan','Rodriguez','SusanRodriguez@gmail.com','RodriguezSusan');
INSERT INTO Students VALUES (620066870,'UNDERGRAD','01-01-2020');
INSERT INTO Enrolled (u_id,courseCode) VALUES (620066870,'ECON1012'),(620066870,'PHYS2338'),(620066870,'COMP3173'),(620066870,'ECON3372');
INSERT INTO Users VALUES (620066871,'Marshall','Crawford','MarshallCrawford@gmail.com','CrawfordMarshall');
INSERT INTO Students VALUES (620066871,'UNDERGRAD','01-01-2020');
INSERT INTO Enrolled (u_id,courseCode) VALUES (620066871,'INFO1145'),(620066871,'MATH1735'),(620066871,'ECON2722');
INSERT INTO Users VALUES (620066872,'Blake','Felipe','BlakeFelipe@gmail.com','FelipeBlake');
INSERT INTO Students VALUES (620066872,'UNDERGRAD','01-01-2020');
INSERT INTO Enrolled (u_id,courseCode) VALUES (620066872,'BIOC1744'),(620066872,'INFO2559'),(620066872,'INFO2213'),(620066872,'PHYS2113'),(620066872,'MATH1578');
INSERT INTO Users VALUES (620066873,'Antionette','Wolfe','AntionetteWolfe@gmail.com','WolfeAntionette');
INSERT INTO Students VALUES (620066873,'UNDERGRAD','01-01-2020');
INSERT INTO Enrolled (u_id,courseCode) VALUES (620066873,'MATH3844'),(620066873,'INFO1990'),(620066873,'CHEM3793');
INSERT INTO Users VALUES (620066874,'Shalanda','Robles','ShalandaRobles@gmail.com','RoblesShalanda');
INSERT INTO Students VALUES (620066874,'UNDERGRAD','01-01-2020');
INSERT INTO Enrolled (u_id,courseCode) VALUES (620066874,'BIOC1725'),(620066874,'CHEM3614'),(620066874,'INFO1833');
INSERT INTO Users VALUES (620066875,'Lindsey','Ott','LindseyOtt@gmail.com','OttLindsey');
INSERT INTO Students VALUES (620066875,'UNDERGRAD','01-01-2020');
INSERT INTO Enrolled (u_id,courseCode) VALUES (620066875,'ECON3228'),(620066875,'INFO3603'),(620066875,'BIOC2589'),(620066875,'MATH2188'),(620066875,'CHEM2697');
INSERT INTO Users VALUES (620066876,'Frances','Lorenz','FrancesLorenz@gmail.com','LorenzFrances');
INSERT INTO Students VALUES (620066876,'UNDERGRAD','01-01-2020');
INSERT INTO Enrolled (u_id,courseCode) VALUES (620066876,'MATH2873'),(620066876,'MATH2550'),(620066876,'CHEM2066'),(620066876,'PHYS1173');
INSERT INTO Users VALUES (620066877,'Gabriel','Long','GabrielLong@gmail.com','LongGabriel');
INSERT INTO Students VALUES (620066877,'UNDERGRAD','01-01-2020');
INSERT INTO Enrolled (u_id,courseCode) VALUES (620066877,'INFO1833'),(620066877,'MATH3857'),(620066877,'INFO1288'),(620066877,'CHEM1485'),(620066877,'ECON3989'),(620066877,'BIOC1534');
INSERT INTO Users VALUES (620066878,'Miguel','Thompson','MiguelThompson@gmail.com','ThompsonMiguel');
INSERT INTO Students VALUES (620066878,'UNDERGRAD','01-01-2020');
INSERT INTO Enrolled (u_id,courseCode) VALUES (620066878,'MATH1454'),(620066878,'MATH3029'),(620066878,'MATH1578'),(620066878,'INFO3645'),(620066878,'MATH1148'),(620066878,'PHYS2448');
INSERT INTO Users VALUES (620066879,'Holly','Jones','HollyJones@gmail.com','JonesHolly');
INSERT INTO Students VALUES (620066879,'UNDERGRAD','01-01-2020');
INSERT INTO Enrolled (u_id,courseCode) VALUES (620066879,'CHEM1340'),(620066879,'COMP2965'),(620066879,'BIOC1164'),(620066879,'ECON1170'),(620066879,'COMP3418');
INSERT INTO Users VALUES (620066880,'Eugene','Hernandez','EugeneHernandez@gmail.com','HernandezEugene');
INSERT INTO Students VALUES (620066880,'UNDERGRAD','01-01-2020');
INSERT INTO Enrolled (u_id,courseCode) VALUES (620066880,'PHYS3686'),(620066880,'INFO2860'),(620066880,'BIOC2236');
INSERT INTO Users VALUES (620066881,'Lilla','Wilbanks','LillaWilbanks@gmail.com','WilbanksLilla');
INSERT INTO Students VALUES (620066881,'UNDERGRAD','01-01-2020');
INSERT INTO Enrolled (u_id,courseCode) VALUES (620066881,'ECON1458'),(620066881,'MATH3844'),(620066881,'BIOC1052'),(620066881,'MATH2188'),(620066881,'INFO2559'),(620066881,'BIOC1164');
INSERT INTO Users VALUES (620066882,'Rosa','Lorenz','RosaLorenz@gmail.com','LorenzRosa');
INSERT INTO Students VALUES (620066882,'UNDERGRAD','01-01-2020');
INSERT INTO Enrolled (u_id,courseCode) VALUES (620066882,'CHEM2065'),(620066882,'INFO2950'),(620066882,'ECON3311');
INSERT INTO Users VALUES (620066883,'Tia','Thompson','TiaThompson@gmail.com','ThompsonTia');
INSERT INTO Students VALUES (620066883,'UNDERGRAD','01-01-2020');
INSERT INTO Enrolled (u_id,courseCode) VALUES (620066883,'COMP1573'),(620066883,'CHEM2446'),(620066883,'INFO3419'),(620066883,'BIOC1052');
INSERT INTO Users VALUES (620066884,'Holly','Starks','HollyStarks@gmail.com','StarksHolly');
INSERT INTO Students VALUES (620066884,'UNDERGRAD','01-01-2020');
INSERT INTO Enrolled (u_id,courseCode) VALUES (620066884,'COMP3047'),(620066884,'MATH3844'),(620066884,'BIOC1448'),(620066884,'BIOC1052'),(620066884,'BIOC3341'),(620066884,'ECON2387');
INSERT INTO Users VALUES (620066885,'Bethany','Henderson','BethanyHenderson@gmail.com','HendersonBethany');
INSERT INTO Students VALUES (620066885,'UNDERGRAD','01-01-2020');
INSERT INTO Enrolled (u_id,courseCode) VALUES (620066885,'CHEM2797'),(620066885,'BIOC1052'),(620066885,'BIOC1534'),(620066885,'CHEM2727'),(620066885,'BIOC1794'),(620066885,'INFO3645');
INSERT INTO Users VALUES (620066886,'Peter','Shane','PeterShane@gmail.com','ShanePeter');
INSERT INTO Students VALUES (620066886,'UNDERGRAD','01-01-2020');
INSERT INTO Enrolled (u_id,courseCode) VALUES (620066886,'INFO2337'),(620066886,'BIOC2983'),(620066886,'COMP3697'),(620066886,'ECON1783');
INSERT INTO Users VALUES (620066887,'Judith','Shane','JudithShane@gmail.com','ShaneJudith');
INSERT INTO Students VALUES (620066887,'UNDERGRAD','01-01-2020');
INSERT INTO Enrolled (u_id,courseCode) VALUES (620066887,'MATH2188'),(620066887,'INFO1447'),(620066887,'CHEM3347'),(620066887,'BIOC1910'),(620066887,'INFO3645'),(620066887,'MATH2801');
INSERT INTO Users VALUES (620066888,'Denise','Siple','DeniseSiple@gmail.com','SipleDenise');
INSERT INTO Students VALUES (620066888,'UNDERGRAD','01-01-2020');
INSERT INTO Enrolled (u_id,courseCode) VALUES (620066888,'PHYS3354'),(620066888,'MATH2957'),(620066888,'PHYS3464');
INSERT INTO Users VALUES (620066889,'Edwin','Gaffney','EdwinGaffney@gmail.com','GaffneyEdwin');
INSERT INTO Students VALUES (620066889,'UNDERGRAD','01-01-2020');
INSERT INTO Enrolled (u_id,courseCode) VALUES (620066889,'BIOC1534'),(620066889,'INFO3935'),(620066889,'CHEM2177'),(620066889,'CHEM3793'),(620066889,'INFO3419');
INSERT INTO Users VALUES (620066890,'Hazel','Figueroa','HazelFigueroa@gmail.com','FigueroaHazel');
INSERT INTO Students VALUES (620066890,'UNDERGRAD','01-01-2020');
INSERT INTO Enrolled (u_id,courseCode) VALUES (620066890,'BIOC1052'),(620066890,'INFO2559'),(620066890,'COMP3238'),(620066890,'COMP3084'),(620066890,'ECON3228');
INSERT INTO Users VALUES (620066891,'Linda','Cummins','LindaCummins@gmail.com','CumminsLinda');
INSERT INTO Students VALUES (620066891,'UNDERGRAD','01-01-2020');
INSERT INTO Enrolled (u_id,courseCode) VALUES (620066891,'INFO2860'),(620066891,'INFO2270'),(620066891,'INFO2559');
INSERT INTO Users VALUES (620066892,'Weldon','Hinojosa','WeldonHinojosa@gmail.com','HinojosaWeldon');
INSERT INTO Students VALUES (620066892,'UNDERGRAD','01-01-2020');
INSERT INTO Enrolled (u_id,courseCode) VALUES (620066892,'MATH1309'),(620066892,'ECON2703'),(620066892,'PHYS3686'),(620066892,'CHEM2626'),(620066892,'COMP3047');
INSERT INTO Users VALUES (620066893,'Mack','Comley','MackComley@gmail.com','ComleyMack');
INSERT INTO Students VALUES (620066893,'UNDERGRAD','01-01-2020');
INSERT INTO Enrolled (u_id,courseCode) VALUES (620066893,'INFO1833'),(620066893,'CHEM3409'),(620066893,'CHEM2446');
INSERT INTO Users VALUES (620066894,'Alfred','Best','AlfredBest@gmail.com','BestAlfred');
INSERT INTO Students VALUES (620066894,'UNDERGRAD','01-01-2020');
INSERT INTO Enrolled (u_id,courseCode) VALUES (620066894,'COMP1867'),(620066894,'ECON1498'),(620066894,'INFO2811'),(620066894,'BIOC1744'),(620066894,'MATH1262'),(620066894,'INFO2797');
INSERT INTO Users VALUES (620066895,'Peter','Chatcho','PeterChatcho@gmail.com','ChatchoPeter');
INSERT INTO Students VALUES (620066895,'UNDERGRAD','01-01-2020');
INSERT INTO Enrolled (u_id,courseCode) VALUES (620066895,'MATH3179'),(620066895,'PHYS3290'),(620066895,'PHYS2563'),(620066895,'MATH1309');
INSERT INTO Users VALUES (620066896,'Nina','Hoffman','NinaHoffman@gmail.com','HoffmanNina');
INSERT INTO Students VALUES (620066896,'UNDERGRAD','01-01-2020');
INSERT INTO Enrolled (u_id,courseCode) VALUES (620066896,'MATH2717'),(620066896,'BIOC1485'),(620066896,'BIOC2981'),(620066896,'ECON2345'),(620066896,'INFO1648'),(620066896,'MATH3179');
INSERT INTO Users VALUES (620066897,'Katherine','Hoyer','KatherineHoyer@gmail.com','HoyerKatherine');
INSERT INTO Students VALUES (620066897,'UNDERGRAD','01-01-2020');
INSERT INTO Enrolled (u_id,courseCode) VALUES (620066897,'INFO1990'),(620066897,'COMP2361'),(620066897,'PHYS1930');
INSERT INTO Users VALUES (620066898,'Nancy','Lowrey','NancyLowrey@gmail.com','LowreyNancy');
INSERT INTO Students VALUES (620066898,'UNDERGRAD','01-01-2020');
INSERT INTO Enrolled (u_id,courseCode) VALUES (620066898,'MATH3844'),(620066898,'MATH3059'),(620066898,'PHYS2451');
INSERT INTO Users VALUES (620066899,'Ernesto','Orchard','ErnestoOrchard@gmail.com','OrchardErnesto');
INSERT INTO Students VALUES (620066899,'UNDERGRAD','01-01-2020');
INSERT INTO Enrolled (u_id,courseCode) VALUES (620066899,'MATH3844'),(620066899,'MATH3613'),(620066899,'COMP3697'),(620066899,'ECON3004'),(620066899,'MATH2501'),(620066899,'PHYS3686');
INSERT INTO Users VALUES (620066900,'Jason','Williamson','JasonWilliamson@gmail.com','WilliamsonJason');
INSERT INTO Students VALUES (620066900,'UNDERGRAD','01-01-2020');
INSERT INTO Enrolled (u_id,courseCode) VALUES (620066900,'BIOC3604'),(620066900,'BIOC1744'),(620066900,'BIOC1986'),(620066900,'PHYS1979');
INSERT INTO Users VALUES (620066901,'Craig','Griffin','CraigGriffin@gmail.com','GriffinCraig');
INSERT INTO Students VALUES (620066901,'UNDERGRAD','01-01-2020');
INSERT INTO Enrolled (u_id,courseCode) VALUES (620066901,'MATH1735'),(620066901,'CHEM2697'),(620066901,'ECON3447');
INSERT INTO Users VALUES (620066902,'Traci','Duffie','TraciDuffie@gmail.com','DuffieTraci');
INSERT INTO Students VALUES (620066902,'UNDERGRAD','01-01-2020');
INSERT INTO Enrolled (u_id,courseCode) VALUES (620066902,'PHYS3787'),(620066902,'INFO2860'),(620066902,'PHYS2238'),(620066902,'INFO2813');
INSERT INTO Users VALUES (620066903,'Rhonda','Griffin','RhondaGriffin@gmail.com','GriffinRhonda');
INSERT INTO Students VALUES (620066903,'UNDERGRAD','01-01-2020');
INSERT INTO Enrolled (u_id,courseCode) VALUES (620066903,'CHEM2626'),(620066903,'INFO1648'),(620066903,'ECON3281'),(620066903,'COMP3167');
INSERT INTO Users VALUES (620066904,'Jake','Turner','JakeTurner@gmail.com','TurnerJake');
INSERT INTO Students VALUES (620066904,'UNDERGRAD','01-01-2020');
INSERT INTO Enrolled (u_id,courseCode) VALUES (620066904,'BIOC2983'),(620066904,'ECON1098'),(620066904,'CHEM3747'),(620066904,'INFO1833'),(620066904,'ECON3020');
INSERT INTO Users VALUES (620066905,'Sharon','Rankin','SharonRankin@gmail.com','RankinSharon');
INSERT INTO Students VALUES (620066905,'UNDERGRAD','01-01-2020');
INSERT INTO Enrolled (u_id,courseCode) VALUES (620066905,'MATH1454'),(620066905,'MATH1648'),(620066905,'MATH2717'),(620066905,'CHEM3054');
INSERT INTO Users VALUES (620066906,'Marcus','Mcclenon','MarcusMcclenon@gmail.com','McclenonMarcus');
INSERT INTO Students VALUES (620066906,'UNDERGRAD','01-01-2020');
INSERT INTO Enrolled (u_id,courseCode) VALUES (620066906,'INFO1288'),(620066906,'INFO2337'),(620066906,'BIOC1448'),(620066906,'MATH2550'),(620066906,'COMP3238'),(620066906,'MATH3857');
INSERT INTO Users VALUES (620066907,'Brooke','Hodge','BrookeHodge@gmail.com','HodgeBrooke');
INSERT INTO Students VALUES (620066907,'UNDERGRAD','01-01-2020');
INSERT INTO Enrolled (u_id,courseCode) VALUES (620066907,'ECON2703'),(620066907,'BIOC3191'),(620066907,'MATH3173'),(620066907,'MATH1454'),(620066907,'COMP3506'),(620066907,'ECON3288');
INSERT INTO Users VALUES (620066908,'Krista','Horth','KristaHorth@gmail.com','HorthKrista');
INSERT INTO Students VALUES (620066908,'UNDERGRAD','01-01-2020');
INSERT INTO Enrolled (u_id,courseCode) VALUES (620066908,'ECON1498'),(620066908,'MATH2801'),(620066908,'INFO1648'),(620066908,'MATH3209');
INSERT INTO Users VALUES (620066909,'Kasey','Dunn','KaseyDunn@gmail.com','DunnKasey');
INSERT INTO Students VALUES (620066909,'UNDERGRAD','01-01-2020');
INSERT INTO Enrolled (u_id,courseCode) VALUES (620066909,'CHEM2727'),(620066909,'COMP3238'),(620066909,'ECON2814');
INSERT INTO Users VALUES (620066910,'Margaret','James','MargaretJames@gmail.com','JamesMargaret');
INSERT INTO Students VALUES (620066910,'UNDERGRAD','01-01-2020');
INSERT INTO Enrolled (u_id,courseCode) VALUES (620066910,'MATH3844'),(620066910,'INFO2716'),(620066910,'CHEM1485'),(620066910,'MATH1262');
INSERT INTO Users VALUES (620066911,'Georgie','Martin','GeorgieMartin@gmail.com','MartinGeorgie');
INSERT INTO Students VALUES (620066911,'UNDERGRAD','01-01-2020');
INSERT INTO Enrolled (u_id,courseCode) VALUES (620066911,'PHYS3659'),(620066911,'COMP3238'),(620066911,'PHYS2117'),(620066911,'BIOC2983'),(620066911,'ECON3004');
INSERT INTO Users VALUES (620066912,'Kathy','Boyer','KathyBoyer@gmail.com','BoyerKathy');
INSERT INTO Students VALUES (620066912,'UNDERGRAD','01-01-2020');
INSERT INTO Enrolled (u_id,courseCode) VALUES (620066912,'ECON3085'),(620066912,'ECON3737'),(620066912,'INFO2716'),(620066912,'MATH1578');
INSERT INTO Users VALUES (620066913,'Lilla','Rodriguez','LillaRodriguez@gmail.com','RodriguezLilla');
INSERT INTO Students VALUES (620066913,'UNDERGRAD','01-01-2020');
INSERT INTO Enrolled (u_id,courseCode) VALUES (620066913,'BIOC3604'),(620066913,'CHEM2149'),(620066913,'MATH3209'),(620066913,'INFO2559'),(620066913,'CHEM2065'),(620066913,'ECON3523');
INSERT INTO Users VALUES (620066914,'Nancy','Chan','NancyChan@gmail.com','ChanNancy');
INSERT INTO Students VALUES (620066914,'UNDERGRAD','01-01-2020');
INSERT INTO Enrolled (u_id,courseCode) VALUES (620066914,'MATH1735'),(620066914,'PHYS3787'),(620066914,'PHYS1930'),(620066914,'CHEM2446');
INSERT INTO Users VALUES (620066915,'Kirk','Mattingly','KirkMattingly@gmail.com','MattinglyKirk');
INSERT INTO Students VALUES (620066915,'UNDERGRAD','01-01-2020');
INSERT INTO Enrolled (u_id,courseCode) VALUES (620066915,'BIOC3230'),(620066915,'CHEM3617'),(620066915,'PHYS2977'),(620066915,'PHYS3659'),(620066915,'MATH2501'),(620066915,'MATH3844');
INSERT INTO Users VALUES (620066916,'Terri','Briggs','TerriBriggs@gmail.com','BriggsTerri');
INSERT INTO Students VALUES (620066916,'UNDERGRAD','01-01-2020');
INSERT INTO Enrolled (u_id,courseCode) VALUES (620066916,'COMP2080'),(620066916,'CHEM3327'),(620066916,'CHEM2481');
INSERT INTO Users VALUES (620066917,'Jennifer','Bower','JenniferBower@gmail.com','BowerJennifer');
INSERT INTO Students VALUES (620066917,'UNDERGRAD','01-01-2020');
INSERT INTO Enrolled (u_id,courseCode) VALUES (620066917,'INFO3636'),(620066917,'CHEM3888'),(620066917,'MATH2873');
INSERT INTO Users VALUES (620066918,'Marcus','Saunders','MarcusSaunders@gmail.com','SaundersMarcus');
INSERT INTO Students VALUES (620066918,'UNDERGRAD','01-01-2020');
INSERT INTO Enrolled (u_id,courseCode) VALUES (620066918,'COMP3167'),(620066918,'PHYS2977'),(620066918,'INFO2213'),(620066918,'CHEM2626'),(620066918,'COMP3418'),(620066918,'COMP3173');
INSERT INTO Users VALUES (620066919,'Rhoda','Bras','RhodaBras@gmail.com','BrasRhoda');
INSERT INTO Students VALUES (620066919,'UNDERGRAD','01-01-2020');
INSERT INTO Enrolled (u_id,courseCode) VALUES (620066919,'COMP3536'),(620066919,'MATH1309'),(620066919,'ECON1012'),(620066919,'ECON3311'),(620066919,'COMP2541');
INSERT INTO Users VALUES (620066920,'Dale','Porter','DalePorter@gmail.com','PorterDale');
INSERT INTO Students VALUES (620066920,'UNDERGRAD','01-01-2020');
INSERT INTO Enrolled (u_id,courseCode) VALUES (620066920,'COMP3697'),(620066920,'INFO1833'),(620066920,'BIOC1534');
INSERT INTO Users VALUES (620066921,'Jose','Steinberger','JoseSteinberger@gmail.com','SteinbergerJose');
INSERT INTO Students VALUES (620066921,'UNDERGRAD','01-01-2020');
INSERT INTO Enrolled (u_id,courseCode) VALUES (620066921,'BIOC1448'),(620066921,'BIOC3721'),(620066921,'COMP3047'),(620066921,'COMP3238'),(620066921,'INFO3645'),(620066921,'INFO3603');
INSERT INTO Users VALUES (620066922,'Randall','Congdon','RandallCongdon@gmail.com','CongdonRandall');
INSERT INTO Students VALUES (620066922,'UNDERGRAD','01-01-2020');
INSERT INTO Enrolled (u_id,courseCode) VALUES (620066922,'PHYS3052'),(620066922,'ECON3550'),(620066922,'INFO2797');
INSERT INTO Users VALUES (620066923,'Tracy','Luper','TracyLuper@gmail.com','LuperTracy');
INSERT INTO Students VALUES (620066923,'UNDERGRAD','01-01-2020');
INSERT INTO Enrolled (u_id,courseCode) VALUES (620066923,'CHEM3747'),(620066923,'CHEM2727'),(620066923,'PHYS3729'),(620066923,'INFO1288');
INSERT INTO Users VALUES (620066924,'Sandra','Letchworth','SandraLetchworth@gmail.com','LetchworthSandra');
INSERT INTO Students VALUES (620066924,'UNDERGRAD','01-01-2020');
INSERT INTO Enrolled (u_id,courseCode) VALUES (620066924,'ECON1170'),(620066924,'COMP3685'),(620066924,'MATH1638');
INSERT INTO Users VALUES (620066925,'Jessie','Krout','JessieKrout@gmail.com','KroutJessie');
INSERT INTO Students VALUES (620066925,'UNDERGRAD','01-01-2020');
INSERT INTO Enrolled (u_id,courseCode) VALUES (620066925,'BIOC1439'),(620066925,'INFO2813'),(620066925,'PHYS3729');
INSERT INTO Users VALUES (620066926,'Sean','Calloway','SeanCalloway@gmail.com','CallowaySean');
INSERT INTO Students VALUES (620066926,'UNDERGRAD','01-01-2020');
INSERT INTO Enrolled (u_id,courseCode) VALUES (620066926,'ECON2387'),(620066926,'ECON1783'),(620066926,'PHYS2113'),(620066926,'BIOC2671');
INSERT INTO Users VALUES (620066927,'Janice','Gilman','JaniceGilman@gmail.com','GilmanJanice');
INSERT INTO Students VALUES (620066927,'UNDERGRAD','01-01-2020');
INSERT INTO Enrolled (u_id,courseCode) VALUES (620066927,'CHEM2697'),(620066927,'COMP3418'),(620066927,'COMP3173'),(620066927,'INFO1145'),(620066927,'BIOC1744'),(620066927,'CHEM1340');
INSERT INTO Users VALUES (620066928,'Geoffrey','Orchard','GeoffreyOrchard@gmail.com','OrchardGeoffrey');
INSERT INTO Students VALUES (620066928,'UNDERGRAD','01-01-2020');
INSERT INTO Enrolled (u_id,courseCode) VALUES (620066928,'CHEM3888'),(620066928,'CHEM3347'),(620066928,'PHYS3659');
INSERT INTO Users VALUES (620066929,'Manuel','Briggs','ManuelBriggs@gmail.com','BriggsManuel');
INSERT INTO Students VALUES (620066929,'UNDERGRAD','01-01-2020');
INSERT INTO Enrolled (u_id,courseCode) VALUES (620066929,'MATH3844'),(620066929,'MATH3688'),(620066929,'BIOC1439'),(620066929,'PHYS1993'),(620066929,'INFO2213');
INSERT INTO Users VALUES (620066930,'Angie','Henderson','AngieHenderson@gmail.com','HendersonAngie');
INSERT INTO Students VALUES (620066930,'UNDERGRAD','01-01-2020');
INSERT INTO Enrolled (u_id,courseCode) VALUES (620066930,'COMP3536'),(620066930,'PHYS1399'),(620066930,'ECON3737'),(620066930,'COMP2651'),(620066930,'PHYS3659');
INSERT INTO Users VALUES (620066931,'Ashleigh','Eddins','AshleighEddins@gmail.com','EddinsAshleigh');
INSERT INTO Students VALUES (620066931,'UNDERGRAD','01-01-2020');
INSERT INTO Enrolled (u_id,courseCode) VALUES (620066931,'PHYS1173'),(620066931,'COMP2541'),(620066931,'CHEM3747');
INSERT INTO Users VALUES (620066932,'Dwight','Scully','DwightScully@gmail.com','ScullyDwight');
INSERT INTO Students VALUES (620066932,'UNDERGRAD','01-01-2020');
INSERT INTO Enrolled (u_id,courseCode) VALUES (620066932,'MATH1262'),(620066932,'COMP3536'),(620066932,'ECON2722'),(620066932,'MATH2188');
INSERT INTO Users VALUES (620066933,'Karen','Jefferson','KarenJefferson@gmail.com','JeffersonKaren');
INSERT INTO Students VALUES (620066933,'UNDERGRAD','01-01-2020');
INSERT INTO Enrolled (u_id,courseCode) VALUES (620066933,'MATH2188'),(620066933,'MATH3613'),(620066933,'BIOC3230'),(620066933,'CHEM3747');
INSERT INTO Users VALUES (620066934,'Craig','Christenberry','CraigChristenberry@gmail.com','ChristenberryCraig');
INSERT INTO Students VALUES (620066934,'UNDERGRAD','01-01-2020');
INSERT INTO Enrolled (u_id,courseCode) VALUES (620066934,'BIOC1794'),(620066934,'BIOC1598'),(620066934,'CHEM2697');
INSERT INTO Users VALUES (620066935,'Kimberly','Dunn','KimberlyDunn@gmail.com','DunnKimberly');
INSERT INTO Students VALUES (620066935,'UNDERGRAD','01-01-2020');
INSERT INTO Enrolled (u_id,courseCode) VALUES (620066935,'PHYS3339'),(620066935,'CHEM2031'),(620066935,'INFO3419'),(620066935,'BIOC2671');
INSERT INTO Users VALUES (620066936,'Margaret','Sultzer','MargaretSultzer@gmail.com','SultzerMargaret');
INSERT INTO Students VALUES (620066936,'UNDERGRAD','01-01-2020');
INSERT INTO Enrolled (u_id,courseCode) VALUES (620066936,'CHEM2727'),(620066936,'COMP3639'),(620066936,'INFO1145');
INSERT INTO Users VALUES (620066937,'Roberto','Imoto','RobertoImoto@gmail.com','ImotoRoberto');
INSERT INTO Students VALUES (620066937,'UNDERGRAD','01-01-2020');
INSERT INTO Enrolled (u_id,courseCode) VALUES (620066937,'MATH1972'),(620066937,'CHEM1340'),(620066937,'ECON2814');
INSERT INTO Users VALUES (620066938,'Sara','Barron','SaraBarron@gmail.com','BarronSara');
INSERT INTO Students VALUES (620066938,'UNDERGRAD','01-01-2020');
INSERT INTO Enrolled (u_id,courseCode) VALUES (620066938,'CHEM2727'),(620066938,'ECON3737'),(620066938,'MATH3209'),(620066938,'ECON3004'),(620066938,'PHYS2667'),(620066938,'ECON1458');
INSERT INTO Users VALUES (620066939,'Rhoda','Mchenry','RhodaMchenry@gmail.com','MchenryRhoda');
INSERT INTO Students VALUES (620066939,'UNDERGRAD','01-01-2020');
INSERT INTO Enrolled (u_id,courseCode) VALUES (620066939,'BIOC1910'),(620066939,'BIOC2983'),(620066939,'INFO2860'),(620066939,'PHYS2563'),(620066939,'INFO1145'),(620066939,'MATH1309');
INSERT INTO Users VALUES (620066940,'Vickie','Eddins','VickieEddins@gmail.com','EddinsVickie');
INSERT INTO Students VALUES (620066940,'UNDERGRAD','01-01-2020');
INSERT INTO Enrolled (u_id,courseCode) VALUES (620066940,'COMP3639'),(620066940,'ECON3228'),(620066940,'BIOC1448');
INSERT INTO Users VALUES (620066941,'Iris','Banks','IrisBanks@gmail.com','BanksIris');
INSERT INTO Students VALUES (620066941,'UNDERGRAD','01-01-2020');
INSERT INTO Enrolled (u_id,courseCode) VALUES (620066941,'PHYS2448'),(620066941,'COMP3685'),(620066941,'ECON1170'),(620066941,'CHEM2066'),(620066941,'INFO2337');
INSERT INTO Users VALUES (620066942,'Lilla','Scully','LillaScully@gmail.com','ScullyLilla');
INSERT INTO Students VALUES (620066942,'UNDERGRAD','01-01-2020');
INSERT INTO Enrolled (u_id,courseCode) VALUES (620066942,'PHYS2667'),(620066942,'COMP3849'),(620066942,'CHEM2065'),(620066942,'ECON1230'),(620066942,'INFO1242'),(620066942,'INFO1014');
INSERT INTO Users VALUES (620066943,'Judith','Duffie','JudithDuffie@gmail.com','DuffieJudith');
INSERT INTO Students VALUES (620066943,'UNDERGRAD','01-01-2020');
INSERT INTO Enrolled (u_id,courseCode) VALUES (620066943,'BIOC1725'),(620066943,'CHEM3617'),(620066943,'CHEM3793');
INSERT INTO Users VALUES (620066944,'Richard','Ebbs','RichardEbbs@gmail.com','EbbsRichard');
INSERT INTO Students VALUES (620066944,'UNDERGRAD','01-01-2020');
INSERT INTO Enrolled (u_id,courseCode) VALUES (620066944,'ECON2722'),(620066944,'CHEM2797'),(620066944,'MATH2957'),(620066944,'BIOC2236'),(620066944,'ECON1589'),(620066944,'BIOC2550');
INSERT INTO Users VALUES (620066945,'Larry','Hunt','LarryHunt@gmail.com','HuntLarry');
INSERT INTO Students VALUES (620066945,'UNDERGRAD','01-01-2020');
INSERT INTO Enrolled (u_id,courseCode) VALUES (620066945,'COMP3173'),(620066945,'ECON3276'),(620066945,'BIOC2054'),(620066945,'ECON1561'),(620066945,'ECON3550'),(620066945,'ECON3737');
INSERT INTO Users VALUES (620066946,'Bernie','Best','BernieBest@gmail.com','BestBernie');
INSERT INTO Students VALUES (620066946,'UNDERGRAD','01-01-2020');
INSERT INTO Enrolled (u_id,courseCode) VALUES (620066946,'INFO1990'),(620066946,'INFO2270'),(620066946,'INFO1825');
INSERT INTO Users VALUES (620066947,'Young','Mcalister','YoungMcalister@gmail.com','McalisterYoung');
INSERT INTO Students VALUES (620066947,'UNDERGRAD','01-01-2020');
INSERT INTO Enrolled (u_id,courseCode) VALUES (620066947,'BIOC1986'),(620066947,'CHEM3747'),(620066947,'PHYS3354'),(620066947,'INFO3603'),(620066947,'COMP1573');
INSERT INTO Users VALUES (620066948,'Joseph','Butler','JosephButler@gmail.com','ButlerJoseph');
INSERT INTO Students VALUES (620066948,'UNDERGRAD','01-01-2020');
INSERT INTO Enrolled (u_id,courseCode) VALUES (620066948,'ECON1458'),(620066948,'CHEM2727'),(620066948,'ECON1098'),(620066948,'BIOC1910'),(620066948,'MATH2067');
INSERT INTO Users VALUES (620066949,'Paul','Cannon','PaulCannon@gmail.com','CannonPaul');
INSERT INTO Students VALUES (620066949,'UNDERGRAD','01-01-2020');
INSERT INTO Enrolled (u_id,courseCode) VALUES (620066949,'INFO1447'),(620066949,'ECON1170'),(620066949,'ECON3228');
INSERT INTO Users VALUES (620066950,'Jose','Best','JoseBest@gmail.com','BestJose');
INSERT INTO Students VALUES (620066950,'UNDERGRAD','01-01-2020');
INSERT INTO Enrolled (u_id,courseCode) VALUES (620066950,'MATH2067'),(620066950,'BIOC2981'),(620066950,'BIOC3721'),(620066950,'INFO1145'),(620066950,'ECON3288'),(620066950,'MATH1972');
INSERT INTO Users VALUES (620066951,'Sandra','Rios','SandraRios@gmail.com','RiosSandra');
INSERT INTO Students VALUES (620066951,'UNDERGRAD','01-01-2020');
INSERT INTO Enrolled (u_id,courseCode) VALUES (620066951,'INFO2147'),(620066951,'MATH2801'),(620066951,'COMP2361');
INSERT INTO Users VALUES (620066952,'Timothy','Maione','TimothyMaione@gmail.com','MaioneTimothy');
INSERT INTO Students VALUES (620066952,'UNDERGRAD','01-01-2020');
INSERT INTO Enrolled (u_id,courseCode) VALUES (620066952,'COMP1573'),(620066952,'BIOC3191'),(620066952,'INFO1288'),(620066952,'BIOC1448'),(620066952,'PHYS1173'),(620066952,'BIOC2983');
INSERT INTO Users VALUES (620066953,'Samuel','Burney','SamuelBurney@gmail.com','BurneySamuel');
INSERT INTO Students VALUES (620066953,'UNDERGRAD','01-01-2020');
INSERT INTO Enrolled (u_id,courseCode) VALUES (620066953,'CHEM2005'),(620066953,'CHEM1485'),(620066953,'CHEM2220');
INSERT INTO Users VALUES (620066954,'Nancy','Sullivan','NancySullivan@gmail.com','SullivanNancy');
INSERT INTO Students VALUES (620066954,'UNDERGRAD','01-01-2020');
INSERT INTO Enrolled (u_id,courseCode) VALUES (620066954,'ECON1230'),(620066954,'ECON2722'),(620066954,'COMP1543'),(620066954,'COMP2541');
INSERT INTO Users VALUES (620066955,'Bernie','Mauk','BernieMauk@gmail.com','MaukBernie');
INSERT INTO Students VALUES (620066955,'UNDERGRAD','01-01-2020');
INSERT INTO Enrolled (u_id,courseCode) VALUES (620066955,'ECON3311'),(620066955,'PHYS3659'),(620066955,'INFO2337'),(620066955,'BIOC1104');
INSERT INTO Users VALUES (620066956,'Arthur','Wurdeman','ArthurWurdeman@gmail.com','WurdemanArthur');
INSERT INTO Students VALUES (620066956,'UNDERGRAD','01-01-2020');
INSERT INTO Enrolled (u_id,courseCode) VALUES (620066956,'INFO3636'),(620066956,'BIOC2550'),(620066956,'CHEM2797'),(620066956,'MATH2957');
INSERT INTO Users VALUES (620066957,'Wilbur','Miles','WilburMiles@gmail.com','MilesWilbur');
INSERT INTO Students VALUES (620066957,'UNDERGRAD','01-01-2020');
INSERT INTO Enrolled (u_id,courseCode) VALUES (620066957,'COMP3084'),(620066957,'CHEM2797'),(620066957,'MATH3222'),(620066957,'ECON3276');
INSERT INTO Users VALUES (620066958,'Agnes','Scully','AgnesScully@gmail.com','ScullyAgnes');
INSERT INTO Students VALUES (620066958,'UNDERGRAD','01-01-2020');
INSERT INTO Enrolled (u_id,courseCode) VALUES (620066958,'BIOC1448'),(620066958,'COMP3506'),(620066958,'COMP2080');
INSERT INTO Users VALUES (620066959,'Joan','Dumas','JoanDumas@gmail.com','DumasJoan');
INSERT INTO Students VALUES (620066959,'UNDERGRAD','01-01-2020');
INSERT INTO Enrolled (u_id,courseCode) VALUES (620066959,'COMP3685'),(620066959,'CHEM3409'),(620066959,'COMP2651'),(620066959,'ECON3228'),(620066959,'BIOC1448'),(620066959,'MATH2550');
INSERT INTO Users VALUES (620066960,'Kim','Tallent','KimTallent@gmail.com','TallentKim');
INSERT INTO Students VALUES (620066960,'UNDERGRAD','01-01-2020');
INSERT INTO Enrolled (u_id,courseCode) VALUES (620066960,'BIOC1725'),(620066960,'BIOC3604'),(620066960,'INFO2716'),(620066960,'COMP3536'),(620066960,'ECON1230'),(620066960,'COMP3639');
INSERT INTO Users VALUES (620066961,'Joan','Bourgoin','JoanBourgoin@gmail.com','BourgoinJoan');
INSERT INTO Students VALUES (620066961,'UNDERGRAD','01-01-2020');
INSERT INTO Enrolled (u_id,courseCode) VALUES (620066961,'BIOC1439'),(620066961,'COMP3238'),(620066961,'INFO1833');
INSERT INTO Users VALUES (620066962,'Miss','Washinski','MissWashinski@gmail.com','WashinskiMiss');
INSERT INTO Students VALUES (620066962,'UNDERGRAD','01-01-2020');
INSERT INTO Enrolled (u_id,courseCode) VALUES (620066962,'CHEM2066'),(620066962,'BIOC3721'),(620066962,'MATH1454'),(620066962,'CHEM2149'),(620066962,'MATH3544');
INSERT INTO Users VALUES (620066963,'Shalanda','Fields','ShalandaFields@gmail.com','FieldsShalanda');
INSERT INTO Students VALUES (620066963,'UNDERGRAD','01-01-2020');
INSERT INTO Enrolled (u_id,courseCode) VALUES (620066963,'INFO1288'),(620066963,'COMP3238'),(620066963,'ECON2722'),(620066963,'ECON1498'),(620066963,'MATH1262'),(620066963,'INFO2636');
INSERT INTO Users VALUES (620066964,'Dale','Finkenbinder','DaleFinkenbinder@gmail.com','FinkenbinderDale');
INSERT INTO Students VALUES (620066964,'UNDERGRAD','01-01-2020');
INSERT INTO Enrolled (u_id,courseCode) VALUES (620066964,'COMP1543'),(620066964,'ECON3447'),(620066964,'COMP2965'),(620066964,'CHEM3409'),(620066964,'BIOC1598');
INSERT INTO Users VALUES (620066965,'Juanita','Wolfe','JuanitaWolfe@gmail.com','WolfeJuanita');
INSERT INTO Students VALUES (620066965,'UNDERGRAD','01-01-2020');
INSERT INTO Enrolled (u_id,courseCode) VALUES (620066965,'ECON1458'),(620066965,'MATH1454'),(620066965,'BIOC2054'),(620066965,'ECON1783'),(620066965,'MATH3544');
INSERT INTO Users VALUES (620066966,'Kasey','Maze','KaseyMaze@gmail.com','MazeKasey');
INSERT INTO Students VALUES (620066966,'UNDERGRAD','01-01-2020');
INSERT INTO Enrolled (u_id,courseCode) VALUES (620066966,'CHEM2626'),(620066966,'INFO1825'),(620066966,'ECON1012');
INSERT INTO Users VALUES (620066967,'Ruth','Citizen','RuthCitizen@gmail.com','CitizenRuth');
INSERT INTO Students VALUES (620066967,'UNDERGRAD','01-01-2020');
INSERT INTO Enrolled (u_id,courseCode) VALUES (620066967,'MATH1309'),(620066967,'INFO2716'),(620066967,'CHEM2697'),(620066967,'MATH3857'),(620066967,'MATH2801'),(620066967,'COMP3639');
INSERT INTO Users VALUES (620066968,'Willard','Griffin','WillardGriffin@gmail.com','GriffinWillard');
INSERT INTO Students VALUES (620066968,'UNDERGRAD','01-01-2020');
INSERT INTO Enrolled (u_id,courseCode) VALUES (620066968,'MATH3844'),(620066968,'BIOC3341'),(620066968,'INFO1145'),(620066968,'MATH3857'),(620066968,'PHYS2451');
INSERT INTO Users VALUES (620066969,'Mildred','Allen','MildredAllen@gmail.com','AllenMildred');
INSERT INTO Students VALUES (620066969,'UNDERGRAD','01-01-2020');
INSERT INTO Enrolled (u_id,courseCode) VALUES (620066969,'ECON1561'),(620066969,'CHEM3409'),(620066969,'BIOC1866'),(620066969,'CHEM3888'),(620066969,'BIOC3604');
INSERT INTO Users VALUES (620066970,'Michael','Mauk','MichaelMauk@gmail.com','MaukMichael');
INSERT INTO Students VALUES (620066970,'UNDERGRAD','01-01-2020');
INSERT INTO Enrolled (u_id,courseCode) VALUES (620066970,'BIOC2671'),(620066970,'ECON3020'),(620066970,'INFO1648');
INSERT INTO Users VALUES (620066971,'Mason','James','MasonJames@gmail.com','JamesMason');
INSERT INTO Students VALUES (620066971,'UNDERGRAD','01-01-2020');
INSERT INTO Enrolled (u_id,courseCode) VALUES (620066971,'BIOC1448'),(620066971,'CHEM2481'),(620066971,'BIOC1866'),(620066971,'ECON1589');
INSERT INTO Users VALUES (620066972,'Gilbert','Meisner','GilbertMeisner@gmail.com','MeisnerGilbert');
INSERT INTO Students VALUES (620066972,'UNDERGRAD','01-01-2020');
INSERT INTO Enrolled (u_id,courseCode) VALUES (620066972,'ECON1645'),(620066972,'BIOC3604'),(620066972,'ECON3311'),(620066972,'ECON1012'),(620066972,'MATH2873'),(620066972,'COMP2717');
INSERT INTO Users VALUES (620066973,'Timothy','Vanwyck','TimothyVanwyck@gmail.com','VanwyckTimothy');
INSERT INTO Students VALUES (620066973,'UNDERGRAD','01-01-2020');
INSERT INTO Enrolled (u_id,courseCode) VALUES (620066973,'COMP2361'),(620066973,'BIOC1485'),(620066973,'BIOC2589'),(620066973,'INFO1833'),(620066973,'ECON1589'),(620066973,'CHEM2220');
INSERT INTO Users VALUES (620066974,'Keith','Stovall','KeithStovall@gmail.com','StovallKeith');
INSERT INTO Students VALUES (620066974,'UNDERGRAD','01-01-2020');
INSERT INTO Enrolled (u_id,courseCode) VALUES (620066974,'INFO2147'),(620066974,'INFO1648'),(620066974,'INFO2813'),(620066974,'CHEM3747');
INSERT INTO Users VALUES (620066975,'Sharon','Estrada','SharonEstrada@gmail.com','EstradaSharon');
INSERT INTO Students VALUES (620066975,'UNDERGRAD','01-01-2020');
INSERT INTO Enrolled (u_id,courseCode) VALUES (620066975,'CHEM2220'),(620066975,'INFO1990'),(620066975,'CHEM2065'),(620066975,'MATH1648'),(620066975,'MATH3844'),(620066975,'MATH2801');
INSERT INTO Users VALUES (620066976,'Stephanie','Garrett','StephanieGarrett@gmail.com','GarrettStephanie');
INSERT INTO Students VALUES (620066976,'UNDERGRAD','01-01-2020');
INSERT INTO Enrolled (u_id,courseCode) VALUES (620066976,'INFO2521'),(620066976,'COMP1184'),(620066976,'MATH2957');
INSERT INTO Users VALUES (620066977,'Shalanda','Nichols','ShalandaNichols@gmail.com','NicholsShalanda');
INSERT INTO Students VALUES (620066977,'UNDERGRAD','01-01-2020');
INSERT INTO Enrolled (u_id,courseCode) VALUES (620066977,'COMP3746'),(620066977,'MATH2957'),(620066977,'CHEM3327'),(620066977,'ECON1783'),(620066977,'MATH3179');
INSERT INTO Users VALUES (620066978,'Byron','Givens','ByronGivens@gmail.com','GivensByron');
INSERT INTO Students VALUES (620066978,'UNDERGRAD','01-01-2020');
INSERT INTO Enrolled (u_id,courseCode) VALUES (620066978,'CHEM3888'),(620066978,'PHYS1930'),(620066978,'MATH2957'),(620066978,'BIOC2671'),(620066978,'MATH1972'),(620066978,'MATH2801');
INSERT INTO Users VALUES (620066979,'Laila','Guidry','LailaGuidry@gmail.com','GuidryLaila');
INSERT INTO Students VALUES (620066979,'UNDERGRAD','01-01-2020');
INSERT INTO Enrolled (u_id,courseCode) VALUES (620066979,'PHYS2448'),(620066979,'ECON3228'),(620066979,'INFO1833'),(620066979,'MATH3844');
INSERT INTO Users VALUES (620066980,'Samuel','Crawford','SamuelCrawford@gmail.com','CrawfordSamuel');
INSERT INTO Students VALUES (620066980,'UNDERGRAD','01-01-2020');
INSERT INTO Enrolled (u_id,courseCode) VALUES (620066980,'ECON2345'),(620066980,'COMP3047'),(620066980,'COMP1184'),(620066980,'ECON2387');
INSERT INTO Users VALUES (620066981,'Sergio','Dumas','SergioDumas@gmail.com','DumasSergio');
INSERT INTO Students VALUES (620066981,'UNDERGRAD','01-01-2020');
INSERT INTO Enrolled (u_id,courseCode) VALUES (620066981,'ECON3281'),(620066981,'CHEM3614'),(620066981,'CHEM2065'),(620066981,'MATH2550'),(620066981,'INFO2213'),(620066981,'CHEM2481');
INSERT INTO Users VALUES (620066982,'Patsy','Granado','PatsyGranado@gmail.com','GranadoPatsy');
INSERT INTO Students VALUES (620066982,'UNDERGRAD','01-01-2020');
INSERT INTO Enrolled (u_id,courseCode) VALUES (620066982,'CHEM3054'),(620066982,'INFO2636'),(620066982,'COMP3849'),(620066982,'BIOC2054'),(620066982,'PHYS2238');
INSERT INTO Users VALUES (620066983,'Gilbert','Vineyard','GilbertVineyard@gmail.com','VineyardGilbert');
INSERT INTO Students VALUES (620066983,'UNDERGRAD','01-01-2020');
INSERT INTO Enrolled (u_id,courseCode) VALUES (620066983,'ECON2387'),(620066983,'ECON3228'),(620066983,'BIOC1598');
INSERT INTO Users VALUES (620066984,'Brenda','Robertson','BrendaRobertson@gmail.com','RobertsonBrenda');
INSERT INTO Students VALUES (620066984,'UNDERGRAD','01-01-2020');
INSERT INTO Enrolled (u_id,courseCode) VALUES (620066984,'INFO3645'),(620066984,'MATH1250'),(620066984,'BIOC3721'),(620066984,'CHEM3747');
INSERT INTO Users VALUES (620066985,'Jeanna','Carrillo','JeannaCarrillo@gmail.com','CarrilloJeanna');
INSERT INTO Students VALUES (620066985,'UNDERGRAD','01-01-2020');
INSERT INTO Enrolled (u_id,courseCode) VALUES (620066985,'CHEM2220'),(620066985,'INFO3419'),(620066985,'CHEM2066'),(620066985,'BIOC1986'),(620066985,'PHYS2667');
INSERT INTO Users VALUES (620066986,'Carolyn','Miles','CarolynMiles@gmail.com','MilesCarolyn');
INSERT INTO Students VALUES (620066986,'UNDERGRAD','01-01-2020');
INSERT INTO Enrolled (u_id,courseCode) VALUES (620066986,'COMP1357'),(620066986,'BIOC3457'),(620066986,'INFO1288'),(620066986,'ECON3004'),(620066986,'PHYS3052'),(620066986,'COMP1051');
INSERT INTO Users VALUES (620066987,'Ladawn','Wilson','LadawnWilson@gmail.com','WilsonLadawn');
INSERT INTO Students VALUES (620066987,'UNDERGRAD','01-01-2020');
INSERT INTO Enrolled (u_id,courseCode) VALUES (620066987,'PHYS2338'),(620066987,'INFO2860'),(620066987,'CHEM2797'),(620066987,'BIOC1164'),(620066987,'PHYS1173'),(620066987,'MATH3222');
INSERT INTO Users VALUES (620066988,'Adelle','Koehn','AdelleKoehn@gmail.com','KoehnAdelle');
INSERT INTO Students VALUES (620066988,'UNDERGRAD','01-01-2020');
INSERT INTO Enrolled (u_id,courseCode) VALUES (620066988,'BIOC1794'),(620066988,'ECON2703'),(620066988,'ECON3063'),(620066988,'ECON1230');
INSERT INTO Users VALUES (620066989,'Young','Gillman','YoungGillman@gmail.com','GillmanYoung');
INSERT INTO Students VALUES (620066989,'UNDERGRAD','01-01-2020');
INSERT INTO Enrolled (u_id,courseCode) VALUES (620066989,'BIOC3191'),(620066989,'INFO1447'),(620066989,'MATH3059'),(620066989,'COMP3685'),(620066989,'MATH1309'),(620066989,'MATH3222');
INSERT INTO Users VALUES (620066990,'David','Withrow','DavidWithrow@gmail.com','WithrowDavid');
INSERT INTO Students VALUES (620066990,'UNDERGRAD','01-01-2020');
INSERT INTO Enrolled (u_id,courseCode) VALUES (620066990,'MATH1262'),(620066990,'COMP2541'),(620066990,'COMP2651'),(620066990,'MATH2067');
INSERT INTO Users VALUES (620066991,'Dennis','Krause','DennisKrause@gmail.com','KrauseDennis');
INSERT INTO Students VALUES (620066991,'UNDERGRAD','01-01-2020');
INSERT INTO Enrolled (u_id,courseCode) VALUES (620066991,'INFO3645'),(620066991,'PHYS1173'),(620066991,'INFO1288');
INSERT INTO Users VALUES (620066992,'Young','Knox','YoungKnox@gmail.com','KnoxYoung');
INSERT INTO Students VALUES (620066992,'UNDERGRAD','01-01-2020');
INSERT INTO Enrolled (u_id,courseCode) VALUES (620066992,'INFO2860'),(620066992,'ECON1561'),(620066992,'MATH1309'),(620066992,'CHEM1340');
INSERT INTO Users VALUES (620066993,'Glenda','Porter','GlendaPorter@gmail.com','PorterGlenda');
INSERT INTO Students VALUES (620066993,'UNDERGRAD','01-01-2020');
INSERT INTO Enrolled (u_id,courseCode) VALUES (620066993,'CHEM3747'),(620066993,'CHEM2220'),(620066993,'ECON3737'),(620066993,'PHYS3290');
INSERT INTO Users VALUES (620066994,'Adelia','Jensen','AdeliaJensen@gmail.com','JensenAdelia');
INSERT INTO Students VALUES (620066994,'UNDERGRAD','01-01-2020');
INSERT INTO Enrolled (u_id,courseCode) VALUES (620066994,'MATH3173'),(620066994,'INFO2521'),(620066994,'BIOC3341'),(620066994,'BIOC2054');
INSERT INTO Users VALUES (620066995,'Adelia','Griffin','AdeliaGriffin@gmail.com','GriffinAdelia');
INSERT INTO Students VALUES (620066995,'UNDERGRAD','01-01-2020');
INSERT INTO Enrolled (u_id,courseCode) VALUES (620066995,'ECON3989'),(620066995,'ECON3063'),(620066995,'CHEM2727'),(620066995,'CHEM3617');
INSERT INTO Users VALUES (620066996,'Jamison','Hart','JamisonHart@gmail.com','HartJamison');
INSERT INTO Students VALUES (620066996,'UNDERGRAD','01-01-2020');
INSERT INTO Enrolled (u_id,courseCode) VALUES (620066996,'PHYS2448'),(620066996,'COMP2361'),(620066996,'ECON3228');
INSERT INTO Users VALUES (620066997,'Erin','King','ErinKing@gmail.com','KingErin');
INSERT INTO Students VALUES (620066997,'UNDERGRAD','01-01-2020');
INSERT INTO Enrolled (u_id,courseCode) VALUES (620066997,'ECON2387'),(620066997,'BIOC2981'),(620066997,'MATH1735'),(620066997,'COMP3238'),(620066997,'CHEM1485'),(620066997,'ECON1098');
INSERT INTO Users VALUES (620066998,'Jennifer','White','JenniferWhite@gmail.com','WhiteJennifer');
INSERT INTO Students VALUES (620066998,'UNDERGRAD','01-01-2020');
INSERT INTO Enrolled (u_id,courseCode) VALUES (620066998,'PHYS3464'),(620066998,'BIOC1598'),(620066998,'PHYS2977'),(620066998,'BIOC3721'),(620066998,'ECON2345');
INSERT INTO Users VALUES (620066999,'Willard','Starks','WillardStarks@gmail.com','StarksWillard');
INSERT INTO Students VALUES (620066999,'UNDERGRAD','01-01-2020');
INSERT INTO Enrolled (u_id,courseCode) VALUES (620066999,'CHEM3409'),(620066999,'INFO3935'),(620066999,'BIOC2054'),(620066999,'CHEM2065');
INSERT INTO Users VALUES (620067000,'Anderson','Ott','AndersonOtt@gmail.com','OttAnderson');
INSERT INTO Students VALUES (620067000,'UNDERGRAD','01-01-2020');
INSERT INTO Enrolled (u_id,courseCode) VALUES (620067000,'COMP3506'),(620067000,'BIOC2589'),(620067000,'INFO2559'),(620067000,'COMP2651');
INSERT INTO Users VALUES (620067001,'Teresa','Pelletier','TeresaPelletier@gmail.com','PelletierTeresa');
INSERT INTO Students VALUES (620067001,'UNDERGRAD','01-01-2020');
INSERT INTO Enrolled (u_id,courseCode) VALUES (620067001,'COMP1184'),(620067001,'PHYS1173'),(620067001,'INFO2147'),(620067001,'INFO1833');
INSERT INTO Users VALUES (620067002,'Dora','Ekberg','DoraEkberg@gmail.com','EkbergDora');
INSERT INTO Students VALUES (620067002,'UNDERGRAD','01-01-2020');
INSERT INTO Enrolled (u_id,courseCode) VALUES (620067002,'COMP3685'),(620067002,'COMP1184'),(620067002,'ECON3004'),(620067002,'COMP3418');
INSERT INTO Users VALUES (620067003,'Brenda','Rodriguez','BrendaRodriguez@gmail.com','RodriguezBrenda');
INSERT INTO Students VALUES (620067003,'UNDERGRAD','01-01-2020');
INSERT INTO Enrolled (u_id,courseCode) VALUES (620067003,'CHEM2604'),(620067003,'ECON1498'),(620067003,'CHEM1494'),(620067003,'PHYS2977'),(620067003,'INFO3419');
INSERT INTO Users VALUES (620067004,'Clyde','Koehn','ClydeKoehn@gmail.com','KoehnClyde');
INSERT INTO Students VALUES (620067004,'UNDERGRAD','01-01-2020');
INSERT INTO Enrolled (u_id,courseCode) VALUES (620067004,'MATH3179'),(620067004,'INFO3603'),(620067004,'PHYS3659'),(620067004,'ECON1230'),(620067004,'INFO2213'),(620067004,'ECON3004');
INSERT INTO Users VALUES (620067005,'Justin','Harms','JustinHarms@gmail.com','HarmsJustin');
INSERT INTO Students VALUES (620067005,'UNDERGRAD','01-01-2020');
INSERT INTO Enrolled (u_id,courseCode) VALUES (620067005,'ECON3228'),(620067005,'COMP1460'),(620067005,'PHYS1173');
INSERT INTO Users VALUES (620067006,'Delmar','Cummings','DelmarCummings@gmail.com','CummingsDelmar');
INSERT INTO Students VALUES (620067006,'UNDERGRAD','01-01-2020');
INSERT INTO Enrolled (u_id,courseCode) VALUES (620067006,'COMP3746'),(620067006,'CHEM2867'),(620067006,'BIOC1986'),(620067006,'INFO3868');
INSERT INTO Users VALUES (620067007,'Gloria','Pero','GloriaPero@gmail.com','PeroGloria');
INSERT INTO Students VALUES (620067007,'UNDERGRAD','01-01-2020');
INSERT INTO Enrolled (u_id,courseCode) VALUES (620067007,'INFO1825'),(620067007,'CHEM2604'),(620067007,'BIOC2550');
INSERT INTO Users VALUES (620067008,'Maria','Joeckel','MariaJoeckel@gmail.com','JoeckelMaria');
INSERT INTO Students VALUES (620067008,'UNDERGRAD','01-01-2020');
INSERT INTO Enrolled (u_id,courseCode) VALUES (620067008,'BIOC1910'),(620067008,'BIOC3230'),(620067008,'BIOC2671'),(620067008,'CHEM3409'),(620067008,'INFO3603'),(620067008,'PHYS1930');
INSERT INTO Users VALUES (620067009,'Wanda','Sharp','WandaSharp@gmail.com','SharpWanda');
INSERT INTO Students VALUES (620067009,'UNDERGRAD','01-01-2020');
INSERT INTO Enrolled (u_id,courseCode) VALUES (620067009,'CHEM2481'),(620067009,'INFO2716'),(620067009,'ECON3989');
INSERT INTO Users VALUES (620067010,'Mark','Hoffman','MarkHoffman@gmail.com','HoffmanMark');
INSERT INTO Students VALUES (620067010,'UNDERGRAD','01-01-2020');
INSERT INTO Enrolled (u_id,courseCode) VALUES (620067010,'BIOC1104'),(620067010,'CHEM2797'),(620067010,'MATH2555'),(620067010,'PHYS2563');
INSERT INTO Users VALUES (620067011,'Nicole','Cash','NicoleCash@gmail.com','CashNicole');
INSERT INTO Students VALUES (620067011,'UNDERGRAD','01-01-2020');
INSERT INTO Enrolled (u_id,courseCode) VALUES (620067011,'CHEM1340'),(620067011,'INFO1014'),(620067011,'COMP2717'),(620067011,'BIOC1986'),(620067011,'BIOC3341');
INSERT INTO Users VALUES (620067012,'Grace','Brickey','GraceBrickey@gmail.com','BrickeyGrace');
INSERT INTO Students VALUES (620067012,'UNDERGRAD','01-01-2020');
INSERT INTO Enrolled (u_id,courseCode) VALUES (620067012,'ECON2387'),(620067012,'ECON3063'),(620067012,'ECON2703'),(620067012,'INFO1447'),(620067012,'MATH3613');
INSERT INTO Users VALUES (620067013,'Hazel','Ott','HazelOtt@gmail.com','OttHazel');
INSERT INTO Students VALUES (620067013,'UNDERGRAD','01-01-2020');
INSERT INTO Enrolled (u_id,courseCode) VALUES (620067013,'MATH1578'),(620067013,'PHYS2451'),(620067013,'PHYS3339'),(620067013,'MATH2067'),(620067013,'INFO1825'),(620067013,'INFO1014');
INSERT INTO Users VALUES (620067014,'Willard','Alexander','WillardAlexander@gmail.com','AlexanderWillard');
INSERT INTO Students VALUES (620067014,'UNDERGRAD','01-01-2020');
INSERT INTO Enrolled (u_id,courseCode) VALUES (620067014,'MATH1262'),(620067014,'CHEM3888'),(620067014,'ECON3550');
INSERT INTO Users VALUES (620067015,'Frankie','Wesley','FrankieWesley@gmail.com','WesleyFrankie');
INSERT INTO Students VALUES (620067015,'UNDERGRAD','01-01-2020');
INSERT INTO Enrolled (u_id,courseCode) VALUES (620067015,'INFO2716'),(620067015,'COMP3685'),(620067015,'CHEM3347');
INSERT INTO Users VALUES (620067016,'Bernie','Evans','BernieEvans@gmail.com','EvansBernie');
INSERT INTO Students VALUES (620067016,'UNDERGRAD','01-01-2020');
INSERT INTO Enrolled (u_id,courseCode) VALUES (620067016,'COMP1867'),(620067016,'ECON2703'),(620067016,'ECON3004'),(620067016,'BIOC1910'),(620067016,'ECON1170');
INSERT INTO Users VALUES (620067017,'Elwood','Wright','ElwoodWright@gmail.com','WrightElwood');
INSERT INTO Students VALUES (620067017,'UNDERGRAD','01-01-2020');
INSERT INTO Enrolled (u_id,courseCode) VALUES (620067017,'INFO1990'),(620067017,'COMP1543'),(620067017,'BIOC1598');
INSERT INTO Users VALUES (620067018,'Milton','Horth','MiltonHorth@gmail.com','HorthMilton');
INSERT INTO Students VALUES (620067018,'UNDERGRAD','01-01-2020');
INSERT INTO Enrolled (u_id,courseCode) VALUES (620067018,'PHYS3686'),(620067018,'COMP3849'),(620067018,'ECON1783'),(620067018,'COMP3697'),(620067018,'CHEM3347');
INSERT INTO Users VALUES (620067019,'Trina','Pelletier','TrinaPelletier@gmail.com','PelletierTrina');
INSERT INTO Students VALUES (620067019,'UNDERGRAD','01-01-2020');
INSERT INTO Enrolled (u_id,courseCode) VALUES (620067019,'ECON3281'),(620067019,'INFO2559'),(620067019,'PHYS2977');
INSERT INTO Users VALUES (620067020,'Don','Dillis','DonDillis@gmail.com','DillisDon');
INSERT INTO Students VALUES (620067020,'UNDERGRAD','01-01-2020');
INSERT INTO Enrolled (u_id,courseCode) VALUES (620067020,'COMP3047'),(620067020,'CHEM1494'),(620067020,'MATH3688'),(620067020,'BIOC1725');
INSERT INTO Users VALUES (620067021,'Erin','Bradford','ErinBradford@gmail.com','BradfordErin');
INSERT INTO Students VALUES (620067021,'UNDERGRAD','01-01-2020');
INSERT INTO Enrolled (u_id,courseCode) VALUES (620067021,'INFO1648'),(620067021,'COMP1184'),(620067021,'PHYS2451'),(620067021,'INFO2860');
INSERT INTO Users VALUES (620067022,'Warren','Eubank','WarrenEubank@gmail.com','EubankWarren');
INSERT INTO Students VALUES (620067022,'UNDERGRAD','01-01-2020');
INSERT INTO Enrolled (u_id,courseCode) VALUES (620067022,'INFO1648'),(620067022,'BIOC3457'),(620067022,'BIOC1910');
INSERT INTO Users VALUES (620067023,'Chris','Cash','ChrisCash@gmail.com','CashChris');
INSERT INTO Students VALUES (620067023,'UNDERGRAD','01-01-2020');
INSERT INTO Enrolled (u_id,courseCode) VALUES (620067023,'PHYS3787'),(620067023,'INFO1990'),(620067023,'CHEM2867'),(620067023,'COMP2080');
INSERT INTO Users VALUES (620067024,'Mary','Jesse','MaryJesse@gmail.com','JesseMary');
INSERT INTO Students VALUES (620067024,'UNDERGRAD','01-01-2020');
INSERT INTO Enrolled (u_id,courseCode) VALUES (620067024,'MATH2957'),(620067024,'MATH2550'),(620067024,'COMP1357'),(620067024,'CHEM2220');
INSERT INTO Users VALUES (620067025,'Jewell','Brickey','JewellBrickey@gmail.com','BrickeyJewell');
INSERT INTO Students VALUES (620067025,'UNDERGRAD','01-01-2020');
INSERT INTO Enrolled (u_id,courseCode) VALUES (620067025,'COMP3849'),(620067025,'BIOC2983'),(620067025,'ECON1783'),(620067025,'MATH1578'),(620067025,'CHEM3747'),(620067025,'MATH1972');
INSERT INTO Users VALUES (620067026,'Suzanne','Heckstall','SuzanneHeckstall@gmail.com','HeckstallSuzanne');
INSERT INTO Students VALUES (620067026,'UNDERGRAD','01-01-2020');
INSERT INTO Enrolled (u_id,courseCode) VALUES (620067026,'CHEM2604'),(620067026,'PHYS2338'),(620067026,'MATH3844'),(620067026,'BIOC3230'),(620067026,'PHYS2451'),(620067026,'INFO2147');
INSERT INTO Users VALUES (620067027,'Grace','Thomas','GraceThomas@gmail.com','ThomasGrace');
INSERT INTO Students VALUES (620067027,'UNDERGRAD','01-01-2020');
INSERT INTO Enrolled (u_id,courseCode) VALUES (620067027,'INFO1833'),(620067027,'BIOC1448'),(620067027,'PHYS2238'),(620067027,'BIOC1439'),(620067027,'CHEM2177'),(620067027,'ECON3989');
INSERT INTO Users VALUES (620067028,'Greg','Terry','GregTerry@gmail.com','TerryGreg');
INSERT INTO Students VALUES (620067028,'UNDERGRAD','01-01-2020');
INSERT INTO Enrolled (u_id,courseCode) VALUES (620067028,'PHYS1140'),(620067028,'INFO2797'),(620067028,'PHYS2977');
INSERT INTO Users VALUES (620067029,'Howard','Rice','HowardRice@gmail.com','RiceHoward');
INSERT INTO Students VALUES (620067029,'UNDERGRAD','01-01-2020');
INSERT INTO Enrolled (u_id,courseCode) VALUES (620067029,'BIOC1725'),(620067029,'PHYS2113'),(620067029,'PHYS2117'),(620067029,'COMP2965');
INSERT INTO Users VALUES (620067030,'Bryan','Hodge','BryanHodge@gmail.com','HodgeBryan');
INSERT INTO Students VALUES (620067030,'UNDERGRAD','01-01-2020');
INSERT INTO Enrolled (u_id,courseCode) VALUES (620067030,'MATH3544'),(620067030,'INFO2559'),(620067030,'BIOC1866');
INSERT INTO Users VALUES (620067031,'Ruby','Madsen','RubyMadsen@gmail.com','MadsenRuby');
INSERT INTO Students VALUES (620067031,'UNDERGRAD','01-01-2020');
INSERT INTO Enrolled (u_id,courseCode) VALUES (620067031,'PHYS2667'),(620067031,'ECON3989'),(620067031,'COMP3047'),(620067031,'COMP1184');
INSERT INTO Users VALUES (620067032,'Kathy','Amberg','KathyAmberg@gmail.com','AmbergKathy');
INSERT INTO Students VALUES (620067032,'UNDERGRAD','01-01-2020');
INSERT INTO Enrolled (u_id,courseCode) VALUES (620067032,'COMP3685'),(620067032,'MATH2801'),(620067032,'CHEM3327'),(620067032,'MATH3173'),(620067032,'INFO1990');
INSERT INTO Users VALUES (620067033,'Blake','Davis','BlakeDavis@gmail.com','DavisBlake');
INSERT INTO Students VALUES (620067033,'UNDERGRAD','01-01-2020');
INSERT INTO Enrolled (u_id,courseCode) VALUES (620067033,'PHYS3052'),(620067033,'COMP2541'),(620067033,'PHYS1979'),(620067033,'BIOC1164'),(620067033,'PHYS3290'),(620067033,'PHYS3354');
INSERT INTO Users VALUES (620067034,'Rachel','Thompson','RachelThompson@gmail.com','ThompsonRachel');
INSERT INTO Students VALUES (620067034,'UNDERGRAD','01-01-2020');
INSERT INTO Enrolled (u_id,courseCode) VALUES (620067034,'PHYS1140'),(620067034,'PHYS2563'),(620067034,'PHYS2229'),(620067034,'PHYS3354');
INSERT INTO Users VALUES (620067035,'Angela','Charland','AngelaCharland@gmail.com','CharlandAngela');
INSERT INTO Students VALUES (620067035,'UNDERGRAD','01-01-2020');
INSERT INTO Enrolled (u_id,courseCode) VALUES (620067035,'COMP3746'),(620067035,'PHYS2977'),(620067035,'ECON2387');
INSERT INTO Users VALUES (620067036,'Scott','Blevins','ScottBlevins@gmail.com','BlevinsScott');
INSERT INTO Students VALUES (620067036,'UNDERGRAD','01-01-2020');
INSERT INTO Enrolled (u_id,courseCode) VALUES (620067036,'ECON1098'),(620067036,'CHEM2626'),(620067036,'BIOC3604');
INSERT INTO Users VALUES (620067037,'Jeremy','Crites','JeremyCrites@gmail.com','CritesJeremy');
INSERT INTO Students VALUES (620067037,'UNDERGRAD','01-01-2020');
INSERT INTO Enrolled (u_id,courseCode) VALUES (620067037,'BIOC1866'),(620067037,'ECON1561'),(620067037,'CHEM2697'),(620067037,'COMP3238'),(620067037,'COMP2077'),(620067037,'BIOC3457');
INSERT INTO Users VALUES (620067038,'Kirk','Griffitts','KirkGriffitts@gmail.com','GriffittsKirk');
INSERT INTO Students VALUES (620067038,'UNDERGRAD','01-01-2020');
INSERT INTO Enrolled (u_id,courseCode) VALUES (620067038,'PHYS2448'),(620067038,'CHEM3347'),(620067038,'INFO3603'),(620067038,'CHEM1485'),(620067038,'COMP3506'),(620067038,'MATH1735');
INSERT INTO Users VALUES (620067039,'Betsy','Gray','BetsyGray@gmail.com','GrayBetsy');
INSERT INTO Students VALUES (620067039,'UNDERGRAD','01-01-2020');
INSERT INTO Enrolled (u_id,courseCode) VALUES (620067039,'ECON2703'),(620067039,'ECON3020'),(620067039,'ECON3989'),(620067039,'BIOC1598');
INSERT INTO Users VALUES (620067040,'Anderson','Caudill','AndersonCaudill@gmail.com','CaudillAnderson');
INSERT INTO Students VALUES (620067040,'UNDERGRAD','01-01-2020');
INSERT INTO Enrolled (u_id,courseCode) VALUES (620067040,'ECON1783'),(620067040,'ECON1012'),(620067040,'COMP1357');
INSERT INTO Users VALUES (620067041,'Kimberly','Campbell','KimberlyCampbell@gmail.com','CampbellKimberly');
INSERT INTO Students VALUES (620067041,'UNDERGRAD','01-01-2020');
INSERT INTO Enrolled (u_id,courseCode) VALUES (620067041,'INFO1447'),(620067041,'CHEM2626'),(620067041,'ECON3311'),(620067041,'CHEM2065'),(620067041,'ECON3063');
INSERT INTO Users VALUES (620067042,'Julius','Armstead','JuliusArmstead@gmail.com','ArmsteadJulius');
INSERT INTO Students VALUES (620067042,'UNDERGRAD','01-01-2020');
INSERT INTO Enrolled (u_id,courseCode) VALUES (620067042,'CHEM2626'),(620067042,'PHYS3787'),(620067042,'ECON3447'),(620067042,'COMP3506'),(620067042,'ECON2387'),(620067042,'CHEM3747');
INSERT INTO Users VALUES (620067043,'Bryon','Oconnell','BryonOconnell@gmail.com','OconnellBryon');
INSERT INTO Students VALUES (620067043,'UNDERGRAD','01-01-2020');
INSERT INTO Enrolled (u_id,courseCode) VALUES (620067043,'CHEM2604'),(620067043,'BIOC1104'),(620067043,'COMP1543');
INSERT INTO Users VALUES (620067044,'Howard','Bourgoin','HowardBourgoin@gmail.com','BourgoinHoward');
INSERT INTO Students VALUES (620067044,'UNDERGRAD','01-01-2020');
INSERT INTO Enrolled (u_id,courseCode) VALUES (620067044,'PHYS1930'),(620067044,'INFO3935'),(620067044,'MATH2801'),(620067044,'INFO3868'),(620067044,'COMP2361');
INSERT INTO Users VALUES (620067045,'Reggie','Walker','ReggieWalker@gmail.com','WalkerReggie');
INSERT INTO Students VALUES (620067045,'UNDERGRAD','01-01-2020');
INSERT INTO Enrolled (u_id,courseCode) VALUES (620067045,'PHYS2117'),(620067045,'PHYS3290'),(620067045,'INFO2811');
INSERT INTO Users VALUES (620067046,'Walter','Early','WalterEarly@gmail.com','EarlyWalter');
INSERT INTO Students VALUES (620067046,'UNDERGRAD','01-01-2020');
INSERT INTO Enrolled (u_id,courseCode) VALUES (620067046,'CHEM2481'),(620067046,'INFO2559'),(620067046,'CHEM3614'),(620067046,'MATH3173');
INSERT INTO Users VALUES (620067047,'Cynthia','Mertens','CynthiaMertens@gmail.com','MertensCynthia');
INSERT INTO Students VALUES (620067047,'UNDERGRAD','01-01-2020');
INSERT INTO Enrolled (u_id,courseCode) VALUES (620067047,'CHEM2446'),(620067047,'ECON2345'),(620067047,'MATH3059'),(620067047,'BIOC1534'),(620067047,'MATH2188');
INSERT INTO Users VALUES (620067048,'Peggy','Pere','PeggyPere@gmail.com','PerePeggy');
INSERT INTO Students VALUES (620067048,'UNDERGRAD','01-01-2020');
INSERT INTO Enrolled (u_id,courseCode) VALUES (620067048,'ECON1498'),(620067048,'MATH2188'),(620067048,'PHYS2113'),(620067048,'INFO3868');
INSERT INTO Users VALUES (620067049,'Dawn','Garnes','DawnGarnes@gmail.com','GarnesDawn');
INSERT INTO Students VALUES (620067049,'UNDERGRAD','01-01-2020');
INSERT INTO Enrolled (u_id,courseCode) VALUES (620067049,'CHEM3054'),(620067049,'CHEM3409'),(620067049,'CHEM1807');
INSERT INTO Users VALUES (620067050,'Leo','Granado','LeoGranado@gmail.com','GranadoLeo');
INSERT INTO Students VALUES (620067050,'UNDERGRAD','01-01-2020');
INSERT INTO Enrolled (u_id,courseCode) VALUES (620067050,'ECON1783'),(620067050,'COMP1460'),(620067050,'COMP1051'),(620067050,'BIOC2983'),(620067050,'ECON3550');
INSERT INTO Users VALUES (620067051,'Bernard','Joeckel','BernardJoeckel@gmail.com','JoeckelBernard');
INSERT INTO Students VALUES (620067051,'UNDERGRAD','01-01-2020');
INSERT INTO Enrolled (u_id,courseCode) VALUES (620067051,'INFO2950'),(620067051,'ECON1458'),(620067051,'CHEM3614'),(620067051,'BIOC2671'),(620067051,'CHEM2177');
INSERT INTO Users VALUES (620067052,'Christina','Huffman','ChristinaHuffman@gmail.com','HuffmanChristina');
INSERT INTO Students VALUES (620067052,'UNDERGRAD','01-01-2020');
INSERT INTO Enrolled (u_id,courseCode) VALUES (620067052,'ECON2703'),(620067052,'INFO1145'),(620067052,'INFO2813');
INSERT INTO Users VALUES (620067053,'Colin','Campbell','ColinCampbell@gmail.com','CampbellColin');
INSERT INTO Students VALUES (620067053,'UNDERGRAD','01-01-2020');
INSERT INTO Enrolled (u_id,courseCode) VALUES (620067053,'ECON3004'),(620067053,'MATH2501'),(620067053,'PHYS1979'),(620067053,'COMP2361');
INSERT INTO Users VALUES (620067054,'Mark','Comley','MarkComley@gmail.com','ComleyMark');
INSERT INTO Students VALUES (620067054,'UNDERGRAD','01-01-2020');
INSERT INTO Enrolled (u_id,courseCode) VALUES (620067054,'PHYS3659'),(620067054,'MATH2501'),(620067054,'ECON2345');
INSERT INTO Users VALUES (620067055,'Roger','Amberg','RogerAmberg@gmail.com','AmbergRoger');
INSERT INTO Students VALUES (620067055,'UNDERGRAD','01-01-2020');
INSERT INTO Enrolled (u_id,courseCode) VALUES (620067055,'ECON1098'),(620067055,'MATH2957'),(620067055,'BIOC3604'),(620067055,'INFO3868');
INSERT INTO Users VALUES (620067056,'Catherine','Calvert','CatherineCalvert@gmail.com','CalvertCatherine');
INSERT INTO Students VALUES (620067056,'UNDERGRAD','01-01-2020');
INSERT INTO Enrolled (u_id,courseCode) VALUES (620067056,'INFO1447'),(620067056,'ECON2703'),(620067056,'PHYS2448'),(620067056,'BIOC1052'),(620067056,'BIOC1725'),(620067056,'BIOC3230');
INSERT INTO Users VALUES (620067057,'Katie','Dahlheimer','KatieDahlheimer@gmail.com','DahlheimerKatie');
INSERT INTO Students VALUES (620067057,'UNDERGRAD','01-01-2020');
INSERT INTO Enrolled (u_id,courseCode) VALUES (620067057,'PHYS3876'),(620067057,'BIOC1744'),(620067057,'PHYS2338'),(620067057,'MATH1250'),(620067057,'ECON3447');
INSERT INTO Users VALUES (620067058,'Shalanda','Bradford','ShalandaBradford@gmail.com','BradfordShalanda');
INSERT INTO Students VALUES (620067058,'UNDERGRAD','01-01-2020');
INSERT INTO Enrolled (u_id,courseCode) VALUES (620067058,'INFO3603'),(620067058,'CHEM2797'),(620067058,'BIOC1794');
INSERT INTO Users VALUES (620067059,'Daisy','Krout','DaisyKrout@gmail.com','KroutDaisy');
INSERT INTO Students VALUES (620067059,'UNDERGRAD','01-01-2020');
INSERT INTO Enrolled (u_id,courseCode) VALUES (620067059,'MATH1309'),(620067059,'COMP3084'),(620067059,'MATH1638');
INSERT INTO Users VALUES (620067060,'Carlos','Waugh','CarlosWaugh@gmail.com','WaughCarlos');
INSERT INTO Students VALUES (620067060,'UNDERGRAD','01-01-2020');
INSERT INTO Enrolled (u_id,courseCode) VALUES (620067060,'COMP2651'),(620067060,'INFO2860'),(620067060,'BIOC1744'),(620067060,'CHEM2031'),(620067060,'ECON3550'),(620067060,'PHYS3354');
INSERT INTO Users VALUES (620067061,'Sheila','Carlson','SheilaCarlson@gmail.com','CarlsonSheila');
INSERT INTO Students VALUES (620067061,'UNDERGRAD','01-01-2020');
INSERT INTO Enrolled (u_id,courseCode) VALUES (620067061,'ECON1561'),(620067061,'MATH2550'),(620067061,'COMP3173');
INSERT INTO Users VALUES (620067062,'Holly','Mcclanahan','HollyMcclanahan@gmail.com','McclanahanHolly');
INSERT INTO Students VALUES (620067062,'UNDERGRAD','01-01-2020');
INSERT INTO Enrolled (u_id,courseCode) VALUES (620067062,'MATH1648'),(620067062,'BIOC3457'),(620067062,'MATH1972'),(620067062,'INFO3419'),(620067062,'BIOC3341'),(620067062,'PHYS2338');
INSERT INTO Users VALUES (620067063,'Evelyn','Bordelon','EvelynBordelon@gmail.com','BordelonEvelyn');
INSERT INTO Students VALUES (620067063,'UNDERGRAD','01-01-2020');
INSERT INTO Enrolled (u_id,courseCode) VALUES (620067063,'COMP3849'),(620067063,'BIOC1598'),(620067063,'BIOC1448'),(620067063,'CHEM2797');
INSERT INTO Users VALUES (620067064,'Sadie','Nelson','SadieNelson@gmail.com','NelsonSadie');
INSERT INTO Students VALUES (620067064,'UNDERGRAD','01-01-2020');
INSERT INTO Enrolled (u_id,courseCode) VALUES (620067064,'MATH1638'),(620067064,'CHEM1613'),(620067064,'BIOC2981'),(620067064,'MATH1250'),(620067064,'INFO2636');
INSERT INTO Users VALUES (620067065,'Betsy','Armstead','BetsyArmstead@gmail.com','ArmsteadBetsy');
INSERT INTO Students VALUES (620067065,'UNDERGRAD','01-01-2020');
INSERT INTO Enrolled (u_id,courseCode) VALUES (620067065,'ECON3311'),(620067065,'PHYS1993'),(620067065,'PHYS1173');
INSERT INTO Users VALUES (620067066,'Steven','Lyford','StevenLyford@gmail.com','LyfordSteven');
INSERT INTO Students VALUES (620067066,'UNDERGRAD','01-01-2020');
INSERT INTO Enrolled (u_id,courseCode) VALUES (620067066,'INFO2337'),(620067066,'PHYS1979'),(620067066,'CHEM2697');
INSERT INTO Users VALUES (620067067,'Shonda','Smith','ShondaSmith@gmail.com','SmithShonda');
INSERT INTO Students VALUES (620067067,'UNDERGRAD','01-01-2020');
INSERT INTO Enrolled (u_id,courseCode) VALUES (620067067,'INFO1288'),(620067067,'MATH3029'),(620067067,'MATH3844'),(620067067,'ECON1170'),(620067067,'CHEM3347'),(620067067,'PHYS1930');
INSERT INTO Users VALUES (620067068,'Ashleigh','Harness','AshleighHarness@gmail.com','HarnessAshleigh');
INSERT INTO Students VALUES (620067068,'UNDERGRAD','01-01-2020');
INSERT INTO Enrolled (u_id,courseCode) VALUES (620067068,'COMP2651'),(620067068,'BIOC1744'),(620067068,'MATH2957'),(620067068,'MATH1648'),(620067068,'MATH3844'),(620067068,'PHYS2238');
INSERT INTO Users VALUES (620067069,'Young','Rios','YoungRios@gmail.com','RiosYoung');
INSERT INTO Students VALUES (620067069,'UNDERGRAD','01-01-2020');
INSERT INTO Enrolled (u_id,courseCode) VALUES (620067069,'ECON3288'),(620067069,'PHYS2448'),(620067069,'INFO3603');
INSERT INTO Users VALUES (620067070,'Cherise','Lopez','CheriseLopez@gmail.com','LopezCherise');
INSERT INTO Students VALUES (620067070,'UNDERGRAD','01-01-2020');
INSERT INTO Enrolled (u_id,courseCode) VALUES (620067070,'INFO2521'),(620067070,'COMP3173'),(620067070,'CHEM2481');
INSERT INTO Users VALUES (620067071,'Howard','Mitchell','HowardMitchell@gmail.com','MitchellHoward');
INSERT INTO Students VALUES (620067071,'UNDERGRAD','01-01-2020');
INSERT INTO Enrolled (u_id,courseCode) VALUES (620067071,'ECON1783'),(620067071,'MATH3613'),(620067071,'INFO2213'),(620067071,'COMP3685');
INSERT INTO Users VALUES (620067072,'Patricia','Kenney','PatriciaKenney@gmail.com','KenneyPatricia');
INSERT INTO Students VALUES (620067072,'UNDERGRAD','01-01-2020');
INSERT INTO Enrolled (u_id,courseCode) VALUES (620067072,'INFO3645'),(620067072,'INFO2213'),(620067072,'INFO2811'),(620067072,'COMP3173'),(620067072,'MATH2801');
INSERT INTO Users VALUES (620067073,'Josh','Jensen','JoshJensen@gmail.com','JensenJosh');
INSERT INTO Students VALUES (620067073,'UNDERGRAD','01-01-2020');
INSERT INTO Enrolled (u_id,courseCode) VALUES (620067073,'BIOC2054'),(620067073,'BIOC3191'),(620067073,'ECON1230'),(620067073,'PHYS3354'),(620067073,'MATH3029'),(620067073,'CHEM2446');
INSERT INTO Users VALUES (620067074,'Roberto','Schilling','RobertoSchilling@gmail.com','SchillingRoberto');
INSERT INTO Students VALUES (620067074,'UNDERGRAD','01-01-2020');
INSERT INTO Enrolled (u_id,courseCode) VALUES (620067074,'ECON3276'),(620067074,'CHEM2867'),(620067074,'MATH3613'),(620067074,'MATH2801'),(620067074,'PHYS2667');
INSERT INTO Users VALUES (620067075,'Brenda','Orchard','BrendaOrchard@gmail.com','OrchardBrenda');
INSERT INTO Students VALUES (620067075,'UNDERGRAD','01-01-2020');
INSERT INTO Enrolled (u_id,courseCode) VALUES (620067075,'PHYS3787'),(620067075,'COMP3506'),(620067075,'BIOC2054');
INSERT INTO Users VALUES (620067076,'Geoffrey','Noggle','GeoffreyNoggle@gmail.com','NoggleGeoffrey');
INSERT INTO Students VALUES (620067076,'UNDERGRAD','01-01-2020');
INSERT INTO Enrolled (u_id,courseCode) VALUES (620067076,'ECON3228'),(620067076,'CHEM2867'),(620067076,'MATH2717'),(620067076,'CHEM2177');
INSERT INTO Users VALUES (620067077,'Cassie','Huffman','CassieHuffman@gmail.com','HuffmanCassie');
INSERT INTO Students VALUES (620067077,'UNDERGRAD','01-01-2020');
INSERT INTO Enrolled (u_id,courseCode) VALUES (620067077,'ECON2345'),(620067077,'ECON3228'),(620067077,'CHEM3617'),(620067077,'PHYS2238');
INSERT INTO Users VALUES (620067078,'Rhoda','Joaquin','RhodaJoaquin@gmail.com','JoaquinRhoda');
INSERT INTO Students VALUES (620067078,'UNDERGRAD','01-01-2020');
INSERT INTO Enrolled (u_id,courseCode) VALUES (620067078,'INFO2813'),(620067078,'PHYS2977'),(620067078,'INFO1288'),(620067078,'INFO2636'),(620067078,'BIOC2054');
INSERT INTO Users VALUES (620067079,'Juanita','Pero','JuanitaPero@gmail.com','PeroJuanita');
INSERT INTO Students VALUES (620067079,'UNDERGRAD','01-01-2020');
INSERT INTO Enrolled (u_id,courseCode) VALUES (620067079,'CHEM2446'),(620067079,'ECON1170'),(620067079,'INFO1288');
INSERT INTO Users VALUES (620067080,'Georgie','Dillis','GeorgieDillis@gmail.com','DillisGeorgie');
INSERT INTO Students VALUES (620067080,'UNDERGRAD','01-01-2020');
INSERT INTO Enrolled (u_id,courseCode) VALUES (620067080,'INFO2813'),(620067080,'ECON3523'),(620067080,'CHEM2005');
INSERT INTO Users VALUES (620067081,'Antwan','Christenberry','AntwanChristenberry@gmail.com','ChristenberryAntwan');
INSERT INTO Students VALUES (620067081,'UNDERGRAD','01-01-2020');
INSERT INTO Enrolled (u_id,courseCode) VALUES (620067081,'COMP1573'),(620067081,'INFO3603'),(620067081,'ECON3228'),(620067081,'MATH2501'),(620067081,'PHYS3686'),(620067081,'ECON1098');
INSERT INTO Users VALUES (620067082,'Holly','Bourgoin','HollyBourgoin@gmail.com','BourgoinHolly');
INSERT INTO Students VALUES (620067082,'UNDERGRAD','01-01-2020');
INSERT INTO Enrolled (u_id,courseCode) VALUES (620067082,'BIOC1866'),(620067082,'BIOC2550'),(620067082,'CHEM3347'),(620067082,'ECON3228'),(620067082,'INFO1288');
INSERT INTO Users VALUES (620067083,'Ruby','Rice','RubyRice@gmail.com','RiceRuby');
INSERT INTO Students VALUES (620067083,'UNDERGRAD','01-01-2020');
INSERT INTO Enrolled (u_id,courseCode) VALUES (620067083,'MATH2550'),(620067083,'CHEM2066'),(620067083,'MATH3222');
INSERT INTO Users VALUES (620067084,'Suzanne','Eddins','SuzanneEddins@gmail.com','EddinsSuzanne');
INSERT INTO Students VALUES (620067084,'UNDERGRAD','01-01-2020');
INSERT INTO Enrolled (u_id,courseCode) VALUES (620067084,'BIOC3341'),(620067084,'CHEM2604'),(620067084,'COMP3167'),(620067084,'BIOC1725');
INSERT INTO Users VALUES (620067085,'Nancy','Kent','NancyKent@gmail.com','KentNancy');
INSERT INTO Students VALUES (620067085,'UNDERGRAD','01-01-2020');
INSERT INTO Enrolled (u_id,courseCode) VALUES (620067085,'MATH1262'),(620067085,'MATH2501'),(620067085,'ECON3085'),(620067085,'INFO2337'),(620067085,'MATH2873'),(620067085,'PHYS2338');
INSERT INTO Users VALUES (620067086,'Juan','Chan','JuanChan@gmail.com','ChanJuan');
INSERT INTO Students VALUES (620067086,'UNDERGRAD','01-01-2020');
INSERT INTO Enrolled (u_id,courseCode) VALUES (620067086,'PHYS2229'),(620067086,'CHEM3347'),(620067086,'ECON3085'),(620067086,'COMP2965'),(620067086,'CHEM2220'),(620067086,'CHEM2697');
INSERT INTO Users VALUES (620067087,'Wendell','Ebbs','WendellEbbs@gmail.com','EbbsWendell');
INSERT INTO Students VALUES (620067087,'UNDERGRAD','01-01-2020');
INSERT INTO Enrolled (u_id,courseCode) VALUES (620067087,'INFO1833'),(620067087,'ECON3447'),(620067087,'PHYS3659'),(620067087,'MATH2550');
INSERT INTO Users VALUES (620067088,'Gordon','Bradford','GordonBradford@gmail.com','BradfordGordon');
INSERT INTO Students VALUES (620067088,'UNDERGRAD','01-01-2020');
INSERT INTO Enrolled (u_id,courseCode) VALUES (620067088,'INFO2636'),(620067088,'PHYS3787'),(620067088,'INFO2950'),(620067088,'COMP2400'),(620067088,'ECON3311');
INSERT INTO Users VALUES (620067089,'Peter','Mccarthy','PeterMccarthy@gmail.com','MccarthyPeter');
INSERT INTO Students VALUES (620067089,'UNDERGRAD','01-01-2020');
INSERT INTO Enrolled (u_id,courseCode) VALUES (620067089,'ECON3004'),(620067089,'INFO1990'),(620067089,'BIOC1448');
INSERT INTO Users VALUES (620067090,'Rodney','Moore','RodneyMoore@gmail.com','MooreRodney');
INSERT INTO Students VALUES (620067090,'UNDERGRAD','01-01-2020');
INSERT INTO Enrolled (u_id,courseCode) VALUES (620067090,'PHYS1979'),(620067090,'ECON1098'),(620067090,'PHYS2338'),(620067090,'ECON3063');
INSERT INTO Users VALUES (620067091,'Sarah','Imoto','SarahImoto@gmail.com','ImotoSarah');
INSERT INTO Students VALUES (620067091,'UNDERGRAD','01-01-2020');
INSERT INTO Enrolled (u_id,courseCode) VALUES (620067091,'ECON1012'),(620067091,'PHYS2113'),(620067091,'MATH2188'),(620067091,'BIOC3604'),(620067091,'COMP1184'),(620067091,'CHEM2066');
INSERT INTO Users VALUES (620067092,'Carol','Vario','CarolVario@gmail.com','VarioCarol');
INSERT INTO Students VALUES (620067092,'UNDERGRAD','01-01-2020');
INSERT INTO Enrolled (u_id,courseCode) VALUES (620067092,'BIOC1910'),(620067092,'INFO1014'),(620067092,'CHEM2446'),(620067092,'PHYS3339'),(620067092,'BIOC3191');
INSERT INTO Users VALUES (620067093,'Magdalen','Lauritsen','MagdalenLauritsen@gmail.com','LauritsenMagdalen');
INSERT INTO Students VALUES (620067093,'UNDERGRAD','01-01-2020');
INSERT INTO Enrolled (u_id,courseCode) VALUES (620067093,'ECON1012'),(620067093,'INFO1648'),(620067093,'PHYS2563');
INSERT INTO Users VALUES (620067094,'Kendra','Jefferson','KendraJefferson@gmail.com','JeffersonKendra');
INSERT INTO Students VALUES (620067094,'UNDERGRAD','01-01-2020');
INSERT INTO Enrolled (u_id,courseCode) VALUES (620067094,'COMP1573'),(620067094,'MATH1250'),(620067094,'ECON3281'),(620067094,'CHEM1485'),(620067094,'CHEM2604');
INSERT INTO Users VALUES (620067095,'Josh','Petty','JoshPetty@gmail.com','PettyJosh');
INSERT INTO Students VALUES (620067095,'UNDERGRAD','01-01-2020');
INSERT INTO Enrolled (u_id,courseCode) VALUES (620067095,'MATH3613'),(620067095,'BIOC3457'),(620067095,'PHYS3464'),(620067095,'PHYS2117');
INSERT INTO Users VALUES (620067096,'Charles','Wengerd','CharlesWengerd@gmail.com','WengerdCharles');
INSERT INTO Students VALUES (620067096,'UNDERGRAD','01-01-2020');
INSERT INTO Enrolled (u_id,courseCode) VALUES (620067096,'BIOC1052'),(620067096,'INFO2521'),(620067096,'MATH1250'),(620067096,'CHEM3793'),(620067096,'ECON3228');
INSERT INTO Users VALUES (620067097,'Philip','Walden','PhilipWalden@gmail.com','WaldenPhilip');
INSERT INTO Students VALUES (620067097,'UNDERGRAD','01-01-2020');
INSERT INTO Enrolled (u_id,courseCode) VALUES (620067097,'MATH1250'),(620067097,'INFO1014'),(620067097,'PHYS2448');
INSERT INTO Users VALUES (620067098,'Nan','Mcclenon','NanMcclenon@gmail.com','McclenonNan');
INSERT INTO Students VALUES (620067098,'UNDERGRAD','01-01-2020');
INSERT INTO Enrolled (u_id,courseCode) VALUES (620067098,'MATH1648'),(620067098,'BIOC3604'),(620067098,'MATH1250'),(620067098,'PHYS2563'),(620067098,'MATH2188'),(620067098,'PHYS1979');
INSERT INTO Users VALUES (620067099,'Sara','Hernandez','SaraHernandez@gmail.com','HernandezSara');
INSERT INTO Students VALUES (620067099,'UNDERGRAD','01-01-2020');
INSERT INTO Enrolled (u_id,courseCode) VALUES (620067099,'ECON1589'),(620067099,'ECON3004'),(620067099,'BIOC1794'),(620067099,'PHYS2563');
INSERT INTO Users VALUES (620067100,'Latoya','Carrington','LatoyaCarrington@gmail.com','CarringtonLatoya');
INSERT INTO Students VALUES (620067100,'UNDERGRAD','01-01-2020');
INSERT INTO Enrolled (u_id,courseCode) VALUES (620067100,'INFO3603'),(620067100,'COMP3506'),(620067100,'PHYS3729'),(620067100,'ECON1996'),(620067100,'ECON2814'),(620067100,'PHYS3339');
INSERT INTO Users VALUES (620067101,'Debbie','Casteel','DebbieCasteel@gmail.com','CasteelDebbie');
INSERT INTO Students VALUES (620067101,'UNDERGRAD','01-01-2020');
INSERT INTO Enrolled (u_id,courseCode) VALUES (620067101,'MATH1454'),(620067101,'BIOC2983'),(620067101,'CHEM3409');
INSERT INTO Users VALUES (620067102,'Blake','Christenberry','BlakeChristenberry@gmail.com','ChristenberryBlake');
INSERT INTO Students VALUES (620067102,'UNDERGRAD','01-01-2020');
INSERT INTO Enrolled (u_id,courseCode) VALUES (620067102,'MATH2873'),(620067102,'CHEM2220'),(620067102,'INFO2813'),(620067102,'ECON1783');
INSERT INTO Users VALUES (620067103,'Tracy','Gilmore','TracyGilmore@gmail.com','GilmoreTracy');
INSERT INTO Students VALUES (620067103,'UNDERGRAD','01-01-2020');
INSERT INTO Enrolled (u_id,courseCode) VALUES (620067103,'ECON3004'),(620067103,'ECON3085'),(620067103,'MATH1648'),(620067103,'ECON3372');
INSERT INTO Users VALUES (620067104,'Clifford','Scarbrough','CliffordScarbrough@gmail.com','ScarbroughClifford');
INSERT INTO Students VALUES (620067104,'UNDERGRAD','01-01-2020');
INSERT INTO Enrolled (u_id,courseCode) VALUES (620067104,'BIOC1725'),(620067104,'MATH1454'),(620067104,'CHEM2031');
INSERT INTO Users VALUES (620067105,'Adam','Nichols','AdamNichols@gmail.com','NicholsAdam');
INSERT INTO Students VALUES (620067105,'UNDERGRAD','01-01-2020');
INSERT INTO Enrolled (u_id,courseCode) VALUES (620067105,'COMP3536'),(620067105,'MATH1972'),(620067105,'ECON1012');
INSERT INTO Users VALUES (620067106,'Deborah','Oswalt','DeborahOswalt@gmail.com','OswaltDeborah');
INSERT INTO Students VALUES (620067106,'UNDERGRAD','01-01-2020');
INSERT INTO Enrolled (u_id,courseCode) VALUES (620067106,'MATH2501'),(620067106,'MATH3222'),(620067106,'CHEM1613'),(620067106,'PHYS2306'),(620067106,'CHEM2177'),(620067106,'CHEM3409');
INSERT INTO Users VALUES (620067107,'Delmar','Calder','DelmarCalder@gmail.com','CalderDelmar');
INSERT INTO Students VALUES (620067107,'UNDERGRAD','01-01-2020');
INSERT INTO Enrolled (u_id,courseCode) VALUES (620067107,'PHYS2451'),(620067107,'MATH2188'),(620067107,'CHEM2797'),(620067107,'COMP2400'),(620067107,'BIOC1485');
INSERT INTO Users VALUES (620067108,'Wanda','Figueroa','WandaFigueroa@gmail.com','FigueroaWanda');
INSERT INTO Students VALUES (620067108,'UNDERGRAD','01-01-2020');
INSERT INTO Enrolled (u_id,courseCode) VALUES (620067108,'COMP1573'),(620067108,'ECON1098'),(620067108,'PHYS1140');
INSERT INTO Users VALUES (620067109,'Terri','Hart','TerriHart@gmail.com','HartTerri');
INSERT INTO Students VALUES (620067109,'UNDERGRAD','01-01-2020');
INSERT INTO Enrolled (u_id,courseCode) VALUES (620067109,'CHEM2005'),(620067109,'MATH3857'),(620067109,'CHEM2446'),(620067109,'PHYS2977'),(620067109,'COMP3536');
INSERT INTO Users VALUES (620067110,'Wendell','Hunt','WendellHunt@gmail.com','HuntWendell');
INSERT INTO Students VALUES (620067110,'UNDERGRAD','01-01-2020');
INSERT INTO Enrolled (u_id,courseCode) VALUES (620067110,'PHYS3787'),(620067110,'MATH1309'),(620067110,'BIOC2589'),(620067110,'ECON1589'),(620067110,'CHEM2220'),(620067110,'BIOC1448');
INSERT INTO Users VALUES (620067111,'Francisca','Williams','FranciscaWilliams@gmail.com','WilliamsFrancisca');
INSERT INTO Students VALUES (620067111,'UNDERGRAD','01-01-2020');
INSERT INTO Enrolled (u_id,courseCode) VALUES (620067111,'INFO2213'),(620067111,'PHYS3052'),(620067111,'INFO2636');
INSERT INTO Users VALUES (620067112,'Gloria','Pantoja','GloriaPantoja@gmail.com','PantojaGloria');
INSERT INTO Students VALUES (620067112,'UNDERGRAD','01-01-2020');
INSERT INTO Enrolled (u_id,courseCode) VALUES (620067112,'COMP1460'),(620067112,'INFO1145'),(620067112,'MATH1735'),(620067112,'INFO3419'),(620067112,'CHEM2697'),(620067112,'COMP1573');
INSERT INTO Users VALUES (620067113,'Bryon','Lemieux','BryonLemieux@gmail.com','LemieuxBryon');
INSERT INTO Students VALUES (620067113,'UNDERGRAD','01-01-2020');
INSERT INTO Enrolled (u_id,courseCode) VALUES (620067113,'BIOC2589'),(620067113,'BIOC2236'),(620067113,'ECON2387'),(620067113,'INFO2213'),(620067113,'INFO2797'),(620067113,'CHEM2481');
INSERT INTO Users VALUES (620067114,'Tiara','Lopez','TiaraLopez@gmail.com','LopezTiara');
INSERT INTO Students VALUES (620067114,'UNDERGRAD','01-01-2020');
INSERT INTO Enrolled (u_id,courseCode) VALUES (620067114,'PHYS2563'),(620067114,'COMP3238'),(620067114,'MATH3544'),(620067114,'INFO1833'),(620067114,'CHEM2005'),(620067114,'ECON3281');
INSERT INTO Users VALUES (620067115,'Mildred','Howe','MildredHowe@gmail.com','HoweMildred');
INSERT INTO Students VALUES (620067115,'UNDERGRAD','01-01-2020');
INSERT INTO Enrolled (u_id,courseCode) VALUES (620067115,'PHYS2448'),(620067115,'BIOC2671'),(620067115,'PHYS2113'),(620067115,'COMP3047');
INSERT INTO Users VALUES (620067116,'Kurt','Imoto','KurtImoto@gmail.com','ImotoKurt');
INSERT INTO Students VALUES (620067116,'UNDERGRAD','01-01-2020');
INSERT INTO Enrolled (u_id,courseCode) VALUES (620067116,'MATH3029'),(620067116,'COMP1460'),(620067116,'BIOC1164'),(620067116,'MATH1735'),(620067116,'PHYS2338');
INSERT INTO Users VALUES (620067117,'Helen','Spohn','HelenSpohn@gmail.com','SpohnHelen');
INSERT INTO Students VALUES (620067117,'UNDERGRAD','01-01-2020');
INSERT INTO Enrolled (u_id,courseCode) VALUES (620067117,'MATH1735'),(620067117,'MATH3179'),(620067117,'COMP1460');
INSERT INTO Users VALUES (620067118,'Judith','Tallent','JudithTallent@gmail.com','TallentJudith');
INSERT INTO Students VALUES (620067118,'UNDERGRAD','01-01-2020');
INSERT INTO Enrolled (u_id,courseCode) VALUES (620067118,'ECON3311'),(620067118,'BIOC3230'),(620067118,'PHYS3354');
INSERT INTO Users VALUES (620067119,'Shannon','Butler','ShannonButler@gmail.com','ButlerShannon');
INSERT INTO Students VALUES (620067119,'UNDERGRAD','01-01-2020');
INSERT INTO Enrolled (u_id,courseCode) VALUES (620067119,'INFO2860'),(620067119,'BIOC2589'),(620067119,'ECON1458'),(620067119,'BIOC1598'),(620067119,'CHEM3747'),(620067119,'ECON3550');
INSERT INTO Users VALUES (620067120,'Reginald','Vanwyck','ReginaldVanwyck@gmail.com','VanwyckReginald');
INSERT INTO Students VALUES (620067120,'UNDERGRAD','01-01-2020');
INSERT INTO Enrolled (u_id,courseCode) VALUES (620067120,'MATH3029'),(620067120,'CHEM1613'),(620067120,'PHYS2306');
INSERT INTO Users VALUES (620067121,'Luella','Bradford','LuellaBradford@gmail.com','BradfordLuella');
INSERT INTO Students VALUES (620067121,'UNDERGRAD','01-01-2020');
INSERT INTO Enrolled (u_id,courseCode) VALUES (620067121,'ECON2722'),(620067121,'ECON3311'),(620067121,'CHEM3614'),(620067121,'MATH3173');
INSERT INTO Users VALUES (620067122,'Michael','Alexander','MichaelAlexander@gmail.com','AlexanderMichael');
INSERT INTO Students VALUES (620067122,'UNDERGRAD','01-01-2020');
INSERT INTO Enrolled (u_id,courseCode) VALUES (620067122,'INFO3935'),(620067122,'MATH1638'),(620067122,'BIOC2983');
INSERT INTO Users VALUES (620067123,'Stanley','Garnes','StanleyGarnes@gmail.com','GarnesStanley');
INSERT INTO Students VALUES (620067123,'UNDERGRAD','01-01-2020');
INSERT INTO Enrolled (u_id,courseCode) VALUES (620067123,'CHEM2177'),(620067123,'PHYS3052'),(620067123,'ECON3550'),(620067123,'INFO2147'),(620067123,'INFO2811');
INSERT INTO Users VALUES (620067124,'Madaline','Guidry','MadalineGuidry@gmail.com','GuidryMadaline');
INSERT INTO Students VALUES (620067124,'UNDERGRAD','01-01-2020');
INSERT INTO Enrolled (u_id,courseCode) VALUES (620067124,'MATH2501'),(620067124,'INFO2811'),(620067124,'COMP2361');
INSERT INTO Users VALUES (620067125,'Agnes','Mitchell','AgnesMitchell@gmail.com','MitchellAgnes');
INSERT INTO Students VALUES (620067125,'UNDERGRAD','01-01-2020');
INSERT INTO Enrolled (u_id,courseCode) VALUES (620067125,'MATH3613'),(620067125,'CHEM2446'),(620067125,'ECON3737'),(620067125,'CHEM3054'),(620067125,'MATH2717');
INSERT INTO Users VALUES (620067126,'Frances','Baptiste','FrancesBaptiste@gmail.com','BaptisteFrances');
INSERT INTO Students VALUES (620067126,'UNDERGRAD','01-01-2020');
INSERT INTO Enrolled (u_id,courseCode) VALUES (620067126,'COMP3536'),(620067126,'INFO2559'),(620067126,'COMP3639'),(620067126,'PHYS3052'),(620067126,'CHEM2031');
INSERT INTO Users VALUES (620067127,'Gina','Mattingly','GinaMattingly@gmail.com','MattinglyGina');
INSERT INTO Students VALUES (620067127,'UNDERGRAD','01-01-2020');
INSERT INTO Enrolled (u_id,courseCode) VALUES (620067127,'INFO1288'),(620067127,'CHEM2149'),(620067127,'ECON2814'),(620067127,'MATH2957'),(620067127,'COMP2541');
INSERT INTO Users VALUES (620067128,'Marilyn','Noggle','MarilynNoggle@gmail.com','NoggleMarilyn');
INSERT INTO Students VALUES (620067128,'UNDERGRAD','01-01-2020');
INSERT INTO Enrolled (u_id,courseCode) VALUES (620067128,'BIOC1104'),(620067128,'BIOC1448'),(620067128,'PHYS3686'),(620067128,'CHEM1494'),(620067128,'MATH3613'),(620067128,'CHEM3054');
INSERT INTO Users VALUES (620067129,'Hector','Baccus','HectorBaccus@gmail.com','BaccusHector');
INSERT INTO Students VALUES (620067129,'UNDERGRAD','01-01-2020');
INSERT INTO Enrolled (u_id,courseCode) VALUES (620067129,'PHYS3729'),(620067129,'BIOC1866'),(620067129,'BIOC3341'),(620067129,'MATH2188'),(620067129,'MATH3857'),(620067129,'MATH1972');
INSERT INTO Users VALUES (620067130,'Stephen','Hart','StephenHart@gmail.com','HartStephen');
INSERT INTO Students VALUES (620067130,'UNDERGRAD','01-01-2020');
INSERT INTO Enrolled (u_id,courseCode) VALUES (620067130,'MATH3857'),(620067130,'ECON3737'),(620067130,'BIOC1725');
INSERT INTO Users VALUES (620067131,'Delia','Duffy','DeliaDuffy@gmail.com','DuffyDelia');
INSERT INTO Students VALUES (620067131,'UNDERGRAD','01-01-2020');
INSERT INTO Enrolled (u_id,courseCode) VALUES (620067131,'MATH2067'),(620067131,'ECON2387'),(620067131,'BIOC1744'),(620067131,'COMP2717');
INSERT INTO Users VALUES (620067132,'Mary','Dunn','MaryDunn@gmail.com','DunnMary');
INSERT INTO Students VALUES (620067132,'UNDERGRAD','01-01-2020');
INSERT INTO Enrolled (u_id,courseCode) VALUES (620067132,'BIOC1794'),(620067132,'PHYS2238'),(620067132,'CHEM3054'),(620067132,'CHEM2177');
INSERT INTO Users VALUES (620067133,'Edwin','Joeckel','EdwinJoeckel@gmail.com','JoeckelEdwin');
INSERT INTO Students VALUES (620067133,'UNDERGRAD','01-01-2020');
INSERT INTO Enrolled (u_id,courseCode) VALUES (620067133,'ECON3311'),(620067133,'COMP3506'),(620067133,'CHEM2626');
INSERT INTO Users VALUES (620067134,'Edwin','Madsen','EdwinMadsen@gmail.com','MadsenEdwin');
INSERT INTO Students VALUES (620067134,'UNDERGRAD','01-01-2020');
INSERT INTO Enrolled (u_id,courseCode) VALUES (620067134,'PHYS2229'),(620067134,'MATH2188'),(620067134,'MATH3179'),(620067134,'INFO2270'),(620067134,'PHYS2977');
INSERT INTO Users VALUES (620067135,'Curtis','Mcneill','CurtisMcneill@gmail.com','McneillCurtis');
INSERT INTO Students VALUES (620067135,'UNDERGRAD','01-01-2020');
INSERT INTO Enrolled (u_id,courseCode) VALUES (620067135,'ECON3447'),(620067135,'BIOC2983'),(620067135,'BIOC1794'),(620067135,'BIOC3230'),(620067135,'CHEM2220');
INSERT INTO Users VALUES (620067136,'Helen','Noonan','HelenNoonan@gmail.com','NoonanHelen');
INSERT INTO Students VALUES (620067136,'UNDERGRAD','01-01-2020');
INSERT INTO Enrolled (u_id,courseCode) VALUES (620067136,'BIOC2589'),(620067136,'COMP3506'),(620067136,'MATH2801');
INSERT INTO Users VALUES (620067137,'Bryon','Dillis','BryonDillis@gmail.com','DillisBryon');
INSERT INTO Students VALUES (620067137,'UNDERGRAD','01-01-2020');
INSERT INTO Enrolled (u_id,courseCode) VALUES (620067137,'MATH3844'),(620067137,'INFO3419'),(620067137,'INFO2337');
INSERT INTO Users VALUES (620067138,'Vickie','Lundholm','VickieLundholm@gmail.com','LundholmVickie');
INSERT INTO Students VALUES (620067138,'UNDERGRAD','01-01-2020');
INSERT INTO Enrolled (u_id,courseCode) VALUES (620067138,'MATH2501'),(620067138,'COMP2717'),(620067138,'PHYS3464'),(620067138,'BIOC1794'),(620067138,'CHEM3327'),(620067138,'COMP1357');
INSERT INTO Users VALUES (620067139,'Dominick','Banks','DominickBanks@gmail.com','BanksDominick');
INSERT INTO Students VALUES (620067139,'UNDERGRAD','01-01-2020');
INSERT INTO Enrolled (u_id,courseCode) VALUES (620067139,'COMP2400'),(620067139,'CHEM2149'),(620067139,'BIOC1439'),(620067139,'INFO3645'),(620067139,'COMP3697');
INSERT INTO Users VALUES (620067140,'Tony','Calvert','TonyCalvert@gmail.com','CalvertTony');
INSERT INTO Students VALUES (620067140,'UNDERGRAD','01-01-2020');
INSERT INTO Enrolled (u_id,courseCode) VALUES (620067140,'MATH1148'),(620067140,'MATH1578'),(620067140,'MATH3173'),(620067140,'BIOC1534'),(620067140,'MATH2717'),(620067140,'CHEM2446');
INSERT INTO Users VALUES (620067141,'Antwan','Burney','AntwanBurney@gmail.com','BurneyAntwan');
INSERT INTO Students VALUES (620067141,'UNDERGRAD','01-01-2020');
INSERT INTO Enrolled (u_id,courseCode) VALUES (620067141,'ECON1589'),(620067141,'BIOC3341'),(620067141,'INFO1447'),(620067141,'PHYS1979'),(620067141,'INFO1288');
INSERT INTO Users VALUES (620067142,'Denise','Laramee','DeniseLaramee@gmail.com','LarameeDenise');
INSERT INTO Students VALUES (620067142,'UNDERGRAD','01-01-2020');
INSERT INTO Enrolled (u_id,courseCode) VALUES (620067142,'CHEM2604'),(620067142,'COMP3746'),(620067142,'MATH2957'),(620067142,'MATH1735');
INSERT INTO Users VALUES (620067143,'Kendra','Brown','KendraBrown@gmail.com','BrownKendra');
INSERT INTO Students VALUES (620067143,'UNDERGRAD','01-01-2020');
INSERT INTO Enrolled (u_id,courseCode) VALUES (620067143,'ECON1589'),(620067143,'ECON3281'),(620067143,'COMP2077'),(620067143,'COMP1051');
INSERT INTO Users VALUES (620067144,'Clyde','Jaworski','ClydeJaworski@gmail.com','JaworskiClyde');
INSERT INTO Students VALUES (620067144,'UNDERGRAD','01-01-2020');
INSERT INTO Enrolled (u_id,courseCode) VALUES (620067144,'PHYS2448'),(620067144,'INFO1014'),(620067144,'CHEM3888'),(620067144,'CHEM2446'),(620067144,'PHYS1993'),(620067144,'BIOC1866');
INSERT INTO Users VALUES (620067145,'Janice','Deen','JaniceDeen@gmail.com','DeenJanice');
INSERT INTO Students VALUES (620067145,'UNDERGRAD','01-01-2020');
INSERT INTO Enrolled (u_id,courseCode) VALUES (620067145,'ECON2387'),(620067145,'BIOC2589'),(620067145,'CHEM3793');
INSERT INTO Users VALUES (620067146,'Gregory','Dahlheimer','GregoryDahlheimer@gmail.com','DahlheimerGregory');
INSERT INTO Students VALUES (620067146,'UNDERGRAD','01-01-2020');
INSERT INTO Enrolled (u_id,courseCode) VALUES (620067146,'MATH1638'),(620067146,'BIOC1164'),(620067146,'ECON1783');
INSERT INTO Users VALUES (620067147,'Celia','Robinson','CeliaRobinson@gmail.com','RobinsonCelia');
INSERT INTO Students VALUES (620067147,'UNDERGRAD','01-01-2020');
INSERT INTO Enrolled (u_id,courseCode) VALUES (620067147,'ECON3085'),(620067147,'INFO2811'),(620067147,'BIOC1439'),(620067147,'PHYS2117');
INSERT INTO Users VALUES (620067148,'Patsy','Eddins','PatsyEddins@gmail.com','EddinsPatsy');
INSERT INTO Students VALUES (620067148,'UNDERGRAD','01-01-2020');
INSERT INTO Enrolled (u_id,courseCode) VALUES (620067148,'PHYS2113'),(620067148,'MATH3059'),(620067148,'ECON1783'),(620067148,'CHEM2626');
INSERT INTO Users VALUES (620067149,'Shonda','Gilmore','ShondaGilmore@gmail.com','GilmoreShonda');
INSERT INTO Students VALUES (620067149,'UNDERGRAD','01-01-2020');
INSERT INTO Enrolled (u_id,courseCode) VALUES (620067149,'ECON3311'),(620067149,'INFO1648'),(620067149,'CHEM3747'),(620067149,'COMP2965');
INSERT INTO Users VALUES (620067150,'Alvin','Williamson','AlvinWilliamson@gmail.com','WilliamsonAlvin');
INSERT INTO Students VALUES (620067150,'UNDERGRAD','01-01-2020');
INSERT INTO Enrolled (u_id,courseCode) VALUES (620067150,'CHEM2626'),(620067150,'CHEM2005'),(620067150,'ECON3085'),(620067150,'COMP3849');
INSERT INTO Users VALUES (620067151,'Kirk','Spohn','KirkSpohn@gmail.com','SpohnKirk');
INSERT INTO Students VALUES (620067151,'UNDERGRAD','01-01-2020');
INSERT INTO Enrolled (u_id,courseCode) VALUES (620067151,'MATH2550'),(620067151,'COMP2361'),(620067151,'CHEM3327'),(620067151,'MATH2067');
INSERT INTO Users VALUES (620067152,'Martin','Caudill','MartinCaudill@gmail.com','CaudillMartin');
INSERT INTO Students VALUES (620067152,'UNDERGRAD','01-01-2020');
INSERT INTO Enrolled (u_id,courseCode) VALUES (620067152,'COMP2651'),(620067152,'BIOC2981'),(620067152,'COMP1867'),(620067152,'COMP2080');
INSERT INTO Users VALUES (620067153,'Arthur','Sudduth','ArthurSudduth@gmail.com','SudduthArthur');
INSERT INTO Students VALUES (620067153,'UNDERGRAD','01-01-2020');
INSERT INTO Enrolled (u_id,courseCode) VALUES (620067153,'MATH1309'),(620067153,'PHYS2667'),(620067153,'CHEM3614'),(620067153,'CHEM1485'),(620067153,'COMP3238'),(620067153,'CHEM2446');
INSERT INTO Users VALUES (620067154,'Melvin','Wengerd','MelvinWengerd@gmail.com','WengerdMelvin');
INSERT INTO Students VALUES (620067154,'UNDERGRAD','01-01-2020');
INSERT INTO Enrolled (u_id,courseCode) VALUES (620067154,'CHEM2005'),(620067154,'ECON3288'),(620067154,'ECON1230');
INSERT INTO Users VALUES (620067155,'Suzanne','Rios','SuzanneRios@gmail.com','RiosSuzanne');
INSERT INTO Students VALUES (620067155,'UNDERGRAD','01-01-2020');
INSERT INTO Enrolled (u_id,courseCode) VALUES (620067155,'BIOC1052'),(620067155,'COMP2077'),(620067155,'MATH1648');
INSERT INTO Users VALUES (620067156,'Alfred','Saunders','AlfredSaunders@gmail.com','SaundersAlfred');
INSERT INTO Students VALUES (620067156,'UNDERGRAD','01-01-2020');
INSERT INTO Enrolled (u_id,courseCode) VALUES (620067156,'PHYS3354'),(620067156,'ECON1458'),(620067156,'BIOC2589');
INSERT INTO Users VALUES (620067157,'Benjamin','Kent','BenjaminKent@gmail.com','KentBenjamin');
INSERT INTO Students VALUES (620067157,'UNDERGRAD','01-01-2020');
INSERT INTO Enrolled (u_id,courseCode) VALUES (620067157,'COMP3639'),(620067157,'INFO3419'),(620067157,'COMP2651'),(620067157,'ECON2345');
INSERT INTO Users VALUES (620067158,'Deanne','Williamson','DeanneWilliamson@gmail.com','WilliamsonDeanne');
INSERT INTO Students VALUES (620067158,'UNDERGRAD','01-01-2020');
INSERT INTO Enrolled (u_id,courseCode) VALUES (620067158,'MATH1648'),(620067158,'COMP3173'),(620067158,'COMP3685'),(620067158,'INFO2270'),(620067158,'MATH2717'),(620067158,'MATH2801');
INSERT INTO Users VALUES (620067159,'Edwin','Henderson','EdwinHenderson@gmail.com','HendersonEdwin');
INSERT INTO Students VALUES (620067159,'UNDERGRAD','01-01-2020');
INSERT INTO Enrolled (u_id,courseCode) VALUES (620067159,'PHYS3052'),(620067159,'PHYS2338'),(620067159,'CHEM2177'),(620067159,'ECON2814'),(620067159,'MATH1972');
INSERT INTO Users VALUES (620067160,'Philip','Crites','PhilipCrites@gmail.com','CritesPhilip');
INSERT INTO Students VALUES (620067160,'UNDERGRAD','01-01-2020');
INSERT INTO Enrolled (u_id,courseCode) VALUES (620067160,'ECON1589'),(620067160,'BIOC1744'),(620067160,'BIOC2054');
INSERT INTO Users VALUES (620067161,'Kirk','Martin','KirkMartin@gmail.com','MartinKirk');
INSERT INTO Students VALUES (620067161,'UNDERGRAD','01-01-2020');
INSERT INTO Enrolled (u_id,courseCode) VALUES (620067161,'ECON1996'),(620067161,'MATH3857'),(620067161,'PHYS3354'),(620067161,'COMP3685'),(620067161,'INFO2950');
INSERT INTO Users VALUES (620067162,'Steven','Mertens','StevenMertens@gmail.com','MertensSteven');
INSERT INTO Students VALUES (620067162,'UNDERGRAD','01-01-2020');
INSERT INTO Enrolled (u_id,courseCode) VALUES (620067162,'ECON3311'),(620067162,'COMP1867'),(620067162,'INFO3868'),(620067162,'ECON3288');
INSERT INTO Users VALUES (620067163,'Danielle','Morey','DanielleMorey@gmail.com','MoreyDanielle');
INSERT INTO Students VALUES (620067163,'UNDERGRAD','01-01-2020');
INSERT INTO Enrolled (u_id,courseCode) VALUES (620067163,'CHEM2481'),(620067163,'PHYS2229'),(620067163,'PHYS1930'),(620067163,'CHEM2005'),(620067163,'COMP3084'),(620067163,'INFO1648');
INSERT INTO Users VALUES (620067164,'Holly','Chan','HollyChan@gmail.com','ChanHolly');
INSERT INTO Students VALUES (620067164,'UNDERGRAD','01-01-2020');
INSERT INTO Enrolled (u_id,courseCode) VALUES (620067164,'BIOC1866'),(620067164,'PHYS1140'),(620067164,'MATH2550'),(620067164,'MATH2555');
INSERT INTO Users VALUES (620067165,'Wilbur','Oconnell','WilburOconnell@gmail.com','OconnellWilbur');
INSERT INTO Students VALUES (620067165,'UNDERGRAD','01-01-2020');
INSERT INTO Enrolled (u_id,courseCode) VALUES (620067165,'PHYS1993'),(620067165,'BIOC3230'),(620067165,'ECON1996');
INSERT INTO Users VALUES (620067166,'Rhoda','Henderson','RhodaHenderson@gmail.com','HendersonRhoda');
INSERT INTO Students VALUES (620067166,'UNDERGRAD','01-01-2020');
INSERT INTO Enrolled (u_id,courseCode) VALUES (620067166,'MATH1250'),(620067166,'CHEM2797'),(620067166,'BIOC1598');
INSERT INTO Users VALUES (620067167,'Alice','Macpartland','AliceMacpartland@gmail.com','MacpartlandAlice');
INSERT INTO Students VALUES (620067167,'UNDERGRAD','01-01-2020');
INSERT INTO Enrolled (u_id,courseCode) VALUES (620067167,'MATH1250'),(620067167,'PHYS2113'),(620067167,'BIOC2550'),(620067167,'MATH1648');
INSERT INTO Users VALUES (620067168,'Wanda','Heckstall','WandaHeckstall@gmail.com','HeckstallWanda');
INSERT INTO Students VALUES (620067168,'UNDERGRAD','01-01-2020');
INSERT INTO Enrolled (u_id,courseCode) VALUES (620067168,'CHEM1807'),(620067168,'BIOC1052'),(620067168,'MATH2555'),(620067168,'ECON1458'),(620067168,'CHEM2604'),(620067168,'COMP1543');
INSERT INTO Users VALUES (620067169,'Betsy','Thomas','BetsyThomas@gmail.com','ThomasBetsy');
INSERT INTO Students VALUES (620067169,'UNDERGRAD','01-01-2020');
INSERT INTO Enrolled (u_id,courseCode) VALUES (620067169,'MATH3209'),(620067169,'CHEM2177'),(620067169,'INFO2813'),(620067169,'COMP3697'),(620067169,'COMP1543');
INSERT INTO Users VALUES (620067170,'Doris','Lavoy','DorisLavoy@gmail.com','LavoyDoris');
INSERT INTO Students VALUES (620067170,'UNDERGRAD','01-01-2020');
INSERT INTO Enrolled (u_id,courseCode) VALUES (620067170,'CHEM2220'),(620067170,'MATH1309'),(620067170,'PHYS2667');
INSERT INTO Users VALUES (620067171,'Chris','Golden','ChrisGolden@gmail.com','GoldenChris');
INSERT INTO Students VALUES (620067171,'UNDERGRAD','01-01-2020');
INSERT INTO Enrolled (u_id,courseCode) VALUES (620067171,'ECON2345'),(620067171,'MATH3844'),(620067171,'BIOC1052'),(620067171,'ECON3085'),(620067171,'CHEM3614'),(620067171,'PHYS2306');
INSERT INTO Users VALUES (620067172,'Rachel','Pedersen','RachelPedersen@gmail.com','PedersenRachel');
INSERT INTO Students VALUES (620067172,'UNDERGRAD','01-01-2020');
INSERT INTO Enrolled (u_id,courseCode) VALUES (620067172,'PHYS3464'),(620067172,'COMP2361'),(620067172,'PHYS3787');
INSERT INTO Users VALUES (620067173,'Justin','Miraglia','JustinMiraglia@gmail.com','MiragliaJustin');
INSERT INTO Students VALUES (620067173,'UNDERGRAD','01-01-2020');
INSERT INTO Enrolled (u_id,courseCode) VALUES (620067173,'MATH2188'),(620067173,'ECON2345'),(620067173,'PHYS2563'),(620067173,'MATH3613'),(620067173,'INFO2147'),(620067173,'INFO1990');
INSERT INTO Users VALUES (620067174,'Stephanie','Withrow','StephanieWithrow@gmail.com','WithrowStephanie');
INSERT INTO Students VALUES (620067174,'UNDERGRAD','01-01-2020');
INSERT INTO Enrolled (u_id,courseCode) VALUES (620067174,'PHYS2117'),(620067174,'ECON1170'),(620067174,'INFO2636');
INSERT INTO Users VALUES (620067175,'Nathan','Shane','NathanShane@gmail.com','ShaneNathan');
INSERT INTO Students VALUES (620067175,'UNDERGRAD','01-01-2020');
INSERT INTO Enrolled (u_id,courseCode) VALUES (620067175,'PHYS3052'),(620067175,'ECON3063'),(620067175,'ECON3228'),(620067175,'COMP3685'),(620067175,'PHYS2238'),(620067175,'ECON1170');
INSERT INTO Users VALUES (620067176,'Marcus','Valenzuela','MarcusValenzuela@gmail.com','ValenzuelaMarcus');
INSERT INTO Students VALUES (620067176,'UNDERGRAD','01-01-2020');
INSERT INTO Enrolled (u_id,courseCode) VALUES (620067176,'COMP2400'),(620067176,'BIOC1052'),(620067176,'BIOC3457');
INSERT INTO Users VALUES (620067177,'Dominique','Gillman','DominiqueGillman@gmail.com','GillmanDominique');
INSERT INTO Students VALUES (620067177,'UNDERGRAD','01-01-2020');
INSERT INTO Enrolled (u_id,courseCode) VALUES (620067177,'CHEM2697'),(620067177,'INFO3935'),(620067177,'PHYS2451'),(620067177,'CHEM3347'),(620067177,'PHYS3290'),(620067177,'MATH3029');
INSERT INTO Users VALUES (620067178,'Betty','Armstead','BettyArmstead@gmail.com','ArmsteadBetty');
INSERT INTO Students VALUES (620067178,'UNDERGRAD','01-01-2020');
INSERT INTO Enrolled (u_id,courseCode) VALUES (620067178,'COMP1543'),(620067178,'COMP3238'),(620067178,'ECON2722');
INSERT INTO Users VALUES (620067179,'Sara','Givens','SaraGivens@gmail.com','GivensSara');
INSERT INTO Students VALUES (620067179,'UNDERGRAD','01-01-2020');
INSERT INTO Enrolled (u_id,courseCode) VALUES (620067179,'MATH3222'),(620067179,'CHEM2149'),(620067179,'COMP3047'),(620067179,'INFO2716');
INSERT INTO Users VALUES (620067180,'Reginald','Lindstrom','ReginaldLindstrom@gmail.com','LindstromReginald');
INSERT INTO Students VALUES (620067180,'UNDERGRAD','01-01-2020');
INSERT INTO Enrolled (u_id,courseCode) VALUES (620067180,'PHYS3659'),(620067180,'BIOC1104'),(620067180,'CHEM2797');
INSERT INTO Users VALUES (620067181,'Iris','Sullivan','IrisSullivan@gmail.com','SullivanIris');
INSERT INTO Students VALUES (620067181,'UNDERGRAD','01-01-2020');
INSERT INTO Enrolled (u_id,courseCode) VALUES (620067181,'MATH1638'),(620067181,'ECON3737'),(620067181,'MATH3613'),(620067181,'ECON1783'),(620067181,'MATH3544'),(620067181,'PHYS3290');
INSERT INTO Users VALUES (620067182,'Geoffrey','Nighman','GeoffreyNighman@gmail.com','NighmanGeoffrey');
INSERT INTO Students VALUES (620067182,'UNDERGRAD','01-01-2020');
INSERT INTO Enrolled (u_id,courseCode) VALUES (620067182,'PHYS1993'),(620067182,'MATH2188'),(620067182,'MATH1309'),(620067182,'PHYS1173');
INSERT INTO Users VALUES (620067183,'Josh','Hawkins','JoshHawkins@gmail.com','HawkinsJosh');
INSERT INTO Students VALUES (620067183,'UNDERGRAD','01-01-2020');
INSERT INTO Enrolled (u_id,courseCode) VALUES (620067183,'COMP3506'),(620067183,'MATH1972'),(620067183,'INFO2860'),(620067183,'BIOC1485');
INSERT INTO Users VALUES (620067184,'Cynthia','Howe','CynthiaHowe@gmail.com','HoweCynthia');
INSERT INTO Students VALUES (620067184,'UNDERGRAD','01-01-2020');
INSERT INTO Enrolled (u_id,courseCode) VALUES (620067184,'BIOC1448'),(620067184,'ECON1589'),(620067184,'MATH3544'),(620067184,'BIOC1598'),(620067184,'PHYS1979');
INSERT INTO Users VALUES (620067185,'Manuel','Harness','ManuelHarness@gmail.com','HarnessManuel');
INSERT INTO Students VALUES (620067185,'UNDERGRAD','01-01-2020');
INSERT INTO Enrolled (u_id,courseCode) VALUES (620067185,'MATH3209'),(620067185,'INFO2521'),(620067185,'ECON1012'),(620067185,'ECON3372'),(620067185,'ECON3311'),(620067185,'MATH2717');
INSERT INTO Users VALUES (620067186,'Blake','Maione','BlakeMaione@gmail.com','MaioneBlake');
INSERT INTO Students VALUES (620067186,'UNDERGRAD','01-01-2020');
INSERT INTO Enrolled (u_id,courseCode) VALUES (620067186,'ECON1561'),(620067186,'INFO1825'),(620067186,'PHYS3876'),(620067186,'BIOC2983'),(620067186,'INFO2813');
INSERT INTO Users VALUES (620067187,'Lorenza','Aybar','LorenzaAybar@gmail.com','AybarLorenza');
INSERT INTO Students VALUES (620067187,'UNDERGRAD','01-01-2020');
INSERT INTO Enrolled (u_id,courseCode) VALUES (620067187,'CHEM2797'),(620067187,'MATH2555'),(620067187,'COMP3167');
INSERT INTO Users VALUES (620067188,'Patricia','Thompson','PatriciaThompson@gmail.com','ThompsonPatricia');
INSERT INTO Students VALUES (620067188,'UNDERGRAD','01-01-2020');
INSERT INTO Enrolled (u_id,courseCode) VALUES (620067188,'CHEM1494'),(620067188,'CHEM2446'),(620067188,'ECON1645'),(620067188,'MATH3844'),(620067188,'CHEM2697');
INSERT INTO Users VALUES (620067189,'Linda','Jeanbaptiste','LindaJeanbaptiste@gmail.com','JeanbaptisteLinda');
INSERT INTO Students VALUES (620067189,'UNDERGRAD','01-01-2020');
INSERT INTO Enrolled (u_id,courseCode) VALUES (620067189,'MATH3544'),(620067189,'COMP3084'),(620067189,'ECON3288'),(620067189,'ECON1589'),(620067189,'CHEM3793');
INSERT INTO Users VALUES (620067190,'Ed','Banks','EdBanks@gmail.com','BanksEd');
INSERT INTO Students VALUES (620067190,'UNDERGRAD','01-01-2020');
INSERT INTO Enrolled (u_id,courseCode) VALUES (620067190,'MATH2957'),(620067190,'PHYS2113'),(620067190,'ECON1996');
INSERT INTO Users VALUES (620067191,'Ralph','Wood','RalphWood@gmail.com','WoodRalph');
INSERT INTO Students VALUES (620067191,'UNDERGRAD','01-01-2020');
INSERT INTO Enrolled (u_id,courseCode) VALUES (620067191,'PHYS3729'),(620067191,'ECON3004'),(620067191,'INFO1825'),(620067191,'MATH2501'),(620067191,'COMP2541');
INSERT INTO Users VALUES (620067192,'Vivian','Collins','VivianCollins@gmail.com','CollinsVivian');
INSERT INTO Students VALUES (620067192,'UNDERGRAD','01-01-2020');
INSERT INTO Enrolled (u_id,courseCode) VALUES (620067192,'ECON1645'),(620067192,'COMP1460'),(620067192,'INFO2521'),(620067192,'PHYS2338'),(620067192,'BIOC1448'),(620067192,'CHEM2481');
INSERT INTO Users VALUES (620067193,'Gordon','Krause','GordonKrause@gmail.com','KrauseGordon');
INSERT INTO Students VALUES (620067193,'UNDERGRAD','01-01-2020');
INSERT INTO Enrolled (u_id,courseCode) VALUES (620067193,'CHEM2797'),(620067193,'COMP2541'),(620067193,'COMP3506'),(620067193,'COMP3167'),(620067193,'INFO1288'),(620067193,'ECON3004');
INSERT INTO Users VALUES (620067194,'Gregory','Hudson','GregoryHudson@gmail.com','HudsonGregory');
INSERT INTO Students VALUES (620067194,'UNDERGRAD','01-01-2020');
INSERT INTO Enrolled (u_id,courseCode) VALUES (620067194,'INFO3868'),(620067194,'ECON1458'),(620067194,'MATH3029'),(620067194,'INFO2811');
INSERT INTO Users VALUES (620067195,'Tia','Meisner','TiaMeisner@gmail.com','MeisnerTia');
INSERT INTO Students VALUES (620067195,'UNDERGRAD','01-01-2020');
INSERT INTO Enrolled (u_id,courseCode) VALUES (620067195,'COMP1357'),(620067195,'INFO1242'),(620067195,'MATH2957');
INSERT INTO Users VALUES (620067196,'Jennifer','Pero','JenniferPero@gmail.com','PeroJennifer');
INSERT INTO Students VALUES (620067196,'UNDERGRAD','01-01-2020');
INSERT INTO Enrolled (u_id,courseCode) VALUES (620067196,'PHYS1173'),(620067196,'COMP1357'),(620067196,'PHYS2448'),(620067196,'PHYS3686'),(620067196,'COMP3047'),(620067196,'COMP2651');
INSERT INTO Users VALUES (620067197,'Roger','Bower','RogerBower@gmail.com','BowerRoger');
INSERT INTO Students VALUES (620067197,'UNDERGRAD','01-01-2020');
INSERT INTO Enrolled (u_id,courseCode) VALUES (620067197,'PHYS2338'),(620067197,'ECON3550'),(620067197,'COMP1543'),(620067197,'CHEM1613');
INSERT INTO Users VALUES (620067198,'Rhonda','Eddins','RhondaEddins@gmail.com','EddinsRhonda');
INSERT INTO Students VALUES (620067198,'UNDERGRAD','01-01-2020');
INSERT INTO Enrolled (u_id,courseCode) VALUES (620067198,'CHEM2697'),(620067198,'MATH1250'),(620067198,'ECON2703'),(620067198,'PHYS2451'),(620067198,'PHYS2117'),(620067198,'BIOC3721');
INSERT INTO Users VALUES (620067199,'Wendell','Nerbonne','WendellNerbonne@gmail.com','NerbonneWendell');
INSERT INTO Students VALUES (620067199,'UNDERGRAD','01-01-2020');
INSERT INTO Enrolled (u_id,courseCode) VALUES (620067199,'COMP1357'),(620067199,'COMP3697'),(620067199,'COMP2080'),(620067199,'MATH3222'),(620067199,'COMP3173');
INSERT INTO Users VALUES (620067200,'Flora','Laudat','FloraLaudat@gmail.com','LaudatFlora');
INSERT INTO Students VALUES (620067200,'UNDERGRAD','01-01-2020');
INSERT INTO Enrolled (u_id,courseCode) VALUES (620067200,'BIOC1910'),(620067200,'BIOC1598'),(620067200,'COMP3047'),(620067200,'BIOC1794');
INSERT INTO Users VALUES (620067201,'Christine','Reyes','ChristineReyes@gmail.com','ReyesChristine');
INSERT INTO Students VALUES (620067201,'UNDERGRAD','01-01-2020');
INSERT INTO Enrolled (u_id,courseCode) VALUES (620067201,'BIOC2981'),(620067201,'INFO2147'),(620067201,'ECON2387'),(620067201,'BIOC1448'),(620067201,'PHYS2238'),(620067201,'INFO1833');
INSERT INTO Users VALUES (620067202,'Patsy','Armstead','PatsyArmstead@gmail.com','ArmsteadPatsy');
INSERT INTO Students VALUES (620067202,'UNDERGRAD','01-01-2020');
INSERT INTO Enrolled (u_id,courseCode) VALUES (620067202,'ECON1589'),(620067202,'CHEM1807'),(620067202,'COMP3697'),(620067202,'MATH3173');
INSERT INTO Users VALUES (620067203,'Anderson','Joaquin','AndersonJoaquin@gmail.com','JoaquinAnderson');
INSERT INTO Students VALUES (620067203,'UNDERGRAD','01-01-2020');
INSERT INTO Enrolled (u_id,courseCode) VALUES (620067203,'BIOC1744'),(620067203,'COMP3084'),(620067203,'BIOC1534'),(620067203,'INFO2147');
INSERT INTO Users VALUES (620067204,'Dawn','Russ','DawnRuss@gmail.com','RussDawn');
INSERT INTO Students VALUES (620067204,'UNDERGRAD','01-01-2020');
INSERT INTO Enrolled (u_id,courseCode) VALUES (620067204,'MATH2717'),(620067204,'CHEM3327'),(620067204,'BIOC1164'),(620067204,'MATH1638'),(620067204,'MATH2873'),(620067204,'ECON3063');
INSERT INTO Users VALUES (620067205,'Dwight','Mcclain','DwightMcclain@gmail.com','McclainDwight');
INSERT INTO Students VALUES (620067205,'UNDERGRAD','01-01-2020');
INSERT INTO Enrolled (u_id,courseCode) VALUES (620067205,'CHEM2031'),(620067205,'CHEM3617'),(620067205,'COMP1543');
INSERT INTO Users VALUES (620067206,'Larry','Sudduth','LarrySudduth@gmail.com','SudduthLarry');
INSERT INTO Students VALUES (620067206,'UNDERGRAD','01-01-2020');
INSERT INTO Enrolled (u_id,courseCode) VALUES (620067206,'BIOC3341'),(620067206,'MATH1262'),(620067206,'MATH1250'),(620067206,'INFO2270');
INSERT INTO Users VALUES (620067207,'Marshall','Sullivan','MarshallSullivan@gmail.com','SullivanMarshall');
INSERT INTO Students VALUES (620067207,'UNDERGRAD','01-01-2020');
INSERT INTO Enrolled (u_id,courseCode) VALUES (620067207,'MATH1250'),(620067207,'CHEM2149'),(620067207,'MATH1262'),(620067207,'COMP1460'),(620067207,'COMP2651');
INSERT INTO Users VALUES (620067208,'Dorothy','Brock','DorothyBrock@gmail.com','BrockDorothy');
INSERT INTO Students VALUES (620067208,'UNDERGRAD','01-01-2020');
INSERT INTO Enrolled (u_id,courseCode) VALUES (620067208,'MATH2501'),(620067208,'MATH1578'),(620067208,'PHYS2238'),(620067208,'ECON1996');
INSERT INTO Users VALUES (620067209,'Magdalen','Vineyard','MagdalenVineyard@gmail.com','VineyardMagdalen');
INSERT INTO Students VALUES (620067209,'UNDERGRAD','01-01-2020');
INSERT INTO Enrolled (u_id,courseCode) VALUES (620067209,'CHEM3617'),(620067209,'INFO2797'),(620067209,'ECON1498');
INSERT INTO Users VALUES (620067210,'Dennis','Laramee','DennisLaramee@gmail.com','LarameeDennis');
INSERT INTO Students VALUES (620067210,'UNDERGRAD','01-01-2020');
INSERT INTO Enrolled (u_id,courseCode) VALUES (620067210,'MATH3844'),(620067210,'BIOC2054'),(620067210,'PHYS2338');
INSERT INTO Users VALUES (620067211,'Marcus','Shattuck','MarcusShattuck@gmail.com','ShattuckMarcus');
INSERT INTO Students VALUES (620067211,'UNDERGRAD','01-01-2020');
INSERT INTO Enrolled (u_id,courseCode) VALUES (620067211,'BIOC2054'),(620067211,'INFO3419'),(620067211,'BIOC1986'),(620067211,'PHYS3354'),(620067211,'CHEM2481');
INSERT INTO Users VALUES (620067212,'Vivian','Ott','VivianOtt@gmail.com','OttVivian');
INSERT INTO Students VALUES (620067212,'UNDERGRAD','01-01-2020');
INSERT INTO Enrolled (u_id,courseCode) VALUES (620067212,'MATH2501'),(620067212,'CHEM3614'),(620067212,'PHYS1993'),(620067212,'INFO3419');
INSERT INTO Users VALUES (620067213,'Celia','Barrett','CeliaBarrett@gmail.com','BarrettCelia');
INSERT INTO Students VALUES (620067213,'UNDERGRAD','01-01-2020');
INSERT INTO Enrolled (u_id,courseCode) VALUES (620067213,'MATH1454'),(620067213,'MATH1735'),(620067213,'BIOC1744'),(620067213,'MATH1638');
INSERT INTO Users VALUES (620067214,'Ladawn','Kimbrell','LadawnKimbrell@gmail.com','KimbrellLadawn');
INSERT INTO Students VALUES (620067214,'UNDERGRAD','01-01-2020');
INSERT INTO Enrolled (u_id,courseCode) VALUES (620067214,'ECON1996'),(620067214,'BIOC1725'),(620067214,'CHEM3347');
INSERT INTO Users VALUES (620067215,'Georgie','Brickey','GeorgieBrickey@gmail.com','BrickeyGeorgie');
INSERT INTO Students VALUES (620067215,'UNDERGRAD','01-01-2020');
INSERT INTO Enrolled (u_id,courseCode) VALUES (620067215,'INFO1648'),(620067215,'INFO2813'),(620067215,'PHYS1993'),(620067215,'COMP1867'),(620067215,'MATH2957');
INSERT INTO Users VALUES (620067216,'Rachel','Garrett','RachelGarrett@gmail.com','GarrettRachel');
INSERT INTO Students VALUES (620067216,'UNDERGRAD','01-01-2020');
INSERT INTO Enrolled (u_id,courseCode) VALUES (620067216,'ECON3523'),(620067216,'COMP2400'),(620067216,'BIOC1534'),(620067216,'PHYS3729'),(620067216,'ECON1783');
INSERT INTO Users VALUES (620067217,'Ernesto','Hamilton','ErnestoHamilton@gmail.com','HamiltonErnesto');
INSERT INTO Students VALUES (620067217,'UNDERGRAD','01-01-2020');
INSERT INTO Enrolled (u_id,courseCode) VALUES (620067217,'ECON3372'),(620067217,'INFO3868'),(620067217,'BIOC1104');
INSERT INTO Users VALUES (620067218,'Ashley','Coleman','AshleyColeman@gmail.com','ColemanAshley');
INSERT INTO Students VALUES (620067218,'UNDERGRAD','01-01-2020');
INSERT INTO Enrolled (u_id,courseCode) VALUES (620067218,'MATH3844'),(620067218,'BIOC3457'),(620067218,'COMP3536'),(620067218,'PHYS1979'),(620067218,'ECON3020');
INSERT INTO Users VALUES (620067219,'Shonda','Parker','ShondaParker@gmail.com','ParkerShonda');
INSERT INTO Students VALUES (620067219,'UNDERGRAD','01-01-2020');
INSERT INTO Enrolled (u_id,courseCode) VALUES (620067219,'MATH2188'),(620067219,'BIOC1485'),(620067219,'INFO1145');
INSERT INTO Users VALUES (620067220,'Anderson','Brickey','AndersonBrickey@gmail.com','BrickeyAnderson');
INSERT INTO Students VALUES (620067220,'UNDERGRAD','01-01-2020');
INSERT INTO Enrolled (u_id,courseCode) VALUES (620067220,'INFO2147'),(620067220,'MATH2188'),(620067220,'MATH2555'),(620067220,'PHYS2113'),(620067220,'INFO2797');
INSERT INTO Users VALUES (620067221,'Ashley','Flemming','AshleyFlemming@gmail.com','FlemmingAshley');
INSERT INTO Students VALUES (620067221,'UNDERGRAD','01-01-2020');
INSERT INTO Enrolled (u_id,courseCode) VALUES (620067221,'MATH1250'),(620067221,'COMP3849'),(620067221,'CHEM2727'),(620067221,'BIOC3457');
INSERT INTO Users VALUES (620067222,'Stanley','Lavoy','StanleyLavoy@gmail.com','LavoyStanley');
INSERT INTO Students VALUES (620067222,'UNDERGRAD','01-01-2020');
INSERT INTO Enrolled (u_id,courseCode) VALUES (620067222,'PHYS3290'),(620067222,'INFO2147'),(620067222,'BIOC2671');
INSERT INTO Users VALUES (620067223,'Juanita','Lopez','JuanitaLopez@gmail.com','LopezJuanita');
INSERT INTO Students VALUES (620067223,'UNDERGRAD','01-01-2020');
INSERT INTO Enrolled (u_id,courseCode) VALUES (620067223,'COMP1184'),(620067223,'COMP3536'),(620067223,'PHYS2306'),(620067223,'ECON1098');
INSERT INTO Users VALUES (620067224,'Lisa','Scully','LisaScully@gmail.com','ScullyLisa');
INSERT INTO Students VALUES (620067224,'UNDERGRAD','01-01-2020');
INSERT INTO Enrolled (u_id,courseCode) VALUES (620067224,'MATH1454'),(620067224,'PHYS2338'),(620067224,'ECON1645'),(620067224,'ECON3550'),(620067224,'MATH1735');
INSERT INTO Users VALUES (620067225,'Floyd','Sudduth','FloydSudduth@gmail.com','SudduthFloyd');
INSERT INTO Students VALUES (620067225,'UNDERGRAD','01-01-2020');
INSERT INTO Enrolled (u_id,courseCode) VALUES (620067225,'PHYS3787'),(620067225,'INFO1014'),(620067225,'MATH1309'),(620067225,'COMP3697'),(620067225,'ECON1498'),(620067225,'INFO2813');
INSERT INTO Users VALUES (620067226,'Dwayne','Barron','DwayneBarron@gmail.com','BarronDwayne');
INSERT INTO Students VALUES (620067226,'UNDERGRAD','01-01-2020');
INSERT INTO Enrolled (u_id,courseCode) VALUES (620067226,'ECON2814'),(620067226,'ECON1561'),(620067226,'ECON3228'),(620067226,'CHEM3793');
INSERT INTO Users VALUES (620067227,'Thomas','Rankin','ThomasRankin@gmail.com','RankinThomas');
INSERT INTO Students VALUES (620067227,'UNDERGRAD','01-01-2020');
INSERT INTO Enrolled (u_id,courseCode) VALUES (620067227,'INFO2950'),(620067227,'CHEM2697'),(620067227,'BIOC2983'),(620067227,'PHYS3464'),(620067227,'ECON2345'),(620067227,'CHEM2604');
INSERT INTO Users VALUES (620067228,'Marjorie','Chatcho','MarjorieChatcho@gmail.com','ChatchoMarjorie');
INSERT INTO Students VALUES (620067228,'UNDERGRAD','01-01-2020');
INSERT INTO Enrolled (u_id,courseCode) VALUES (620067228,'PHYS2229'),(620067228,'COMP1051'),(620067228,'ECON2345');
INSERT INTO Users VALUES (620067229,'Aaron','Hardman','AaronHardman@gmail.com','HardmanAaron');
INSERT INTO Students VALUES (620067229,'UNDERGRAD','01-01-2020');
INSERT INTO Enrolled (u_id,courseCode) VALUES (620067229,'ECON1230'),(620067229,'COMP2965'),(620067229,'BIOC1598'),(620067229,'MATH3222'),(620067229,'BIOC2671'),(620067229,'PHYS1140');
INSERT INTO Users VALUES (620067230,'Krista','Blackwell','KristaBlackwell@gmail.com','BlackwellKrista');
INSERT INTO Students VALUES (620067230,'UNDERGRAD','01-01-2020');
INSERT INTO Enrolled (u_id,courseCode) VALUES (620067230,'MATH1309'),(620067230,'BIOC2550'),(620067230,'INFO3645'),(620067230,'PHYS3052'),(620067230,'BIOC2671'),(620067230,'COMP3173');
INSERT INTO Users VALUES (620067231,'Roy','Swan','RoySwan@gmail.com','SwanRoy');
INSERT INTO Students VALUES (620067231,'UNDERGRAD','01-01-2020');
INSERT INTO Enrolled (u_id,courseCode) VALUES (620067231,'ECON3523'),(620067231,'ECON3288'),(620067231,'ECON3737'),(620067231,'CHEM1340');
INSERT INTO Users VALUES (620067232,'Susan','Ramlall','SusanRamlall@gmail.com','RamlallSusan');
INSERT INTO Students VALUES (620067232,'UNDERGRAD','01-01-2020');
INSERT INTO Enrolled (u_id,courseCode) VALUES (620067232,'COMP1543'),(620067232,'ECON1458'),(620067232,'COMP1573'),(620067232,'ECON1170'),(620067232,'MATH3857'),(620067232,'COMP3418');
INSERT INTO Users VALUES (620067233,'Antionette','Rodriguez','AntionetteRodriguez@gmail.com','RodriguezAntionette');
INSERT INTO Students VALUES (620067233,'UNDERGRAD','01-01-2020');
INSERT INTO Enrolled (u_id,courseCode) VALUES (620067233,'PHYS2451'),(620067233,'INFO1447'),(620067233,'COMP3685'),(620067233,'ECON1012'),(620067233,'CHEM3617'),(620067233,'ECON3311');
INSERT INTO Users VALUES (620067234,'Tanya','Woomer','TanyaWoomer@gmail.com','WoomerTanya');
INSERT INTO Students VALUES (620067234,'UNDERGRAD','01-01-2020');
INSERT INTO Enrolled (u_id,courseCode) VALUES (620067234,'INFO1014'),(620067234,'MATH1638'),(620067234,'BIOC1485'),(620067234,'INFO1990'),(620067234,'MATH3857');
INSERT INTO Users VALUES (620067235,'Brenda','Nighman','BrendaNighman@gmail.com','NighmanBrenda');
INSERT INTO Students VALUES (620067235,'UNDERGRAD','01-01-2020');
INSERT INTO Enrolled (u_id,courseCode) VALUES (620067235,'PHYS3787'),(620067235,'COMP1867'),(620067235,'BIOC1439'),(620067235,'ECON1012'),(620067235,'MATH3544');
INSERT INTO Users VALUES (620067236,'Warren','Crespo','WarrenCrespo@gmail.com','CrespoWarren');
INSERT INTO Students VALUES (620067236,'UNDERGRAD','01-01-2020');
INSERT INTO Enrolled (u_id,courseCode) VALUES (620067236,'PHYS2229'),(620067236,'CHEM3409'),(620067236,'COMP1051');
INSERT INTO Users VALUES (620067237,'Nathan','Grinstead','NathanGrinstead@gmail.com','GrinsteadNathan');
INSERT INTO Students VALUES (620067237,'UNDERGRAD','01-01-2020');
INSERT INTO Enrolled (u_id,courseCode) VALUES (620067237,'ECON2345'),(620067237,'ECON2703'),(620067237,'COMP1543'),(620067237,'ECON3288'),(620067237,'MATH2957'),(620067237,'BIOC2589');
INSERT INTO Users VALUES (620067238,'Shalanda','Maze','ShalandaMaze@gmail.com','MazeShalanda');
INSERT INTO Students VALUES (620067238,'UNDERGRAD','01-01-2020');
INSERT INTO Enrolled (u_id,courseCode) VALUES (620067238,'COMP3418'),(620067238,'ECON1170'),(620067238,'INFO2147'),(620067238,'CHEM3327'),(620067238,'CHEM2797'),(620067238,'MATH2801');
INSERT INTO Users VALUES (620067239,'Willard','Mcclanahan','WillardMcclanahan@gmail.com','McclanahanWillard');
INSERT INTO Students VALUES (620067239,'UNDERGRAD','01-01-2020');
INSERT INTO Enrolled (u_id,courseCode) VALUES (620067239,'CHEM2177'),(620067239,'CHEM2005'),(620067239,'PHYS3052'),(620067239,'COMP1543');
INSERT INTO Users VALUES (620067240,'Beverly','Withrow','BeverlyWithrow@gmail.com','WithrowBeverly');
INSERT INTO Students VALUES (620067240,'UNDERGRAD','01-01-2020');
INSERT INTO Enrolled (u_id,courseCode) VALUES (620067240,'INFO1990'),(620067240,'COMP2400'),(620067240,'ECON1498'),(620067240,'MATH1648'),(620067240,'CHEM3747'),(620067240,'MATH1735');
INSERT INTO Users VALUES (620067241,'Dorcas','Smith','DorcasSmith@gmail.com','SmithDorcas');
INSERT INTO Students VALUES (620067241,'UNDERGRAD','01-01-2020');
INSERT INTO Enrolled (u_id,courseCode) VALUES (620067241,'MATH1578'),(620067241,'CHEM2149'),(620067241,'BIOC3191'),(620067241,'BIOC1986'),(620067241,'COMP3506');
INSERT INTO Users VALUES (620067242,'Don','Finkenbinder','DonFinkenbinder@gmail.com','FinkenbinderDon');
INSERT INTO Students VALUES (620067242,'UNDERGRAD','01-01-2020');
INSERT INTO Enrolled (u_id,courseCode) VALUES (620067242,'MATH1262'),(620067242,'PHYS1993'),(620067242,'CHEM1807'),(620067242,'BIOC2550'),(620067242,'COMP3536'),(620067242,'CHEM3888');
INSERT INTO Users VALUES (620067243,'Vanessa','Christinsen','VanessaChristinsen@gmail.com','ChristinsenVanessa');
INSERT INTO Students VALUES (620067243,'UNDERGRAD','01-01-2020');
INSERT INTO Enrolled (u_id,courseCode) VALUES (620067243,'ECON3550'),(620067243,'COMP2080'),(620067243,'COMP3685'),(620067243,'CHEM1807');
INSERT INTO Users VALUES (620067244,'Hazel','Meisner','HazelMeisner@gmail.com','MeisnerHazel');
INSERT INTO Students VALUES (620067244,'UNDERGRAD','01-01-2020');
INSERT INTO Enrolled (u_id,courseCode) VALUES (620067244,'MATH3222'),(620067244,'INFO2860'),(620067244,'PHYS3052'),(620067244,'COMP3167'),(620067244,'CHEM3617'),(620067244,'COMP1867');
INSERT INTO Users VALUES (620067245,'Carolyn','Marshall','CarolynMarshall@gmail.com','MarshallCarolyn');
INSERT INTO Students VALUES (620067245,'UNDERGRAD','01-01-2020');
INSERT INTO Enrolled (u_id,courseCode) VALUES (620067245,'ECON1170'),(620067245,'BIOC2589'),(620067245,'COMP1573'),(620067245,'COMP3173'),(620067245,'BIOC2983'),(620067245,'PHYS1930');
INSERT INTO Users VALUES (620067246,'Jeffrey','Best','JeffreyBest@gmail.com','BestJeffrey');
INSERT INTO Students VALUES (620067246,'UNDERGRAD','01-01-2020');
INSERT INTO Enrolled (u_id,courseCode) VALUES (620067246,'ECON3550'),(620067246,'ECON1012'),(620067246,'MATH1972'),(620067246,'MATH2873'),(620067246,'ECON1783');
INSERT INTO Users VALUES (620067247,'Lori','Evans','LoriEvans@gmail.com','EvansLori');
INSERT INTO Students VALUES (620067247,'UNDERGRAD','01-01-2020');
INSERT INTO Enrolled (u_id,courseCode) VALUES (620067247,'MATH3209'),(620067247,'ECON2345'),(620067247,'ECON3989');
INSERT INTO Users VALUES (620067248,'Sheila','Petty','SheilaPetty@gmail.com','PettySheila');
INSERT INTO Students VALUES (620067248,'UNDERGRAD','01-01-2020');
INSERT INTO Enrolled (u_id,courseCode) VALUES (620067248,'MATH3179'),(620067248,'BIOC2983'),(620067248,'MATH1262'),(620067248,'PHYS3729');
INSERT INTO Users VALUES (620067249,'Dorothy','Chappell','DorothyChappell@gmail.com','ChappellDorothy');
INSERT INTO Students VALUES (620067249,'UNDERGRAD','01-01-2020');
INSERT INTO Enrolled (u_id,courseCode) VALUES (620067249,'COMP2541'),(620067249,'BIOC1052'),(620067249,'INFO1833');
INSERT INTO Users VALUES (620067250,'Geoffrey','Walley','GeoffreyWalley@gmail.com','WalleyGeoffrey');
INSERT INTO Students VALUES (620067250,'UNDERGRAD','01-01-2020');
INSERT INTO Enrolled (u_id,courseCode) VALUES (620067250,'BIOC1534'),(620067250,'COMP3084'),(620067250,'COMP1184'),(620067250,'INFO1825'),(620067250,'PHYS1993');
INSERT INTO Users VALUES (620067251,'Willie','Carlos','WillieCarlos@gmail.com','CarlosWillie');
INSERT INTO Students VALUES (620067251,'UNDERGRAD','01-01-2020');
INSERT INTO Enrolled (u_id,courseCode) VALUES (620067251,'INFO2213'),(620067251,'MATH3173'),(620067251,'ECON2722'),(620067251,'COMP1184'),(620067251,'BIOC1910'),(620067251,'COMP3238');
INSERT INTO Users VALUES (620067252,'Ashleigh','Carrington','AshleighCarrington@gmail.com','CarringtonAshleigh');
INSERT INTO Students VALUES (620067252,'UNDERGRAD','01-01-2020');
INSERT INTO Enrolled (u_id,courseCode) VALUES (620067252,'COMP3746'),(620067252,'ECON1230'),(620067252,'INFO1447'),(620067252,'COMP2400');
INSERT INTO Users VALUES (620067253,'Howard','Blevins','HowardBlevins@gmail.com','BlevinsHoward');
INSERT INTO Students VALUES (620067253,'UNDERGRAD','01-01-2020');
INSERT INTO Enrolled (u_id,courseCode) VALUES (620067253,'PHYS3686'),(620067253,'PHYS2117'),(620067253,'COMP2651');
INSERT INTO Users VALUES (620067254,'Nan','Tallent','NanTallent@gmail.com','TallentNan');
INSERT INTO Students VALUES (620067254,'UNDERGRAD','01-01-2020');
INSERT INTO Enrolled (u_id,courseCode) VALUES (620067254,'PHYS3290'),(620067254,'CHEM3327'),(620067254,'INFO1990'),(620067254,'CHEM3617'),(620067254,'INFO3935'),(620067254,'CHEM2481');
INSERT INTO Users VALUES (620067255,'Francisca','Shattuck','FranciscaShattuck@gmail.com','ShattuckFrancisca');
INSERT INTO Students VALUES (620067255,'UNDERGRAD','01-01-2020');
INSERT INTO Enrolled (u_id,courseCode) VALUES (620067255,'CHEM3747'),(620067255,'COMP3238'),(620067255,'MATH2550'),(620067255,'COMP3746'),(620067255,'BIOC1986'),(620067255,'INFO3645');
INSERT INTO Users VALUES (620067256,'Francisca','Martin','FranciscaMartin@gmail.com','MartinFrancisca');
INSERT INTO Students VALUES (620067256,'UNDERGRAD','01-01-2020');
INSERT INTO Enrolled (u_id,courseCode) VALUES (620067256,'INFO1145'),(620067256,'MATH3857'),(620067256,'ECON3085');
INSERT INTO Users VALUES (620067257,'David','Gilman','DavidGilman@gmail.com','GilmanDavid');
INSERT INTO Students VALUES (620067257,'UNDERGRAD','01-01-2020');
INSERT INTO Enrolled (u_id,courseCode) VALUES (620067257,'PHYS3876'),(620067257,'ECON3447'),(620067257,'PHYS3290');
INSERT INTO Users VALUES (620067258,'Douglas','Heckstall','DouglasHeckstall@gmail.com','HeckstallDouglas');
INSERT INTO Students VALUES (620067258,'UNDERGRAD','01-01-2020');
INSERT INTO Enrolled (u_id,courseCode) VALUES (620067258,'PHYS1979'),(620067258,'INFO2213'),(620067258,'COMP3084'),(620067258,'COMP2541');
INSERT INTO Users VALUES (620067259,'Louis','Pedersen','LouisPedersen@gmail.com','PedersenLouis');
INSERT INTO Students VALUES (620067259,'UNDERGRAD','01-01-2020');
INSERT INTO Enrolled (u_id,courseCode) VALUES (620067259,'ECON3276'),(620067259,'INFO2860'),(620067259,'MATH2550'),(620067259,'ECON1561');
INSERT INTO Users VALUES (620067260,'Ruth','Meraz','RuthMeraz@gmail.com','MerazRuth');
INSERT INTO Students VALUES (620067260,'UNDERGRAD','01-01-2020');
INSERT INTO Enrolled (u_id,courseCode) VALUES (620067260,'MATH1972'),(620067260,'COMP2965'),(620067260,'BIOC1910'),(620067260,'COMP3697');
INSERT INTO Users VALUES (620067261,'Cynthia','Myrick','CynthiaMyrick@gmail.com','MyrickCynthia');
INSERT INTO Students VALUES (620067261,'UNDERGRAD','01-01-2020');
INSERT INTO Enrolled (u_id,courseCode) VALUES (620067261,'BIOC1725'),(620067261,'COMP3697'),(620067261,'PHYS2448'),(620067261,'ECON1170'),(620067261,'MATH2873'),(620067261,'ECON3311');
INSERT INTO Users VALUES (620067262,'Samuel','Dohse','SamuelDohse@gmail.com','DohseSamuel');
INSERT INTO Students VALUES (620067262,'UNDERGRAD','01-01-2020');
INSERT INTO Enrolled (u_id,courseCode) VALUES (620067262,'MATH2717'),(620067262,'BIOC2054'),(620067262,'COMP1867'),(620067262,'ECON1230'),(620067262,'PHYS2113');
INSERT INTO Users VALUES (620067263,'Rick','Rodriguez','RickRodriguez@gmail.com','RodriguezRick');
INSERT INTO Students VALUES (620067263,'UNDERGRAD','01-01-2020');
INSERT INTO Enrolled (u_id,courseCode) VALUES (620067263,'INFO3603'),(620067263,'ECON3311'),(620067263,'CHEM2031'),(620067263,'MATH3179'),(620067263,'MATH3222'),(620067263,'PHYS3464');
INSERT INTO Users VALUES (620067264,'Lilla','Porter','LillaPorter@gmail.com','PorterLilla');
INSERT INTO Students VALUES (620067264,'UNDERGRAD','01-01-2020');
INSERT INTO Enrolled (u_id,courseCode) VALUES (620067264,'CHEM3617'),(620067264,'INFO2797'),(620067264,'PHYS2113');
INSERT INTO Users VALUES (620067265,'Milton','Hunt','MiltonHunt@gmail.com','HuntMilton');
INSERT INTO Students VALUES (620067265,'UNDERGRAD','01-01-2020');
INSERT INTO Enrolled (u_id,courseCode) VALUES (620067265,'BIOC1448'),(620067265,'MATH2717'),(620067265,'CHEM2066'),(620067265,'ECON2703'),(620067265,'BIOC3230');
INSERT INTO Users VALUES (620067266,'Katie','Washinski','KatieWashinski@gmail.com','WashinskiKatie');
INSERT INTO Students VALUES (620067266,'UNDERGRAD','01-01-2020');
INSERT INTO Enrolled (u_id,courseCode) VALUES (620067266,'INFO1825'),(620067266,'BIOC1448'),(620067266,'MATH3222'),(620067266,'PHYS1173');
INSERT INTO Users VALUES (620067267,'Justin','Orchard','JustinOrchard@gmail.com','OrchardJustin');
INSERT INTO Students VALUES (620067267,'UNDERGRAD','01-01-2020');
INSERT INTO Enrolled (u_id,courseCode) VALUES (620067267,'CHEM2066'),(620067267,'PHYS2977'),(620067267,'INFO1014'),(620067267,'INFO1145'),(620067267,'BIOC1534'),(620067267,'COMP3047');
INSERT INTO Users VALUES (620067268,'Kenneth','Flemming','KennethFlemming@gmail.com','FlemmingKenneth');
INSERT INTO Students VALUES (620067268,'UNDERGRAD','01-01-2020');
INSERT INTO Enrolled (u_id,courseCode) VALUES (620067268,'COMP3746'),(620067268,'INFO2337'),(620067268,'INFO2811');
INSERT INTO Users VALUES (620067269,'Robert','Gilman','RobertGilman@gmail.com','GilmanRobert');
INSERT INTO Students VALUES (620067269,'UNDERGRAD','01-01-2020');
INSERT INTO Enrolled (u_id,courseCode) VALUES (620067269,'BIOC1052'),(620067269,'PHYS2977'),(620067269,'ECON3372');
INSERT INTO Users VALUES (620067270,'Bethany','Horth','BethanyHorth@gmail.com','HorthBethany');
INSERT INTO Students VALUES (620067270,'UNDERGRAD','01-01-2020');
INSERT INTO Enrolled (u_id,courseCode) VALUES (620067270,'MATH1972'),(620067270,'COMP2400'),(620067270,'BIOC2671');
INSERT INTO Users VALUES (620067271,'Sharon','Wood','SharonWood@gmail.com','WoodSharon');
INSERT INTO Students VALUES (620067271,'UNDERGRAD','01-01-2020');
INSERT INTO Enrolled (u_id,courseCode) VALUES (620067271,'ECON3020'),(620067271,'PHYS3686'),(620067271,'INFO3636'),(620067271,'CHEM2065'),(620067271,'INFO2950'),(620067271,'ECON3550');
INSERT INTO Users VALUES (620067272,'Justin','Jeanbaptiste','JustinJeanbaptiste@gmail.com','JeanbaptisteJustin');
INSERT INTO Students VALUES (620067272,'UNDERGRAD','01-01-2020');
INSERT INTO Enrolled (u_id,courseCode) VALUES (620067272,'ECON2814'),(620067272,'INFO1833'),(620067272,'ECON3288'),(620067272,'INFO1242');
INSERT INTO Users VALUES (620067273,'Randy','Starks','RandyStarks@gmail.com','StarksRandy');
INSERT INTO Students VALUES (620067273,'UNDERGRAD','01-01-2020');
INSERT INTO Enrolled (u_id,courseCode) VALUES (620067273,'CHEM1485'),(620067273,'BIOC2671'),(620067273,'COMP3685');
INSERT INTO Users VALUES (620067274,'Shirley','Lamar','ShirleyLamar@gmail.com','LamarShirley');
INSERT INTO Students VALUES (620067274,'UNDERGRAD','01-01-2020');
INSERT INTO Enrolled (u_id,courseCode) VALUES (620067274,'BIOC1910'),(620067274,'ECON2345'),(620067274,'COMP2651');
INSERT INTO Users VALUES (620067275,'Dominick','Allen','DominickAllen@gmail.com','AllenDominick');
INSERT INTO Students VALUES (620067275,'UNDERGRAD','01-01-2020');
INSERT INTO Enrolled (u_id,courseCode) VALUES (620067275,'PHYS3339'),(620067275,'CHEM2481'),(620067275,'COMP3238'),(620067275,'ECON3523');
INSERT INTO Users VALUES (620067276,'Randy','Ryan','RandyRyan@gmail.com','RyanRandy');
INSERT INTO Students VALUES (620067276,'UNDERGRAD','01-01-2020');
INSERT INTO Enrolled (u_id,courseCode) VALUES (620067276,'INFO1825'),(620067276,'ECON2814'),(620067276,'BIOC1104'),(620067276,'INFO1145'),(620067276,'CHEM1340');
INSERT INTO Users VALUES (620067277,'Joyce','Walker','JoyceWalker@gmail.com','WalkerJoyce');
INSERT INTO Students VALUES (620067277,'UNDERGRAD','01-01-2020');
INSERT INTO Enrolled (u_id,courseCode) VALUES (620067277,'PHYS3052'),(620067277,'ECON3276'),(620067277,'MATH1972'),(620067277,'CHEM2797'),(620067277,'ECON3737');
INSERT INTO Users VALUES (620067278,'George','Steere','GeorgeSteere@gmail.com','SteereGeorge');
INSERT INTO Students VALUES (620067278,'UNDERGRAD','01-01-2020');
INSERT INTO Enrolled (u_id,courseCode) VALUES (620067278,'CHEM2867'),(620067278,'BIOC3721'),(620067278,'ECON1230');
INSERT INTO Users VALUES (620067279,'Warren','Fuller','WarrenFuller@gmail.com','FullerWarren');
INSERT INTO Students VALUES (620067279,'UNDERGRAD','01-01-2020');
INSERT INTO Enrolled (u_id,courseCode) VALUES (620067279,'INFO2559'),(620067279,'PHYS2563'),(620067279,'INFO2521'),(620067279,'PHYS1930'),(620067279,'MATH3179'),(620067279,'INFO1014');
INSERT INTO Users VALUES (620067280,'Wanda','White','WandaWhite@gmail.com','WhiteWanda');
INSERT INTO Students VALUES (620067280,'UNDERGRAD','01-01-2020');
INSERT INTO Enrolled (u_id,courseCode) VALUES (620067280,'ECON3737'),(620067280,'CHEM1807'),(620067280,'INFO1825'),(620067280,'INFO2337'),(620067280,'MATH2873'),(620067280,'ECON3276');
INSERT INTO Users VALUES (620067281,'Walter','Nunn','WalterNunn@gmail.com','NunnWalter');
INSERT INTO Students VALUES (620067281,'UNDERGRAD','01-01-2020');
INSERT INTO Enrolled (u_id,courseCode) VALUES (620067281,'ECON2703'),(620067281,'PHYS2238'),(620067281,'MATH3222'),(620067281,'PHYS2448');
INSERT INTO Users VALUES (620067282,'Juan','Noonan','JuanNoonan@gmail.com','NoonanJuan');
INSERT INTO Students VALUES (620067282,'UNDERGRAD','01-01-2020');
INSERT INTO Enrolled (u_id,courseCode) VALUES (620067282,'COMP1051'),(620067282,'INFO1447'),(620067282,'MATH3059'),(620067282,'BIOC2550');
INSERT INTO Users VALUES (620067283,'Charlotte','Ott','CharlotteOtt@gmail.com','OttCharlotte');
INSERT INTO Students VALUES (620067283,'UNDERGRAD','01-01-2020');
INSERT INTO Enrolled (u_id,courseCode) VALUES (620067283,'COMP3084'),(620067283,'MATH3613'),(620067283,'CHEM2697'),(620067283,'CHEM3793');
INSERT INTO Users VALUES (620067284,'Shirley','Russ','ShirleyRuss@gmail.com','RussShirley');
INSERT INTO Students VALUES (620067284,'UNDERGRAD','01-01-2020');
INSERT INTO Enrolled (u_id,courseCode) VALUES (620067284,'COMP1573'),(620067284,'PHYS3729'),(620067284,'CHEM3347'),(620067284,'PHYS3787'),(620067284,'MATH1148'),(620067284,'PHYS2113');
INSERT INTO Users VALUES (620067285,'Francisca','Bras','FranciscaBras@gmail.com','BrasFrancisca');
INSERT INTO Students VALUES (620067285,'UNDERGRAD','01-01-2020');
INSERT INTO Enrolled (u_id,courseCode) VALUES (620067285,'BIOC1910'),(620067285,'COMP1051'),(620067285,'INFO1145');
INSERT INTO Users VALUES (620067286,'Toby','Vargas','TobyVargas@gmail.com','VargasToby');
INSERT INTO Students VALUES (620067286,'UNDERGRAD','01-01-2020');
INSERT INTO Enrolled (u_id,courseCode) VALUES (620067286,'PHYS3290'),(620067286,'INFO2213'),(620067286,'INFO3645'),(620067286,'INFO3868'),(620067286,'MATH1148');
INSERT INTO Users VALUES (620067287,'Cristina','Banks','CristinaBanks@gmail.com','BanksCristina');
INSERT INTO Students VALUES (620067287,'UNDERGRAD','01-01-2020');
INSERT INTO Enrolled (u_id,courseCode) VALUES (620067287,'ECON1458'),(620067287,'CHEM2626'),(620067287,'COMP2361');
INSERT INTO Users VALUES (620067288,'John','Charland','JohnCharland@gmail.com','CharlandJohn');
INSERT INTO Students VALUES (620067288,'UNDERGRAD','01-01-2020');
INSERT INTO Enrolled (u_id,courseCode) VALUES (620067288,'CHEM3617'),(620067288,'BIOC1052'),(620067288,'MATH1638'),(620067288,'MATH2801'),(620067288,'CHEM2065'),(620067288,'COMP2651');
INSERT INTO Users VALUES (620067289,'Wendell','Krause','WendellKrause@gmail.com','KrauseWendell');
INSERT INTO Students VALUES (620067289,'UNDERGRAD','01-01-2020');
INSERT INTO Enrolled (u_id,courseCode) VALUES (620067289,'BIOC1744'),(620067289,'COMP1867'),(620067289,'COMP2651'),(620067289,'MATH3029');
INSERT INTO Users VALUES (620067290,'Ernesto','Lowrey','ErnestoLowrey@gmail.com','LowreyErnesto');
INSERT INTO Students VALUES (620067290,'UNDERGRAD','01-01-2020');
INSERT INTO Enrolled (u_id,courseCode) VALUES (620067290,'CHEM2066'),(620067290,'COMP3047'),(620067290,'PHYS3290'),(620067290,'ECON1098'),(620067290,'PHYS1399'),(620067290,'BIOC3191');
INSERT INTO Users VALUES (620067291,'Ralph','Ekberg','RalphEkberg@gmail.com','EkbergRalph');
INSERT INTO Students VALUES (620067291,'UNDERGRAD','01-01-2020');
INSERT INTO Enrolled (u_id,courseCode) VALUES (620067291,'BIOC1744'),(620067291,'PHYS2563'),(620067291,'ECON2703'),(620067291,'CHEM2697');
INSERT INTO Users VALUES (620067292,'Aaron','Lopez','AaronLopez@gmail.com','LopezAaron');
INSERT INTO Students VALUES (620067292,'UNDERGRAD','01-01-2020');
INSERT INTO Enrolled (u_id,courseCode) VALUES (620067292,'COMP3238'),(620067292,'PHYS1930'),(620067292,'BIOC1986'),(620067292,'COMP2717'),(620067292,'CHEM3888');
INSERT INTO Users VALUES (620067293,'Nan','Blevins','NanBlevins@gmail.com','BlevinsNan');
INSERT INTO Students VALUES (620067293,'UNDERGRAD','01-01-2020');
INSERT INTO Enrolled (u_id,courseCode) VALUES (620067293,'BIOC3230'),(620067293,'MATH1309'),(620067293,'MATH2067'),(620067293,'BIOC1052'),(620067293,'INFO3935');
INSERT INTO Users VALUES (620067294,'Michelle','Bowerman','MichelleBowerman@gmail.com','BowermanMichelle');
INSERT INTO Students VALUES (620067294,'UNDERGRAD','01-01-2020');
INSERT INTO Enrolled (u_id,courseCode) VALUES (620067294,'INFO1242'),(620067294,'PHYS3787'),(620067294,'COMP1573'),(620067294,'MATH3209');
INSERT INTO Users VALUES (620067295,'Kendra','Golden','KendraGolden@gmail.com','GoldenKendra');
INSERT INTO Students VALUES (620067295,'UNDERGRAD','01-01-2020');
INSERT INTO Enrolled (u_id,courseCode) VALUES (620067295,'INFO3636'),(620067295,'INFO1447'),(620067295,'INFO1825'),(620067295,'MATH2717'),(620067295,'MATH2801'),(620067295,'BIOC1910');
INSERT INTO Users VALUES (620067296,'Shannon','Nighman','ShannonNighman@gmail.com','NighmanShannon');
INSERT INTO Students VALUES (620067296,'UNDERGRAD','01-01-2020');
INSERT INTO Enrolled (u_id,courseCode) VALUES (620067296,'PHYS2229'),(620067296,'ECON3523'),(620067296,'INFO2213'),(620067296,'BIOC1448');
INSERT INTO Users VALUES (620067297,'Rhoda','Hernandez','RhodaHernandez@gmail.com','HernandezRhoda');
INSERT INTO Students VALUES (620067297,'UNDERGRAD','01-01-2020');
INSERT INTO Enrolled (u_id,courseCode) VALUES (620067297,'COMP3697'),(620067297,'COMP2965'),(620067297,'PHYS3659'),(620067297,'CHEM2031');
INSERT INTO Users VALUES (620067298,'Danielle','Harness','DanielleHarness@gmail.com','HarnessDanielle');
INSERT INTO Students VALUES (620067298,'UNDERGRAD','01-01-2020');
INSERT INTO Enrolled (u_id,courseCode) VALUES (620067298,'MATH3844'),(620067298,'INFO1014'),(620067298,'PHYS1993');
INSERT INTO Users VALUES (620067299,'Paul','Sniezek','PaulSniezek@gmail.com','SniezekPaul');
INSERT INTO Students VALUES (620067299,'UNDERGRAD','01-01-2020');
INSERT INTO Enrolled (u_id,courseCode) VALUES (620067299,'BIOC3191'),(620067299,'BIOC2550'),(620067299,'PHYS2238'),(620067299,'ECON1589'),(620067299,'ECON3523'),(620067299,'PHYS2306');
INSERT INTO Users VALUES (620067300,'Geraldine','Miraglia','GeraldineMiraglia@gmail.com','MiragliaGeraldine');
INSERT INTO Students VALUES (620067300,'UNDERGRAD','01-01-2020');
INSERT INTO Enrolled (u_id,courseCode) VALUES (620067300,'BIOC1986'),(620067300,'BIOC2589'),(620067300,'ECON3281'),(620067300,'COMP3084'),(620067300,'CHEM1485'),(620067300,'CHEM2149');
INSERT INTO Users VALUES (620067301,'Holly','Orchard','HollyOrchard@gmail.com','OrchardHolly');
INSERT INTO Students VALUES (620067301,'UNDERGRAD','01-01-2020');
INSERT INTO Enrolled (u_id,courseCode) VALUES (620067301,'COMP3084'),(620067301,'PHYS2667'),(620067301,'COMP2077'),(620067301,'ECON2722');
INSERT INTO Users VALUES (620067302,'Greg','Blackwell','GregBlackwell@gmail.com','BlackwellGreg');
INSERT INTO Students VALUES (620067302,'UNDERGRAD','01-01-2020');
INSERT INTO Enrolled (u_id,courseCode) VALUES (620067302,'INFO3636'),(620067302,'PHYS3339'),(620067302,'COMP2541'),(620067302,'ECON3523'),(620067302,'ECON3311');
INSERT INTO Users VALUES (620067303,'Alice','Stovall','AliceStovall@gmail.com','StovallAlice');
INSERT INTO Students VALUES (620067303,'UNDERGRAD','01-01-2020');
INSERT INTO Enrolled (u_id,courseCode) VALUES (620067303,'MATH2501'),(620067303,'INFO2337'),(620067303,'CHEM3327');
INSERT INTO Users VALUES (620067304,'Jewell','Dillis','JewellDillis@gmail.com','DillisJewell');
INSERT INTO Students VALUES (620067304,'UNDERGRAD','01-01-2020');
INSERT INTO Enrolled (u_id,courseCode) VALUES (620067304,'BIOC2983'),(620067304,'INFO3935'),(620067304,'CHEM2446');
INSERT INTO Users VALUES (620067305,'Kendra','Carlson','KendraCarlson@gmail.com','CarlsonKendra');
INSERT INTO Students VALUES (620067305,'UNDERGRAD','01-01-2020');
INSERT INTO Enrolled (u_id,courseCode) VALUES (620067305,'CHEM3347'),(620067305,'COMP3506'),(620067305,'CHEM2065'),(620067305,'CHEM3614');
INSERT INTO Users VALUES (620067306,'Bernard','Sniezek','BernardSniezek@gmail.com','SniezekBernard');
INSERT INTO Students VALUES (620067306,'UNDERGRAD','01-01-2020');
INSERT INTO Enrolled (u_id,courseCode) VALUES (620067306,'COMP1357'),(620067306,'BIOC2983'),(620067306,'PHYS2977'),(620067306,'CHEM2697'),(620067306,'INFO2270'),(620067306,'PHYS2451');
INSERT INTO Users VALUES (620067307,'William','Noggle','WilliamNoggle@gmail.com','NoggleWilliam');
INSERT INTO Students VALUES (620067307,'UNDERGRAD','01-01-2020');
INSERT INTO Enrolled (u_id,courseCode) VALUES (620067307,'CHEM2727'),(620067307,'CHEM1613'),(620067307,'BIOC1104'),(620067307,'MATH3544'),(620067307,'CHEM2005');
INSERT INTO Users VALUES (620067308,'Roy','Shattuck','RoyShattuck@gmail.com','ShattuckRoy');
INSERT INTO Students VALUES (620067308,'UNDERGRAD','01-01-2020');
INSERT INTO Enrolled (u_id,courseCode) VALUES (620067308,'BIOC2236'),(620067308,'CHEM2604'),(620067308,'ECON1589');
INSERT INTO Users VALUES (620067309,'Robert','Robertson','RobertRobertson@gmail.com','RobertsonRobert');
INSERT INTO Students VALUES (620067309,'UNDERGRAD','01-01-2020');
INSERT INTO Enrolled (u_id,courseCode) VALUES (620067309,'CHEM3614'),(620067309,'ECON2345'),(620067309,'CHEM1340'),(620067309,'CHEM2149'),(620067309,'INFO2337');
INSERT INTO Users VALUES (620067310,'Charlotte','Mchenry','CharlotteMchenry@gmail.com','MchenryCharlotte');
INSERT INTO Students VALUES (620067310,'UNDERGRAD','01-01-2020');
INSERT INTO Enrolled (u_id,courseCode) VALUES (620067310,'PHYS2563'),(620067310,'CHEM2626'),(620067310,'PHYS3659');
INSERT INTO Users VALUES (620067311,'Catherine','Richardson','CatherineRichardson@gmail.com','RichardsonCatherine');
INSERT INTO Students VALUES (620067311,'UNDERGRAD','01-01-2020');
INSERT INTO Enrolled (u_id,courseCode) VALUES (620067311,'BIOC1910'),(620067311,'ECON3989'),(620067311,'ECON3281'),(620067311,'PHYS1399'),(620067311,'CHEM2481'),(620067311,'COMP2717');
INSERT INTO Users VALUES (620067312,'Vernon','Hardman','VernonHardman@gmail.com','HardmanVernon');
INSERT INTO Students VALUES (620067312,'UNDERGRAD','01-01-2020');
INSERT INTO Enrolled (u_id,courseCode) VALUES (620067312,'MATH1250'),(620067312,'MATH1309'),(620067312,'CHEM1494'),(620067312,'INFO1145'),(620067312,'PHYS3339'),(620067312,'PHYS2338');
INSERT INTO Users VALUES (620067313,'Geraldine','Woomer','GeraldineWoomer@gmail.com','WoomerGeraldine');
INSERT INTO Students VALUES (620067313,'UNDERGRAD','01-01-2020');
INSERT INTO Enrolled (u_id,courseCode) VALUES (620067313,'BIOC1164'),(620067313,'BIOC3457'),(620067313,'CHEM2797'),(620067313,'INFO2716'),(620067313,'ECON3228'),(620067313,'COMP2080');
INSERT INTO Users VALUES (620067314,'Gabriel','Gaffney','GabrielGaffney@gmail.com','GaffneyGabriel');
INSERT INTO Students VALUES (620067314,'UNDERGRAD','01-01-2020');
INSERT INTO Enrolled (u_id,courseCode) VALUES (620067314,'INFO1014'),(620067314,'CHEM1613'),(620067314,'ECON3020'),(620067314,'PHYS2117'),(620067314,'BIOC2550');
INSERT INTO Users VALUES (620067315,'Paul','Griffin','PaulGriffin@gmail.com','GriffinPaul');
INSERT INTO Students VALUES (620067315,'UNDERGRAD','01-01-2020');
INSERT INTO Enrolled (u_id,courseCode) VALUES (620067315,'PHYS2238'),(620067315,'BIOC3230'),(620067315,'INFO3868'),(620067315,'BIOC1725');
INSERT INTO Users VALUES (620067316,'Rick','Orchard','RickOrchard@gmail.com','OrchardRick');
INSERT INTO Students VALUES (620067316,'UNDERGRAD','01-01-2020');
INSERT INTO Enrolled (u_id,courseCode) VALUES (620067316,'ECON1012'),(620067316,'CHEM3747'),(620067316,'CHEM3409');
INSERT INTO Users VALUES (620067317,'Martin','Atkins','MartinAtkins@gmail.com','AtkinsMartin');
INSERT INTO Students VALUES (620067317,'UNDERGRAD','01-01-2020');
INSERT INTO Enrolled (u_id,courseCode) VALUES (620067317,'ECON3276'),(620067317,'ECON3311'),(620067317,'ECON1589'),(620067317,'MATH1972'),(620067317,'PHYS2563'),(620067317,'MATH3222');
INSERT INTO Users VALUES (620067318,'Agnes','Taylor','AgnesTaylor@gmail.com','TaylorAgnes');
INSERT INTO Students VALUES (620067318,'UNDERGRAD','01-01-2020');
INSERT INTO Enrolled (u_id,courseCode) VALUES (620067318,'PHYS3290'),(620067318,'BIOC1725'),(620067318,'BIOC1164');
INSERT INTO Users VALUES (620067319,'Anderson','Nerbonne','AndersonNerbonne@gmail.com','NerbonneAnderson');
INSERT INTO Students VALUES (620067319,'UNDERGRAD','01-01-2020');
INSERT INTO Enrolled (u_id,courseCode) VALUES (620067319,'ECON3447'),(620067319,'ECON3989'),(620067319,'CHEM1494'),(620067319,'INFO2270');
INSERT INTO Users VALUES (620067320,'Cherise','Moore','CheriseMoore@gmail.com','MooreCherise');
INSERT INTO Students VALUES (620067320,'UNDERGRAD','01-01-2020');
INSERT INTO Enrolled (u_id,courseCode) VALUES (620067320,'CHEM3617'),(620067320,'BIOC2671'),(620067320,'BIOC2054'),(620067320,'INFO2147');
INSERT INTO Users VALUES (620067321,'Laila','Turkus','LailaTurkus@gmail.com','TurkusLaila');
INSERT INTO Students VALUES (620067321,'UNDERGRAD','01-01-2020');
INSERT INTO Enrolled (u_id,courseCode) VALUES (620067321,'BIOC3721'),(620067321,'PHYS2448'),(620067321,'INFO2147'),(620067321,'CHEM2797');
INSERT INTO Users VALUES (620067322,'Joy','Mchenry','JoyMchenry@gmail.com','MchenryJoy');
INSERT INTO Students VALUES (620067322,'UNDERGRAD','01-01-2020');
INSERT INTO Enrolled (u_id,courseCode) VALUES (620067322,'COMP3697'),(620067322,'COMP3849'),(620067322,'CHEM2481');
INSERT INTO Users VALUES (620067323,'Cliff','Barnett','CliffBarnett@gmail.com','BarnettCliff');
INSERT INTO Students VALUES (620067323,'UNDERGRAD','01-01-2020');
INSERT INTO Enrolled (u_id,courseCode) VALUES (620067323,'MATH2501'),(620067323,'MATH1648'),(620067323,'MATH3688');
INSERT INTO Users VALUES (620067324,'Wayne','Gondek','WayneGondek@gmail.com','GondekWayne');
INSERT INTO Students VALUES (620067324,'UNDERGRAD','01-01-2020');
INSERT INTO Enrolled (u_id,courseCode) VALUES (620067324,'COMP1184'),(620067324,'BIOC1448'),(620067324,'PHYS3686'),(620067324,'CHEM3327');
INSERT INTO Users VALUES (620067325,'Carlos','Cash','CarlosCash@gmail.com','CashCarlos');
INSERT INTO Students VALUES (620067325,'UNDERGRAD','01-01-2020');
INSERT INTO Enrolled (u_id,courseCode) VALUES (620067325,'MATH1638'),(620067325,'MATH3059'),(620067325,'MATH1454');
INSERT INTO Users VALUES (620067326,'Ruth','Wilbanks','RuthWilbanks@gmail.com','WilbanksRuth');
INSERT INTO Students VALUES (620067326,'UNDERGRAD','01-01-2020');
INSERT INTO Enrolled (u_id,courseCode) VALUES (620067326,'INFO3419'),(620067326,'PHYS2338'),(620067326,'PHYS1930'),(620067326,'ECON3372'),(620067326,'INFO2813');
INSERT INTO Users VALUES (620067327,'Iris','Madsen','IrisMadsen@gmail.com','MadsenIris');
INSERT INTO Students VALUES (620067327,'UNDERGRAD','01-01-2020');
INSERT INTO Enrolled (u_id,courseCode) VALUES (620067327,'PHYS1930'),(620067327,'CHEM2177'),(620067327,'COMP1051'),(620067327,'ECON1645'),(620067327,'INFO2270');
INSERT INTO Users VALUES (620067328,'Gilbert','Lauritsen','GilbertLauritsen@gmail.com','LauritsenGilbert');
INSERT INTO Students VALUES (620067328,'UNDERGRAD','01-01-2020');
INSERT INTO Enrolled (u_id,courseCode) VALUES (620067328,'COMP3047'),(620067328,'COMP2400'),(620067328,'CHEM3327'),(620067328,'ECON3523'),(620067328,'COMP2541'),(620067328,'ECON3372');
INSERT INTO Users VALUES (620067329,'Alfred','Christinsen','AlfredChristinsen@gmail.com','ChristinsenAlfred');
INSERT INTO Students VALUES (620067329,'UNDERGRAD','01-01-2020');
INSERT INTO Enrolled (u_id,courseCode) VALUES (620067329,'BIOC1052'),(620067329,'INFO2559'),(620067329,'PHYS2306'),(620067329,'MATH1578'),(620067329,'BIOC2550'),(620067329,'PHYS2113');
INSERT INTO Users VALUES (620067330,'Thomas','Truitt','ThomasTruitt@gmail.com','TruittThomas');
INSERT INTO Students VALUES (620067330,'UNDERGRAD','01-01-2020');
INSERT INTO Enrolled (u_id,courseCode) VALUES (620067330,'BIOC2550'),(620067330,'CHEM3409'),(620067330,'ECON1589'),(620067330,'COMP3639');
INSERT INTO Users VALUES (620067331,'Betty','Kimbrell','BettyKimbrell@gmail.com','KimbrellBetty');
INSERT INTO Students VALUES (620067331,'UNDERGRAD','01-01-2020');
INSERT INTO Enrolled (u_id,courseCode) VALUES (620067331,'INFO1833'),(620067331,'BIOC1104'),(620067331,'PHYS2113'),(620067331,'COMP1573'),(620067331,'COMP2541'),(620067331,'COMP3849');
INSERT INTO Users VALUES (620067332,'Chris','Robinson','ChrisRobinson@gmail.com','RobinsonChris');
INSERT INTO Students VALUES (620067332,'UNDERGRAD','01-01-2020');
INSERT INTO Enrolled (u_id,courseCode) VALUES (620067332,'MATH1309'),(620067332,'INFO1014'),(620067332,'INFO2716');
INSERT INTO Users VALUES (620067333,'Miss','Flowers','MissFlowers@gmail.com','FlowersMiss');
INSERT INTO Students VALUES (620067333,'UNDERGRAD','01-01-2020');
INSERT INTO Enrolled (u_id,courseCode) VALUES (620067333,'INFO2270'),(620067333,'CHEM1485'),(620067333,'ECON3989'),(620067333,'MATH3222'),(620067333,'ECON3004'),(620067333,'PHYS2113');
INSERT INTO Users VALUES (620067334,'Julius','Scarbrough','JuliusScarbrough@gmail.com','ScarbroughJulius');
INSERT INTO Students VALUES (620067334,'UNDERGRAD','01-01-2020');
INSERT INTO Enrolled (u_id,courseCode) VALUES (620067334,'INFO2213'),(620067334,'INFO2716'),(620067334,'ECON1589'),(620067334,'COMP3238');
INSERT INTO Users VALUES (620067335,'Louise','Laudat','LouiseLaudat@gmail.com','LaudatLouise');
INSERT INTO Students VALUES (620067335,'UNDERGRAD','01-01-2020');
INSERT INTO Enrolled (u_id,courseCode) VALUES (620067335,'ECON3004'),(620067335,'ECON1012'),(620067335,'ECON3276'),(620067335,'ECON1561'),(620067335,'ECON2703'),(620067335,'PHYS3464');
INSERT INTO Users VALUES (620067336,'Patricia','Thomas','PatriciaThomas@gmail.com','ThomasPatricia');
INSERT INTO Students VALUES (620067336,'UNDERGRAD','01-01-2020');
INSERT INTO Enrolled (u_id,courseCode) VALUES (620067336,'INFO1014'),(620067336,'CHEM2031'),(620067336,'INFO3636'),(620067336,'BIOC1986');
INSERT INTO Users VALUES (620067337,'Sergio','Parker','SergioParker@gmail.com','ParkerSergio');
INSERT INTO Students VALUES (620067337,'UNDERGRAD','01-01-2020');
INSERT INTO Enrolled (u_id,courseCode) VALUES (620067337,'PHYS2113'),(620067337,'MATH3544'),(620067337,'COMP2541'),(620067337,'ECON1645');
INSERT INTO Users VALUES (620067338,'Dominique','Bras','DominiqueBras@gmail.com','BrasDominique');
INSERT INTO Students VALUES (620067338,'UNDERGRAD','01-01-2020');
INSERT INTO Enrolled (u_id,courseCode) VALUES (620067338,'INFO2270'),(620067338,'ECON3447'),(620067338,'ECON3989'),(620067338,'MATH1972');
INSERT INTO Users VALUES (620067339,'Harold','Stovall','HaroldStovall@gmail.com','StovallHarold');
INSERT INTO Students VALUES (620067339,'UNDERGRAD','01-01-2020');
INSERT INTO Enrolled (u_id,courseCode) VALUES (620067339,'PHYS3729'),(620067339,'MATH1735'),(620067339,'INFO2950'),(620067339,'COMP3173'),(620067339,'ECON3523'),(620067339,'BIOC1598');
INSERT INTO Users VALUES (620067340,'Kim','Kaupp','KimKaupp@gmail.com','KauppKim');
INSERT INTO Students VALUES (620067340,'UNDERGRAD','01-01-2020');
INSERT INTO Enrolled (u_id,courseCode) VALUES (620067340,'PHYS1173'),(620067340,'CHEM1807'),(620067340,'INFO2950');
INSERT INTO Users VALUES (620067341,'Vickie','Danker','VickieDanker@gmail.com','DankerVickie');
INSERT INTO Students VALUES (620067341,'UNDERGRAD','01-01-2020');
INSERT INTO Enrolled (u_id,courseCode) VALUES (620067341,'CHEM3054'),(620067341,'MATH3688'),(620067341,'INFO2636'),(620067341,'COMP1184'),(620067341,'ECON2814');
INSERT INTO Users VALUES (620067342,'Eric','Letchworth','EricLetchworth@gmail.com','LetchworthEric');
INSERT INTO Students VALUES (620067342,'UNDERGRAD','01-01-2020');
INSERT INTO Enrolled (u_id,courseCode) VALUES (620067342,'CHEM2031'),(620067342,'PHYS1930'),(620067342,'INFO2813');
INSERT INTO Users VALUES (620067343,'Dwayne','Evans','DwayneEvans@gmail.com','EvansDwayne');
INSERT INTO Students VALUES (620067343,'UNDERGRAD','01-01-2020');
INSERT INTO Enrolled (u_id,courseCode) VALUES (620067343,'PHYS2113'),(620067343,'MATH2717'),(620067343,'COMP3173'),(620067343,'ECON1098'),(620067343,'COMP2651'),(620067343,'CHEM3409');
INSERT INTO Users VALUES (620067344,'Jesus','Williams','JesusWilliams@gmail.com','WilliamsJesus');
INSERT INTO Students VALUES (620067344,'UNDERGRAD','01-01-2020');
INSERT INTO Enrolled (u_id,courseCode) VALUES (620067344,'CHEM1494'),(620067344,'MATH3544'),(620067344,'COMP3685'),(620067344,'BIOC1448');
INSERT INTO Users VALUES (620067345,'Don','Casteel','DonCasteel@gmail.com','CasteelDon');
INSERT INTO Students VALUES (620067345,'UNDERGRAD','01-01-2020');
INSERT INTO Enrolled (u_id,courseCode) VALUES (620067345,'MATH1578'),(620067345,'CHEM2005'),(620067345,'CHEM3793'),(620067345,'ECON3085'),(620067345,'PHYS3339');
INSERT INTO Users VALUES (620067346,'Barbara','Sandlin','BarbaraSandlin@gmail.com','SandlinBarbara');
INSERT INTO Students VALUES (620067346,'UNDERGRAD','01-01-2020');
INSERT INTO Enrolled (u_id,courseCode) VALUES (620067346,'ECON1645'),(620067346,'ECON3063'),(620067346,'ECON2814');
INSERT INTO Users VALUES (620067347,'Mary','Burney','MaryBurney@gmail.com','BurneyMary');
INSERT INTO Students VALUES (620067347,'UNDERGRAD','01-01-2020');
INSERT INTO Enrolled (u_id,courseCode) VALUES (620067347,'COMP3047'),(620067347,'MATH1578'),(620067347,'BIOC1052'),(620067347,'MATH3029'),(620067347,'COMP3173'),(620067347,'MATH3544');
INSERT INTO Users VALUES (620067348,'John','Aybar','JohnAybar@gmail.com','AybarJohn');
INSERT INTO Students VALUES (620067348,'UNDERGRAD','01-01-2020');
INSERT INTO Enrolled (u_id,courseCode) VALUES (620067348,'COMP3506'),(620067348,'INFO2811'),(620067348,'COMP1543'),(620067348,'MATH3613'),(620067348,'PHYS1140');
INSERT INTO Users VALUES (620067349,'Guillermo','Smith','GuillermoSmith@gmail.com','SmithGuillermo');
INSERT INTO Students VALUES (620067349,'UNDERGRAD','01-01-2020');
INSERT INTO Enrolled (u_id,courseCode) VALUES (620067349,'INFO2636'),(620067349,'CHEM3347'),(620067349,'MATH3179'),(620067349,'INFO3935'),(620067349,'BIOC3604'),(620067349,'BIOC2981');
INSERT INTO Users VALUES (620067350,'Ashleigh','Ratterman','AshleighRatterman@gmail.com','RattermanAshleigh');
INSERT INTO Students VALUES (620067350,'UNDERGRAD','01-01-2020');
INSERT INTO Enrolled (u_id,courseCode) VALUES (620067350,'MATH1309'),(620067350,'MATH2555'),(620067350,'CHEM2481');
INSERT INTO Users VALUES (620067351,'Adelia','Moore','AdeliaMoore@gmail.com','MooreAdelia');
INSERT INTO Students VALUES (620067351,'UNDERGRAD','01-01-2020');
INSERT INTO Enrolled (u_id,courseCode) VALUES (620067351,'BIOC1866'),(620067351,'BIOC1534'),(620067351,'ECON3550');
INSERT INTO Users VALUES (620067352,'Shayne','Jaworski','ShayneJaworski@gmail.com','JaworskiShayne');
INSERT INTO Students VALUES (620067352,'UNDERGRAD','01-01-2020');
INSERT INTO Enrolled (u_id,courseCode) VALUES (620067352,'MATH1648'),(620067352,'ECON1458'),(620067352,'MATH1250'),(620067352,'INFO2270');
INSERT INTO Users VALUES (620067353,'Celia','Lorenz','CeliaLorenz@gmail.com','LorenzCelia');
INSERT INTO Students VALUES (620067353,'UNDERGRAD','01-01-2020');
INSERT INTO Enrolled (u_id,courseCode) VALUES (620067353,'INFO2147'),(620067353,'BIOC3604'),(620067353,'PHYS3339'),(620067353,'BIOC1104'),(620067353,'MATH1638'),(620067353,'BIOC3341');
INSERT INTO Users VALUES (620067354,'Andrew','Blevins','AndrewBlevins@gmail.com','BlevinsAndrew');
INSERT INTO Students VALUES (620067354,'UNDERGRAD','01-01-2020');
INSERT INTO Enrolled (u_id,courseCode) VALUES (620067354,'BIOC3721'),(620067354,'BIOC1052'),(620067354,'BIOC1534'),(620067354,'PHYS3464'),(620067354,'INFO2147');
INSERT INTO Users VALUES (620067355,'Taylor','Moore','TaylorMoore@gmail.com','MooreTaylor');
INSERT INTO Students VALUES (620067355,'UNDERGRAD','01-01-2020');
INSERT INTO Enrolled (u_id,courseCode) VALUES (620067355,'BIOC1725'),(620067355,'MATH3688'),(620067355,'PHYS2306'),(620067355,'PHYS2451'),(620067355,'INFO2147');
INSERT INTO Users VALUES (620067356,'Elwood','Luper','ElwoodLuper@gmail.com','LuperElwood');
INSERT INTO Students VALUES (620067356,'UNDERGRAD','01-01-2020');
INSERT INTO Enrolled (u_id,courseCode) VALUES (620067356,'MATH1578'),(620067356,'BIOC1439'),(620067356,'PHYS3787');
INSERT INTO Users VALUES (620067357,'Miguel','Thomas','MiguelThomas@gmail.com','ThomasMiguel');
INSERT INTO Students VALUES (620067357,'UNDERGRAD','01-01-2020');
INSERT INTO Enrolled (u_id,courseCode) VALUES (620067357,'MATH1648'),(620067357,'ECON1170'),(620067357,'PHYS1993');
INSERT INTO Users VALUES (620067358,'Sean','Wengerd','SeanWengerd@gmail.com','WengerdSean');
INSERT INTO Students VALUES (620067358,'UNDERGRAD','01-01-2020');
INSERT INTO Enrolled (u_id,courseCode) VALUES (620067358,'INFO3645'),(620067358,'ECON3085'),(620067358,'BIOC1910'),(620067358,'INFO2860'),(620067358,'MATH3179'),(620067358,'BIOC1744');
INSERT INTO Users VALUES (620067359,'Edna','Hanks','EdnaHanks@gmail.com','HanksEdna');
INSERT INTO Students VALUES (620067359,'UNDERGRAD','01-01-2020');
INSERT INTO Enrolled (u_id,courseCode) VALUES (620067359,'ECON1783'),(620067359,'INFO2716'),(620067359,'MATH1638'),(620067359,'INFO3935');
INSERT INTO Users VALUES (620067360,'Isreal','Lauritsen','IsrealLauritsen@gmail.com','LauritsenIsreal');
INSERT INTO Students VALUES (620067360,'UNDERGRAD','01-01-2020');
INSERT INTO Enrolled (u_id,courseCode) VALUES (620067360,'COMP3084'),(620067360,'INFO2636'),(620067360,'PHYS3686'),(620067360,'CHEM3617');
INSERT INTO Users VALUES (620067361,'Sara','Lorenz','SaraLorenz@gmail.com','LorenzSara');
INSERT INTO Students VALUES (620067361,'UNDERGRAD','01-01-2020');
INSERT INTO Enrolled (u_id,courseCode) VALUES (620067361,'INFO1990'),(620067361,'ECON3989'),(620067361,'INFO1288'),(620067361,'BIOC3230'),(620067361,'ECON1498'),(620067361,'ECON1783');
INSERT INTO Users VALUES (620067362,'Katherine','Vario','KatherineVario@gmail.com','VarioKatherine');
INSERT INTO Students VALUES (620067362,'UNDERGRAD','01-01-2020');
INSERT INTO Enrolled (u_id,courseCode) VALUES (620067362,'PHYS2563'),(620067362,'ECON3085'),(620067362,'MATH3173'),(620067362,'PHYS3354'),(620067362,'BIOC1164'),(620067362,'BIOC1052');
INSERT INTO Users VALUES (620067363,'Ethel','Lowry','EthelLowry@gmail.com','LowryEthel');
INSERT INTO Students VALUES (620067363,'UNDERGRAD','01-01-2020');
INSERT INTO Enrolled (u_id,courseCode) VALUES (620067363,'BIOC1744'),(620067363,'PHYS3052'),(620067363,'MATH3544'),(620067363,'BIOC2236');
INSERT INTO Users VALUES (620067364,'Brooke','Bordelon','BrookeBordelon@gmail.com','BordelonBrooke');
INSERT INTO Students VALUES (620067364,'UNDERGRAD','01-01-2020');
INSERT INTO Enrolled (u_id,courseCode) VALUES (620067364,'COMP1184'),(620067364,'ECON3311'),(620067364,'CHEM1613');
INSERT INTO Users VALUES (620067365,'Peter','Jesse','PeterJesse@gmail.com','JessePeter');
INSERT INTO Students VALUES (620067365,'UNDERGRAD','01-01-2020');
INSERT INTO Enrolled (u_id,courseCode) VALUES (620067365,'BIOC1794'),(620067365,'COMP1867'),(620067365,'ECON1783');
INSERT INTO Users VALUES (620067366,'Tony','Sultzer','TonySultzer@gmail.com','SultzerTony');
INSERT INTO Students VALUES (620067366,'UNDERGRAD','01-01-2020');
INSERT INTO Enrolled (u_id,courseCode) VALUES (620067366,'ECON3447'),(620067366,'COMP1543'),(620067366,'BIOC2671'),(620067366,'ECON3737'),(620067366,'BIOC3230'),(620067366,'COMP1357');
INSERT INTO Users VALUES (620067367,'Jacqueline','Wright','JacquelineWright@gmail.com','WrightJacqueline');
INSERT INTO Students VALUES (620067367,'UNDERGRAD','01-01-2020');
INSERT INTO Enrolled (u_id,courseCode) VALUES (620067367,'MATH3173'),(620067367,'PHYS2448'),(620067367,'ECON1458'),(620067367,'CHEM1494'),(620067367,'INFO1014');
INSERT INTO Users VALUES (620067368,'Marie','Cummins','MarieCummins@gmail.com','CumminsMarie');
INSERT INTO Students VALUES (620067368,'UNDERGRAD','01-01-2020');
INSERT INTO Enrolled (u_id,courseCode) VALUES (620067368,'CHEM2867'),(620067368,'CHEM3888'),(620067368,'PHYS3290'),(620067368,'COMP3167');
INSERT INTO Users VALUES (620067369,'William','Briggs','WilliamBriggs@gmail.com','BriggsWilliam');
INSERT INTO Students VALUES (620067369,'UNDERGRAD','01-01-2020');
INSERT INTO Enrolled (u_id,courseCode) VALUES (620067369,'MATH2873'),(620067369,'CHEM3793'),(620067369,'CHEM3747'),(620067369,'CHEM2005'),(620067369,'CHEM3614'),(620067369,'MATH1648');
INSERT INTO Users VALUES (620067370,'Luella','Jensen','LuellaJensen@gmail.com','JensenLuella');
INSERT INTO Students VALUES (620067370,'UNDERGRAD','01-01-2020');
INSERT INTO Enrolled (u_id,courseCode) VALUES (620067370,'COMP2077'),(620067370,'COMP1051'),(620067370,'CHEM3617'),(620067370,'CHEM2797');
INSERT INTO Users VALUES (620067371,'Reginald','Cummins','ReginaldCummins@gmail.com','CumminsReginald');
INSERT INTO Students VALUES (620067371,'UNDERGRAD','01-01-2020');
INSERT INTO Enrolled (u_id,courseCode) VALUES (620067371,'BIOC2236'),(620067371,'BIOC1485'),(620067371,'PHYS2338');
INSERT INTO Users VALUES (620067372,'Jake','Ott','JakeOtt@gmail.com','OttJake');
INSERT INTO Students VALUES (620067372,'UNDERGRAD','01-01-2020');
INSERT INTO Enrolled (u_id,courseCode) VALUES (620067372,'PHYS2113'),(620067372,'CHEM3793'),(620067372,'ECON1561'),(620067372,'PHYS1173');
INSERT INTO Users VALUES (620067373,'Kelly','Krout','KellyKrout@gmail.com','KroutKelly');
INSERT INTO Students VALUES (620067373,'UNDERGRAD','01-01-2020');
INSERT INTO Enrolled (u_id,courseCode) VALUES (620067373,'INFO2950'),(620067373,'MATH1578'),(620067373,'CHEM2177'),(620067373,'PHYS3686'),(620067373,'BIOC1104');
INSERT INTO Users VALUES (620067374,'Christine','Mance','ChristineMance@gmail.com','ManceChristine');
INSERT INTO Students VALUES (620067374,'UNDERGRAD','01-01-2020');
INSERT INTO Enrolled (u_id,courseCode) VALUES (620067374,'MATH2801'),(620067374,'MATH2067'),(620067374,'COMP3506'),(620067374,'BIOC2054');
INSERT INTO Users VALUES (620067375,'Rebecca','Uribe','RebeccaUribe@gmail.com','UribeRebecca');
INSERT INTO Students VALUES (620067375,'UNDERGRAD','01-01-2020');
INSERT INTO Enrolled (u_id,courseCode) VALUES (620067375,'MATH3173'),(620067375,'ECON3004'),(620067375,'COMP1184'),(620067375,'MATH2555'),(620067375,'MATH1578');
INSERT INTO Users VALUES (620067376,'William','Knox','WilliamKnox@gmail.com','KnoxWilliam');
INSERT INTO Students VALUES (620067376,'UNDERGRAD','01-01-2020');
INSERT INTO Enrolled (u_id,courseCode) VALUES (620067376,'INFO1648'),(620067376,'COMP2965'),(620067376,'ECON3228'),(620067376,'BIOC2671'),(620067376,'BIOC2236');
INSERT INTO Users VALUES (620067377,'Gabriel','Givens','GabrielGivens@gmail.com','GivensGabriel');
INSERT INTO Students VALUES (620067377,'UNDERGRAD','01-01-2020');
INSERT INTO Enrolled (u_id,courseCode) VALUES (620067377,'BIOC1910'),(620067377,'COMP1867'),(620067377,'BIOC2983');
INSERT INTO Users VALUES (620067378,'Dominick','Cardona','DominickCardona@gmail.com','CardonaDominick');
INSERT INTO Students VALUES (620067378,'UNDERGRAD','01-01-2020');
INSERT INTO Enrolled (u_id,courseCode) VALUES (620067378,'MATH2550'),(620067378,'BIOC3230'),(620067378,'ECON3447'),(620067378,'COMP2077'),(620067378,'COMP2651');
INSERT INTO Users VALUES (620067379,'Sam','Kent','SamKent@gmail.com','KentSam');
INSERT INTO Students VALUES (620067379,'UNDERGRAD','01-01-2020');
INSERT INTO Enrolled (u_id,courseCode) VALUES (620067379,'BIOC1794'),(620067379,'BIOC2981'),(620067379,'ECON3276'),(620067379,'MATH2550'),(620067379,'MATH1578'),(620067379,'CHEM2031');
INSERT INTO Users VALUES (620067380,'Marshall','Mattingly','MarshallMattingly@gmail.com','MattinglyMarshall');
INSERT INTO Students VALUES (620067380,'UNDERGRAD','01-01-2020');
INSERT INTO Enrolled (u_id,courseCode) VALUES (620067380,'CHEM3888'),(620067380,'INFO1990'),(620067380,'ECON3311'),(620067380,'BIOC2550'),(620067380,'CHEM2626'),(620067380,'COMP3047');
INSERT INTO Users VALUES (620067381,'Justin','Nunn','JustinNunn@gmail.com','NunnJustin');
INSERT INTO Students VALUES (620067381,'UNDERGRAD','01-01-2020');
INSERT INTO Enrolled (u_id,courseCode) VALUES (620067381,'INFO2950'),(620067381,'COMP2965'),(620067381,'ECON1645'),(620067381,'CHEM1485');
INSERT INTO Users VALUES (620067382,'Sadie','Mccarthy','SadieMccarthy@gmail.com','MccarthySadie');
INSERT INTO Students VALUES (620067382,'UNDERGRAD','01-01-2020');
INSERT INTO Enrolled (u_id,courseCode) VALUES (620067382,'MATH2555'),(620067382,'ECON3004'),(620067382,'INFO1242'),(620067382,'PHYS1173');
INSERT INTO Users VALUES (620067383,'Carolyn','Withrow','CarolynWithrow@gmail.com','WithrowCarolyn');
INSERT INTO Students VALUES (620067383,'UNDERGRAD','01-01-2020');
INSERT INTO Enrolled (u_id,courseCode) VALUES (620067383,'INFO2716'),(620067383,'CHEM2066'),(620067383,'CHEM3054'),(620067383,'BIOC1104'),(620067383,'BIOC2589'),(620067383,'COMP3697');
INSERT INTO Users VALUES (620067384,'Vernon','Bowerman','VernonBowerman@gmail.com','BowermanVernon');
INSERT INTO Students VALUES (620067384,'UNDERGRAD','01-01-2020');
INSERT INTO Enrolled (u_id,courseCode) VALUES (620067384,'MATH3029'),(620067384,'MATH2550'),(620067384,'MATH2555');
INSERT INTO Users VALUES (620067385,'Michelle','Rios','MichelleRios@gmail.com','RiosMichelle');
INSERT INTO Students VALUES (620067385,'UNDERGRAD','01-01-2020');
INSERT INTO Enrolled (u_id,courseCode) VALUES (620067385,'INFO2559'),(620067385,'COMP3047'),(620067385,'PHYS1399');
INSERT INTO Users VALUES (620067386,'Jake','Mertens','JakeMertens@gmail.com','MertensJake');
INSERT INTO Students VALUES (620067386,'UNDERGRAD','01-01-2020');
INSERT INTO Enrolled (u_id,courseCode) VALUES (620067386,'ECON3311'),(620067386,'PHYS3686'),(620067386,'MATH3544'),(620067386,'BIOC2981'),(620067386,'CHEM1494');
INSERT INTO Users VALUES (620067387,'Kurt','Steinbach','KurtSteinbach@gmail.com','SteinbachKurt');
INSERT INTO Students VALUES (620067387,'UNDERGRAD','01-01-2020');
INSERT INTO Enrolled (u_id,courseCode) VALUES (620067387,'PHYS1173'),(620067387,'PHYS2448'),(620067387,'PHYS1399'),(620067387,'CHEM2177');
INSERT INTO Users VALUES (620067388,'Craig','Pantoja','CraigPantoja@gmail.com','PantojaCraig');
INSERT INTO Students VALUES (620067388,'UNDERGRAD','01-01-2020');
INSERT INTO Enrolled (u_id,courseCode) VALUES (620067388,'MATH1309'),(620067388,'INFO2950'),(620067388,'BIOC1448');
INSERT INTO Users VALUES (620067389,'Vivian','Busse','VivianBusse@gmail.com','BusseVivian');
INSERT INTO Students VALUES (620067389,'UNDERGRAD','01-01-2020');
INSERT INTO Enrolled (u_id,courseCode) VALUES (620067389,'CHEM2149'),(620067389,'BIOC1725'),(620067389,'ECON1996'),(620067389,'COMP2077');
INSERT INTO Users VALUES (620067390,'Nancy','Pelletier','NancyPelletier@gmail.com','PelletierNancy');
INSERT INTO Students VALUES (620067390,'UNDERGRAD','01-01-2020');
INSERT INTO Enrolled (u_id,courseCode) VALUES (620067390,'BIOC1104'),(620067390,'COMP2077'),(620067390,'CHEM1807'),(620067390,'PHYS2117'),(620067390,'MATH3857');
INSERT INTO Users VALUES (620067391,'Lindsey','Morey','LindseyMorey@gmail.com','MoreyLindsey');
INSERT INTO Students VALUES (620067391,'UNDERGRAD','01-01-2020');
INSERT INTO Enrolled (u_id,courseCode) VALUES (620067391,'MATH1262'),(620067391,'CHEM2697'),(620067391,'PHYS2977');
INSERT INTO Users VALUES (620067392,'Kenneth','Smith','KennethSmith@gmail.com','SmithKenneth');
INSERT INTO Students VALUES (620067392,'UNDERGRAD','01-01-2020');
INSERT INTO Enrolled (u_id,courseCode) VALUES (620067392,'ECON3020'),(620067392,'COMP3746'),(620067392,'PHYS3686');
INSERT INTO Users VALUES (620067393,'Rachel','Calloway','RachelCalloway@gmail.com','CallowayRachel');
INSERT INTO Students VALUES (620067393,'UNDERGRAD','01-01-2020');
INSERT INTO Enrolled (u_id,courseCode) VALUES (620067393,'INFO1145'),(620067393,'MATH3857'),(620067393,'BIOC1534'),(620067393,'MATH1250'),(620067393,'PHYS2113');
INSERT INTO Users VALUES (620067394,'Matthew','Quintero','MatthewQuintero@gmail.com','QuinteroMatthew');
INSERT INTO Students VALUES (620067394,'UNDERGRAD','01-01-2020');
INSERT INTO Enrolled (u_id,courseCode) VALUES (620067394,'BIOC1744'),(620067394,'COMP3849'),(620067394,'PHYS3787');
INSERT INTO Users VALUES (620067395,'Jonathan','Howe','JonathanHowe@gmail.com','HoweJonathan');
INSERT INTO Students VALUES (620067395,'UNDERGRAD','01-01-2020');
INSERT INTO Enrolled (u_id,courseCode) VALUES (620067395,'PHYS2338'),(620067395,'COMP2400'),(620067395,'ECON3276');
INSERT INTO Users VALUES (620067396,'Timothy','Harrington','TimothyHarrington@gmail.com','HarringtonTimothy');
INSERT INTO Students VALUES (620067396,'UNDERGRAD','01-01-2020');
INSERT INTO Enrolled (u_id,courseCode) VALUES (620067396,'ECON3372'),(620067396,'CHEM2177'),(620067396,'MATH1262'),(620067396,'BIOC1439');
INSERT INTO Users VALUES (620067397,'Janet','Fuller','JanetFuller@gmail.com','FullerJanet');
INSERT INTO Students VALUES (620067397,'UNDERGRAD','01-01-2020');
INSERT INTO Enrolled (u_id,courseCode) VALUES (620067397,'CHEM3347'),(620067397,'INFO3636'),(620067397,'PHYS2451'),(620067397,'COMP1051'),(620067397,'BIOC1439');
INSERT INTO Users VALUES (620067398,'Chris','Hamilton','ChrisHamilton@gmail.com','HamiltonChris');
INSERT INTO Students VALUES (620067398,'UNDERGRAD','01-01-2020');
INSERT INTO Enrolled (u_id,courseCode) VALUES (620067398,'INFO1145'),(620067398,'ECON3523'),(620067398,'MATH3544'),(620067398,'CHEM3347'),(620067398,'ECON3004');
INSERT INTO Users VALUES (620067399,'Richard','Wengerd','RichardWengerd@gmail.com','WengerdRichard');
INSERT INTO Students VALUES (620067399,'UNDERGRAD','01-01-2020');
INSERT INTO Enrolled (u_id,courseCode) VALUES (620067399,'INFO1833'),(620067399,'MATH3059'),(620067399,'PHYS2117'),(620067399,'COMP2361'),(620067399,'PHYS3290');
INSERT INTO Users VALUES (620067400,'Marjorie','Lowrey','MarjorieLowrey@gmail.com','LowreyMarjorie');
INSERT INTO Students VALUES (620067400,'UNDERGRAD','01-01-2020');
INSERT INTO Enrolled (u_id,courseCode) VALUES (620067400,'INFO2950'),(620067400,'INFO2860'),(620067400,'MATH2801');
INSERT INTO Users VALUES (620067401,'Leo','Pero','LeoPero@gmail.com','PeroLeo');
INSERT INTO Students VALUES (620067401,'UNDERGRAD','01-01-2020');
INSERT INTO Enrolled (u_id,courseCode) VALUES (620067401,'BIOC3230'),(620067401,'CHEM3054'),(620067401,'PHYS2113'),(620067401,'CHEM3409');
INSERT INTO Users VALUES (620067402,'Stephen','Carlyle','StephenCarlyle@gmail.com','CarlyleStephen');
INSERT INTO Students VALUES (620067402,'UNDERGRAD','01-01-2020');
INSERT INTO Enrolled (u_id,courseCode) VALUES (620067402,'INFO2213'),(620067402,'BIOC3721'),(620067402,'MATH2957'),(620067402,'BIOC1725');
INSERT INTO Users VALUES (620067403,'Eric','Lemieux','EricLemieux@gmail.com','LemieuxEric');
INSERT INTO Students VALUES (620067403,'UNDERGRAD','01-01-2020');
INSERT INTO Enrolled (u_id,courseCode) VALUES (620067403,'INFO2797'),(620067403,'BIOC3341'),(620067403,'MATH3209'),(620067403,'MATH2550'),(620067403,'INFO3419');
INSERT INTO Users VALUES (620067404,'Joyce','Ott','JoyceOtt@gmail.com','OttJoyce');
INSERT INTO Students VALUES (620067404,'UNDERGRAD','01-01-2020');
INSERT INTO Enrolled (u_id,courseCode) VALUES (620067404,'CHEM1807'),(620067404,'INFO2950'),(620067404,'CHEM2446');
INSERT INTO Users VALUES (620067405,'Cherise','Letchworth','CheriseLetchworth@gmail.com','LetchworthCherise');
INSERT INTO Students VALUES (620067405,'UNDERGRAD','01-01-2020');
INSERT INTO Enrolled (u_id,courseCode) VALUES (620067405,'COMP2965'),(620067405,'INFO1833'),(620067405,'ECON3085');
INSERT INTO Users VALUES (620067406,'Samuel','Marshall','SamuelMarshall@gmail.com','MarshallSamuel');
INSERT INTO Students VALUES (620067406,'UNDERGRAD','01-01-2020');
INSERT INTO Enrolled (u_id,courseCode) VALUES (620067406,'CHEM3054'),(620067406,'INFO2559'),(620067406,'BIOC2236'),(620067406,'COMP3173'),(620067406,'ECON1498');
INSERT INTO Users VALUES (620067407,'Rebecca','Fuller','RebeccaFuller@gmail.com','FullerRebecca');
INSERT INTO Students VALUES (620067407,'UNDERGRAD','01-01-2020');
INSERT INTO Enrolled (u_id,courseCode) VALUES (620067407,'COMP3746'),(620067407,'COMP3167'),(620067407,'CHEM2481');
INSERT INTO Users VALUES (620067408,'Beverly','Rankin','BeverlyRankin@gmail.com','RankinBeverly');
INSERT INTO Students VALUES (620067408,'UNDERGRAD','01-01-2020');
INSERT INTO Enrolled (u_id,courseCode) VALUES (620067408,'COMP3849'),(620067408,'BIOC1986'),(620067408,'INFO3603');
INSERT INTO Users VALUES (620067409,'Reginald','Ott','ReginaldOtt@gmail.com','OttReginald');
INSERT INTO Students VALUES (620067409,'UNDERGRAD','01-01-2020');
INSERT INTO Enrolled (u_id,courseCode) VALUES (620067409,'MATH2501'),(620067409,'BIOC1794'),(620067409,'INFO2813');
INSERT INTO Users VALUES (620067410,'Beverly','Scarbrough','BeverlyScarbrough@gmail.com','ScarbroughBeverly');
INSERT INTO Students VALUES (620067410,'UNDERGRAD','01-01-2020');
INSERT INTO Enrolled (u_id,courseCode) VALUES (620067410,'INFO3603'),(620067410,'INFO2950'),(620067410,'CHEM3054');
INSERT INTO Users VALUES (620067411,'Matthew','Schilling','MatthewSchilling@gmail.com','SchillingMatthew');
INSERT INTO Students VALUES (620067411,'UNDERGRAD','01-01-2020');
INSERT INTO Enrolled (u_id,courseCode) VALUES (620067411,'BIOC1052'),(620067411,'CHEM2446'),(620067411,'INFO1825'),(620067411,'PHYS2306'),(620067411,'PHYS3354');
INSERT INTO Users VALUES (620067412,'Elwood','Duffie','ElwoodDuffie@gmail.com','DuffieElwood');
INSERT INTO Students VALUES (620067412,'UNDERGRAD','01-01-2020');
INSERT INTO Enrolled (u_id,courseCode) VALUES (620067412,'INFO1242'),(620067412,'ECON1230'),(620067412,'COMP3418'),(620067412,'CHEM2031');
INSERT INTO Users VALUES (620067413,'Richard','Wesley','RichardWesley@gmail.com','WesleyRichard');
INSERT INTO Students VALUES (620067413,'UNDERGRAD','01-01-2020');
INSERT INTO Enrolled (u_id,courseCode) VALUES (620067413,'ECON2703'),(620067413,'ECON2345'),(620067413,'BIOC2981'),(620067413,'MATH2555'),(620067413,'BIOC1164'),(620067413,'BIOC1598');
INSERT INTO Users VALUES (620067414,'Nina','Eddins','NinaEddins@gmail.com','EddinsNina');
INSERT INTO Students VALUES (620067414,'UNDERGRAD','01-01-2020');
INSERT INTO Enrolled (u_id,courseCode) VALUES (620067414,'ECON1230'),(620067414,'PHYS1399'),(620067414,'INFO2521'),(620067414,'CHEM3793'),(620067414,'ECON1561'),(620067414,'INFO2797');
INSERT INTO Users VALUES (620067415,'Nicholas','Griffitts','NicholasGriffitts@gmail.com','GriffittsNicholas');
INSERT INTO Students VALUES (620067415,'UNDERGRAD','01-01-2020');
INSERT INTO Enrolled (u_id,courseCode) VALUES (620067415,'CHEM2697'),(620067415,'CHEM2031'),(620067415,'MATH1638'),(620067415,'COMP1184'),(620067415,'ECON3228'),(620067415,'PHYS1399');
INSERT INTO Users VALUES (620067416,'Wilbur','Robinson','WilburRobinson@gmail.com','RobinsonWilbur');
INSERT INTO Students VALUES (620067416,'UNDERGRAD','01-01-2020');
INSERT INTO Enrolled (u_id,courseCode) VALUES (620067416,'BIOC1164'),(620067416,'INFO2716'),(620067416,'CHEM3054'),(620067416,'MATH3173');
INSERT INTO Users VALUES (620067417,'Deborah','Smith','DeborahSmith@gmail.com','SmithDeborah');
INSERT INTO Students VALUES (620067417,'UNDERGRAD','01-01-2020');
INSERT INTO Enrolled (u_id,courseCode) VALUES (620067417,'COMP2400'),(620067417,'BIOC3721'),(620067417,'INFO2636'),(620067417,'MATH2501');
INSERT INTO Users VALUES (620067418,'Clyde','Jackson','ClydeJackson@gmail.com','JacksonClyde');
INSERT INTO Students VALUES (620067418,'UNDERGRAD','01-01-2020');
INSERT INTO Enrolled (u_id,courseCode) VALUES (620067418,'MATH1735'),(620067418,'CHEM3793'),(620067418,'COMP3697'),(620067418,'INFO1825'),(620067418,'ECON1170'),(620067418,'ECON1589');
INSERT INTO Users VALUES (620067419,'Taylor','Amberg','TaylorAmberg@gmail.com','AmbergTaylor');
INSERT INTO Students VALUES (620067419,'UNDERGRAD','01-01-2020');
INSERT INTO Enrolled (u_id,courseCode) VALUES (620067419,'BIOC1910'),(620067419,'MATH2067'),(620067419,'COMP1573');
INSERT INTO Users VALUES (620067420,'Betsy','Winner','BetsyWinner@gmail.com','WinnerBetsy');
INSERT INTO Students VALUES (620067420,'UNDERGRAD','01-01-2020');
INSERT INTO Enrolled (u_id,courseCode) VALUES (620067420,'MATH3844'),(620067420,'BIOC3230'),(620067420,'CHEM2031'),(620067420,'PHYS1930'),(620067420,'INFO1242'),(620067420,'ECON2387');
INSERT INTO Users VALUES (620067421,'Lois','Stovall','LoisStovall@gmail.com','StovallLois');
INSERT INTO Students VALUES (620067421,'UNDERGRAD','01-01-2020');
INSERT INTO Enrolled (u_id,courseCode) VALUES (620067421,'CHEM2481'),(620067421,'ECON1098'),(620067421,'BIOC1744');
INSERT INTO Users VALUES (620067422,'Leo','Lindstrom','LeoLindstrom@gmail.com','LindstromLeo');
INSERT INTO Students VALUES (620067422,'UNDERGRAD','01-01-2020');
INSERT INTO Enrolled (u_id,courseCode) VALUES (620067422,'ECON2814'),(620067422,'INFO2813'),(620067422,'PHYS1140'),(620067422,'INFO2860'),(620067422,'CHEM3347');
INSERT INTO Users VALUES (620067423,'Latoya','Gilmore','LatoyaGilmore@gmail.com','GilmoreLatoya');
INSERT INTO Students VALUES (620067423,'UNDERGRAD','01-01-2020');
INSERT INTO Enrolled (u_id,courseCode) VALUES (620067423,'BIOC1794'),(620067423,'COMP1051'),(620067423,'PHYS1140');
INSERT INTO Users VALUES (620067424,'Edwin','James','EdwinJames@gmail.com','JamesEdwin');
INSERT INTO Students VALUES (620067424,'UNDERGRAD','01-01-2020');
INSERT INTO Enrolled (u_id,courseCode) VALUES (620067424,'MATH2957'),(620067424,'COMP3173'),(620067424,'INFO2950');
INSERT INTO Users VALUES (620067425,'Jacqueline','Mcneill','JacquelineMcneill@gmail.com','McneillJacqueline');
INSERT INTO Students VALUES (620067425,'UNDERGRAD','01-01-2020');
INSERT INTO Enrolled (u_id,courseCode) VALUES (620067425,'COMP3238'),(620067425,'COMP2400'),(620067425,'PHYS1140'),(620067425,'BIOC1598'),(620067425,'BIOC1485');
INSERT INTO Users VALUES (620067426,'Edward','Richardson','EdwardRichardson@gmail.com','RichardsonEdward');
INSERT INTO Students VALUES (620067426,'UNDERGRAD','01-01-2020');
INSERT INTO Enrolled (u_id,courseCode) VALUES (620067426,'ECON2387'),(620067426,'MATH1735'),(620067426,'COMP1051'),(620067426,'CHEM1613');
INSERT INTO Users VALUES (620067427,'Frances','Cannon','FrancesCannon@gmail.com','CannonFrances');
INSERT INTO Students VALUES (620067427,'UNDERGRAD','01-01-2020');
INSERT INTO Enrolled (u_id,courseCode) VALUES (620067427,'INFO2270'),(620067427,'COMP1051'),(620067427,'MATH3179'),(620067427,'PHYS2451');
INSERT INTO Users VALUES (620067428,'Debbie','Garnes','DebbieGarnes@gmail.com','GarnesDebbie');
INSERT INTO Students VALUES (620067428,'UNDERGRAD','01-01-2020');
INSERT INTO Enrolled (u_id,courseCode) VALUES (620067428,'BIOC1725'),(620067428,'MATH3209'),(620067428,'PHYS1979'),(620067428,'COMP3418'),(620067428,'CHEM1485');
INSERT INTO Users VALUES (620067429,'Holly','Noggle','HollyNoggle@gmail.com','NoggleHolly');
INSERT INTO Students VALUES (620067429,'UNDERGRAD','01-01-2020');
INSERT INTO Enrolled (u_id,courseCode) VALUES (620067429,'BIOC1448'),(620067429,'COMP3536'),(620067429,'COMP2717');
INSERT INTO Users VALUES (620067430,'Deanna','Briggs','DeannaBriggs@gmail.com','BriggsDeanna');
INSERT INTO Students VALUES (620067430,'UNDERGRAD','01-01-2020');
INSERT INTO Enrolled (u_id,courseCode) VALUES (620067430,'MATH2873'),(620067430,'MATH1578'),(620067430,'MATH3209'),(620067430,'PHYS1173');
INSERT INTO Users VALUES (620067431,'Shannon','Robinson','ShannonRobinson@gmail.com','RobinsonShannon');
INSERT INTO Students VALUES (620067431,'UNDERGRAD','01-01-2020');
INSERT INTO Enrolled (u_id,courseCode) VALUES (620067431,'PHYS2229'),(620067431,'PHYS2451'),(620067431,'INFO1833'),(620067431,'COMP3697'),(620067431,'ECON1098'),(620067431,'ECON1230');
INSERT INTO Users VALUES (620067432,'Mary','Bennett','MaryBennett@gmail.com','BennettMary');
INSERT INTO Students VALUES (620067432,'UNDERGRAD','01-01-2020');
INSERT INTO Enrolled (u_id,courseCode) VALUES (620067432,'CHEM2065'),(620067432,'MATH1648'),(620067432,'PHYS3052'),(620067432,'INFO3935'),(620067432,'INFO2811'),(620067432,'COMP1867');
INSERT INTO Users VALUES (620067433,'Maria','Collins','MariaCollins@gmail.com','CollinsMaria');
INSERT INTO Students VALUES (620067433,'UNDERGRAD','01-01-2020');
INSERT INTO Enrolled (u_id,courseCode) VALUES (620067433,'INFO1145'),(620067433,'BIOC2054'),(620067433,'ECON3523'),(620067433,'CHEM1613');
INSERT INTO Users VALUES (620067434,'Julius','Amberg','JuliusAmberg@gmail.com','AmbergJulius');
INSERT INTO Students VALUES (620067434,'UNDERGRAD','01-01-2020');
INSERT INTO Enrolled (u_id,courseCode) VALUES (620067434,'COMP3238'),(620067434,'PHYS2229'),(620067434,'INFO1145'),(620067434,'CHEM1807');
INSERT INTO Users VALUES (620067435,'Marjorie','Mejias','MarjorieMejias@gmail.com','MejiasMarjorie');
INSERT INTO Students VALUES (620067435,'UNDERGRAD','01-01-2020');
INSERT INTO Enrolled (u_id,courseCode) VALUES (620067435,'MATH1735'),(620067435,'INFO2521'),(620067435,'BIOC1744');
INSERT INTO Users VALUES (620067436,'Terri','Tallent','TerriTallent@gmail.com','TallentTerri');
INSERT INTO Students VALUES (620067436,'UNDERGRAD','01-01-2020');
INSERT INTO Enrolled (u_id,courseCode) VALUES (620067436,'INFO1242'),(620067436,'MATH1735'),(620067436,'COMP3697'),(620067436,'MATH2555'),(620067436,'PHYS2563');
INSERT INTO Users VALUES (620067437,'Clyde','Evans','ClydeEvans@gmail.com','EvansClyde');
INSERT INTO Students VALUES (620067437,'UNDERGRAD','01-01-2020');
INSERT INTO Enrolled (u_id,courseCode) VALUES (620067437,'INFO1145'),(620067437,'ECON2703'),(620067437,'MATH3857'),(620067437,'PHYS2448');
INSERT INTO Users VALUES (620067438,'David','Harms','DavidHarms@gmail.com','HarmsDavid');
INSERT INTO Students VALUES (620067438,'UNDERGRAD','01-01-2020');
INSERT INTO Enrolled (u_id,courseCode) VALUES (620067438,'ECON2387'),(620067438,'ECON2703'),(620067438,'BIOC3604');
INSERT INTO Users VALUES (620067439,'Jewell','Heckstall','JewellHeckstall@gmail.com','HeckstallJewell');
INSERT INTO Students VALUES (620067439,'UNDERGRAD','01-01-2020');
INSERT INTO Enrolled (u_id,courseCode) VALUES (620067439,'BIOC3191'),(620067439,'COMP1867'),(620067439,'PHYS2238'),(620067439,'BIOC1534');
INSERT INTO Users VALUES (620067440,'Shannon','Long','ShannonLong@gmail.com','LongShannon');
INSERT INTO Students VALUES (620067440,'UNDERGRAD','01-01-2020');
INSERT INTO Enrolled (u_id,courseCode) VALUES (620067440,'INFO2636'),(620067440,'BIOC2671'),(620067440,'INFO2813'),(620067440,'COMP2361'),(620067440,'INFO2147');
INSERT INTO Users VALUES (620067441,'Casey','Meraz','CaseyMeraz@gmail.com','MerazCasey');
INSERT INTO Students VALUES (620067441,'UNDERGRAD','01-01-2020');
INSERT INTO Enrolled (u_id,courseCode) VALUES (620067441,'BIOC3721'),(620067441,'MATH1638'),(620067441,'PHYS3876'),(620067441,'PHYS3339'),(620067441,'CHEM2797'),(620067441,'CHEM2066');
INSERT INTO Users VALUES (620067442,'Bryan','Williams','BryanWilliams@gmail.com','WilliamsBryan');
INSERT INTO Students VALUES (620067442,'UNDERGRAD','01-01-2020');
INSERT INTO Enrolled (u_id,courseCode) VALUES (620067442,'MATH3173'),(620067442,'CHEM2065'),(620067442,'PHYS2238'),(620067442,'COMP2361'),(620067442,'CHEM2797');
INSERT INTO Users VALUES (620067443,'Bryan','James','BryanJames@gmail.com','JamesBryan');
INSERT INTO Students VALUES (620067443,'UNDERGRAD','01-01-2020');
INSERT INTO Enrolled (u_id,courseCode) VALUES (620067443,'CHEM3793'),(620067443,'INFO2813'),(620067443,'COMP3849');
INSERT INTO Users VALUES (620067444,'Byron','Carrillo','ByronCarrillo@gmail.com','CarrilloByron');
INSERT INTO Students VALUES (620067444,'UNDERGRAD','01-01-2020');
INSERT INTO Enrolled (u_id,courseCode) VALUES (620067444,'CHEM3054'),(620067444,'BIOC3457'),(620067444,'CHEM3347');
INSERT INTO Users VALUES (620067445,'Erin','Macpartland','ErinMacpartland@gmail.com','MacpartlandErin');
INSERT INTO Students VALUES (620067445,'UNDERGRAD','01-01-2020');
INSERT INTO Enrolled (u_id,courseCode) VALUES (620067445,'CHEM2481'),(620067445,'MATH3688'),(620067445,'BIOC2981');
INSERT INTO Users VALUES (620067446,'Hector','Armstead','HectorArmstead@gmail.com','ArmsteadHector');
INSERT INTO Students VALUES (620067446,'UNDERGRAD','01-01-2020');
INSERT INTO Enrolled (u_id,courseCode) VALUES (620067446,'MATH2501'),(620067446,'BIOC1725'),(620067446,'BIOC1534');
INSERT INTO Users VALUES (620067447,'Roy','Walker','RoyWalker@gmail.com','WalkerRoy');
INSERT INTO Students VALUES (620067447,'UNDERGRAD','01-01-2020');
INSERT INTO Enrolled (u_id,courseCode) VALUES (620067447,'BIOC1448'),(620067447,'MATH1735'),(620067447,'PHYS3339'),(620067447,'COMP1460'),(620067447,'MATH1454'),(620067447,'CHEM2031');
INSERT INTO Users VALUES (620067448,'Byron','Burch','ByronBurch@gmail.com','BurchByron');
INSERT INTO Students VALUES (620067448,'UNDERGRAD','01-01-2020');
INSERT INTO Enrolled (u_id,courseCode) VALUES (620067448,'INFO2337'),(620067448,'BIOC1986'),(620067448,'ECON1170'),(620067448,'BIOC1910'),(620067448,'CHEM2066'),(620067448,'CHEM2446');
INSERT INTO Users VALUES (620067449,'Patricia','Bordelon','PatriciaBordelon@gmail.com','BordelonPatricia');
INSERT INTO Students VALUES (620067449,'UNDERGRAD','01-01-2020');
INSERT INTO Enrolled (u_id,courseCode) VALUES (620067449,'COMP1543'),(620067449,'ECON1230'),(620067449,'MATH2555');
INSERT INTO Users VALUES (620067450,'Sean','Carlos','SeanCarlos@gmail.com','CarlosSean');
INSERT INTO Students VALUES (620067450,'UNDERGRAD','01-01-2020');
INSERT INTO Enrolled (u_id,courseCode) VALUES (620067450,'MATH2873'),(620067450,'INFO3603'),(620067450,'ECON3276'),(620067450,'COMP3047'),(620067450,'BIOC1104');
INSERT INTO Users VALUES (620067451,'Dominick','Caudill','DominickCaudill@gmail.com','CaudillDominick');
INSERT INTO Students VALUES (620067451,'UNDERGRAD','01-01-2020');
INSERT INTO Enrolled (u_id,courseCode) VALUES (620067451,'PHYS2306'),(620067451,'CHEM1613'),(620067451,'ECON2387');
INSERT INTO Users VALUES (620067452,'James','Hanks','JamesHanks@gmail.com','HanksJames');
INSERT INTO Students VALUES (620067452,'UNDERGRAD','01-01-2020');
INSERT INTO Enrolled (u_id,courseCode) VALUES (620067452,'MATH3544'),(620067452,'PHYS1173'),(620067452,'BIOC2054'),(620067452,'PHYS3052'),(620067452,'ECON2387'),(620067452,'COMP2080');
INSERT INTO Users VALUES (620067453,'Katie','Ratterman','KatieRatterman@gmail.com','RattermanKatie');
INSERT INTO Students VALUES (620067453,'UNDERGRAD','01-01-2020');
INSERT INTO Enrolled (u_id,courseCode) VALUES (620067453,'PHYS2238'),(620067453,'MATH2957'),(620067453,'COMP3536'),(620067453,'PHYS3354'),(620067453,'COMP3639');
INSERT INTO Users VALUES (620067454,'Willard','Butler','WillardButler@gmail.com','ButlerWillard');
INSERT INTO Students VALUES (620067454,'UNDERGRAD','01-01-2020');
INSERT INTO Enrolled (u_id,courseCode) VALUES (620067454,'MATH3613'),(620067454,'COMP2965'),(620067454,'COMP1573'),(620067454,'COMP2080'),(620067454,'BIOC1744');
INSERT INTO Users VALUES (620067455,'Harold','Carlyle','HaroldCarlyle@gmail.com','CarlyleHarold');
INSERT INTO Students VALUES (620067455,'UNDERGRAD','01-01-2020');
INSERT INTO Enrolled (u_id,courseCode) VALUES (620067455,'ECON3311'),(620067455,'INFO3603'),(620067455,'INFO3868'),(620067455,'PHYS1399'),(620067455,'MATH2501'),(620067455,'COMP2077');
INSERT INTO Users VALUES (620067456,'Carol','Sultzer','CarolSultzer@gmail.com','SultzerCarol');
INSERT INTO Students VALUES (620067456,'UNDERGRAD','01-01-2020');
INSERT INTO Enrolled (u_id,courseCode) VALUES (620067456,'PHYS1399'),(620067456,'PHYS1979'),(620067456,'ECON3020'),(620067456,'BIOC3341'),(620067456,'ECON3523'),(620067456,'MATH1638');
INSERT INTO Users VALUES (620067457,'John','Alvarez','JohnAlvarez@gmail.com','AlvarezJohn');
INSERT INTO Students VALUES (620067457,'UNDERGRAD','01-01-2020');
INSERT INTO Enrolled (u_id,courseCode) VALUES (620067457,'MATH1735'),(620067457,'ECON3228'),(620067457,'MATH1250'),(620067457,'COMP2541');
INSERT INTO Users VALUES (620067458,'Paul','Decker','PaulDecker@gmail.com','DeckerPaul');
INSERT INTO Students VALUES (620067458,'UNDERGRAD','01-01-2020');
INSERT INTO Enrolled (u_id,courseCode) VALUES (620067458,'PHYS2113'),(620067458,'COMP3639'),(620067458,'MATH2873'),(620067458,'BIOC1598');
INSERT INTO Users VALUES (620067459,'Angela','Tate','AngelaTate@gmail.com','TateAngela');
INSERT INTO Students VALUES (620067459,'UNDERGRAD','01-01-2020');
INSERT INTO Enrolled (u_id,courseCode) VALUES (620067459,'COMP3536'),(620067459,'BIOC1448'),(620067459,'BIOC1986');
INSERT INTO Users VALUES (620067460,'Evelyn','Duffy','EvelynDuffy@gmail.com','DuffyEvelyn');
INSERT INTO Students VALUES (620067460,'UNDERGRAD','01-01-2020');
INSERT INTO Enrolled (u_id,courseCode) VALUES (620067460,'MATH1148'),(620067460,'COMP2965'),(620067460,'PHYS2117'),(620067460,'COMP3746'),(620067460,'PHYS2238'),(620067460,'ECON3447');
INSERT INTO Users VALUES (620067461,'Angela','Turkus','AngelaTurkus@gmail.com','TurkusAngela');
INSERT INTO Students VALUES (620067461,'UNDERGRAD','01-01-2020');
INSERT INTO Enrolled (u_id,courseCode) VALUES (620067461,'CHEM2604'),(620067461,'MATH1309'),(620067461,'INFO2860');
INSERT INTO Users VALUES (620067462,'Diane','Walden','DianeWalden@gmail.com','WaldenDiane');
INSERT INTO Students VALUES (620067462,'UNDERGRAD','01-01-2020');
INSERT INTO Enrolled (u_id,courseCode) VALUES (620067462,'PHYS3729'),(620067462,'ECON3288'),(620067462,'CHEM2065');
INSERT INTO Users VALUES (620067463,'Weldon','Burney','WeldonBurney@gmail.com','BurneyWeldon');
INSERT INTO Students VALUES (620067463,'UNDERGRAD','01-01-2020');
INSERT INTO Enrolled (u_id,courseCode) VALUES (620067463,'COMP1357'),(620067463,'ECON1170'),(620067463,'BIOC1866');
INSERT INTO Users VALUES (620067464,'Wanda','Joeckel','WandaJoeckel@gmail.com','JoeckelWanda');
INSERT INTO Students VALUES (620067464,'UNDERGRAD','01-01-2020');
INSERT INTO Enrolled (u_id,courseCode) VALUES (620067464,'ECON1996'),(620067464,'COMP3639'),(620067464,'BIOC2054'),(620067464,'COMP3849'),(620067464,'BIOC2589'),(620067464,'ECON3288');
INSERT INTO Users VALUES (620067465,'Daniel','Brock','DanielBrock@gmail.com','BrockDaniel');
INSERT INTO Students VALUES (620067465,'UNDERGRAD','01-01-2020');
INSERT INTO Enrolled (u_id,courseCode) VALUES (620067465,'COMP2400'),(620067465,'CHEM2797'),(620067465,'INFO2147'),(620067465,'CHEM3747');
INSERT INTO Users VALUES (620067466,'Greg','Gilmore','GregGilmore@gmail.com','GilmoreGreg');
INSERT INTO Students VALUES (620067466,'UNDERGRAD','01-01-2020');
INSERT INTO Enrolled (u_id,courseCode) VALUES (620067466,'INFO3636'),(620067466,'MATH1262'),(620067466,'ECON3228'),(620067466,'PHYS3354'),(620067466,'BIOC1448'),(620067466,'MATH2555');
INSERT INTO Users VALUES (620067467,'Magdalen','Eubank','MagdalenEubank@gmail.com','EubankMagdalen');
INSERT INTO Students VALUES (620067467,'UNDERGRAD','01-01-2020');
INSERT INTO Enrolled (u_id,courseCode) VALUES (620067467,'COMP3418'),(620067467,'PHYS2117'),(620067467,'MATH3173'),(620067467,'CHEM3617');
INSERT INTO Users VALUES (620067468,'Cristina','Hayes','CristinaHayes@gmail.com','HayesCristina');
INSERT INTO Students VALUES (620067468,'UNDERGRAD','01-01-2020');
INSERT INTO Enrolled (u_id,courseCode) VALUES (620067468,'CHEM2697'),(620067468,'BIOC2671'),(620067468,'BIOC2054'),(620067468,'COMP3418'),(620067468,'PHYS1173'),(620067468,'COMP1573');
INSERT INTO Users VALUES (620067469,'Rene','Eaton','ReneEaton@gmail.com','EatonRene');
INSERT INTO Students VALUES (620067469,'UNDERGRAD','01-01-2020');
INSERT INTO Enrolled (u_id,courseCode) VALUES (620067469,'ECON3063'),(620067469,'BIOC1104'),(620067469,'COMP3506');
INSERT INTO Users VALUES (620067470,'Holly','Gilman','HollyGilman@gmail.com','GilmanHolly');
INSERT INTO Students VALUES (620067470,'UNDERGRAD','01-01-2020');
INSERT INTO Enrolled (u_id,courseCode) VALUES (620067470,'ECON2387'),(620067470,'PHYS2977'),(620067470,'PHYS2448'),(620067470,'CHEM2220');
INSERT INTO Users VALUES (620067471,'Cassie','Garcia','CassieGarcia@gmail.com','GarciaCassie');
INSERT INTO Students VALUES (620067471,'UNDERGRAD','01-01-2020');
INSERT INTO Enrolled (u_id,courseCode) VALUES (620067471,'MATH3844'),(620067471,'ECON2345'),(620067471,'MATH3209');
INSERT INTO Users VALUES (620067472,'Willard','Jesse','WillardJesse@gmail.com','JesseWillard');
INSERT INTO Students VALUES (620067472,'UNDERGRAD','01-01-2020');
INSERT INTO Enrolled (u_id,courseCode) VALUES (620067472,'CHEM2177'),(620067472,'BIOC3604'),(620067472,'PHYS2338'),(620067472,'INFO2559'),(620067472,'MATH1262');
INSERT INTO Users VALUES (620067473,'Timothy','Barnett','TimothyBarnett@gmail.com','BarnettTimothy');
INSERT INTO Students VALUES (620067473,'UNDERGRAD','01-01-2020');
INSERT INTO Enrolled (u_id,courseCode) VALUES (620067473,'ECON3989'),(620067473,'PHYS3686'),(620067473,'PHYS3464');
INSERT INTO Users VALUES (620067474,'Erin','Aybar','ErinAybar@gmail.com','AybarErin');
INSERT INTO Students VALUES (620067474,'UNDERGRAD','01-01-2020');
INSERT INTO Enrolled (u_id,courseCode) VALUES (620067474,'CHEM2220'),(620067474,'COMP2361'),(620067474,'BIOC2671');
INSERT INTO Users VALUES (620067475,'Gloria','Garcia','GloriaGarcia@gmail.com','GarciaGloria');
INSERT INTO Students VALUES (620067475,'UNDERGRAD','01-01-2020');
INSERT INTO Enrolled (u_id,courseCode) VALUES (620067475,'INFO2559'),(620067475,'BIOC3230'),(620067475,'PHYS3052'),(620067475,'ECON1645'),(620067475,'MATH2550');
INSERT INTO Users VALUES (620067476,'Esmeralda','Smith','EsmeraldaSmith@gmail.com','SmithEsmeralda');
INSERT INTO Students VALUES (620067476,'UNDERGRAD','01-01-2020');
INSERT INTO Enrolled (u_id,courseCode) VALUES (620067476,'CHEM3327'),(620067476,'COMP1867'),(620067476,'CHEM2446'),(620067476,'CHEM2177');
INSERT INTO Users VALUES (620067477,'Joyce','Calvert','JoyceCalvert@gmail.com','CalvertJoyce');
INSERT INTO Students VALUES (620067477,'UNDERGRAD','01-01-2020');
INSERT INTO Enrolled (u_id,courseCode) VALUES (620067477,'INFO3868'),(620067477,'CHEM1485'),(620067477,'COMP2651'),(620067477,'BIOC1439');
INSERT INTO Users VALUES (620067478,'Patsy','Joaquin','PatsyJoaquin@gmail.com','JoaquinPatsy');
INSERT INTO Students VALUES (620067478,'UNDERGRAD','01-01-2020');
INSERT INTO Enrolled (u_id,courseCode) VALUES (620067478,'CHEM2797'),(620067478,'BIOC3230'),(620067478,'PHYS2563'),(620067478,'PHYS3290'),(620067478,'COMP2080');
INSERT INTO Users VALUES (620067479,'Vickie','Parker','VickieParker@gmail.com','ParkerVickie');
INSERT INTO Students VALUES (620067479,'UNDERGRAD','01-01-2020');
INSERT INTO Enrolled (u_id,courseCode) VALUES (620067479,'INFO2950'),(620067479,'ECON3020'),(620067479,'ECON3523'),(620067479,'BIOC2589'),(620067479,'CHEM1494');
INSERT INTO Users VALUES (620067480,'Young','Colley','YoungColley@gmail.com','ColleyYoung');
INSERT INTO Students VALUES (620067480,'UNDERGRAD','01-01-2020');
INSERT INTO Enrolled (u_id,courseCode) VALUES (620067480,'ECON3523'),(620067480,'COMP2400'),(620067480,'ECON3288'),(620067480,'CHEM3347'),(620067480,'COMP1867'),(620067480,'BIOC2983');
INSERT INTO Users VALUES (620067481,'Blake','Dumas','BlakeDumas@gmail.com','DumasBlake');
INSERT INTO Students VALUES (620067481,'UNDERGRAD','01-01-2020');
INSERT INTO Enrolled (u_id,courseCode) VALUES (620067481,'BIOC1052'),(620067481,'BIOC3341'),(620067481,'MATH3544');
INSERT INTO Users VALUES (620067482,'Randy','Granado','RandyGranado@gmail.com','GranadoRandy');
INSERT INTO Students VALUES (620067482,'UNDERGRAD','01-01-2020');
INSERT INTO Enrolled (u_id,courseCode) VALUES (620067482,'MATH3059'),(620067482,'COMP3746'),(620067482,'COMP3506');
INSERT INTO Users VALUES (620067483,'Dwayne','Flowers','DwayneFlowers@gmail.com','FlowersDwayne');
INSERT INTO Students VALUES (620067483,'UNDERGRAD','01-01-2020');
INSERT INTO Enrolled (u_id,courseCode) VALUES (620067483,'COMP1867'),(620067483,'COMP3697'),(620067483,'COMP3536'),(620067483,'PHYS3290');
INSERT INTO Users VALUES (620067484,'Warren','Carlyle','WarrenCarlyle@gmail.com','CarlyleWarren');
INSERT INTO Students VALUES (620067484,'UNDERGRAD','01-01-2020');
INSERT INTO Enrolled (u_id,courseCode) VALUES (620067484,'COMP2717'),(620067484,'COMP3685'),(620067484,'MATH1262'),(620067484,'PHYS1399');
INSERT INTO Users VALUES (620067485,'Brenda','Truitt','BrendaTruitt@gmail.com','TruittBrenda');
INSERT INTO Students VALUES (620067485,'UNDERGRAD','01-01-2020');
INSERT INTO Enrolled (u_id,courseCode) VALUES (620067485,'CHEM3793'),(620067485,'ECON2387'),(620067485,'COMP3849'),(620067485,'BIOC1794'),(620067485,'ECON2722'),(620067485,'MATH2801');
INSERT INTO Users VALUES (620067486,'Lauren','Bennett','LaurenBennett@gmail.com','BennettLauren');
INSERT INTO Students VALUES (620067486,'UNDERGRAD','01-01-2020');
INSERT INTO Enrolled (u_id,courseCode) VALUES (620067486,'COMP3536'),(620067486,'INFO2797'),(620067486,'PHYS2229');
INSERT INTO Users VALUES (620067487,'Shannon','Miller','ShannonMiller@gmail.com','MillerShannon');
INSERT INTO Students VALUES (620067487,'UNDERGRAD','01-01-2020');
INSERT INTO Enrolled (u_id,courseCode) VALUES (620067487,'BIOC3457'),(620067487,'CHEM1485'),(620067487,'CHEM3054'),(620067487,'PHYS3876'),(620067487,'BIOC2236'),(620067487,'CHEM2481');
INSERT INTO Users VALUES (620067488,'Tracy','Pelletier','TracyPelletier@gmail.com','PelletierTracy');
INSERT INTO Students VALUES (620067488,'UNDERGRAD','01-01-2020');
INSERT INTO Enrolled (u_id,courseCode) VALUES (620067488,'PHYS2113'),(620067488,'BIOC3721'),(620067488,'CHEM3617'),(620067488,'CHEM2031'),(620067488,'BIOC2589');
INSERT INTO Users VALUES (620067489,'Terri','Merna','TerriMerna@gmail.com','MernaTerri');
INSERT INTO Students VALUES (620067489,'UNDERGRAD','01-01-2020');
INSERT INTO Enrolled (u_id,courseCode) VALUES (620067489,'ECON1589'),(620067489,'ECON1458'),(620067489,'PHYS1979'),(620067489,'COMP2965');
INSERT INTO Users VALUES (620067490,'Greg','Avery','GregAvery@gmail.com','AveryGreg');
INSERT INTO Students VALUES (620067490,'UNDERGRAD','01-01-2020');
INSERT INTO Enrolled (u_id,courseCode) VALUES (620067490,'CHEM2481'),(620067490,'BIOC1104'),(620067490,'INFO1447'),(620067490,'MATH1638'),(620067490,'BIOC1986');
INSERT INTO Users VALUES (620067491,'Teresa','Dahlheimer','TeresaDahlheimer@gmail.com','DahlheimerTeresa');
INSERT INTO Students VALUES (620067491,'UNDERGRAD','01-01-2020');
INSERT INTO Enrolled (u_id,courseCode) VALUES (620067491,'MATH3173'),(620067491,'INFO2636'),(620067491,'PHYS2338');
INSERT INTO Users VALUES (620067492,'Vivian','Cardona','VivianCardona@gmail.com','CardonaVivian');
INSERT INTO Students VALUES (620067492,'UNDERGRAD','01-01-2020');
INSERT INTO Enrolled (u_id,courseCode) VALUES (620067492,'ECON1498'),(620067492,'CHEM2149'),(620067492,'BIOC2054'),(620067492,'CHEM2867'),(620067492,'INFO1242');
INSERT INTO Users VALUES (620067493,'Dawn','Brock','DawnBrock@gmail.com','BrockDawn');
INSERT INTO Students VALUES (620067493,'UNDERGRAD','01-01-2020');
INSERT INTO Enrolled (u_id,courseCode) VALUES (620067493,'COMP3685'),(620067493,'ECON1170'),(620067493,'COMP2651');
INSERT INTO Users VALUES (620067494,'Edna','Pulley','EdnaPulley@gmail.com','PulleyEdna');
INSERT INTO Students VALUES (620067494,'UNDERGRAD','01-01-2020');
INSERT INTO Enrolled (u_id,courseCode) VALUES (620067494,'ECON1996'),(620067494,'BIOC1598'),(620067494,'PHYS3339'),(620067494,'MATH1262'),(620067494,'COMP3047'),(620067494,'INFO2797');
INSERT INTO Users VALUES (620067495,'Julius','Macpartland','JuliusMacpartland@gmail.com','MacpartlandJulius');
INSERT INTO Students VALUES (620067495,'UNDERGRAD','01-01-2020');
INSERT INTO Enrolled (u_id,courseCode) VALUES (620067495,'MATH1578'),(620067495,'ECON2722'),(620067495,'PHYS2238'),(620067495,'BIOC1725');
INSERT INTO Users VALUES (620067496,'Edwin','Heckstall','EdwinHeckstall@gmail.com','HeckstallEdwin');
INSERT INTO Students VALUES (620067496,'UNDERGRAD','01-01-2020');
INSERT INTO Enrolled (u_id,courseCode) VALUES (620067496,'PHYS1399'),(620067496,'COMP2965'),(620067496,'BIOC3230'),(620067496,'PHYS3686'),(620067496,'PHYS2117');
INSERT INTO Users VALUES (620067497,'Stanley','Steere','StanleySteere@gmail.com','SteereStanley');
INSERT INTO Students VALUES (620067497,'UNDERGRAD','01-01-2020');
INSERT INTO Enrolled (u_id,courseCode) VALUES (620067497,'CHEM2481'),(620067497,'MATH1262'),(620067497,'COMP2651'),(620067497,'ECON3523'),(620067497,'COMP3506');
INSERT INTO Users VALUES (620067498,'Colin','Fields','ColinFields@gmail.com','FieldsColin');
INSERT INTO Students VALUES (620067498,'UNDERGRAD','01-01-2020');
INSERT INTO Enrolled (u_id,courseCode) VALUES (620067498,'PHYS2229'),(620067498,'COMP1460'),(620067498,'CHEM3347'),(620067498,'CHEM3409'),(620067498,'CHEM2446');
INSERT INTO Users VALUES (620067499,'Lorenza','Vargas','LorenzaVargas@gmail.com','VargasLorenza');
INSERT INTO Students VALUES (620067499,'UNDERGRAD','01-01-2020');
INSERT INTO Enrolled (u_id,courseCode) VALUES (620067499,'COMP2361'),(620067499,'CHEM1340'),(620067499,'MATH3173'),(620067499,'MATH1454'),(620067499,'ECON3288'),(620067499,'ECON1561');
INSERT INTO Users VALUES (620067500,'Traci','Carrington','TraciCarrington@gmail.com','CarringtonTraci');
INSERT INTO Students VALUES (620067500,'UNDERGRAD','01-01-2020');
INSERT INTO Enrolled (u_id,courseCode) VALUES (620067500,'PHYS3659'),(620067500,'PHYS2667'),(620067500,'PHYS2448'),(620067500,'ECON3063'),(620067500,'PHYS3787');
INSERT INTO Users VALUES (620067501,'Sheila','Carrillo','SheilaCarrillo@gmail.com','CarrilloSheila');
INSERT INTO Students VALUES (620067501,'UNDERGRAD','01-01-2020');
INSERT INTO Enrolled (u_id,courseCode) VALUES (620067501,'BIOC1866'),(620067501,'PHYS3787'),(620067501,'ECON3228');
INSERT INTO Users VALUES (620067502,'Leo','Stovall','LeoStovall@gmail.com','StovallLeo');
INSERT INTO Students VALUES (620067502,'UNDERGRAD','01-01-2020');
INSERT INTO Enrolled (u_id,courseCode) VALUES (620067502,'PHYS2448'),(620067502,'PHYS2117'),(620067502,'INFO1648'),(620067502,'ECON3276'),(620067502,'CHEM1494');
INSERT INTO Users VALUES (620067503,'Joan','Vario','JoanVario@gmail.com','VarioJoan');
INSERT INTO Students VALUES (620067503,'UNDERGRAD','01-01-2020');
INSERT INTO Enrolled (u_id,courseCode) VALUES (620067503,'MATH3844'),(620067503,'CHEM2220'),(620067503,'PHYS2238');
INSERT INTO Users VALUES (620067504,'Delia','Morey','DeliaMorey@gmail.com','MoreyDelia');
INSERT INTO Students VALUES (620067504,'UNDERGRAD','01-01-2020');
INSERT INTO Enrolled (u_id,courseCode) VALUES (620067504,'INFO1833'),(620067504,'ECON3311'),(620067504,'CHEM3747'),(620067504,'CHEM3054'),(620067504,'BIOC3230'),(620067504,'BIOC1794');
INSERT INTO Users VALUES (620067505,'Clarence','Carlson','ClarenceCarlson@gmail.com','CarlsonClarence');
INSERT INTO Students VALUES (620067505,'UNDERGRAD','01-01-2020');
INSERT INTO Enrolled (u_id,courseCode) VALUES (620067505,'ECON3989'),(620067505,'COMP3084'),(620067505,'COMP2361'),(620067505,'PHYS3729'),(620067505,'INFO3603'),(620067505,'ECON1230');
INSERT INTO Users VALUES (620067506,'Alfred','Williams','AlfredWilliams@gmail.com','WilliamsAlfred');
INSERT INTO Students VALUES (620067506,'UNDERGRAD','01-01-2020');
INSERT INTO Enrolled (u_id,courseCode) VALUES (620067506,'ECON3523'),(620067506,'INFO2147'),(620067506,'INFO3935'),(620067506,'PHYS2563'),(620067506,'PHYS2113'),(620067506,'CHEM3327');
INSERT INTO Users VALUES (620067507,'Jesus','Bower','JesusBower@gmail.com','BowerJesus');
INSERT INTO Students VALUES (620067507,'UNDERGRAD','01-01-2020');
INSERT INTO Enrolled (u_id,courseCode) VALUES (620067507,'CHEM3409'),(620067507,'MATH1148'),(620067507,'PHYS3290'),(620067507,'CHEM3327'),(620067507,'PHYS2113');
INSERT INTO Users VALUES (620067508,'Tia','Blevins','TiaBlevins@gmail.com','BlevinsTia');
INSERT INTO Students VALUES (620067508,'UNDERGRAD','01-01-2020');
INSERT INTO Enrolled (u_id,courseCode) VALUES (620067508,'COMP3697'),(620067508,'BIOC1164'),(620067508,'COMP2400');
INSERT INTO Users VALUES (620067509,'Grace','Wilson','GraceWilson@gmail.com','WilsonGrace');
INSERT INTO Students VALUES (620067509,'UNDERGRAD','01-01-2020');
INSERT INTO Enrolled (u_id,courseCode) VALUES (620067509,'PHYS3659'),(620067509,'BIOC1744'),(620067509,'INFO2860');
INSERT INTO Users VALUES (620067510,'Kenneth','Bennett','KennethBennett@gmail.com','BennettKenneth');
INSERT INTO Students VALUES (620067510,'UNDERGRAD','01-01-2020');
INSERT INTO Enrolled (u_id,courseCode) VALUES (620067510,'MATH2188'),(620067510,'ECON3447'),(620067510,'BIOC1534'),(620067510,'COMP3536'),(620067510,'PHYS3876'),(620067510,'ECON1498');
INSERT INTO Users VALUES (620067511,'Stephen','Garnes','StephenGarnes@gmail.com','GarnesStephen');
INSERT INTO Students VALUES (620067511,'UNDERGRAD','01-01-2020');
INSERT INTO Enrolled (u_id,courseCode) VALUES (620067511,'INFO1833'),(620067511,'COMP3084'),(620067511,'BIOC2236'),(620067511,'ECON3085'),(620067511,'MATH2550');
INSERT INTO Users VALUES (620067512,'Randy','Jones','RandyJones@gmail.com','JonesRandy');
INSERT INTO Students VALUES (620067512,'UNDERGRAD','01-01-2020');
INSERT INTO Enrolled (u_id,courseCode) VALUES (620067512,'BIOC1104'),(620067512,'ECON3281'),(620067512,'ECON2722'),(620067512,'PHYS1173'),(620067512,'MATH3857'),(620067512,'COMP3849');
INSERT INTO Users VALUES (620067513,'Gloria','Thomas','GloriaThomas@gmail.com','ThomasGloria');
INSERT INTO Students VALUES (620067513,'UNDERGRAD','01-01-2020');
INSERT INTO Enrolled (u_id,courseCode) VALUES (620067513,'ECON1170'),(620067513,'COMP3238'),(620067513,'ECON1589');
INSERT INTO Users VALUES (620067514,'Jason','Allen','JasonAllen@gmail.com','AllenJason');
INSERT INTO Students VALUES (620067514,'UNDERGRAD','01-01-2020');
INSERT INTO Enrolled (u_id,courseCode) VALUES (620067514,'MATH1309'),(620067514,'INFO1014'),(620067514,'MATH2067'),(620067514,'PHYS1930'),(620067514,'MATH2550');
INSERT INTO Users VALUES (620067515,'Luella','Granado','LuellaGranado@gmail.com','GranadoLuella');
INSERT INTO Students VALUES (620067515,'UNDERGRAD','01-01-2020');
INSERT INTO Enrolled (u_id,courseCode) VALUES (620067515,'CHEM3888'),(620067515,'COMP3238'),(620067515,'PHYS2117');
INSERT INTO Users VALUES (620067516,'Juanita','Moldrem','JuanitaMoldrem@gmail.com','MoldremJuanita');
INSERT INTO Students VALUES (620067516,'UNDERGRAD','01-01-2020');
INSERT INTO Enrolled (u_id,courseCode) VALUES (620067516,'INFO2213'),(620067516,'MATH3209'),(620067516,'CHEM1485');
INSERT INTO Users VALUES (620067517,'Janet','Scully','JanetScully@gmail.com','ScullyJanet');
INSERT INTO Students VALUES (620067517,'UNDERGRAD','01-01-2020');
INSERT INTO Enrolled (u_id,courseCode) VALUES (620067517,'ECON2345'),(620067517,'COMP1357'),(620067517,'MATH2957'),(620067517,'ECON3447');
INSERT INTO Users VALUES (620067518,'Celia','Halford','CeliaHalford@gmail.com','HalfordCelia');
INSERT INTO Students VALUES (620067518,'UNDERGRAD','01-01-2020');
INSERT INTO Enrolled (u_id,courseCode) VALUES (620067518,'PHYS2977'),(620067518,'CHEM2626'),(620067518,'MATH3688');
INSERT INTO Users VALUES (620067519,'Dean','Guidry','DeanGuidry@gmail.com','GuidryDean');
INSERT INTO Students VALUES (620067519,'UNDERGRAD','01-01-2020');
INSERT INTO Enrolled (u_id,courseCode) VALUES (620067519,'BIOC3457'),(620067519,'BIOC3604'),(620067519,'INFO2147'),(620067519,'COMP3084'),(620067519,'PHYS3659');
INSERT INTO Users VALUES (620067520,'Ethel','Tate','EthelTate@gmail.com','TateEthel');
INSERT INTO Students VALUES (620067520,'UNDERGRAD','01-01-2020');
INSERT INTO Enrolled (u_id,courseCode) VALUES (620067520,'INFO2270'),(620067520,'CHEM2149'),(620067520,'CHEM3617'),(620067520,'CHEM1807');
INSERT INTO Users VALUES (620067521,'Anderson','Ebbs','AndersonEbbs@gmail.com','EbbsAnderson');
INSERT INTO Students VALUES (620067521,'UNDERGRAD','01-01-2020');
INSERT INTO Enrolled (u_id,courseCode) VALUES (620067521,'MATH2188'),(620067521,'PHYS2563'),(620067521,'BIOC3721'),(620067521,'INFO2521'),(620067521,'BIOC1910');
INSERT INTO Users VALUES (620067522,'Sheila','Baccus','SheilaBaccus@gmail.com','BaccusSheila');
INSERT INTO Students VALUES (620067522,'UNDERGRAD','01-01-2020');
INSERT INTO Enrolled (u_id,courseCode) VALUES (620067522,'COMP3047'),(620067522,'INFO2270'),(620067522,'BIOC1052'),(620067522,'MATH2717'),(620067522,'MATH2873'),(620067522,'INFO2716');
INSERT INTO Users VALUES (620067523,'Charlotte','Hudson','CharlotteHudson@gmail.com','HudsonCharlotte');
INSERT INTO Students VALUES (620067523,'UNDERGRAD','01-01-2020');
INSERT INTO Enrolled (u_id,courseCode) VALUES (620067523,'COMP1573'),(620067523,'PHYS2229'),(620067523,'INFO1447'),(620067523,'INFO2811'),(620067523,'COMP3506'),(620067523,'BIOC1986');
INSERT INTO Users VALUES (620067524,'Nancy','Cardona','NancyCardona@gmail.com','CardonaNancy');
INSERT INTO Students VALUES (620067524,'UNDERGRAD','01-01-2020');
INSERT INTO Enrolled (u_id,courseCode) VALUES (620067524,'BIOC1866'),(620067524,'COMP3047'),(620067524,'CHEM3614'),(620067524,'MATH2873'),(620067524,'ECON3288'),(620067524,'INFO2811');
INSERT INTO Users VALUES (620067525,'Antwan','Parker','AntwanParker@gmail.com','ParkerAntwan');
INSERT INTO Students VALUES (620067525,'UNDERGRAD','01-01-2020');
INSERT INTO Enrolled (u_id,courseCode) VALUES (620067525,'BIOC3721'),(620067525,'MATH3059'),(620067525,'CHEM2149');
INSERT INTO Users VALUES (620067526,'Kendra','Prince','KendraPrince@gmail.com','PrinceKendra');
INSERT INTO Students VALUES (620067526,'UNDERGRAD','01-01-2020');
INSERT INTO Enrolled (u_id,courseCode) VALUES (620067526,'ECON2345'),(620067526,'CHEM3347'),(620067526,'PHYS2229');
INSERT INTO Users VALUES (620067527,'Shayne','Gondek','ShayneGondek@gmail.com','GondekShayne');
INSERT INTO Students VALUES (620067527,'UNDERGRAD','01-01-2020');
INSERT INTO Enrolled (u_id,courseCode) VALUES (620067527,'COMP2651'),(620067527,'INFO1242'),(620067527,'MATH1148');
INSERT INTO Users VALUES (620067528,'Sarah','Carrington','SarahCarrington@gmail.com','CarringtonSarah');
INSERT INTO Students VALUES (620067528,'UNDERGRAD','01-01-2020');
INSERT INTO Enrolled (u_id,courseCode) VALUES (620067528,'ECON2722'),(620067528,'COMP2717'),(620067528,'MATH3544');
INSERT INTO Users VALUES (620067529,'Geoffrey','Bennett','GeoffreyBennett@gmail.com','BennettGeoffrey');
INSERT INTO Students VALUES (620067529,'UNDERGRAD','01-01-2020');
INSERT INTO Enrolled (u_id,courseCode) VALUES (620067529,'CHEM3347'),(620067529,'PHYS2117'),(620067529,'ECON3737'),(620067529,'BIOC2983');
INSERT INTO Users VALUES (620067530,'Manuel','Mauk','ManuelMauk@gmail.com','MaukManuel');
INSERT INTO Students VALUES (620067530,'UNDERGRAD','01-01-2020');
INSERT INTO Enrolled (u_id,courseCode) VALUES (620067530,'ECON2703'),(620067530,'COMP3047'),(620067530,'ECON3288'),(620067530,'MATH1250');
INSERT INTO Users VALUES (620067531,'Roger','Garcia','RogerGarcia@gmail.com','GarciaRoger');
INSERT INTO Students VALUES (620067531,'UNDERGRAD','01-01-2020');
INSERT INTO Enrolled (u_id,courseCode) VALUES (620067531,'BIOC3721'),(620067531,'PHYS2229'),(620067531,'ECON3523'),(620067531,'BIOC3457'),(620067531,'COMP3849');
INSERT INTO Users VALUES (620067532,'Janice','Cummings','JaniceCummings@gmail.com','CummingsJanice');
INSERT INTO Students VALUES (620067532,'UNDERGRAD','01-01-2020');
INSERT INTO Enrolled (u_id,courseCode) VALUES (620067532,'COMP1543'),(620067532,'MATH2717'),(620067532,'MATH3222');
INSERT INTO Users VALUES (620067533,'Terri','Shane','TerriShane@gmail.com','ShaneTerri');
INSERT INTO Students VALUES (620067533,'UNDERGRAD','01-01-2020');
INSERT INTO Enrolled (u_id,courseCode) VALUES (620067533,'CHEM2149'),(620067533,'ECON3550'),(620067533,'INFO2213'),(620067533,'MATH3173'),(620067533,'BIOC1052'),(620067533,'MATH2717');
INSERT INTO Users VALUES (620067534,'Angie','Dunn','AngieDunn@gmail.com','DunnAngie');
INSERT INTO Students VALUES (620067534,'UNDERGRAD','01-01-2020');
INSERT INTO Enrolled (u_id,courseCode) VALUES (620067534,'INFO1447'),(620067534,'BIOC1052'),(620067534,'MATH2188'),(620067534,'BIOC2550'),(620067534,'MATH3179');
INSERT INTO Users VALUES (620067535,'Jessie','Baptiste','JessieBaptiste@gmail.com','BaptisteJessie');
INSERT INTO Students VALUES (620067535,'UNDERGRAD','01-01-2020');
INSERT INTO Enrolled (u_id,courseCode) VALUES (620067535,'INFO2521'),(620067535,'CHEM1807'),(620067535,'MATH2555'),(620067535,'PHYS1140');
INSERT INTO Users VALUES (620067536,'Antionette','Swan','AntionetteSwan@gmail.com','SwanAntionette');
INSERT INTO Students VALUES (620067536,'UNDERGRAD','01-01-2020');
INSERT INTO Enrolled (u_id,courseCode) VALUES (620067536,'INFO3603'),(620067536,'COMP3536'),(620067536,'COMP3084'),(620067536,'ECON2722'),(620067536,'MATH1250');
INSERT INTO Users VALUES (620067537,'Suzanne','Lopez','SuzanneLopez@gmail.com','LopezSuzanne');
INSERT INTO Students VALUES (620067537,'UNDERGRAD','01-01-2020');
INSERT INTO Enrolled (u_id,courseCode) VALUES (620067537,'MATH1262'),(620067537,'ECON2814'),(620067537,'INFO2950'),(620067537,'CHEM2727'),(620067537,'COMP3084'),(620067537,'CHEM2626');
INSERT INTO Users VALUES (620067538,'Cheryl','Aybar','CherylAybar@gmail.com','AybarCheryl');
INSERT INTO Students VALUES (620067538,'UNDERGRAD','01-01-2020');
INSERT INTO Enrolled (u_id,courseCode) VALUES (620067538,'INFO1648'),(620067538,'ECON1561'),(620067538,'ECON1498'),(620067538,'PHYS1930'),(620067538,'ECON2387');
INSERT INTO Users VALUES (620067539,'Luella','Hoffman','LuellaHoffman@gmail.com','HoffmanLuella');
INSERT INTO Students VALUES (620067539,'UNDERGRAD','01-01-2020');
INSERT INTO Enrolled (u_id,courseCode) VALUES (620067539,'PHYS3339'),(620067539,'PHYS1399'),(620067539,'COMP1460'),(620067539,'COMP3685'),(620067539,'COMP3849'),(620067539,'CHEM2481');
INSERT INTO Users VALUES (620067540,'Dwight','Evans','DwightEvans@gmail.com','EvansDwight');
INSERT INTO Students VALUES (620067540,'UNDERGRAD','01-01-2020');
INSERT INTO Enrolled (u_id,courseCode) VALUES (620067540,'INFO2147'),(620067540,'COMP3639'),(620067540,'COMP3167');
INSERT INTO Users VALUES (620067541,'Marcus','Vario','MarcusVario@gmail.com','VarioMarcus');
INSERT INTO Students VALUES (620067541,'UNDERGRAD','01-01-2020');
INSERT INTO Enrolled (u_id,courseCode) VALUES (620067541,'BIOC1910'),(620067541,'ECON1561'),(620067541,'COMP2541');
INSERT INTO Users VALUES (620067542,'Ruby','White','RubyWhite@gmail.com','WhiteRuby');
INSERT INTO Students VALUES (620067542,'UNDERGRAD','01-01-2020');
INSERT INTO Enrolled (u_id,courseCode) VALUES (620067542,'CHEM2727'),(620067542,'BIOC3604'),(620067542,'PHYS2977');
INSERT INTO Users VALUES (620067543,'Reggie','Early','ReggieEarly@gmail.com','EarlyReggie');
INSERT INTO Students VALUES (620067543,'UNDERGRAD','01-01-2020');
INSERT INTO Enrolled (u_id,courseCode) VALUES (620067543,'ECON1996'),(620067543,'MATH3029'),(620067543,'MATH3844'),(620067543,'COMP2717');
INSERT INTO Users VALUES (620067544,'Cynthia','King','CynthiaKing@gmail.com','KingCynthia');
INSERT INTO Students VALUES (620067544,'UNDERGRAD','01-01-2020');
INSERT INTO Enrolled (u_id,courseCode) VALUES (620067544,'COMP3746'),(620067544,'MATH2717'),(620067544,'COMP2400'),(620067544,'MATH3613'),(620067544,'PHYS2113'),(620067544,'BIOC3341');
INSERT INTO Users VALUES (620067545,'Stacy','Carlos','StacyCarlos@gmail.com','CarlosStacy');
INSERT INTO Students VALUES (620067545,'UNDERGRAD','01-01-2020');
INSERT INTO Enrolled (u_id,courseCode) VALUES (620067545,'CHEM2446'),(620067545,'MATH2555'),(620067545,'MATH1638'),(620067545,'ECON1645');
INSERT INTO Users VALUES (620067546,'Jake','Jensen','JakeJensen@gmail.com','JensenJake');
INSERT INTO Students VALUES (620067546,'UNDERGRAD','01-01-2020');
INSERT INTO Enrolled (u_id,courseCode) VALUES (620067546,'INFO3935'),(620067546,'ECON3281'),(620067546,'CHEM2031'),(620067546,'ECON1645');
INSERT INTO Users VALUES (620067547,'Aaron','Wengerd','AaronWengerd@gmail.com','WengerdAaron');
INSERT INTO Students VALUES (620067547,'UNDERGRAD','01-01-2020');
INSERT INTO Enrolled (u_id,courseCode) VALUES (620067547,'COMP3173'),(620067547,'INFO1833'),(620067547,'CHEM2481'),(620067547,'COMP2541'),(620067547,'INFO2337'),(620067547,'COMP3167');
INSERT INTO Users VALUES (620067548,'Wanda','Miraglia','WandaMiraglia@gmail.com','MiragliaWanda');
INSERT INTO Students VALUES (620067548,'UNDERGRAD','01-01-2020');
INSERT INTO Enrolled (u_id,courseCode) VALUES (620067548,'MATH3857'),(620067548,'INFO3935'),(620067548,'ECON3372'),(620067548,'COMP3639'),(620067548,'PHYS3729');
INSERT INTO Users VALUES (620067549,'Alice','Pero','AlicePero@gmail.com','PeroAlice');
INSERT INTO Students VALUES (620067549,'UNDERGRAD','01-01-2020');
INSERT INTO Enrolled (u_id,courseCode) VALUES (620067549,'INFO2559'),(620067549,'COMP3685'),(620067549,'MATH1638'),(620067549,'BIOC2054');
INSERT INTO Users VALUES (620067550,'Rhonda','Golden','RhondaGolden@gmail.com','GoldenRhonda');
INSERT INTO Students VALUES (620067550,'UNDERGRAD','01-01-2020');
INSERT INTO Enrolled (u_id,courseCode) VALUES (620067550,'BIOC1986'),(620067550,'MATH1735'),(620067550,'ECON3523'),(620067550,'INFO1825'),(620067550,'COMP3746');
INSERT INTO Users VALUES (620067551,'Eric','Charland','EricCharland@gmail.com','CharlandEric');
INSERT INTO Students VALUES (620067551,'UNDERGRAD','01-01-2020');
INSERT INTO Enrolled (u_id,courseCode) VALUES (620067551,'MATH1648'),(620067551,'COMP3418'),(620067551,'INFO1145'),(620067551,'BIOC1052');
INSERT INTO Users VALUES (620067552,'Don','Thompson','DonThompson@gmail.com','ThompsonDon');
INSERT INTO Students VALUES (620067552,'UNDERGRAD','01-01-2020');
INSERT INTO Enrolled (u_id,courseCode) VALUES (620067552,'CHEM3747'),(620067552,'ECON3737'),(620067552,'ECON1561'),(620067552,'INFO1990'),(620067552,'INFO3868'),(620067552,'CHEM2220');
INSERT INTO Users VALUES (620067553,'Elwood','Eddins','ElwoodEddins@gmail.com','EddinsElwood');
INSERT INTO Students VALUES (620067553,'UNDERGRAD','01-01-2020');
INSERT INTO Enrolled (u_id,courseCode) VALUES (620067553,'CHEM1494'),(620067553,'COMP2361'),(620067553,'ECON2345');
INSERT INTO Users VALUES (620067554,'Erin','Cannon','ErinCannon@gmail.com','CannonErin');
INSERT INTO Students VALUES (620067554,'UNDERGRAD','01-01-2020');
INSERT INTO Enrolled (u_id,courseCode) VALUES (620067554,'MATH3173'),(620067554,'CHEM2604'),(620067554,'PHYS2113'),(620067554,'PHYS1173'),(620067554,'COMP2965');
INSERT INTO Users VALUES (620067555,'Amee','Hinojosa','AmeeHinojosa@gmail.com','HinojosaAmee');
INSERT INTO Students VALUES (620067555,'UNDERGRAD','01-01-2020');
INSERT INTO Enrolled (u_id,courseCode) VALUES (620067555,'PHYS2306'),(620067555,'INFO1014'),(620067555,'CHEM2481'),(620067555,'INFO2813'),(620067555,'MATH3059');
INSERT INTO Users VALUES (620067556,'Sara','Jesse','SaraJesse@gmail.com','JesseSara');
INSERT INTO Students VALUES (620067556,'UNDERGRAD','01-01-2020');
INSERT INTO Enrolled (u_id,courseCode) VALUES (620067556,'MATH3059'),(620067556,'CHEM2446'),(620067556,'CHEM2031'),(620067556,'MATH3173'),(620067556,'INFO1014');
INSERT INTO Users VALUES (620067557,'Michelle','Coleman','MichelleColeman@gmail.com','ColemanMichelle');
INSERT INTO Students VALUES (620067557,'UNDERGRAD','01-01-2020');
INSERT INTO Enrolled (u_id,courseCode) VALUES (620067557,'BIOC1104'),(620067557,'ECON1170'),(620067557,'COMP3418'),(620067557,'COMP1543');
INSERT INTO Users VALUES (620067558,'Don','Lyford','DonLyford@gmail.com','LyfordDon');
INSERT INTO Students VALUES (620067558,'UNDERGRAD','01-01-2020');
INSERT INTO Enrolled (u_id,courseCode) VALUES (620067558,'PHYS2451'),(620067558,'BIOC1744'),(620067558,'ECON1230'),(620067558,'CHEM1807'),(620067558,'CHEM3409'),(620067558,'BIOC3457');
INSERT INTO Users VALUES (620067559,'Melodie','Ott','MelodieOtt@gmail.com','OttMelodie');
INSERT INTO Students VALUES (620067559,'UNDERGRAD','01-01-2020');
INSERT INTO Enrolled (u_id,courseCode) VALUES (620067559,'COMP3685'),(620067559,'MATH1262'),(620067559,'INFO1014'),(620067559,'INFO3636'),(620067559,'PHYS2451');
INSERT INTO Users VALUES (620067560,'Jamison','Carlos','JamisonCarlos@gmail.com','CarlosJamison');
INSERT INTO Students VALUES (620067560,'UNDERGRAD','01-01-2020');
INSERT INTO Enrolled (u_id,courseCode) VALUES (620067560,'BIOC2981'),(620067560,'MATH1309'),(620067560,'BIOC1534'),(620067560,'COMP2541');
INSERT INTO Users VALUES (620067561,'Randy','Robles','RandyRobles@gmail.com','RoblesRandy');
INSERT INTO Students VALUES (620067561,'UNDERGRAD','01-01-2020');
INSERT INTO Enrolled (u_id,courseCode) VALUES (620067561,'COMP2080'),(620067561,'CHEM2481'),(620067561,'CHEM3347'),(620067561,'COMP3238'),(620067561,'COMP2651'),(620067561,'PHYS2338');
INSERT INTO Users VALUES (620067562,'Steven','Carrington','StevenCarrington@gmail.com','CarringtonSteven');
INSERT INTO Students VALUES (620067562,'UNDERGRAD','01-01-2020');
INSERT INTO Enrolled (u_id,courseCode) VALUES (620067562,'INFO2950'),(620067562,'PHYS3876'),(620067562,'MATH1454'),(620067562,'BIOC1448');
INSERT INTO Users VALUES (620067563,'Wendell','Knox','WendellKnox@gmail.com','KnoxWendell');
INSERT INTO Students VALUES (620067563,'UNDERGRAD','01-01-2020');
INSERT INTO Enrolled (u_id,courseCode) VALUES (620067563,'BIOC1910'),(620067563,'CHEM3617'),(620067563,'INFO2813'),(620067563,'PHYS1140');
INSERT INTO Users VALUES (620067564,'Lori','Moore','LoriMoore@gmail.com','MooreLori');
INSERT INTO Students VALUES (620067564,'UNDERGRAD','01-01-2020');
INSERT INTO Enrolled (u_id,courseCode) VALUES (620067564,'BIOC1485'),(620067564,'COMP3047'),(620067564,'ECON3281'),(620067564,'CHEM3617');
INSERT INTO Users VALUES (620067565,'Sean','Miles','SeanMiles@gmail.com','MilesSean');
INSERT INTO Students VALUES (620067565,'UNDERGRAD','01-01-2020');
INSERT INTO Enrolled (u_id,courseCode) VALUES (620067565,'CHEM2626'),(620067565,'INFO3636'),(620067565,'MATH2873'),(620067565,'BIOC1164'),(620067565,'CHEM2066'),(620067565,'CHEM1494');
INSERT INTO Users VALUES (620067566,'Shalanda','Mcneill','ShalandaMcneill@gmail.com','McneillShalanda');
INSERT INTO Students VALUES (620067566,'UNDERGRAD','01-01-2020');
INSERT INTO Enrolled (u_id,courseCode) VALUES (620067566,'BIOC1104'),(620067566,'INFO1242'),(620067566,'CHEM2149'),(620067566,'MATH3029'),(620067566,'PHYS2117'),(620067566,'BIOC2671');
INSERT INTO Users VALUES (620067567,'Jewell','Congdon','JewellCongdon@gmail.com','CongdonJewell');
INSERT INTO Students VALUES (620067567,'UNDERGRAD','01-01-2020');
INSERT INTO Enrolled (u_id,courseCode) VALUES (620067567,'MATH3544'),(620067567,'COMP2080'),(620067567,'BIOC3341'),(620067567,'CHEM2066'),(620067567,'ECON3063');
INSERT INTO Users VALUES (620067568,'Michael','Cummins','MichaelCummins@gmail.com','CumminsMichael');
INSERT INTO Students VALUES (620067568,'UNDERGRAD','01-01-2020');
INSERT INTO Enrolled (u_id,courseCode) VALUES (620067568,'BIOC1164'),(620067568,'CHEM1494'),(620067568,'CHEM2727'),(620067568,'COMP3639');
INSERT INTO Users VALUES (620067569,'Angie','Amberg','AngieAmberg@gmail.com','AmbergAngie');
INSERT INTO Students VALUES (620067569,'UNDERGRAD','01-01-2020');
INSERT INTO Enrolled (u_id,courseCode) VALUES (620067569,'BIOC1485'),(620067569,'COMP1460'),(620067569,'CHEM2220'),(620067569,'MATH1309'),(620067569,'INFO2797');
INSERT INTO Users VALUES (620067570,'Tony','Dohse','TonyDohse@gmail.com','DohseTony');
INSERT INTO Students VALUES (620067570,'UNDERGRAD','01-01-2020');
INSERT INTO Enrolled (u_id,courseCode) VALUES (620067570,'COMP3418'),(620067570,'PHYS1140'),(620067570,'MATH2717');
INSERT INTO Users VALUES (620067571,'Bernard','Pearson','BernardPearson@gmail.com','PearsonBernard');
INSERT INTO Students VALUES (620067571,'UNDERGRAD','01-01-2020');
INSERT INTO Enrolled (u_id,courseCode) VALUES (620067571,'MATH1972'),(620067571,'CHEM2177'),(620067571,'ECON1012'),(620067571,'MATH3029');
INSERT INTO Users VALUES (620067572,'Keith','Hunt','KeithHunt@gmail.com','HuntKeith');
INSERT INTO Students VALUES (620067572,'UNDERGRAD','01-01-2020');
INSERT INTO Enrolled (u_id,courseCode) VALUES (620067572,'MATH2067'),(620067572,'MATH3844'),(620067572,'MATH3688'),(620067572,'PHYS3354');
INSERT INTO Users VALUES (620067573,'Kendra','Shane','KendraShane@gmail.com','ShaneKendra');
INSERT INTO Students VALUES (620067573,'UNDERGRAD','01-01-2020');
INSERT INTO Enrolled (u_id,courseCode) VALUES (620067573,'ECON1589'),(620067573,'CHEM3409'),(620067573,'MATH3544');
INSERT INTO Users VALUES (620067574,'Francis','Myrick','FrancisMyrick@gmail.com','MyrickFrancis');
INSERT INTO Students VALUES (620067574,'UNDERGRAD','01-01-2020');
INSERT INTO Enrolled (u_id,courseCode) VALUES (620067574,'BIOC1164'),(620067574,'COMP2965'),(620067574,'CHEM3327'),(620067574,'ECON2345'),(620067574,'CHEM2867');
INSERT INTO Users VALUES (620067575,'Mary','Danker','MaryDanker@gmail.com','DankerMary');
INSERT INTO Students VALUES (620067575,'UNDERGRAD','01-01-2020');
INSERT INTO Enrolled (u_id,courseCode) VALUES (620067575,'MATH2957'),(620067575,'PHYS1979'),(620067575,'INFO2811'),(620067575,'ECON2387'),(620067575,'PHYS3052');
INSERT INTO Users VALUES (620067576,'Anderson','Sniezek','AndersonSniezek@gmail.com','SniezekAnderson');
INSERT INTO Students VALUES (620067576,'UNDERGRAD','01-01-2020');
INSERT INTO Enrolled (u_id,courseCode) VALUES (620067576,'BIOC1744'),(620067576,'COMP1184'),(620067576,'MATH3059'),(620067576,'INFO1014'),(620067576,'COMP3639'),(620067576,'MATH2873');
INSERT INTO Users VALUES (620067577,'Vickie','Mejias','VickieMejias@gmail.com','MejiasVickie');
INSERT INTO Students VALUES (620067577,'UNDERGRAD','01-01-2020');
INSERT INTO Enrolled (u_id,courseCode) VALUES (620067577,'COMP3536'),(620067577,'CHEM2031'),(620067577,'PHYS2451');
INSERT INTO Users VALUES (620067578,'Delmar','Laudat','DelmarLaudat@gmail.com','LaudatDelmar');
INSERT INTO Students VALUES (620067578,'UNDERGRAD','01-01-2020');
INSERT INTO Enrolled (u_id,courseCode) VALUES (620067578,'MATH3222'),(620067578,'CHEM2697'),(620067578,'MATH1262'),(620067578,'MATH3209');
INSERT INTO Users VALUES (620067579,'Iris','Dahlheimer','IrisDahlheimer@gmail.com','DahlheimerIris');
INSERT INTO Students VALUES (620067579,'UNDERGRAD','01-01-2020');
INSERT INTO Enrolled (u_id,courseCode) VALUES (620067579,'BIOC3457'),(620067579,'MATH1309'),(620067579,'COMP3536');
INSERT INTO Users VALUES (620067580,'Miguel','Carlson','MiguelCarlson@gmail.com','CarlsonMiguel');
INSERT INTO Students VALUES (620067580,'UNDERGRAD','01-01-2020');
INSERT INTO Enrolled (u_id,courseCode) VALUES (620067580,'COMP1051'),(620067580,'MATH3173'),(620067580,'CHEM2797'),(620067580,'ECON1996'),(620067580,'COMP3047'),(620067580,'CHEM3409');
INSERT INTO Users VALUES (620067581,'Shayne','Reyes','ShayneReyes@gmail.com','ReyesShayne');
INSERT INTO Students VALUES (620067581,'UNDERGRAD','01-01-2020');
INSERT INTO Enrolled (u_id,courseCode) VALUES (620067581,'CHEM2005'),(620067581,'INFO2636'),(620067581,'PHYS2117'),(620067581,'CHEM2220'),(620067581,'COMP3697'),(620067581,'INFO2813');
INSERT INTO Users VALUES (620067582,'Gina','Wurdeman','GinaWurdeman@gmail.com','WurdemanGina');
INSERT INTO Students VALUES (620067582,'UNDERGRAD','01-01-2020');
INSERT INTO Enrolled (u_id,courseCode) VALUES (620067582,'CHEM2220'),(620067582,'INFO2337'),(620067582,'INFO2716');
INSERT INTO Users VALUES (620067583,'Margaret','Hunt','MargaretHunt@gmail.com','HuntMargaret');
INSERT INTO Students VALUES (620067583,'UNDERGRAD','01-01-2020');
INSERT INTO Enrolled (u_id,courseCode) VALUES (620067583,'MATH2555'),(620067583,'INFO1825'),(620067583,'ECON1561'),(620067583,'INFO3645'),(620067583,'BIOC2236'),(620067583,'BIOC3341');
INSERT INTO Users VALUES (620067584,'Kathleen','Hodge','KathleenHodge@gmail.com','HodgeKathleen');
INSERT INTO Students VALUES (620067584,'UNDERGRAD','01-01-2020');
INSERT INTO Enrolled (u_id,courseCode) VALUES (620067584,'ECON2814'),(620067584,'INFO3603'),(620067584,'ECON3550'),(620067584,'MATH1638'),(620067584,'PHYS2448');
INSERT INTO Users VALUES (620067585,'Lorenza','Shields','LorenzaShields@gmail.com','ShieldsLorenza');
INSERT INTO Students VALUES (620067585,'UNDERGRAD','01-01-2020');
INSERT INTO Enrolled (u_id,courseCode) VALUES (620067585,'INFO2797'),(620067585,'INFO2811'),(620067585,'ECON3281'),(620067585,'INFO3868'),(620067585,'MATH3544');
INSERT INTO Users VALUES (620067586,'Keith','Stallings','KeithStallings@gmail.com','StallingsKeith');
INSERT INTO Students VALUES (620067586,'UNDERGRAD','01-01-2020');
INSERT INTO Enrolled (u_id,courseCode) VALUES (620067586,'CHEM1485'),(620067586,'INFO2716'),(620067586,'COMP2965');
INSERT INTO Users VALUES (620067587,'Cherise','Caudill','CheriseCaudill@gmail.com','CaudillCherise');
INSERT INTO Students VALUES (620067587,'UNDERGRAD','01-01-2020');
INSERT INTO Enrolled (u_id,courseCode) VALUES (620067587,'PHYS3339'),(620067587,'ECON1561'),(620067587,'INFO2950'),(620067587,'BIOC3230'),(620067587,'ECON1783');
INSERT INTO Users VALUES (620067588,'Ashleigh','Mccarthy','AshleighMccarthy@gmail.com','MccarthyAshleigh');
INSERT INTO Students VALUES (620067588,'UNDERGRAD','01-01-2020');
INSERT INTO Enrolled (u_id,courseCode) VALUES (620067588,'COMP1051'),(620067588,'BIOC3341'),(620067588,'BIOC2981'),(620067588,'PHYS2113'),(620067588,'ECON2703');
INSERT INTO Users VALUES (620067589,'Rebecca','Saunders','RebeccaSaunders@gmail.com','SaundersRebecca');
INSERT INTO Students VALUES (620067589,'UNDERGRAD','01-01-2020');
INSERT INTO Enrolled (u_id,courseCode) VALUES (620067589,'ECON1230'),(620067589,'BIOC2550'),(620067589,'CHEM2697');
INSERT INTO Users VALUES (620067590,'Tanya','Calder','TanyaCalder@gmail.com','CalderTanya');
INSERT INTO Students VALUES (620067590,'UNDERGRAD','01-01-2020');
INSERT INTO Enrolled (u_id,courseCode) VALUES (620067590,'CHEM1494'),(620067590,'CHEM2604'),(620067590,'COMP3167'),(620067590,'INFO1990'),(620067590,'CHEM3054'),(620067590,'INFO3603');
INSERT INTO Users VALUES (620067591,'Richard','Gondek','RichardGondek@gmail.com','GondekRichard');
INSERT INTO Students VALUES (620067591,'UNDERGRAD','01-01-2020');
INSERT INTO Enrolled (u_id,courseCode) VALUES (620067591,'MATH3613'),(620067591,'BIOC1794'),(620067591,'CHEM1613'),(620067591,'CHEM3409'),(620067591,'CHEM2727'),(620067591,'ECON3228');
INSERT INTO Users VALUES (620067592,'Beverly','Bennett','BeverlyBennett@gmail.com','BennettBeverly');
INSERT INTO Students VALUES (620067592,'UNDERGRAD','01-01-2020');
INSERT INTO Enrolled (u_id,courseCode) VALUES (620067592,'CHEM2481'),(620067592,'MATH2501'),(620067592,'INFO1833'),(620067592,'BIOC1986'),(620067592,'PHYS3686'),(620067592,'BIOC3230');
INSERT INTO Users VALUES (620067593,'Blake','Wilbanks','BlakeWilbanks@gmail.com','WilbanksBlake');
INSERT INTO Students VALUES (620067593,'UNDERGRAD','01-01-2020');
INSERT INTO Enrolled (u_id,courseCode) VALUES (620067593,'MATH1454'),(620067593,'PHYS2338'),(620067593,'CHEM3614'),(620067593,'INFO2270'),(620067593,'INFO3935'),(620067593,'ECON3737');
INSERT INTO Users VALUES (620067594,'Edward','Baccus','EdwardBaccus@gmail.com','BaccusEdward');
INSERT INTO Students VALUES (620067594,'UNDERGRAD','01-01-2020');
INSERT INTO Enrolled (u_id,courseCode) VALUES (620067594,'INFO1648'),(620067594,'CHEM2797'),(620067594,'INFO1145'),(620067594,'ECON3372');
INSERT INTO Users VALUES (620067595,'Ed','Mauk','EdMauk@gmail.com','MaukEd');
INSERT INTO Students VALUES (620067595,'UNDERGRAD','01-01-2020');
INSERT INTO Enrolled (u_id,courseCode) VALUES (620067595,'PHYS1140'),(620067595,'INFO2950'),(620067595,'COMP3418'),(620067595,'BIOC1164'),(620067595,'BIOC2589'),(620067595,'CHEM3793');
INSERT INTO Users VALUES (620067596,'Charlotte','Hayes','CharlotteHayes@gmail.com','HayesCharlotte');
INSERT INTO Students VALUES (620067596,'UNDERGRAD','01-01-2020');
INSERT INTO Enrolled (u_id,courseCode) VALUES (620067596,'CHEM3617'),(620067596,'BIOC1448'),(620067596,'ECON1645'),(620067596,'CHEM1485'),(620067596,'COMP2541'),(620067596,'MATH3059');
INSERT INTO Users VALUES (620067597,'Chad','Luper','ChadLuper@gmail.com','LuperChad');
INSERT INTO Students VALUES (620067597,'UNDERGRAD','01-01-2020');
INSERT INTO Enrolled (u_id,courseCode) VALUES (620067597,'ECON2387'),(620067597,'ECON3447'),(620067597,'INFO3645'),(620067597,'CHEM2626');
INSERT INTO Users VALUES (620067598,'Matthew','Culpepper','MatthewCulpepper@gmail.com','CulpepperMatthew');
INSERT INTO Students VALUES (620067598,'UNDERGRAD','01-01-2020');
INSERT INTO Enrolled (u_id,courseCode) VALUES (620067598,'PHYS3290'),(620067598,'ECON3989'),(620067598,'MATH2067'),(620067598,'COMP3047'),(620067598,'PHYS2448'),(620067598,'PHYS3354');
INSERT INTO Users VALUES (620067599,'Frankie','Horth','FrankieHorth@gmail.com','HorthFrankie');
INSERT INTO Students VALUES (620067599,'UNDERGRAD','01-01-2020');
INSERT INTO Enrolled (u_id,courseCode) VALUES (620067599,'ECON1498'),(620067599,'COMP3697'),(620067599,'PHYS1140'),(620067599,'MATH3844');
INSERT INTO Users VALUES (620067600,'Casey','Scully','CaseyScully@gmail.com','ScullyCasey');
INSERT INTO Students VALUES (620067600,'UNDERGRAD','01-01-2020');
INSERT INTO Enrolled (u_id,courseCode) VALUES (620067600,'COMP3167'),(620067600,'PHYS2229'),(620067600,'COMP2541'),(620067600,'PHYS1930'),(620067600,'COMP1051'),(620067600,'PHYS1173');
INSERT INTO Users VALUES (620067601,'Margaret','Guidry','MargaretGuidry@gmail.com','GuidryMargaret');
INSERT INTO Students VALUES (620067601,'UNDERGRAD','01-01-2020');
INSERT INTO Enrolled (u_id,courseCode) VALUES (620067601,'MATH2501'),(620067601,'ECON3004'),(620067601,'PHYS2238'),(620067601,'INFO1825');
INSERT INTO Users VALUES (620067602,'Agnes','Lockwood','AgnesLockwood@gmail.com','LockwoodAgnes');
INSERT INTO Students VALUES (620067602,'UNDERGRAD','01-01-2020');
INSERT INTO Enrolled (u_id,courseCode) VALUES (620067602,'BIOC1052'),(620067602,'PHYS2117'),(620067602,'INFO3935'),(620067602,'CHEM2446'),(620067602,'ECON2814');
INSERT INTO Users VALUES (620067603,'Allison','Bower','AllisonBower@gmail.com','BowerAllison');
INSERT INTO Students VALUES (620067603,'UNDERGRAD','01-01-2020');
INSERT INTO Enrolled (u_id,courseCode) VALUES (620067603,'INFO2521'),(620067603,'INFO1288'),(620067603,'MATH3173'),(620067603,'PHYS2117'),(620067603,'PHYS3659'),(620067603,'ECON3281');
INSERT INTO Users VALUES (620067604,'Cherise','Vargas','CheriseVargas@gmail.com','VargasCherise');
INSERT INTO Students VALUES (620067604,'UNDERGRAD','01-01-2020');
INSERT INTO Enrolled (u_id,courseCode) VALUES (620067604,'INFO1825'),(620067604,'INFO3419'),(620067604,'INFO2337');
INSERT INTO Users VALUES (620067605,'Bryon','Grinstead','BryonGrinstead@gmail.com','GrinsteadBryon');
INSERT INTO Students VALUES (620067605,'UNDERGRAD','01-01-2020');
INSERT INTO Enrolled (u_id,courseCode) VALUES (620067605,'MATH2801'),(620067605,'BIOC2589'),(620067605,'ECON3276'),(620067605,'BIOC3230');
INSERT INTO Users VALUES (620067606,'Greg','Nunn','GregNunn@gmail.com','NunnGreg');
INSERT INTO Students VALUES (620067606,'UNDERGRAD','01-01-2020');
INSERT INTO Enrolled (u_id,courseCode) VALUES (620067606,'BIOC2671'),(620067606,'MATH1972'),(620067606,'CHEM2697'),(620067606,'INFO3603');
INSERT INTO Users VALUES (620067607,'Alice','Calvert','AliceCalvert@gmail.com','CalvertAlice');
INSERT INTO Students VALUES (620067607,'UNDERGRAD','01-01-2020');
INSERT INTO Enrolled (u_id,courseCode) VALUES (620067607,'COMP1543'),(620067607,'MATH3544'),(620067607,'BIOC1439'),(620067607,'CHEM2727');
INSERT INTO Users VALUES (620067608,'Vanessa','Ott','VanessaOtt@gmail.com','OttVanessa');
INSERT INTO Students VALUES (620067608,'UNDERGRAD','01-01-2020');
INSERT INTO Enrolled (u_id,courseCode) VALUES (620067608,'INFO2811'),(620067608,'MATH1578'),(620067608,'ECON3372');
INSERT INTO Users VALUES (620067609,'Tiara','Barrett','TiaraBarrett@gmail.com','BarrettTiara');
INSERT INTO Students VALUES (620067609,'UNDERGRAD','01-01-2020');
INSERT INTO Enrolled (u_id,courseCode) VALUES (620067609,'MATH2555'),(620067609,'COMP1573'),(620067609,'CHEM3054'),(620067609,'BIOC2671'),(620067609,'PHYS2338'),(620067609,'MATH1648');
INSERT INTO Users VALUES (620067610,'Adrienne','Diggs','AdrienneDiggs@gmail.com','DiggsAdrienne');
INSERT INTO Students VALUES (620067610,'UNDERGRAD','01-01-2020');
INSERT INTO Enrolled (u_id,courseCode) VALUES (620067610,'PHYS2113'),(620067610,'INFO3868'),(620067610,'PHYS3787'),(620067610,'MATH2067');
INSERT INTO Users VALUES (620067611,'William','Hinojosa','WilliamHinojosa@gmail.com','HinojosaWilliam');
INSERT INTO Students VALUES (620067611,'UNDERGRAD','01-01-2020');
INSERT INTO Enrolled (u_id,courseCode) VALUES (620067611,'CHEM3327'),(620067611,'BIOC2981'),(620067611,'BIOC1794'),(620067611,'COMP3849'),(620067611,'BIOC3230');
INSERT INTO Users VALUES (620067612,'Homer','Pantoja','HomerPantoja@gmail.com','PantojaHomer');
INSERT INTO Students VALUES (620067612,'UNDERGRAD','01-01-2020');
INSERT INTO Enrolled (u_id,courseCode) VALUES (620067612,'COMP3084'),(620067612,'MATH2067'),(620067612,'COMP3697'),(620067612,'ECON3989'),(620067612,'COMP1573');
INSERT INTO Users VALUES (620067613,'Jose','Mance','JoseMance@gmail.com','ManceJose');
INSERT INTO Students VALUES (620067613,'UNDERGRAD','01-01-2020');
INSERT INTO Enrolled (u_id,courseCode) VALUES (620067613,'ECON1170'),(620067613,'CHEM1807'),(620067613,'ECON3989'),(620067613,'ECON1098');
INSERT INTO Users VALUES (620067614,'Stephanie','Souza','StephanieSouza@gmail.com','SouzaStephanie');
INSERT INTO Students VALUES (620067614,'UNDERGRAD','01-01-2020');
INSERT INTO Enrolled (u_id,courseCode) VALUES (620067614,'CHEM3793'),(620067614,'BIOC2236'),(620067614,'INFO2213'),(620067614,'BIOC2589'),(620067614,'COMP2651'),(620067614,'PHYS1979');
INSERT INTO Users VALUES (620067615,'Warren','Gilman','WarrenGilman@gmail.com','GilmanWarren');
INSERT INTO Students VALUES (620067615,'UNDERGRAD','01-01-2020');
INSERT INTO Enrolled (u_id,courseCode) VALUES (620067615,'CHEM1494'),(620067615,'COMP2080'),(620067615,'ECON3523'),(620067615,'COMP2400'),(620067615,'CHEM3054'),(620067615,'MATH2873');
INSERT INTO Users VALUES (620067616,'Geoffrey','Williamson','GeoffreyWilliamson@gmail.com','WilliamsonGeoffrey');
INSERT INTO Students VALUES (620067616,'UNDERGRAD','01-01-2020');
INSERT INTO Enrolled (u_id,courseCode) VALUES (620067616,'COMP3746'),(620067616,'MATH2873'),(620067616,'ECON3004');
INSERT INTO Users VALUES (620067617,'Laila','Maione','LailaMaione@gmail.com','MaioneLaila');
INSERT INTO Students VALUES (620067617,'UNDERGRAD','01-01-2020');
INSERT INTO Enrolled (u_id,courseCode) VALUES (620067617,'ECON3737'),(620067617,'INFO1014'),(620067617,'CHEM1494'),(620067617,'COMP3238'),(620067617,'CHEM2604'),(620067617,'MATH2501');
INSERT INTO Users VALUES (620067618,'Freddie','Congdon','FreddieCongdon@gmail.com','CongdonFreddie');
INSERT INTO Students VALUES (620067618,'UNDERGRAD','01-01-2020');
INSERT INTO Enrolled (u_id,courseCode) VALUES (620067618,'CHEM3327'),(620067618,'PHYS2238'),(620067618,'MATH2801');
INSERT INTO Users VALUES (620067619,'Elwood','Pulley','ElwoodPulley@gmail.com','PulleyElwood');
INSERT INTO Students VALUES (620067619,'UNDERGRAD','01-01-2020');
INSERT INTO Enrolled (u_id,courseCode) VALUES (620067619,'INFO1825'),(620067619,'MATH2957'),(620067619,'COMP3418'),(620067619,'INFO1014'),(620067619,'INFO1288');
INSERT INTO Users VALUES (620067620,'Eunice','Thompson','EuniceThompson@gmail.com','ThompsonEunice');
INSERT INTO Students VALUES (620067620,'UNDERGRAD','01-01-2020');
INSERT INTO Enrolled (u_id,courseCode) VALUES (620067620,'ECON1170'),(620067620,'PHYS3354'),(620067620,'BIOC1052'),(620067620,'ECON3311');
INSERT INTO Users VALUES (620067621,'Adam','Caudill','AdamCaudill@gmail.com','CaudillAdam');
INSERT INTO Students VALUES (620067621,'UNDERGRAD','01-01-2020');
INSERT INTO Enrolled (u_id,courseCode) VALUES (620067621,'BIOC1866'),(620067621,'PHYS3464'),(620067621,'BIOC1052'),(620067621,'INFO2270'),(620067621,'PHYS2238'),(620067621,'COMP1357');
INSERT INTO Users VALUES (620067622,'Arthur','Duffie','ArthurDuffie@gmail.com','DuffieArthur');
INSERT INTO Students VALUES (620067622,'UNDERGRAD','01-01-2020');
INSERT INTO Enrolled (u_id,courseCode) VALUES (620067622,'INFO3603'),(620067622,'CHEM2177'),(620067622,'PHYS3876'),(620067622,'COMP3418'),(620067622,'COMP2965');
INSERT INTO Users VALUES (620067623,'Dorcas','Hardman','DorcasHardman@gmail.com','HardmanDorcas');
INSERT INTO Students VALUES (620067623,'UNDERGRAD','01-01-2020');
INSERT INTO Enrolled (u_id,courseCode) VALUES (620067623,'INFO2797'),(620067623,'INFO2147'),(620067623,'INFO1014');
INSERT INTO Users VALUES (620067624,'Dominick','Harrington','DominickHarrington@gmail.com','HarringtonDominick');
INSERT INTO Students VALUES (620067624,'UNDERGRAD','01-01-2020');
INSERT INTO Enrolled (u_id,courseCode) VALUES (620067624,'INFO2559'),(620067624,'MATH1972'),(620067624,'CHEM2626'),(620067624,'COMP3238');
INSERT INTO Users VALUES (620067625,'Josh','Scales','JoshScales@gmail.com','ScalesJosh');
INSERT INTO Students VALUES (620067625,'UNDERGRAD','01-01-2020');
INSERT INTO Enrolled (u_id,courseCode) VALUES (620067625,'BIOC1164'),(620067625,'BIOC2236'),(620067625,'CHEM3054'),(620067625,'COMP2717'),(620067625,'COMP2651');
INSERT INTO Users VALUES (620067626,'Grace','Pearson','GracePearson@gmail.com','PearsonGrace');
INSERT INTO Students VALUES (620067626,'UNDERGRAD','01-01-2020');
INSERT INTO Enrolled (u_id,courseCode) VALUES (620067626,'MATH1148'),(620067626,'CHEM2177'),(620067626,'COMP3167'),(620067626,'COMP2400');
INSERT INTO Users VALUES (620067627,'Louise','Mance','LouiseMance@gmail.com','ManceLouise');
INSERT INTO Students VALUES (620067627,'UNDERGRAD','01-01-2020');
INSERT INTO Enrolled (u_id,courseCode) VALUES (620067627,'INFO2559'),(620067627,'ECON3550'),(620067627,'ECON3281'),(620067627,'INFO2716'),(620067627,'CHEM1485'),(620067627,'ECON1230');
INSERT INTO Users VALUES (620067628,'Agnes','Rankin','AgnesRankin@gmail.com','RankinAgnes');
INSERT INTO Students VALUES (620067628,'UNDERGRAD','01-01-2020');
INSERT INTO Enrolled (u_id,courseCode) VALUES (620067628,'PHYS2977'),(620067628,'ECON2703'),(620067628,'ECON3020'),(620067628,'ECON1458'),(620067628,'MATH3029'),(620067628,'MATH3209');
INSERT INTO Users VALUES (620067629,'Cynthia','Lemieux','CynthiaLemieux@gmail.com','LemieuxCynthia');
INSERT INTO Students VALUES (620067629,'UNDERGRAD','01-01-2020');
INSERT INTO Enrolled (u_id,courseCode) VALUES (620067629,'COMP3084'),(620067629,'ECON1783'),(620067629,'BIOC3230'),(620067629,'MATH3059');
INSERT INTO Users VALUES (620067630,'Melanie','Carlyle','MelanieCarlyle@gmail.com','CarlyleMelanie');
INSERT INTO Students VALUES (620067630,'UNDERGRAD','01-01-2020');
INSERT INTO Enrolled (u_id,courseCode) VALUES (620067630,'PHYS2238'),(620067630,'BIOC3230'),(620067630,'ECON1589'),(620067630,'COMP2651');
INSERT INTO Users VALUES (620067631,'Cliff','Armstead','CliffArmstead@gmail.com','ArmsteadCliff');
INSERT INTO Students VALUES (620067631,'UNDERGRAD','01-01-2020');
INSERT INTO Enrolled (u_id,courseCode) VALUES (620067631,'COMP1357'),(620067631,'MATH1638'),(620067631,'BIOC2589'),(620067631,'INFO1145');
INSERT INTO Users VALUES (620067632,'Roy','Souza','RoySouza@gmail.com','SouzaRoy');
INSERT INTO Students VALUES (620067632,'UNDERGRAD','01-01-2020');
INSERT INTO Enrolled (u_id,courseCode) VALUES (620067632,'MATH1454'),(620067632,'BIOC2550'),(620067632,'MATH1638'),(620067632,'BIOC3604'),(620067632,'CHEM3054');
INSERT INTO Users VALUES (620067633,'Sarah','Deen','SarahDeen@gmail.com','DeenSarah');
INSERT INTO Students VALUES (620067633,'UNDERGRAD','01-01-2020');
INSERT INTO Enrolled (u_id,courseCode) VALUES (620067633,'CHEM3409'),(620067633,'CHEM2005'),(620067633,'PHYS2977'),(620067633,'BIOC2054');
INSERT INTO Users VALUES (620067634,'Daisy','Burney','DaisyBurney@gmail.com','BurneyDaisy');
INSERT INTO Students VALUES (620067634,'UNDERGRAD','01-01-2020');
INSERT INTO Enrolled (u_id,courseCode) VALUES (620067634,'PHYS2563'),(620067634,'COMP3746'),(620067634,'MATH1578'),(620067634,'PHYS3659'),(620067634,'PHYS2306');
INSERT INTO Users VALUES (620067635,'Rene','Hauser','ReneHauser@gmail.com','HauserRene');
INSERT INTO Students VALUES (620067635,'UNDERGRAD','01-01-2020');
INSERT INTO Enrolled (u_id,courseCode) VALUES (620067635,'CHEM3327'),(620067635,'CHEM2065'),(620067635,'INFO1242');
INSERT INTO Users VALUES (620067636,'Catherine','Grinstead','CatherineGrinstead@gmail.com','GrinsteadCatherine');
INSERT INTO Students VALUES (620067636,'UNDERGRAD','01-01-2020');
INSERT INTO Enrolled (u_id,courseCode) VALUES (620067636,'MATH1578'),(620067636,'PHYS1930'),(620067636,'COMP3697'),(620067636,'COMP3685'),(620067636,'CHEM2604'),(620067636,'BIOC1794');
INSERT INTO Users VALUES (620067637,'Charlotte','Monte','CharlotteMonte@gmail.com','MonteCharlotte');
INSERT INTO Students VALUES (620067637,'UNDERGRAD','01-01-2020');
INSERT INTO Enrolled (u_id,courseCode) VALUES (620067637,'MATH1648'),(620067637,'ECON2722'),(620067637,'ECON3447'),(620067637,'COMP2400');
INSERT INTO Users VALUES (620067638,'Mason','Dumas','MasonDumas@gmail.com','DumasMason');
INSERT INTO Students VALUES (620067638,'UNDERGRAD','01-01-2020');
INSERT INTO Enrolled (u_id,courseCode) VALUES (620067638,'COMP1460'),(620067638,'COMP1867'),(620067638,'CHEM3409'),(620067638,'COMP1051'),(620067638,'PHYS1993');
INSERT INTO Users VALUES (620067639,'Ronald','Sandlin','RonaldSandlin@gmail.com','SandlinRonald');
INSERT INTO Students VALUES (620067639,'UNDERGRAD','01-01-2020');
INSERT INTO Enrolled (u_id,courseCode) VALUES (620067639,'BIOC1448'),(620067639,'ECON3228'),(620067639,'BIOC2671'),(620067639,'INFO1825'),(620067639,'INFO1648'),(620067639,'ECON3020');
INSERT INTO Users VALUES (620067640,'Mathew','Aybar','MathewAybar@gmail.com','AybarMathew');
INSERT INTO Students VALUES (620067640,'UNDERGRAD','01-01-2020');
INSERT INTO Enrolled (u_id,courseCode) VALUES (620067640,'ECON3311'),(620067640,'INFO2337'),(620067640,'CHEM1340'),(620067640,'CHEM2065'),(620067640,'BIOC2054');
INSERT INTO Users VALUES (620067641,'Bernard','Brock','BernardBrock@gmail.com','BrockBernard');
INSERT INTO Students VALUES (620067641,'UNDERGRAD','01-01-2020');
INSERT INTO Enrolled (u_id,courseCode) VALUES (620067641,'BIOC1794'),(620067641,'INFO1145'),(620067641,'INFO3935'),(620067641,'BIOC2983');
INSERT INTO Users VALUES (620067642,'Miss','Harrington','MissHarrington@gmail.com','HarringtonMiss');
INSERT INTO Students VALUES (620067642,'UNDERGRAD','01-01-2020');
INSERT INTO Enrolled (u_id,courseCode) VALUES (620067642,'INFO2337'),(620067642,'ECON3288'),(620067642,'MATH2801'),(620067642,'PHYS3354');
INSERT INTO Users VALUES (620067643,'Wanda','Braun','WandaBraun@gmail.com','BraunWanda');
INSERT INTO Students VALUES (620067643,'UNDERGRAD','01-01-2020');
INSERT INTO Enrolled (u_id,courseCode) VALUES (620067643,'BIOC2054'),(620067643,'MATH1578'),(620067643,'ECON3311'),(620067643,'PHYS2117'),(620067643,'INFO3868');
INSERT INTO Users VALUES (620067644,'Bethany','Lavoy','BethanyLavoy@gmail.com','LavoyBethany');
INSERT INTO Students VALUES (620067644,'UNDERGRAD','01-01-2020');
INSERT INTO Enrolled (u_id,courseCode) VALUES (620067644,'COMP1573'),(620067644,'MATH2555'),(620067644,'ECON3523'),(620067644,'COMP1184');
INSERT INTO Users VALUES (620067645,'Stacy','Maze','StacyMaze@gmail.com','MazeStacy');
INSERT INTO Students VALUES (620067645,'UNDERGRAD','01-01-2020');
INSERT INTO Enrolled (u_id,courseCode) VALUES (620067645,'COMP2965'),(620067645,'MATH1972'),(620067645,'ECON3085'),(620067645,'ECON3311'),(620067645,'INFO1833');
INSERT INTO Users VALUES (620067646,'Patricia','Jensen','PatriciaJensen@gmail.com','JensenPatricia');
INSERT INTO Students VALUES (620067646,'UNDERGRAD','01-01-2020');
INSERT INTO Enrolled (u_id,courseCode) VALUES (620067646,'PHYS3787'),(620067646,'CHEM3409'),(620067646,'PHYS3729'),(620067646,'PHYS2563'),(620067646,'PHYS2117'),(620067646,'COMP3639');
INSERT INTO Users VALUES (620067647,'Cleveland','Lowry','ClevelandLowry@gmail.com','LowryCleveland');
INSERT INTO Students VALUES (620067647,'UNDERGRAD','01-01-2020');
INSERT INTO Enrolled (u_id,courseCode) VALUES (620067647,'MATH1262'),(620067647,'BIOC1439'),(620067647,'MATH3179'),(620067647,'ECON1561');
INSERT INTO Users VALUES (620067648,'Rhonda','Souza','RhondaSouza@gmail.com','SouzaRhonda');
INSERT INTO Students VALUES (620067648,'UNDERGRAD','01-01-2020');
INSERT INTO Enrolled (u_id,courseCode) VALUES (620067648,'ECON1098'),(620067648,'COMP1357'),(620067648,'COMP3047');
INSERT INTO Users VALUES (620067649,'Wilbur','Joaquin','WilburJoaquin@gmail.com','JoaquinWilbur');
INSERT INTO Students VALUES (620067649,'UNDERGRAD','01-01-2020');
INSERT INTO Enrolled (u_id,courseCode) VALUES (620067649,'PHYS2113'),(620067649,'MATH2501'),(620067649,'CHEM2005');
INSERT INTO Users VALUES (620067650,'Georgie','Gondek','GeorgieGondek@gmail.com','GondekGeorgie');
INSERT INTO Students VALUES (620067650,'UNDERGRAD','01-01-2020');
INSERT INTO Enrolled (u_id,courseCode) VALUES (620067650,'ECON1458'),(620067650,'PHYS2338'),(620067650,'COMP3238'),(620067650,'BIOC3191'),(620067650,'PHYS3052');
INSERT INTO Users VALUES (620067651,'Gilbert','Heckstall','GilbertHeckstall@gmail.com','HeckstallGilbert');
INSERT INTO Students VALUES (620067651,'UNDERGRAD','01-01-2020');
INSERT INTO Enrolled (u_id,courseCode) VALUES (620067651,'BIOC2671'),(620067651,'CHEM2031'),(620067651,'BIOC1794'),(620067651,'MATH3173');
INSERT INTO Users VALUES (620067652,'Martin','Tirabassi','MartinTirabassi@gmail.com','TirabassiMartin');
INSERT INTO Students VALUES (620067652,'UNDERGRAD','01-01-2020');
INSERT INTO Enrolled (u_id,courseCode) VALUES (620067652,'CHEM3327'),(620067652,'BIOC1794'),(620067652,'COMP3685'),(620067652,'COMP2717'),(620067652,'COMP3849');
INSERT INTO Users VALUES (620067653,'Esmeralda','Congdon','EsmeraldaCongdon@gmail.com','CongdonEsmeralda');
INSERT INTO Students VALUES (620067653,'UNDERGRAD','01-01-2020');
INSERT INTO Enrolled (u_id,courseCode) VALUES (620067653,'MATH2555'),(620067653,'INFO3636'),(620067653,'COMP3536');
INSERT INTO Users VALUES (620067654,'Freddie','Madsen','FreddieMadsen@gmail.com','MadsenFreddie');
INSERT INTO Students VALUES (620067654,'UNDERGRAD','01-01-2020');
INSERT INTO Enrolled (u_id,courseCode) VALUES (620067654,'PHYS3876'),(620067654,'MATH1262'),(620067654,'ECON3004'),(620067654,'ECON1561'),(620067654,'BIOC1164');
INSERT INTO Users VALUES (620067655,'Suzanne','Shane','SuzanneShane@gmail.com','ShaneSuzanne');
INSERT INTO Students VALUES (620067655,'UNDERGRAD','01-01-2020');
INSERT INTO Enrolled (u_id,courseCode) VALUES (620067655,'PHYS1993'),(620067655,'MATH1648'),(620067655,'PHYS3659'),(620067655,'BIOC3341'),(620067655,'BIOC2671'),(620067655,'COMP3238');
INSERT INTO Users VALUES (620067656,'Jessie','Mertens','JessieMertens@gmail.com','MertensJessie');
INSERT INTO Students VALUES (620067656,'UNDERGRAD','01-01-2020');
INSERT INTO Enrolled (u_id,courseCode) VALUES (620067656,'PHYS1930'),(620067656,'BIOC1439'),(620067656,'MATH2188'),(620067656,'PHYS2451'),(620067656,'ECON3281');
INSERT INTO Users VALUES (620067657,'Bryan','Sultzer','BryanSultzer@gmail.com','SultzerBryan');
INSERT INTO Students VALUES (620067657,'UNDERGRAD','01-01-2020');
INSERT INTO Enrolled (u_id,courseCode) VALUES (620067657,'ECON3288'),(620067657,'MATH2801'),(620067657,'CHEM2697'),(620067657,'BIOC2054'),(620067657,'CHEM3617');
INSERT INTO Users VALUES (620067658,'Peggy','Evans','PeggyEvans@gmail.com','EvansPeggy');
INSERT INTO Students VALUES (620067658,'UNDERGRAD','01-01-2020');
INSERT INTO Enrolled (u_id,courseCode) VALUES (620067658,'PHYS2338'),(620067658,'BIOC2983'),(620067658,'COMP2400'),(620067658,'INFO2270'),(620067658,'CHEM2031'),(620067658,'INFO1447');
INSERT INTO Users VALUES (620067659,'Gina','Christenberry','GinaChristenberry@gmail.com','ChristenberryGina');
INSERT INTO Students VALUES (620067659,'UNDERGRAD','01-01-2020');
INSERT INTO Enrolled (u_id,courseCode) VALUES (620067659,'BIOC2054'),(620067659,'BIOC1794'),(620067659,'PHYS2338'),(620067659,'CHEM3409'),(620067659,'ECON2814'),(620067659,'BIOC1725');
INSERT INTO Users VALUES (620067660,'Cristina','Carlson','CristinaCarlson@gmail.com','CarlsonCristina');
INSERT INTO Students VALUES (620067660,'UNDERGRAD','01-01-2020');
INSERT INTO Enrolled (u_id,courseCode) VALUES (620067660,'PHYS2977'),(620067660,'ECON3020'),(620067660,'CHEM2867'),(620067660,'MATH3844'),(620067660,'INFO2813');
INSERT INTO Users VALUES (620067661,'Tanya','Jones','TanyaJones@gmail.com','JonesTanya');
INSERT INTO Students VALUES (620067661,'UNDERGRAD','01-01-2020');
INSERT INTO Enrolled (u_id,courseCode) VALUES (620067661,'ECON3523'),(620067661,'MATH1972'),(620067661,'MATH3059'),(620067661,'INFO1990'),(620067661,'BIOC2236');
INSERT INTO Users VALUES (620067662,'Nan','Shane','NanShane@gmail.com','ShaneNan');
INSERT INTO Students VALUES (620067662,'UNDERGRAD','01-01-2020');
INSERT INTO Enrolled (u_id,courseCode) VALUES (620067662,'ECON3288'),(620067662,'PHYS1399'),(620067662,'CHEM1340'),(620067662,'CHEM2065'),(620067662,'BIOC3457'),(620067662,'CHEM2446');
INSERT INTO Users VALUES (620067663,'Delmar','Hernandez','DelmarHernandez@gmail.com','HernandezDelmar');
INSERT INTO Students VALUES (620067663,'UNDERGRAD','01-01-2020');
INSERT INTO Enrolled (u_id,courseCode) VALUES (620067663,'INFO2811'),(620067663,'INFO1145'),(620067663,'MATH3173'),(620067663,'PHYS1979'),(620067663,'CHEM2446');
INSERT INTO Users VALUES (620067664,'Wendell','Mejias','WendellMejias@gmail.com','MejiasWendell');
INSERT INTO Students VALUES (620067664,'UNDERGRAD','01-01-2020');
INSERT INTO Enrolled (u_id,courseCode) VALUES (620067664,'PHYS2451'),(620067664,'PHYS1993'),(620067664,'ECON2703'),(620067664,'MATH3844');
INSERT INTO Users VALUES (620067665,'Floyd','Merna','FloydMerna@gmail.com','MernaFloyd');
INSERT INTO Students VALUES (620067665,'UNDERGRAD','01-01-2020');
INSERT INTO Enrolled (u_id,courseCode) VALUES (620067665,'ECON2703'),(620067665,'INFO2337'),(620067665,'CHEM2867'),(620067665,'MATH3179');
INSERT INTO Users VALUES (620067666,'Bernie','Uribe','BernieUribe@gmail.com','UribeBernie');
INSERT INTO Students VALUES (620067666,'UNDERGRAD','01-01-2020');
INSERT INTO Enrolled (u_id,courseCode) VALUES (620067666,'BIOC1485'),(620067666,'COMP3849'),(620067666,'CHEM2604'),(620067666,'MATH1148');
INSERT INTO Users VALUES (620067667,'Francisca','Hayes','FranciscaHayes@gmail.com','HayesFrancisca');
INSERT INTO Students VALUES (620067667,'UNDERGRAD','01-01-2020');
INSERT INTO Enrolled (u_id,courseCode) VALUES (620067667,'COMP2965'),(620067667,'ECON1561'),(620067667,'BIOC2983');
INSERT INTO Users VALUES (620067668,'Ashley','Alexander','AshleyAlexander@gmail.com','AlexanderAshley');
INSERT INTO Students VALUES (620067668,'UNDERGRAD','01-01-2020');
INSERT INTO Enrolled (u_id,courseCode) VALUES (620067668,'BIOC2550'),(620067668,'INFO2813'),(620067668,'MATH2188'),(620067668,'MATH1735');
INSERT INTO Users VALUES (620067669,'Joy','Carrington','JoyCarrington@gmail.com','CarringtonJoy');
INSERT INTO Students VALUES (620067669,'UNDERGRAD','01-01-2020');
INSERT INTO Enrolled (u_id,courseCode) VALUES (620067669,'ECON3063'),(620067669,'MATH3613'),(620067669,'CHEM1613'),(620067669,'ECON1561'),(620067669,'COMP3173');
INSERT INTO Users VALUES (620067670,'Freddie','Gillis','FreddieGillis@gmail.com','GillisFreddie');
INSERT INTO Students VALUES (620067670,'UNDERGRAD','01-01-2020');
INSERT INTO Enrolled (u_id,courseCode) VALUES (620067670,'CHEM3617'),(620067670,'MATH3173'),(620067670,'BIOC2589');
INSERT INTO Users VALUES (620067671,'Charles','Laudat','CharlesLaudat@gmail.com','LaudatCharles');
INSERT INTO Students VALUES (620067671,'UNDERGRAD','01-01-2020');
INSERT INTO Enrolled (u_id,courseCode) VALUES (620067671,'PHYS2563'),(620067671,'BIOC3191'),(620067671,'BIOC2981'),(620067671,'INFO1648'),(620067671,'ECON1996'),(620067671,'PHYS3787');
INSERT INTO Users VALUES (620067672,'Cristina','Allen','CristinaAllen@gmail.com','AllenCristina');
INSERT INTO Students VALUES (620067672,'UNDERGRAD','01-01-2020');
INSERT INTO Enrolled (u_id,courseCode) VALUES (620067672,'BIOC1448'),(620067672,'ECON2345'),(620067672,'CHEM2481'),(620067672,'ECON1230');
INSERT INTO Users VALUES (620067673,'Joseph','Ryan','JosephRyan@gmail.com','RyanJoseph');
INSERT INTO Students VALUES (620067673,'UNDERGRAD','01-01-2020');
INSERT INTO Enrolled (u_id,courseCode) VALUES (620067673,'INFO3935'),(620067673,'PHYS2448'),(620067673,'BIOC2589'),(620067673,'PHYS3290');
INSERT INTO Users VALUES (620067674,'Lindsey','Lyford','LindseyLyford@gmail.com','LyfordLindsey');
INSERT INTO Students VALUES (620067674,'UNDERGRAD','01-01-2020');
INSERT INTO Enrolled (u_id,courseCode) VALUES (620067674,'INFO3419'),(620067674,'ECON1458'),(620067674,'INFO3935'),(620067674,'COMP2077');
INSERT INTO Users VALUES (620067675,'Carolyn','Williams','CarolynWilliams@gmail.com','WilliamsCarolyn');
INSERT INTO Students VALUES (620067675,'UNDERGRAD','01-01-2020');
INSERT INTO Enrolled (u_id,courseCode) VALUES (620067675,'MATH3059'),(620067675,'ECON1561'),(620067675,'MATH1454'),(620067675,'PHYS2977'),(620067675,'COMP3746'),(620067675,'MATH2717');
INSERT INTO Users VALUES (620067676,'Earl','Culpepper','EarlCulpepper@gmail.com','CulpepperEarl');
INSERT INTO Students VALUES (620067676,'UNDERGRAD','01-01-2020');
INSERT INTO Enrolled (u_id,courseCode) VALUES (620067676,'INFO2559'),(620067676,'ECON3311'),(620067676,'BIOC1439'),(620067676,'ECON2814');
INSERT INTO Users VALUES (620067677,'Carol','Ramlall','CarolRamlall@gmail.com','RamlallCarol');
INSERT INTO Students VALUES (620067677,'UNDERGRAD','01-01-2020');
INSERT INTO Enrolled (u_id,courseCode) VALUES (620067677,'BIOC3721'),(620067677,'BIOC3604'),(620067677,'PHYS1979'),(620067677,'CHEM2727'),(620067677,'INFO1825'),(620067677,'INFO2811');
INSERT INTO Users VALUES (620067678,'Richard','Carlson','RichardCarlson@gmail.com','CarlsonRichard');
INSERT INTO Students VALUES (620067678,'UNDERGRAD','01-01-2020');
INSERT INTO Enrolled (u_id,courseCode) VALUES (620067678,'COMP3047'),(620067678,'CHEM2867'),(620067678,'BIOC1910');
INSERT INTO Users VALUES (620067679,'Tiara','Nelson','TiaraNelson@gmail.com','NelsonTiara');
INSERT INTO Students VALUES (620067679,'UNDERGRAD','01-01-2020');
INSERT INTO Enrolled (u_id,courseCode) VALUES (620067679,'INFO2950'),(620067679,'PHYS1979'),(620067679,'CHEM2149'),(620067679,'COMP3849');
INSERT INTO Users VALUES (620067680,'Nancy','Gillis','NancyGillis@gmail.com','GillisNancy');
INSERT INTO Students VALUES (620067680,'UNDERGRAD','01-01-2020');
INSERT INTO Enrolled (u_id,courseCode) VALUES (620067680,'PHYS3659'),(620067680,'COMP3047'),(620067680,'MATH3222'),(620067680,'COMP2080');
INSERT INTO Users VALUES (620067681,'Milton','Prince','MiltonPrince@gmail.com','PrinceMilton');
INSERT INTO Students VALUES (620067681,'UNDERGRAD','01-01-2020');
INSERT INTO Enrolled (u_id,courseCode) VALUES (620067681,'PHYS3876'),(620067681,'ECON2387'),(620067681,'MATH1250');
INSERT INTO Users VALUES (620067682,'Dominick','Shane','DominickShane@gmail.com','ShaneDominick');
INSERT INTO Students VALUES (620067682,'UNDERGRAD','01-01-2020');
INSERT INTO Enrolled (u_id,courseCode) VALUES (620067682,'CHEM3327'),(620067682,'INFO2337'),(620067682,'CHEM2031');
INSERT INTO Users VALUES (620067683,'Clyde','Stallings','ClydeStallings@gmail.com','StallingsClyde');
INSERT INTO Students VALUES (620067683,'UNDERGRAD','01-01-2020');
INSERT INTO Enrolled (u_id,courseCode) VALUES (620067683,'MATH3173'),(620067683,'INFO2813'),(620067683,'ECON1498'),(620067683,'MATH1638');
INSERT INTO Users VALUES (620067684,'Eric','Sniezek','EricSniezek@gmail.com','SniezekEric');
INSERT INTO Students VALUES (620067684,'UNDERGRAD','01-01-2020');
INSERT INTO Enrolled (u_id,courseCode) VALUES (620067684,'COMP2080'),(620067684,'INFO2797'),(620067684,'PHYS1930'),(620067684,'ECON3004'),(620067684,'COMP2717'),(620067684,'ECON3276');
INSERT INTO Users VALUES (620067685,'Georgie','Crespo','GeorgieCrespo@gmail.com','CrespoGeorgie');
INSERT INTO Students VALUES (620067685,'UNDERGRAD','01-01-2020');
INSERT INTO Enrolled (u_id,courseCode) VALUES (620067685,'COMP3506'),(620067685,'COMP2361'),(620067685,'BIOC1910'),(620067685,'PHYS3686');
INSERT INTO Users VALUES (620067686,'Brooke','Oconnell','BrookeOconnell@gmail.com','OconnellBrooke');
INSERT INTO Students VALUES (620067686,'UNDERGRAD','01-01-2020');
INSERT INTO Enrolled (u_id,courseCode) VALUES (620067686,'BIOC2983'),(620067686,'ECON1783'),(620067686,'MATH2188'),(620067686,'MATH2957');
INSERT INTO Users VALUES (620067687,'Jesus','Uribe','JesusUribe@gmail.com','UribeJesus');
INSERT INTO Students VALUES (620067687,'UNDERGRAD','01-01-2020');
INSERT INTO Enrolled (u_id,courseCode) VALUES (620067687,'INFO2337'),(620067687,'CHEM2604'),(620067687,'MATH3059');
INSERT INTO Users VALUES (620067688,'Kelly','Duffie','KellyDuffie@gmail.com','DuffieKelly');
INSERT INTO Students VALUES (620067688,'UNDERGRAD','01-01-2020');
INSERT INTO Enrolled (u_id,courseCode) VALUES (620067688,'BIOC2236'),(620067688,'ECON1645'),(620067688,'CHEM2149'),(620067688,'BIOC1866'),(620067688,'PHYS3339'),(620067688,'CHEM3614');
INSERT INTO Users VALUES (620067689,'David','Sandlin','DavidSandlin@gmail.com','SandlinDavid');
INSERT INTO Students VALUES (620067689,'UNDERGRAD','01-01-2020');
INSERT INTO Enrolled (u_id,courseCode) VALUES (620067689,'MATH3844'),(620067689,'PHYS2338'),(620067689,'INFO2270'),(620067689,'MATH2067');
INSERT INTO Users VALUES (620067690,'Rosa','Garnes','RosaGarnes@gmail.com','GarnesRosa');
INSERT INTO Students VALUES (620067690,'UNDERGRAD','01-01-2020');
INSERT INTO Enrolled (u_id,courseCode) VALUES (620067690,'MATH2550'),(620067690,'CHEM3327'),(620067690,'CHEM2481');
INSERT INTO Users VALUES (620067691,'Howard','Jesse','HowardJesse@gmail.com','JesseHoward');
INSERT INTO Students VALUES (620067691,'UNDERGRAD','01-01-2020');
INSERT INTO Enrolled (u_id,courseCode) VALUES (620067691,'BIOC1794'),(620067691,'CHEM2626'),(620067691,'ECON3063'),(620067691,'MATH2067'),(620067691,'BIOC3457'),(620067691,'CHEM2177');
INSERT INTO Users VALUES (620067692,'Manuel','Morey','ManuelMorey@gmail.com','MoreyManuel');
INSERT INTO Students VALUES (620067692,'UNDERGRAD','01-01-2020');
INSERT INTO Enrolled (u_id,courseCode) VALUES (620067692,'BIOC1794'),(620067692,'MATH3179'),(620067692,'PHYS2117'),(620067692,'COMP1867'),(620067692,'MATH2067'),(620067692,'INFO2813');
INSERT INTO Users VALUES (620067693,'Gilbert','Mcalister','GilbertMcalister@gmail.com','McalisterGilbert');
INSERT INTO Students VALUES (620067693,'UNDERGRAD','01-01-2020');
INSERT INTO Enrolled (u_id,courseCode) VALUES (620067693,'COMP3746'),(620067693,'CHEM2867'),(620067693,'CHEM3888'),(620067693,'MATH3209'),(620067693,'INFO1648'),(620067693,'COMP2400');
INSERT INTO Users VALUES (620067694,'Wayne','Harrington','WayneHarrington@gmail.com','HarringtonWayne');
INSERT INTO Students VALUES (620067694,'UNDERGRAD','01-01-2020');
INSERT INTO Enrolled (u_id,courseCode) VALUES (620067694,'PHYS1399'),(620067694,'CHEM3617'),(620067694,'CHEM2005'),(620067694,'BIOC1164');
INSERT INTO Users VALUES (620067695,'Brenda','Vineyard','BrendaVineyard@gmail.com','VineyardBrenda');
INSERT INTO Students VALUES (620067695,'UNDERGRAD','01-01-2020');
INSERT INTO Enrolled (u_id,courseCode) VALUES (620067695,'COMP1051'),(620067695,'PHYS3659'),(620067695,'ECON3989');
INSERT INTO Users VALUES (620067696,'Joe','Coleman','JoeColeman@gmail.com','ColemanJoe');
INSERT INTO Students VALUES (620067696,'UNDERGRAD','01-01-2020');
INSERT INTO Enrolled (u_id,courseCode) VALUES (620067696,'CHEM2867'),(620067696,'BIOC1164'),(620067696,'BIOC3604'),(620067696,'MATH1638');
INSERT INTO Users VALUES (620067697,'Stephen','Stovall','StephenStovall@gmail.com','StovallStephen');
INSERT INTO Students VALUES (620067697,'UNDERGRAD','01-01-2020');
INSERT INTO Enrolled (u_id,courseCode) VALUES (620067697,'INFO1145'),(620067697,'CHEM2797'),(620067697,'COMP2651'),(620067697,'INFO3603');
INSERT INTO Users VALUES (620067698,'Josh','Jefferson','JoshJefferson@gmail.com','JeffersonJosh');
INSERT INTO Students VALUES (620067698,'UNDERGRAD','01-01-2020');
INSERT INTO Enrolled (u_id,courseCode) VALUES (620067698,'COMP3639'),(620067698,'COMP1543'),(620067698,'ECON3550'),(620067698,'COMP3418'),(620067698,'PHYS1993'),(620067698,'BIOC1744');
INSERT INTO Users VALUES (620067699,'Scott','Petty','ScottPetty@gmail.com','PettyScott');
INSERT INTO Students VALUES (620067699,'UNDERGRAD','01-01-2020');
INSERT INTO Enrolled (u_id,courseCode) VALUES (620067699,'BIOC2054'),(620067699,'BIOC1910'),(620067699,'MATH2957'),(620067699,'BIOC2671');
INSERT INTO Users VALUES (620067700,'Carrie','Comley','CarrieComley@gmail.com','ComleyCarrie');
INSERT INTO Students VALUES (620067700,'UNDERGRAD','01-01-2020');
INSERT INTO Enrolled (u_id,courseCode) VALUES (620067700,'COMP3849'),(620067700,'PHYS3686'),(620067700,'ECON1498'),(620067700,'PHYS2451');
INSERT INTO Users VALUES (620067701,'Trina','Flemming','TrinaFlemming@gmail.com','FlemmingTrina');
INSERT INTO Students VALUES (620067701,'UNDERGRAD','01-01-2020');
INSERT INTO Enrolled (u_id,courseCode) VALUES (620067701,'BIOC1866'),(620067701,'ECON3063'),(620067701,'PHYS3290');
INSERT INTO Users VALUES (620067702,'Christina','Merna','ChristinaMerna@gmail.com','MernaChristina');
INSERT INTO Students VALUES (620067702,'UNDERGRAD','01-01-2020');
INSERT INTO Enrolled (u_id,courseCode) VALUES (620067702,'ECON3311'),(620067702,'ECON1098'),(620067702,'ECON1645'),(620067702,'CHEM1485'),(620067702,'PHYS1979'),(620067702,'BIOC3191');
INSERT INTO Users VALUES (620067703,'Marshall','Flowers','MarshallFlowers@gmail.com','FlowersMarshall');
INSERT INTO Students VALUES (620067703,'UNDERGRAD','01-01-2020');
INSERT INTO Enrolled (u_id,courseCode) VALUES (620067703,'COMP1184'),(620067703,'INFO3636'),(620067703,'ECON1996');
INSERT INTO Users VALUES (620067704,'Floyd','Armstead','FloydArmstead@gmail.com','ArmsteadFloyd');
INSERT INTO Students VALUES (620067704,'UNDERGRAD','01-01-2020');
INSERT INTO Enrolled (u_id,courseCode) VALUES (620067704,'MATH2188'),(620067704,'COMP3685'),(620067704,'CHEM2446'),(620067704,'CHEM3409'),(620067704,'CHEM2005');
INSERT INTO Users VALUES (620067705,'Jesus','Carlos','JesusCarlos@gmail.com','CarlosJesus');
INSERT INTO Students VALUES (620067705,'UNDERGRAD','01-01-2020');
INSERT INTO Enrolled (u_id,courseCode) VALUES (620067705,'CHEM3054'),(620067705,'ECON1589'),(620067705,'INFO3868'),(620067705,'CHEM1807'),(620067705,'PHYS3686');
INSERT INTO Users VALUES (620067706,'Gabriel','Lindstrom','GabrielLindstrom@gmail.com','LindstromGabriel');
INSERT INTO Students VALUES (620067706,'UNDERGRAD','01-01-2020');
INSERT INTO Enrolled (u_id,courseCode) VALUES (620067706,'INFO2813'),(620067706,'MATH3544'),(620067706,'INFO1825'),(620067706,'ECON3281'),(620067706,'PHYS2117');
INSERT INTO Users VALUES (620067707,'Melvin','Mejias','MelvinMejias@gmail.com','MejiasMelvin');
INSERT INTO Students VALUES (620067707,'UNDERGRAD','01-01-2020');
INSERT INTO Enrolled (u_id,courseCode) VALUES (620067707,'BIOC2054'),(620067707,'MATH1309'),(620067707,'MATH1972'),(620067707,'MATH2067');
INSERT INTO Users VALUES (620067708,'Dominique','Wilson','DominiqueWilson@gmail.com','WilsonDominique');
INSERT INTO Students VALUES (620067708,'UNDERGRAD','01-01-2020');
INSERT INTO Enrolled (u_id,courseCode) VALUES (620067708,'CHEM3409'),(620067708,'MATH1250'),(620067708,'BIOC2983'),(620067708,'COMP2080'),(620067708,'PHYS3354'),(620067708,'CHEM2220');
INSERT INTO Users VALUES (620067709,'Francis','Reyes','FrancisReyes@gmail.com','ReyesFrancis');
INSERT INTO Students VALUES (620067709,'UNDERGRAD','01-01-2020');
INSERT INTO Enrolled (u_id,courseCode) VALUES (620067709,'ECON2814'),(620067709,'PHYS3052'),(620067709,'INFO2716'),(620067709,'ECON1783'),(620067709,'CHEM2065');
INSERT INTO Users VALUES (620067710,'Barbara','Santos','BarbaraSantos@gmail.com','SantosBarbara');
INSERT INTO Students VALUES (620067710,'UNDERGRAD','01-01-2020');
INSERT INTO Enrolled (u_id,courseCode) VALUES (620067710,'ECON1170'),(620067710,'COMP2965'),(620067710,'ECON1098'),(620067710,'COMP3047'),(620067710,'CHEM2220'),(620067710,'MATH3029');
INSERT INTO Users VALUES (620067711,'Brenda','Ratterman','BrendaRatterman@gmail.com','RattermanBrenda');
INSERT INTO Students VALUES (620067711,'UNDERGRAD','01-01-2020');
INSERT INTO Enrolled (u_id,courseCode) VALUES (620067711,'COMP3238'),(620067711,'CHEM2481'),(620067711,'BIOC2671'),(620067711,'PHYS2306'),(620067711,'CHEM1494');
INSERT INTO Users VALUES (620067712,'Cliff','Stovall','CliffStovall@gmail.com','StovallCliff');
INSERT INTO Students VALUES (620067712,'UNDERGRAD','01-01-2020');
INSERT INTO Enrolled (u_id,courseCode) VALUES (620067712,'MATH1250'),(620067712,'PHYS3339'),(620067712,'ECON1458'),(620067712,'BIOC2981');
INSERT INTO Users VALUES (620067713,'Delmar','Jeanbaptiste','DelmarJeanbaptiste@gmail.com','JeanbaptisteDelmar');
INSERT INTO Students VALUES (620067713,'UNDERGRAD','01-01-2020');
INSERT INTO Enrolled (u_id,courseCode) VALUES (620067713,'ECON1783'),(620067713,'INFO1825'),(620067713,'INFO3645'),(620067713,'COMP3536');
INSERT INTO Users VALUES (620067714,'Rhoda','Garcia','RhodaGarcia@gmail.com','GarciaRhoda');
INSERT INTO Students VALUES (620067714,'UNDERGRAD','01-01-2020');
INSERT INTO Enrolled (u_id,courseCode) VALUES (620067714,'PHYS3729'),(620067714,'BIOC1986'),(620067714,'PHYS1173'),(620067714,'MATH3844');
INSERT INTO Users VALUES (620067715,'Josh','Vanwyck','JoshVanwyck@gmail.com','VanwyckJosh');
INSERT INTO Students VALUES (620067715,'UNDERGRAD','01-01-2020');
INSERT INTO Enrolled (u_id,courseCode) VALUES (620067715,'BIOC1052'),(620067715,'MATH1148'),(620067715,'PHYS2113'),(620067715,'ECON1230'),(620067715,'MATH3179'),(620067715,'ECON1996');
INSERT INTO Users VALUES (620067716,'Adrienne','Figueroa','AdrienneFigueroa@gmail.com','FigueroaAdrienne');
INSERT INTO Students VALUES (620067716,'UNDERGRAD','01-01-2020');
INSERT INTO Enrolled (u_id,courseCode) VALUES (620067716,'PHYS2977'),(620067716,'PHYS1399'),(620067716,'COMP2080'),(620067716,'INFO2559'),(620067716,'INFO3419');
INSERT INTO Users VALUES (620067717,'Cassie','Knaub','CassieKnaub@gmail.com','KnaubCassie');
INSERT INTO Students VALUES (620067717,'UNDERGRAD','01-01-2020');
INSERT INTO Enrolled (u_id,courseCode) VALUES (620067717,'ECON1458'),(620067717,'BIOC1744'),(620067717,'CHEM2797'),(620067717,'COMP3084'),(620067717,'COMP2077');
INSERT INTO Users VALUES (620067718,'Angela','Wilson','AngelaWilson@gmail.com','WilsonAngela');
INSERT INTO Students VALUES (620067718,'UNDERGRAD','01-01-2020');
INSERT INTO Enrolled (u_id,courseCode) VALUES (620067718,'INFO2337'),(620067718,'CHEM3793'),(620067718,'ECON1996'),(620067718,'MATH2717'),(620067718,'COMP2080'),(620067718,'BIOC1866');
INSERT INTO Users VALUES (620067719,'Helen','Carlos','HelenCarlos@gmail.com','CarlosHelen');
INSERT INTO Students VALUES (620067719,'UNDERGRAD','01-01-2020');
INSERT INTO Enrolled (u_id,courseCode) VALUES (620067719,'COMP1357'),(620067719,'PHYS3290'),(620067719,'PHYS1979'),(620067719,'INFO2636'),(620067719,'ECON3228');
INSERT INTO Users VALUES (620067720,'Kurt','Gillis','KurtGillis@gmail.com','GillisKurt');
INSERT INTO Students VALUES (620067720,'UNDERGRAD','01-01-2020');
INSERT INTO Enrolled (u_id,courseCode) VALUES (620067720,'MATH1148'),(620067720,'INFO2716'),(620067720,'CHEM2867'),(620067720,'CHEM2031'),(620067720,'CHEM3327');
INSERT INTO Users VALUES (620067721,'Sadie','Calloway','SadieCalloway@gmail.com','CallowaySadie');
INSERT INTO Students VALUES (620067721,'UNDERGRAD','01-01-2020');
INSERT INTO Enrolled (u_id,courseCode) VALUES (620067721,'INFO1833'),(620067721,'COMP1543'),(620067721,'COMP3418'),(620067721,'INFO3645'),(620067721,'INFO2270'),(620067721,'CHEM1494');
INSERT INTO Users VALUES (620067722,'Curtis','Howe','CurtisHowe@gmail.com','HoweCurtis');
INSERT INTO Students VALUES (620067722,'UNDERGRAD','01-01-2020');
INSERT INTO Enrolled (u_id,courseCode) VALUES (620067722,'BIOC1534'),(620067722,'MATH3059'),(620067722,'ECON3281'),(620067722,'COMP1543'),(620067722,'BIOC3604'),(620067722,'PHYS1173');
INSERT INTO Users VALUES (620067723,'Lois','Bradford','LoisBradford@gmail.com','BradfordLois');
INSERT INTO Students VALUES (620067723,'UNDERGRAD','01-01-2020');
INSERT INTO Enrolled (u_id,courseCode) VALUES (620067723,'PHYS3052'),(620067723,'BIOC3230'),(620067723,'INFO3419'),(620067723,'ECON3276'),(620067723,'INFO1288'),(620067723,'PHYS1140');
INSERT INTO Users VALUES (620067724,'Floyd','Hodge','FloydHodge@gmail.com','HodgeFloyd');
INSERT INTO Students VALUES (620067724,'UNDERGRAD','01-01-2020');
INSERT INTO Enrolled (u_id,courseCode) VALUES (620067724,'CHEM3888'),(620067724,'PHYS2113'),(620067724,'COMP2077'),(620067724,'BIOC2550'),(620067724,'COMP1460');
INSERT INTO Users VALUES (620067725,'Esmeralda','Gondek','EsmeraldaGondek@gmail.com','GondekEsmeralda');
INSERT INTO Students VALUES (620067725,'UNDERGRAD','01-01-2020');
INSERT INTO Enrolled (u_id,courseCode) VALUES (620067725,'MATH1148'),(620067725,'INFO3603'),(620067725,'ECON3063');
INSERT INTO Users VALUES (620067726,'Cheryl','Lauritsen','CherylLauritsen@gmail.com','LauritsenCheryl');
INSERT INTO Students VALUES (620067726,'UNDERGRAD','01-01-2020');
INSERT INTO Enrolled (u_id,courseCode) VALUES (620067726,'BIOC3341'),(620067726,'PHYS3787'),(620067726,'ECON2722'),(620067726,'ECON1458'),(620067726,'INFO1833');
INSERT INTO Users VALUES (620067727,'Mark','Amberg','MarkAmberg@gmail.com','AmbergMark');
INSERT INTO Students VALUES (620067727,'UNDERGRAD','01-01-2020');
INSERT INTO Enrolled (u_id,courseCode) VALUES (620067727,'PHYS3686'),(620067727,'COMP3047'),(620067727,'INFO1648'),(620067727,'MATH1250'),(620067727,'PHYS1979'),(620067727,'INFO3868');
INSERT INTO Users VALUES (620067728,'Mary','Fields','MaryFields@gmail.com','FieldsMary');
INSERT INTO Students VALUES (620067728,'UNDERGRAD','01-01-2020');
INSERT INTO Enrolled (u_id,courseCode) VALUES (620067728,'BIOC3230'),(620067728,'CHEM1485'),(620067728,'CHEM2005'),(620067728,'PHYS3659');
INSERT INTO Users VALUES (620067729,'Laila','Moore','LailaMoore@gmail.com','MooreLaila');
INSERT INTO Students VALUES (620067729,'UNDERGRAD','01-01-2020');
INSERT INTO Enrolled (u_id,courseCode) VALUES (620067729,'CHEM2867'),(620067729,'BIOC3604'),(620067729,'COMP1357'),(620067729,'COMP3506'),(620067729,'COMP2077');
INSERT INTO Users VALUES (620067730,'Floyd','Wood','FloydWood@gmail.com','WoodFloyd');
INSERT INTO Students VALUES (620067730,'UNDERGRAD','01-01-2020');
INSERT INTO Enrolled (u_id,courseCode) VALUES (620067730,'INFO1990'),(620067730,'PHYS3354'),(620067730,'ECON1996'),(620067730,'BIOC3604'),(620067730,'BIOC2671');
INSERT INTO Users VALUES (620067731,'Howard','Mcneill','HowardMcneill@gmail.com','McneillHoward');
INSERT INTO Students VALUES (620067731,'UNDERGRAD','01-01-2020');
INSERT INTO Enrolled (u_id,courseCode) VALUES (620067731,'CHEM3409'),(620067731,'COMP2080'),(620067731,'COMP2400'),(620067731,'PHYS3686');
INSERT INTO Users VALUES (620067732,'Alvin','Carlson','AlvinCarlson@gmail.com','CarlsonAlvin');
INSERT INTO Students VALUES (620067732,'UNDERGRAD','01-01-2020');
INSERT INTO Enrolled (u_id,courseCode) VALUES (620067732,'CHEM2065'),(620067732,'ECON1230'),(620067732,'CHEM2697'),(620067732,'CHEM2220'),(620067732,'BIOC1744');
INSERT INTO Users VALUES (620067733,'Carrie','Miller','CarrieMiller@gmail.com','MillerCarrie');
INSERT INTO Students VALUES (620067733,'UNDERGRAD','01-01-2020');
INSERT INTO Enrolled (u_id,courseCode) VALUES (620067733,'ECON1012'),(620067733,'MATH2873'),(620067733,'CHEM3409'),(620067733,'ECON1645'),(620067733,'COMP2717'),(620067733,'MATH3179');
INSERT INTO Users VALUES (620067734,'Elwood','Pantoja','ElwoodPantoja@gmail.com','PantojaElwood');
INSERT INTO Students VALUES (620067734,'UNDERGRAD','01-01-2020');
INSERT INTO Enrolled (u_id,courseCode) VALUES (620067734,'INFO2559'),(620067734,'CHEM1807'),(620067734,'MATH2550'),(620067734,'MATH3844'),(620067734,'BIOC1725'),(620067734,'INFO2270');
INSERT INTO Users VALUES (620067735,'Eunice','Ratterman','EuniceRatterman@gmail.com','RattermanEunice');
INSERT INTO Students VALUES (620067735,'UNDERGRAD','01-01-2020');
INSERT INTO Enrolled (u_id,courseCode) VALUES (620067735,'CHEM2005'),(620067735,'INFO3419'),(620067735,'PHYS1979'),(620067735,'COMP3173');
INSERT INTO Users VALUES (620067736,'Tracy','Stallings','TracyStallings@gmail.com','StallingsTracy');
INSERT INTO Students VALUES (620067736,'UNDERGRAD','01-01-2020');
INSERT INTO Enrolled (u_id,courseCode) VALUES (620067736,'MATH3173'),(620067736,'ECON3523'),(620067736,'PHYS2238'),(620067736,'CHEM3888');
INSERT INTO Users VALUES (620067737,'Debbie','May','DebbieMay@gmail.com','MayDebbie');
INSERT INTO Students VALUES (620067737,'UNDERGRAD','01-01-2020');
INSERT INTO Enrolled (u_id,courseCode) VALUES (620067737,'COMP1573'),(620067737,'MATH3544'),(620067737,'PHYS2306'),(620067737,'PHYS2448');
INSERT INTO Users VALUES (620067738,'Shannon','Carlson','ShannonCarlson@gmail.com','CarlsonShannon');
INSERT INTO Students VALUES (620067738,'UNDERGRAD','01-01-2020');
INSERT INTO Enrolled (u_id,courseCode) VALUES (620067738,'ECON3281'),(620067738,'INFO3868'),(620067738,'INFO2716'),(620067738,'ECON3523'),(620067738,'CHEM1807');
INSERT INTO Users VALUES (620067739,'Daisy','Washinski','DaisyWashinski@gmail.com','WashinskiDaisy');
INSERT INTO Students VALUES (620067739,'UNDERGRAD','01-01-2020');
INSERT INTO Enrolled (u_id,courseCode) VALUES (620067739,'MATH1148'),(620067739,'CHEM3327'),(620067739,'BIOC1485'),(620067739,'BIOC1448'),(620067739,'BIOC1986');
INSERT INTO Users VALUES (620067740,'Gilbert','Shani','GilbertShani@gmail.com','ShaniGilbert');
INSERT INTO Students VALUES (620067740,'UNDERGRAD','01-01-2020');
INSERT INTO Enrolled (u_id,courseCode) VALUES (620067740,'PHYS2338'),(620067740,'INFO3645'),(620067740,'BIOC1052'),(620067740,'CHEM3747'),(620067740,'MATH2555'),(620067740,'INFO1825');
INSERT INTO Users VALUES (620067741,'Kathleen','Hamilton','KathleenHamilton@gmail.com','HamiltonKathleen');
INSERT INTO Students VALUES (620067741,'UNDERGRAD','01-01-2020');
INSERT INTO Enrolled (u_id,courseCode) VALUES (620067741,'ECON1170'),(620067741,'COMP2651'),(620067741,'CHEM2220'),(620067741,'MATH2555');
INSERT INTO Users VALUES (620067742,'Janice','Cochran','JaniceCochran@gmail.com','CochranJanice');
INSERT INTO Students VALUES (620067742,'UNDERGRAD','01-01-2020');
INSERT INTO Enrolled (u_id,courseCode) VALUES (620067742,'BIOC2981'),(620067742,'ECON1098'),(620067742,'CHEM3888'),(620067742,'ECON2345');
INSERT INTO Users VALUES (620067743,'Dominique','Phinney','DominiquePhinney@gmail.com','PhinneyDominique');
INSERT INTO Students VALUES (620067743,'UNDERGRAD','01-01-2020');
INSERT INTO Enrolled (u_id,courseCode) VALUES (620067743,'BIOC1485'),(620067743,'BIOC1598'),(620067743,'PHYS3290'),(620067743,'INFO2797'),(620067743,'CHEM2626'),(620067743,'COMP2400');
INSERT INTO Users VALUES (620067744,'Daniel','Meraz','DanielMeraz@gmail.com','MerazDaniel');
INSERT INTO Students VALUES (620067744,'UNDERGRAD','01-01-2020');
INSERT INTO Enrolled (u_id,courseCode) VALUES (620067744,'COMP1543'),(620067744,'INFO3603'),(620067744,'ECON1498'),(620067744,'CHEM2481'),(620067744,'BIOC1164'),(620067744,'CHEM2149');
INSERT INTO Users VALUES (620067745,'Delia','Laudat','DeliaLaudat@gmail.com','LaudatDelia');
INSERT INTO Students VALUES (620067745,'UNDERGRAD','01-01-2020');
INSERT INTO Enrolled (u_id,courseCode) VALUES (620067745,'PHYS2306'),(620067745,'PHYS3464'),(620067745,'CHEM1494'),(620067745,'MATH1648'),(620067745,'INFO1014'),(620067745,'CHEM3614');
INSERT INTO Users VALUES (620067746,'Philip','Schilling','PhilipSchilling@gmail.com','SchillingPhilip');
INSERT INTO Students VALUES (620067746,'UNDERGRAD','01-01-2020');
INSERT INTO Enrolled (u_id,courseCode) VALUES (620067746,'ECON3085'),(620067746,'MATH3844'),(620067746,'INFO2716'),(620067746,'BIOC1052'),(620067746,'PHYS1930'),(620067746,'CHEM1807');
INSERT INTO Users VALUES (620067747,'Alvin','Nelson','AlvinNelson@gmail.com','NelsonAlvin');
INSERT INTO Students VALUES (620067747,'UNDERGRAD','01-01-2020');
INSERT INTO Enrolled (u_id,courseCode) VALUES (620067747,'BIOC1485'),(620067747,'ECON2722'),(620067747,'INFO3636'),(620067747,'INFO1447'),(620067747,'COMP3084');
INSERT INTO Users VALUES (620067748,'Donald','Watson','DonaldWatson@gmail.com','WatsonDonald');
INSERT INTO Students VALUES (620067748,'UNDERGRAD','01-01-2020');
INSERT INTO Enrolled (u_id,courseCode) VALUES (620067748,'PHYS2338'),(620067748,'BIOC2981'),(620067748,'CHEM2220'),(620067748,'PHYS3339');
INSERT INTO Users VALUES (620067749,'John','Merna','JohnMerna@gmail.com','MernaJohn');
INSERT INTO Students VALUES (620067749,'UNDERGRAD','01-01-2020');
INSERT INTO Enrolled (u_id,courseCode) VALUES (620067749,'CHEM3409'),(620067749,'COMP1573'),(620067749,'ECON2703');
INSERT INTO Users VALUES (620067750,'Byron','Hinojosa','ByronHinojosa@gmail.com','HinojosaByron');
INSERT INTO Students VALUES (620067750,'UNDERGRAD','01-01-2020');
INSERT INTO Enrolled (u_id,courseCode) VALUES (620067750,'BIOC1052'),(620067750,'COMP2965'),(620067750,'BIOC3457'),(620067750,'CHEM2604');
INSERT INTO Users VALUES (620067751,'Deborah','Hernandez','DeborahHernandez@gmail.com','HernandezDeborah');
INSERT INTO Students VALUES (620067751,'UNDERGRAD','01-01-2020');
INSERT INTO Enrolled (u_id,courseCode) VALUES (620067751,'COMP1543'),(620067751,'CHEM1807'),(620067751,'COMP3849');
INSERT INTO Users VALUES (620067752,'Margaret','Wengerd','MargaretWengerd@gmail.com','WengerdMargaret');
INSERT INTO Students VALUES (620067752,'UNDERGRAD','01-01-2020');
INSERT INTO Enrolled (u_id,courseCode) VALUES (620067752,'PHYS1399'),(620067752,'PHYS3339'),(620067752,'INFO2813'),(620067752,'ECON2722'),(620067752,'BIOC2589');
INSERT INTO Users VALUES (620067753,'Michael','Duffy','MichaelDuffy@gmail.com','DuffyMichael');
INSERT INTO Students VALUES (620067753,'UNDERGRAD','01-01-2020');
INSERT INTO Enrolled (u_id,courseCode) VALUES (620067753,'CHEM3054'),(620067753,'INFO1833'),(620067753,'COMP2077');
INSERT INTO Users VALUES (620067754,'Rhonda','Brock','RhondaBrock@gmail.com','BrockRhonda');
INSERT INTO Students VALUES (620067754,'UNDERGRAD','01-01-2020');
INSERT INTO Enrolled (u_id,courseCode) VALUES (620067754,'PHYS1399'),(620067754,'BIOC3457'),(620067754,'INFO1288'),(620067754,'CHEM2867');
INSERT INTO Users VALUES (620067755,'Frances','Miles','FrancesMiles@gmail.com','MilesFrances');
INSERT INTO Students VALUES (620067755,'UNDERGRAD','01-01-2020');
INSERT INTO Enrolled (u_id,courseCode) VALUES (620067755,'CHEM2220'),(620067755,'COMP1460'),(620067755,'BIOC2671'),(620067755,'CHEM3747'),(620067755,'INFO3419');
INSERT INTO Users VALUES (620067756,'Thomas','Evans','ThomasEvans@gmail.com','EvansThomas');
INSERT INTO Students VALUES (620067756,'UNDERGRAD','01-01-2020');
INSERT INTO Enrolled (u_id,courseCode) VALUES (620067756,'COMP3167'),(620067756,'MATH2801'),(620067756,'CHEM1340');
INSERT INTO Users VALUES (620067757,'Jose','Swan','JoseSwan@gmail.com','SwanJose');
INSERT INTO Students VALUES (620067757,'UNDERGRAD','01-01-2020');
INSERT INTO Enrolled (u_id,courseCode) VALUES (620067757,'INFO1447'),(620067757,'BIOC2550'),(620067757,'CHEM2797');
INSERT INTO Users VALUES (620067758,'Betty','Joaquin','BettyJoaquin@gmail.com','JoaquinBetty');
INSERT INTO Students VALUES (620067758,'UNDERGRAD','01-01-2020');
INSERT INTO Enrolled (u_id,courseCode) VALUES (620067758,'CHEM2066'),(620067758,'COMP2965'),(620067758,'ECON1589'),(620067758,'INFO1648'),(620067758,'CHEM3327'),(620067758,'INFO2270');
INSERT INTO Users VALUES (620067759,'Douglas','Winner','DouglasWinner@gmail.com','WinnerDouglas');
INSERT INTO Students VALUES (620067759,'UNDERGRAD','01-01-2020');
INSERT INTO Enrolled (u_id,courseCode) VALUES (620067759,'ECON1589'),(620067759,'MATH3179'),(620067759,'MATH3688'),(620067759,'CHEM1613'),(620067759,'COMP1460');
INSERT INTO Users VALUES (620067760,'Kurt','Steinberger','KurtSteinberger@gmail.com','SteinbergerKurt');
INSERT INTO Students VALUES (620067760,'UNDERGRAD','01-01-2020');
INSERT INTO Enrolled (u_id,courseCode) VALUES (620067760,'ECON3085'),(620067760,'PHYS2563'),(620067760,'BIOC2236'),(620067760,'MATH3173'),(620067760,'PHYS3686'),(620067760,'COMP1184');
INSERT INTO Users VALUES (620067761,'William','Mcneill','WilliamMcneill@gmail.com','McneillWilliam');
INSERT INTO Students VALUES (620067761,'UNDERGRAD','01-01-2020');
INSERT INTO Enrolled (u_id,courseCode) VALUES (620067761,'COMP1051'),(620067761,'INFO2213'),(620067761,'BIOC2671'),(620067761,'COMP2651'),(620067761,'PHYS1399'),(620067761,'BIOC2589');
INSERT INTO Users VALUES (620067762,'Juan','Larry','JuanLarry@gmail.com','LarryJuan');
INSERT INTO Students VALUES (620067762,'UNDERGRAD','01-01-2020');
INSERT INTO Enrolled (u_id,courseCode) VALUES (620067762,'INFO2521'),(620067762,'COMP2080'),(620067762,'PHYS3659'),(620067762,'PHYS2451'),(620067762,'MATH3029'),(620067762,'ECON2345');
INSERT INTO Users VALUES (620067763,'Roger','Martin','RogerMartin@gmail.com','MartinRoger');
INSERT INTO Students VALUES (620067763,'UNDERGRAD','01-01-2020');
INSERT INTO Enrolled (u_id,courseCode) VALUES (620067763,'ECON1561'),(620067763,'ECON3447'),(620067763,'INFO2811'),(620067763,'PHYS1173');
INSERT INTO Users VALUES (620067764,'Kenneth','Truitt','KennethTruitt@gmail.com','TruittKenneth');
INSERT INTO Students VALUES (620067764,'UNDERGRAD','01-01-2020');
INSERT INTO Enrolled (u_id,courseCode) VALUES (620067764,'ECON1498'),(620067764,'COMP1573'),(620067764,'CHEM2481'),(620067764,'BIOC3191'),(620067764,'ECON1230');
INSERT INTO Users VALUES (620067765,'Joyce','Jackson','JoyceJackson@gmail.com','JacksonJoyce');
INSERT INTO Students VALUES (620067765,'UNDERGRAD','01-01-2020');
INSERT INTO Enrolled (u_id,courseCode) VALUES (620067765,'ECON1645'),(620067765,'PHYS3787'),(620067765,'CHEM3054'),(620067765,'INFO3419'),(620067765,'MATH2550'),(620067765,'PHYS1140');
INSERT INTO Users VALUES (620067766,'Willard','Blevins','WillardBlevins@gmail.com','BlevinsWillard');
INSERT INTO Students VALUES (620067766,'UNDERGRAD','01-01-2020');
INSERT INTO Enrolled (u_id,courseCode) VALUES (620067766,'MATH3179'),(620067766,'ECON3276'),(620067766,'INFO1288'),(620067766,'COMP1051');
INSERT INTO Users VALUES (620067767,'Dennis','Larry','DennisLarry@gmail.com','LarryDennis');
INSERT INTO Students VALUES (620067767,'UNDERGRAD','01-01-2020');
INSERT INTO Enrolled (u_id,courseCode) VALUES (620067767,'COMP2080'),(620067767,'CHEM1340'),(620067767,'CHEM3747'),(620067767,'ECON1561');
INSERT INTO Users VALUES (620067768,'Clifford','Vanhamlin','CliffordVanhamlin@gmail.com','VanhamlinClifford');
INSERT INTO Students VALUES (620067768,'UNDERGRAD','01-01-2020');
INSERT INTO Enrolled (u_id,courseCode) VALUES (620067768,'INFO1145'),(620067768,'MATH1638'),(620067768,'ECON3372'),(620067768,'PHYS3686'),(620067768,'MATH3613');
INSERT INTO Users VALUES (620067769,'Tim','Miles','TimMiles@gmail.com','MilesTim');
INSERT INTO Students VALUES (620067769,'UNDERGRAD','01-01-2020');
INSERT INTO Enrolled (u_id,courseCode) VALUES (620067769,'INFO1833'),(620067769,'MATH2067'),(620067769,'ECON3228'),(620067769,'ECON2814'),(620067769,'MATH1638'),(620067769,'BIOC1866');
INSERT INTO Users VALUES (620067770,'Betsy','Watson','BetsyWatson@gmail.com','WatsonBetsy');
INSERT INTO Students VALUES (620067770,'UNDERGRAD','01-01-2020');
INSERT INTO Enrolled (u_id,courseCode) VALUES (620067770,'PHYS3876'),(620067770,'BIOC1744'),(620067770,'INFO2636'),(620067770,'MATH2873'),(620067770,'MATH3173'),(620067770,'PHYS2113');
INSERT INTO Users VALUES (620067771,'Vivian','Withrow','VivianWithrow@gmail.com','WithrowVivian');
INSERT INTO Students VALUES (620067771,'UNDERGRAD','01-01-2020');
INSERT INTO Enrolled (u_id,courseCode) VALUES (620067771,'PHYS2306'),(620067771,'CHEM2065'),(620067771,'COMP3084'),(620067771,'INFO3868'),(620067771,'ECON1996'),(620067771,'COMP3506');
INSERT INTO Users VALUES (620067772,'Patricia','Harms','PatriciaHarms@gmail.com','HarmsPatricia');
INSERT INTO Students VALUES (620067772,'UNDERGRAD','01-01-2020');
INSERT INTO Enrolled (u_id,courseCode) VALUES (620067772,'PHYS3729'),(620067772,'PHYS2117'),(620067772,'CHEM1807');
INSERT INTO Users VALUES (620067773,'Deanna','Hoyer','DeannaHoyer@gmail.com','HoyerDeanna');
INSERT INTO Students VALUES (620067773,'UNDERGRAD','01-01-2020');
INSERT INTO Enrolled (u_id,courseCode) VALUES (620067773,'MATH3179'),(620067773,'CHEM3614'),(620067773,'ECON3737'),(620067773,'BIOC2054'),(620067773,'MATH1638'),(620067773,'CHEM1485');
INSERT INTO Users VALUES (620067774,'Clifford','Fuller','CliffordFuller@gmail.com','FullerClifford');
INSERT INTO Students VALUES (620067774,'UNDERGRAD','01-01-2020');
INSERT INTO Enrolled (u_id,courseCode) VALUES (620067774,'CHEM2481'),(620067774,'INFO3935'),(620067774,'CHEM3347'),(620067774,'MATH2501'),(620067774,'PHYS2563');
INSERT INTO Users VALUES (620067775,'Alice','Meraz','AliceMeraz@gmail.com','MerazAlice');
INSERT INTO Students VALUES (620067775,'UNDERGRAD','01-01-2020');
INSERT INTO Enrolled (u_id,courseCode) VALUES (620067775,'MATH2717'),(620067775,'CHEM2697'),(620067775,'PHYS1930'),(620067775,'MATH1972'),(620067775,'COMP3506');
INSERT INTO Users VALUES (620067776,'William','Morey','WilliamMorey@gmail.com','MoreyWilliam');
INSERT INTO Students VALUES (620067776,'UNDERGRAD','01-01-2020');
INSERT INTO Enrolled (u_id,courseCode) VALUES (620067776,'CHEM2220'),(620067776,'MATH1309'),(620067776,'INFO3868'),(620067776,'MATH1648'),(620067776,'CHEM3617');
INSERT INTO Users VALUES (620067777,'Jonathan','Miles','JonathanMiles@gmail.com','MilesJonathan');
INSERT INTO Students VALUES (620067777,'UNDERGRAD','01-01-2020');
INSERT INTO Enrolled (u_id,courseCode) VALUES (620067777,'INFO3636'),(620067777,'COMP2400'),(620067777,'PHYS2563'),(620067777,'CHEM3327'),(620067777,'ECON1170');
INSERT INTO Users VALUES (620067778,'Nathan','Withrow','NathanWithrow@gmail.com','WithrowNathan');
INSERT INTO Students VALUES (620067778,'UNDERGRAD','01-01-2020');
INSERT INTO Enrolled (u_id,courseCode) VALUES (620067778,'PHYS3354'),(620067778,'MATH3544'),(620067778,'MATH3179'),(620067778,'CHEM2626'),(620067778,'INFO2521'),(620067778,'INFO2797');
INSERT INTO Users VALUES (620067779,'Rick','Rankin','RickRankin@gmail.com','RankinRick');
INSERT INTO Students VALUES (620067779,'UNDERGRAD','01-01-2020');
INSERT INTO Enrolled (u_id,courseCode) VALUES (620067779,'MATH1638'),(620067779,'BIOC1164'),(620067779,'CHEM3617'),(620067779,'INFO2559');
INSERT INTO Users VALUES (620067780,'Rhoda','Turner','RhodaTurner@gmail.com','TurnerRhoda');
INSERT INTO Students VALUES (620067780,'UNDERGRAD','01-01-2020');
INSERT INTO Enrolled (u_id,courseCode) VALUES (620067780,'INFO2811'),(620067780,'MATH3222'),(620067780,'CHEM2066'),(620067780,'PHYS2563'),(620067780,'MATH3179'),(620067780,'COMP1867');
INSERT INTO Users VALUES (620067781,'Guillermo','Mitchell','GuillermoMitchell@gmail.com','MitchellGuillermo');
INSERT INTO Students VALUES (620067781,'UNDERGRAD','01-01-2020');
INSERT INTO Enrolled (u_id,courseCode) VALUES (620067781,'BIOC2983'),(620067781,'MATH1972'),(620067781,'ECON3447'),(620067781,'PHYS2117'),(620067781,'MATH3209');
INSERT INTO Users VALUES (620067782,'Wendell','Turkus','WendellTurkus@gmail.com','TurkusWendell');
INSERT INTO Students VALUES (620067782,'UNDERGRAD','01-01-2020');
INSERT INTO Enrolled (u_id,courseCode) VALUES (620067782,'MATH2957'),(620067782,'PHYS2113'),(620067782,'BIOC1439'),(620067782,'ECON2722'),(620067782,'COMP1051'),(620067782,'CHEM2727');
INSERT INTO Users VALUES (620067783,'Peter','Lockwood','PeterLockwood@gmail.com','LockwoodPeter');
INSERT INTO Students VALUES (620067783,'UNDERGRAD','01-01-2020');
INSERT INTO Enrolled (u_id,courseCode) VALUES (620067783,'COMP2400'),(620067783,'INFO2270'),(620067783,'CHEM1807'),(620067783,'INFO1288'),(620067783,'ECON1783');
INSERT INTO Users VALUES (620067784,'Rhoda','Winner','RhodaWinner@gmail.com','WinnerRhoda');
INSERT INTO Students VALUES (620067784,'UNDERGRAD','01-01-2020');
INSERT INTO Enrolled (u_id,courseCode) VALUES (620067784,'MATH2717'),(620067784,'COMP2400'),(620067784,'ECON1012'),(620067784,'MATH2873'),(620067784,'COMP3167');
INSERT INTO Users VALUES (620067785,'Marilyn','Sandlin','MarilynSandlin@gmail.com','SandlinMarilyn');
INSERT INTO Students VALUES (620067785,'UNDERGRAD','01-01-2020');
INSERT INTO Enrolled (u_id,courseCode) VALUES (620067785,'MATH3173'),(620067785,'ECON1589'),(620067785,'CHEM3888'),(620067785,'MATH2550'),(620067785,'ECON2703'),(620067785,'COMP3173');
INSERT INTO Users VALUES (620067786,'Randall','Ott','RandallOtt@gmail.com','OttRandall');
INSERT INTO Students VALUES (620067786,'UNDERGRAD','01-01-2020');
INSERT INTO Enrolled (u_id,courseCode) VALUES (620067786,'ECON1996'),(620067786,'CHEM3888'),(620067786,'MATH3179'),(620067786,'CHEM2149'),(620067786,'CHEM2220'),(620067786,'ECON3989');
INSERT INTO Users VALUES (620067787,'Cassie','Early','CassieEarly@gmail.com','EarlyCassie');
INSERT INTO Students VALUES (620067787,'UNDERGRAD','01-01-2020');
INSERT INTO Enrolled (u_id,courseCode) VALUES (620067787,'COMP1543'),(620067787,'ECON3737'),(620067787,'BIOC1794'),(620067787,'ECON3063'),(620067787,'INFO3636');
INSERT INTO Users VALUES (620067788,'Sergio','Watson','SergioWatson@gmail.com','WatsonSergio');
INSERT INTO Students VALUES (620067788,'UNDERGRAD','01-01-2020');
INSERT INTO Enrolled (u_id,courseCode) VALUES (620067788,'INFO2797'),(620067788,'PHYS2667'),(620067788,'COMP1357'),(620067788,'INFO3603'),(620067788,'PHYS3876'),(620067788,'CHEM3327');
INSERT INTO Users VALUES (620067789,'Georgie','Larry','GeorgieLarry@gmail.com','LarryGeorgie');
INSERT INTO Students VALUES (620067789,'UNDERGRAD','01-01-2020');
INSERT INTO Enrolled (u_id,courseCode) VALUES (620067789,'BIOC1104'),(620067789,'COMP3167'),(620067789,'MATH3857'),(620067789,'PHYS1399'),(620067789,'ECON1012'),(620067789,'PHYS1140');
INSERT INTO Users VALUES (620067790,'Rosa','Early','RosaEarly@gmail.com','EarlyRosa');
INSERT INTO Students VALUES (620067790,'UNDERGRAD','01-01-2020');
INSERT INTO Enrolled (u_id,courseCode) VALUES (620067790,'PHYS2238'),(620067790,'MATH2067'),(620067790,'INFO1242');
INSERT INTO Users VALUES (620067791,'Cherise','Shattuck','CheriseShattuck@gmail.com','ShattuckCherise');
INSERT INTO Students VALUES (620067791,'UNDERGRAD','01-01-2020');
INSERT INTO Enrolled (u_id,courseCode) VALUES (620067791,'BIOC1104'),(620067791,'INFO1990'),(620067791,'CHEM2727'),(620067791,'CHEM3327');
INSERT INTO Users VALUES (620067792,'Milton','Rice','MiltonRice@gmail.com','RiceMilton');
INSERT INTO Students VALUES (620067792,'UNDERGRAD','01-01-2020');
INSERT INTO Enrolled (u_id,courseCode) VALUES (620067792,'INFO2860'),(620067792,'ECON1589'),(620067792,'CHEM2626'),(620067792,'COMP2717');
INSERT INTO Users VALUES (620067793,'Katherine','Tate','KatherineTate@gmail.com','TateKatherine');
INSERT INTO Students VALUES (620067793,'UNDERGRAD','01-01-2020');
INSERT INTO Enrolled (u_id,courseCode) VALUES (620067793,'INFO3868'),(620067793,'PHYS3464'),(620067793,'ECON1012'),(620067793,'BIOC1448'),(620067793,'COMP3697'),(620067793,'ECON1498');
INSERT INTO Users VALUES (620067794,'Michelle','Orchard','MichelleOrchard@gmail.com','OrchardMichelle');
INSERT INTO Students VALUES (620067794,'UNDERGRAD','01-01-2020');
INSERT INTO Enrolled (u_id,courseCode) VALUES (620067794,'BIOC1598'),(620067794,'PHYS3052'),(620067794,'ECON2814');
INSERT INTO Users VALUES (620067795,'Vivian','Brown','VivianBrown@gmail.com','BrownVivian');
INSERT INTO Students VALUES (620067795,'UNDERGRAD','01-01-2020');
INSERT INTO Enrolled (u_id,courseCode) VALUES (620067795,'CHEM3888'),(620067795,'ECON3276'),(620067795,'CHEM1807'),(620067795,'COMP3418');
INSERT INTO Users VALUES (620067796,'Susan','Steinberger','SusanSteinberger@gmail.com','SteinbergerSusan');
INSERT INTO Students VALUES (620067796,'UNDERGRAD','01-01-2020');
INSERT INTO Enrolled (u_id,courseCode) VALUES (620067796,'ECON3989'),(620067796,'COMP3697'),(620067796,'BIOC2589'),(620067796,'CHEM3614'),(620067796,'PHYS2667');
INSERT INTO Users VALUES (620067797,'Debbie','Cummings','DebbieCummings@gmail.com','CummingsDebbie');
INSERT INTO Students VALUES (620067797,'UNDERGRAD','01-01-2020');
INSERT INTO Enrolled (u_id,courseCode) VALUES (620067797,'COMP1357'),(620067797,'COMP1867'),(620067797,'INFO3603'),(620067797,'COMP2400'),(620067797,'INFO1833'),(620067797,'MATH1148');
INSERT INTO Users VALUES (620067798,'Geoffrey','Nunn','GeoffreyNunn@gmail.com','NunnGeoffrey');
INSERT INTO Students VALUES (620067798,'UNDERGRAD','01-01-2020');
INSERT INTO Enrolled (u_id,courseCode) VALUES (620067798,'ECON2387'),(620067798,'BIOC2671'),(620067798,'PHYS2667'),(620067798,'BIOC2589'),(620067798,'PHYS1930');
INSERT INTO Users VALUES (620067799,'Randy','Lowry','RandyLowry@gmail.com','LowryRandy');
INSERT INTO Students VALUES (620067799,'UNDERGRAD','01-01-2020');
INSERT INTO Enrolled (u_id,courseCode) VALUES (620067799,'COMP2541'),(620067799,'INFO2213'),(620067799,'COMP3697'),(620067799,'INFO2147');
INSERT INTO Users VALUES (620067800,'Floyd','Gilmore','FloydGilmore@gmail.com','GilmoreFloyd');
INSERT INTO Students VALUES (620067800,'UNDERGRAD','01-01-2020');
INSERT INTO Enrolled (u_id,courseCode) VALUES (620067800,'COMP3697'),(620067800,'INFO1825'),(620067800,'CHEM2727');
INSERT INTO Users VALUES (620067801,'Harold','Hunter','HaroldHunter@gmail.com','HunterHarold');
INSERT INTO Students VALUES (620067801,'UNDERGRAD','01-01-2020');
INSERT INTO Enrolled (u_id,courseCode) VALUES (620067801,'CHEM2797'),(620067801,'ECON1589'),(620067801,'BIOC1986'),(620067801,'COMP1867'),(620067801,'COMP2077');
INSERT INTO Users VALUES (620067802,'Jonathan','Marshall','JonathanMarshall@gmail.com','MarshallJonathan');
INSERT INTO Students VALUES (620067802,'UNDERGRAD','01-01-2020');
INSERT INTO Enrolled (u_id,courseCode) VALUES (620067802,'ECON3020'),(620067802,'COMP3685'),(620067802,'CHEM1340');
INSERT INTO Users VALUES (620067803,'Francisca','Cardona','FranciscaCardona@gmail.com','CardonaFrancisca');
INSERT INTO Students VALUES (620067803,'UNDERGRAD','01-01-2020');
INSERT INTO Enrolled (u_id,courseCode) VALUES (620067803,'INFO1145'),(620067803,'COMP3697'),(620067803,'PHYS3354'),(620067803,'PHYS3339');
INSERT INTO Users VALUES (620067804,'John','Joaquin','JohnJoaquin@gmail.com','JoaquinJohn');
INSERT INTO Students VALUES (620067804,'UNDERGRAD','01-01-2020');
INSERT INTO Enrolled (u_id,courseCode) VALUES (620067804,'MATH3209'),(620067804,'COMP1867'),(620067804,'COMP3418'),(620067804,'CHEM2446'),(620067804,'CHEM3888');
INSERT INTO Users VALUES (620067805,'Terri','Bras','TerriBras@gmail.com','BrasTerri');
INSERT INTO Students VALUES (620067805,'UNDERGRAD','01-01-2020');
INSERT INTO Enrolled (u_id,courseCode) VALUES (620067805,'COMP2400'),(620067805,'MATH3222'),(620067805,'MATH1454'),(620067805,'ECON1645'),(620067805,'MATH3544'),(620067805,'ECON3523');
INSERT INTO Users VALUES (620067806,'Jeremy','Cummings','JeremyCummings@gmail.com','CummingsJeremy');
INSERT INTO Students VALUES (620067806,'UNDERGRAD','01-01-2020');
INSERT INTO Enrolled (u_id,courseCode) VALUES (620067806,'ECON1170'),(620067806,'PHYS2306'),(620067806,'MATH1648'),(620067806,'BIOC3457');
INSERT INTO Users VALUES (620067807,'William','Casteel','WilliamCasteel@gmail.com','CasteelWilliam');
INSERT INTO Students VALUES (620067807,'UNDERGRAD','01-01-2020');
INSERT INTO Enrolled (u_id,courseCode) VALUES (620067807,'BIOC1794'),(620067807,'MATH2501'),(620067807,'PHYS1399'),(620067807,'COMP3173');
INSERT INTO Users VALUES (620067808,'Erin','Charland','ErinCharland@gmail.com','CharlandErin');
INSERT INTO Students VALUES (620067808,'UNDERGRAD','01-01-2020');
INSERT INTO Enrolled (u_id,courseCode) VALUES (620067808,'ECON3447'),(620067808,'INFO1014'),(620067808,'BIOC1448'),(620067808,'ECON1098'),(620067808,'COMP2965'),(620067808,'MATH3844');
INSERT INTO Users VALUES (620067809,'Sam','Imoto','SamImoto@gmail.com','ImotoSam');
INSERT INTO Students VALUES (620067809,'UNDERGRAD','01-01-2020');
INSERT INTO Enrolled (u_id,courseCode) VALUES (620067809,'CHEM1340'),(620067809,'INFO2716'),(620067809,'COMP2077'),(620067809,'BIOC1598');
INSERT INTO Users VALUES (620067810,'Christopher','Crespo','ChristopherCrespo@gmail.com','CrespoChristopher');
INSERT INTO Students VALUES (620067810,'UNDERGRAD','01-01-2020');
INSERT INTO Enrolled (u_id,courseCode) VALUES (620067810,'PHYS2238'),(620067810,'COMP3849'),(620067810,'INFO2270');
INSERT INTO Users VALUES (620067811,'Daisy','Heckstall','DaisyHeckstall@gmail.com','HeckstallDaisy');
INSERT INTO Students VALUES (620067811,'UNDERGRAD','01-01-2020');
INSERT INTO Enrolled (u_id,courseCode) VALUES (620067811,'BIOC1866'),(620067811,'INFO2811'),(620067811,'PHYS3354'),(620067811,'MATH3173');
INSERT INTO Users VALUES (620067812,'Shannon','Hart','ShannonHart@gmail.com','HartShannon');
INSERT INTO Students VALUES (620067812,'UNDERGRAD','01-01-2020');
INSERT INTO Enrolled (u_id,courseCode) VALUES (620067812,'MATH3222'),(620067812,'MATH1262'),(620067812,'INFO1288'),(620067812,'BIOC3604'),(620067812,'CHEM3747');
INSERT INTO Users VALUES (620067813,'Sean','Hodge','SeanHodge@gmail.com','HodgeSean');
INSERT INTO Students VALUES (620067813,'UNDERGRAD','01-01-2020');
INSERT INTO Enrolled (u_id,courseCode) VALUES (620067813,'PHYS2113'),(620067813,'INFO2147'),(620067813,'PHYS2238'),(620067813,'MATH2717');
INSERT INTO Users VALUES (620067814,'Julius','Stallings','JuliusStallings@gmail.com','StallingsJulius');
INSERT INTO Students VALUES (620067814,'UNDERGRAD','01-01-2020');
INSERT INTO Enrolled (u_id,courseCode) VALUES (620067814,'CHEM2220'),(620067814,'CHEM3327'),(620067814,'ECON1170'),(620067814,'ECON2814'),(620067814,'CHEM2005');
INSERT INTO Users VALUES (620067815,'Vivian','Wengerd','VivianWengerd@gmail.com','WengerdVivian');
INSERT INTO Students VALUES (620067815,'UNDERGRAD','01-01-2020');
INSERT INTO Enrolled (u_id,courseCode) VALUES (620067815,'COMP1867'),(620067815,'ECON3228'),(620067815,'INFO2860');
INSERT INTO Users VALUES (620067816,'Steven','Mccarthy','StevenMccarthy@gmail.com','MccarthySteven');
INSERT INTO Students VALUES (620067816,'UNDERGRAD','01-01-2020');
INSERT INTO Enrolled (u_id,courseCode) VALUES (620067816,'MATH3059'),(620067816,'PHYS2238'),(620067816,'PHYS2451'),(620067816,'ECON1589'),(620067816,'PHYS2117');
INSERT INTO Users VALUES (620067817,'Larry','Butler','LarryButler@gmail.com','ButlerLarry');
INSERT INTO Students VALUES (620067817,'UNDERGRAD','01-01-2020');
INSERT INTO Enrolled (u_id,courseCode) VALUES (620067817,'MATH3857'),(620067817,'CHEM2626'),(620067817,'MATH3844'),(620067817,'PHYS2448'),(620067817,'INFO3645');
INSERT INTO Users VALUES (620067818,'Alfred','Oswalt','AlfredOswalt@gmail.com','OswaltAlfred');
INSERT INTO Students VALUES (620067818,'UNDERGRAD','01-01-2020');
INSERT INTO Enrolled (u_id,courseCode) VALUES (620067818,'BIOC1448'),(620067818,'CHEM2446'),(620067818,'INFO1825'),(620067818,'COMP3418'),(620067818,'PHYS3729');
INSERT INTO Users VALUES (620067819,'Antionette','Flowers','AntionetteFlowers@gmail.com','FlowersAntionette');
INSERT INTO Students VALUES (620067819,'UNDERGRAD','01-01-2020');
INSERT INTO Enrolled (u_id,courseCode) VALUES (620067819,'ECON3372'),(620067819,'INFO3935'),(620067819,'BIOC2236');
INSERT INTO Users VALUES (620067820,'Arthur','Bras','ArthurBras@gmail.com','BrasArthur');
INSERT INTO Students VALUES (620067820,'UNDERGRAD','01-01-2020');
INSERT INTO Enrolled (u_id,courseCode) VALUES (620067820,'CHEM2481'),(620067820,'MATH2501'),(620067820,'PHYS3464'),(620067820,'CHEM1807'),(620067820,'CHEM3617'),(620067820,'PHYS2448');
INSERT INTO Users VALUES (620067821,'Frances','Phinney','FrancesPhinney@gmail.com','PhinneyFrances');
INSERT INTO Students VALUES (620067821,'UNDERGRAD','01-01-2020');
INSERT INTO Enrolled (u_id,courseCode) VALUES (620067821,'ECON3447'),(620067821,'INFO1648'),(620067821,'CHEM1340'),(620067821,'ECON1012'),(620067821,'INFO1833');
INSERT INTO Users VALUES (620067822,'Bobby','Mejias','BobbyMejias@gmail.com','MejiasBobby');
INSERT INTO Students VALUES (620067822,'UNDERGRAD','01-01-2020');
INSERT INTO Enrolled (u_id,courseCode) VALUES (620067822,'CHEM2481'),(620067822,'COMP3849'),(620067822,'BIOC2236'),(620067822,'MATH3209'),(620067822,'MATH3688'),(620067822,'INFO2337');
INSERT INTO Users VALUES (620067823,'Shirley','Meisner','ShirleyMeisner@gmail.com','MeisnerShirley');
INSERT INTO Students VALUES (620067823,'UNDERGRAD','01-01-2020');
INSERT INTO Enrolled (u_id,courseCode) VALUES (620067823,'ECON3523'),(620067823,'BIOC1448'),(620067823,'INFO1014');
INSERT INTO Users VALUES (620067824,'Caroline','Hart','CarolineHart@gmail.com','HartCaroline');
INSERT INTO Students VALUES (620067824,'UNDERGRAD','01-01-2020');
INSERT INTO Enrolled (u_id,courseCode) VALUES (620067824,'COMP2361'),(620067824,'BIOC1485'),(620067824,'BIOC1448');
INSERT INTO Users VALUES (620067825,'Delia','Barron','DeliaBarron@gmail.com','BarronDelia');
INSERT INTO Students VALUES (620067825,'UNDERGRAD','01-01-2020');
INSERT INTO Enrolled (u_id,courseCode) VALUES (620067825,'MATH1638'),(620067825,'MATH1250'),(620067825,'MATH1148'),(620067825,'ECON2814'),(620067825,'ECON3372'),(620067825,'BIOC3341');
INSERT INTO Users VALUES (620067826,'Blake','Lavoy','BlakeLavoy@gmail.com','LavoyBlake');
INSERT INTO Students VALUES (620067826,'UNDERGRAD','01-01-2020');
INSERT INTO Enrolled (u_id,courseCode) VALUES (620067826,'ECON1230'),(620067826,'BIOC3721'),(620067826,'PHYS1173'),(620067826,'ECON3281');
INSERT INTO Users VALUES (620067827,'Teresa','Braun','TeresaBraun@gmail.com','BraunTeresa');
INSERT INTO Students VALUES (620067827,'UNDERGRAD','01-01-2020');
INSERT INTO Enrolled (u_id,courseCode) VALUES (620067827,'PHYS1930'),(620067827,'BIOC1794'),(620067827,'BIOC3721'),(620067827,'CHEM2149'),(620067827,'BIOC1164');
INSERT INTO Users VALUES (620067828,'Ruth','Tirabassi','RuthTirabassi@gmail.com','TirabassiRuth');
INSERT INTO Students VALUES (620067828,'UNDERGRAD','01-01-2020');
INSERT INTO Enrolled (u_id,courseCode) VALUES (620067828,'INFO2811'),(620067828,'BIOC2983'),(620067828,'COMP2541'),(620067828,'MATH3209'),(620067828,'ECON1170');
INSERT INTO Users VALUES (620067829,'Ernesto','Hernandez','ErnestoHernandez@gmail.com','HernandezErnesto');
INSERT INTO Students VALUES (620067829,'UNDERGRAD','01-01-2020');
INSERT INTO Enrolled (u_id,courseCode) VALUES (620067829,'CHEM1485'),(620067829,'PHYS2306'),(620067829,'COMP3849');
INSERT INTO Users VALUES (620067830,'Madaline','Johnson','MadalineJohnson@gmail.com','JohnsonMadaline');
INSERT INTO Students VALUES (620067830,'UNDERGRAD','01-01-2020');
INSERT INTO Enrolled (u_id,courseCode) VALUES (620067830,'COMP3506'),(620067830,'CHEM2446'),(620067830,'ECON1645'),(620067830,'INFO1833');
INSERT INTO Users VALUES (620067831,'Luella','Pero','LuellaPero@gmail.com','PeroLuella');
INSERT INTO Students VALUES (620067831,'UNDERGRAD','01-01-2020');
INSERT INTO Enrolled (u_id,courseCode) VALUES (620067831,'ECON3085'),(620067831,'CHEM2177'),(620067831,'MATH2188'),(620067831,'CHEM1340');
INSERT INTO Users VALUES (620067832,'Jonathan','Spohn','JonathanSpohn@gmail.com','SpohnJonathan');
INSERT INTO Students VALUES (620067832,'UNDERGRAD','01-01-2020');
INSERT INTO Enrolled (u_id,courseCode) VALUES (620067832,'INFO1833'),(620067832,'BIOC1794'),(620067832,'INFO3868'),(620067832,'BIOC1485'),(620067832,'COMP2717'),(620067832,'MATH2873');
INSERT INTO Users VALUES (620067833,'John','Mcneill','JohnMcneill@gmail.com','McneillJohn');
INSERT INTO Students VALUES (620067833,'UNDERGRAD','01-01-2020');
INSERT INTO Enrolled (u_id,courseCode) VALUES (620067833,'COMP3047'),(620067833,'CHEM3888'),(620067833,'MATH1454'),(620067833,'COMP1051'),(620067833,'PHYS3464'),(620067833,'ECON3085');
INSERT INTO Users VALUES (620067834,'Francisca','Krout','FranciscaKrout@gmail.com','KroutFrancisca');
INSERT INTO Students VALUES (620067834,'UNDERGRAD','01-01-2020');
INSERT INTO Enrolled (u_id,courseCode) VALUES (620067834,'PHYS2229'),(620067834,'CHEM1613'),(620067834,'PHYS2563'),(620067834,'PHYS2238'),(620067834,'ECON3276');
INSERT INTO Users VALUES (620067835,'Demetrice','Petty','DemetricePetty@gmail.com','PettyDemetrice');
INSERT INTO Students VALUES (620067835,'UNDERGRAD','01-01-2020');
INSERT INTO Enrolled (u_id,courseCode) VALUES (620067835,'CHEM2697'),(620067835,'ECON2387'),(620067835,'MATH2873'),(620067835,'ECON3063'),(620067835,'CHEM3747');
INSERT INTO Users VALUES (620067836,'Anderson','Aybar','AndersonAybar@gmail.com','AybarAnderson');
INSERT INTO Students VALUES (620067836,'UNDERGRAD','01-01-2020');
INSERT INTO Enrolled (u_id,courseCode) VALUES (620067836,'MATH3544'),(620067836,'ECON2722'),(620067836,'PHYS2977'),(620067836,'COMP1460');
INSERT INTO Users VALUES (620067837,'Iris','Jeanbaptiste','IrisJeanbaptiste@gmail.com','JeanbaptisteIris');
INSERT INTO Students VALUES (620067837,'UNDERGRAD','01-01-2020');
INSERT INTO Enrolled (u_id,courseCode) VALUES (620067837,'BIOC1534'),(620067837,'INFO3419'),(620067837,'PHYS3686'),(620067837,'PHYS1140'),(620067837,'PHYS2451');
INSERT INTO Users VALUES (620067838,'Louise','Burney','LouiseBurney@gmail.com','BurneyLouise');
INSERT INTO Students VALUES (620067838,'UNDERGRAD','01-01-2020');
INSERT INTO Enrolled (u_id,courseCode) VALUES (620067838,'INFO2813'),(620067838,'MATH3544'),(620067838,'INFO2860'),(620067838,'PHYS3464'),(620067838,'ECON3276'),(620067838,'COMP2717');
INSERT INTO Users VALUES (620067839,'Louise','Caudill','LouiseCaudill@gmail.com','CaudillLouise');
INSERT INTO Students VALUES (620067839,'UNDERGRAD','01-01-2020');
INSERT INTO Enrolled (u_id,courseCode) VALUES (620067839,'COMP1543'),(620067839,'ECON1230'),(620067839,'ECON3447'),(620067839,'INFO2213'),(620067839,'CHEM2066');
INSERT INTO Users VALUES (620067840,'Scott','Valenzuela','ScottValenzuela@gmail.com','ValenzuelaScott');
INSERT INTO Students VALUES (620067840,'UNDERGRAD','01-01-2020');
INSERT INTO Enrolled (u_id,courseCode) VALUES (620067840,'PHYS1140'),(620067840,'CHEM1613'),(620067840,'MATH2188'),(620067840,'ECON3523'),(620067840,'BIOC1910'),(620067840,'MATH3173');
INSERT INTO Users VALUES (620067841,'Delmar','Jackson','DelmarJackson@gmail.com','JacksonDelmar');
INSERT INTO Students VALUES (620067841,'UNDERGRAD','01-01-2020');
INSERT INTO Enrolled (u_id,courseCode) VALUES (620067841,'BIOC1485'),(620067841,'BIOC1534'),(620067841,'MATH2801'),(620067841,'COMP2965');
INSERT INTO Users VALUES (620067842,'Kirk','Lockwood','KirkLockwood@gmail.com','LockwoodKirk');
INSERT INTO Students VALUES (620067842,'UNDERGRAD','01-01-2020');
INSERT INTO Enrolled (u_id,courseCode) VALUES (620067842,'MATH1578'),(620067842,'CHEM2220'),(620067842,'CHEM2797'),(620067842,'COMP1460');
INSERT INTO Users VALUES (620067843,'Dwight','Walker','DwightWalker@gmail.com','WalkerDwight');
INSERT INTO Students VALUES (620067843,'UNDERGRAD','01-01-2020');
INSERT INTO Enrolled (u_id,courseCode) VALUES (620067843,'ECON1498'),(620067843,'BIOC2054'),(620067843,'BIOC1104'),(620067843,'MATH3179');
INSERT INTO Users VALUES (620067844,'Miguel','Guidry','MiguelGuidry@gmail.com','GuidryMiguel');
INSERT INTO Students VALUES (620067844,'UNDERGRAD','01-01-2020');
INSERT INTO Enrolled (u_id,courseCode) VALUES (620067844,'CHEM2177'),(620067844,'COMP2541'),(620067844,'PHYS2306'),(620067844,'PHYS2238');
INSERT INTO Users VALUES (620067845,'Laila','Siple','LailaSiple@gmail.com','SipleLaila');
INSERT INTO Students VALUES (620067845,'UNDERGRAD','01-01-2020');
INSERT INTO Enrolled (u_id,courseCode) VALUES (620067845,'MATH1454'),(620067845,'INFO3935'),(620067845,'ECON2387'),(620067845,'COMP3697'),(620067845,'PHYS2238');
INSERT INTO Users VALUES (620067846,'Ethel','Meisner','EthelMeisner@gmail.com','MeisnerEthel');
INSERT INTO Students VALUES (620067846,'UNDERGRAD','01-01-2020');
INSERT INTO Enrolled (u_id,courseCode) VALUES (620067846,'INFO1833'),(620067846,'INFO3419'),(620067846,'ECON1098'),(620067846,'MATH2801');
INSERT INTO Users VALUES (620067847,'Kendra','Gray','KendraGray@gmail.com','GrayKendra');
INSERT INTO Students VALUES (620067847,'UNDERGRAD','01-01-2020');
INSERT INTO Enrolled (u_id,courseCode) VALUES (620067847,'CHEM3054'),(620067847,'PHYS1140'),(620067847,'CHEM3617'),(620067847,'COMP1867');
INSERT INTO Users VALUES (620067848,'Thomas','Lindstrom','ThomasLindstrom@gmail.com','LindstromThomas');
INSERT INTO Students VALUES (620067848,'UNDERGRAD','01-01-2020');
INSERT INTO Enrolled (u_id,courseCode) VALUES (620067848,'CHEM3409'),(620067848,'MATH3059'),(620067848,'MATH1648'),(620067848,'MATH3209'),(620067848,'ECON3447'),(620067848,'MATH1262');
INSERT INTO Users VALUES (620067849,'Lorenza','Souza','LorenzaSouza@gmail.com','SouzaLorenza');
INSERT INTO Students VALUES (620067849,'UNDERGRAD','01-01-2020');
INSERT INTO Enrolled (u_id,courseCode) VALUES (620067849,'COMP3536'),(620067849,'MATH3613'),(620067849,'PHYS2977'),(620067849,'COMP2651'),(620067849,'BIOC1794'),(620067849,'ECON1170');
INSERT INTO Users VALUES (620067850,'William','Walden','WilliamWalden@gmail.com','WaldenWilliam');
INSERT INTO Students VALUES (620067850,'UNDERGRAD','01-01-2020');
INSERT INTO Enrolled (u_id,courseCode) VALUES (620067850,'COMP2965'),(620067850,'INFO1145'),(620067850,'MATH3222');
INSERT INTO Users VALUES (620067851,'Chad','Rios','ChadRios@gmail.com','RiosChad');
INSERT INTO Students VALUES (620067851,'UNDERGRAD','01-01-2020');
INSERT INTO Enrolled (u_id,courseCode) VALUES (620067851,'CHEM2177'),(620067851,'INFO2559'),(620067851,'CHEM2481'),(620067851,'COMP2080'),(620067851,'MATH1454'),(620067851,'COMP3167');
INSERT INTO Users VALUES (620067852,'Francis','Wood','FrancisWood@gmail.com','WoodFrancis');
INSERT INTO Students VALUES (620067852,'UNDERGRAD','01-01-2020');
INSERT INTO Enrolled (u_id,courseCode) VALUES (620067852,'CHEM2220'),(620067852,'BIOC1744'),(620067852,'CHEM1613'),(620067852,'CHEM1494'),(620067852,'PHYS3686');
INSERT INTO Users VALUES (620067853,'Mark','Boyer','MarkBoyer@gmail.com','BoyerMark');
INSERT INTO Students VALUES (620067853,'UNDERGRAD','01-01-2020');
INSERT INTO Enrolled (u_id,courseCode) VALUES (620067853,'BIOC1598'),(620067853,'COMP2541'),(620067853,'CHEM2177'),(620067853,'ECON2345'),(620067853,'PHYS1930'),(620067853,'CHEM2697');
INSERT INTO Users VALUES (620067854,'Nan','Terry','NanTerry@gmail.com','TerryNan');
INSERT INTO Students VALUES (620067854,'UNDERGRAD','01-01-2020');
INSERT INTO Enrolled (u_id,courseCode) VALUES (620067854,'PHYS3290'),(620067854,'CHEM3793'),(620067854,'PHYS3659');
INSERT INTO Users VALUES (620067855,'Dwayne','White','DwayneWhite@gmail.com','WhiteDwayne');
INSERT INTO Students VALUES (620067855,'UNDERGRAD','01-01-2020');
INSERT INTO Enrolled (u_id,courseCode) VALUES (620067855,'ECON2722'),(620067855,'MATH1578'),(620067855,'MATH1250'),(620067855,'COMP3173');
INSERT INTO Users VALUES (620067856,'Gilbert','Lorenz','GilbertLorenz@gmail.com','LorenzGilbert');
INSERT INTO Students VALUES (620067856,'UNDERGRAD','01-01-2020');
INSERT INTO Enrolled (u_id,courseCode) VALUES (620067856,'CHEM2604'),(620067856,'BIOC2983'),(620067856,'ECON1561'),(620067856,'CHEM2867'),(620067856,'MATH3173'),(620067856,'CHEM1485');
INSERT INTO Users VALUES (620067857,'Sarah','Knaub','SarahKnaub@gmail.com','KnaubSarah');
INSERT INTO Students VALUES (620067857,'UNDERGRAD','01-01-2020');
INSERT INTO Enrolled (u_id,courseCode) VALUES (620067857,'INFO3645'),(620067857,'BIOC1485'),(620067857,'CHEM1494');
INSERT INTO Users VALUES (620067858,'Benjamin','Tallent','BenjaminTallent@gmail.com','TallentBenjamin');
INSERT INTO Students VALUES (620067858,'UNDERGRAD','01-01-2020');
INSERT INTO Enrolled (u_id,courseCode) VALUES (620067858,'BIOC2671'),(620067858,'MATH1262'),(620067858,'CHEM2177'),(620067858,'PHYS3686'),(620067858,'COMP2965'),(620067858,'PHYS2238');
INSERT INTO Users VALUES (620067859,'Daisy','Mance','DaisyMance@gmail.com','ManceDaisy');
INSERT INTO Students VALUES (620067859,'UNDERGRAD','01-01-2020');
INSERT INTO Enrolled (u_id,courseCode) VALUES (620067859,'INFO2521'),(620067859,'ECON2703'),(620067859,'ECON1996'),(620067859,'INFO2950'),(620067859,'PHYS2451'),(620067859,'MATH3029');
INSERT INTO Users VALUES (620067860,'Jewell','Moldrem','JewellMoldrem@gmail.com','MoldremJewell');
INSERT INTO Students VALUES (620067860,'UNDERGRAD','01-01-2020');
INSERT INTO Enrolled (u_id,courseCode) VALUES (620067860,'INFO1825'),(620067860,'INFO3636'),(620067860,'ECON2703'),(620067860,'PHYS3052'),(620067860,'BIOC3191'),(620067860,'INFO3868');
INSERT INTO Users VALUES (620067861,'Magdalen','Hoffman','MagdalenHoffman@gmail.com','HoffmanMagdalen');
INSERT INTO Students VALUES (620067861,'UNDERGRAD','01-01-2020');
INSERT INTO Enrolled (u_id,courseCode) VALUES (620067861,'CHEM3327'),(620067861,'PHYS3339'),(620067861,'COMP3173'),(620067861,'ECON3447');
INSERT INTO Users VALUES (620067862,'Harold','Winner','HaroldWinner@gmail.com','WinnerHarold');
INSERT INTO Students VALUES (620067862,'UNDERGRAD','01-01-2020');
INSERT INTO Enrolled (u_id,courseCode) VALUES (620067862,'INFO2797'),(620067862,'MATH2801'),(620067862,'COMP3685'),(620067862,'PHYS2117'),(620067862,'COMP1460');
INSERT INTO Users VALUES (620067863,'Ben','May','BenMay@gmail.com','MayBen');
INSERT INTO Students VALUES (620067863,'UNDERGRAD','01-01-2020');
INSERT INTO Enrolled (u_id,courseCode) VALUES (620067863,'ECON3228'),(620067863,'INFO2213'),(620067863,'ECON1783'),(620067863,'BIOC3341'),(620067863,'PHYS2117'),(620067863,'INFO2636');
INSERT INTO Users VALUES (620067864,'Mack','Moldrem','MackMoldrem@gmail.com','MoldremMack');
INSERT INTO Students VALUES (620067864,'UNDERGRAD','01-01-2020');
INSERT INTO Enrolled (u_id,courseCode) VALUES (620067864,'CHEM2697'),(620067864,'ECON3288'),(620067864,'PHYS1399'),(620067864,'ECON3085'),(620067864,'ECON3276'),(620067864,'MATH2873');
INSERT INTO Users VALUES (620067865,'Shannon','Steinbach','ShannonSteinbach@gmail.com','SteinbachShannon');
INSERT INTO Students VALUES (620067865,'UNDERGRAD','01-01-2020');
INSERT INTO Enrolled (u_id,courseCode) VALUES (620067865,'INFO3935'),(620067865,'CHEM2604'),(620067865,'CHEM3054'),(620067865,'MATH1638');
INSERT INTO Users VALUES (620067866,'Clyde','Lopez','ClydeLopez@gmail.com','LopezClyde');
INSERT INTO Students VALUES (620067866,'UNDERGRAD','01-01-2020');
INSERT INTO Enrolled (u_id,courseCode) VALUES (620067866,'MATH1250'),(620067866,'COMP3697'),(620067866,'BIOC2589');
INSERT INTO Users VALUES (620067867,'Harold','Reyes','HaroldReyes@gmail.com','ReyesHarold');
INSERT INTO Students VALUES (620067867,'UNDERGRAD','01-01-2020');
INSERT INTO Enrolled (u_id,courseCode) VALUES (620067867,'MATH1972'),(620067867,'CHEM3054'),(620067867,'INFO3603'),(620067867,'CHEM1613');
INSERT INTO Users VALUES (620067868,'Lori','Bradford','LoriBradford@gmail.com','BradfordLori');
INSERT INTO Students VALUES (620067868,'UNDERGRAD','01-01-2020');
INSERT INTO Enrolled (u_id,courseCode) VALUES (620067868,'CHEM3327'),(620067868,'BIOC2983'),(620067868,'MATH1262');
INSERT INTO Users VALUES (620067869,'Miguel','Deen','MiguelDeen@gmail.com','DeenMiguel');
INSERT INTO Students VALUES (620067869,'UNDERGRAD','01-01-2020');
INSERT INTO Enrolled (u_id,courseCode) VALUES (620067869,'COMP1051'),(620067869,'ECON3550'),(620067869,'INFO1242'),(620067869,'PHYS3787'),(620067869,'BIOC3604'),(620067869,'BIOC2983');
INSERT INTO Users VALUES (620067870,'Frankie','Woomer','FrankieWoomer@gmail.com','WoomerFrankie');
INSERT INTO Students VALUES (620067870,'UNDERGRAD','01-01-2020');
INSERT INTO Enrolled (u_id,courseCode) VALUES (620067870,'ECON3288'),(620067870,'BIOC1598'),(620067870,'MATH1735'),(620067870,'MATH2550'),(620067870,'BIOC1104');
INSERT INTO Users VALUES (620067871,'Denise','Sullivan','DeniseSullivan@gmail.com','SullivanDenise');
INSERT INTO Students VALUES (620067871,'UNDERGRAD','01-01-2020');
INSERT INTO Enrolled (u_id,courseCode) VALUES (620067871,'CHEM1485'),(620067871,'MATH3029'),(620067871,'INFO2813');
INSERT INTO Users VALUES (620067872,'Katherine','Scully','KatherineScully@gmail.com','ScullyKatherine');
INSERT INTO Students VALUES (620067872,'UNDERGRAD','01-01-2020');
INSERT INTO Enrolled (u_id,courseCode) VALUES (620067872,'CHEM2697'),(620067872,'ECON1230'),(620067872,'INFO1825'),(620067872,'INFO3935');
INSERT INTO Users VALUES (620067873,'Evelyn','Hardman','EvelynHardman@gmail.com','HardmanEvelyn');
INSERT INTO Students VALUES (620067873,'UNDERGRAD','01-01-2020');
INSERT INTO Enrolled (u_id,courseCode) VALUES (620067873,'ECON1498'),(620067873,'CHEM3327'),(620067873,'PHYS3290');
INSERT INTO Users VALUES (620067874,'Shane','Rodriguez','ShaneRodriguez@gmail.com','RodriguezShane');
INSERT INTO Students VALUES (620067874,'UNDERGRAD','01-01-2020');
INSERT INTO Enrolled (u_id,courseCode) VALUES (620067874,'MATH1578'),(620067874,'BIOC1534'),(620067874,'CHEM1340');
INSERT INTO Users VALUES (620067875,'Blake','Robertson','BlakeRobertson@gmail.com','RobertsonBlake');
INSERT INTO Students VALUES (620067875,'UNDERGRAD','01-01-2020');
INSERT INTO Enrolled (u_id,courseCode) VALUES (620067875,'MATH3209'),(620067875,'ECON3281'),(620067875,'BIOC1866'),(620067875,'PHYS2229'),(620067875,'MATH1148'),(620067875,'MATH1648');
INSERT INTO Users VALUES (620067876,'Bethany','Imoto','BethanyImoto@gmail.com','ImotoBethany');
INSERT INTO Students VALUES (620067876,'UNDERGRAD','01-01-2020');
INSERT INTO Enrolled (u_id,courseCode) VALUES (620067876,'COMP2080'),(620067876,'INFO3935'),(620067876,'CHEM2604');
INSERT INTO Users VALUES (620067877,'Luella','Mcalister','LuellaMcalister@gmail.com','McalisterLuella');
INSERT INTO Students VALUES (620067877,'UNDERGRAD','01-01-2020');
INSERT INTO Enrolled (u_id,courseCode) VALUES (620067877,'INFO2811'),(620067877,'ECON3004'),(620067877,'COMP2717'),(620067877,'ECON1589'),(620067877,'COMP1357'),(620067877,'MATH1648');
INSERT INTO Users VALUES (620067878,'Tracy','Mcclenon','TracyMcclenon@gmail.com','McclenonTracy');
INSERT INTO Students VALUES (620067878,'UNDERGRAD','01-01-2020');
INSERT INTO Enrolled (u_id,courseCode) VALUES (620067878,'INFO2337'),(620067878,'COMP2400'),(620067878,'COMP3639'),(620067878,'INFO3935'),(620067878,'MATH3613');
INSERT INTO Users VALUES (620067879,'Allison','Daniels','AllisonDaniels@gmail.com','DanielsAllison');
INSERT INTO Students VALUES (620067879,'UNDERGRAD','01-01-2020');
INSERT INTO Enrolled (u_id,courseCode) VALUES (620067879,'BIOC1534'),(620067879,'CHEM2626'),(620067879,'COMP2717'),(620067879,'PHYS1979'),(620067879,'PHYS3876'),(620067879,'CHEM3347');
INSERT INTO Users VALUES (620067880,'Sandra','Mertens','SandraMertens@gmail.com','MertensSandra');
INSERT INTO Students VALUES (620067880,'UNDERGRAD','01-01-2020');
INSERT INTO Enrolled (u_id,courseCode) VALUES (620067880,'COMP2541'),(620067880,'COMP3047'),(620067880,'MATH3209'),(620067880,'BIOC2550'),(620067880,'BIOC1534');
INSERT INTO Users VALUES (620067881,'Randy','Blevins','RandyBlevins@gmail.com','BlevinsRandy');
INSERT INTO Students VALUES (620067881,'UNDERGRAD','01-01-2020');
INSERT INTO Enrolled (u_id,courseCode) VALUES (620067881,'INFO1833'),(620067881,'MATH2188'),(620067881,'CHEM2797'),(620067881,'COMP2361'),(620067881,'INFO3636');
INSERT INTO Users VALUES (620067882,'Cherise','Kent','CheriseKent@gmail.com','KentCherise');
INSERT INTO Students VALUES (620067882,'UNDERGRAD','01-01-2020');
INSERT INTO Enrolled (u_id,courseCode) VALUES (620067882,'ECON3281'),(620067882,'ECON1458'),(620067882,'PHYS3659'),(620067882,'CHEM2031'),(620067882,'BIOC1534');
INSERT INTO Users VALUES (620067883,'Lisa','Blackwell','LisaBlackwell@gmail.com','BlackwellLisa');
INSERT INTO Students VALUES (620067883,'UNDERGRAD','01-01-2020');
INSERT INTO Enrolled (u_id,courseCode) VALUES (620067883,'ECON2345'),(620067883,'COMP1460'),(620067883,'CHEM2626'),(620067883,'CHEM2065');
INSERT INTO Users VALUES (620067884,'Nicole','Duffie','NicoleDuffie@gmail.com','DuffieNicole');
INSERT INTO Students VALUES (620067884,'UNDERGRAD','01-01-2020');
INSERT INTO Enrolled (u_id,courseCode) VALUES (620067884,'MATH2188'),(620067884,'COMP3238'),(620067884,'MATH3688'),(620067884,'COMP2080'),(620067884,'ECON1996'),(620067884,'ECON1645');
INSERT INTO Users VALUES (620067885,'Kurt','Shani','KurtShani@gmail.com','ShaniKurt');
INSERT INTO Students VALUES (620067885,'UNDERGRAD','01-01-2020');
INSERT INTO Enrolled (u_id,courseCode) VALUES (620067885,'CHEM3747'),(620067885,'COMP3506'),(620067885,'CHEM2797');
INSERT INTO Users VALUES (620067886,'Elmer','Turner','ElmerTurner@gmail.com','TurnerElmer');
INSERT INTO Students VALUES (620067886,'UNDERGRAD','01-01-2020');
INSERT INTO Enrolled (u_id,courseCode) VALUES (620067886,'CHEM2626'),(620067886,'PHYS2667'),(620067886,'CHEM3614');
INSERT INTO Users VALUES (620067887,'Donald','Charland','DonaldCharland@gmail.com','CharlandDonald');
INSERT INTO Students VALUES (620067887,'UNDERGRAD','01-01-2020');
INSERT INTO Enrolled (u_id,courseCode) VALUES (620067887,'INFO3868'),(620067887,'BIOC1866'),(620067887,'COMP3685');
INSERT INTO Users VALUES (620067888,'Julius','Kent','JuliusKent@gmail.com','KentJulius');
INSERT INTO Students VALUES (620067888,'UNDERGRAD','01-01-2020');
INSERT INTO Enrolled (u_id,courseCode) VALUES (620067888,'ECON1996'),(620067888,'COMP3418'),(620067888,'PHYS2113'),(620067888,'INFO2950');
INSERT INTO Users VALUES (620067889,'Shane','Terry','ShaneTerry@gmail.com','TerryShane');
INSERT INTO Students VALUES (620067889,'UNDERGRAD','01-01-2020');
INSERT INTO Enrolled (u_id,courseCode) VALUES (620067889,'ECON3311'),(620067889,'MATH3544'),(620067889,'MATH2067');
INSERT INTO Users VALUES (620067890,'Dean','Winner','DeanWinner@gmail.com','WinnerDean');
INSERT INTO Students VALUES (620067890,'UNDERGRAD','01-01-2020');
INSERT INTO Enrolled (u_id,courseCode) VALUES (620067890,'ECON1098'),(620067890,'CHEM2149'),(620067890,'BIOC2236'),(620067890,'MATH2067'),(620067890,'BIOC1485');
INSERT INTO Users VALUES (620067891,'Reggie','Briggs','ReggieBriggs@gmail.com','BriggsReggie');
INSERT INTO Students VALUES (620067891,'UNDERGRAD','01-01-2020');
INSERT INTO Enrolled (u_id,courseCode) VALUES (620067891,'CHEM2005'),(620067891,'COMP2400'),(620067891,'INFO1145'),(620067891,'CHEM2066'),(620067891,'INFO3868');
INSERT INTO Users VALUES (620067892,'Alfred','Klein','AlfredKlein@gmail.com','KleinAlfred');
INSERT INTO Students VALUES (620067892,'UNDERGRAD','01-01-2020');
INSERT INTO Enrolled (u_id,courseCode) VALUES (620067892,'MATH1578'),(620067892,'MATH2717'),(620067892,'INFO1145'),(620067892,'INFO2716'),(620067892,'CHEM1613');
INSERT INTO Users VALUES (620067893,'Alice','Garcia','AliceGarcia@gmail.com','GarciaAlice');
INSERT INTO Students VALUES (620067893,'UNDERGRAD','01-01-2020');
INSERT INTO Enrolled (u_id,courseCode) VALUES (620067893,'INFO3868'),(620067893,'MATH3029'),(620067893,'MATH1735');
INSERT INTO Users VALUES (620067894,'Dennis','Christenberry','DennisChristenberry@gmail.com','ChristenberryDennis');
INSERT INTO Students VALUES (620067894,'UNDERGRAD','01-01-2020');
INSERT INTO Enrolled (u_id,courseCode) VALUES (620067894,'CHEM2149'),(620067894,'INFO1242'),(620067894,'ECON3085'),(620067894,'ECON3228'),(620067894,'COMP3697');
INSERT INTO Users VALUES (620067895,'Dorothy','Burney','DorothyBurney@gmail.com','BurneyDorothy');
INSERT INTO Students VALUES (620067895,'UNDERGRAD','01-01-2020');
INSERT INTO Enrolled (u_id,courseCode) VALUES (620067895,'ECON3020'),(620067895,'CHEM3327'),(620067895,'ECON1498'),(620067895,'BIOC3604');
INSERT INTO Users VALUES (620067896,'Keith','Larry','KeithLarry@gmail.com','LarryKeith');
INSERT INTO Students VALUES (620067896,'UNDERGRAD','01-01-2020');
INSERT INTO Enrolled (u_id,courseCode) VALUES (620067896,'MATH3029'),(620067896,'MATH1454'),(620067896,'INFO2147'),(620067896,'INFO3935');
INSERT INTO Users VALUES (620067897,'Kenneth','Rios','KennethRios@gmail.com','RiosKenneth');
INSERT INTO Students VALUES (620067897,'UNDERGRAD','01-01-2020');
INSERT INTO Enrolled (u_id,courseCode) VALUES (620067897,'MATH1735'),(620067897,'CHEM2626'),(620067897,'CHEM3409'),(620067897,'INFO3603'),(620067897,'CHEM2481');
INSERT INTO Users VALUES (620067898,'Tia','Gray','TiaGray@gmail.com','GrayTia');
INSERT INTO Students VALUES (620067898,'UNDERGRAD','01-01-2020');
INSERT INTO Enrolled (u_id,courseCode) VALUES (620067898,'CHEM3054'),(620067898,'MATH2555'),(620067898,'ECON1230'),(620067898,'BIOC2589');
INSERT INTO Users VALUES (620067899,'Dawn','Santos','DawnSantos@gmail.com','SantosDawn');
INSERT INTO Students VALUES (620067899,'UNDERGRAD','01-01-2020');
INSERT INTO Enrolled (u_id,courseCode) VALUES (620067899,'MATH2550'),(620067899,'CHEM3888'),(620067899,'ECON3020'),(620067899,'CHEM3409'),(620067899,'MATH3857'),(620067899,'ECON3288');
INSERT INTO Users VALUES (620067900,'Latoya','Citizen','LatoyaCitizen@gmail.com','CitizenLatoya');
INSERT INTO Students VALUES (620067900,'UNDERGRAD','01-01-2020');
INSERT INTO Enrolled (u_id,courseCode) VALUES (620067900,'MATH1648'),(620067900,'BIOC1725'),(620067900,'CHEM2797'),(620067900,'INFO1447'),(620067900,'MATH2067'),(620067900,'INFO2636');
INSERT INTO Users VALUES (620067901,'Brian','Calloway','BrianCalloway@gmail.com','CallowayBrian');
INSERT INTO Students VALUES (620067901,'UNDERGRAD','01-01-2020');
INSERT INTO Enrolled (u_id,courseCode) VALUES (620067901,'BIOC2983'),(620067901,'MATH1972'),(620067901,'BIOC1439');
INSERT INTO Users VALUES (620067902,'Christine','Jefferson','ChristineJefferson@gmail.com','JeffersonChristine');
INSERT INTO Students VALUES (620067902,'UNDERGRAD','01-01-2020');
INSERT INTO Enrolled (u_id,courseCode) VALUES (620067902,'MATH3173'),(620067902,'COMP3639'),(620067902,'PHYS3290');
INSERT INTO Users VALUES (620067903,'Derek','Vargas','DerekVargas@gmail.com','VargasDerek');
INSERT INTO Students VALUES (620067903,'UNDERGRAD','01-01-2020');
INSERT INTO Enrolled (u_id,courseCode) VALUES (620067903,'INFO2716'),(620067903,'PHYS2563'),(620067903,'MATH1638'),(620067903,'MATH3857'),(620067903,'COMP1867'),(620067903,'MATH2501');
INSERT INTO Users VALUES (620067904,'Antionette','Maione','AntionetteMaione@gmail.com','MaioneAntionette');
INSERT INTO Students VALUES (620067904,'UNDERGRAD','01-01-2020');
INSERT INTO Enrolled (u_id,courseCode) VALUES (620067904,'BIOC3230'),(620067904,'ECON3989'),(620067904,'MATH3613'),(620067904,'COMP2651');
INSERT INTO Users VALUES (620067905,'Helen','Culpepper','HelenCulpepper@gmail.com','CulpepperHelen');
INSERT INTO Students VALUES (620067905,'UNDERGRAD','01-01-2020');
INSERT INTO Enrolled (u_id,courseCode) VALUES (620067905,'BIOC1910'),(620067905,'INFO3419'),(620067905,'INFO2813'),(620067905,'BIOC2054'),(620067905,'CHEM2177');
INSERT INTO Users VALUES (620067906,'Laila','Shattuck','LailaShattuck@gmail.com','ShattuckLaila');
INSERT INTO Students VALUES (620067906,'UNDERGRAD','01-01-2020');
INSERT INTO Enrolled (u_id,courseCode) VALUES (620067906,'MATH3222'),(620067906,'PHYS3052'),(620067906,'PHYS2238'),(620067906,'CHEM2066'),(620067906,'MATH1735');
INSERT INTO Users VALUES (620067907,'Shalanda','Prince','ShalandaPrince@gmail.com','PrinceShalanda');
INSERT INTO Students VALUES (620067907,'UNDERGRAD','01-01-2020');
INSERT INTO Enrolled (u_id,courseCode) VALUES (620067907,'PHYS2448'),(620067907,'MATH3222'),(620067907,'CHEM1613'),(620067907,'INFO2147');
INSERT INTO Users VALUES (620067908,'Tim','Moore','TimMoore@gmail.com','MooreTim');
INSERT INTO Students VALUES (620067908,'UNDERGRAD','01-01-2020');
INSERT INTO Enrolled (u_id,courseCode) VALUES (620067908,'BIOC1794'),(620067908,'BIOC1439'),(620067908,'BIOC1744'),(620067908,'CHEM1340'),(620067908,'COMP1184');
INSERT INTO Users VALUES (620067909,'Alice','Sullivan','AliceSullivan@gmail.com','SullivanAlice');
INSERT INTO Students VALUES (620067909,'UNDERGRAD','01-01-2020');
INSERT INTO Enrolled (u_id,courseCode) VALUES (620067909,'INFO2213'),(620067909,'ECON1645'),(620067909,'CHEM2797'),(620067909,'PHYS2448'),(620067909,'BIOC1910');
INSERT INTO Users VALUES (620067910,'Shirley','Gillman','ShirleyGillman@gmail.com','GillmanShirley');
INSERT INTO Students VALUES (620067910,'UNDERGRAD','01-01-2020');
INSERT INTO Enrolled (u_id,courseCode) VALUES (620067910,'ECON3020'),(620067910,'INFO1145'),(620067910,'CHEM3793'),(620067910,'PHYS1993'),(620067910,'CHEM2727'),(620067910,'PHYS3339');
INSERT INTO Users VALUES (620067911,'Rene','Mattingly','ReneMattingly@gmail.com','MattinglyRene');
INSERT INTO Students VALUES (620067911,'UNDERGRAD','01-01-2020');
INSERT INTO Enrolled (u_id,courseCode) VALUES (620067911,'INFO2636'),(620067911,'MATH1148'),(620067911,'PHYS3659');
INSERT INTO Users VALUES (620067912,'Evelyn','Mcalister','EvelynMcalister@gmail.com','McalisterEvelyn');
INSERT INTO Students VALUES (620067912,'UNDERGRAD','01-01-2020');
INSERT INTO Enrolled (u_id,courseCode) VALUES (620067912,'ECON3311'),(620067912,'COMP1460'),(620067912,'INFO3636'),(620067912,'COMP1184'),(620067912,'ECON3288'),(620067912,'ECON2345');
INSERT INTO Users VALUES (620067913,'Donald','Mitchell','DonaldMitchell@gmail.com','MitchellDonald');
INSERT INTO Students VALUES (620067913,'UNDERGRAD','01-01-2020');
INSERT INTO Enrolled (u_id,courseCode) VALUES (620067913,'ECON2345'),(620067913,'MATH1454'),(620067913,'COMP2400');
INSERT INTO Users VALUES (620067914,'Bernie','Rios','BernieRios@gmail.com','RiosBernie');
INSERT INTO Students VALUES (620067914,'UNDERGRAD','01-01-2020');
INSERT INTO Enrolled (u_id,courseCode) VALUES (620067914,'PHYS3290'),(620067914,'ECON3737'),(620067914,'BIOC1448');
INSERT INTO Users VALUES (620067915,'Kathy','Baptiste','KathyBaptiste@gmail.com','BaptisteKathy');
INSERT INTO Students VALUES (620067915,'UNDERGRAD','01-01-2020');
INSERT INTO Enrolled (u_id,courseCode) VALUES (620067915,'COMP1184'),(620067915,'CHEM2797'),(620067915,'PHYS1173'),(620067915,'COMP2717');
INSERT INTO Users VALUES (620067916,'Shirley','Imoto','ShirleyImoto@gmail.com','ImotoShirley');
INSERT INTO Students VALUES (620067916,'UNDERGRAD','01-01-2020');
INSERT INTO Enrolled (u_id,courseCode) VALUES (620067916,'INFO2147'),(620067916,'CHEM2797'),(620067916,'PHYS2229'),(620067916,'CHEM2220'),(620067916,'ECON1783');
INSERT INTO Users VALUES (620067917,'Diane','Hawkins','DianeHawkins@gmail.com','HawkinsDiane');
INSERT INTO Students VALUES (620067917,'UNDERGRAD','01-01-2020');
INSERT INTO Enrolled (u_id,courseCode) VALUES (620067917,'CHEM2697'),(620067917,'MATH1972'),(620067917,'CHEM1340'),(620067917,'PHYS2667'),(620067917,'INFO1648'),(620067917,'ECON3550');
INSERT INTO Users VALUES (620067918,'Geoffrey','Caudill','GeoffreyCaudill@gmail.com','CaudillGeoffrey');
INSERT INTO Students VALUES (620067918,'UNDERGRAD','01-01-2020');
INSERT INTO Enrolled (u_id,courseCode) VALUES (620067918,'MATH1148'),(620067918,'COMP2965'),(620067918,'COMP2400');
INSERT INTO Users VALUES (620067919,'Gloria','Klein','GloriaKlein@gmail.com','KleinGloria');
INSERT INTO Students VALUES (620067919,'UNDERGRAD','01-01-2020');
INSERT INTO Enrolled (u_id,courseCode) VALUES (620067919,'PHYS3787'),(620067919,'PHYS2113'),(620067919,'PHYS3876'),(620067919,'CHEM3617'),(620067919,'COMP3685');
INSERT INTO Users VALUES (620067920,'Lori','Larry','LoriLarry@gmail.com','LarryLori');
INSERT INTO Students VALUES (620067920,'UNDERGRAD','01-01-2020');
INSERT INTO Enrolled (u_id,courseCode) VALUES (620067920,'INFO1014'),(620067920,'BIOC3230'),(620067920,'BIOC3721'),(620067920,'MATH3173');
INSERT INTO Users VALUES (620067921,'Christine','Griffin','ChristineGriffin@gmail.com','GriffinChristine');
INSERT INTO Students VALUES (620067921,'UNDERGRAD','01-01-2020');
INSERT INTO Enrolled (u_id,courseCode) VALUES (620067921,'MATH2188'),(620067921,'COMP3536'),(620067921,'ECON3989');
INSERT INTO Users VALUES (620067922,'Rosa','Figueroa','RosaFigueroa@gmail.com','FigueroaRosa');
INSERT INTO Students VALUES (620067922,'UNDERGRAD','01-01-2020');
INSERT INTO Enrolled (u_id,courseCode) VALUES (620067922,'MATH3857'),(620067922,'INFO3419'),(620067922,'CHEM2149');
INSERT INTO Users VALUES (620067923,'Marilyn','Gillman','MarilynGillman@gmail.com','GillmanMarilyn');
INSERT INTO Students VALUES (620067923,'UNDERGRAD','01-01-2020');
INSERT INTO Enrolled (u_id,courseCode) VALUES (620067923,'COMP3639'),(620067923,'COMP3084'),(620067923,'INFO2270'),(620067923,'MATH3844');
INSERT INTO Users VALUES (620067924,'Vivian','Mcalister','VivianMcalister@gmail.com','McalisterVivian');
INSERT INTO Students VALUES (620067924,'UNDERGRAD','01-01-2020');
INSERT INTO Enrolled (u_id,courseCode) VALUES (620067924,'MATH1250'),(620067924,'MATH2501'),(620067924,'PHYS3354');
INSERT INTO Users VALUES (620067925,'Holly','Moldrem','HollyMoldrem@gmail.com','MoldremHolly');
INSERT INTO Students VALUES (620067925,'UNDERGRAD','01-01-2020');
INSERT INTO Enrolled (u_id,courseCode) VALUES (620067925,'COMP2400'),(620067925,'MATH3613'),(620067925,'INFO2147'),(620067925,'INFO2559');
INSERT INTO Users VALUES (620067926,'Nancy','Scales','NancyScales@gmail.com','ScalesNancy');
INSERT INTO Students VALUES (620067926,'UNDERGRAD','01-01-2020');
INSERT INTO Enrolled (u_id,courseCode) VALUES (620067926,'BIOC2589'),(620067926,'CHEM2005'),(620067926,'BIOC2236'),(620067926,'MATH2957'),(620067926,'MATH3222'),(620067926,'COMP1867');
INSERT INTO Users VALUES (620067927,'Leo','Walley','LeoWalley@gmail.com','WalleyLeo');
INSERT INTO Students VALUES (620067927,'UNDERGRAD','01-01-2020');
INSERT INTO Enrolled (u_id,courseCode) VALUES (620067927,'CHEM3347'),(620067927,'INFO2559'),(620067927,'MATH2067');
INSERT INTO Users VALUES (620067928,'Maria','Gilmore','MariaGilmore@gmail.com','GilmoreMaria');
INSERT INTO Students VALUES (620067928,'UNDERGRAD','01-01-2020');
INSERT INTO Enrolled (u_id,courseCode) VALUES (620067928,'PHYS3464'),(620067928,'BIOC2671'),(620067928,'INFO3636'),(620067928,'BIOC2236');
INSERT INTO Users VALUES (620067929,'Allison','Alexander','AllisonAlexander@gmail.com','AlexanderAllison');
INSERT INTO Students VALUES (620067929,'UNDERGRAD','01-01-2020');
INSERT INTO Enrolled (u_id,courseCode) VALUES (620067929,'BIOC1485'),(620067929,'COMP2400'),(620067929,'ECON3311'),(620067929,'MATH2717'),(620067929,'MATH2873');
INSERT INTO Users VALUES (620067930,'Colin','Wengerd','ColinWengerd@gmail.com','WengerdColin');
INSERT INTO Students VALUES (620067930,'UNDERGRAD','01-01-2020');
INSERT INTO Enrolled (u_id,courseCode) VALUES (620067930,'COMP2361'),(620067930,'ECON3989'),(620067930,'INFO2213'),(620067930,'BIOC1052'),(620067930,'BIOC3721');
INSERT INTO Users VALUES (620067931,'Miss','Fields','MissFields@gmail.com','FieldsMiss');
INSERT INTO Students VALUES (620067931,'UNDERGRAD','01-01-2020');
INSERT INTO Enrolled (u_id,courseCode) VALUES (620067931,'INFO2811'),(620067931,'MATH1454'),(620067931,'PHYS3290'),(620067931,'MATH3844'),(620067931,'CHEM3614');
INSERT INTO Users VALUES (620067932,'Latoya','Lockwood','LatoyaLockwood@gmail.com','LockwoodLatoya');
INSERT INTO Students VALUES (620067932,'UNDERGRAD','01-01-2020');
INSERT INTO Enrolled (u_id,courseCode) VALUES (620067932,'PHYS1930'),(620067932,'BIOC3604'),(620067932,'COMP3238'),(620067932,'ECON2345'),(620067932,'CHEM2065');
INSERT INTO Users VALUES (620067933,'Leo','Nichols','LeoNichols@gmail.com','NicholsLeo');
INSERT INTO Students VALUES (620067933,'UNDERGRAD','01-01-2020');
INSERT INTO Enrolled (u_id,courseCode) VALUES (620067933,'MATH3209'),(620067933,'CHEM2604'),(620067933,'CHEM2066'),(620067933,'PHYS2563'),(620067933,'COMP3697');
INSERT INTO Users VALUES (620067934,'Julius','Pulley','JuliusPulley@gmail.com','PulleyJulius');
INSERT INTO Students VALUES (620067934,'UNDERGRAD','01-01-2020');
INSERT INTO Enrolled (u_id,courseCode) VALUES (620067934,'INFO3419'),(620067934,'MATH1148'),(620067934,'COMP3506'),(620067934,'BIOC1164');
INSERT INTO Users VALUES (620067935,'Demetrice','Spohn','DemetriceSpohn@gmail.com','SpohnDemetrice');
INSERT INTO Students VALUES (620067935,'UNDERGRAD','01-01-2020');
INSERT INTO Enrolled (u_id,courseCode) VALUES (620067935,'BIOC1534'),(620067935,'BIOC3230'),(620067935,'MATH2873');
INSERT INTO Users VALUES (620067936,'Patsy','Blackwell','PatsyBlackwell@gmail.com','BlackwellPatsy');
INSERT INTO Students VALUES (620067936,'UNDERGRAD','01-01-2020');
INSERT INTO Enrolled (u_id,courseCode) VALUES (620067936,'COMP2077'),(620067936,'COMP2965'),(620067936,'PHYS1979');
INSERT INTO Users VALUES (620067937,'Shannon','Terry','ShannonTerry@gmail.com','TerryShannon');
INSERT INTO Students VALUES (620067937,'UNDERGRAD','01-01-2020');
INSERT INTO Enrolled (u_id,courseCode) VALUES (620067937,'INFO1825'),(620067937,'PHYS2113'),(620067937,'INFO1833'),(620067937,'MATH2550'),(620067937,'CHEM1613');
INSERT INTO Users VALUES (620067938,'Grace','Lyford','GraceLyford@gmail.com','LyfordGrace');
INSERT INTO Students VALUES (620067938,'UNDERGRAD','01-01-2020');
INSERT INTO Enrolled (u_id,courseCode) VALUES (620067938,'ECON1230'),(620067938,'BIOC2236'),(620067938,'PHYS2451'),(620067938,'PHYS2238'),(620067938,'COMP2077'),(620067938,'CHEM1485');
INSERT INTO Users VALUES (620067939,'Melodie','Brown','MelodieBrown@gmail.com','BrownMelodie');
INSERT INTO Students VALUES (620067939,'UNDERGRAD','01-01-2020');
INSERT INTO Enrolled (u_id,courseCode) VALUES (620067939,'ECON2703'),(620067939,'COMP3536'),(620067939,'COMP1051');
INSERT INTO Users VALUES (620067940,'Jessie','Noonan','JessieNoonan@gmail.com','NoonanJessie');
INSERT INTO Students VALUES (620067940,'UNDERGRAD','01-01-2020');
INSERT INTO Enrolled (u_id,courseCode) VALUES (620067940,'INFO2213'),(620067940,'COMP2400'),(620067940,'COMP2717'),(620067940,'BIOC1744'),(620067940,'BIOC3341');
INSERT INTO Users VALUES (620067941,'Brenda','Calloway','BrendaCalloway@gmail.com','CallowayBrenda');
INSERT INTO Students VALUES (620067941,'UNDERGRAD','01-01-2020');
INSERT INTO Enrolled (u_id,courseCode) VALUES (620067941,'PHYS3339'),(620067941,'COMP3639'),(620067941,'CHEM3347');
INSERT INTO Users VALUES (620067942,'Ernesto','May','ErnestoMay@gmail.com','MayErnesto');
INSERT INTO Students VALUES (620067942,'UNDERGRAD','01-01-2020');
INSERT INTO Enrolled (u_id,courseCode) VALUES (620067942,'CHEM2797'),(620067942,'MATH1972'),(620067942,'BIOC1052'),(620067942,'PHYS2238'),(620067942,'ECON3550'),(620067942,'ECON1458');
INSERT INTO Users VALUES (620067943,'Tim','Atkins','TimAtkins@gmail.com','AtkinsTim');
INSERT INTO Students VALUES (620067943,'UNDERGRAD','01-01-2020');
INSERT INTO Enrolled (u_id,courseCode) VALUES (620067943,'MATH3179'),(620067943,'BIOC1104'),(620067943,'BIOC1448');
INSERT INTO Users VALUES (620067944,'Joe','Wolfe','JoeWolfe@gmail.com','WolfeJoe');
INSERT INTO Students VALUES (620067944,'UNDERGRAD','01-01-2020');
INSERT INTO Enrolled (u_id,courseCode) VALUES (620067944,'BIOC1725'),(620067944,'COMP2541'),(620067944,'CHEM2177');
INSERT INTO Users VALUES (620067945,'Danielle','Johnson','DanielleJohnson@gmail.com','JohnsonDanielle');
INSERT INTO Students VALUES (620067945,'UNDERGRAD','01-01-2020');
INSERT INTO Enrolled (u_id,courseCode) VALUES (620067945,'CHEM2220'),(620067945,'INFO2270'),(620067945,'MATH1648');
INSERT INTO Users VALUES (620067946,'Geraldine','Cochran','GeraldineCochran@gmail.com','CochranGeraldine');
INSERT INTO Students VALUES (620067946,'UNDERGRAD','01-01-2020');
INSERT INTO Enrolled (u_id,courseCode) VALUES (620067946,'BIOC2671'),(620067946,'CHEM2446'),(620067946,'INFO3603'),(620067946,'ECON2722'),(620067946,'MATH2801'),(620067946,'ECON3281');
INSERT INTO Users VALUES (620067947,'Carrie','Rios','CarrieRios@gmail.com','RiosCarrie');
INSERT INTO Students VALUES (620067947,'UNDERGRAD','01-01-2020');
INSERT INTO Enrolled (u_id,courseCode) VALUES (620067947,'COMP2080'),(620067947,'INFO3636'),(620067947,'MATH1735'),(620067947,'PHYS3787'),(620067947,'COMP1867'),(620067947,'PHYS1140');
INSERT INTO Users VALUES (620067948,'Susan','Nunn','SusanNunn@gmail.com','NunnSusan');
INSERT INTO Students VALUES (620067948,'UNDERGRAD','01-01-2020');
INSERT INTO Enrolled (u_id,courseCode) VALUES (620067948,'CHEM3614'),(620067948,'ECON1098'),(620067948,'COMP3536'),(620067948,'INFO2950'),(620067948,'MATH1250');
INSERT INTO Users VALUES (620067949,'Evelyn','Uribe','EvelynUribe@gmail.com','UribeEvelyn');
INSERT INTO Students VALUES (620067949,'UNDERGRAD','01-01-2020');
INSERT INTO Enrolled (u_id,courseCode) VALUES (620067949,'COMP2965'),(620067949,'PHYS2113'),(620067949,'INFO3419');
INSERT INTO Users VALUES (620067950,'Glenda','Vineyard','GlendaVineyard@gmail.com','VineyardGlenda');
INSERT INTO Students VALUES (620067950,'UNDERGRAD','01-01-2020');
INSERT INTO Enrolled (u_id,courseCode) VALUES (620067950,'INFO3636'),(620067950,'CHEM3409'),(620067950,'COMP1184'),(620067950,'BIOC2981'),(620067950,'INFO2636');
INSERT INTO Users VALUES (620067951,'Diane','Wesley','DianeWesley@gmail.com','WesleyDiane');
INSERT INTO Students VALUES (620067951,'UNDERGRAD','01-01-2020');
INSERT INTO Enrolled (u_id,courseCode) VALUES (620067951,'ECON1458'),(620067951,'COMP3084'),(620067951,'ECON2387');
INSERT INTO Users VALUES (620067952,'Edwin','Banks','EdwinBanks@gmail.com','BanksEdwin');
INSERT INTO Students VALUES (620067952,'UNDERGRAD','01-01-2020');
INSERT INTO Enrolled (u_id,courseCode) VALUES (620067952,'MATH1972'),(620067952,'ECON1498'),(620067952,'COMP1573'),(620067952,'MATH1648'),(620067952,'MATH3688');
INSERT INTO Users VALUES (620067953,'Christopher','Dumas','ChristopherDumas@gmail.com','DumasChristopher');
INSERT INTO Students VALUES (620067953,'UNDERGRAD','01-01-2020');
INSERT INTO Enrolled (u_id,courseCode) VALUES (620067953,'ECON3311'),(620067953,'INFO3603'),(620067953,'MATH2555'),(620067953,'PHYS3290'),(620067953,'MATH3209'),(620067953,'BIOC1794');
INSERT INTO Users VALUES (620067954,'Aaron','Crites','AaronCrites@gmail.com','CritesAaron');
INSERT INTO Students VALUES (620067954,'UNDERGRAD','01-01-2020');
INSERT INTO Enrolled (u_id,courseCode) VALUES (620067954,'CHEM3347'),(620067954,'ECON3523'),(620067954,'PHYS2113'),(620067954,'BIOC2054'),(620067954,'COMP2717'),(620067954,'CHEM2005');
INSERT INTO Users VALUES (620067955,'Alfred','Jones','AlfredJones@gmail.com','JonesAlfred');
INSERT INTO Students VALUES (620067955,'UNDERGRAD','01-01-2020');
INSERT INTO Enrolled (u_id,courseCode) VALUES (620067955,'ECON3004'),(620067955,'ECON3737'),(620067955,'CHEM1613');
INSERT INTO Users VALUES (620067956,'Rhoda','Alvarez','RhodaAlvarez@gmail.com','AlvarezRhoda');
INSERT INTO Students VALUES (620067956,'UNDERGRAD','01-01-2020');
INSERT INTO Enrolled (u_id,courseCode) VALUES (620067956,'PHYS2451'),(620067956,'MATH2957'),(620067956,'MATH1309'),(620067956,'ECON3737'),(620067956,'MATH3029'),(620067956,'CHEM2797');
INSERT INTO Users VALUES (620067957,'Sarah','Turkus','SarahTurkus@gmail.com','TurkusSarah');
INSERT INTO Students VALUES (620067957,'UNDERGRAD','01-01-2020');
INSERT INTO Enrolled (u_id,courseCode) VALUES (620067957,'MATH2717'),(620067957,'BIOC1485'),(620067957,'ECON3550'),(620067957,'PHYS3290'),(620067957,'BIOC3721'),(620067957,'MATH2188');
INSERT INTO Users VALUES (620067958,'Daisy','Lavoy','DaisyLavoy@gmail.com','LavoyDaisy');
INSERT INTO Students VALUES (620067958,'UNDERGRAD','01-01-2020');
INSERT INTO Enrolled (u_id,courseCode) VALUES (620067958,'CHEM2005'),(620067958,'COMP1543'),(620067958,'PHYS2563'),(620067958,'CHEM2727'),(620067958,'MATH1648');
INSERT INTO Users VALUES (620067959,'Antwan','Mchenry','AntwanMchenry@gmail.com','MchenryAntwan');
INSERT INTO Students VALUES (620067959,'UNDERGRAD','01-01-2020');
INSERT INTO Enrolled (u_id,courseCode) VALUES (620067959,'COMP1573'),(620067959,'ECON3523'),(620067959,'MATH2873'),(620067959,'BIOC1104'),(620067959,'COMP3084'),(620067959,'COMP3173');
INSERT INTO Users VALUES (620067960,'Katherine','Walley','KatherineWalley@gmail.com','WalleyKatherine');
INSERT INTO Students VALUES (620067960,'UNDERGRAD','01-01-2020');
INSERT INTO Enrolled (u_id,courseCode) VALUES (620067960,'MATH3613'),(620067960,'BIOC2236'),(620067960,'COMP2651'),(620067960,'ECON1012');
INSERT INTO Users VALUES (620067961,'Carol','Granado','CarolGranado@gmail.com','GranadoCarol');
INSERT INTO Students VALUES (620067961,'UNDERGRAD','01-01-2020');
INSERT INTO Enrolled (u_id,courseCode) VALUES (620067961,'INFO2521'),(620067961,'MATH1648'),(620067961,'CHEM3747'),(620067961,'BIOC1439');
INSERT INTO Users VALUES (620067962,'Debbie','Pulley','DebbiePulley@gmail.com','PulleyDebbie');
INSERT INTO Students VALUES (620067962,'UNDERGRAD','01-01-2020');
INSERT INTO Enrolled (u_id,courseCode) VALUES (620067962,'ECON1996'),(620067962,'INFO1145'),(620067962,'ECON2722');
INSERT INTO Users VALUES (620067963,'Nina','Miraglia','NinaMiraglia@gmail.com','MiragliaNina');
INSERT INTO Students VALUES (620067963,'UNDERGRAD','01-01-2020');
INSERT INTO Enrolled (u_id,courseCode) VALUES (620067963,'BIOC2236'),(620067963,'CHEM2481'),(620067963,'INFO3419'),(620067963,'PHYS1140');
INSERT INTO Users VALUES (620067964,'Shirley','Henderson','ShirleyHenderson@gmail.com','HendersonShirley');
INSERT INTO Students VALUES (620067964,'UNDERGRAD','01-01-2020');
INSERT INTO Enrolled (u_id,courseCode) VALUES (620067964,'COMP3506'),(620067964,'ECON3020'),(620067964,'CHEM3054'),(620067964,'PHYS3339'),(620067964,'CHEM1494');
INSERT INTO Users VALUES (620067965,'Flora','Mance','FloraMance@gmail.com','ManceFlora');
INSERT INTO Students VALUES (620067965,'UNDERGRAD','01-01-2020');
INSERT INTO Enrolled (u_id,courseCode) VALUES (620067965,'PHYS2448'),(620067965,'MATH3222'),(620067965,'MATH3844'),(620067965,'ECON1561'),(620067965,'CHEM1485');
INSERT INTO Users VALUES (620067966,'Janet','Burch','JanetBurch@gmail.com','BurchJanet');
INSERT INTO Students VALUES (620067966,'UNDERGRAD','01-01-2020');
INSERT INTO Enrolled (u_id,courseCode) VALUES (620067966,'INFO2813'),(620067966,'BIOC2236'),(620067966,'COMP3173'),(620067966,'ECON3737'),(620067966,'ECON3063');
INSERT INTO Users VALUES (620067967,'Daisy','Pelletier','DaisyPelletier@gmail.com','PelletierDaisy');
INSERT INTO Students VALUES (620067967,'UNDERGRAD','01-01-2020');
INSERT INTO Enrolled (u_id,courseCode) VALUES (620067967,'CHEM3617'),(620067967,'ECON2722'),(620067967,'ECON3085');
INSERT INTO Users VALUES (620067968,'Marjorie','Williams','MarjorieWilliams@gmail.com','WilliamsMarjorie');
INSERT INTO Students VALUES (620067968,'UNDERGRAD','01-01-2020');
INSERT INTO Enrolled (u_id,courseCode) VALUES (620067968,'MATH3179'),(620067968,'CHEM1340'),(620067968,'MATH3544'),(620067968,'CHEM2005'),(620067968,'MATH1454'),(620067968,'PHYS3464');
INSERT INTO Users VALUES (620067969,'Lauren','Collins','LaurenCollins@gmail.com','CollinsLauren');
INSERT INTO Students VALUES (620067969,'UNDERGRAD','01-01-2020');
INSERT INTO Enrolled (u_id,courseCode) VALUES (620067969,'COMP3238'),(620067969,'PHYS2667'),(620067969,'ECON1498'),(620067969,'COMP2965'),(620067969,'PHYS2448'),(620067969,'MATH2873');
INSERT INTO Users VALUES (620067970,'Luella','Grinstead','LuellaGrinstead@gmail.com','GrinsteadLuella');
INSERT INTO Students VALUES (620067970,'UNDERGRAD','01-01-2020');
INSERT INTO Enrolled (u_id,courseCode) VALUES (620067970,'MATH3222'),(620067970,'INFO3935'),(620067970,'BIOC3341');
INSERT INTO Users VALUES (620067971,'Martin','Harness','MartinHarness@gmail.com','HarnessMartin');
INSERT INTO Students VALUES (620067971,'UNDERGRAD','01-01-2020');
INSERT INTO Enrolled (u_id,courseCode) VALUES (620067971,'ECON3288'),(620067971,'COMP3167'),(620067971,'PHYS3787'),(620067971,'CHEM2149'),(620067971,'COMP2361'),(620067971,'PHYS3464');
INSERT INTO Users VALUES (620067972,'Patsy','Dunn','PatsyDunn@gmail.com','DunnPatsy');
INSERT INTO Students VALUES (620067972,'UNDERGRAD','01-01-2020');
INSERT INTO Enrolled (u_id,courseCode) VALUES (620067972,'PHYS1173'),(620067972,'MATH1262'),(620067972,'COMP2651'),(620067972,'CHEM2220'),(620067972,'PHYS3876'),(620067972,'PHYS3787');
INSERT INTO Users VALUES (620067973,'Magdalen','Stovall','MagdalenStovall@gmail.com','StovallMagdalen');
INSERT INTO Students VALUES (620067973,'UNDERGRAD','01-01-2020');
INSERT INTO Enrolled (u_id,courseCode) VALUES (620067973,'BIOC1104'),(620067973,'MATH2717'),(620067973,'PHYS2117'),(620067973,'COMP3506');
INSERT INTO Users VALUES (620067974,'Francisca','Nunn','FranciscaNunn@gmail.com','NunnFrancisca');
INSERT INTO Students VALUES (620067974,'UNDERGRAD','01-01-2020');
INSERT INTO Enrolled (u_id,courseCode) VALUES (620067974,'ECON3020'),(620067974,'ECON3281'),(620067974,'PHYS2117'),(620067974,'INFO2521');
INSERT INTO Users VALUES (620067975,'Nicholas','Gilmore','NicholasGilmore@gmail.com','GilmoreNicholas');
INSERT INTO Students VALUES (620067975,'UNDERGRAD','01-01-2020');
INSERT INTO Enrolled (u_id,courseCode) VALUES (620067975,'MATH3613'),(620067975,'MATH3029'),(620067975,'MATH1454'),(620067975,'CHEM2604');
INSERT INTO Users VALUES (620067976,'Terri','Gilmore','TerriGilmore@gmail.com','GilmoreTerri');
INSERT INTO Students VALUES (620067976,'UNDERGRAD','01-01-2020');
INSERT INTO Enrolled (u_id,courseCode) VALUES (620067976,'BIOC3341'),(620067976,'BIOC1104'),(620067976,'MATH1309');
INSERT INTO Users VALUES (620067977,'Willard','Moore','WillardMoore@gmail.com','MooreWillard');
INSERT INTO Students VALUES (620067977,'UNDERGRAD','01-01-2020');
INSERT INTO Enrolled (u_id,courseCode) VALUES (620067977,'ECON3523'),(620067977,'BIOC3457'),(620067977,'ECON3288'),(620067977,'MATH1454'),(620067977,'ECON2722');
INSERT INTO Users VALUES (620067978,'Adelle','Steinbach','AdelleSteinbach@gmail.com','SteinbachAdelle');
INSERT INTO Students VALUES (620067978,'UNDERGRAD','01-01-2020');
INSERT INTO Enrolled (u_id,courseCode) VALUES (620067978,'COMP1460'),(620067978,'ECON1170'),(620067978,'COMP2077'),(620067978,'BIOC2054');
INSERT INTO Users VALUES (620067979,'Kasey','Mitchell','KaseyMitchell@gmail.com','MitchellKasey');
INSERT INTO Students VALUES (620067979,'UNDERGRAD','01-01-2020');
INSERT INTO Enrolled (u_id,courseCode) VALUES (620067979,'ECON1645'),(620067979,'CHEM2031'),(620067979,'BIOC1725'),(620067979,'ECON3288');
INSERT INTO Users VALUES (620067980,'Deanna','Christinsen','DeannaChristinsen@gmail.com','ChristinsenDeanna');
INSERT INTO Students VALUES (620067980,'UNDERGRAD','01-01-2020');
INSERT INTO Enrolled (u_id,courseCode) VALUES (620067980,'ECON3276'),(620067980,'PHYS3354'),(620067980,'INFO1648'),(620067980,'BIOC2589'),(620067980,'COMP2361');
INSERT INTO Users VALUES (620067981,'Dennis','Rios','DennisRios@gmail.com','RiosDennis');
INSERT INTO Students VALUES (620067981,'UNDERGRAD','01-01-2020');
INSERT INTO Enrolled (u_id,courseCode) VALUES (620067981,'INFO2270'),(620067981,'BIOC3604'),(620067981,'INFO3603'),(620067981,'PHYS2338');
INSERT INTO Users VALUES (620067982,'Neal','Chan','NealChan@gmail.com','ChanNeal');
INSERT INTO Students VALUES (620067982,'UNDERGRAD','01-01-2020');
INSERT INTO Enrolled (u_id,courseCode) VALUES (620067982,'MATH2550'),(620067982,'PHYS3876'),(620067982,'PHYS3729'),(620067982,'ECON1996');
INSERT INTO Users VALUES (620067983,'Demetrice','Wesley','DemetriceWesley@gmail.com','WesleyDemetrice');
INSERT INTO Students VALUES (620067983,'UNDERGRAD','01-01-2020');
INSERT INTO Enrolled (u_id,courseCode) VALUES (620067983,'BIOC3604'),(620067983,'MATH1735'),(620067983,'PHYS1399'),(620067983,'ECON1996'),(620067983,'INFO1648');
INSERT INTO Users VALUES (620067984,'Ernesto','Garnes','ErnestoGarnes@gmail.com','GarnesErnesto');
INSERT INTO Students VALUES (620067984,'UNDERGRAD','01-01-2020');
INSERT INTO Enrolled (u_id,courseCode) VALUES (620067984,'ECON3288'),(620067984,'BIOC3230'),(620067984,'BIOC1104');
INSERT INTO Users VALUES (620067985,'Brenda','Knox','BrendaKnox@gmail.com','KnoxBrenda');
INSERT INTO Students VALUES (620067985,'UNDERGRAD','01-01-2020');
INSERT INTO Enrolled (u_id,courseCode) VALUES (620067985,'PHYS2117'),(620067985,'ECON3020'),(620067985,'COMP3084'),(620067985,'COMP2717'),(620067985,'PHYS3339');
INSERT INTO Users VALUES (620067986,'Jason','Congdon','JasonCongdon@gmail.com','CongdonJason');
INSERT INTO Students VALUES (620067986,'UNDERGRAD','01-01-2020');
INSERT INTO Enrolled (u_id,courseCode) VALUES (620067986,'ECON3550'),(620067986,'CHEM2481'),(620067986,'BIOC1104');
INSERT INTO Users VALUES (620067987,'Daisy','Mcalister','DaisyMcalister@gmail.com','McalisterDaisy');
INSERT INTO Students VALUES (620067987,'UNDERGRAD','01-01-2020');
INSERT INTO Enrolled (u_id,courseCode) VALUES (620067987,'ECON3281'),(620067987,'ECON1996'),(620067987,'BIOC3457'),(620067987,'COMP3173'),(620067987,'BIOC1104');
INSERT INTO Users VALUES (620067988,'Earl','Nelson','EarlNelson@gmail.com','NelsonEarl');
INSERT INTO Students VALUES (620067988,'UNDERGRAD','01-01-2020');
INSERT INTO Enrolled (u_id,courseCode) VALUES (620067988,'CHEM3054'),(620067988,'COMP1051'),(620067988,'PHYS2113'),(620067988,'INFO1242');
INSERT INTO Users VALUES (620067989,'Randall','Truong','RandallTruong@gmail.com','TruongRandall');
INSERT INTO Students VALUES (620067989,'UNDERGRAD','01-01-2020');
INSERT INTO Enrolled (u_id,courseCode) VALUES (620067989,'CHEM1485'),(620067989,'INFO2559'),(620067989,'ECON3372');
INSERT INTO Users VALUES (620067990,'Chad','Amberg','ChadAmberg@gmail.com','AmbergChad');
INSERT INTO Students VALUES (620067990,'UNDERGRAD','01-01-2020');
INSERT INTO Enrolled (u_id,courseCode) VALUES (620067990,'BIOC1534'),(620067990,'BIOC2550'),(620067990,'BIOC1725');
INSERT INTO Users VALUES (620067991,'Chad','Gray','ChadGray@gmail.com','GrayChad');
INSERT INTO Students VALUES (620067991,'UNDERGRAD','01-01-2020');
INSERT INTO Enrolled (u_id,courseCode) VALUES (620067991,'BIOC1794'),(620067991,'PHYS3052'),(620067991,'MATH1972'),(620067991,'PHYS2306'),(620067991,'PHYS3659'),(620067991,'INFO2559');
INSERT INTO Users VALUES (620067992,'Angie','Mccarthy','AngieMccarthy@gmail.com','MccarthyAngie');
INSERT INTO Students VALUES (620067992,'UNDERGRAD','01-01-2020');
INSERT INTO Enrolled (u_id,courseCode) VALUES (620067992,'COMP1867'),(620067992,'BIOC1439'),(620067992,'COMP1543'),(620067992,'ECON1561'),(620067992,'PHYS2448'),(620067992,'COMP3746');
INSERT INTO Users VALUES (620067993,'Christine','Wengerd','ChristineWengerd@gmail.com','WengerdChristine');
INSERT INTO Students VALUES (620067993,'UNDERGRAD','01-01-2020');
INSERT INTO Enrolled (u_id,courseCode) VALUES (620067993,'INFO2270'),(620067993,'MATH2873'),(620067993,'INFO2636'),(620067993,'COMP1184'),(620067993,'BIOC1598');
INSERT INTO Users VALUES (620067994,'Cristina','Briggs','CristinaBriggs@gmail.com','BriggsCristina');
INSERT INTO Students VALUES (620067994,'UNDERGRAD','01-01-2020');
INSERT INTO Enrolled (u_id,courseCode) VALUES (620067994,'CHEM2626'),(620067994,'BIOC1725'),(620067994,'MATH2957'),(620067994,'ECON2814'),(620067994,'MATH2501');
INSERT INTO Users VALUES (620067995,'Gloria','Hamilton','GloriaHamilton@gmail.com','HamiltonGloria');
INSERT INTO Students VALUES (620067995,'UNDERGRAD','01-01-2020');
INSERT INTO Enrolled (u_id,courseCode) VALUES (620067995,'ECON3281'),(620067995,'BIOC3230'),(620067995,'CHEM1485');
INSERT INTO Users VALUES (620067996,'Holly','Thompson','HollyThompson@gmail.com','ThompsonHolly');
INSERT INTO Students VALUES (620067996,'UNDERGRAD','01-01-2020');
INSERT INTO Enrolled (u_id,courseCode) VALUES (620067996,'ECON3550'),(620067996,'CHEM1807'),(620067996,'PHYS3052');
INSERT INTO Users VALUES (620067997,'Chad','Gondek','ChadGondek@gmail.com','GondekChad');
INSERT INTO Students VALUES (620067997,'UNDERGRAD','01-01-2020');
INSERT INTO Enrolled (u_id,courseCode) VALUES (620067997,'COMP2400'),(620067997,'COMP2361'),(620067997,'ECON1561'),(620067997,'BIOC1485');
INSERT INTO Users VALUES (620067998,'Gordon','Dillis','GordonDillis@gmail.com','DillisGordon');
INSERT INTO Students VALUES (620067998,'UNDERGRAD','01-01-2020');
INSERT INTO Enrolled (u_id,courseCode) VALUES (620067998,'PHYS2667'),(620067998,'BIOC1104'),(620067998,'PHYS2238'),(620067998,'PHYS2448');
INSERT INTO Users VALUES (620067999,'Catherine','Laudat','CatherineLaudat@gmail.com','LaudatCatherine');
INSERT INTO Students VALUES (620067999,'UNDERGRAD','01-01-2020');
INSERT INTO Enrolled (u_id,courseCode) VALUES (620067999,'MATH2067'),(620067999,'COMP2651'),(620067999,'BIOC1744'),(620067999,'INFO1242');
